disruption_id,segment_id,district_id,state_code,highway_code,cause,linked_landslide_id,start_time,end_time,duration_hours,closure_type,severity,vehicles_stranded,cargo_tonnes_affected,essential_cargo_affected,cargo_type,alternate_route_available,alternate_segment_id,detour_extra_km,restoration_agency,restoration_cost_inr,estimated_economic_loss_inr,rainfall_72h_mm,susceptibility_class,fiscal_period
DSR-01815,SEG-0049,D-SK-01,SK,NH-310,maintenance,,2015-01-14T20:00:00,2015-01-16T06:36:00,34.6,full,moderate,72,439.0,True,relief_supplies,True,SEG-0048,30.1,NHIDCL,991752,1190699,37.7,high,2015-16
DSR-00005,SEG-0066,D-AR-09,AR,NH-315,landslide,LS-00007,2015-01-19T22:30:00,2015-01-20T16:30:00,18.0,full,moderate,48,140.6,False,food_grains,True,SEG-0067,49.1,NDRF,1015139,594435,76.5,very_high,2015-16
DSR-01983,SEG-0041,D-TR-03,TR,NH-8,maintenance,,2015-01-27T03:15:00,2015-01-28T13:27:00,34.2,full,moderate,65,432.0,True,lpg_cylinders,True,SEG-0042,20.5,State PWD,512852,644552,17.6,low,2015-16
DSR-01777,SEG-0039,D-TR-01,TR,NH-8,maintenance,,2015-01-28T10:00:00,2015-01-30T18:12:00,56.2,full,moderate,34,155.8,False,construction_material,True,SEG-0040,35.4,NHIDCL,585439,295403,18.7,moderate,2015-16
DSR-01680,SEG-0036,D-MZ-05,MZ,NH-306,maintenance,,2015-02-03T21:00:00,2015-02-06T14:36:00,65.6,full,moderate,55,164.1,False,food_grains,True,SEG-0035,83.5,State PWD,1705546,347004,50.0,high,2015-16
DSR-01785,SEG-0065,D-AR-05,AR,NH-315,maintenance,,2015-02-17T00:45:00,2015-02-20T06:21:00,77.6,full,major,67,414.5,True,lpg_cylinders,True,SEG-0061,115.2,NDRF,1557201,1617421,28.6,high,2015-16
DSR-01971,SEG-0011,D-AS-04,AS,NH-27,fallen_tree,,2015-02-22T02:00:00,2015-02-22T13:42:00,11.7,partial,moderate,3,25.8,False,lpg_cylinders,True,SEG-0010,132.3,NHIDCL,369368,105042,16.5,low,2015-16
DSR-00051,SEG-0070,D-AS-02,AS,NH-36,landslide,LS-00078,2015-02-24T18:45:00,2015-02-24T19:45:00,1.0,full,major,92,554.9,False,construction_material,True,SEG-0005,174.4,NHIDCL,51328,2214793,88.4,low,2015-16
DSR-00080,SEG-0055,D-SK-04,SK,NH-510,landslide,LS-00124,2015-02-27T07:00:00,2015-02-27T13:48:00,6.8,partial,moderate,0,0.0,False,vaccines,True,SEG-0054,30.9,NHIDCL,438053,0,533.2,very_high,2015-16
DSR-00046,SEG-0052,D-SK-01,SK,NH-510,landslide,LS-00072,2015-03-02T23:15:00,2015-03-03T02:15:00,3.0,partial,minor,98,294.9,True,relief_supplies,True,SEG-0049,46.3,BRO (Border Roads Organisation),48431,899588,197.9,very_high,2015-16
DSR-00141,SEG-0023,D-MN-05,MN,NH-2,landslide,LS-00238,2015-03-19T03:15:00,2015-03-19T05:27:00,2.2,partial,moderate,6,48.6,False,lpg_cylinders,True,SEG-0024,102.0,NHIDCL,237529,69667,164.7,moderate,2015-16
DSR-02120,SEG-0049,D-SK-01,SK,NH-310,bridge_damage,,2015-03-20T17:30:00,2015-03-27T12:12:00,162.7,full,major,65,576.5,True,construction_material,True,SEG-0050,37.7,State PWD,4700504,1363849,102.8,high,2015-16
DSR-00056,SEG-0014,D-ML-01,ML,NH-6,landslide,LS-00083,2015-03-21T22:45:00,2015-03-21T23:45:00,1.0,partial,minor,2,14.5,True,relief_supplies,True,SEG-0013,72.0,BRO (Border Roads Organisation),91463,25580,445.9,high,2015-16
DSR-00041,SEG-0069,D-AS-07,AS,NH-27-DH,landslide,LS-00065,2015-03-27T19:30:00,2015-03-28T14:24:00,18.9,full,catastrophic,36,142.9,True,fuel,True,SEG-0068,165.4,SDRF,500798,317651,427.8,high,2015-16
DSR-00065,SEG-0034,D-MZ-04,MZ,NH-306,landslide,LS-00094,2015-04-10T02:00:00,2015-04-10T03:18:00,1.3,partial,minor,35,211.4,False,agri_produce,True,SEG-0035,63.6,State PWD,49326,771115,214.7,high,2015-16
DSR-00084,SEG-0052,D-SK-01,SK,NH-510,landslide,LS-00135,2015-04-12T01:30:00,2015-04-12T08:36:00,7.1,partial,moderate,67,227.6,False,relief_supplies,True,SEG-0053,11.6,NHIDCL,220248,798181,11.4,very_high,2015-16
DSR-00150,SEG-0066,D-AR-09,AR,NH-315,landslide,LS-00258,2015-04-12T06:00:00,2015-04-12T09:36:00,3.6,partial,moderate,0,0.0,False,vaccines,True,SEG-0067,43.2,State PWD,75494,0,446.6,very_high,2015-16
DSR-01935,SEG-0059,D-AR-04,AR,NH-13,flood,,2015-04-17T00:45:00,2015-04-18T14:03:00,37.3,full,moderate,33,218.1,False,fuel,True,SEG-0060,154.1,NDRF,792736,916332,214.3,very_high,2015-16
DSR-00081,SEG-0034,D-MZ-04,MZ,NH-306,landslide,LS-00125,2015-04-22T09:45:00,2015-04-22T12:21:00,2.6,partial,minor,68,324.3,True,relief_supplies,True,SEG-0033,177.0,NDRF,336299,1421706,220.3,high,2015-16
DSR-02052,SEG-0062,D-AS-09,AS,NH-13-W,bridge_damage,,2015-04-24T00:30:00,2015-05-10T19:12:00,402.7,full,major,25,137.9,False,vaccines,True,SEG-0063,47.7,BRO (Border Roads Organisation),4384271,433035,97.5,high,2015-16
DSR-00155,SEG-0059,D-AR-04,AR,NH-13,landslide,LS-00265,2015-05-01T22:45:00,2015-05-02T01:57:00,3.2,partial,minor,68,261.3,True,relief_supplies,True,SEG-0060,77.6,NDRF,418555,626926,282.5,very_high,2015-16
DSR-00108,SEG-0013,D-ML-01,ML,NH-6,landslide,LS-00181,2015-05-03T07:00:00,2015-05-03T10:00:00,3.0,partial,moderate,0,0.0,False,construction_material,True,SEG-0012,62.8,NDRF,169748,0,745.3,very_high,2015-16
DSR-00040,SEG-0038,D-TR-04,TR,NH-8,landslide,LS-00064,2015-05-04T05:30:00,2015-05-04T06:30:00,1.0,partial,minor,51,129.0,True,agri_produce,True,SEG-0039,61.5,State PWD,61566,315263,590.9,very_low,2015-16
DSR-02080,SEG-0004,D-AS-01,AS,NH-27,bridge_damage,,2015-05-05T03:45:00,2015-05-30T19:15:00,615.5,full,major,90,539.1,True,lpg_cylinders,True,SEG-0017,144.2,SDRF,6271270,995182,259.8,low,2015-16
DSR-00139,SEG-0031,D-MN-02,MN,NH-2-S,landslide,LS-00233,2015-05-05T21:15:00,2015-05-06T04:57:00,7.7,partial,moderate,8,28.3,False,food_grains,True,SEG-0032,107.3,State PWD,121530,72245,150.3,moderate,2015-16
DSR-01750,SEG-0055,D-SK-04,SK,NH-510,flood,,2015-05-06T02:15:00,2015-05-16T02:09:00,239.9,full,major,43,181.0,True,relief_supplies,True,SEG-0054,28.7,NDRF,8447741,455623,455.7,very_high,2015-16
DSR-00020,SEG-0030,D-MN-04,MN,NH-37,landslide,LS-00034,2015-05-07T20:30:00,2015-05-08T07:24:00,10.9,partial,moderate,52,165.4,False,lpg_cylinders,True,SEG-0029,60.8,SDRF,1387935,933863,450.8,moderate,2015-16
DSR-00116,SEG-0036,D-MZ-05,MZ,NH-306,landslide,LS-00197,2015-05-10T12:45:00,2015-05-10T15:33:00,2.8,partial,minor,0,0.0,True,medicines,True,SEG-0035,83.6,SDRF,123238,0,302.3,high,2015-16
DSR-00110,SEG-0061,D-AR-06,AR,NH-13,landslide,LS-00184,2015-05-10T17:15:00,2015-05-10T18:15:00,1.0,partial,minor,39,186.2,False,vaccines,True,SEG-0060,78.4,NDRF,130722,825947,181.8,high,2015-16
DSR-00159,SEG-0068,D-AS-08,AS,NH-27-DH,landslide,LS-00270,2015-05-11T18:30:00,2015-05-11T21:42:00,3.2,partial,minor,42,276.3,True,relief_supplies,True,SEG-0069,80.3,NHIDCL,80353,1018117,128.1,high,2015-16
DSR-00109,SEG-0014,D-ML-01,ML,NH-6,landslide,LS-00183,2015-05-12T17:30:00,2015-05-17T23:24:00,125.9,full,major,125,421.5,False,medicines,True,SEG-0013,57.3,BRO (Border Roads Organisation),12831754,997561,294.3,high,2015-16
DSR-00146,SEG-0015,D-ML-02,ML,NH-6,landslide,LS-00248,2015-05-12T18:00:00,2015-05-13T01:42:00,7.7,partial,moderate,8,24.7,False,medicines,True,SEG-0045,27.9,NDRF,490199,86119,676.4,high,2015-16
DSR-01638,SEG-0024,D-MN-05,MN,NH-2,fallen_tree,,2015-05-15T00:00:00,2015-05-15T13:54:00,13.9,full,moderate,50,228.7,True,food_grains,True,SEG-0023,61.5,State PWD,297086,386126,166.3,high,2015-16
DSR-01963,SEG-0042,D-TR-02,TR,NH-8,protest_blockade,,2015-05-16T14:15:00,2015-05-16T17:39:00,3.4,partial,minor,28,168.9,False,agri_produce,True,SEG-0043,24.4,SDRF,31437,477992,32.9,moderate,2015-16
DSR-02138,SEG-0065,D-AR-05,AR,NH-315,road_subsidence,,2015-05-16T14:30:00,2015-06-01T07:30:00,377.0,full,major,56,453.8,False,fuel,True,SEG-0061,129.6,SDRF,8134406,1257864,223.4,high,2015-16
DSR-00013,SEG-0018,D-AS-10,AS,NH-27-SPUR,landslide,LS-00022,2015-05-18T21:15:00,2015-05-19T12:27:00,15.2,full,major,142,1228.9,True,vaccines,True,SEG-0017,204.4,BRO (Border Roads Organisation),589728,2955799,472.2,moderate,2015-16
DSR-01637,SEG-0066,D-AR-09,AR,NH-315,fallen_tree,,2015-05-20T20:00:00,2015-05-22T14:00:00,42.0,full,moderate,60,272.1,False,construction_material,True,SEG-0067,60.3,BRO (Border Roads Organisation),1464215,960891,167.1,very_high,2015-16
DSR-00106,SEG-0060,D-AR-06,AR,NH-13,landslide,LS-00175,2015-05-23T05:00:00,2015-05-23T09:12:00,4.2,partial,minor,21,75.1,True,fuel,True,SEG-0059,94.5,NHIDCL,338533,132500,36.3,very_high,2015-16
DSR-00083,SEG-0013,D-ML-01,ML,NH-6,landslide,LS-00134,2015-05-23T18:00:00,2015-05-23T19:00:00,1.0,partial,minor,50,243.9,True,vaccines,True,SEG-0012,62.9,State PWD,79993,605669,129.0,very_high,2015-16
DSR-01774,SEG-0009,D-AS-03,AS,NH-27,road_subsidence,,2015-05-23T21:30:00,2015-05-28T16:18:00,114.8,full,major,40,289.5,False,fuel,True,SEG-0008,51.4,BRO (Border Roads Organisation),1695801,656032,258.5,low,2015-16
DSR-01886,SEG-0050,D-SK-02,SK,NH-310,accident_blockage,,2015-05-26T06:00:00,2015-05-26T16:42:00,10.7,partial,moderate,75,445.9,True,lpg_cylinders,True,SEG-0049,50.5,NHIDCL,288782,1619571,143.1,very_high,2015-16
DSR-00088,SEG-0013,D-ML-01,ML,NH-6,landslide,LS-00143,2015-06-01T05:15:00,2015-06-02T07:51:00,26.6,full,moderate,58,497.4,True,medicines,True,SEG-0012,72.4,State PWD,910142,929952,912.4,very_high,2015-16
DSR-01986,SEG-0037,D-MZ-01,MZ,NH-302,flood,,2015-06-04T05:15:00,2015-06-25T16:33:00,515.3,full,major,67,450.9,True,agri_produce,True,SEG-0035,72.5,State PWD,11929076,1094921,512.6,high,2015-16
DSR-00036,SEG-0048,D-SK-01,SK,NH-10,landslide,LS-00059,2015-06-04T19:30:00,2015-06-05T02:06:00,6.6,partial,moderate,58,516.8,False,relief_supplies,True,SEG-0047,15.3,SDRF,209804,2321502,172.4,high,2015-16
DSR-02096,SEG-0039,D-TR-01,TR,NH-8,fallen_tree,,2015-06-05T18:15:00,2015-06-06T19:27:00,25.2,full,moderate,109,473.1,False,fuel,True,SEG-0038,116.6,State PWD,745737,2118144,14.9,moderate,2015-16
DSR-00037,SEG-0020,D-ML-04,ML,NH-27-SPUR,landslide,LS-00060,2015-06-05T21:30:00,2015-06-06T00:00:00,2.5,partial,minor,16,78.2,False,food_grains,True,SEG-0019,52.0,NDRF,94258,362474,100.2,moderate,2015-16
DSR-01834,SEG-0047,D-SK-01,SK,NH-10,flood,,2015-06-06T04:30:00,2015-06-14T12:06:00,199.6,full,major,69,269.8,True,fuel,True,SEG-0046,104.8,State PWD,6451467,741864,595.4,high,2015-16
DSR-02113,SEG-0013,D-ML-01,ML,NH-6,road_subsidence,,2015-06-10T08:00:00,2015-06-24T15:00:00,343.0,full,major,66,384.7,False,lpg_cylinders,True,SEG-0012,57.1,State PWD,10533117,776769,116.0,very_high,2015-16
DSR-02268,SEG-0028,D-MN-01,MN,NH-37,bridge_damage,,2015-06-10T21:30:00,2015-07-29T23:48:00,1178.3,full,catastrophic,46,335.7,False,food_grains,True,SEG-0032,71.7,SDRF,40555167,1185150,200.3,high,2015-16
DSR-00015,SEG-0054,D-SK-03,SK,NH-510,landslide,LS-00025,2015-06-11T08:30:00,2015-06-11T11:24:00,2.9,partial,minor,2,11.7,True,vaccines,True,SEG-0053,17.3,State PWD,158561,29746,237.1,high,2015-16
DSR-00143,SEG-0052,D-SK-01,SK,NH-510,landslide,LS-00241,2015-06-11T19:00:00,2015-06-12T07:24:00,12.4,full,moderate,45,370.4,False,fuel,True,SEG-0048,27.3,NHIDCL,596961,1259475,358.0,very_high,2015-16
DSR-02010,SEG-0035,D-MZ-01,MZ,NH-306,bridge_damage,,2015-06-11T19:30:00,2015-07-16T19:36:00,840.1,full,catastrophic,98,758.4,False,agri_produce,True,SEG-0034,129.0,NHIDCL,25789564,3254499,295.7,high,2015-16
DSR-00010,SEG-0031,D-MN-02,MN,NH-2-S,landslide,LS-00019,2015-06-15T18:30:00,2015-06-23T17:00:00,190.5,full,major,61,207.7,False,medicines,True,SEG-0032,93.0,NHIDCL,4195138,581188,410.3,moderate,2015-16
DSR-02224,SEG-0003,D-AS-10,AS,NH-27,protest_blockade,,2015-06-16T04:45:00,2015-06-16T07:39:00,2.9,partial,minor,0,0.0,False,lpg_cylinders,True,SEG-0004,112.5,NHIDCL,99761,0,82.2,low,2015-16
DSR-02287,SEG-0045,D-AS-12,AS,NH-8,bridge_damage,,2015-06-17T09:00:00,2015-07-10T15:00:00,558.0,full,major,111,482.1,True,medicines,True,SEG-0015,156.8,BRO (Border Roads Organisation),18712176,1163283,395.6,low,2015-16
DSR-02171,SEG-0026,D-NL-04,NL,NH-29,fallen_tree,,2015-06-18T01:30:00,2015-06-18T17:48:00,16.3,full,moderate,142,785.2,False,food_grains,True,SEG-0027,39.5,SDRF,488576,2014273,50.4,high,2015-16
DSR-02235,SEG-0028,D-MN-01,MN,NH-37,flood,,2015-06-18T04:15:00,2015-06-23T10:57:00,126.7,full,major,46,315.2,False,construction_material,True,SEG-0031,97.0,State PWD,5307767,423692,204.0,high,2015-16
DSR-02021,SEG-0060,D-AR-06,AR,NH-13,fallen_tree,,2015-06-18T15:00:00,2015-06-18T21:54:00,6.9,partial,moderate,41,281.5,True,agri_produce,True,SEG-0061,86.2,State PWD,282463,683801,10.1,very_high,2015-16
DSR-00039,SEG-0031,D-MN-02,MN,NH-2-S,landslide,LS-00062,2015-06-18T18:30:00,2015-06-18T20:36:00,2.1,partial,minor,68,487.6,False,agri_produce,True,SEG-0028,101.5,SDRF,77622,1737701,293.9,moderate,2015-16
DSR-00111,SEG-0061,D-AR-06,AR,NH-13,landslide,LS-00188,2015-06-19T18:45:00,2015-06-25T18:33:00,143.8,full,catastrophic,73,564.5,False,food_grains,True,SEG-0065,110.8,State PWD,13022767,1456923,205.4,high,2015-16
DSR-00120,SEG-0024,D-MN-05,MN,NH-2,landslide,LS-00204,2015-06-21T06:00:00,2015-06-26T14:24:00,128.4,full,major,64,427.2,True,medicines,True,SEG-0031,100.3,State PWD,4715955,774028,246.7,high,2015-16
DSR-01959,SEG-0071,D-AS-08,AS,NH-36,accident_blockage,,2015-06-22T02:00:00,2015-06-22T10:42:00,8.7,partial,moderate,69,250.0,False,lpg_cylinders,True,SEG-0021,95.3,NDRF,365284,886778,107.8,moderate,2015-16
DSR-00028,SEG-0042,D-TR-02,TR,NH-8,landslide,LS-00044,2015-06-24T11:00:00,2015-06-24T12:00:00,1.0,partial,minor,0,0.0,True,lpg_cylinders,True,SEG-0043,43.7,State PWD,69213,0,121.9,moderate,2015-16
DSR-00050,SEG-0050,D-SK-02,SK,NH-310,landslide,LS-00077,2015-06-24T13:30:00,2015-06-24T16:30:00,3.0,partial,minor,8,42.1,False,vaccines,True,SEG-0049,44.9,NHIDCL,77793,84897,461.8,very_high,2015-16
DSR-02198,SEG-0026,D-NL-04,NL,NH-29,road_subsidence,,2015-06-26T11:45:00,2015-07-06T05:33:00,233.8,full,major,25,91.5,False,lpg_cylinders,True,SEG-0025,97.0,NHIDCL,10303888,327540,336.0,high,2015-16
DSR-02148,SEG-0062,D-AS-09,AS,NH-13-W,fallen_tree,,2015-06-26T19:15:00,2015-06-27T22:09:00,26.9,full,moderate,0,0.0,True,agri_produce,True,SEG-0006,48.7,State PWD,876858,0,137.8,high,2015-16
DSR-01898,SEG-0020,D-ML-04,ML,NH-27-SPUR,fallen_tree,,2015-06-26T21:15:00,2015-06-27T20:09:00,22.9,full,moderate,130,697.6,True,medicines,True,SEG-0019,78.5,SDRF,1034551,764667,51.3,moderate,2015-16
DSR-02286,SEG-0002,D-AS-10,AS,NH-27,accident_blockage,,2015-06-27T07:45:00,2015-06-27T10:09:00,2.4,partial,minor,60,530.3,True,lpg_cylinders,True,SEG-0003,108.5,NHIDCL,32690,2114177,8.0,low,2015-16
DSR-00025,SEG-0060,D-AR-06,AR,NH-13,landslide,LS-00040,2015-06-28T13:15:00,2015-06-29T12:15:00,23.0,full,moderate,190,1083.5,False,food_grains,True,SEG-0059,119.8,NHIDCL,1278082,4412417,30.4,very_high,2015-16
DSR-00125,SEG-0062,D-AS-09,AS,NH-13-W,landslide,LS-00211,2015-07-01T04:30:00,2015-07-01T05:30:00,1.0,partial,minor,0,0.0,False,construction_material,True,SEG-0006,80.5,NHIDCL,28804,0,543.0,high,2015-16
DSR-01717,SEG-0021,D-NL-02,NL,NH-2,flood,,2015-07-01T07:45:00,2015-07-03T20:33:00,60.8,full,moderate,62,193.9,False,fuel,True,SEG-0071,52.3,NHIDCL,976348,490308,437.1,high,2015-16
DSR-00156,SEG-0014,D-ML-01,ML,NH-6,landslide,LS-00266,2015-07-01T10:30:00,2015-07-02T19:42:00,33.2,full,moderate,73,288.3,False,fuel,True,SEG-0015,138.7,SDRF,2308786,581634,836.0,high,2015-16
DSR-02236,SEG-0043,D-TR-02,TR,NH-8,flood,,2015-07-02T00:30:00,2015-07-12T02:24:00,241.9,full,major,71,550.8,True,lpg_cylinders,True,SEG-0044,127.0,SDRF,9011555,1299408,240.6,moderate,2015-16
DSR-00027,SEG-0050,D-SK-02,SK,NH-310,landslide,LS-00043,2015-07-02T22:15:00,2015-07-03T09:51:00,11.6,partial,moderate,65,269.4,False,relief_supplies,True,SEG-0051,21.9,NDRF,1626817,295715,397.9,very_high,2015-16
DSR-00103,SEG-0023,D-MN-05,MN,NH-2,landslide,LS-00171,2015-07-05T11:30:00,2015-07-08T12:36:00,73.1,full,major,88,724.2,True,relief_supplies,True,SEG-0022,28.3,BRO (Border Roads Organisation),3329420,3151712,422.5,moderate,2015-16
DSR-01642,SEG-0001,D-WB-01,WB,NH-27,flood,,2015-07-06T13:30:00,2015-07-08T16:12:00,50.7,full,moderate,38,182.9,True,agri_produce,True,SEG-0046,64.0,SDRF,1010112,418862,308.5,low,2015-16
DSR-02277,SEG-0039,D-TR-01,TR,NH-8,protest_blockade,,2015-07-08T08:15:00,2015-07-09T07:39:00,23.4,full,moderate,20,147.2,False,agri_produce,True,SEG-0038,106.7,State PWD,357545,409573,136.0,moderate,2015-16
DSR-02069,SEG-0070,D-AS-02,AS,NH-36,flood,,2015-07-08T16:00:00,2015-07-17T05:42:00,205.7,full,major,87,573.7,False,construction_material,True,SEG-0071,55.1,SDRF,6446930,1376571,692.6,low,2015-16
DSR-00003,SEG-0037,D-MZ-01,MZ,NH-302,landslide,LS-00004,2015-07-08T21:15:00,2015-07-09T10:15:00,13.0,full,moderate,72,405.3,True,medicines,True,SEG-0034,108.2,NHIDCL,578557,955120,477.3,high,2015-16
DSR-01838,SEG-0027,D-NL-03,NL,NH-29,fallen_tree,,2015-07-10T01:30:00,2015-07-10T09:42:00,8.2,partial,moderate,20,167.5,False,relief_supplies,True,SEG-0026,58.7,NDRF,266853,690780,160.5,high,2015-16
DSR-00008,SEG-0029,D-MN-04,MN,NH-37,landslide,LS-00016,2015-07-11T06:15:00,2015-07-11T12:03:00,5.8,partial,moderate,14,53.7,True,construction_material,True,SEG-0030,39.7,NDRF,119362,162400,381.3,moderate,2015-16
DSR-00026,SEG-0059,D-AR-04,AR,NH-13,landslide,LS-00041,2015-07-12T00:30:00,2015-07-12T16:00:00,15.5,full,moderate,23,134.6,True,construction_material,True,SEG-0058,94.9,BRO (Border Roads Organisation),828500,417651,541.1,very_high,2015-16
DSR-00023,SEG-0068,D-AS-08,AS,NH-27-DH,landslide,LS-00037,2015-07-12T02:45:00,2015-07-27T11:51:00,369.1,full,major,126,1018.9,False,agri_produce,True,SEG-0069,111.1,BRO (Border Roads Organisation),10361688,4312799,160.3,high,2015-16
DSR-01646,SEG-0029,D-MN-04,MN,NH-37,accident_blockage,,2015-07-12T12:15:00,2015-07-12T16:03:00,3.8,partial,minor,0,0.0,True,construction_material,True,SEG-0030,63.6,State PWD,98681,0,104.0,moderate,2015-16
DSR-00078,SEG-0013,D-ML-01,ML,NH-6,landslide,LS-00120,2015-07-13T02:45:00,2015-07-13T03:45:00,1.0,partial,minor,26,139.2,False,medicines,True,SEG-0012,61.5,State PWD,139807,209374,292.6,very_high,2015-16
DSR-01985,SEG-0030,D-MN-04,MN,NH-37,bridge_damage,,2015-07-13T11:15:00,2015-08-02T12:57:00,481.7,full,major,29,225.2,True,relief_supplies,True,SEG-0033,127.3,NHIDCL,6497012,624304,221.3,moderate,2015-16
DSR-00160,SEG-0069,D-AS-07,AS,NH-27-DH,landslide,LS-00271,2015-07-13T11:30:00,2015-07-19T17:42:00,150.2,full,major,100,318.0,False,agri_produce,True,SEG-0030,63.3,State PWD,2324776,785310,43.0,high,2015-16
DSR-00163,SEG-0064,D-AR-03,AR,NH-13-W,landslide,LS-00274,2015-07-14T07:00:00,2015-07-16T03:12:00,44.2,full,moderate,145,587.4,False,lpg_cylinders,True,SEG-0063,75.7,NHIDCL,2109304,1132755,495.9,very_high,2015-16
DSR-01955,SEG-0059,D-AR-04,AR,NH-13,protest_blockade,,2015-07-15T14:00:00,2015-07-16T12:30:00,22.5,full,moderate,124,505.5,True,lpg_cylinders,True,SEG-0060,100.9,NHIDCL,773059,911869,178.5,very_high,2015-16
DSR-00130,SEG-0026,D-NL-04,NL,NH-29,landslide,LS-00218,2015-07-16T11:00:00,2015-07-16T12:00:00,1.0,partial,minor,5,35.0,False,construction_material,True,SEG-0027,37.5,SDRF,76609,41042,516.7,high,2015-16
DSR-00052,SEG-0013,D-ML-01,ML,NH-6,landslide,LS-00079,2015-07-17T08:15:00,2015-07-17T11:03:00,2.8,partial,minor,0,0.0,False,vaccines,True,SEG-0012,55.0,State PWD,117392,0,270.4,very_high,2015-16
DSR-00076,SEG-0058,D-AR-01,AR,NH-13,landslide,LS-00117,2015-07-18T02:15:00,2015-07-18T03:27:00,1.2,partial,minor,49,200.7,False,relief_supplies,True,SEG-0059,148.7,SDRF,28844,708289,165.6,high,2015-16
DSR-00067,SEG-0052,D-SK-01,SK,NH-510,landslide,LS-00099,2015-07-21T05:00:00,2015-07-24T08:42:00,75.7,full,major,91,719.4,False,fuel,True,SEG-0049,31.3,NDRF,2278963,3330977,593.0,very_high,2015-16
DSR-02093,SEG-0037,D-MZ-01,MZ,NH-302,flood,,2015-07-22T14:00:00,2015-08-01T13:54:00,239.9,full,major,60,514.1,False,vaccines,True,SEG-0034,111.1,NHIDCL,8093742,1654716,359.7,high,2015-16
DSR-02121,SEG-0054,D-SK-03,SK,NH-510,fallen_tree,,2015-07-23T19:45:00,2015-07-25T13:39:00,41.9,full,moderate,78,508.7,False,fuel,True,SEG-0053,10.9,NDRF,1006729,2232204,179.3,high,2015-16
DSR-01952,SEG-0022,D-NL-01,NL,NH-2,bridge_damage,,2015-07-24T01:15:00,2015-07-30T04:39:00,147.4,full,major,22,101.9,False,vaccines,True,SEG-0023,50.3,SDRF,5881956,409433,194.7,high,2015-16
DSR-00029,SEG-0050,D-SK-02,SK,NH-310,landslide,LS-00046,2015-07-25T05:45:00,2015-07-25T12:57:00,7.2,partial,moderate,0,0.0,False,medicines,True,SEG-0049,43.4,NHIDCL,944163,0,176.6,very_high,2015-16
DSR-00132,SEG-0058,D-AR-01,AR,NH-13,landslide,LS-00221,2015-08-01T07:00:00,2015-08-10T18:54:00,227.9,full,major,59,398.9,True,medicines,True,SEG-0059,122.5,NHIDCL,27242689,1404316,538.5,high,2015-16
DSR-02251,SEG-0068,D-AS-08,AS,NH-27-DH,protest_blockade,,2015-08-04T01:45:00,2015-08-05T21:21:00,43.6,full,moderate,62,218.8,False,food_grains,True,SEG-0069,62.8,NHIDCL,1265860,780895,123.4,high,2015-16
DSR-00123,SEG-0034,D-MZ-04,MZ,NH-306,landslide,LS-00209,2015-08-04T14:30:00,2015-08-05T16:18:00,25.8,full,moderate,86,308.7,False,medicines,True,SEG-0033,153.2,NDRF,1117663,1273028,434.2,high,2015-16
DSR-00019,SEG-0056,D-AS-09,AS,NH-15,landslide,LS-00032,2015-08-05T13:45:00,2015-08-05T15:03:00,1.3,partial,minor,23,198.7,False,medicines,True,SEG-0057,96.4,SDRF,126617,300640,552.7,low,2015-16
DSR-00105,SEG-0013,D-ML-01,ML,NH-6,landslide,LS-00174,2015-08-06T05:45:00,2015-08-06T11:57:00,6.2,partial,moderate,86,336.0,True,fuel,True,SEG-0012,65.0,NDRF,259097,1351568,904.3,very_high,2015-16
DSR-01828,SEG-0002,D-AS-10,AS,NH-27,accident_blockage,,2015-08-06T13:00:00,2015-08-07T02:48:00,13.8,full,moderate,22,162.2,True,construction_material,True,SEG-0003,66.9,State PWD,285684,320141,27.2,low,2015-16
DSR-01712,SEG-0020,D-ML-04,ML,NH-27-SPUR,bridge_damage,,2015-08-08T22:15:00,2015-09-03T03:51:00,605.6,full,major,74,602.9,True,food_grains,True,SEG-0019,49.0,BRO (Border Roads Organisation),10973043,1997133,138.9,moderate,2015-16
DSR-00096,SEG-0021,D-NL-02,NL,NH-2,landslide,LS-00160,2015-08-10T23:30:00,2015-08-11T01:30:00,2.0,partial,minor,34,262.2,False,medicines,True,SEG-0022,37.3,NDRF,106781,397263,473.6,high,2015-16
DSR-00114,SEG-0015,D-ML-02,ML,NH-6,landslide,LS-00193,2015-08-11T19:15:00,2015-08-13T23:39:00,52.4,full,moderate,15,98.3,True,construction_material,True,SEG-0014,77.6,BRO (Border Roads Organisation),4908574,279002,420.9,high,2015-16
DSR-00098,SEG-0015,D-ML-02,ML,NH-6,landslide,LS-00165,2015-08-11T22:00:00,2015-08-12T06:06:00,8.1,partial,moderate,38,273.9,True,relief_supplies,True,SEG-0014,56.9,NDRF,942546,433041,120.6,high,2015-16
DSR-02186,SEG-0040,D-TR-03,TR,NH-8,flood,,2015-08-11T22:45:00,2015-08-13T03:09:00,28.4,full,moderate,25,191.5,True,vaccines,True,SEG-0041,69.9,SDRF,618784,651917,486.2,moderate,2015-16
DSR-00127,SEG-0059,D-AR-04,AR,NH-13,landslide,LS-00213,2015-08-14T04:45:00,2015-08-23T15:27:00,226.7,full,major,85,509.9,True,medicines,True,SEG-0060,92.2,SDRF,19220092,1867175,65.5,very_high,2015-16
DSR-02147,SEG-0014,D-ML-01,ML,NH-6,fallen_tree,,2015-08-14T14:30:00,2015-08-15T02:42:00,12.2,full,moderate,89,594.0,True,food_grains,True,SEG-0015,177.5,NDRF,340034,840206,95.6,high,2015-16
DSR-01661,SEG-0008,D-AS-03,AS,NH-27,protest_blockade,,2015-08-14T19:30:00,2015-08-16T00:12:00,28.7,full,moderate,37,97.7,False,lpg_cylinders,True,SEG-0007,166.2,NDRF,610680,539070,136.5,low,2015-16
DSR-01657,SEG-0032,D-MN-01,MN,NH-2-S,fallen_tree,,2015-08-14T20:15:00,2015-08-15T04:45:00,8.5,partial,moderate,0,0.0,False,agri_produce,True,SEG-0031,97.7,NDRF,200878,0,120.9,high,2015-16
DSR-00030,SEG-0014,D-ML-01,ML,NH-6,landslide,LS-00047,2015-08-15T11:15:00,2015-08-15T21:03:00,9.8,partial,moderate,0,0.0,True,relief_supplies,True,SEG-0013,55.5,NHIDCL,283654,0,62.2,high,2015-16
DSR-01705,SEG-0055,D-SK-04,SK,NH-510,road_subsidence,,2015-08-21T15:30:00,2015-09-13T15:42:00,552.2,full,major,15,106.4,False,food_grains,True,SEG-0054,20.3,BRO (Border Roads Organisation),5448829,210145,325.5,very_high,2015-16
DSR-00158,SEG-0035,D-MZ-01,MZ,NH-306,landslide,LS-00269,2015-08-22T18:45:00,2015-08-25T21:09:00,74.4,full,major,59,435.5,True,agri_produce,True,SEG-0037,114.2,NDRF,4197583,1949347,430.9,high,2015-16
DSR-00145,SEG-0037,D-MZ-01,MZ,NH-302,landslide,LS-00247,2015-08-23T07:45:00,2015-08-23T08:45:00,1.0,partial,minor,8,61.6,True,agri_produce,True,SEG-0034,132.6,SDRF,11109,96000,598.6,high,2015-16
DSR-01832,SEG-0047,D-SK-01,SK,NH-10,road_subsidence,,2015-08-24T19:15:00,2015-09-02T18:21:00,215.1,full,major,32,251.2,True,lpg_cylinders,True,SEG-0046,98.8,NHIDCL,2820325,253445,382.3,high,2015-16
DSR-00112,SEG-0013,D-ML-01,ML,NH-6,landslide,LS-00189,2015-08-25T12:15:00,2015-08-25T14:03:00,1.8,partial,minor,39,106.9,False,relief_supplies,True,SEG-0012,72.6,BRO (Border Roads Organisation),99527,305877,585.6,very_high,2015-16
DSR-01882,SEG-0020,D-ML-04,ML,NH-27-SPUR,flood,,2015-08-25T16:30:00,2015-08-29T18:36:00,98.1,full,major,34,303.9,True,construction_material,True,SEG-0019,56.7,SDRF,3809304,306038,408.0,moderate,2015-16
DSR-02231,SEG-0047,D-SK-01,SK,NH-10,road_subsidence,,2015-08-25T21:30:00,2015-08-29T16:42:00,91.2,full,major,38,242.3,True,relief_supplies,True,SEG-0048,36.6,BRO (Border Roads Organisation),4545002,969276,342.8,high,2015-16
DSR-01979,SEG-0014,D-ML-01,ML,NH-6,accident_blockage,,2015-08-26T21:15:00,2015-08-28T02:03:00,28.8,full,moderate,109,440.8,True,vaccines,True,SEG-0013,72.6,NHIDCL,1304978,1506801,22.6,high,2015-16
DSR-00063,SEG-0013,D-ML-01,ML,NH-6,landslide,LS-00092,2015-08-27T05:00:00,2015-08-27T06:00:00,1.0,partial,minor,25,135.8,True,relief_supplies,True,SEG-0014,62.8,NDRF,32936,413724,61.9,very_high,2015-16
DSR-02114,SEG-0067,D-AR-07,AR,NH-315,fallen_tree,,2015-09-01T07:30:00,2015-09-03T02:00:00,42.5,full,moderate,78,615.2,True,lpg_cylinders,True,SEG-0066,80.0,SDRF,1033748,1237808,130.0,moderate,2015-16
DSR-00057,SEG-0014,D-ML-01,ML,NH-6,landslide,LS-00084,2015-09-05T13:30:00,2015-09-09T20:54:00,103.4,full,major,100,666.5,True,lpg_cylinders,True,SEG-0013,63.4,BRO (Border Roads Organisation),12662120,1661878,115.7,high,2015-16
DSR-02274,SEG-0016,D-AS-12,AS,NH-6,protest_blockade,,2015-09-06T04:45:00,2015-09-06T09:51:00,5.1,partial,minor,26,186.4,False,agri_produce,True,SEG-0015,146.4,State PWD,167825,832637,157.4,low,2015-16
DSR-00094,SEG-0064,D-AR-03,AR,NH-13-W,landslide,LS-00155,2015-09-06T12:15:00,2015-09-06T13:15:00,1.0,partial,minor,18,80.4,False,fuel,True,SEG-0063,75.7,State PWD,118028,334437,53.8,very_high,2015-16
DSR-00035,SEG-0041,D-TR-03,TR,NH-8,landslide,LS-00058,2015-09-10T04:45:00,2015-09-10T09:39:00,4.9,partial,minor,20,171.6,False,food_grains,True,SEG-0040,32.7,State PWD,626191,634773,335.9,low,2015-16
DSR-02144,SEG-0005,D-AS-01,AS,NH-27,protest_blockade,,2015-09-11T11:30:00,2015-09-12T07:36:00,20.1,full,moderate,0,0.0,False,vaccines,True,SEG-0017,196.7,NDRF,421896,0,168.1,low,2015-16
DSR-00060,SEG-0062,D-AS-09,AS,NH-13-W,landslide,LS-00088,2015-09-15T22:30:00,2015-09-16T04:00:00,5.5,partial,moderate,15,83.8,False,relief_supplies,True,SEG-0063,52.7,BRO (Border Roads Organisation),342378,301817,314.5,high,2015-16
DSR-00131,SEG-0014,D-ML-01,ML,NH-6,landslide,LS-00220,2015-09-16T07:30:00,2015-09-17T10:36:00,27.1,full,moderate,111,292.8,False,relief_supplies,True,SEG-0013,80.4,State PWD,3661314,1112019,372.7,high,2015-16
DSR-00049,SEG-0064,D-AR-03,AR,NH-13-W,landslide,LS-00076,2015-09-16T08:45:00,2015-09-16T12:03:00,3.3,partial,minor,0,0.0,False,food_grains,True,SEG-0063,82.2,SDRF,377326,0,249.9,very_high,2015-16
DSR-00075,SEG-0055,D-SK-04,SK,NH-510,landslide,LS-00115,2015-09-17T09:45:00,2015-09-17T18:15:00,8.5,partial,moderate,36,171.6,False,vaccines,True,SEG-0054,35.6,State PWD,496586,413467,35.8,very_high,2015-16
DSR-01655,SEG-0038,D-TR-04,TR,NH-8,accident_blockage,,2015-09-20T01:15:00,2015-09-20T11:03:00,9.8,partial,moderate,0,0.0,False,vaccines,True,SEG-0039,63.1,State PWD,350163,0,20.6,very_low,2015-16
DSR-02139,SEG-0069,D-AS-07,AS,NH-27-DH,fallen_tree,,2015-09-20T16:00:00,2015-09-22T11:30:00,43.5,full,moderate,0,0.0,False,food_grains,True,SEG-0033,121.4,SDRF,719642,0,154.5,high,2015-16
DSR-00001,SEG-0014,D-ML-01,ML,NH-6,landslide,LS-00001,2015-09-20T23:30:00,2015-09-21T09:54:00,10.4,partial,moderate,10,69.9,False,agri_produce,True,SEG-0015,88.5,State PWD,215017,160377,759.8,high,2015-16
DSR-00153,SEG-0032,D-MN-01,MN,NH-2-S,landslide,LS-00263,2015-09-21T17:15:00,2015-09-22T14:45:00,21.5,full,moderate,61,486.8,True,vaccines,True,SEG-0024,66.9,BRO (Border Roads Organisation),1170122,1943324,613.8,high,2015-16
DSR-00047,SEG-0055,D-SK-04,SK,NH-510,landslide,LS-00073,2015-09-23T02:30:00,2015-09-23T06:36:00,4.1,partial,minor,39,153.4,False,fuel,True,SEG-0054,34.2,SDRF,37276,255715,212.9,very_high,2015-16
DSR-01782,SEG-0065,D-AR-05,AR,NH-315,accident_blockage,,2015-09-24T05:00:00,2015-09-26T03:00:00,46.0,full,moderate,49,249.2,True,agri_produce,True,SEG-0061,97.6,NDRF,1118956,297871,142.0,high,2015-16
DSR-00151,SEG-0055,D-SK-04,SK,NH-510,landslide,LS-00259,2015-09-26T02:00:00,2015-09-27T00:24:00,22.4,full,moderate,117,886.9,False,lpg_cylinders,True,SEG-0054,19.1,SDRF,752391,1220439,228.8,very_high,2015-16
DSR-00164,SEG-0048,D-SK-01,SK,NH-10,landslide,LS-00276,2015-09-28T10:00:00,2015-09-28T16:06:00,6.1,partial,moderate,135,672.3,True,fuel,True,SEG-0052,88.2,NHIDCL,697178,1523043,356.0,high,2015-16
DSR-00066,SEG-0065,D-AR-05,AR,NH-315,landslide,LS-00096,2015-10-04T01:30:00,2015-10-04T06:12:00,4.7,partial,minor,113,917.5,False,agri_produce,True,SEG-0066,61.8,NHIDCL,60386,2884139,134.6,high,2015-16
DSR-00129,SEG-0024,D-MN-05,MN,NH-2,landslide,LS-00217,2015-10-05T14:00:00,2015-10-05T20:36:00,6.6,partial,moderate,12,66.4,True,fuel,True,SEG-0032,83.1,NHIDCL,394538,259887,598.6,high,2015-16
DSR-00124,SEG-0014,D-ML-01,ML,NH-6,landslide,LS-00210,2015-10-14T20:30:00,2015-10-14T22:30:00,2.0,partial,minor,0,0.0,False,construction_material,True,SEG-0013,58.2,NDRF,43519,0,693.6,high,2015-16
DSR-01635,SEG-0070,D-AS-02,AS,NH-36,flood,,2015-10-17T05:00:00,2015-10-24T21:48:00,184.8,full,major,93,286.7,True,relief_supplies,True,SEG-0005,170.2,NHIDCL,4594057,1311048,402.4,low,2015-16
DSR-01660,SEG-0017,D-AS-01,AS,NH-27-SPUR,bridge_damage,,2015-10-18T23:30:00,2015-11-15T15:00:00,663.5,full,major,116,627.2,False,food_grains,True,SEG-0005,204.9,NDRF,18190589,1657259,47.2,low,2015-16
DSR-02243,SEG-0047,D-SK-01,SK,NH-10,flood,,2015-10-21T18:30:00,2015-10-23T07:00:00,36.5,full,moderate,80,242.9,False,food_grains,True,SEG-0046,96.8,State PWD,711657,936981,472.0,high,2015-16
DSR-00148,SEG-0051,D-SK-02,SK,NH-310,landslide,LS-00252,2015-10-23T15:45:00,2015-10-24T17:21:00,25.6,full,moderate,61,337.0,False,food_grains,True,SEG-0050,29.6,SDRF,1802900,685753,552.3,very_high,2015-16
DSR-00090,SEG-0030,D-MN-04,MN,NH-37,landslide,LS-00146,2015-10-25T12:45:00,2015-10-29T05:33:00,88.8,full,major,151,897.7,True,lpg_cylinders,True,SEG-0029,58.9,BRO (Border Roads Organisation),5295303,4248872,232.8,moderate,2015-16
DSR-02255,SEG-0057,D-AR-01,AR,NH-15,maintenance,,2015-12-11T12:30:00,2015-12-13T16:00:00,51.5,full,moderate,73,396.4,False,vaccines,True,SEG-0056,228.9,BRO (Border Roads Organisation),1993694,872290,22.0,moderate,2015-16
DSR-01784,SEG-0016,D-AS-12,AS,NH-6,maintenance,,2015-12-17T15:00:00,2015-12-20T00:54:00,57.9,full,moderate,60,323.1,False,vaccines,True,SEG-0030,61.5,NDRF,1160924,823275,29.5,low,2015-16
DSR-00004,SEG-0027,D-NL-03,NL,NH-29,landslide,LS-00005,2016-01-05T04:45:00,2016-01-05T06:15:00,1.5,partial,minor,60,275.2,False,construction_material,True,SEG-0026,51.3,State PWD,37624,1297064,364.8,high,2015-16
DSR-01946,SEG-0058,D-AR-01,AR,NH-13,maintenance,,2016-01-09T00:00:00,2016-01-10T16:18:00,40.3,full,moderate,62,320.5,True,agri_produce,True,SEG-0057,134.6,NDRF,993647,584166,11.9,high,2015-16
DSR-01972,SEG-0010,D-AS-11,AS,NH-27,flood,,2016-01-19T01:30:00,2016-01-21T09:54:00,56.4,full,moderate,87,354.8,True,construction_material,True,SEG-0009,56.7,BRO (Border Roads Organisation),2619356,715805,427.9,low,2015-16
DSR-02087,SEG-0068,D-AS-08,AS,NH-27-DH,road_subsidence,,2016-02-05T00:15:00,2016-02-15T18:03:00,257.8,full,major,89,237.3,False,medicines,True,SEG-0069,87.0,NDRF,8460545,434652,100.8,high,2015-16
DSR-01883,SEG-0004,D-AS-01,AS,NH-27,maintenance,,2016-02-09T01:30:00,2016-02-09T14:18:00,12.8,full,moderate,54,300.5,False,vaccines,True,SEG-0017,139.8,BRO (Border Roads Organisation),523141,1052841,14.1,low,2015-16
DSR-00071,SEG-0031,D-MN-02,MN,NH-2-S,landslide,LS-00106,2016-02-12T18:15:00,2016-02-13T13:45:00,19.5,full,moderate,65,475.0,True,lpg_cylinders,True,SEG-0028,87.6,NHIDCL,915850,640141,542.4,moderate,2015-16
DSR-02020,SEG-0036,D-MZ-05,MZ,NH-306,maintenance,,2016-02-14T07:45:00,2016-02-16T22:33:00,62.8,full,moderate,0,0.0,False,food_grains,True,SEG-0035,90.9,SDRF,2342586,0,23.1,high,2015-16
DSR-02289,SEG-0004,D-AS-01,AS,NH-27,maintenance,,2016-02-23T03:00:00,2016-02-23T07:36:00,4.6,partial,minor,0,0.0,True,medicines,True,SEG-0003,110.8,NDRF,32454,0,10.1,low,2015-16
DSR-02047,SEG-0018,D-AS-10,AS,NH-27-SPUR,maintenance,,2016-02-24T09:30:00,2016-02-26T06:06:00,44.6,full,moderate,0,0.0,True,fuel,True,SEG-0017,253.9,State PWD,2036883,0,24.2,moderate,2015-16
DSR-01860,SEG-0062,D-AS-09,AS,NH-13-W,maintenance,,2016-03-14T05:15:00,2016-03-15T15:21:00,34.1,full,moderate,70,298.0,True,relief_supplies,True,SEG-0063,59.1,SDRF,1207377,693265,31.1,high,2015-16
DSR-02165,SEG-0017,D-AS-01,AS,NH-27-SPUR,maintenance,,2016-03-20T18:00:00,2016-03-21T11:18:00,17.3,full,moderate,19,55.5,False,food_grains,True,SEG-0004,82.3,NDRF,330512,265762,19.9,low,2015-16
DSR-02273,SEG-0052,D-SK-01,SK,NH-510,accident_blockage,,2016-03-21T02:30:00,2016-03-21T15:30:00,13.0,full,moderate,107,702.5,False,medicines,True,SEG-0049,28.4,NDRF,351204,1364364,73.5,very_high,2015-16
DSR-00137,SEG-0052,D-SK-01,SK,NH-510,landslide,LS-00227,2016-03-22T14:15:00,2016-03-22T15:15:00,1.0,partial,minor,4,16.1,False,vaccines,True,SEG-0053,11.0,SDRF,62612,20119,485.5,very_high,2015-16
DSR-00058,SEG-0041,D-TR-03,TR,NH-8,landslide,LS-00085,2016-03-23T00:15:00,2016-03-23T01:15:00,1.0,partial,minor,34,290.8,False,relief_supplies,True,SEG-0042,19.4,State PWD,90313,1066395,379.8,low,2015-16
DSR-02062,SEG-0055,D-SK-04,SK,NH-510,maintenance,,2016-03-25T06:30:00,2016-03-25T12:24:00,5.9,partial,minor,0,0.0,True,fuel,True,SEG-0054,41.3,BRO (Border Roads Organisation),54856,0,3.2,very_high,2015-16
DSR-00134,SEG-0037,D-MZ-01,MZ,NH-302,landslide,LS-00223,2016-04-01T03:00:00,2016-04-01T04:00:00,1.0,partial,minor,81,300.5,True,relief_supplies,True,SEG-0034,121.0,State PWD,12559,629698,451.1,high,2015-16
DSR-02104,SEG-0007,D-AS-09,AS,NH-27,flood,,2016-04-10T08:15:00,2016-04-16T19:03:00,154.8,full,major,74,322.2,True,medicines,True,SEG-0006,70.6,NHIDCL,6639462,824309,324.8,low,2015-16
DSR-01691,SEG-0032,D-MN-01,MN,NH-2-S,protest_blockade,,2016-04-12T16:00:00,2016-04-14T13:48:00,45.8,full,moderate,41,365.6,False,food_grains,True,SEG-0031,123.7,BRO (Border Roads Organisation),1884037,807430,179.1,high,2015-16
DSR-00100,SEG-0028,D-MN-01,MN,NH-37,landslide,LS-00167,2016-04-12T20:45:00,2016-04-13T05:15:00,8.5,partial,moderate,59,173.8,True,lpg_cylinders,True,SEG-0024,116.2,NHIDCL,197360,686535,350.9,high,2015-16
DSR-00101,SEG-0019,D-ML-03,ML,NH-27-SPUR,landslide,LS-00169,2016-04-20T05:30:00,2016-04-21T19:36:00,38.1,full,moderate,48,208.1,False,fuel,True,SEG-0018,189.9,BRO (Border Roads Organisation),1764826,498175,554.2,moderate,2015-16
DSR-02145,SEG-0050,D-SK-02,SK,NH-310,accident_blockage,,2016-04-20T09:30:00,2016-04-21T01:24:00,15.9,full,moderate,60,232.2,True,fuel,True,SEG-0051,34.0,State PWD,468034,737786,11.1,very_high,2015-16
DSR-00055,SEG-0068,D-AS-08,AS,NH-27-DH,landslide,LS-00082,2016-04-21T06:30:00,2016-04-21T08:42:00,2.2,partial,minor,5,35.4,True,fuel,True,SEG-0069,51.4,NDRF,23732,125117,434.9,high,2015-16
DSR-02137,SEG-0050,D-SK-02,SK,NH-310,flood,,2016-04-23T17:30:00,2016-04-24T21:36:00,28.1,full,moderate,39,205.1,False,relief_supplies,True,SEG-0049,50.4,BRO (Border Roads Organisation),217811,540824,359.1,very_high,2015-16
DSR-02290,SEG-0046,D-WB-01,WB,NH-10,accident_blockage,,2016-04-26T17:30:00,2016-04-26T21:06:00,3.6,partial,minor,93,678.7,True,construction_material,True,SEG-0001,298.1,SDRF,28922,1120516,175.1,very_high,2015-16
DSR-00093,SEG-0021,D-NL-02,NL,NH-2,landslide,LS-00153,2016-04-26T20:00:00,2016-04-26T21:00:00,1.0,partial,minor,39,114.9,True,lpg_cylinders,True,SEG-0022,22.3,SDRF,50856,549190,192.3,high,2015-16
DSR-00089,SEG-0060,D-AR-06,AR,NH-13,landslide,LS-00145,2016-05-02T14:30:00,2016-05-04T05:12:00,38.7,full,moderate,7,25.1,False,food_grains,True,SEG-0061,73.8,State PWD,992836,73273,495.0,very_high,2015-16
DSR-00024,SEG-0015,D-ML-02,ML,NH-6,landslide,LS-00038,2016-05-04T18:45:00,2016-05-05T01:57:00,7.2,partial,moderate,59,511.9,True,relief_supplies,True,SEG-0045,27.7,NDRF,193246,916542,744.4,high,2015-16
DSR-01664,SEG-0055,D-SK-04,SK,NH-510,accident_blockage,,2016-05-07T18:15:00,2016-05-08T02:57:00,8.7,partial,moderate,0,0.0,False,agri_produce,True,SEG-0054,35.8,SDRF,79370,0,193.6,very_high,2015-16
DSR-00043,SEG-0014,D-ML-01,ML,NH-6,landslide,LS-00067,2016-05-07T21:15:00,2016-05-08T00:51:00,3.6,partial,moderate,9,24.9,True,vaccines,True,SEG-0013,56.4,State PWD,400570,56034,536.0,high,2015-16
DSR-00115,SEG-0065,D-AR-05,AR,NH-315,landslide,LS-00194,2016-05-08T08:15:00,2016-05-08T12:09:00,3.9,partial,minor,14,91.5,True,food_grains,True,SEG-0061,126.3,SDRF,45839,83389,557.3,high,2015-16
DSR-00072,SEG-0028,D-MN-01,MN,NH-37,landslide,LS-00110,2016-05-08T18:15:00,2016-05-14T09:03:00,134.8,full,major,110,957.7,True,agri_produce,True,SEG-0029,61.5,NHIDCL,16398065,3239307,77.1,high,2015-16
DSR-00147,SEG-0059,D-AR-04,AR,NH-13,landslide,LS-00249,2016-05-13T20:00:00,2016-05-13T21:00:00,1.0,partial,minor,41,271.5,False,relief_supplies,True,SEG-0060,77.3,NHIDCL,50690,491318,323.6,very_high,2015-16
DSR-01749,SEG-0039,D-TR-01,TR,NH-8,protest_blockade,,2016-05-15T02:30:00,2016-05-15T09:24:00,6.9,partial,moderate,0,0.0,False,medicines,True,SEG-0038,127.6,NDRF,195658,0,28.0,moderate,2015-16
DSR-00077,SEG-0038,D-TR-04,TR,NH-8,landslide,LS-00119,2016-05-17T11:45:00,2016-05-17T16:45:00,5.0,partial,moderate,0,0.0,True,relief_supplies,True,SEG-0039,60.1,BRO (Border Roads Organisation),521017,0,256.9,very_low,2015-16
DSR-00033,SEG-0014,D-ML-01,ML,NH-6,landslide,LS-00052,2016-05-20T00:00:00,2016-05-24T07:12:00,103.2,full,major,75,579.6,False,vaccines,True,SEG-0013,79.1,NDRF,2571413,1045500,356.3,high,2015-16
DSR-00086,SEG-0069,D-AS-07,AS,NH-27-DH,landslide,LS-00141,2016-05-20T08:45:00,2016-05-20T10:39:00,1.9,partial,minor,72,445.6,True,construction_material,True,SEG-0016,45.5,BRO (Border Roads Organisation),114996,1126106,170.9,high,2015-16
DSR-01703,SEG-0009,D-AS-03,AS,NH-27,accident_blockage,,2016-05-20T16:45:00,2016-05-21T02:33:00,9.8,partial,moderate,42,231.3,False,agri_produce,True,SEG-0008,63.6,NHIDCL,314210,680925,155.3,low,2015-16
DSR-02125,SEG-0006,D-AS-02,AS,NH-27,flood,,2016-05-20T20:15:00,2016-05-25T13:09:00,112.9,full,major,89,612.8,True,fuel,True,SEG-0007,169.7,SDRF,3030192,2837493,485.8,low,2015-16
DSR-01736,SEG-0054,D-SK-03,SK,NH-510,bridge_damage,,2016-05-22T04:00:00,2016-06-26T07:30:00,843.5,full,catastrophic,50,192.6,True,relief_supplies,True,SEG-0055,25.1,NHIDCL,9478221,791295,56.1,high,2015-16
DSR-02189,SEG-0030,D-MN-04,MN,NH-37,bridge_damage,,2016-05-22T17:15:00,2016-05-27T19:57:00,122.7,full,major,105,746.7,False,agri_produce,True,SEG-0016,46.0,SDRF,3767630,3138804,333.8,moderate,2015-16
DSR-01730,SEG-0002,D-AS-10,AS,NH-27,flood,,2016-05-23T02:30:00,2016-05-28T08:12:00,125.7,full,major,35,263.7,True,lpg_cylinders,True,SEG-0003,80.5,BRO (Border Roads Organisation),1091954,887964,558.4,low,2015-16
DSR-01670,SEG-0003,D-AS-10,AS,NH-27,road_subsidence,,2016-05-23T10:45:00,2016-06-03T10:39:00,263.9,full,major,70,354.8,False,agri_produce,True,SEG-0004,63.1,BRO (Border Roads Organisation),2031778,1349145,192.9,low,2015-16
DSR-00128,SEG-0063,D-AR-03,AR,NH-13-W,landslide,LS-00215,2016-05-23T16:15:00,2016-05-23T18:27:00,2.2,partial,moderate,65,509.6,False,medicines,True,SEG-0064,135.8,State PWD,275754,1911495,249.6,high,2015-16
DSR-00070,SEG-0014,D-ML-01,ML,NH-6,landslide,LS-00104,2016-05-23T18:00:00,2016-05-23T22:24:00,4.4,partial,moderate,91,797.2,True,lpg_cylinders,True,SEG-0013,92.4,State PWD,104140,2459897,881.9,high,2015-16
DSR-00044,SEG-0020,D-ML-04,ML,NH-27-SPUR,landslide,LS-00069,2016-05-24T11:15:00,2016-05-24T12:15:00,1.0,partial,minor,13,113.2,False,food_grains,True,SEG-0019,61.4,State PWD,20342,465280,63.7,moderate,2015-16
DSR-01743,SEG-0056,D-AS-09,AS,NH-15,fallen_tree,,2016-05-27T13:15:00,2016-05-28T10:15:00,21.0,full,moderate,53,438.5,True,fuel,True,SEG-0006,74.0,SDRF,283478,1457147,48.9,low,2015-16
DSR-00091,SEG-0068,D-AS-08,AS,NH-27-DH,landslide,LS-00151,2016-06-01T03:30:00,2016-06-07T04:48:00,145.3,full,major,2,15.6,False,medicines,True,SEG-0069,63.3,State PWD,2092422,70514,470.4,high,2015-16
DSR-00062,SEG-0013,D-ML-01,ML,NH-6,landslide,LS-00090,2016-06-01T08:15:00,2016-06-01T12:03:00,3.8,partial,minor,45,120.2,True,agri_produce,True,SEG-0014,56.2,SDRF,522338,425221,886.7,very_high,2015-16
DSR-02269,SEG-0067,D-AR-07,AR,NH-315,protest_blockade,,2016-06-02T07:00:00,2016-06-04T09:24:00,50.4,full,moderate,35,176.6,False,construction_material,True,SEG-0066,45.2,State PWD,1876768,689682,39.5,moderate,2015-16
DSR-00059,SEG-0058,D-AR-01,AR,NH-13,landslide,LS-00086,2016-06-02T11:00:00,2016-06-02T19:30:00,8.5,partial,moderate,55,437.5,False,relief_supplies,True,SEG-0056,141.4,NHIDCL,624654,1500550,85.8,high,2015-16
DSR-00118,SEG-0065,D-AR-05,AR,NH-315,landslide,LS-00201,2016-06-03T11:30:00,2016-06-05T17:42:00,54.2,full,moderate,1,4.3,False,vaccines,True,SEG-0061,106.5,SDRF,1029601,19788,131.8,high,2015-16
DSR-00152,SEG-0025,D-NL-01,NL,NH-29,landslide,LS-00260,2016-06-03T15:30:00,2016-06-03T18:54:00,3.4,partial,minor,15,109.7,True,fuel,True,SEG-0026,58.3,SDRF,297353,385424,380.2,high,2015-16
DSR-00045,SEG-0037,D-MZ-01,MZ,NH-302,landslide,LS-00070,2016-06-04T06:45:00,2016-06-05T16:21:00,33.6,full,moderate,0,0.0,False,food_grains,True,SEG-0035,62.2,State PWD,2043596,0,184.8,high,2015-16
DSR-00113,SEG-0052,D-SK-01,SK,NH-510,landslide,LS-00190,2016-06-04T23:45:00,2016-06-05T08:51:00,9.1,partial,moderate,28,222.3,False,vaccines,True,SEG-0048,29.8,BRO (Border Roads Organisation),360551,939079,220.7,very_high,2015-16
DSR-00107,SEG-0034,D-MZ-04,MZ,NH-306,landslide,LS-00180,2016-06-05T05:15:00,2016-06-05T14:09:00,8.9,partial,moderate,32,81.8,True,construction_material,True,SEG-0037,150.3,BRO (Border Roads Organisation),1255393,409643,173.4,high,2015-16
DSR-01731,SEG-0050,D-SK-02,SK,NH-310,bridge_damage,,2016-06-06T06:15:00,2016-07-03T06:33:00,648.3,full,major,41,323.9,False,lpg_cylinders,True,SEG-0051,21.7,NHIDCL,28662497,890838,68.6,very_high,2015-16
DSR-01787,SEG-0043,D-TR-02,TR,NH-8,accident_blockage,,2016-06-06T19:15:00,2016-06-07T17:15:00,22.0,full,moderate,4,30.0,False,fuel,True,SEG-0042,19.5,NHIDCL,483006,95623,26.1,moderate,2015-16
DSR-00161,SEG-0061,D-AR-06,AR,NH-13,landslide,LS-00272,2016-06-08T19:30:00,2016-06-08T20:30:00,1.0,partial,minor,0,0.0,False,food_grains,True,SEG-0060,79.5,NHIDCL,28019,0,112.9,high,2015-16
DSR-00012,SEG-0015,D-ML-02,ML,NH-6,landslide,LS-00021,2016-06-09T23:15:00,2016-06-10T03:27:00,4.2,partial,moderate,0,0.0,True,lpg_cylinders,True,SEG-0014,50.0,NHIDCL,179345,0,854.2,high,2015-16
DSR-00119,SEG-0062,D-AS-09,AS,NH-13-W,landslide,LS-00202,2016-06-10T00:30:00,2016-06-10T06:48:00,6.3,partial,moderate,0,0.0,True,construction_material,True,SEG-0006,40.2,SDRF,796055,0,323.1,high,2015-16
DSR-00140,SEG-0032,D-MN-01,MN,NH-2-S,landslide,LS-00237,2016-06-10T16:45:00,2016-06-10T20:03:00,3.3,partial,minor,20,68.1,True,fuel,True,SEG-0024,101.5,NDRF,30226,140704,555.5,high,2015-16
DSR-00022,SEG-0069,D-AS-07,AS,NH-27-DH,landslide,LS-00036,2016-06-12T18:45:00,2016-06-13T17:57:00,23.2,full,moderate,45,161.9,False,agri_produce,True,SEG-0033,104.6,State PWD,1273868,574040,173.7,high,2015-16
DSR-01867,SEG-0042,D-TR-02,TR,NH-8,bridge_damage,,2016-06-12T22:30:00,2016-07-03T08:30:00,490.0,full,major,0,0.0,False,construction_material,True,SEG-0041,107.2,NHIDCL,20190949,0,288.1,moderate,2015-16
DSR-01884,SEG-0068,D-AS-08,AS,NH-27-DH,protest_blockade,,2016-06-13T01:45:00,2016-06-15T07:27:00,53.7,full,moderate,30,80.4,False,relief_supplies,True,SEG-0069,53.6,NHIDCL,916093,335024,63.7,high,2015-16
DSR-02001,SEG-0067,D-AR-07,AR,NH-315,flood,,2016-06-16T20:30:00,2016-06-26T06:54:00,226.4,full,major,67,193.3,False,food_grains,True,SEG-0066,51.1,SDRF,2269610,1051839,390.0,moderate,2015-16
DSR-00009,SEG-0053,D-SK-03,SK,NH-510,landslide,LS-00018,2016-06-17T04:45:00,2016-06-17T08:27:00,3.7,partial,minor,20,113.9,False,fuel,True,SEG-0052,94.9,NHIDCL,59881,491385,609.1,high,2015-16
DSR-00073,SEG-0063,D-AR-03,AR,NH-13-W,landslide,LS-00111,2016-06-17T05:15:00,2016-06-17T11:39:00,6.4,partial,moderate,1,5.2,True,fuel,True,SEG-0062,84.5,State PWD,424277,10727,29.6,high,2015-16
DSR-00074,SEG-0015,D-ML-02,ML,NH-6,landslide,LS-00114,2016-06-19T21:30:00,2016-06-20T23:24:00,25.9,full,moderate,110,843.0,True,medicines,True,SEG-0014,81.8,NHIDCL,3410188,3964751,193.2,high,2015-16
DSR-00136,SEG-0070,D-AS-02,AS,NH-36,landslide,LS-00225,2016-06-21T19:30:00,2016-06-22T13:30:00,18.0,full,moderate,94,435.3,True,construction_material,True,SEG-0006,48.2,BRO (Border Roads Organisation),630380,928810,420.2,low,2015-16
DSR-00007,SEG-0022,D-NL-01,NL,NH-2,landslide,LS-00015,2016-06-22T16:30:00,2016-06-22T17:30:00,1.0,partial,minor,20,69.8,False,lpg_cylinders,True,SEG-0021,56.5,NDRF,84474,329195,593.5,high,2015-16
DSR-01879,SEG-0045,D-AS-12,AS,NH-8,fallen_tree,,2016-06-23T00:45:00,2016-06-23T11:51:00,11.1,partial,moderate,18,84.3,True,relief_supplies,True,SEG-0015,132.3,NHIDCL,529487,307654,185.0,low,2015-16
DSR-02099,SEG-0035,D-MZ-01,MZ,NH-306,flood,,2016-06-23T22:30:00,2016-07-02T19:18:00,212.8,full,major,0,0.0,False,lpg_cylinders,True,SEG-0034,95.0,State PWD,9889054,0,255.5,high,2015-16
DSR-01724,SEG-0070,D-AS-02,AS,NH-36,flood,,2016-06-24T03:15:00,2016-07-02T05:57:00,194.7,full,major,12,93.6,False,food_grains,True,SEG-0006,83.5,BRO (Border Roads Organisation),4490818,166625,315.1,low,2015-16
DSR-01806,SEG-0054,D-SK-03,SK,NH-510,flood,,2016-07-01T18:15:00,2016-07-04T00:57:00,54.7,full,moderate,42,326.4,False,lpg_cylinders,True,SEG-0055,22.5,BRO (Border Roads Organisation),2168746,522190,381.2,high,2015-16
DSR-01780,SEG-0033,D-AS-06,AS,NH-306,fallen_tree,,2016-07-02T02:30:00,2016-07-02T06:06:00,3.6,partial,minor,0,0.0,False,vaccines,True,SEG-0030,58.2,BRO (Border Roads Organisation),128884,0,59.9,low,2015-16
DSR-01805,SEG-0042,D-TR-02,TR,NH-8,flood,,2016-07-04T12:15:00,2016-07-13T21:09:00,224.9,full,major,120,567.9,True,lpg_cylinders,True,SEG-0041,66.6,NDRF,2584595,1614590,457.6,moderate,2015-16
DSR-00144,SEG-0067,D-AR-07,AR,NH-315,landslide,LS-00242,2016-07-04T17:00:00,2016-07-04T18:18:00,1.3,partial,minor,21,159.3,False,fuel,True,SEG-0066,94.4,SDRF,81034,167851,417.3,moderate,2015-16
DSR-00117,SEG-0015,D-ML-02,ML,NH-6,landslide,LS-00199,2016-07-05T08:00:00,2016-07-05T22:00:00,14.0,full,moderate,76,607.5,True,vaccines,True,SEG-0016,45.6,NHIDCL,1422437,2416295,796.3,high,2015-16
DSR-00038,SEG-0026,D-NL-04,NL,NH-29,landslide,LS-00061,2016-07-05T21:45:00,2016-07-06T01:33:00,3.8,partial,minor,31,90.8,False,lpg_cylinders,True,SEG-0027,47.8,NDRF,543341,140340,563.3,high,2015-16
DSR-02175,SEG-0045,D-AS-12,AS,NH-8,flood,,2016-07-06T19:00:00,2016-07-09T11:42:00,64.7,full,moderate,0,0.0,True,vaccines,True,SEG-0044,75.4,SDRF,3040811,0,547.0,low,2015-16
DSR-00061,SEG-0049,D-SK-01,SK,NH-310,landslide,LS-00089,2016-07-06T23:15:00,2016-07-07T00:15:00,1.0,partial,minor,11,59.5,False,vaccines,True,SEG-0048,26.1,NHIDCL,102250,167823,87.6,high,2015-16
DSR-00017,SEG-0031,D-MN-02,MN,NH-2-S,landslide,LS-00029,2016-07-09T05:45:00,2016-07-09T12:51:00,7.1,partial,moderate,18,115.3,False,construction_material,True,SEG-0032,98.9,SDRF,153264,290378,303.1,moderate,2015-16
DSR-00011,SEG-0013,D-ML-01,ML,NH-6,landslide,LS-00020,2016-07-09T14:45:00,2016-07-09T16:51:00,2.1,partial,minor,0,0.0,False,fuel,True,SEG-0014,77.0,SDRF,182899,0,342.8,very_high,2015-16
DSR-02256,SEG-0046,D-WB-01,WB,NH-10,protest_blockade,,2016-07-09T21:15:00,2016-07-09T22:57:00,1.7,partial,minor,36,199.5,True,agri_produce,True,SEG-0001,291.3,NDRF,28827,465360,183.6,very_high,2015-16
DSR-00054,SEG-0048,D-SK-01,SK,NH-10,landslide,LS-00081,2016-07-11T03:30:00,2016-07-11T17:24:00,13.9,full,moderate,45,271.2,False,agri_produce,True,SEG-0047,15.2,SDRF,1180635,816302,555.5,high,2015-16
DSR-00138,SEG-0065,D-AR-05,AR,NH-315,landslide,LS-00231,2016-07-11T07:45:00,2016-07-11T10:33:00,2.8,partial,minor,0,0.0,False,vaccines,True,SEG-0066,65.9,NDRF,45470,0,338.6,high,2015-16
DSR-00069,SEG-0013,D-ML-01,ML,NH-6,landslide,LS-00103,2016-07-11T16:15:00,2016-07-12T15:09:00,22.9,full,moderate,2,15.2,True,vaccines,True,SEG-0014,79.1,NDRF,3148394,62405,450.9,very_high,2015-16
DSR-01788,SEG-0067,D-AR-07,AR,NH-315,accident_blockage,,2016-07-12T00:30:00,2016-07-12T08:30:00,8.0,partial,moderate,43,373.5,False,vaccines,True,SEG-0066,61.3,BRO (Border Roads Organisation),398772,1016674,65.5,moderate,2015-16
DSR-01841,SEG-0037,D-MZ-01,MZ,NH-302,flood,,2016-07-12T06:15:00,2016-07-28T12:33:00,390.3,full,major,41,189.3,False,vaccines,True,SEG-0034,133.5,SDRF,8863986,513962,584.0,high,2015-16
DSR-00126,SEG-0012,D-AS-01,AS,NH-6,landslide,LS-00212,2016-07-12T11:30:00,2016-07-12T19:12:00,7.7,full,major,0,0.0,False,food_grains,True,SEG-0017,260.9,State PWD,222659,0,339.5,high,2015-16
DSR-00014,SEG-0034,D-MZ-04,MZ,NH-306,landslide,LS-00023,2016-07-12T14:00:00,2016-07-12T22:36:00,8.6,partial,moderate,63,403.0,False,lpg_cylinders,True,SEG-0037,174.9,BRO (Border Roads Organisation),306812,997441,299.3,high,2015-16
DSR-01719,SEG-0053,D-SK-03,SK,NH-510,fallen_tree,,2016-07-16T23:15:00,2016-07-19T07:39:00,56.4,full,moderate,43,306.1,False,food_grains,True,SEG-0052,90.2,SDRF,766930,654432,61.9,high,2015-16
DSR-00104,SEG-0061,D-AR-06,AR,NH-13,landslide,LS-00173,2016-07-16T23:45:00,2016-07-17T04:57:00,5.2,partial,minor,0,0.0,False,fuel,True,SEG-0060,106.5,SDRF,348318,0,365.5,high,2015-16
DSR-01868,SEG-0034,D-MZ-04,MZ,NH-306,flood,,2016-07-19T01:00:00,2016-07-21T21:06:00,68.1,full,moderate,83,605.8,True,lpg_cylinders,True,SEG-0033,82.3,NHIDCL,2694623,636619,239.2,high,2015-16
DSR-01792,SEG-0038,D-TR-04,TR,NH-8,flood,,2016-07-19T12:00:00,2016-07-29T04:18:00,232.3,full,major,61,547.4,False,construction_material,True,SEG-0039,73.8,NDRF,10228207,1022695,512.6,very_low,2015-16
DSR-00099,SEG-0052,D-SK-01,SK,NH-510,landslide,LS-00166,2016-07-19T19:15:00,2016-07-25T00:39:00,125.4,full,major,115,966.7,False,food_grains,True,SEG-0048,21.9,SDRF,1494477,2053640,377.2,very_high,2015-16
DSR-01668,SEG-0043,D-TR-02,TR,NH-8,bridge_damage,,2016-07-20T12:30:00,2016-08-05T03:48:00,375.3,full,major,122,1080.0,True,relief_supplies,True,SEG-0044,103.6,State PWD,3232859,3313108,255.7,moderate,2015-16
DSR-00034,SEG-0035,D-MZ-01,MZ,NH-306,landslide,LS-00057,2016-07-20T19:15:00,2016-07-21T01:09:00,5.9,partial,minor,84,617.4,True,food_grains,True,SEG-0034,60.8,BRO (Border Roads Organisation),810363,1750803,335.3,high,2015-16
DSR-00162,SEG-0014,D-ML-01,ML,NH-6,landslide,LS-00273,2016-07-21T12:45:00,2016-07-21T14:03:00,1.3,partial,minor,49,390.8,False,lpg_cylinders,True,SEG-0015,166.3,NDRF,175800,660505,700.0,high,2015-16
DSR-02262,SEG-0063,D-AR-03,AR,NH-13-W,flood,,2016-07-24T16:30:00,2016-08-03T16:48:00,240.3,full,major,101,824.6,True,relief_supplies,True,SEG-0064,151.6,State PWD,7777040,1933493,264.0,high,2015-16
DSR-00002,SEG-0064,D-AR-03,AR,NH-13-W,landslide,LS-00003,2016-07-25T06:15:00,2016-07-25T15:03:00,8.8,partial,moderate,61,380.2,True,fuel,True,SEG-0063,55.2,State PWD,582274,581078,118.2,very_high,2015-16
DSR-02283,SEG-0053,D-SK-03,SK,NH-510,road_subsidence,,2016-07-25T19:00:00,2016-07-26T09:48:00,14.8,full,moderate,91,617.9,False,construction_material,True,SEG-0054,40.6,State PWD,472016,2895042,196.2,high,2015-16
DSR-00053,SEG-0069,D-AS-07,AS,NH-27-DH,landslide,LS-00080,2016-07-27T01:45:00,2016-07-31T23:03:00,117.3,full,major,51,289.3,True,vaccines,True,SEG-0033,127.1,SDRF,7557746,444455,71.6,high,2015-16
DSR-00006,SEG-0035,D-MZ-01,MZ,NH-306,landslide,LS-00011,2016-07-28T03:15:00,2016-07-28T22:27:00,19.2,full,moderate,60,311.3,False,vaccines,True,SEG-0036,83.2,State PWD,2117235,1016990,368.8,high,2015-16
DSR-00068,SEG-0022,D-NL-01,NL,NH-2,landslide,LS-00101,2016-08-01T07:15:00,2016-08-02T01:39:00,18.4,full,moderate,66,243.4,False,medicines,True,SEG-0023,42.7,BRO (Border Roads Organisation),2435928,788344,442.6,high,2015-16
DSR-00135,SEG-0030,D-MN-04,MN,NH-37,landslide,LS-00224,2016-08-04T06:00:00,2016-08-04T19:18:00,13.3,full,moderate,0,0.0,True,construction_material,True,SEG-0016,29.6,State PWD,1119380,0,347.0,moderate,2015-16
DSR-00133,SEG-0070,D-AS-02,AS,NH-36,landslide,LS-00222,2016-08-04T20:15:00,2016-08-05T07:39:00,11.4,partial,moderate,4,24.4,False,fuel,True,SEG-0071,78.6,BRO (Border Roads Organisation),668150,96540,558.0,low,2015-16
DSR-01673,SEG-0009,D-AS-03,AS,NH-27,flood,,2016-08-06T13:30:00,2016-08-13T23:54:00,178.4,full,major,36,183.4,False,food_grains,True,SEG-0010,148.6,NDRF,2900500,592666,423.2,low,2015-16
DSR-00142,SEG-0036,D-MZ-05,MZ,NH-306,landslide,LS-00239,2016-08-07T09:30:00,2016-08-07T10:30:00,1.0,partial,minor,63,456.2,False,lpg_cylinders,True,SEG-0035,74.3,State PWD,118652,642056,265.5,high,2015-16
DSR-00097,SEG-0013,D-ML-01,ML,NH-6,landslide,LS-00162,2016-08-09T16:45:00,2016-08-10T04:39:00,11.9,partial,moderate,0,0.0,True,food_grains,True,SEG-0012,62.2,SDRF,1584327,0,314.6,very_high,2015-16
DSR-01864,SEG-0003,D-AS-10,AS,NH-27,road_subsidence,,2016-08-10T15:30:00,2016-08-18T10:00:00,186.5,full,major,89,729.7,False,agri_produce,True,SEG-0002,95.2,State PWD,8525057,2649769,137.4,low,2015-16
DSR-01634,SEG-0008,D-AS-03,AS,NH-27,fallen_tree,,2016-08-11T08:30:00,2016-08-11T10:42:00,2.2,partial,minor,0,0.0,True,agri_produce,True,SEG-0007,189.4,SDRF,95032,0,73.5,low,2015-16
DSR-01729,SEG-0010,D-AS-11,AS,NH-27,flood,,2016-08-13T03:00:00,2016-08-23T11:42:00,248.7,full,major,125,685.1,False,medicines,True,SEG-0009,56.2,NDRF,5776605,2887330,483.9,low,2015-16
DSR-01715,SEG-0051,D-SK-02,SK,NH-310,fallen_tree,,2016-08-13T07:45:00,2016-08-14T03:45:00,20.0,full,moderate,134,547.3,True,lpg_cylinders,True,SEG-0050,26.2,NDRF,392447,2399506,53.0,very_high,2015-16
DSR-01770,SEG-0048,D-SK-01,SK,NH-10,accident_blockage,,2016-08-14T08:30:00,2016-08-14T12:36:00,4.1,partial,minor,0,0.0,False,relief_supplies,True,SEG-0047,8.0,BRO (Border Roads Organisation),50741,0,15.5,high,2015-16
DSR-00085,SEG-0061,D-AR-06,AR,NH-13,landslide,LS-00139,2016-08-17T10:00:00,2016-09-11T18:24:00,608.4,full,major,41,353.9,True,food_grains,True,SEG-0065,73.9,State PWD,49228301,919205,214.1,high,2015-16
DSR-00064,SEG-0013,D-ML-01,ML,NH-6,landslide,LS-00093,2016-08-17T13:00:00,2016-08-18T06:00:00,17.0,full,moderate,44,183.4,False,construction_material,True,SEG-0014,70.2,State PWD,2177329,370542,806.5,very_high,2015-16
DSR-00042,SEG-0067,D-AR-07,AR,NH-315,landslide,LS-00066,2016-08-18T14:00:00,2016-08-18T19:18:00,5.3,partial,minor,47,139.2,True,vaccines,True,SEG-0066,57.4,NDRF,56991,254268,461.1,moderate,2015-16
DSR-00102,SEG-0055,D-SK-04,SK,NH-510,landslide,LS-00170,2016-08-21T03:45:00,2016-08-21T07:51:00,4.1,partial,minor,70,389.6,False,lpg_cylinders,True,SEG-0054,37.3,NHIDCL,133402,1587348,359.5,very_high,2015-16
DSR-01734,SEG-0012,D-AS-01,AS,NH-6,flood,,2016-08-23T16:30:00,2016-08-24T13:06:00,20.6,full,moderate,32,102.6,False,construction_material,True,SEG-0017,137.4,State PWD,883259,236399,361.4,high,2015-16
DSR-00031,SEG-0022,D-NL-01,NL,NH-2,landslide,LS-00048,2016-08-25T00:00:00,2016-08-25T01:00:00,1.0,partial,minor,10,67.5,True,agri_produce,True,SEG-0025,101.1,BRO (Border Roads Organisation),113124,173459,520.0,high,2015-16
DSR-01735,SEG-0046,D-WB-01,WB,NH-10,protest_blockade,,2016-08-26T03:45:00,2016-08-26T23:15:00,19.5,full,moderate,51,203.6,True,vaccines,True,SEG-0047,12.1,State PWD,456788,853570,70.4,very_high,2015-16
DSR-00121,SEG-0042,D-TR-02,TR,NH-8,landslide,LS-00205,2016-08-27T09:30:00,2016-08-27T16:36:00,7.1,partial,moderate,45,226.4,False,food_grains,True,SEG-0043,25.8,NDRF,589118,879734,16.4,moderate,2015-16
DSR-02026,SEG-0046,D-WB-01,WB,NH-10,protest_blockade,,2016-08-27T22:30:00,2016-08-29T02:54:00,28.4,full,moderate,86,539.3,False,food_grains,True,SEG-0047,17.6,NHIDCL,716219,998057,118.5,very_high,2015-16
DSR-00154,SEG-0052,D-SK-01,SK,NH-510,landslide,LS-00264,2016-09-01T04:15:00,2016-09-01T22:27:00,18.2,full,moderate,44,248.3,False,agri_produce,True,SEG-0049,49.5,NHIDCL,633656,657590,234.0,very_high,2015-16
DSR-01739,SEG-0062,D-AS-09,AS,NH-13-W,protest_blockade,,2016-09-02T07:15:00,2016-09-03T03:51:00,20.6,full,moderate,0,0.0,False,fuel,True,SEG-0006,72.7,SDRF,624398,0,55.6,high,2015-16
DSR-00087,SEG-0014,D-ML-01,ML,NH-6,landslide,LS-00142,2016-09-04T09:45:00,2016-09-04T10:45:00,1.0,partial,minor,45,340.2,False,lpg_cylinders,True,SEG-0015,180.9,State PWD,112589,1506517,266.6,high,2015-16
DSR-01771,SEG-0016,D-AS-12,AS,NH-6,road_subsidence,,2016-09-06T00:00:00,2016-09-08T19:30:00,67.5,full,moderate,130,1054.6,False,lpg_cylinders,True,SEG-0045,28.3,State PWD,2865797,2769252,62.7,low,2015-16
DSR-02185,SEG-0038,D-TR-04,TR,NH-8,flood,,2016-09-12T05:30:00,2016-09-18T01:30:00,140.0,full,major,66,305.5,True,construction_material,True,SEG-0039,50.2,State PWD,5393935,583106,588.4,very_low,2015-16
DSR-01960,SEG-0015,D-ML-02,ML,NH-6,flood,,2016-09-12T16:15:00,2016-09-14T13:33:00,45.3,full,moderate,65,212.7,False,relief_supplies,True,SEG-0014,41.2,NDRF,1864084,534263,439.1,high,2015-16
DSR-02074,SEG-0046,D-WB-01,WB,NH-10,flood,,2016-09-12T20:00:00,2016-09-15T05:54:00,57.9,full,moderate,84,285.9,True,food_grains,True,SEG-0001,516.7,NDRF,964565,1058218,681.2,very_high,2015-16
DSR-00122,SEG-0034,D-MZ-04,MZ,NH-306,landslide,LS-00207,2016-09-12T21:15:00,2016-09-13T11:09:00,13.9,full,moderate,177,609.5,False,lpg_cylinders,True,SEG-0035,105.1,BRO (Border Roads Organisation),842455,2755886,510.2,high,2015-16
DSR-00095,SEG-0065,D-AR-05,AR,NH-315,landslide,LS-00159,2016-09-17T13:00:00,2016-09-17T15:18:00,2.3,partial,minor,22,121.1,True,agri_produce,True,SEG-0066,52.7,State PWD,74730,308223,456.6,high,2015-16
DSR-00021,SEG-0068,D-AS-08,AS,NH-27-DH,landslide,LS-00035,2016-09-18T10:15:00,2016-09-18T20:51:00,10.6,partial,moderate,0,0.0,False,construction_material,True,SEG-0069,69.9,State PWD,258629,0,477.4,high,2015-16
DSR-00157,SEG-0019,D-ML-03,ML,NH-27-SPUR,landslide,LS-00268,2016-09-19T10:30:00,2016-09-19T11:30:00,1.0,full,major,148,1301.8,False,lpg_cylinders,True,SEG-0018,192.9,NDRF,67353,3812363,440.3,moderate,2015-16
DSR-02094,SEG-0008,D-AS-03,AS,NH-27,flood,,2016-09-23T15:15:00,2016-09-29T03:45:00,132.5,full,major,27,211.6,True,food_grains,True,SEG-0007,194.6,State PWD,2466037,429591,261.6,low,2015-16
DSR-00032,SEG-0052,D-SK-01,SK,NH-510,landslide,LS-00051,2016-09-26T11:30:00,2016-09-26T12:30:00,1.0,partial,minor,0,0.0,False,lpg_cylinders,True,SEG-0049,50.8,NDRF,29565,0,555.8,very_high,2015-16
DSR-00149,SEG-0055,D-SK-04,SK,NH-510,landslide,LS-00254,2016-09-27T20:45:00,2016-10-01T07:39:00,82.9,full,major,132,997.8,False,lpg_cylinders,True,SEG-0054,23.8,NDRF,4055127,4372707,379.7,very_high,2015-16
DSR-00016,SEG-0031,D-MN-02,MN,NH-2-S,landslide,LS-00026,2016-09-28T18:00:00,2016-09-28T19:54:00,1.9,partial,minor,0,0.0,False,relief_supplies,True,SEG-0032,95.0,BRO (Border Roads Organisation),91122,0,8.4,moderate,2015-16
DSR-00082,SEG-0036,D-MZ-05,MZ,NH-306,landslide,LS-00129,2016-10-02T13:15:00,2016-10-02T18:21:00,5.1,partial,moderate,0,0.0,False,vaccines,True,SEG-0035,76.0,SDRF,623099,0,552.9,high,2015-16
DSR-02140,SEG-0047,D-SK-01,SK,NH-10,protest_blockade,,2016-10-03T13:45:00,2016-10-04T17:09:00,27.4,full,moderate,101,321.5,False,medicines,True,SEG-0048,35.8,SDRF,686956,1654503,91.2,high,2015-16
DSR-02077,SEG-0064,D-AR-03,AR,NH-13-W,accident_blockage,,2016-10-04T06:30:00,2016-10-04T08:18:00,1.8,partial,minor,8,63.5,True,lpg_cylinders,True,SEG-0063,61.7,NDRF,28025,222055,193.5,very_high,2015-16
DSR-02018,SEG-0008,D-AS-03,AS,NH-27,protest_blockade,,2016-10-04T23:00:00,2016-10-05T17:42:00,18.7,full,moderate,38,273.9,False,medicines,True,SEG-0007,255.0,BRO (Border Roads Organisation),859245,1117682,134.0,low,2015-16
DSR-00079,SEG-0034,D-MZ-04,MZ,NH-306,landslide,LS-00123,2016-10-13T14:15:00,2016-10-13T20:15:00,6.0,partial,moderate,34,298.5,False,medicines,True,SEG-0033,162.6,BRO (Border Roads Organisation),539556,722431,258.9,high,2015-16
DSR-00092,SEG-0048,D-SK-01,SK,NH-10,landslide,LS-00152,2016-10-14T13:30:00,2016-10-15T02:42:00,13.2,full,moderate,55,468.6,False,lpg_cylinders,True,SEG-0052,77.8,SDRF,1018732,753116,303.6,high,2015-16
DSR-00048,SEG-0035,D-MZ-01,MZ,NH-306,landslide,LS-00074,2016-10-14T19:45:00,2016-10-14T23:51:00,4.1,partial,moderate,44,167.5,True,vaccines,True,SEG-0034,63.4,BRO (Border Roads Organisation),474757,399934,564.7,high,2015-16
DSR-01982,SEG-0055,D-SK-04,SK,NH-510,protest_blockade,,2016-10-23T04:15:00,2016-10-24T03:33:00,23.3,full,moderate,82,247.0,True,lpg_cylinders,True,SEG-0054,27.4,SDRF,1119436,633838,162.3,very_high,2015-16
DSR-02004,SEG-0014,D-ML-01,ML,NH-6,maintenance,,2016-11-04T14:15:00,2016-11-06T02:15:00,36.0,full,moderate,74,419.6,False,medicines,True,SEG-0015,158.1,BRO (Border Roads Organisation),1390638,437446,2.4,high,2015-16
DSR-00018,SEG-0064,D-AR-03,AR,NH-13-W,landslide,LS-00030,2016-11-20T19:15:00,2016-11-20T21:03:00,1.8,partial,minor,19,135.0,False,vaccines,True,SEG-0063,55.1,NHIDCL,74539,588045,210.6,very_high,2015-16
DSR-02063,SEG-0046,D-WB-01,WB,NH-10,bridge_damage,,2016-12-12T02:00:00,2017-01-12T13:00:00,755.0,full,catastrophic,86,534.3,True,relief_supplies,True,SEG-0047,14.6,State PWD,8304143,841489,191.5,very_high,2015-16
DSR-01651,SEG-0009,D-AS-03,AS,NH-27,road_subsidence,,2017-01-10T20:30:00,2017-01-14T15:54:00,91.4,full,major,25,105.0,False,vaccines,True,SEG-0008,69.0,BRO (Border Roads Organisation),2257317,392419,377.6,low,2017-18
DSR-02086,SEG-0003,D-AS-10,AS,NH-27,maintenance,,2017-01-12T19:00:00,2017-01-14T09:48:00,38.8,full,moderate,137,426.5,True,fuel,True,SEG-0004,113.8,State PWD,306392,1046702,15.8,low,2017-18
DSR-00326,SEG-0014,D-ML-01,ML,NH-6,landslide,LS-00565,2017-01-14T13:45:00,2017-01-15T04:33:00,14.8,full,moderate,68,173.9,False,lpg_cylinders,True,SEG-0015,177.9,State PWD,1858737,891926,183.7,high,2017-18
DSR-02149,SEG-0029,D-MN-04,MN,NH-37,maintenance,,2017-02-05T10:00:00,2017-02-06T19:36:00,33.6,full,moderate,45,140.2,True,vaccines,True,SEG-0030,60.3,NHIDCL,1185075,318217,31.3,moderate,2017-18
DSR-00348,SEG-0049,D-SK-01,SK,NH-310,landslide,LS-00613,2017-02-10T00:45:00,2017-02-10T01:45:00,1.0,partial,minor,10,47.0,False,construction_material,True,SEG-0052,51.3,SDRF,26985,74780,90.4,high,2017-18
DSR-00203,SEG-0069,D-AS-07,AS,NH-27-DH,landslide,LS-00349,2017-02-20T05:15:00,2017-02-20T07:27:00,2.2,partial,minor,18,55.1,True,vaccines,True,SEG-0030,59.9,NHIDCL,136724,119818,362.4,high,2017-18
DSR-00257,SEG-0059,D-AR-04,AR,NH-13,landslide,LS-00438,2017-03-25T06:30:00,2017-03-25T10:18:00,3.8,partial,moderate,27,206.6,False,medicines,True,SEG-0058,142.1,BRO (Border Roads Organisation),539409,683799,17.9,very_high,2017-18
DSR-00363,SEG-0053,D-SK-03,SK,NH-510,landslide,LS-00632,2017-03-28T11:15:00,2017-03-29T00:27:00,13.2,full,moderate,52,198.3,True,construction_material,True,SEG-0054,36.7,NDRF,712999,488101,8.5,high,2017-18
DSR-00346,SEG-0013,D-ML-01,ML,NH-6,landslide,LS-00608,2017-04-01T03:45:00,2017-04-01T17:57:00,14.2,full,major,120,901.4,False,construction_material,True,SEG-0014,58.9,NHIDCL,317666,3150402,222.3,very_high,2017-18
DSR-00334,SEG-0040,D-TR-03,TR,NH-8,landslide,LS-00582,2017-04-02T01:30:00,2017-04-02T05:18:00,3.8,partial,minor,0,0.0,False,medicines,True,SEG-0039,90.4,BRO (Border Roads Organisation),426867,0,266.4,moderate,2017-18
DSR-00193,SEG-0025,D-NL-01,NL,NH-29,landslide,LS-00332,2017-04-05T03:15:00,2017-04-05T04:15:00,1.0,partial,minor,61,437.5,False,agri_produce,True,SEG-0021,114.1,BRO (Border Roads Organisation),79032,539716,0.1,high,2017-18
DSR-00199,SEG-0066,D-AR-09,AR,NH-315,landslide,LS-00342,2017-04-09T15:30:00,2017-04-09T18:36:00,3.1,partial,moderate,2,11.0,False,relief_supplies,True,SEG-0067,84.1,NDRF,162762,30548,471.3,very_high,2017-18
DSR-00355,SEG-0064,D-AR-03,AR,NH-13-W,landslide,LS-00622,2017-04-11T21:45:00,2017-04-11T22:45:00,1.0,partial,minor,80,677.4,False,food_grains,True,SEG-0063,56.8,NHIDCL,22764,1135385,348.9,very_high,2017-18
DSR-01653,SEG-0049,D-SK-01,SK,NH-310,flood,,2017-04-14T15:00:00,2017-04-19T13:36:00,118.6,full,major,133,919.0,True,vaccines,True,SEG-0052,76.5,State PWD,2754457,1492917,396.7,high,2017-18
DSR-00186,SEG-0064,D-AR-03,AR,NH-13-W,landslide,LS-00318,2017-04-15T12:00:00,2017-04-15T22:36:00,10.6,partial,moderate,87,627.7,False,relief_supplies,True,SEG-0063,63.8,State PWD,360731,1695629,169.7,very_high,2017-18
DSR-00225,SEG-0063,D-AR-03,AR,NH-13-W,landslide,LS-00379,2017-04-15T15:30:00,2017-04-15T20:36:00,5.1,partial,moderate,43,248.3,False,lpg_cylinders,True,SEG-0064,163.3,BRO (Border Roads Organisation),379901,951327,296.6,high,2017-18
DSR-02218,SEG-0071,D-AS-08,AS,NH-36,flood,,2017-04-18T21:00:00,2017-05-01T15:30:00,306.5,full,major,55,142.6,False,construction_material,True,SEG-0021,91.5,SDRF,2230544,303897,467.6,moderate,2017-18
DSR-02211,SEG-0018,D-AS-10,AS,NH-27-SPUR,fallen_tree,,2017-04-21T11:45:00,2017-04-22T10:03:00,22.3,full,moderate,66,199.5,True,lpg_cylinders,True,SEG-0017,182.8,SDRF,590366,887220,150.5,moderate,2017-18
DSR-01846,SEG-0032,D-MN-01,MN,NH-2-S,accident_blockage,,2017-04-25T11:45:00,2017-04-26T05:57:00,18.2,full,moderate,75,390.4,False,medicines,True,SEG-0031,146.5,BRO (Border Roads Organisation),897815,1437713,110.7,high,2017-18
DSR-00177,SEG-0036,D-MZ-05,MZ,NH-306,landslide,LS-00300,2017-04-25T21:00:00,2017-04-25T22:00:00,1.0,partial,minor,20,84.0,False,relief_supplies,True,SEG-0035,73.4,NHIDCL,37994,257979,477.4,high,2017-18
DSR-01947,SEG-0010,D-AS-11,AS,NH-27,protest_blockade,,2017-04-28T03:15:00,2017-04-29T00:15:00,21.0,full,moderate,30,216.0,True,agri_produce,True,SEG-0009,112.8,BRO (Border Roads Organisation),323983,681012,113.5,low,2017-18
DSR-02223,SEG-0053,D-SK-03,SK,NH-510,bridge_damage,,2017-04-28T15:15:00,2017-05-04T09:39:00,138.4,full,major,97,454.8,False,agri_produce,True,SEG-0054,23.7,BRO (Border Roads Organisation),4487685,598763,384.5,high,2017-18
DSR-01677,SEG-0006,D-AS-02,AS,NH-27,accident_blockage,,2017-05-01T18:45:00,2017-05-02T03:57:00,9.2,partial,moderate,0,0.0,False,agri_produce,True,SEG-0062,94.3,BRO (Border Roads Organisation),278407,0,21.9,low,2017-18
DSR-00250,SEG-0029,D-MN-04,MN,NH-37,landslide,LS-00421,2017-05-04T16:30:00,2017-05-04T23:00:00,6.5,partial,moderate,12,91.3,False,vaccines,True,SEG-0028,112.9,BRO (Border Roads Organisation),509052,345768,133.0,moderate,2017-18
DSR-00338,SEG-0059,D-AR-04,AR,NH-13,landslide,LS-00591,2017-05-05T20:45:00,2017-05-06T01:27:00,4.7,full,major,139,1057.6,True,agri_produce,True,SEG-0058,73.2,SDRF,154124,3785845,198.9,very_high,2017-18
DSR-00259,SEG-0064,D-AR-03,AR,NH-13-W,landslide,LS-00442,2017-05-06T07:00:00,2017-05-09T02:24:00,67.4,full,moderate,43,330.2,False,food_grains,True,SEG-0063,72.6,BRO (Border Roads Organisation),6391246,1182423,94.0,very_high,2017-18
DSR-02095,SEG-0022,D-NL-01,NL,NH-2,fallen_tree,,2017-05-07T16:30:00,2017-05-08T16:24:00,23.9,full,moderate,91,407.8,False,vaccines,True,SEG-0021,51.4,NHIDCL,310408,995867,77.4,high,2017-18
DSR-02040,SEG-0069,D-AS-07,AS,NH-27-DH,fallen_tree,,2017-05-07T18:00:00,2017-05-09T15:36:00,45.6,full,moderate,55,366.3,False,vaccines,True,SEG-0030,57.9,SDRF,764202,1593326,16.9,high,2017-18
DSR-00375,SEG-0060,D-AR-06,AR,NH-13,landslide,LS-00650,2017-05-08T05:15:00,2017-05-08T06:15:00,1.0,partial,minor,116,391.4,True,medicines,True,SEG-0061,98.3,BRO (Border Roads Organisation),76372,1398649,18.4,very_high,2017-18
DSR-00169,SEG-0053,D-SK-03,SK,NH-510,landslide,LS-00288,2017-05-08T12:00:00,2017-05-08T15:24:00,3.4,partial,minor,33,117.5,False,relief_supplies,True,SEG-0054,30.5,NHIDCL,219618,400131,542.7,high,2017-18
DSR-00305,SEG-0028,D-MN-01,MN,NH-37,landslide,LS-00528,2017-05-08T14:00:00,2017-05-09T08:42:00,18.7,full,moderate,24,203.7,True,fuel,True,SEG-0029,84.3,State PWD,701453,764224,422.5,high,2017-18
DSR-00371,SEG-0015,D-ML-02,ML,NH-6,landslide,LS-00644,2017-05-09T22:00:00,2017-05-10T01:18:00,3.3,partial,minor,45,369.3,False,vaccines,True,SEG-0014,41.5,NDRF,403568,477686,342.4,high,2017-18
DSR-00387,SEG-0052,D-SK-01,SK,NH-510,landslide,LS-00670,2017-05-12T18:30:00,2017-05-21T20:54:00,218.4,full,major,219,1803.2,False,relief_supplies,True,SEG-0053,11.2,SDRF,10442435,7329946,183.9,very_high,2017-18
DSR-00322,SEG-0062,D-AS-09,AS,NH-13-W,landslide,LS-00558,2017-05-13T18:00:00,2017-05-13T19:06:00,1.1,partial,minor,17,136.7,True,food_grains,True,SEG-0056,222.3,BRO (Border Roads Organisation),34534,489356,259.5,high,2017-18
DSR-01786,SEG-0026,D-NL-04,NL,NH-29,flood,,2017-05-13T20:00:00,2017-05-18T11:12:00,111.2,full,major,92,329.6,True,agri_produce,True,SEG-0025,62.4,NDRF,5480701,680404,669.2,high,2017-18
DSR-02107,SEG-0044,D-AS-12,AS,NH-8,road_subsidence,,2017-05-13T20:45:00,2017-05-17T03:15:00,78.5,full,major,40,159.7,True,fuel,True,SEG-0045,39.3,NHIDCL,3202954,456587,160.3,low,2017-18
DSR-02068,SEG-0018,D-AS-10,AS,NH-27-SPUR,road_subsidence,,2017-05-14T05:30:00,2017-05-20T16:42:00,155.2,full,major,124,641.6,False,lpg_cylinders,True,SEG-0017,188.0,BRO (Border Roads Organisation),1285869,2917549,326.7,moderate,2017-18
DSR-00249,SEG-0013,D-ML-01,ML,NH-6,landslide,LS-00420,2017-05-14T14:00:00,2017-05-14T19:42:00,5.7,partial,moderate,26,233.6,False,medicines,True,SEG-0012,74.0,SDRF,319406,874492,292.2,very_high,2017-18
DSR-00312,SEG-0014,D-ML-01,ML,NH-6,landslide,LS-00540,2017-05-17T00:15:00,2017-05-17T05:51:00,5.6,partial,moderate,29,239.3,False,medicines,True,SEG-0015,103.2,NDRF,152533,719226,664.1,high,2017-18
DSR-00197,SEG-0057,D-AR-01,AR,NH-15,landslide,LS-00338,2017-05-17T14:45:00,2017-05-17T17:33:00,2.8,partial,moderate,39,344.8,False,medicines,True,SEG-0058,116.2,NHIDCL,185701,1306321,614.9,moderate,2017-18
DSR-00324,SEG-0019,D-ML-03,ML,NH-27-SPUR,landslide,LS-00562,2017-05-19T00:00:00,2017-05-19T08:18:00,8.3,partial,moderate,30,171.1,False,medicines,True,SEG-0018,132.4,NDRF,223365,413642,661.6,moderate,2017-18
DSR-00366,SEG-0046,D-WB-01,WB,NH-10,landslide,LS-00635,2017-05-19T17:45:00,2017-05-20T00:15:00,6.5,partial,moderate,15,62.6,False,relief_supplies,True,SEG-0001,385.5,BRO (Border Roads Organisation),204604,215654,93.4,very_high,2017-18
DSR-00388,SEG-0013,D-ML-01,ML,NH-6,landslide,LS-00671,2017-05-20T03:15:00,2017-05-20T04:15:00,1.0,partial,minor,0,0.0,True,construction_material,True,SEG-0012,54.0,NDRF,136028,0,51.5,very_high,2017-18
DSR-02162,SEG-0071,D-AS-08,AS,NH-36,flood,,2017-05-20T04:45:00,2017-05-20T18:45:00,14.0,full,moderate,93,261.3,False,relief_supplies,True,SEG-0070,224.5,State PWD,553070,557053,461.6,moderate,2017-18
DSR-02279,SEG-0010,D-AS-11,AS,NH-27,flood,,2017-05-22T09:15:00,2017-05-28T14:45:00,149.5,full,major,75,400.1,False,construction_material,True,SEG-0011,81.5,BRO (Border Roads Organisation),4128086,1501016,271.1,low,2017-18
DSR-00204,SEG-0047,D-SK-01,SK,NH-10,landslide,LS-00350,2017-05-24T00:00:00,2017-05-24T01:00:00,1.0,partial,minor,0,0.0,False,construction_material,True,SEG-0048,26.3,State PWD,86100,0,555.3,high,2017-18
DSR-00343,SEG-0062,D-AS-09,AS,NH-13-W,landslide,LS-00599,2017-05-25T12:00:00,2017-05-25T15:24:00,3.4,partial,minor,80,511.1,True,relief_supplies,True,SEG-0006,82.8,SDRF,102217,1267747,11.8,high,2017-18
DSR-01781,SEG-0036,D-MZ-05,MZ,NH-306,fallen_tree,,2017-05-26T15:00:00,2017-05-27T18:18:00,27.3,full,moderate,119,523.9,False,food_grains,True,SEG-0035,55.9,BRO (Border Roads Organisation),1057331,2530968,14.9,high,2017-18
DSR-01726,SEG-0016,D-AS-12,AS,NH-6,fallen_tree,,2017-05-27T06:30:00,2017-05-28T02:24:00,19.9,full,moderate,54,248.5,True,fuel,True,SEG-0015,84.8,BRO (Border Roads Organisation),407616,590231,73.2,low,2017-18
DSR-00349,SEG-0068,D-AS-08,AS,NH-27-DH,landslide,LS-00615,2017-06-01T19:30:00,2017-06-01T20:30:00,1.0,partial,minor,40,227.1,False,vaccines,True,SEG-0069,104.8,NDRF,55035,294882,102.5,high,2017-18
DSR-00320,SEG-0063,D-AR-03,AR,NH-13-W,landslide,LS-00554,2017-06-03T08:30:00,2017-06-29T17:06:00,632.6,full,major,0,0.0,False,relief_supplies,True,SEG-0064,126.8,SDRF,72322819,0,207.2,high,2017-18
DSR-00340,SEG-0066,D-AR-09,AR,NH-315,landslide,LS-00594,2017-06-03T09:00:00,2017-06-04T16:36:00,31.6,full,moderate,50,292.1,True,agri_produce,True,SEG-0065,65.5,NDRF,1865294,574270,143.0,very_high,2017-18
DSR-01870,SEG-0017,D-AS-01,AS,NH-27-SPUR,fallen_tree,,2017-06-04T14:30:00,2017-06-05T16:54:00,26.4,full,moderate,35,307.9,False,construction_material,True,SEG-0018,175.4,State PWD,1274950,635678,185.4,low,2017-18
DSR-00269,SEG-0013,D-ML-01,ML,NH-6,landslide,LS-00457,2017-06-04T16:30:00,2017-06-04T18:48:00,2.3,partial,minor,2,8.5,False,medicines,True,SEG-0012,58.1,NHIDCL,51594,39784,213.4,very_high,2017-18
DSR-00264,SEG-0028,D-MN-01,MN,NH-37,landslide,LS-00451,2017-06-04T18:30:00,2017-06-04T19:30:00,1.0,partial,minor,33,93.8,True,vaccines,True,SEG-0031,79.7,BRO (Border Roads Organisation),114375,403440,609.7,high,2017-18
DSR-02034,SEG-0037,D-MZ-01,MZ,NH-302,accident_blockage,,2017-06-05T08:45:00,2017-06-07T21:15:00,60.5,full,moderate,34,242.2,True,fuel,True,SEG-0034,61.3,SDRF,2900850,729000,37.1,high,2017-18
DSR-00319,SEG-0057,D-AR-01,AR,NH-15,landslide,LS-00553,2017-06-06T11:00:00,2017-06-07T04:42:00,17.7,full,moderate,35,110.5,True,food_grains,True,SEG-0058,127.5,State PWD,2438732,145738,556.4,moderate,2017-18
DSR-02079,SEG-0003,D-AS-10,AS,NH-27,road_subsidence,,2017-06-07T10:45:00,2017-06-16T21:15:00,226.5,full,major,65,580.8,True,vaccines,True,SEG-0002,65.8,NHIDCL,8386953,2493194,375.2,low,2017-18
DSR-00383,SEG-0012,D-AS-01,AS,NH-6,landslide,LS-00662,2017-06-07T14:15:00,2017-06-08T05:15:00,15.0,full,moderate,115,410.1,False,relief_supplies,True,SEG-0017,168.0,State PWD,2015781,776722,501.5,high,2017-18
DSR-01669,SEG-0045,D-AS-12,AS,NH-8,protest_blockade,,2017-06-08T02:30:00,2017-06-09T03:30:00,25.0,full,moderate,45,262.8,False,construction_material,True,SEG-0044,109.1,SDRF,210756,634520,179.2,low,2017-18
DSR-01928,SEG-0064,D-AR-03,AR,NH-13-W,flood,,2017-06-08T06:45:00,2017-06-12T15:21:00,104.6,full,major,143,1144.7,False,medicines,True,SEG-0063,87.2,SDRF,4841628,2725468,569.3,very_high,2017-18
DSR-02025,SEG-0064,D-AR-03,AR,NH-13-W,bridge_damage,,2017-06-09T02:30:00,2017-07-10T18:06:00,759.6,full,catastrophic,87,332.9,True,lpg_cylinders,True,SEG-0063,77.0,SDRF,7249616,771861,154.7,very_high,2017-18
DSR-00386,SEG-0031,D-MN-02,MN,NH-2-S,landslide,LS-00669,2017-06-11T06:30:00,2017-06-11T09:00:00,2.5,partial,minor,63,191.1,False,vaccines,True,SEG-0024,90.5,SDRF,44905,739931,226.4,moderate,2017-18
DSR-00192,SEG-0055,D-SK-04,SK,NH-510,landslide,LS-00329,2017-06-11T09:00:00,2017-06-11T11:06:00,2.1,partial,minor,42,173.4,False,medicines,True,SEG-0054,39.2,BRO (Border Roads Organisation),28767,547542,535.1,very_high,2017-18
DSR-00364,SEG-0034,D-MZ-04,MZ,NH-306,landslide,LS-00633,2017-06-11T19:30:00,2017-06-12T03:18:00,7.8,partial,moderate,99,685.0,True,agri_produce,True,SEG-0035,125.2,NDRF,992934,2932978,574.9,high,2017-18
DSR-00239,SEG-0013,D-ML-01,ML,NH-6,landslide,LS-00405,2017-06-13T03:15:00,2017-06-13T05:21:00,2.1,partial,minor,62,538.8,True,lpg_cylinders,True,SEG-0014,59.2,State PWD,295661,1141260,664.0,very_high,2017-18
DSR-00166,SEG-0057,D-AR-01,AR,NH-15,landslide,LS-00279,2017-06-14T22:45:00,2017-06-16T10:45:00,36.0,full,moderate,87,751.2,False,medicines,True,SEG-0056,227.1,SDRF,3024354,1759795,44.1,moderate,2017-18
DSR-00175,SEG-0050,D-SK-02,SK,NH-310,landslide,LS-00298,2017-06-16T06:00:00,2017-06-16T07:24:00,1.4,partial,minor,0,0.0,False,fuel,True,SEG-0049,36.2,NHIDCL,186544,0,22.6,very_high,2017-18
DSR-00173,SEG-0021,D-NL-02,NL,NH-2,landslide,LS-00296,2017-06-18T09:30:00,2017-06-18T15:24:00,5.9,partial,moderate,56,359.3,True,fuel,True,SEG-0071,48.3,BRO (Border Roads Organisation),594699,419250,56.2,high,2017-18
DSR-00202,SEG-0053,D-SK-03,SK,NH-510,landslide,LS-00345,2017-06-19T00:00:00,2017-06-19T01:00:00,1.0,partial,minor,87,725.1,True,medicines,True,SEG-0052,68.7,NDRF,34174,2737368,365.8,high,2017-18
DSR-00309,SEG-0059,D-AR-04,AR,NH-13,landslide,LS-00534,2017-06-19T10:45:00,2017-06-19T13:39:00,2.9,partial,minor,0,0.0,True,lpg_cylinders,True,SEG-0060,91.7,BRO (Border Roads Organisation),206687,0,331.9,very_high,2017-18
DSR-00238,SEG-0059,D-AR-04,AR,NH-13,landslide,LS-00403,2017-06-22T23:15:00,2017-06-23T00:15:00,1.0,partial,minor,31,100.2,False,vaccines,True,SEG-0060,116.1,NHIDCL,92110,260694,541.5,very_high,2017-18
DSR-01853,SEG-0056,D-AS-09,AS,NH-15,flood,,2017-06-23T16:45:00,2017-06-27T23:15:00,102.5,full,major,17,66.0,True,construction_material,True,SEG-0057,73.8,BRO (Border Roads Organisation),4643671,123684,636.5,low,2017-18
DSR-01718,SEG-0033,D-AS-06,AS,NH-306,flood,,2017-06-25T06:30:00,2017-07-03T07:00:00,192.5,full,major,42,375.5,False,fuel,True,SEG-0016,43.9,BRO (Border Roads Organisation),2761048,1618561,444.5,low,2017-18
DSR-02153,SEG-0012,D-AS-01,AS,NH-6,flood,,2017-06-26T01:45:00,2017-07-03T13:51:00,180.1,full,major,7,43.0,False,construction_material,True,SEG-0013,74.0,NDRF,7045668,55517,361.6,high,2017-18
DSR-02006,SEG-0022,D-NL-01,NL,NH-2,fallen_tree,,2017-06-26T08:45:00,2017-06-27T02:57:00,18.2,full,moderate,10,34.9,False,agri_produce,True,SEG-0023,40.0,BRO (Border Roads Organisation),588098,119452,133.0,high,2017-18
DSR-00350,SEG-0031,D-MN-02,MN,NH-2-S,landslide,LS-00617,2017-06-26T16:45:00,2017-06-26T17:57:00,1.2,partial,minor,53,279.4,False,agri_produce,True,SEG-0032,71.0,SDRF,46365,1167088,354.9,moderate,2017-18
DSR-00342,SEG-0059,D-AR-04,AR,NH-13,landslide,LS-00597,2017-07-01T16:30:00,2017-07-01T22:54:00,6.4,partial,moderate,144,538.3,False,lpg_cylinders,True,SEG-0060,145.6,BRO (Border Roads Organisation),529553,2195775,613.0,very_high,2017-18
DSR-00245,SEG-0031,D-MN-02,MN,NH-2-S,landslide,LS-00413,2017-07-02T12:15:00,2017-07-10T07:27:00,187.2,full,major,71,195.8,False,vaccines,True,SEG-0028,119.3,State PWD,7163071,960155,511.8,moderate,2017-18
DSR-00304,SEG-0061,D-AR-06,AR,NH-13,landslide,LS-00527,2017-07-06T19:30:00,2017-07-07T02:48:00,7.3,partial,moderate,0,0.0,False,medicines,True,SEG-0060,69.1,SDRF,559261,0,466.8,high,2017-18
DSR-02141,SEG-0067,D-AR-07,AR,NH-315,accident_blockage,,2017-07-06T19:45:00,2017-07-07T10:03:00,14.3,full,moderate,12,68.5,False,construction_material,True,SEG-0066,55.0,NDRF,643139,103584,183.9,moderate,2017-18
DSR-00356,SEG-0039,D-TR-01,TR,NH-8,landslide,LS-00624,2017-07-07T07:15:00,2017-07-07T08:27:00,1.2,full,major,106,604.7,True,fuel,True,SEG-0038,155.9,State PWD,36427,2123009,120.3,moderate,2017-18
DSR-00252,SEG-0013,D-ML-01,ML,NH-6,landslide,LS-00424,2017-07-07T10:45:00,2017-07-07T11:45:00,1.0,partial,minor,0,0.0,True,medicines,True,SEG-0014,43.5,BRO (Border Roads Organisation),108192,0,403.9,very_high,2017-18
DSR-01751,SEG-0061,D-AR-06,AR,NH-13,fallen_tree,,2017-07-08T11:15:00,2017-07-09T07:15:00,20.0,full,moderate,54,234.4,False,fuel,True,SEG-0065,73.5,NDRF,290140,602981,150.7,high,2017-18
DSR-01831,SEG-0040,D-TR-03,TR,NH-8,road_subsidence,,2017-07-08T16:30:00,2017-07-13T07:30:00,111.0,full,major,0,0.0,True,fuel,True,SEG-0041,112.6,NHIDCL,1250653,0,357.0,moderate,2017-18
DSR-01802,SEG-0027,D-NL-03,NL,NH-29,bridge_damage,,2017-07-08T21:30:00,2017-08-02T14:12:00,592.7,full,major,89,469.2,True,food_grains,True,SEG-0026,64.0,NDRF,5985487,1560212,304.6,high,2017-18
DSR-02301,SEG-0013,D-ML-01,ML,NH-6,fallen_tree,,2017-07-09T03:15:00,2017-07-09T15:33:00,12.3,full,moderate,59,406.8,True,food_grains,True,SEG-0014,63.5,NHIDCL,176393,579024,197.2,very_high,2017-18
DSR-00292,SEG-0021,D-NL-02,NL,NH-2,landslide,LS-00508,2017-07-09T05:00:00,2017-07-09T18:30:00,13.5,full,moderate,0,0.0,True,lpg_cylinders,True,SEG-0071,36.3,BRO (Border Roads Organisation),1860934,0,582.4,high,2017-18
DSR-01912,SEG-0055,D-SK-04,SK,NH-510,protest_blockade,,2017-07-10T08:45:00,2017-07-12T16:09:00,55.4,full,moderate,61,220.2,False,fuel,True,SEG-0054,19.6,BRO (Border Roads Organisation),1740725,441119,71.0,very_high,2017-18
DSR-02178,SEG-0053,D-SK-03,SK,NH-510,accident_blockage,,2017-07-11T02:30:00,2017-07-12T23:12:00,44.7,full,moderate,102,714.3,True,fuel,True,SEG-0054,25.0,NDRF,2077824,3490667,3.8,high,2017-18
DSR-00303,SEG-0064,D-AR-03,AR,NH-13-W,landslide,LS-00526,2017-07-12T03:45:00,2017-07-16T23:21:00,115.6,full,major,24,91.6,True,medicines,True,SEG-0063,73.3,NHIDCL,6931150,394090,139.9,very_high,2017-18
DSR-00174,SEG-0014,D-ML-01,ML,NH-6,landslide,LS-00297,2017-07-14T11:15:00,2017-07-14T19:39:00,8.4,partial,moderate,26,179.3,False,relief_supplies,True,SEG-0013,60.7,BRO (Border Roads Organisation),703479,437183,352.7,high,2017-18
DSR-02267,SEG-0017,D-AS-01,AS,NH-27-SPUR,flood,,2017-07-14T19:00:00,2017-07-17T08:30:00,61.5,full,moderate,74,532.9,False,construction_material,True,SEG-0005,233.3,BRO (Border Roads Organisation),2268437,1264844,661.8,low,2017-18
DSR-00213,SEG-0057,D-AR-01,AR,NH-15,landslide,LS-00361,2017-07-15T17:15:00,2017-07-15T18:27:00,1.2,partial,minor,78,668.0,True,construction_material,True,SEG-0058,80.2,NDRF,109810,638226,458.9,moderate,2017-18
DSR-02182,SEG-0005,D-AS-01,AS,NH-27,fallen_tree,,2017-07-16T10:00:00,2017-07-17T13:36:00,27.6,full,moderate,31,214.4,False,lpg_cylinders,True,SEG-0006,48.4,State PWD,956658,595987,128.3,low,2017-18
DSR-00190,SEG-0014,D-ML-01,ML,NH-6,landslide,LS-00323,2017-07-19T02:15:00,2017-07-19T04:03:00,1.8,partial,moderate,0,0.0,True,lpg_cylinders,True,SEG-0015,149.4,NHIDCL,91024,0,97.7,high,2017-18
DSR-01817,SEG-0035,D-MZ-01,MZ,NH-306,fallen_tree,,2017-07-20T11:30:00,2017-07-20T18:18:00,6.8,partial,moderate,5,38.7,False,fuel,True,SEG-0034,67.0,NHIDCL,334046,51218,96.3,high,2017-18
DSR-01997,SEG-0051,D-SK-02,SK,NH-310,accident_blockage,,2017-07-20T17:00:00,2017-07-20T20:12:00,3.2,partial,minor,12,39.9,False,lpg_cylinders,True,SEG-0050,26.6,SDRF,32914,82192,70.4,very_high,2017-18
DSR-00212,SEG-0026,D-NL-04,NL,NH-29,landslide,LS-00360,2017-07-21T03:45:00,2017-07-21T10:21:00,6.6,partial,moderate,6,17.9,False,construction_material,True,SEG-0027,41.4,State PWD,518913,49098,391.1,high,2017-18
DSR-00223,SEG-0040,D-TR-03,TR,NH-8,landslide,LS-00376,2017-07-21T06:15:00,2017-07-22T15:03:00,32.8,full,major,169,445.8,False,fuel,True,SEG-0041,94.1,BRO (Border Roads Organisation),863518,1684630,529.5,moderate,2017-18
DSR-00336,SEG-0013,D-ML-01,ML,NH-6,landslide,LS-00586,2017-07-22T04:15:00,2017-07-23T01:57:00,21.7,full,moderate,60,364.8,True,relief_supplies,True,SEG-0012,69.1,SDRF,1095183,1506688,924.3,very_high,2017-18
DSR-00283,SEG-0050,D-SK-02,SK,NH-310,landslide,LS-00484,2017-07-22T21:00:00,2017-07-22T23:24:00,2.4,partial,minor,0,0.0,False,relief_supplies,True,SEG-0051,36.6,State PWD,260972,0,212.7,very_high,2017-18
DSR-01779,SEG-0057,D-AR-01,AR,NH-15,flood,,2017-07-23T03:45:00,2017-07-31T14:51:00,203.1,full,major,43,316.5,False,vaccines,True,SEG-0056,188.8,SDRF,9833826,570998,415.3,moderate,2017-18
DSR-00358,SEG-0034,D-MZ-04,MZ,NH-306,landslide,LS-00627,2017-07-23T05:00:00,2017-07-23T06:30:00,1.5,partial,minor,36,91.4,True,relief_supplies,True,SEG-0033,131.1,NDRF,146312,240149,315.0,high,2017-18
DSR-01697,SEG-0039,D-TR-01,TR,NH-8,flood,,2017-07-23T13:30:00,2017-07-27T10:00:00,92.5,full,major,79,216.6,False,food_grains,True,SEG-0040,36.3,NDRF,2367356,970187,480.6,moderate,2017-18
DSR-00240,SEG-0013,D-ML-01,ML,NH-6,landslide,LS-00406,2017-07-23T17:15:00,2017-07-23T19:57:00,2.7,partial,minor,69,337.1,True,construction_material,True,SEG-0012,77.0,SDRF,229388,431310,649.7,very_high,2017-18
DSR-02049,SEG-0003,D-AS-10,AS,NH-27,protest_blockade,,2017-07-23T17:30:00,2017-07-24T15:48:00,22.3,full,moderate,84,621.2,False,food_grains,True,SEG-0004,82.1,BRO (Border Roads Organisation),1106355,1487711,53.7,low,2017-18
DSR-00277,SEG-0049,D-SK-01,SK,NH-310,landslide,LS-00472,2017-07-24T05:15:00,2017-07-24T11:39:00,6.4,partial,moderate,42,149.3,False,vaccines,True,SEG-0048,18.1,NDRF,448312,675138,488.4,high,2017-18
DSR-00279,SEG-0052,D-SK-01,SK,NH-510,landslide,LS-00474,2017-07-24T08:15:00,2017-07-24T10:15:00,2.0,partial,moderate,36,194.8,True,fuel,True,SEG-0049,45.7,NDRF,75656,552904,344.9,very_high,2017-18
DSR-02053,SEG-0034,D-MZ-04,MZ,NH-306,road_subsidence,,2017-07-26T01:15:00,2017-08-06T16:33:00,279.3,full,major,80,689.1,True,fuel,True,SEG-0037,153.8,BRO (Border Roads Organisation),13137678,2243167,348.4,high,2017-18
DSR-00298,SEG-0046,D-WB-01,WB,NH-10,landslide,LS-00519,2017-07-27T16:00:00,2017-07-27T18:48:00,2.8,partial,minor,2,6.7,False,construction_material,True,SEG-0001,530.9,NHIDCL,255686,35403,162.1,very_high,2017-18
DSR-00359,SEG-0035,D-MZ-01,MZ,NH-306,landslide,LS-00628,2017-07-28T03:00:00,2017-07-28T04:00:00,1.0,partial,minor,0,0.0,True,medicines,True,SEG-0037,161.2,NDRF,72483,0,201.8,high,2017-18
DSR-00367,SEG-0042,D-TR-02,TR,NH-8,landslide,LS-00637,2017-07-28T23:15:00,2017-07-29T01:15:00,2.0,partial,minor,14,110.1,True,relief_supplies,True,SEG-0043,29.4,SDRF,89794,168743,63.5,moderate,2017-18
DSR-00301,SEG-0061,D-AR-06,AR,NH-13,landslide,LS-00524,2017-08-01T01:30:00,2017-08-02T12:24:00,34.9,full,major,46,131.8,True,vaccines,True,SEG-0065,67.3,State PWD,1041376,506087,321.9,high,2017-18
DSR-01773,SEG-0038,D-TR-04,TR,NH-8,accident_blockage,,2017-08-02T00:15:00,2017-08-02T19:39:00,19.4,full,moderate,78,547.3,False,lpg_cylinders,True,SEG-0039,75.9,NDRF,436516,2328461,165.9,very_low,2017-18
DSR-01778,SEG-0019,D-ML-03,ML,NH-27-SPUR,flood,,2017-08-02T17:00:00,2017-08-08T05:24:00,132.4,full,major,75,298.3,False,agri_produce,True,SEG-0018,202.3,NDRF,2430966,1143566,447.2,moderate,2017-18
DSR-00345,SEG-0068,D-AS-08,AS,NH-27-DH,landslide,LS-00604,2017-08-05T03:15:00,2017-08-19T10:45:00,343.5,full,major,102,321.1,True,agri_produce,True,SEG-0069,80.1,NHIDCL,12378072,868229,135.7,high,2017-18
DSR-02172,SEG-0041,D-TR-03,TR,NH-8,fallen_tree,,2017-08-05T03:15:00,2017-08-05T08:45:00,5.5,partial,minor,0,0.0,True,lpg_cylinders,True,SEG-0042,29.3,NHIDCL,149536,0,31.2,low,2017-18
DSR-00196,SEG-0055,D-SK-04,SK,NH-510,landslide,LS-00336,2017-08-08T05:45:00,2017-08-08T22:03:00,16.3,full,moderate,59,313.2,True,vaccines,True,SEG-0054,26.9,NDRF,639503,902300,353.5,very_high,2017-18
DSR-00198,SEG-0048,D-SK-01,SK,NH-10,landslide,LS-00340,2017-08-09T05:15:00,2017-08-09T06:15:00,1.0,partial,minor,0,0.0,False,medicines,True,SEG-0049,45.1,BRO (Border Roads Organisation),55907,0,588.1,high,2017-18
DSR-02234,SEG-0041,D-TR-03,TR,NH-8,flood,,2017-08-09T08:15:00,2017-08-15T04:15:00,140.0,full,major,70,490.1,False,fuel,True,SEG-0040,46.8,SDRF,4509387,1172685,584.9,low,2017-18
DSR-00294,SEG-0050,D-SK-02,SK,NH-310,landslide,LS-00511,2017-08-09T10:00:00,2017-08-09T11:00:00,1.0,partial,minor,39,271.4,True,relief_supplies,True,SEG-0051,37.3,State PWD,103970,827085,92.1,very_high,2017-18
DSR-00274,SEG-0052,D-SK-01,SK,NH-510,landslide,LS-00469,2017-08-13T13:15:00,2017-08-13T19:15:00,6.0,partial,minor,0,0.0,True,relief_supplies,True,SEG-0048,40.0,NDRF,315087,0,66.8,very_high,2017-18
DSR-00281,SEG-0013,D-ML-01,ML,NH-6,landslide,LS-00479,2017-08-13T15:15:00,2017-08-13T17:21:00,2.1,partial,minor,15,49.3,False,construction_material,True,SEG-0014,68.6,BRO (Border Roads Organisation),51986,129606,278.8,very_high,2017-18
DSR-00323,SEG-0066,D-AR-09,AR,NH-315,landslide,LS-00560,2017-08-14T06:00:00,2017-08-14T11:12:00,5.2,partial,minor,0,0.0,False,medicines,True,SEG-0067,95.2,BRO (Border Roads Organisation),268730,0,161.7,very_high,2017-18
DSR-00361,SEG-0021,D-NL-02,NL,NH-2,landslide,LS-00630,2017-08-15T01:15:00,2017-08-15T13:33:00,12.3,full,moderate,7,30.1,False,lpg_cylinders,True,SEG-0022,26.1,NDRF,1645923,138300,106.8,high,2017-18
DSR-01874,SEG-0005,D-AS-01,AS,NH-27,road_subsidence,,2017-08-17T23:45:00,2017-08-18T05:15:00,5.5,partial,minor,35,265.6,False,food_grains,True,SEG-0006,52.7,State PWD,111223,743510,190.9,low,2017-18
DSR-00234,SEG-0019,D-ML-03,ML,NH-27-SPUR,landslide,LS-00396,2017-08-19T08:15:00,2017-08-19T17:09:00,8.9,partial,moderate,32,216.2,True,medicines,True,SEG-0018,173.0,SDRF,1021485,310284,860.9,moderate,2017-18
DSR-00344,SEG-0054,D-SK-03,SK,NH-510,landslide,LS-00601,2017-08-19T22:45:00,2017-08-22T09:51:00,59.1,full,moderate,37,135.8,True,relief_supplies,True,SEG-0055,14.2,NDRF,3605977,438586,261.5,high,2017-18
DSR-00380,SEG-0012,D-AS-01,AS,NH-6,landslide,LS-00657,2017-08-19T23:00:00,2017-08-20T08:00:00,9.0,partial,moderate,0,0.0,False,agri_produce,True,SEG-0005,150.1,State PWD,754815,0,343.6,high,2017-18
DSR-01812,SEG-0018,D-AS-10,AS,NH-27-SPUR,fallen_tree,,2017-08-23T22:30:00,2017-08-24T12:48:00,14.3,full,moderate,110,740.3,False,relief_supplies,True,SEG-0017,157.9,BRO (Border Roads Organisation),321567,1608190,8.1,moderate,2017-18
DSR-00253,SEG-0012,D-AS-01,AS,NH-6,landslide,LS-00426,2017-08-26T08:30:00,2017-08-26T09:30:00,1.0,partial,minor,0,0.0,False,medicines,True,SEG-0013,88.9,State PWD,78423,0,174.2,high,2017-18
DSR-00332,SEG-0013,D-ML-01,ML,NH-6,landslide,LS-00580,2017-08-26T09:30:00,2017-08-29T21:48:00,84.3,full,major,101,479.5,True,medicines,True,SEG-0012,63.7,BRO (Border Roads Organisation),8847664,1925061,627.8,very_high,2017-18
DSR-00219,SEG-0064,D-AR-03,AR,NH-13-W,landslide,LS-00371,2017-08-26T16:15:00,2017-08-27T01:33:00,9.3,partial,moderate,13,34.2,False,relief_supplies,True,SEG-0063,55.5,NHIDCL,231074,153364,417.2,very_high,2017-18
DSR-01764,SEG-0030,D-MN-04,MN,NH-37,accident_blockage,,2017-09-01T16:45:00,2017-09-02T08:09:00,15.4,full,moderate,42,121.2,True,medicines,True,SEG-0033,101.9,NHIDCL,441955,394604,179.5,moderate,2017-18
DSR-00222,SEG-0062,D-AS-09,AS,NH-13-W,landslide,LS-00375,2017-09-02T11:45:00,2017-09-02T18:03:00,6.3,partial,moderate,0,0.0,True,fuel,True,SEG-0006,83.3,BRO (Border Roads Organisation),583715,0,57.5,high,2017-18
DSR-00357,SEG-0063,D-AR-03,AR,NH-13-W,landslide,LS-00626,2017-09-04T06:30:00,2017-09-04T13:12:00,6.7,partial,moderate,9,29.5,False,relief_supplies,True,SEG-0062,63.8,State PWD,371936,101057,342.6,high,2017-18
DSR-01631,SEG-0003,D-AS-10,AS,NH-27,flood,,2017-09-04T08:45:00,2017-09-08T14:15:00,101.5,full,major,60,224.8,True,construction_material,True,SEG-0004,104.5,NHIDCL,2489943,690120,649.6,low,2017-18
DSR-01650,SEG-0036,D-MZ-05,MZ,NH-306,flood,,2017-09-06T01:15:00,2017-09-09T13:03:00,83.8,full,major,0,0.0,True,agri_produce,True,SEG-0035,126.2,NHIDCL,4089098,0,408.7,high,2017-18
DSR-00316,SEG-0013,D-ML-01,ML,NH-6,landslide,LS-00548,2017-09-06T11:15:00,2017-09-06T20:03:00,8.8,partial,moderate,16,116.8,False,vaccines,True,SEG-0014,87.8,NDRF,431582,467200,396.4,very_high,2017-18
DSR-01966,SEG-0067,D-AR-07,AR,NH-315,road_subsidence,,2017-09-06T14:30:00,2017-09-26T00:54:00,466.4,full,major,0,0.0,False,construction_material,True,SEG-0066,87.3,State PWD,16002143,0,247.0,moderate,2017-18
DSR-00293,SEG-0050,D-SK-02,SK,NH-310,landslide,LS-00510,2017-09-17T04:00:00,2017-09-17T08:12:00,4.2,partial,minor,1,7.6,False,vaccines,True,SEG-0051,19.7,NDRF,573176,19697,233.7,very_high,2017-18
DSR-00185,SEG-0014,D-ML-01,ML,NH-6,landslide,LS-00317,2017-09-20T16:30:00,2017-09-20T17:36:00,1.1,partial,minor,41,261.7,True,medicines,True,SEG-0013,88.8,NHIDCL,24135,730709,113.9,high,2017-18
DSR-00244,SEG-0051,D-SK-02,SK,NH-310,landslide,LS-00412,2017-09-22T02:00:00,2017-09-22T09:36:00,7.6,partial,moderate,77,336.5,True,food_grains,True,SEG-0050,28.1,SDRF,314969,1197529,377.6,very_high,2017-18
DSR-00206,SEG-0059,D-AR-04,AR,NH-13,landslide,LS-00353,2017-09-23T21:15:00,2017-09-25T06:15:00,33.0,full,major,82,496.9,True,fuel,True,SEG-0060,69.2,NHIDCL,3549696,1009541,108.3,very_high,2017-18
DSR-02176,SEG-0039,D-TR-01,TR,NH-8,accident_blockage,,2017-09-24T09:45:00,2017-09-25T03:03:00,17.3,full,moderate,48,211.0,True,lpg_cylinders,True,SEG-0040,45.9,SDRF,711529,798323,176.1,moderate,2017-18
DSR-01808,SEG-0058,D-AR-01,AR,NH-13,flood,,2017-09-26T20:30:00,2017-09-28T17:24:00,44.9,full,moderate,20,100.4,False,construction_material,True,SEG-0056,238.7,NHIDCL,1061939,216078,281.6,high,2017-18
DSR-02000,SEG-0005,D-AS-01,AS,NH-27,protest_blockade,,2017-10-02T16:30:00,2017-10-03T00:48:00,8.3,partial,moderate,48,323.0,False,lpg_cylinders,True,SEG-0004,92.6,BRO (Border Roads Organisation),199934,1068729,147.9,low,2017-18
DSR-01850,SEG-0020,D-ML-04,ML,NH-27-SPUR,flood,,2017-10-13T00:00:00,2017-10-18T04:48:00,124.8,full,major,77,552.1,True,lpg_cylinders,True,SEG-0019,103.7,NDRF,1859486,1842080,327.6,moderate,2017-18
DSR-00178,SEG-0064,D-AR-03,AR,NH-13-W,landslide,LS-00302,2017-10-25T17:00:00,2017-10-25T19:54:00,2.9,partial,moderate,14,73.4,False,food_grains,True,SEG-0063,72.7,SDRF,87001,266294,369.6,very_high,2017-18
DSR-00172,SEG-0032,D-MN-01,MN,NH-2-S,landslide,LS-00295,2017-10-28T11:00:00,2017-11-01T02:48:00,87.8,full,major,49,269.1,False,construction_material,True,SEG-0028,106.9,State PWD,2933272,263248,139.0,high,2017-18
DSR-02302,SEG-0012,D-AS-01,AS,NH-6,maintenance,,2017-11-02T15:00:00,2017-11-05T13:30:00,70.5,full,moderate,58,193.8,True,fuel,True,SEG-0005,156.5,SDRF,815172,712045,8.4,high,2017-18
DSR-00339,SEG-0058,D-AR-01,AR,NH-13,landslide,LS-00592,2017-11-10T22:30:00,2017-11-11T04:18:00,5.8,partial,moderate,40,201.2,False,construction_material,True,SEG-0056,203.5,SDRF,452429,826140,560.0,high,2017-18
DSR-00237,SEG-0054,D-SK-03,SK,NH-510,landslide,LS-00401,2017-11-18T06:15:00,2017-11-19T01:33:00,19.3,full,moderate,81,698.4,False,medicines,True,SEG-0053,17.7,BRO (Border Roads Organisation),354824,2453293,30.4,high,2017-18
DSR-02260,SEG-0059,D-AR-04,AR,NH-13,protest_blockade,,2017-12-16T01:00:00,2017-12-16T07:54:00,6.9,partial,moderate,32,87.9,False,fuel,True,SEG-0058,102.9,BRO (Border Roads Organisation),259237,269189,172.7,very_high,2017-18
DSR-00311,SEG-0014,D-ML-01,ML,NH-6,landslide,LS-00539,2017-12-18T11:45:00,2017-12-18T12:45:00,1.0,partial,minor,0,0.0,False,construction_material,True,SEG-0015,111.0,NDRF,48939,0,354.1,high,2017-18
DSR-02115,SEG-0039,D-TR-01,TR,NH-8,maintenance,,2018-01-02T14:30:00,2018-01-03T00:00:00,9.5,partial,moderate,15,52.1,False,fuel,True,SEG-0040,41.2,SDRF,239444,244350,39.0,moderate,2017-18
DSR-01875,SEG-0025,D-NL-01,NL,NH-29,maintenance,,2018-01-04T20:30:00,2018-01-05T21:00:00,24.5,full,moderate,120,741.6,True,food_grains,True,SEG-0026,87.1,NDRF,1151995,1862641,33.3,high,2017-18
DSR-01907,SEG-0046,D-WB-01,WB,NH-10,maintenance,,2018-01-05T03:15:00,2018-01-05T10:45:00,7.5,partial,moderate,20,76.6,True,relief_supplies,True,SEG-0047,9.8,State PWD,78714,305321,20.2,very_high,2017-18
DSR-00165,SEG-0036,D-MZ-05,MZ,NH-306,landslide,LS-00278,2018-01-27T22:15:00,2018-01-27T23:51:00,1.6,partial,minor,0,0.0,True,food_grains,True,SEG-0035,112.4,NHIDCL,184605,0,529.4,high,2017-18
DSR-00187,SEG-0027,D-NL-03,NL,NH-29,landslide,LS-00320,2018-02-27T08:00:00,2018-02-27T09:54:00,1.9,partial,minor,76,315.8,False,construction_material,True,SEG-0026,59.4,BRO (Border Roads Organisation),235250,1037764,48.4,high,2017-18
DSR-00360,SEG-0065,D-AR-05,AR,NH-315,landslide,LS-00629,2018-03-01T17:45:00,2018-03-05T06:39:00,84.9,full,catastrophic,78,698.6,False,vaccines,True,SEG-0061,93.9,NHIDCL,3119658,1712024,120.4,high,2017-18
DSR-02008,SEG-0029,D-MN-04,MN,NH-37,maintenance,,2018-03-01T19:30:00,2018-03-04T19:00:00,71.5,full,moderate,93,405.8,False,vaccines,True,SEG-0028,120.9,BRO (Border Roads Organisation),3406342,813137,12.6,moderate,2017-18
DSR-02271,SEG-0015,D-ML-02,ML,NH-6,accident_blockage,,2018-03-05T03:45:00,2018-03-05T15:45:00,12.0,partial,moderate,0,0.0,False,lpg_cylinders,True,SEG-0045,32.0,SDRF,583665,0,69.2,high,2017-18
DSR-00182,SEG-0059,D-AR-04,AR,NH-13,landslide,LS-00309,2018-03-05T09:00:00,2018-03-05T23:00:00,14.0,full,moderate,133,1011.6,False,food_grains,True,SEG-0060,92.8,BRO (Border Roads Organisation),1961550,4218204,481.8,very_high,2017-18
DSR-02076,SEG-0054,D-SK-03,SK,NH-510,maintenance,,2018-03-15T02:15:00,2018-03-18T04:45:00,74.5,full,major,51,432.0,False,construction_material,True,SEG-0053,13.2,SDRF,3605004,647226,3.7,high,2017-18
DSR-00328,SEG-0054,D-SK-03,SK,NH-510,landslide,LS-00570,2018-03-24T18:00:00,2018-03-24T19:00:00,1.0,partial,minor,0,0.0,False,relief_supplies,True,SEG-0053,14.6,State PWD,55784,0,228.5,high,2017-18
DSR-01962,SEG-0056,D-AS-09,AS,NH-15,flood,,2018-04-05T01:30:00,2018-04-06T19:18:00,41.8,full,moderate,49,182.5,False,fuel,True,SEG-0007,137.1,BRO (Border Roads Organisation),632940,461926,299.8,low,2017-18
DSR-00171,SEG-0050,D-SK-02,SK,NH-310,landslide,LS-00294,2018-04-06T12:00:00,2018-04-06T13:00:00,1.0,partial,minor,15,39.6,True,agri_produce,True,SEG-0049,34.6,State PWD,26096,181573,111.7,very_high,2017-18
DSR-01674,SEG-0042,D-TR-02,TR,NH-8,accident_blockage,,2018-04-09T12:45:00,2018-04-09T19:21:00,6.6,partial,moderate,0,0.0,False,food_grains,True,SEG-0041,59.8,NDRF,88690,0,38.8,moderate,2017-18
DSR-00335,SEG-0028,D-MN-01,MN,NH-37,landslide,LS-00584,2018-04-11T10:30:00,2018-04-12T00:12:00,13.7,full,moderate,21,162.1,False,food_grains,True,SEG-0029,60.1,BRO (Border Roads Organisation),1504520,685020,331.6,high,2017-18
DSR-00275,SEG-0049,D-SK-01,SK,NH-310,landslide,LS-00470,2018-04-12T16:30:00,2018-04-12T17:30:00,1.0,partial,minor,15,105.6,False,construction_material,True,SEG-0048,19.1,NHIDCL,27811,105500,98.9,high,2017-18
DSR-02164,SEG-0041,D-TR-03,TR,NH-8,road_subsidence,,2018-04-14T09:45:00,2018-04-18T06:57:00,93.2,full,major,0,0.0,False,fuel,True,SEG-0040,55.6,NHIDCL,1154012,0,302.3,low,2017-18
DSR-00268,SEG-0034,D-MZ-04,MZ,NH-306,landslide,LS-00456,2018-04-21T08:15:00,2018-04-25T18:39:00,106.4,full,major,0,0.0,True,vaccines,True,SEG-0037,109.3,State PWD,12479751,0,258.7,high,2017-18
DSR-00378,SEG-0013,D-ML-01,ML,NH-6,landslide,LS-00653,2018-04-22T11:45:00,2018-04-22T15:03:00,3.3,partial,minor,58,510.6,True,lpg_cylinders,True,SEG-0012,52.7,BRO (Border Roads Organisation),286434,2121798,828.3,very_high,2017-18
DSR-00276,SEG-0064,D-AR-03,AR,NH-13-W,landslide,LS-00471,2018-04-23T12:15:00,2018-04-23T13:15:00,1.0,partial,minor,0,0.0,False,fuel,True,SEG-0063,66.2,BRO (Border Roads Organisation),87115,0,150.5,very_high,2017-18
DSR-00209,SEG-0030,D-MN-04,MN,NH-37,landslide,LS-00357,2018-04-25T20:30:00,2018-04-25T21:30:00,1.0,partial,minor,31,209.5,True,vaccines,True,SEG-0029,97.9,NHIDCL,51791,640352,119.7,moderate,2017-18
DSR-01707,SEG-0042,D-TR-02,TR,NH-8,flood,,2018-04-27T23:45:00,2018-04-30T01:15:00,49.5,full,moderate,92,373.7,False,medicines,True,SEG-0041,83.3,BRO (Border Roads Organisation),1780289,1068334,694.0,moderate,2017-18
DSR-02219,SEG-0029,D-MN-04,MN,NH-37,protest_blockade,,2018-05-01T01:00:00,2018-05-01T22:06:00,21.1,full,moderate,34,93.4,False,fuel,True,SEG-0030,54.9,SDRF,368620,390725,104.1,moderate,2017-18
DSR-00261,SEG-0048,D-SK-01,SK,NH-10,landslide,LS-00447,2018-05-02T08:15:00,2018-05-02T09:15:00,1.0,partial,minor,16,135.7,True,relief_supplies,True,SEG-0049,30.7,BRO (Border Roads Organisation),108691,566361,574.9,high,2017-18
DSR-02161,SEG-0070,D-AS-02,AS,NH-36,road_subsidence,,2018-05-02T22:45:00,2018-05-09T01:15:00,146.5,full,major,113,544.5,False,relief_supplies,True,SEG-0071,65.2,SDRF,1809073,1989463,318.6,low,2017-18
DSR-00351,SEG-0047,D-SK-01,SK,NH-10,landslide,LS-00618,2018-05-04T08:45:00,2018-05-04T09:45:00,1.0,partial,minor,52,392.5,True,agri_produce,True,SEG-0046,103.3,NHIDCL,37066,953615,36.2,high,2017-18
DSR-00167,SEG-0063,D-AR-03,AR,NH-13-W,landslide,LS-00281,2018-05-05T13:00:00,2018-05-05T14:12:00,1.2,partial,minor,0,0.0,False,food_grains,True,SEG-0064,166.6,BRO (Border Roads Organisation),140025,0,84.5,high,2017-18
DSR-00362,SEG-0070,D-AS-02,AS,NH-36,landslide,LS-00631,2018-05-05T17:30:00,2018-05-05T20:00:00,2.5,partial,minor,0,0.0,False,medicines,True,SEG-0006,47.3,BRO (Border Roads Organisation),131015,0,250.5,low,2017-18
DSR-00287,SEG-0065,D-AR-05,AR,NH-315,landslide,LS-00501,2018-05-06T08:00:00,2018-05-06T10:48:00,2.8,partial,minor,50,155.5,False,medicines,True,SEG-0066,57.6,SDRF,85873,627089,6.3,high,2017-18
DSR-00211,SEG-0030,D-MN-04,MN,NH-37,landslide,LS-00359,2018-05-07T19:00:00,2018-05-07T20:00:00,1.0,partial,minor,54,144.2,True,agri_produce,True,SEG-0033,151.5,SDRF,27564,407809,281.2,moderate,2017-18
DSR-01694,SEG-0045,D-AS-12,AS,NH-8,flood,,2018-05-07T22:15:00,2018-05-12T09:39:00,107.4,full,major,116,437.4,False,food_grains,True,SEG-0015,171.5,SDRF,2224480,1279817,443.9,low,2017-18
DSR-02163,SEG-0033,D-AS-06,AS,NH-306,accident_blockage,,2018-05-08T01:00:00,2018-05-08T13:48:00,12.8,full,moderate,124,463.0,False,vaccines,True,SEG-0034,67.6,State PWD,272093,1153921,31.4,low,2017-18
DSR-00265,SEG-0061,D-AR-06,AR,NH-13,landslide,LS-00452,2018-05-09T06:00:00,2018-05-10T03:36:00,21.6,full,moderate,62,442.0,False,lpg_cylinders,True,SEG-0065,83.0,BRO (Border Roads Organisation),1860267,1432274,149.9,high,2017-18
DSR-00379,SEG-0052,D-SK-01,SK,NH-510,landslide,LS-00656,2018-05-09T19:30:00,2018-05-11T18:18:00,46.8,full,moderate,50,182.9,False,relief_supplies,True,SEG-0049,33.6,State PWD,1418650,533872,351.6,very_high,2017-18
DSR-02016,SEG-0041,D-TR-03,TR,NH-8,bridge_damage,,2018-05-10T19:45:00,2018-06-10T21:27:00,745.7,full,catastrophic,55,193.0,False,relief_supplies,True,SEG-0040,72.1,State PWD,16847641,642328,264.7,low,2017-18
DSR-00194,SEG-0069,D-AS-07,AS,NH-27-DH,landslide,LS-00334,2018-05-14T04:30:00,2018-05-14T06:00:00,1.5,partial,minor,0,0.0,False,medicines,True,SEG-0016,36.8,NDRF,79239,0,261.7,high,2017-18
DSR-00228,SEG-0054,D-SK-03,SK,NH-510,landslide,LS-00387,2018-05-15T09:15:00,2018-05-15T12:15:00,3.0,partial,minor,24,141.2,True,construction_material,True,SEG-0055,16.5,NDRF,181157,592133,527.6,high,2017-18
DSR-00280,SEG-0071,D-AS-08,AS,NH-36,landslide,LS-00478,2018-05-16T10:00:00,2018-05-17T03:12:00,17.2,full,moderate,62,425.8,False,fuel,True,SEG-0070,213.8,NHIDCL,827446,1509074,73.0,moderate,2017-18
DSR-00321,SEG-0052,D-SK-01,SK,NH-510,landslide,LS-00556,2018-05-17T04:15:00,2018-05-17T06:33:00,2.3,partial,minor,0,0.0,False,food_grains,True,SEG-0048,35.6,NHIDCL,61942,0,334.5,very_high,2017-18
DSR-00220,SEG-0034,D-MZ-04,MZ,NH-306,landslide,LS-00373,2018-05-19T20:15:00,2018-05-19T22:27:00,2.2,partial,minor,67,187.0,False,construction_material,True,SEG-0037,117.0,State PWD,158760,462556,390.5,high,2017-18
DSR-00297,SEG-0013,D-ML-01,ML,NH-6,landslide,LS-00517,2018-05-20T16:15:00,2018-05-20T18:39:00,2.4,partial,moderate,4,32.0,False,construction_material,True,SEG-0014,58.9,BRO (Border Roads Organisation),212024,81219,459.6,very_high,2017-18
DSR-02220,SEG-0061,D-AR-06,AR,NH-13,protest_blockade,,2018-05-22T18:15:00,2018-05-23T02:15:00,8.0,partial,moderate,0,0.0,False,agri_produce,True,SEG-0060,134.5,State PWD,93360,0,68.7,high,2017-18
DSR-00168,SEG-0024,D-MN-05,MN,NH-2,landslide,LS-00282,2018-05-26T08:15:00,2018-05-26T09:15:00,1.0,partial,minor,67,235.0,False,fuel,True,SEG-0028,77.9,NHIDCL,30388,1077251,272.8,high,2017-18
DSR-01793,SEG-0071,D-AS-08,AS,NH-36,fallen_tree,,2018-05-27T14:15:00,2018-05-28T11:45:00,21.5,full,moderate,30,145.3,False,medicines,True,SEG-0021,109.2,NHIDCL,1071747,501451,51.2,moderate,2017-18
DSR-01696,SEG-0029,D-MN-04,MN,NH-37,flood,,2018-05-27T18:30:00,2018-06-01T18:54:00,120.4,full,major,185,861.5,True,food_grains,True,SEG-0030,69.0,BRO (Border Roads Organisation),945965,3029962,654.3,moderate,2017-18
DSR-02110,SEG-0030,D-MN-04,MN,NH-37,fallen_tree,,2018-06-01T02:15:00,2018-06-01T07:15:00,5.0,partial,minor,26,174.6,True,fuel,True,SEG-0029,106.2,NHIDCL,170808,435301,2.8,moderate,2017-18
DSR-00315,SEG-0018,D-AS-10,AS,NH-27-SPUR,landslide,LS-00546,2018-06-01T04:30:00,2018-06-03T19:36:00,63.1,full,major,100,747.4,True,lpg_cylinders,True,SEG-0019,92.4,NHIDCL,6099677,2861409,54.0,moderate,2017-18
DSR-01710,SEG-0029,D-MN-04,MN,NH-37,accident_blockage,,2018-06-01T13:15:00,2018-06-02T13:45:00,24.5,full,moderate,61,179.5,False,relief_supplies,True,SEG-0028,62.8,SDRF,957143,699097,162.1,moderate,2017-18
DSR-00374,SEG-0048,D-SK-01,SK,NH-10,landslide,LS-00649,2018-06-02T12:15:00,2018-06-02T19:03:00,6.8,partial,moderate,0,0.0,True,fuel,True,SEG-0047,7.6,NDRF,441950,0,265.9,high,2017-18
DSR-00247,SEG-0021,D-NL-02,NL,NH-2,landslide,LS-00416,2018-06-04T00:45:00,2018-06-04T05:45:00,5.0,partial,moderate,0,0.0,True,agri_produce,True,SEG-0022,36.0,State PWD,437281,0,101.6,high,2017-18
DSR-00266,SEG-0064,D-AR-03,AR,NH-13-W,landslide,LS-00453,2018-06-04T13:30:00,2018-06-04T14:48:00,1.3,partial,minor,0,0.0,False,fuel,True,SEG-0063,66.0,State PWD,93293,0,96.0,very_high,2017-18
DSR-00302,SEG-0015,D-ML-02,ML,NH-6,landslide,LS-00525,2018-06-04T18:00:00,2018-06-05T01:54:00,7.9,partial,moderate,30,210.8,True,fuel,True,SEG-0045,28.9,NHIDCL,178379,567654,411.2,high,2017-18
DSR-02249,SEG-0014,D-ML-01,ML,NH-6,fallen_tree,,2018-06-05T04:30:00,2018-06-05T11:12:00,6.7,partial,moderate,0,0.0,True,lpg_cylinders,True,SEG-0015,114.9,State PWD,263268,0,194.9,high,2017-18
DSR-00195,SEG-0013,D-ML-01,ML,NH-6,landslide,LS-00335,2018-06-07T14:00:00,2018-06-08T01:18:00,11.3,partial,moderate,0,0.0,False,construction_material,True,SEG-0012,48.9,BRO (Border Roads Organisation),1480625,0,796.2,very_high,2017-18
DSR-00308,SEG-0031,D-MN-02,MN,NH-2-S,landslide,LS-00531,2018-06-07T17:30:00,2018-06-07T18:54:00,1.4,partial,minor,82,596.2,True,lpg_cylinders,True,SEG-0032,57.2,NHIDCL,84768,1933187,208.0,moderate,2017-18
DSR-02232,SEG-0017,D-AS-01,AS,NH-27-SPUR,protest_blockade,,2018-06-08T08:00:00,2018-06-09T08:12:00,24.2,full,moderate,16,69.5,False,vaccines,True,SEG-0004,60.6,NHIDCL,631094,256229,41.8,low,2017-18
DSR-00300,SEG-0032,D-MN-01,MN,NH-2-S,landslide,LS-00523,2018-06-09T00:00:00,2018-06-09T02:06:00,2.1,partial,minor,0,0.0,False,relief_supplies,True,SEG-0031,86.9,SDRF,86117,0,326.7,high,2017-18
DSR-00189,SEG-0047,D-SK-01,SK,NH-10,landslide,LS-00322,2018-06-10T04:00:00,2018-06-13T11:54:00,79.9,full,major,134,650.8,False,fuel,True,SEG-0046,100.5,SDRF,9259856,1656810,241.5,high,2017-18
DSR-01948,SEG-0038,D-TR-04,TR,NH-8,flood,,2018-06-10T20:30:00,2018-06-16T03:42:00,127.2,full,major,3,14.7,False,construction_material,True,SEG-0039,103.0,SDRF,2425900,26466,385.4,very_low,2017-18
DSR-00347,SEG-0064,D-AR-03,AR,NH-13-W,landslide,LS-00612,2018-06-11T00:00:00,2018-06-12T15:06:00,39.1,full,major,82,345.6,False,food_grains,True,SEG-0063,55.9,NHIDCL,1518258,1611710,561.1,very_high,2017-18
DSR-00354,SEG-0032,D-MN-01,MN,NH-2-S,landslide,LS-00621,2018-06-11T12:15:00,2018-06-11T21:09:00,8.9,full,major,75,294.3,False,relief_supplies,True,SEG-0031,114.6,NDRF,110384,1116592,539.9,high,2017-18
DSR-00184,SEG-0063,D-AR-03,AR,NH-13-W,landslide,LS-00313,2018-06-11T12:45:00,2018-06-11T16:33:00,3.8,partial,minor,0,0.0,True,lpg_cylinders,True,SEG-0064,162.1,NDRF,202334,0,451.5,high,2017-18
DSR-00286,SEG-0059,D-AR-04,AR,NH-13,landslide,LS-00499,2018-06-12T03:15:00,2018-06-12T11:15:00,8.0,partial,moderate,99,483.8,False,lpg_cylinders,True,SEG-0060,157.2,BRO (Border Roads Organisation),346953,873977,531.3,very_high,2017-18
DSR-00215,SEG-0035,D-MZ-01,MZ,NH-306,landslide,LS-00364,2018-06-13T05:45:00,2018-06-13T06:45:00,1.0,partial,minor,0,0.0,False,relief_supplies,True,SEG-0036,68.7,NHIDCL,77876,0,323.7,high,2017-18
DSR-00242,SEG-0042,D-TR-02,TR,NH-8,landslide,LS-00410,2018-06-13T18:45:00,2018-06-13T23:33:00,4.8,partial,moderate,72,550.6,False,medicines,True,SEG-0041,111.9,BRO (Border Roads Organisation),100829,2239231,269.5,moderate,2017-18
DSR-02167,SEG-0033,D-AS-06,AS,NH-306,accident_blockage,,2018-06-13T21:15:00,2018-06-14T03:27:00,6.2,partial,moderate,0,0.0,True,construction_material,True,SEG-0030,81.3,NDRF,178764,0,182.1,low,2017-18
DSR-00331,SEG-0014,D-ML-01,ML,NH-6,landslide,LS-00578,2018-06-14T12:15:00,2018-06-14T13:15:00,1.0,partial,minor,111,813.6,False,construction_material,True,SEG-0013,85.6,State PWD,28935,1517471,531.6,high,2017-18
DSR-00272,SEG-0069,D-AS-07,AS,NH-27-DH,landslide,LS-00463,2018-06-14T16:15:00,2018-06-14T20:21:00,4.1,partial,minor,0,0.0,True,agri_produce,True,SEG-0033,114.1,SDRF,147354,0,230.9,high,2017-18
DSR-02043,SEG-0027,D-NL-03,NL,NH-29,protest_blockade,,2018-06-15T01:00:00,2018-06-15T16:54:00,15.9,full,moderate,34,196.6,False,vaccines,True,SEG-0026,86.4,BRO (Border Roads Organisation),210555,504333,51.3,high,2017-18
DSR-02214,SEG-0013,D-ML-01,ML,NH-6,protest_blockade,,2018-06-15T21:15:00,2018-06-16T14:15:00,17.0,full,moderate,7,24.8,True,medicines,True,SEG-0014,60.9,NDRF,267644,99789,186.7,very_high,2017-18
DSR-00333,SEG-0034,D-MZ-04,MZ,NH-306,landslide,LS-00581,2018-06-18T07:45:00,2018-06-18T08:45:00,1.0,partial,minor,9,79.5,True,lpg_cylinders,True,SEG-0033,85.7,State PWD,89892,347961,16.9,high,2017-18
DSR-00226,SEG-0026,D-NL-04,NL,NH-29,landslide,LS-00380,2018-06-19T22:15:00,2018-06-20T00:21:00,2.1,partial,minor,16,114.7,True,agri_produce,True,SEG-0025,84.2,State PWD,57300,318949,436.0,high,2017-18
DSR-02012,SEG-0011,D-AS-04,AS,NH-27,bridge_damage,,2018-06-20T06:15:00,2018-07-05T13:27:00,367.2,full,major,41,317.1,True,fuel,True,SEG-0010,82.9,State PWD,13408716,529692,195.1,low,2017-18
DSR-02109,SEG-0066,D-AR-09,AR,NH-315,fallen_tree,,2018-06-20T07:45:00,2018-06-20T15:51:00,8.1,partial,moderate,0,0.0,False,vaccines,True,SEG-0065,56.2,NHIDCL,88948,0,49.3,very_high,2017-18
DSR-00208,SEG-0039,D-TR-01,TR,NH-8,landslide,LS-00356,2018-06-20T09:15:00,2018-06-20T10:15:00,1.0,partial,minor,64,452.3,False,medicines,True,SEG-0038,111.0,NHIDCL,97246,877805,378.0,moderate,2017-18
DSR-00365,SEG-0012,D-AS-01,AS,NH-6,landslide,LS-00634,2018-06-23T08:30:00,2018-06-23T10:42:00,2.2,partial,minor,45,192.0,True,relief_supplies,True,SEG-0005,203.2,BRO (Border Roads Organisation),184770,524614,592.8,high,2017-18
DSR-00217,SEG-0019,D-ML-03,ML,NH-27-SPUR,landslide,LS-00369,2018-06-23T19:45:00,2018-06-23T20:45:00,1.0,partial,minor,45,324.9,False,food_grains,True,SEG-0018,158.9,SDRF,97454,1023334,366.9,moderate,2017-18
DSR-00289,SEG-0034,D-MZ-04,MZ,NH-306,landslide,LS-00505,2018-06-23T23:45:00,2018-06-24T01:57:00,2.2,partial,minor,0,0.0,False,relief_supplies,True,SEG-0037,152.6,SDRF,211503,0,162.2,high,2017-18
DSR-00224,SEG-0068,D-AS-08,AS,NH-27-DH,landslide,LS-00378,2018-06-24T21:15:00,2018-06-25T14:51:00,17.6,full,moderate,78,485.1,False,vaccines,True,SEG-0069,74.5,NHIDCL,461620,1850031,437.7,high,2017-18
DSR-00385,SEG-0062,D-AS-09,AS,NH-13-W,landslide,LS-00668,2018-06-24T23:00:00,2018-06-25T00:00:00,1.0,partial,minor,49,216.9,False,fuel,True,SEG-0007,246.7,SDRF,91473,644509,91.0,high,2017-18
DSR-00295,SEG-0037,D-MZ-01,MZ,NH-302,landslide,LS-00512,2018-06-26T19:00:00,2018-06-26T21:30:00,2.5,partial,minor,39,111.8,False,vaccines,True,SEG-0034,86.0,NDRF,51892,469995,268.8,high,2017-18
DSR-01901,SEG-0055,D-SK-04,SK,NH-510,protest_blockade,,2018-06-26T22:30:00,2018-06-27T23:30:00,25.0,full,moderate,39,299.3,True,fuel,True,SEG-0054,34.1,BRO (Border Roads Organisation),848614,603890,62.9,very_high,2017-18
DSR-00256,SEG-0013,D-ML-01,ML,NH-6,landslide,LS-00436,2018-06-27T04:15:00,2018-06-27T07:27:00,3.2,full,catastrophic,60,212.0,True,medicines,True,SEG-0014,71.3,State PWD,453011,749845,251.1,very_high,2017-18
DSR-00214,SEG-0068,D-AS-08,AS,NH-27-DH,landslide,LS-00362,2018-06-27T17:45:00,2018-06-27T21:21:00,3.6,partial,minor,0,0.0,False,fuel,True,SEG-0069,60.2,BRO (Border Roads Organisation),161623,0,252.8,high,2017-18
DSR-01704,SEG-0054,D-SK-03,SK,NH-510,protest_blockade,,2018-06-28T00:00:00,2018-06-28T04:12:00,4.2,partial,minor,0,0.0,False,lpg_cylinders,True,SEG-0053,13.6,SDRF,80969,0,130.1,high,2017-18
DSR-02259,SEG-0044,D-AS-12,AS,NH-8,flood,,2018-06-28T16:30:00,2018-06-30T18:12:00,49.7,full,moderate,7,51.6,True,fuel,True,SEG-0045,52.1,SDRF,2323934,108137,279.7,low,2017-18
DSR-00248,SEG-0052,D-SK-01,SK,NH-510,landslide,LS-00418,2018-07-01T03:45:00,2018-07-01T09:27:00,5.7,partial,minor,0,0.0,True,vaccines,True,SEG-0048,36.4,NHIDCL,318411,0,122.5,very_high,2017-18
DSR-00235,SEG-0037,D-MZ-01,MZ,NH-302,landslide,LS-00398,2018-07-01T12:45:00,2018-07-01T13:45:00,1.0,partial,minor,0,0.0,False,vaccines,True,SEG-0034,134.8,State PWD,42799,0,457.3,high,2017-18
DSR-00353,SEG-0049,D-SK-01,SK,NH-310,landslide,LS-00620,2018-07-02T07:30:00,2018-07-04T03:24:00,43.9,full,moderate,123,420.7,True,lpg_cylinders,True,SEG-0048,37.3,SDRF,4705573,773751,170.6,high,2017-18
DSR-00376,SEG-0052,D-SK-01,SK,NH-510,landslide,LS-00651,2018-07-03T08:45:00,2018-07-03T10:21:00,1.6,partial,minor,0,0.0,True,relief_supplies,True,SEG-0048,29.4,State PWD,22817,0,178.1,very_high,2017-18
DSR-00282,SEG-0061,D-AR-06,AR,NH-13,landslide,LS-00483,2018-07-03T13:00:00,2018-07-06T14:06:00,73.1,full,major,43,346.4,True,fuel,True,SEG-0060,132.3,NDRF,5796781,621404,73.3,high,2017-18
DSR-01911,SEG-0019,D-ML-03,ML,NH-27-SPUR,protest_blockade,,2018-07-03T19:30:00,2018-07-03T21:18:00,1.8,partial,minor,0,0.0,True,construction_material,True,SEG-0018,125.8,NHIDCL,65797,0,21.2,moderate,2017-18
DSR-01816,SEG-0038,D-TR-04,TR,NH-8,flood,,2018-07-04T22:15:00,2018-07-14T09:15:00,227.0,full,major,120,805.0,False,vaccines,True,SEG-0039,98.6,BRO (Border Roads Organisation),10017113,2071939,381.8,very_low,2017-18
DSR-00200,SEG-0013,D-ML-01,ML,NH-6,landslide,LS-00343,2018-07-05T15:15:00,2018-07-05T16:15:00,1.0,partial,minor,3,20.1,False,agri_produce,True,SEG-0014,50.3,State PWD,57548,48766,205.4,very_high,2017-18
DSR-01857,SEG-0056,D-AS-09,AS,NH-15,bridge_damage,,2018-07-05T21:15:00,2018-07-12T02:45:00,149.5,full,major,124,1042.8,False,construction_material,True,SEG-0062,91.6,State PWD,2283475,4154564,365.0,low,2017-18
DSR-00233,SEG-0068,D-AS-08,AS,NH-27-DH,landslide,LS-00395,2018-07-07T05:15:00,2018-07-08T12:21:00,31.1,full,moderate,0,0.0,False,agri_produce,True,SEG-0069,69.3,State PWD,1657939,0,150.0,high,2017-18
DSR-00325,SEG-0054,D-SK-03,SK,NH-510,landslide,LS-00564,2018-07-09T15:00:00,2018-07-11T01:54:00,34.9,full,moderate,64,329.0,True,vaccines,True,SEG-0053,17.5,SDRF,1210007,590427,582.0,high,2017-18
DSR-01766,SEG-0040,D-TR-03,TR,NH-8,road_subsidence,,2018-07-09T15:45:00,2018-07-18T15:15:00,215.5,full,major,31,246.9,False,vaccines,True,SEG-0041,109.4,State PWD,9279196,1045078,146.2,moderate,2017-18
DSR-00246,SEG-0014,D-ML-01,ML,NH-6,landslide,LS-00414,2018-07-09T22:30:00,2018-07-10T12:24:00,13.9,full,moderate,35,246.9,True,lpg_cylinders,True,SEG-0013,91.0,NHIDCL,1308105,446428,362.6,high,2017-18
DSR-00262,SEG-0054,D-SK-03,SK,NH-510,landslide,LS-00448,2018-07-09T23:45:00,2018-07-21T03:33:00,267.8,full,major,77,391.3,True,relief_supplies,True,SEG-0053,13.8,NDRF,5444773,912646,315.6,high,2017-18
DSR-02158,SEG-0027,D-NL-03,NL,NH-29,accident_blockage,,2018-07-10T10:15:00,2018-07-11T08:21:00,22.1,full,moderate,91,635.8,False,vaccines,True,SEG-0026,88.9,BRO (Border Roads Organisation),416677,1660479,97.1,high,2017-18
DSR-01679,SEG-0001,D-WB-01,WB,NH-27,flood,,2018-07-11T12:15:00,2018-07-18T09:33:00,165.3,full,major,97,381.0,True,medicines,True,SEG-0002,69.5,State PWD,6109114,782417,674.1,low,2017-18
DSR-02247,SEG-0026,D-NL-04,NL,NH-29,flood,,2018-07-11T16:30:00,2018-07-12T06:06:00,13.6,full,moderate,137,543.2,True,food_grains,True,SEG-0027,77.6,SDRF,241724,973753,221.4,high,2017-18
DSR-00284,SEG-0021,D-NL-02,NL,NH-2,landslide,LS-00487,2018-07-11T22:00:00,2018-07-11T23:00:00,1.0,partial,minor,0,0.0,True,food_grains,True,SEG-0071,56.7,SDRF,54338,0,325.8,high,2017-18
DSR-00352,SEG-0039,D-TR-01,TR,NH-8,landslide,LS-00619,2018-07-12T04:45:00,2018-07-12T08:33:00,3.8,partial,minor,54,237.0,True,lpg_cylinders,True,SEG-0040,62.7,SDRF,434479,529532,465.2,moderate,2017-18
DSR-00251,SEG-0046,D-WB-01,WB,NH-10,landslide,LS-00423,2018-07-12T08:15:00,2018-07-24T22:21:00,302.1,full,catastrophic,101,571.9,True,relief_supplies,True,SEG-0001,393.9,SDRF,6739172,2588030,48.4,very_high,2017-18
DSR-00210,SEG-0068,D-AS-08,AS,NH-27-DH,landslide,LS-00358,2018-07-12T13:45:00,2018-07-27T21:03:00,367.3,full,major,9,78.7,False,relief_supplies,True,SEG-0069,82.6,NDRF,23681471,156974,129.7,high,2017-18
DSR-00330,SEG-0061,D-AR-06,AR,NH-13,landslide,LS-00575,2018-07-13T01:45:00,2018-07-13T12:39:00,10.9,partial,moderate,53,380.9,False,relief_supplies,True,SEG-0065,115.6,SDRF,820562,1594668,193.3,high,2017-18
DSR-00318,SEG-0024,D-MN-05,MN,NH-2,landslide,LS-00552,2018-07-13T11:30:00,2018-07-25T23:24:00,299.9,full,major,105,265.1,False,food_grains,True,SEG-0031,106.8,NDRF,13070399,842995,27.2,high,2017-18
DSR-01693,SEG-0069,D-AS-07,AS,NH-27-DH,fallen_tree,,2018-07-14T12:30:00,2018-07-15T04:24:00,15.9,full,moderate,35,235.8,True,vaccines,True,SEG-0030,87.3,BRO (Border Roads Organisation),500030,274892,106.2,high,2017-18
DSR-02071,SEG-0060,D-AR-06,AR,NH-13,fallen_tree,,2018-07-15T06:30:00,2018-07-16T06:54:00,24.4,full,moderate,10,42.1,True,relief_supplies,True,SEG-0061,121.3,SDRF,941716,83642,156.5,very_high,2017-18
DSR-00310,SEG-0066,D-AR-09,AR,NH-315,landslide,LS-00535,2018-07-16T01:00:00,2018-07-16T04:24:00,3.4,partial,minor,24,182.3,False,construction_material,True,SEG-0065,70.8,SDRF,45053,325735,93.2,very_high,2017-18
DSR-01958,SEG-0010,D-AS-11,AS,NH-27,flood,,2018-07-16T21:15:00,2018-07-25T19:57:00,214.7,full,major,41,361.3,False,agri_produce,True,SEG-0011,64.6,SDRF,6046351,829293,288.3,low,2017-18
DSR-00278,SEG-0062,D-AS-09,AS,NH-13-W,landslide,LS-00473,2018-07-17T00:45:00,2018-07-21T10:57:00,106.2,full,major,64,244.3,False,relief_supplies,True,SEG-0063,90.3,BRO (Border Roads Organisation),4413199,971013,500.7,high,2017-18
DSR-00267,SEG-0061,D-AR-06,AR,NH-13,landslide,LS-00454,2018-07-17T09:30:00,2018-07-18T17:30:00,32.0,full,major,66,567.1,False,construction_material,True,SEG-0060,143.1,NDRF,3775852,1905665,236.3,high,2017-18
DSR-00373,SEG-0013,D-ML-01,ML,NH-6,landslide,LS-00647,2018-07-17T13:15:00,2018-07-17T16:21:00,3.1,partial,minor,0,0.0,True,lpg_cylinders,True,SEG-0014,46.7,NHIDCL,184362,0,417.0,very_high,2017-18
DSR-00232,SEG-0047,D-SK-01,SK,NH-10,landslide,LS-00391,2018-07-17T20:15:00,2018-07-18T11:33:00,15.3,full,catastrophic,18,50.4,False,relief_supplies,True,SEG-0046,104.2,NHIDCL,654762,122614,548.8,high,2017-18
DSR-02081,SEG-0042,D-TR-02,TR,NH-8,protest_blockade,,2018-07-17T23:00:00,2018-07-18T21:30:00,22.5,full,moderate,60,486.2,False,relief_supplies,True,SEG-0043,36.3,State PWD,689933,1696005,14.0,moderate,2017-18
DSR-01757,SEG-0036,D-MZ-05,MZ,NH-306,flood,,2018-07-17T23:30:00,2018-07-20T13:18:00,61.8,full,moderate,86,655.6,True,fuel,True,SEG-0035,103.9,SDRF,1804444,2370251,513.4,high,2017-18
DSR-01954,SEG-0041,D-TR-03,TR,NH-8,accident_blockage,,2018-07-18T13:45:00,2018-07-19T08:39:00,18.9,full,moderate,98,804.9,False,medicines,True,SEG-0042,35.1,State PWD,822126,2480260,164.7,low,2017-18
DSR-00306,SEG-0066,D-AR-09,AR,NH-315,landslide,LS-00529,2018-07-18T20:45:00,2018-08-07T17:03:00,476.3,full,major,66,564.3,False,agri_produce,True,SEG-0067,56.9,State PWD,27703793,1524103,351.1,very_high,2017-18
DSR-00299,SEG-0066,D-AR-09,AR,NH-315,landslide,LS-00522,2018-07-19T00:15:00,2018-07-19T05:57:00,5.7,partial,minor,50,270.9,False,food_grains,True,SEG-0067,70.7,BRO (Border Roads Organisation),85305,756991,178.1,very_high,2017-18
DSR-00290,SEG-0013,D-ML-01,ML,NH-6,landslide,LS-00506,2018-07-19T05:30:00,2018-07-19T07:24:00,1.9,partial,minor,49,391.6,False,medicines,True,SEG-0012,56.9,NHIDCL,245626,726884,239.4,very_high,2017-18
DSR-01753,SEG-0060,D-AR-06,AR,NH-13,road_subsidence,,2018-07-19T14:00:00,2018-07-26T00:06:00,154.1,full,major,35,101.0,False,food_grains,True,SEG-0061,132.4,NDRF,1646932,252861,72.5,very_high,2017-18
DSR-00258,SEG-0048,D-SK-01,SK,NH-10,landslide,LS-00439,2018-07-21T09:45:00,2018-07-22T11:09:00,25.4,full,moderate,63,413.7,False,medicines,True,SEG-0052,81.6,BRO (Border Roads Organisation),1729830,592511,616.3,high,2017-18
DSR-00207,SEG-0065,D-AR-05,AR,NH-315,landslide,LS-00354,2018-07-22T09:30:00,2018-07-22T10:30:00,1.0,partial,minor,18,82.2,False,medicines,True,SEG-0061,106.0,BRO (Border Roads Organisation),22505,231717,162.0,high,2017-18
DSR-00327,SEG-0037,D-MZ-01,MZ,NH-302,landslide,LS-00567,2018-07-22T16:15:00,2018-07-23T00:57:00,8.7,full,catastrophic,61,333.6,True,lpg_cylinders,True,SEG-0035,111.4,State PWD,348809,651039,17.9,high,2017-18
DSR-02168,SEG-0002,D-AS-10,AS,NH-27,flood,,2018-07-23T06:15:00,2018-07-30T21:27:00,183.2,full,major,71,376.6,False,lpg_cylinders,True,SEG-0003,112.1,State PWD,9059919,1631969,637.5,low,2017-18
DSR-00313,SEG-0014,D-ML-01,ML,NH-6,landslide,LS-00542,2018-07-23T14:00:00,2018-07-23T20:36:00,6.6,partial,moderate,0,0.0,False,agri_produce,True,SEG-0013,55.7,State PWD,148614,0,378.3,high,2017-18
DSR-00231,SEG-0027,D-NL-03,NL,NH-29,landslide,LS-00390,2018-07-23T20:15:00,2018-07-23T22:27:00,2.2,partial,minor,0,0.0,False,medicines,True,SEG-0026,56.1,State PWD,224220,0,162.9,high,2017-18
DSR-00263,SEG-0019,D-ML-03,ML,NH-27-SPUR,landslide,LS-00450,2018-07-24T10:45:00,2018-07-24T11:45:00,1.0,partial,minor,0,0.0,True,food_grains,True,SEG-0018,191.5,State PWD,35175,0,262.7,moderate,2017-18
DSR-00229,SEG-0052,D-SK-01,SK,NH-510,landslide,LS-00388,2018-07-24T15:30:00,2018-07-24T20:48:00,5.3,partial,minor,0,0.0,False,food_grains,True,SEG-0048,29.5,SDRF,336186,0,204.9,very_high,2017-18
DSR-00368,SEG-0014,D-ML-01,ML,NH-6,landslide,LS-00640,2018-07-24T21:45:00,2018-07-25T08:57:00,11.2,partial,moderate,60,282.3,False,construction_material,True,SEG-0013,70.8,NDRF,259107,639772,899.1,high,2017-18
DSR-00170,SEG-0012,D-AS-01,AS,NH-6,landslide,LS-00292,2018-07-25T12:00:00,2018-07-25T19:42:00,7.7,partial,moderate,15,89.6,False,vaccines,True,SEG-0004,70.0,BRO (Border Roads Organisation),619548,420851,394.2,high,2017-18
DSR-00230,SEG-0014,D-ML-01,ML,NH-6,landslide,LS-00389,2018-07-25T14:30:00,2018-07-25T15:30:00,1.0,partial,minor,6,16.7,False,fuel,True,SEG-0013,44.3,NHIDCL,80421,94105,224.3,high,2017-18
DSR-00254,SEG-0064,D-AR-03,AR,NH-13-W,landslide,LS-00432,2018-07-27T00:15:00,2018-07-27T01:15:00,1.0,partial,minor,27,104.2,False,fuel,True,SEG-0063,79.2,BRO (Border Roads Organisation),76075,265945,133.5,very_high,2017-18
DSR-02272,SEG-0025,D-NL-01,NL,NH-29,road_subsidence,,2018-07-27T03:30:00,2018-08-01T03:54:00,120.4,full,major,16,127.8,False,agri_produce,True,SEG-0021,94.9,NHIDCL,3694122,597457,394.3,high,2017-18
DSR-00205,SEG-0027,D-NL-03,NL,NH-29,landslide,LS-00352,2018-07-27T07:45:00,2018-07-27T08:45:00,1.0,partial,minor,0,0.0,False,construction_material,True,SEG-0026,44.4,BRO (Border Roads Organisation),48202,0,194.3,high,2017-18
DSR-00183,SEG-0048,D-SK-01,SK,NH-10,landslide,LS-00311,2018-07-28T08:30:00,2018-07-28T09:30:00,1.0,partial,minor,9,25.9,False,construction_material,True,SEG-0047,9.6,SDRF,130202,105553,249.7,high,2017-18
DSR-00255,SEG-0028,D-MN-01,MN,NH-37,landslide,LS-00435,2018-07-28T12:45:00,2018-07-28T16:09:00,3.4,partial,moderate,49,336.1,False,fuel,True,SEG-0024,103.3,NHIDCL,284863,741982,594.8,high,2017-18
DSR-00236,SEG-0014,D-ML-01,ML,NH-6,landslide,LS-00400,2018-08-01T03:15:00,2018-08-01T04:51:00,1.6,partial,minor,0,0.0,True,agri_produce,True,SEG-0015,190.0,SDRF,127428,0,279.0,high,2017-18
DSR-00271,SEG-0034,D-MZ-04,MZ,NH-306,landslide,LS-00461,2018-08-02T06:00:00,2018-08-02T07:00:00,1.0,partial,minor,14,81.5,False,agri_produce,True,SEG-0037,166.6,SDRF,61738,264127,148.1,high,2017-18
DSR-00296,SEG-0024,D-MN-05,MN,NH-2,landslide,LS-00516,2018-08-03T07:00:00,2018-08-03T11:36:00,4.6,partial,minor,0,0.0,False,food_grains,True,SEG-0023,30.5,BRO (Border Roads Organisation),572848,0,10.8,high,2017-18
DSR-00377,SEG-0036,D-MZ-05,MZ,NH-306,landslide,LS-00652,2018-08-03T09:00:00,2018-08-03T13:24:00,4.4,partial,moderate,0,0.0,False,construction_material,True,SEG-0035,88.3,State PWD,358567,0,541.1,high,2017-18
DSR-00176,SEG-0021,D-NL-02,NL,NH-2,landslide,LS-00299,2018-08-04T12:30:00,2018-08-04T13:30:00,1.0,partial,minor,0,0.0,False,relief_supplies,True,SEG-0022,43.0,SDRF,50148,0,556.2,high,2017-18
DSR-00180,SEG-0015,D-ML-02,ML,NH-6,landslide,LS-00306,2018-08-05T05:45:00,2018-08-05T20:03:00,14.3,full,moderate,0,0.0,False,food_grains,True,SEG-0014,45.8,SDRF,1327830,0,285.2,high,2017-18
DSR-00216,SEG-0047,D-SK-01,SK,NH-10,landslide,LS-00367,2018-08-06T03:30:00,2018-08-07T10:18:00,30.8,full,major,48,237.3,False,medicines,True,SEG-0046,68.1,NDRF,1501875,402167,279.9,high,2017-18
DSR-00288,SEG-0058,D-AR-01,AR,NH-13,landslide,LS-00502,2018-08-06T10:00:00,2018-08-06T12:06:00,2.1,partial,minor,7,59.1,False,vaccines,True,SEG-0056,162.4,State PWD,255011,232314,298.0,high,2017-18
DSR-00372,SEG-0066,D-AR-09,AR,NH-315,landslide,LS-00645,2018-08-06T15:45:00,2018-08-24T21:39:00,437.9,full,major,66,292.7,True,construction_material,True,SEG-0067,67.3,BRO (Border Roads Organisation),8005096,916317,397.4,very_high,2017-18
DSR-02066,SEG-0021,D-NL-02,NL,NH-2,flood,,2018-08-10T15:00:00,2018-08-15T01:06:00,106.1,full,major,30,172.5,False,fuel,True,SEG-0071,74.8,NDRF,4447338,510283,264.8,high,2017-18
DSR-01895,SEG-0015,D-ML-02,ML,NH-6,protest_blockade,,2018-08-11T02:00:00,2018-08-11T20:54:00,18.9,full,moderate,89,415.0,True,medicines,True,SEG-0014,46.3,NDRF,267428,1270455,193.0,high,2017-18
DSR-00188,SEG-0013,D-ML-01,ML,NH-6,landslide,LS-00321,2018-08-11T07:15:00,2018-08-11T16:33:00,9.3,partial,moderate,0,0.0,False,vaccines,True,SEG-0014,87.1,NDRF,1060959,0,609.2,very_high,2017-18
DSR-00221,SEG-0015,D-ML-02,ML,NH-6,landslide,LS-00374,2018-08-13T03:00:00,2018-08-13T04:24:00,1.4,partial,minor,42,185.9,False,relief_supplies,True,SEG-0016,35.3,State PWD,129752,614049,541.6,high,2017-18
DSR-00243,SEG-0050,D-SK-02,SK,NH-310,landslide,LS-00411,2018-08-16T17:15:00,2018-08-16T20:09:00,2.9,partial,minor,59,307.9,True,vaccines,True,SEG-0051,23.7,BRO (Border Roads Organisation),189300,551425,137.8,very_high,2017-18
DSR-00317,SEG-0032,D-MN-01,MN,NH-2-S,landslide,LS-00550,2018-08-19T00:30:00,2018-08-19T14:42:00,14.2,full,moderate,68,349.6,False,vaccines,True,SEG-0024,59.7,BRO (Border Roads Organisation),189349,852083,563.4,high,2017-18
DSR-00191,SEG-0028,D-MN-01,MN,NH-37,landslide,LS-00325,2018-08-19T18:00:00,2018-08-19T19:18:00,1.3,partial,minor,8,51.8,True,relief_supplies,True,SEG-0029,59.6,BRO (Border Roads Organisation),74705,207150,129.4,high,2017-18
DSR-01944,SEG-0061,D-AR-06,AR,NH-13,road_subsidence,,2018-08-20T12:30:00,2018-08-26T04:36:00,136.1,full,major,46,387.9,False,lpg_cylinders,True,SEG-0060,124.5,State PWD,1500752,650825,324.0,high,2017-18
DSR-00337,SEG-0050,D-SK-02,SK,NH-310,landslide,LS-00590,2018-08-21T14:30:00,2018-08-22T17:12:00,26.7,full,moderate,86,543.8,False,construction_material,True,SEG-0051,32.4,NHIDCL,1252655,1774218,579.9,very_high,2017-18
DSR-02151,SEG-0053,D-SK-03,SK,NH-510,fallen_tree,,2018-08-23T13:45:00,2018-08-25T10:03:00,44.3,full,moderate,79,375.8,False,lpg_cylinders,True,SEG-0052,75.5,SDRF,1248484,1780446,151.9,high,2017-18
DSR-00260,SEG-0060,D-AR-06,AR,NH-13,landslide,LS-00444,2018-08-24T22:00:00,2018-08-24T23:00:00,1.0,partial,minor,57,416.7,True,construction_material,True,SEG-0059,93.3,NHIDCL,141125,1117411,159.9,very_high,2017-18
DSR-01809,SEG-0005,D-AS-01,AS,NH-27,protest_blockade,,2018-08-26T18:30:00,2018-08-27T14:00:00,19.5,full,moderate,60,228.8,False,food_grains,True,SEG-0070,192.5,BRO (Border Roads Organisation),802953,727221,171.2,low,2017-18
DSR-00218,SEG-0015,D-ML-02,ML,NH-6,landslide,LS-00370,2018-08-27T03:30:00,2018-08-28T12:42:00,33.2,full,moderate,63,228.9,True,vaccines,True,SEG-0016,31.8,NDRF,2744724,602988,729.4,high,2017-18
DSR-01869,SEG-0059,D-AR-04,AR,NH-13,protest_blockade,,2018-08-27T05:00:00,2018-08-27T23:00:00,18.0,full,moderate,159,1233.7,True,medicines,True,SEG-0058,130.3,BRO (Border Roads Organisation),189993,5198669,157.3,very_high,2017-18
DSR-02169,SEG-0020,D-ML-04,ML,NH-27-SPUR,road_subsidence,,2018-08-28T06:45:00,2018-09-06T11:33:00,220.8,full,major,38,98.3,True,agri_produce,True,SEG-0019,74.6,SDRF,7133194,471870,183.4,moderate,2017-18
DSR-00382,SEG-0064,D-AR-03,AR,NH-13-W,landslide,LS-00659,2018-08-28T12:15:00,2018-08-30T19:39:00,55.4,full,moderate,55,243.1,False,lpg_cylinders,True,SEG-0063,87.5,State PWD,1829447,847605,120.0,very_high,2017-18
DSR-00329,SEG-0013,D-ML-01,ML,NH-6,landslide,LS-00573,2018-09-02T02:45:00,2018-09-02T11:51:00,9.1,partial,moderate,15,119.9,False,medicines,True,SEG-0012,53.9,NDRF,924602,356062,83.5,very_high,2017-18
DSR-01738,SEG-0050,D-SK-02,SK,NH-310,bridge_damage,,2018-09-02T04:00:00,2018-10-07T21:00:00,857.0,full,catastrophic,20,129.7,False,relief_supplies,True,SEG-0049,52.2,BRO (Border Roads Organisation),37592663,571026,288.6,very_high,2017-18
DSR-00341,SEG-0046,D-WB-01,WB,NH-10,landslide,LS-00595,2018-09-06T04:15:00,2018-09-06T08:27:00,4.2,partial,moderate,111,604.9,True,food_grains,True,SEG-0001,551.1,State PWD,503177,1579764,615.0,very_high,2017-18
DSR-00291,SEG-0067,D-AR-07,AR,NH-315,landslide,LS-00507,2018-09-08T07:30:00,2018-09-08T08:30:00,1.0,partial,minor,80,715.7,False,lpg_cylinders,True,SEG-0066,88.8,SDRF,11369,1936075,468.4,moderate,2017-18
DSR-00181,SEG-0051,D-SK-02,SK,NH-310,landslide,LS-00307,2018-09-08T08:45:00,2018-09-08T11:39:00,2.9,partial,minor,0,0.0,False,relief_supplies,True,SEG-0050,18.2,NDRF,85248,0,567.1,very_high,2017-18
DSR-01836,SEG-0050,D-SK-02,SK,NH-310,road_subsidence,,2018-09-08T09:00:00,2018-09-14T01:36:00,136.6,full,major,4,31.0,True,agri_produce,True,SEG-0051,23.5,NHIDCL,6664225,66018,361.2,very_high,2017-18
DSR-00241,SEG-0025,D-NL-01,NL,NH-29,landslide,LS-00409,2018-09-09T07:30:00,2018-09-09T08:42:00,1.2,partial,minor,0,0.0,True,food_grains,True,SEG-0022,25.3,NHIDCL,29864,0,247.5,high,2017-18
DSR-00307,SEG-0061,D-AR-06,AR,NH-13,landslide,LS-00530,2018-09-09T15:00:00,2018-09-11T11:00:00,44.0,full,moderate,61,415.0,False,lpg_cylinders,True,SEG-0065,103.7,NHIDCL,5669198,1006434,568.5,high,2017-18
DSR-00285,SEG-0025,D-NL-01,NL,NH-29,landslide,LS-00489,2018-09-16T18:15:00,2018-09-16T19:15:00,1.0,partial,minor,77,440.7,True,vaccines,True,SEG-0022,47.2,NHIDCL,97799,768262,550.5,high,2017-18
DSR-02051,SEG-0036,D-MZ-05,MZ,NH-306,bridge_damage,,2018-09-17T09:30:00,2018-10-19T23:54:00,782.4,full,catastrophic,0,0.0,False,agri_produce,True,SEG-0035,58.6,NDRF,29747369,0,198.4,high,2017-18
DSR-00370,SEG-0014,D-ML-01,ML,NH-6,landslide,LS-00642,2018-09-17T17:00:00,2018-09-17T19:06:00,2.1,partial,moderate,52,405.0,True,relief_supplies,True,SEG-0015,187.5,NDRF,42479,746662,54.0,high,2017-18
DSR-02045,SEG-0011,D-AS-04,AS,NH-27,fallen_tree,,2018-09-20T07:00:00,2018-09-20T09:12:00,2.2,partial,minor,11,31.5,True,agri_produce,True,SEG-0010,67.9,State PWD,25348,90850,35.6,low,2017-18
DSR-01663,SEG-0039,D-TR-01,TR,NH-8,accident_blockage,,2018-09-23T06:15:00,2018-09-23T12:15:00,6.0,partial,minor,17,47.2,True,agri_produce,True,SEG-0038,129.3,NDRF,166166,150636,51.9,moderate,2017-18
DSR-01647,SEG-0018,D-AS-10,AS,NH-27-SPUR,flood,,2018-09-23T18:30:00,2018-09-24T04:18:00,9.8,partial,moderate,0,0.0,False,construction_material,True,SEG-0019,64.7,NDRF,461507,0,318.1,moderate,2017-18
DSR-01951,SEG-0061,D-AR-06,AR,NH-13,fallen_tree,,2018-09-24T15:15:00,2018-09-25T07:45:00,16.5,full,moderate,106,611.7,False,medicines,True,SEG-0060,123.2,NDRF,824069,1755759,24.0,high,2017-18
DSR-00201,SEG-0032,D-MN-01,MN,NH-2-S,landslide,LS-00344,2018-09-25T04:45:00,2018-10-04T04:09:00,215.4,full,major,35,107.6,True,fuel,True,SEG-0031,128.0,NDRF,4474168,300041,6.5,high,2017-18
DSR-01684,SEG-0026,D-NL-04,NL,NH-29,accident_blockage,,2018-09-27T07:30:00,2018-09-27T09:54:00,2.4,partial,minor,7,38.2,False,medicines,True,SEG-0027,35.1,BRO (Border Roads Organisation),85485,61237,144.7,high,2017-18
DSR-00270,SEG-0027,D-NL-03,NL,NH-29,landslide,LS-00458,2018-09-28T13:15:00,2018-09-28T15:21:00,2.1,partial,minor,0,0.0,False,construction_material,True,SEG-0026,61.5,NHIDCL,57250,0,208.1,high,2017-18
DSR-01681,SEG-0003,D-AS-10,AS,NH-27,road_subsidence,,2018-10-04T02:15:00,2018-10-07T09:57:00,79.7,full,major,17,148.7,False,fuel,True,SEG-0004,90.4,BRO (Border Roads Organisation),664808,229783,391.2,low,2017-18
DSR-00179,SEG-0052,D-SK-01,SK,NH-510,landslide,LS-00304,2018-10-04T03:00:00,2018-10-08T02:06:00,95.1,full,major,143,1172.0,True,agri_produce,True,SEG-0053,13.9,BRO (Border Roads Organisation),3504824,2179534,236.9,very_high,2017-18
DSR-00381,SEG-0055,D-SK-04,SK,NH-510,landslide,LS-00658,2018-10-15T23:30:00,2018-10-16T00:30:00,1.0,partial,minor,63,291.8,False,lpg_cylinders,True,SEG-0054,25.0,BRO (Border Roads Organisation),18206,549430,302.6,very_high,2017-18
DSR-00227,SEG-0034,D-MZ-04,MZ,NH-306,landslide,LS-00381,2018-10-17T11:30:00,2018-10-17T12:30:00,1.0,partial,minor,0,0.0,True,vaccines,True,SEG-0035,97.0,State PWD,118645,0,356.0,high,2017-18
DSR-02295,SEG-0001,D-WB-01,WB,NH-27,fallen_tree,,2018-10-22T19:15:00,2018-10-23T03:39:00,8.4,partial,moderate,74,632.8,False,relief_supplies,True,SEG-0046,82.0,BRO (Border Roads Organisation),83359,965668,105.5,low,2017-18
DSR-01974,SEG-0014,D-ML-01,ML,NH-6,flood,,2018-10-24T01:15:00,2018-10-28T11:33:00,106.3,full,major,0,0.0,True,agri_produce,True,SEG-0015,156.0,State PWD,3594774,0,230.6,high,2017-18
DSR-00314,SEG-0059,D-AR-04,AR,NH-13,landslide,LS-00545,2018-10-25T20:45:00,2018-10-25T21:45:00,1.0,partial,minor,18,86.0,False,fuel,True,SEG-0060,153.8,State PWD,124914,384070,584.8,very_high,2017-18
DSR-00384,SEG-0065,D-AR-05,AR,NH-315,landslide,LS-00666,2018-10-28T12:45:00,2018-10-28T22:33:00,9.8,partial,moderate,2,16.5,True,food_grains,True,SEG-0066,75.1,State PWD,503107,54958,541.8,high,2017-18
DSR-01904,SEG-0046,D-WB-01,WB,NH-10,flood,,2018-10-28T16:30:00,2018-10-29T10:12:00,17.7,full,moderate,44,110.1,False,construction_material,True,SEG-0001,556.8,State PWD,480634,451187,693.6,very_high,2017-18
DSR-01685,SEG-0019,D-ML-03,ML,NH-27-SPUR,maintenance,,2018-11-01T18:15:00,2018-11-01T23:15:00,5.0,partial,minor,76,587.9,True,construction_material,True,SEG-0018,205.8,NDRF,210042,2625233,25.6,moderate,2017-18
DSR-00273,SEG-0013,D-ML-01,ML,NH-6,landslide,LS-00468,2018-11-06T06:45:00,2018-11-06T16:21:00,9.6,partial,moderate,12,49.5,False,lpg_cylinders,True,SEG-0012,67.3,NHIDCL,274732,96924,339.0,very_high,2017-18
DSR-02073,SEG-0009,D-AS-03,AS,NH-27,maintenance,,2018-11-17T07:30:00,2018-11-17T17:42:00,10.2,partial,moderate,30,111.2,False,construction_material,True,SEG-0010,80.6,NHIDCL,90579,450551,54.6,low,2017-18
DSR-00369,SEG-0030,D-MN-04,MN,NH-37,landslide,LS-00641,2018-11-27T08:30:00,2018-11-27T11:30:00,3.0,partial,moderate,38,273.8,True,medicines,True,SEG-0069,64.0,NHIDCL,337514,711702,30.7,moderate,2017-18
DSR-02205,SEG-0047,D-SK-01,SK,NH-10,maintenance,,2018-11-27T23:45:00,2018-11-29T18:57:00,43.2,full,moderate,97,307.8,False,vaccines,True,SEG-0048,31.1,State PWD,1528582,891499,36.5,high,2017-18
DSR-01861,SEG-0012,D-AS-01,AS,NH-6,maintenance,,2019-01-07T15:30:00,2019-01-08T19:42:00,28.2,full,moderate,57,266.9,False,medicines,True,SEG-0005,199.8,NDRF,201403,1145849,23.7,high,2019-20
DSR-00584,SEG-0066,D-AR-09,AR,NH-315,landslide,LS-01010,2019-01-08T02:30:00,2019-01-08T03:30:00,1.0,partial,minor,71,209.4,True,food_grains,True,SEG-0067,88.0,BRO (Border Roads Organisation),50987,620250,362.9,very_high,2019-20
DSR-00450,SEG-0020,D-ML-04,ML,NH-27-SPUR,landslide,LS-00788,2019-01-20T08:15:00,2019-01-20T09:15:00,1.0,partial,minor,43,185.1,True,construction_material,True,SEG-0019,99.1,State PWD,119314,233015,855.7,moderate,2019-20
DSR-00428,SEG-0025,D-NL-01,NL,NH-29,landslide,LS-00753,2019-01-21T23:45:00,2019-01-22T06:45:00,7.0,full,catastrophic,47,240.4,True,lpg_cylinders,True,SEG-0026,53.0,SDRF,575476,794336,4.9,high,2019-20
DSR-00659,SEG-0019,D-ML-03,ML,NH-27-SPUR,landslide,LS-01130,2019-01-26T16:45:00,2019-01-27T01:03:00,8.3,partial,moderate,11,59.3,True,relief_supplies,True,SEG-0018,164.5,NHIDCL,269932,212163,423.0,moderate,2019-20
DSR-00612,SEG-0062,D-AS-09,AS,NH-13-W,landslide,LS-01065,2019-02-12T05:15:00,2019-02-12T07:57:00,2.7,partial,minor,54,348.5,True,agri_produce,True,SEG-0063,61.8,BRO (Border Roads Organisation),233540,1245135,106.7,high,2019-20
DSR-01804,SEG-0018,D-AS-10,AS,NH-27-SPUR,maintenance,,2019-02-14T00:15:00,2019-02-15T14:03:00,37.8,full,moderate,91,721.0,True,lpg_cylinders,True,SEG-0019,91.0,NHIDCL,501141,2830990,31.5,moderate,2019-20
DSR-00547,SEG-0064,D-AR-03,AR,NH-13-W,landslide,LS-00938,2019-02-14T17:45:00,2019-02-14T21:57:00,4.2,partial,minor,0,0.0,False,lpg_cylinders,True,SEG-0063,78.8,SDRF,447179,0,102.1,very_high,2019-20
DSR-00444,SEG-0067,D-AR-07,AR,NH-315,landslide,LS-00781,2019-02-16T05:30:00,2019-02-16T06:30:00,1.0,partial,minor,105,825.3,True,lpg_cylinders,True,SEG-0066,72.8,NDRF,28190,3232988,292.4,moderate,2019-20
DSR-01937,SEG-0051,D-SK-02,SK,NH-310,flood,,2019-03-04T23:15:00,2019-03-06T11:57:00,36.7,full,moderate,1,8.9,True,agri_produce,True,SEG-0050,20.1,BRO (Border Roads Organisation),1053012,31124,467.7,very_high,2019-20
DSR-02055,SEG-0035,D-MZ-01,MZ,NH-306,bridge_damage,,2019-03-08T05:30:00,2019-04-07T23:00:00,737.5,full,catastrophic,82,267.8,False,food_grains,True,SEG-0037,155.8,NDRF,8928250,1037320,158.9,high,2019-20
DSR-00398,SEG-0013,D-ML-01,ML,NH-6,landslide,LS-00694,2019-03-10T00:45:00,2019-03-10T01:45:00,1.0,partial,minor,0,0.0,False,construction_material,True,SEG-0012,36.5,SDRF,105058,0,779.6,very_high,2019-20
DSR-00429,SEG-0053,D-SK-03,SK,NH-510,landslide,LS-00754,2019-03-10T18:30:00,2019-03-10T22:06:00,3.6,partial,minor,34,175.5,True,vaccines,True,SEG-0054,34.2,SDRF,50379,702603,412.5,high,2019-20
DSR-00669,SEG-0055,D-SK-04,SK,NH-510,landslide,LS-01152,2019-03-10T19:45:00,2019-03-10T23:09:00,3.4,partial,minor,0,0.0,False,medicines,True,SEG-0054,26.6,State PWD,38230,0,359.2,very_high,2019-20
DSR-00392,SEG-0043,D-TR-02,TR,NH-8,landslide,LS-00681,2019-03-14T09:45:00,2019-03-14T10:45:00,1.0,partial,minor,55,148.9,False,medicines,True,SEG-0042,28.5,State PWD,29178,452039,519.6,moderate,2019-20
DSR-00671,SEG-0013,D-ML-01,ML,NH-6,landslide,LS-01155,2019-04-04T04:15:00,2019-04-04T06:51:00,2.6,partial,moderate,0,0.0,False,relief_supplies,True,SEG-0012,78.0,NDRF,207734,0,768.4,very_high,2019-20
DSR-02119,SEG-0062,D-AS-09,AS,NH-13-W,accident_blockage,,2019-04-09T08:00:00,2019-04-09T22:24:00,14.4,full,moderate,0,0.0,True,medicines,True,SEG-0006,63.4,SDRF,227624,0,73.9,high,2019-20
DSR-00464,SEG-0055,D-SK-04,SK,NH-510,landslide,LS-00814,2019-04-15T08:30:00,2019-04-15T10:54:00,2.4,partial,minor,13,103.4,False,agri_produce,True,SEG-0054,27.3,NDRF,79915,155370,176.8,very_high,2019-20
DSR-00571,SEG-0065,D-AR-05,AR,NH-315,landslide,LS-00978,2019-04-21T18:00:00,2019-04-25T15:00:00,93.0,full,major,41,144.2,False,vaccines,True,SEG-0066,69.5,SDRF,2673736,611934,247.0,high,2019-20
DSR-00491,SEG-0066,D-AR-09,AR,NH-315,landslide,LS-00852,2019-04-24T13:00:00,2019-05-05T18:06:00,269.1,full,major,54,392.4,False,fuel,True,SEG-0065,113.3,NHIDCL,5329221,1165190,336.4,very_high,2019-20
DSR-01722,SEG-0035,D-MZ-01,MZ,NH-306,flood,,2019-04-25T17:00:00,2019-04-28T10:18:00,65.3,full,moderate,15,52.6,False,relief_supplies,True,SEG-0037,149.8,NDRF,1325183,115982,197.8,high,2019-20
DSR-00487,SEG-0047,D-SK-01,SK,NH-10,landslide,LS-00847,2019-04-27T01:00:00,2019-04-27T02:00:00,1.0,partial,minor,0,0.0,False,relief_supplies,True,SEG-0048,32.1,BRO (Border Roads Organisation),27408,0,26.5,high,2019-20
DSR-02184,SEG-0014,D-ML-01,ML,NH-6,bridge_damage,,2019-05-02T08:45:00,2019-05-26T03:03:00,570.3,full,major,83,342.8,False,medicines,True,SEG-0015,108.4,State PWD,23842124,970040,141.9,high,2019-20
DSR-00545,SEG-0012,D-AS-01,AS,NH-6,landslide,LS-00936,2019-05-02T16:30:00,2019-05-03T05:36:00,13.1,full,moderate,40,127.2,False,fuel,True,SEG-0004,64.9,SDRF,857920,600583,46.6,high,2019-20
DSR-00544,SEG-0013,D-ML-01,ML,NH-6,landslide,LS-00934,2019-05-02T21:30:00,2019-05-02T22:48:00,1.3,partial,minor,129,726.9,False,construction_material,True,SEG-0014,84.5,NHIDCL,141347,1424668,789.1,very_high,2019-20
DSR-00539,SEG-0014,D-ML-01,ML,NH-6,landslide,LS-00926,2019-05-03T07:45:00,2019-05-03T08:45:00,1.0,partial,minor,46,273.8,False,food_grains,True,SEG-0015,184.8,NHIDCL,20554,1119033,407.1,high,2019-20
DSR-00482,SEG-0013,D-ML-01,ML,NH-6,landslide,LS-00840,2019-05-04T06:30:00,2019-05-04T08:42:00,2.2,partial,moderate,0,0.0,True,medicines,True,SEG-0014,72.4,NHIDCL,251468,0,739.2,very_high,2019-20
DSR-00478,SEG-0028,D-MN-01,MN,NH-37,landslide,LS-00834,2019-05-04T15:30:00,2019-05-05T06:54:00,15.4,full,moderate,51,373.8,False,lpg_cylinders,True,SEG-0029,82.5,State PWD,596956,1643271,586.8,high,2019-20
DSR-00689,SEG-0027,D-NL-03,NL,NH-29,landslide,LS-01181,2019-05-04T19:45:00,2019-05-04T21:09:00,1.4,partial,moderate,29,155.9,False,construction_material,True,SEG-0026,69.7,State PWD,94891,137851,156.0,high,2019-20
DSR-00399,SEG-0049,D-SK-01,SK,NH-310,landslide,LS-00696,2019-05-05T17:45:00,2019-05-05T19:15:00,1.5,partial,minor,0,0.0,False,medicines,True,SEG-0052,90.5,BRO (Border Roads Organisation),91230,0,279.7,high,2019-20
DSR-02210,SEG-0036,D-MZ-05,MZ,NH-306,flood,,2019-05-08T03:30:00,2019-05-11T18:06:00,86.6,full,major,81,652.1,False,food_grains,True,SEG-0035,85.6,NDRF,1618977,2394542,544.3,high,2019-20
DSR-00548,SEG-0025,D-NL-01,NL,NH-29,landslide,LS-00939,2019-05-09T06:15:00,2019-05-09T20:51:00,14.6,full,moderate,68,548.4,True,agri_produce,True,SEG-0022,45.0,State PWD,1604614,1341350,445.7,high,2019-20
DSR-01842,SEG-0040,D-TR-03,TR,NH-8,flood,,2019-05-11T21:15:00,2019-05-14T13:33:00,64.3,full,moderate,91,759.7,False,vaccines,True,SEG-0041,99.7,BRO (Border Roads Organisation),1246258,2373871,439.2,moderate,2019-20
DSR-01624,SEG-0024,D-MN-05,MN,NH-2,bridge_damage,,2019-05-12T02:15:00,2019-06-08T21:33:00,667.3,full,major,81,463.0,False,agri_produce,True,SEG-0023,43.5,SDRF,25262980,1828880,243.2,high,2019-20
DSR-00665,SEG-0013,D-ML-01,ML,NH-6,landslide,LS-01140,2019-05-13T04:30:00,2019-05-14T08:42:00,28.2,full,major,16,94.6,False,vaccines,True,SEG-0012,72.5,NDRF,3550522,277398,204.8,very_high,2019-20
DSR-00493,SEG-0015,D-ML-02,ML,NH-6,landslide,LS-00854,2019-05-16T14:15:00,2019-05-16T15:15:00,1.0,partial,minor,18,56.0,True,fuel,True,SEG-0016,22.4,SDRF,27525,263732,424.6,high,2019-20
DSR-00560,SEG-0051,D-SK-02,SK,NH-310,landslide,LS-00959,2019-05-17T12:15:00,2019-05-17T13:39:00,1.4,full,major,0,0.0,True,construction_material,True,SEG-0050,30.5,BRO (Border Roads Organisation),65768,0,348.9,very_high,2019-20
DSR-00553,SEG-0035,D-MZ-01,MZ,NH-306,landslide,LS-00948,2019-05-19T06:30:00,2019-05-19T08:24:00,1.9,partial,minor,0,0.0,False,construction_material,True,SEG-0037,164.8,BRO (Border Roads Organisation),130743,0,104.2,high,2019-20
DSR-01887,SEG-0025,D-NL-01,NL,NH-29,flood,,2019-05-21T00:15:00,2019-05-23T03:21:00,51.1,full,moderate,50,320.2,False,fuel,True,SEG-0021,112.5,State PWD,1086584,688073,443.7,high,2019-20
DSR-00469,SEG-0049,D-SK-01,SK,NH-310,landslide,LS-00822,2019-05-24T05:30:00,2019-06-30T10:06:00,892.6,full,major,88,230.1,False,agri_produce,True,SEG-0052,78.5,NDRF,28528150,1246174,446.6,high,2019-20
DSR-00421,SEG-0051,D-SK-02,SK,NH-310,landslide,LS-00734,2019-05-24T19:30:00,2019-05-25T01:18:00,5.8,partial,minor,38,263.5,True,vaccines,True,SEG-0050,29.4,NHIDCL,636815,788154,489.0,very_high,2019-20
DSR-00519,SEG-0056,D-AS-09,AS,NH-15,landslide,LS-00894,2019-05-25T03:30:00,2019-05-25T05:18:00,1.8,partial,moderate,20,106.9,True,fuel,True,SEG-0057,96.1,SDRF,89145,321837,246.1,low,2019-20
DSR-02037,SEG-0015,D-ML-02,ML,NH-6,flood,,2019-05-25T07:45:00,2019-05-30T21:33:00,133.8,full,major,31,144.4,False,relief_supplies,True,SEG-0014,47.0,NDRF,4491333,613782,690.2,high,2019-20
DSR-02005,SEG-0056,D-AS-09,AS,NH-15,protest_blockade,,2019-05-27T04:00:00,2019-05-28T05:06:00,25.1,full,moderate,28,198.4,False,food_grains,True,SEG-0062,66.0,BRO (Border Roads Organisation),860291,252095,95.9,low,2019-20
DSR-02297,SEG-0037,D-MZ-01,MZ,NH-302,fallen_tree,,2019-05-27T05:00:00,2019-05-28T18:42:00,37.7,full,moderate,66,323.1,False,relief_supplies,True,SEG-0035,113.6,SDRF,1290374,1098765,81.1,high,2019-20
DSR-00546,SEG-0068,D-AS-08,AS,NH-27-DH,landslide,LS-00937,2019-05-27T19:30:00,2019-05-28T01:18:00,5.8,partial,moderate,20,171.6,False,vaccines,True,SEG-0069,65.3,NHIDCL,221723,676037,251.6,high,2019-20
DSR-00640,SEG-0060,D-AR-06,AR,NH-13,landslide,LS-01106,2019-06-02T04:30:00,2019-06-02T05:30:00,1.0,partial,minor,46,116.1,False,agri_produce,True,SEG-0059,72.5,BRO (Border Roads Organisation),93505,521294,26.2,very_high,2019-20
DSR-00611,SEG-0036,D-MZ-05,MZ,NH-306,landslide,LS-01064,2019-06-02T20:00:00,2019-06-02T21:00:00,1.0,partial,minor,0,0.0,False,medicines,True,SEG-0035,79.1,State PWD,58016,0,167.6,high,2019-20
DSR-00687,SEG-0053,D-SK-03,SK,NH-510,landslide,LS-01179,2019-06-03T04:30:00,2019-06-03T06:06:00,1.6,partial,minor,2,10.1,True,construction_material,True,SEG-0052,66.0,NDRF,41078,46046,538.5,high,2019-20
DSR-00577,SEG-0066,D-AR-09,AR,NH-315,landslide,LS-00995,2019-06-03T09:00:00,2019-06-03T10:00:00,1.0,partial,minor,27,162.9,False,fuel,True,SEG-0065,96.4,NDRF,29841,485994,127.6,very_high,2019-20
DSR-00591,SEG-0066,D-AR-09,AR,NH-315,landslide,LS-01024,2019-06-05T17:30:00,2019-06-10T15:42:00,118.2,full,major,92,295.6,True,agri_produce,True,SEG-0065,105.1,NHIDCL,6429137,963291,123.8,very_high,2019-20
DSR-00524,SEG-0036,D-MZ-05,MZ,NH-306,landslide,LS-00899,2019-06-06T04:45:00,2019-06-08T21:45:00,65.0,full,major,93,666.0,False,relief_supplies,True,SEG-0035,121.8,NDRF,2689865,2388953,7.4,high,2019-20
DSR-00667,SEG-0028,D-MN-01,MN,NH-37,landslide,LS-01143,2019-06-06T10:30:00,2019-06-07T00:06:00,13.6,full,moderate,6,16.6,False,agri_produce,True,SEG-0024,115.5,State PWD,1907955,68834,291.2,high,2019-20
DSR-00652,SEG-0052,D-SK-01,SK,NH-510,landslide,LS-01122,2019-06-07T00:45:00,2019-06-07T01:45:00,1.0,partial,minor,72,309.4,True,relief_supplies,True,SEG-0053,14.5,NHIDCL,56822,787250,456.2,very_high,2019-20
DSR-00501,SEG-0063,D-AR-03,AR,NH-13-W,landslide,LS-00864,2019-06-07T07:45:00,2019-06-07T09:21:00,1.6,partial,minor,0,0.0,False,fuel,True,SEG-0062,100.8,NHIDCL,155863,0,493.0,high,2019-20
DSR-00540,SEG-0014,D-ML-01,ML,NH-6,landslide,LS-00927,2019-06-08T15:00:00,2019-06-08T16:24:00,1.4,partial,minor,0,0.0,True,relief_supplies,True,SEG-0015,143.4,SDRF,140916,0,131.0,high,2019-20
DSR-00579,SEG-0051,D-SK-02,SK,NH-310,landslide,LS-01002,2019-06-08T16:00:00,2019-06-08T17:06:00,1.1,partial,minor,0,0.0,True,agri_produce,True,SEG-0050,28.4,NDRF,40628,0,65.5,very_high,2019-20
DSR-02227,SEG-0025,D-NL-01,NL,NH-29,flood,,2019-06-09T06:45:00,2019-06-12T13:15:00,78.5,full,major,74,200.7,False,lpg_cylinders,True,SEG-0022,49.0,NDRF,2422749,734212,353.2,high,2019-20
DSR-00605,SEG-0013,D-ML-01,ML,NH-6,landslide,LS-01050,2019-06-09T12:45:00,2019-06-09T13:45:00,1.0,partial,minor,56,408.4,False,fuel,True,SEG-0014,60.6,NDRF,133715,1418221,338.4,very_high,2019-20
DSR-00459,SEG-0051,D-SK-02,SK,NH-310,landslide,LS-00805,2019-06-10T09:30:00,2019-06-10T15:18:00,5.8,partial,moderate,0,0.0,False,vaccines,True,SEG-0050,27.7,NHIDCL,297631,0,549.4,very_high,2019-20
DSR-01881,SEG-0013,D-ML-01,ML,NH-6,fallen_tree,,2019-06-11T10:15:00,2019-06-11T14:51:00,4.6,partial,minor,67,330.3,False,fuel,True,SEG-0014,63.4,NHIDCL,170139,1397145,9.0,very_high,2019-20
DSR-00405,SEG-0050,D-SK-02,SK,NH-310,landslide,LS-00705,2019-06-12T04:15:00,2019-06-12T05:15:00,1.0,partial,minor,31,246.2,True,construction_material,True,SEG-0049,24.3,SDRF,124844,523465,396.5,very_high,2019-20
DSR-02057,SEG-0037,D-MZ-01,MZ,NH-302,accident_blockage,,2019-06-12T19:45:00,2019-06-13T18:33:00,22.8,full,moderate,39,231.1,True,construction_material,True,SEG-0034,115.4,NDRF,896541,994873,166.2,high,2019-20
DSR-02248,SEG-0001,D-WB-01,WB,NH-27,road_subsidence,,2019-06-13T06:15:00,2019-06-14T16:27:00,34.2,full,moderate,35,144.4,False,lpg_cylinders,True,SEG-0046,125.1,NDRF,639274,250656,238.6,low,2019-20
DSR-00486,SEG-0050,D-SK-02,SK,NH-310,landslide,LS-00846,2019-06-13T09:15:00,2019-06-13T11:03:00,1.8,partial,minor,42,223.5,False,lpg_cylinders,True,SEG-0049,30.9,NHIDCL,208038,635705,412.9,very_high,2019-20
DSR-00681,SEG-0028,D-MN-01,MN,NH-37,landslide,LS-01170,2019-06-13T22:45:00,2019-06-14T05:15:00,6.5,partial,moderate,64,165.0,True,food_grains,True,SEG-0031,112.7,BRO (Border Roads Organisation),697430,732019,411.8,high,2019-20
DSR-00639,SEG-0055,D-SK-04,SK,NH-510,landslide,LS-01105,2019-06-14T03:15:00,2019-06-14T08:03:00,4.8,partial,minor,0,0.0,False,lpg_cylinders,True,SEG-0054,38.3,NHIDCL,198554,0,359.4,very_high,2019-20
DSR-00575,SEG-0058,D-AR-01,AR,NH-13,landslide,LS-00985,2019-06-14T13:30:00,2019-06-14T14:48:00,1.3,partial,minor,0,0.0,False,relief_supplies,True,SEG-0059,117.0,SDRF,64089,0,46.7,high,2019-20
DSR-00447,SEG-0058,D-AR-01,AR,NH-13,landslide,LS-00785,2019-06-15T04:30:00,2019-06-16T02:18:00,21.8,full,moderate,189,1149.6,False,construction_material,True,SEG-0059,157.3,NHIDCL,2494725,5306733,446.1,high,2019-20
DSR-00587,SEG-0056,D-AS-09,AS,NH-15,landslide,LS-01015,2019-06-16T03:00:00,2019-06-16T04:00:00,1.0,partial,minor,0,0.0,True,lpg_cylinders,True,SEG-0057,94.8,SDRF,73473,0,244.6,low,2019-20
DSR-02092,SEG-0045,D-AS-12,AS,NH-8,flood,,2019-06-16T17:15:00,2019-06-23T21:27:00,172.2,full,major,45,280.8,False,food_grains,True,SEG-0016,48.8,BRO (Border Roads Organisation),7892014,1278551,391.3,low,2019-20
DSR-00442,SEG-0071,D-AS-08,AS,NH-36,landslide,LS-00779,2019-06-17T05:30:00,2019-06-17T06:30:00,1.0,partial,minor,54,463.6,True,medicines,True,SEG-0070,241.4,NDRF,44029,771701,58.8,moderate,2019-20
DSR-00592,SEG-0042,D-TR-02,TR,NH-8,landslide,LS-01025,2019-06-17T12:15:00,2019-06-17T13:15:00,1.0,partial,minor,0,0.0,True,lpg_cylinders,True,SEG-0041,119.2,NHIDCL,40637,0,203.7,moderate,2019-20
DSR-01878,SEG-0003,D-AS-10,AS,NH-27,road_subsidence,,2019-06-18T05:15:00,2019-06-27T13:09:00,223.9,full,major,32,123.8,True,food_grains,True,SEG-0004,89.1,NHIDCL,8342503,423594,67.1,low,2019-20
DSR-01993,SEG-0049,D-SK-01,SK,NH-310,protest_blockade,,2019-06-18T17:00:00,2019-06-19T03:24:00,10.4,partial,moderate,66,343.3,True,food_grains,True,SEG-0050,28.9,SDRF,384732,1496636,155.4,high,2019-20
DSR-02177,SEG-0014,D-ML-01,ML,NH-6,fallen_tree,,2019-06-19T18:30:00,2019-06-20T16:06:00,21.6,full,moderate,108,826.7,False,agri_produce,True,SEG-0015,173.4,NDRF,920237,3200016,168.0,high,2019-20
DSR-00418,SEG-0014,D-ML-01,ML,NH-6,landslide,LS-00727,2019-06-19T20:00:00,2019-06-20T07:24:00,11.4,partial,moderate,10,30.9,False,construction_material,True,SEG-0015,125.5,NHIDCL,1323295,135045,877.0,high,2019-20
DSR-00582,SEG-0013,D-ML-01,ML,NH-6,landslide,LS-01007,2019-06-21T00:30:00,2019-06-21T18:42:00,18.2,full,moderate,109,494.5,False,lpg_cylinders,True,SEG-0012,52.0,NHIDCL,652487,1849253,929.5,very_high,2019-20
DSR-01732,SEG-0030,D-MN-04,MN,NH-37,accident_blockage,,2019-06-21T04:30:00,2019-06-22T02:18:00,21.8,full,moderate,43,271.2,True,lpg_cylinders,True,SEG-0029,61.6,BRO (Border Roads Organisation),479136,764358,169.5,moderate,2019-20
DSR-01987,SEG-0062,D-AS-09,AS,NH-13-W,flood,,2019-06-23T07:45:00,2019-06-25T20:51:00,61.1,full,moderate,61,216.8,False,vaccines,True,SEG-0056,191.7,NHIDCL,1971553,653458,584.3,high,2019-20
DSR-00440,SEG-0066,D-AR-09,AR,NH-315,landslide,LS-00777,2019-06-23T08:00:00,2019-06-23T10:00:00,2.0,partial,minor,72,218.8,False,relief_supplies,True,SEG-0065,93.2,SDRF,116336,853729,82.9,very_high,2019-20
DSR-00435,SEG-0037,D-MZ-01,MZ,NH-302,landslide,LS-00767,2019-06-24T10:15:00,2019-06-27T06:15:00,68.0,full,major,159,809.6,False,fuel,True,SEG-0034,69.8,BRO (Border Roads Organisation),3086100,2174977,71.1,high,2019-20
DSR-01725,SEG-0066,D-AR-09,AR,NH-315,road_subsidence,,2019-06-26T17:45:00,2019-07-08T10:27:00,280.7,full,major,98,586.9,False,medicines,True,SEG-0067,75.6,NDRF,12673310,922564,256.0,very_high,2019-20
DSR-00562,SEG-0051,D-SK-02,SK,NH-310,landslide,LS-00963,2019-06-27T01:15:00,2019-06-27T07:45:00,6.5,partial,moderate,42,282.3,False,relief_supplies,True,SEG-0050,17.7,SDRF,374818,832807,248.8,very_high,2019-20
DSR-00633,SEG-0013,D-ML-01,ML,NH-6,landslide,LS-01099,2019-06-27T10:00:00,2019-06-27T15:24:00,5.4,partial,minor,0,0.0,True,lpg_cylinders,True,SEG-0012,57.6,State PWD,731412,0,769.1,very_high,2019-20
DSR-00564,SEG-0068,D-AS-08,AS,NH-27-DH,landslide,LS-00965,2019-06-28T14:30:00,2019-06-30T04:54:00,38.4,full,moderate,10,25.5,False,food_grains,True,SEG-0069,65.8,SDRF,2250479,96447,317.0,high,2019-20
DSR-00484,SEG-0013,D-ML-01,ML,NH-6,landslide,LS-00843,2019-07-01T07:15:00,2019-07-01T08:51:00,1.6,partial,minor,114,891.4,False,food_grains,True,SEG-0014,57.7,NHIDCL,47788,2709928,206.3,very_high,2019-20
DSR-00670,SEG-0025,D-NL-01,NL,NH-29,landslide,LS-01154,2019-07-01T12:30:00,2019-07-01T16:06:00,3.6,partial,minor,0,0.0,False,agri_produce,True,SEG-0021,67.3,BRO (Border Roads Organisation),504508,0,86.4,high,2019-20
DSR-01742,SEG-0011,D-AS-04,AS,NH-27,bridge_damage,,2019-07-02T00:00:00,2019-07-11T01:30:00,217.5,full,major,61,425.3,False,food_grains,True,SEG-0010,122.1,NHIDCL,8170091,1468776,263.8,low,2019-20
DSR-02254,SEG-0068,D-AS-08,AS,NH-27-DH,flood,,2019-07-02T10:30:00,2019-07-20T09:42:00,431.2,full,major,53,189.3,True,agri_produce,True,SEG-0069,106.6,NHIDCL,7496481,836606,277.8,high,2019-20
DSR-00529,SEG-0048,D-SK-01,SK,NH-10,landslide,LS-00907,2019-07-03T04:00:00,2019-07-03T05:30:00,1.5,partial,minor,79,481.4,True,relief_supplies,True,SEG-0049,46.2,NDRF,34097,2321043,286.0,high,2019-20
DSR-00666,SEG-0060,D-AR-06,AR,NH-13,landslide,LS-01142,2019-07-03T05:00:00,2019-07-03T06:36:00,1.6,partial,minor,38,303.6,True,fuel,True,SEG-0059,87.0,SDRF,177945,609369,222.7,very_high,2019-20
DSR-00467,SEG-0015,D-ML-02,ML,NH-6,landslide,LS-00819,2019-07-05T18:30:00,2019-07-05T19:42:00,1.2,partial,minor,0,0.0,False,fuel,True,SEG-0014,50.5,BRO (Border Roads Organisation),82299,0,134.3,high,2019-20
DSR-00394,SEG-0025,D-NL-01,NL,NH-29,landslide,LS-00687,2019-07-05T22:30:00,2019-07-07T09:36:00,35.1,full,moderate,4,28.8,True,relief_supplies,True,SEG-0021,55.5,NDRF,1010382,81089,551.7,high,2019-20
DSR-00461,SEG-0059,D-AR-04,AR,NH-13,landslide,LS-00808,2019-07-06T07:15:00,2019-07-06T09:09:00,1.9,partial,minor,29,123.3,True,fuel,True,SEG-0060,85.9,SDRF,247116,260938,75.6,very_high,2019-20
DSR-00661,SEG-0013,D-ML-01,ML,NH-6,landslide,LS-01132,2019-07-06T13:45:00,2019-07-06T16:15:00,2.5,partial,minor,94,845.5,True,medicines,True,SEG-0012,71.7,NHIDCL,356760,2352566,302.6,very_high,2019-20
DSR-00522,SEG-0046,D-WB-01,WB,NH-10,landslide,LS-00897,2019-07-07T00:30:00,2019-07-07T06:54:00,6.4,partial,moderate,114,927.7,False,vaccines,True,SEG-0047,16.4,NDRF,731523,4017498,522.6,very_high,2019-20
DSR-00506,SEG-0058,D-AR-01,AR,NH-13,landslide,LS-00871,2019-07-08T00:15:00,2019-07-10T08:15:00,56.0,full,major,120,488.0,True,lpg_cylinders,True,SEG-0056,197.3,NDRF,7824394,1233012,238.1,high,2019-20
DSR-00567,SEG-0060,D-AR-06,AR,NH-13,landslide,LS-00969,2019-07-08T05:15:00,2019-07-08T08:27:00,3.2,partial,moderate,0,0.0,False,fuel,True,SEG-0059,77.9,SDRF,188693,0,83.0,very_high,2019-20
DSR-00532,SEG-0066,D-AR-09,AR,NH-315,landslide,LS-00915,2019-07-09T07:15:00,2019-07-10T01:03:00,17.8,full,moderate,61,290.2,True,fuel,True,SEG-0067,74.5,SDRF,753593,427861,259.1,very_high,2019-20
DSR-00402,SEG-0019,D-ML-03,ML,NH-27-SPUR,landslide,LS-00701,2019-07-09T09:00:00,2019-07-10T00:18:00,15.3,full,moderate,31,118.0,False,food_grains,True,SEG-0018,142.3,NHIDCL,1874633,303761,308.7,moderate,2019-20
DSR-00445,SEG-0031,D-MN-02,MN,NH-2-S,landslide,LS-00782,2019-07-09T22:30:00,2019-07-13T15:18:00,88.8,full,major,27,186.5,False,food_grains,True,SEG-0028,115.4,SDRF,1912658,300380,202.2,moderate,2019-20
DSR-00662,SEG-0062,D-AS-09,AS,NH-13-W,landslide,LS-01133,2019-07-09T23:45:00,2019-07-23T15:57:00,328.2,full,catastrophic,24,182.9,False,construction_material,True,SEG-0006,55.7,State PWD,35950246,359976,511.8,high,2019-20
DSR-02102,SEG-0060,D-AR-06,AR,NH-13,fallen_tree,,2019-07-10T16:00:00,2019-07-11T00:48:00,8.8,partial,moderate,0,0.0,False,relief_supplies,True,SEG-0059,116.2,SDRF,72341,0,56.9,very_high,2019-20
DSR-00572,SEG-0064,D-AR-03,AR,NH-13-W,landslide,LS-00979,2019-07-11T13:30:00,2019-07-13T01:00:00,35.5,full,moderate,145,1084.5,False,construction_material,True,SEG-0063,53.2,SDRF,3077430,3850158,426.6,very_high,2019-20
DSR-02033,SEG-0010,D-AS-11,AS,NH-27,fallen_tree,,2019-07-11T15:15:00,2019-07-11T23:09:00,7.9,partial,moderate,15,42.8,False,relief_supplies,True,SEG-0011,92.5,NHIDCL,326986,96582,76.3,low,2019-20
DSR-00576,SEG-0013,D-ML-01,ML,NH-6,landslide,LS-00989,2019-07-11T15:30:00,2019-07-13T04:42:00,37.2,full,moderate,125,626.0,True,fuel,True,SEG-0014,66.6,SDRF,2340843,2438848,594.6,very_high,2019-20
DSR-00497,SEG-0059,D-AR-04,AR,NH-13,landslide,LS-00858,2019-07-12T01:00:00,2019-07-13T08:42:00,31.7,full,moderate,125,997.0,False,agri_produce,True,SEG-0058,123.0,BRO (Border Roads Organisation),2741783,3150314,306.1,very_high,2019-20
DSR-01988,SEG-0005,D-AS-01,AS,NH-27,protest_blockade,,2019-07-12T13:15:00,2019-07-13T13:51:00,24.6,full,moderate,0,0.0,True,food_grains,True,SEG-0004,101.0,NHIDCL,275127,0,82.4,low,2019-20
DSR-02195,SEG-0065,D-AR-05,AR,NH-315,flood,,2019-07-12T17:30:00,2019-07-17T01:54:00,104.4,full,major,105,721.1,False,fuel,True,SEG-0061,61.3,NDRF,2875282,1226212,666.5,high,2019-20
DSR-00406,SEG-0055,D-SK-04,SK,NH-510,landslide,LS-00708,2019-07-12T20:15:00,2019-07-12T21:57:00,1.7,partial,minor,23,120.6,True,relief_supplies,True,SEG-0054,20.3,BRO (Border Roads Organisation),79212,367645,21.3,very_high,2019-20
DSR-00585,SEG-0060,D-AR-06,AR,NH-13,landslide,LS-01012,2019-07-14T07:30:00,2019-07-14T11:30:00,4.0,partial,minor,32,172.7,False,vaccines,True,SEG-0059,157.7,SDRF,490268,347422,449.4,very_high,2019-20
DSR-01908,SEG-0017,D-AS-01,AS,NH-27-SPUR,road_subsidence,,2019-07-14T16:30:00,2019-07-15T13:24:00,20.9,full,moderate,89,784.0,False,vaccines,True,SEG-0004,108.8,BRO (Border Roads Organisation),595763,1584328,301.8,low,2019-20
DSR-00513,SEG-0055,D-SK-04,SK,NH-510,landslide,LS-00881,2019-07-14T19:15:00,2019-07-19T12:27:00,113.2,full,major,59,403.8,False,fuel,True,SEG-0054,39.7,State PWD,6880565,1510327,607.9,very_high,2019-20
DSR-01991,SEG-0023,D-MN-05,MN,NH-2,fallen_tree,,2019-07-14T19:15:00,2019-07-14T21:51:00,2.6,partial,minor,15,69.6,True,food_grains,True,SEG-0022,47.2,State PWD,71187,258912,53.0,moderate,2019-20
DSR-02116,SEG-0013,D-ML-01,ML,NH-6,bridge_damage,,2019-07-14T21:30:00,2019-08-31T14:30:00,1145.0,full,catastrophic,0,0.0,False,construction_material,True,SEG-0014,68.6,BRO (Border Roads Organisation),26024217,0,129.0,very_high,2019-20
DSR-00483,SEG-0022,D-NL-01,NL,NH-2,landslide,LS-00841,2019-07-15T01:15:00,2019-07-15T03:15:00,2.0,full,major,122,1007.0,False,relief_supplies,True,SEG-0023,37.9,SDRF,256048,1907640,344.3,high,2019-20
DSR-02152,SEG-0016,D-AS-12,AS,NH-6,bridge_damage,,2019-07-15T06:45:00,2019-08-24T13:45:00,967.0,full,catastrophic,33,249.5,True,food_grains,True,SEG-0069,50.9,BRO (Border Roads Organisation),38821655,861128,156.4,low,2019-20
DSR-02300,SEG-0053,D-SK-03,SK,NH-510,flood,,2019-07-15T09:45:00,2019-07-23T10:39:00,192.9,full,major,90,661.4,False,vaccines,True,SEG-0052,61.6,BRO (Border Roads Organisation),5871844,1253412,544.8,high,2019-20
DSR-00586,SEG-0013,D-ML-01,ML,NH-6,landslide,LS-01013,2019-07-16T03:30:00,2019-07-16T04:30:00,1.0,partial,minor,23,149.8,False,relief_supplies,True,SEG-0014,56.9,SDRF,55239,218749,483.8,very_high,2019-20
DSR-00609,SEG-0018,D-AS-10,AS,NH-27-SPUR,landslide,LS-01056,2019-07-16T10:15:00,2019-07-16T11:15:00,1.0,partial,minor,77,205.6,False,relief_supplies,True,SEG-0019,96.1,State PWD,108814,685784,120.0,moderate,2019-20
DSR-00600,SEG-0051,D-SK-02,SK,NH-310,landslide,LS-01039,2019-07-16T23:45:00,2019-07-17T00:45:00,1.0,partial,minor,0,0.0,False,agri_produce,True,SEG-0050,17.6,NDRF,97130,0,249.5,very_high,2019-20
DSR-00502,SEG-0060,D-AR-06,AR,NH-13,landslide,LS-00865,2019-07-17T03:15:00,2019-07-17T05:27:00,2.2,partial,minor,75,488.9,False,vaccines,True,SEG-0061,92.5,SDRF,169371,1037492,320.2,very_high,2019-20
DSR-00430,SEG-0025,D-NL-01,NL,NH-29,landslide,LS-00756,2019-07-18T04:00:00,2019-07-18T20:42:00,16.7,full,moderate,22,173.6,True,agri_produce,True,SEG-0021,74.2,BRO (Border Roads Organisation),891774,182948,303.6,high,2019-20
DSR-01849,SEG-0043,D-TR-02,TR,NH-8,flood,,2019-07-18T15:00:00,2019-07-25T14:36:00,167.6,full,major,5,30.0,True,relief_supplies,True,SEG-0044,126.6,BRO (Border Roads Organisation),3039508,141289,363.7,moderate,2019-20
DSR-00509,SEG-0046,D-WB-01,WB,NH-10,landslide,LS-00875,2019-07-18T18:15:00,2019-07-18T23:39:00,5.4,partial,minor,62,378.6,True,vaccines,True,SEG-0047,15.4,SDRF,197961,1330113,28.4,very_high,2019-20
DSR-00466,SEG-0015,D-ML-02,ML,NH-6,landslide,LS-00818,2019-07-19T05:45:00,2019-07-19T08:03:00,2.3,partial,minor,104,923.4,False,food_grains,True,SEG-0016,27.8,NDRF,271240,2755878,81.3,high,2019-20
DSR-00473,SEG-0036,D-MZ-05,MZ,NH-306,landslide,LS-00826,2019-07-19T17:00:00,2019-07-20T04:54:00,11.9,full,major,56,250.7,True,food_grains,True,SEG-0035,109.9,SDRF,1375637,505765,37.7,high,2019-20
DSR-00634,SEG-0013,D-ML-01,ML,NH-6,landslide,LS-01100,2019-07-20T03:45:00,2019-07-20T04:45:00,1.0,partial,minor,43,271.7,False,vaccines,True,SEG-0014,63.9,BRO (Border Roads Organisation),59987,830556,219.1,very_high,2019-20
DSR-00411,SEG-0013,D-ML-01,ML,NH-6,landslide,LS-00719,2019-07-21T04:15:00,2019-07-22T04:15:00,24.0,full,moderate,0,0.0,True,construction_material,True,SEG-0014,39.6,NHIDCL,3372686,0,552.1,very_high,2019-20
DSR-02150,SEG-0022,D-NL-01,NL,NH-2,accident_blockage,,2019-07-21T15:15:00,2019-07-22T06:45:00,15.5,full,moderate,31,255.5,True,vaccines,True,SEG-0025,54.2,NDRF,257903,431337,98.0,high,2019-20
DSR-00531,SEG-0050,D-SK-02,SK,NH-310,landslide,LS-00914,2019-07-22T09:45:00,2019-07-23T22:21:00,36.6,full,moderate,58,413.8,False,fuel,True,SEG-0049,48.5,SDRF,4824694,1885593,387.7,very_high,2019-20
DSR-00458,SEG-0018,D-AS-10,AS,NH-27-SPUR,landslide,LS-00804,2019-07-23T07:45:00,2019-07-23T08:45:00,1.0,partial,minor,69,263.9,False,agri_produce,True,SEG-0019,77.3,NDRF,37580,1358412,219.7,moderate,2019-20
DSR-00555,SEG-0065,D-AR-05,AR,NH-315,landslide,LS-00951,2019-07-25T21:45:00,2019-07-26T18:03:00,20.3,full,moderate,73,630.2,True,lpg_cylinders,True,SEG-0066,59.1,NHIDCL,418024,879732,217.0,high,2019-20
DSR-00608,SEG-0047,D-SK-01,SK,NH-10,landslide,LS-01055,2019-07-26T00:00:00,2019-07-26T06:30:00,6.5,partial,moderate,0,0.0,False,food_grains,True,SEG-0048,18.9,BRO (Border Roads Organisation),316381,0,386.7,high,2019-20
DSR-00601,SEG-0013,D-ML-01,ML,NH-6,landslide,LS-01043,2019-07-26T13:45:00,2019-07-26T15:57:00,2.2,partial,minor,32,161.6,False,lpg_cylinders,True,SEG-0012,73.3,State PWD,74929,656338,807.3,very_high,2019-20
DSR-00678,SEG-0047,D-SK-01,SK,NH-10,landslide,LS-01167,2019-07-26T14:45:00,2019-07-26T19:03:00,4.3,partial,moderate,7,51.1,False,fuel,True,SEG-0048,18.3,SDRF,517327,131498,287.1,high,2019-20
DSR-01755,SEG-0036,D-MZ-05,MZ,NH-306,fallen_tree,,2019-07-28T09:45:00,2019-07-28T18:21:00,8.6,partial,moderate,49,181.2,True,vaccines,True,SEG-0035,60.3,NDRF,74038,593933,197.0,high,2019-20
DSR-00680,SEG-0027,D-NL-03,NL,NH-29,landslide,LS-01169,2019-08-01T03:00:00,2019-08-01T12:12:00,9.2,partial,moderate,86,627.0,False,vaccines,True,SEG-0026,51.8,NHIDCL,467036,796749,291.0,high,2019-20
DSR-01709,SEG-0024,D-MN-05,MN,NH-2,accident_blockage,,2019-08-01T09:15:00,2019-08-02T02:21:00,17.1,full,moderate,46,199.1,False,lpg_cylinders,True,SEG-0031,153.1,SDRF,157292,660911,105.9,high,2019-20
DSR-00549,SEG-0059,D-AR-04,AR,NH-13,landslide,LS-00941,2019-08-01T11:30:00,2019-08-05T08:42:00,93.2,full,major,58,372.1,True,construction_material,True,SEG-0058,62.0,State PWD,11394958,752054,31.6,very_high,2019-20
DSR-00489,SEG-0051,D-SK-02,SK,NH-310,landslide,LS-00850,2019-08-03T05:15:00,2019-08-04T19:03:00,37.8,full,moderate,65,502.2,True,construction_material,True,SEG-0050,36.4,NHIDCL,1435298,1090000,131.4,very_high,2019-20
DSR-00613,SEG-0054,D-SK-03,SK,NH-510,landslide,LS-01067,2019-08-04T09:15:00,2019-08-04T11:45:00,2.5,partial,minor,69,190.5,False,relief_supplies,True,SEG-0055,11.5,SDRF,122986,370810,618.7,high,2019-20
DSR-01848,SEG-0070,D-AS-02,AS,NH-36,bridge_damage,,2019-08-04T16:30:00,2019-09-01T19:54:00,675.4,full,major,78,348.1,False,vaccines,True,SEG-0006,48.9,NHIDCL,29262868,1160699,282.7,low,2019-20
DSR-01675,SEG-0033,D-AS-06,AS,NH-306,flood,,2019-08-05T23:15:00,2019-08-11T18:27:00,139.2,full,major,69,557.2,False,medicines,True,SEG-0030,87.3,NDRF,3256890,1303879,204.8,low,2019-20
DSR-00515,SEG-0049,D-SK-01,SK,NH-310,landslide,LS-00885,2019-08-06T18:30:00,2019-08-11T09:42:00,111.2,full,major,115,448.0,False,vaccines,True,SEG-0050,28.6,NDRF,15197309,1348207,318.1,high,2019-20
DSR-00620,SEG-0064,D-AR-03,AR,NH-13-W,landslide,LS-01077,2019-08-06T19:30:00,2019-08-09T06:42:00,59.2,full,moderate,17,110.2,False,lpg_cylinders,True,SEG-0063,79.0,BRO (Border Roads Organisation),2912928,117721,234.7,very_high,2019-20
DSR-00622,SEG-0014,D-ML-01,ML,NH-6,landslide,LS-01079,2019-08-07T00:30:00,2019-08-07T22:06:00,21.6,full,moderate,108,418.2,False,lpg_cylinders,True,SEG-0015,105.8,SDRF,2226593,1644955,516.4,high,2019-20
DSR-01851,SEG-0066,D-AR-09,AR,NH-315,protest_blockade,,2019-08-07T16:30:00,2019-08-09T22:24:00,53.9,full,moderate,0,0.0,True,vaccines,True,SEG-0067,42.6,BRO (Border Roads Organisation),2402954,0,169.9,very_high,2019-20
DSR-00630,SEG-0013,D-ML-01,ML,NH-6,landslide,LS-01093,2019-08-08T13:00:00,2019-08-08T14:18:00,1.3,partial,minor,18,95.9,True,food_grains,True,SEG-0012,61.8,State PWD,55103,381613,238.4,very_high,2019-20
DSR-00561,SEG-0015,D-ML-02,ML,NH-6,landslide,LS-00962,2019-08-08T20:30:00,2019-08-09T19:54:00,23.4,full,moderate,31,264.8,True,construction_material,True,SEG-0014,85.5,SDRF,478290,850182,19.7,high,2019-20
DSR-00425,SEG-0009,D-AS-03,AS,NH-27,landslide,LS-00747,2019-08-08T23:15:00,2019-08-09T00:51:00,1.6,partial,moderate,10,37.9,False,agri_produce,True,SEG-0008,60.5,State PWD,190999,110117,29.7,low,2019-20
DSR-00436,SEG-0069,D-AS-07,AS,NH-27-DH,landslide,LS-00770,2019-08-09T19:45:00,2019-08-10T14:39:00,18.9,full,moderate,94,793.9,False,medicines,True,SEG-0033,84.7,SDRF,540802,2486194,520.7,high,2019-20
DSR-00602,SEG-0023,D-MN-05,MN,NH-2,landslide,LS-01044,2019-08-10T15:30:00,2019-08-11T01:12:00,9.7,partial,moderate,0,0.0,False,medicines,True,SEG-0022,37.5,BRO (Border Roads Organisation),801298,0,138.6,moderate,2019-20
DSR-00641,SEG-0064,D-AR-03,AR,NH-13-W,landslide,LS-01107,2019-08-11T07:00:00,2019-08-11T08:24:00,1.4,partial,minor,0,0.0,False,vaccines,True,SEG-0063,76.1,NDRF,53692,0,138.2,very_high,2019-20
DSR-01800,SEG-0004,D-AS-01,AS,NH-27,protest_blockade,,2019-08-11T16:00:00,2019-08-12T11:48:00,19.8,full,moderate,0,0.0,True,relief_supplies,True,SEG-0012,37.4,BRO (Border Roads Organisation),621709,0,167.2,low,2019-20
DSR-00595,SEG-0040,D-TR-03,TR,NH-8,landslide,LS-01031,2019-08-12T05:45:00,2019-08-12T08:33:00,2.8,partial,minor,50,201.1,True,agri_produce,True,SEG-0039,92.8,State PWD,353348,790208,372.2,moderate,2019-20
DSR-02181,SEG-0069,D-AS-07,AS,NH-27-DH,flood,,2019-08-12T16:30:00,2019-08-14T22:18:00,53.8,full,moderate,75,584.4,True,food_grains,True,SEG-0030,69.1,NHIDCL,689746,2339922,424.1,high,2019-20
DSR-00625,SEG-0050,D-SK-02,SK,NH-310,landslide,LS-01085,2019-08-12T20:30:00,2019-08-13T01:36:00,5.1,partial,minor,4,27.6,False,relief_supplies,True,SEG-0051,35.8,SDRF,567222,83572,121.9,very_high,2019-20
DSR-00413,SEG-0058,D-AR-01,AR,NH-13,landslide,LS-00721,2019-08-16T06:15:00,2019-08-16T08:15:00,2.0,partial,minor,19,77.5,False,construction_material,True,SEG-0057,80.8,NHIDCL,221403,170216,363.8,high,2019-20
DSR-00395,SEG-0034,D-MZ-04,MZ,NH-306,landslide,LS-00688,2019-08-17T00:15:00,2019-08-17T01:51:00,1.6,partial,minor,25,137.3,True,agri_produce,True,SEG-0037,133.4,State PWD,131566,291006,146.8,high,2019-20
DSR-00554,SEG-0052,D-SK-01,SK,NH-510,landslide,LS-00949,2019-08-17T06:15:00,2019-08-20T13:03:00,78.8,full,major,92,363.5,True,lpg_cylinders,True,SEG-0049,50.6,BRO (Border Roads Organisation),2139845,650564,24.2,very_high,2019-20
DSR-00574,SEG-0060,D-AR-06,AR,NH-13,landslide,LS-00983,2019-08-17T12:30:00,2019-08-17T13:30:00,1.0,partial,minor,31,186.7,True,medicines,True,SEG-0059,155.1,NHIDCL,68154,763761,120.3,very_high,2019-20
DSR-00499,SEG-0061,D-AR-06,AR,NH-13,landslide,LS-00860,2019-08-18T02:15:00,2019-08-18T03:15:00,1.0,partial,minor,71,359.4,False,construction_material,True,SEG-0065,71.7,BRO (Border Roads Organisation),23146,959442,107.6,high,2019-20
DSR-00389,SEG-0026,D-NL-04,NL,NH-29,landslide,LS-00674,2019-08-18T23:00:00,2019-08-19T07:48:00,8.8,partial,moderate,0,0.0,False,relief_supplies,True,SEG-0027,45.1,SDRF,282377,0,240.8,high,2019-20
DSR-00686,SEG-0055,D-SK-04,SK,NH-510,landslide,LS-01177,2019-08-18T23:30:00,2019-08-19T03:24:00,3.9,partial,minor,0,0.0,False,vaccines,True,SEG-0054,18.0,BRO (Border Roads Organisation),83850,0,297.1,very_high,2019-20
DSR-00507,SEG-0021,D-NL-02,NL,NH-2,landslide,LS-00872,2019-08-21T14:45:00,2019-08-21T21:21:00,6.6,partial,moderate,0,0.0,True,food_grains,True,SEG-0022,38.3,NDRF,257346,0,70.0,high,2019-20
DSR-00410,SEG-0013,D-ML-01,ML,NH-6,landslide,LS-00715,2019-08-21T18:30:00,2019-08-21T19:30:00,1.0,partial,minor,0,0.0,False,fuel,True,SEG-0014,74.6,SDRF,85540,0,78.1,very_high,2019-20
DSR-00649,SEG-0025,D-NL-01,NL,NH-29,landslide,LS-01117,2019-09-02T12:30:00,2019-09-07T21:06:00,128.6,full,catastrophic,0,0.0,True,relief_supplies,True,SEG-0026,88.3,NDRF,11484356,0,319.8,high,2019-20
DSR-02134,SEG-0013,D-ML-01,ML,NH-6,bridge_damage,,2019-09-02T18:30:00,2019-10-08T23:12:00,868.7,full,catastrophic,0,0.0,True,relief_supplies,True,SEG-0012,69.2,BRO (Border Roads Organisation),34672360,0,86.5,very_high,2019-20
DSR-00495,SEG-0025,D-NL-01,NL,NH-29,landslide,LS-00856,2019-09-04T03:30:00,2019-09-04T04:30:00,1.0,partial,minor,14,49.0,False,construction_material,True,SEG-0021,115.1,BRO (Border Roads Organisation),47425,122986,94.4,high,2019-20
DSR-00412,SEG-0050,D-SK-02,SK,NH-310,landslide,LS-00720,2019-09-04T21:45:00,2019-09-06T15:15:00,41.5,full,major,119,483.2,False,fuel,True,SEG-0049,49.5,NHIDCL,5921254,1180415,416.2,very_high,2019-20
DSR-00414,SEG-0062,D-AS-09,AS,NH-13-W,landslide,LS-00722,2019-09-06T05:30:00,2019-09-06T07:00:00,1.5,partial,minor,0,0.0,False,vaccines,True,SEG-0056,117.9,NHIDCL,190370,0,163.2,high,2019-20
DSR-00684,SEG-0042,D-TR-02,TR,NH-8,landslide,LS-01175,2019-09-09T12:45:00,2019-09-09T14:09:00,1.4,partial,minor,0,0.0,False,fuel,True,SEG-0041,81.9,State PWD,142390,0,189.5,moderate,2019-20
DSR-01923,SEG-0002,D-AS-10,AS,NH-27,road_subsidence,,2019-09-10T10:00:00,2019-09-13T01:18:00,63.3,full,moderate,58,477.3,True,relief_supplies,True,SEG-0003,113.6,NHIDCL,596902,991651,333.3,low,2019-20
DSR-02250,SEG-0026,D-NL-04,NL,NH-29,bridge_damage,,2019-09-10T16:30:00,2019-09-29T06:12:00,445.7,full,major,28,196.8,False,relief_supplies,True,SEG-0027,58.2,SDRF,6665270,629292,218.8,high,2019-20
DSR-00533,SEG-0013,D-ML-01,ML,NH-6,landslide,LS-00916,2019-09-11T00:15:00,2019-09-11T01:15:00,1.0,partial,minor,27,90.5,False,fuel,True,SEG-0014,72.0,BRO (Border Roads Organisation),67932,376546,287.1,very_high,2019-20
DSR-00397,SEG-0064,D-AR-03,AR,NH-13-W,landslide,LS-00692,2019-09-12T11:15:00,2019-09-12T16:51:00,5.6,partial,moderate,124,369.3,False,vaccines,True,SEG-0063,47.9,SDRF,520945,915755,512.1,very_high,2019-20
DSR-00526,SEG-0064,D-AR-03,AR,NH-13-W,landslide,LS-00902,2019-09-12T14:00:00,2019-09-12T15:24:00,1.4,partial,minor,0,0.0,True,fuel,True,SEG-0063,44.3,NDRF,29965,0,264.8,very_high,2019-20
DSR-00422,SEG-0015,D-ML-02,ML,NH-6,landslide,LS-00736,2019-09-12T21:00:00,2019-09-12T22:00:00,1.0,partial,minor,0,0.0,True,construction_material,True,SEG-0045,34.6,NHIDCL,115488,0,333.7,high,2019-20
DSR-00401,SEG-0047,D-SK-01,SK,NH-10,landslide,LS-00698,2019-09-13T18:45:00,2019-09-14T00:03:00,5.3,partial,minor,88,332.5,False,lpg_cylinders,True,SEG-0048,23.7,BRO (Border Roads Organisation),539584,1220263,363.1,high,2019-20
DSR-02194,SEG-0044,D-AS-12,AS,NH-8,road_subsidence,,2019-09-13T20:30:00,2019-09-16T09:42:00,61.2,full,moderate,43,331.4,False,medicines,True,SEG-0043,35.2,SDRF,2710310,464622,259.4,low,2019-20
DSR-02123,SEG-0020,D-ML-04,ML,NH-27-SPUR,fallen_tree,,2019-09-14T21:30:00,2019-09-15T10:30:00,13.0,full,moderate,0,0.0,False,medicines,True,SEG-0019,54.0,NDRF,475713,0,68.2,moderate,2019-20
DSR-00438,SEG-0063,D-AR-03,AR,NH-13-W,landslide,LS-00772,2019-09-15T02:15:00,2019-09-15T03:45:00,1.5,partial,minor,115,672.9,True,relief_supplies,True,SEG-0064,111.3,SDRF,93512,1352182,391.5,high,2019-20
DSR-02067,SEG-0010,D-AS-11,AS,NH-27,flood,,2019-09-15T08:00:00,2019-09-20T04:54:00,116.9,full,major,66,186.2,True,food_grains,True,SEG-0009,127.9,NHIDCL,1213545,784679,465.9,low,2019-20
DSR-00679,SEG-0049,D-SK-01,SK,NH-310,landslide,LS-01168,2019-09-21T20:45:00,2019-09-24T05:09:00,56.4,full,major,77,638.2,False,relief_supplies,True,SEG-0048,23.1,SDRF,5711735,1584840,607.0,high,2019-20
DSR-00521,SEG-0014,D-ML-01,ML,NH-6,landslide,LS-00896,2019-09-24T00:45:00,2019-09-25T15:03:00,38.3,full,major,61,407.4,False,fuel,True,SEG-0015,96.7,BRO (Border Roads Organisation),1679307,1780289,639.9,high,2019-20
DSR-00599,SEG-0036,D-MZ-05,MZ,NH-306,landslide,LS-01037,2019-09-25T13:00:00,2019-09-25T14:00:00,1.0,partial,minor,19,60.9,True,relief_supplies,True,SEG-0035,72.7,SDRF,95571,279417,24.4,high,2019-20
DSR-00518,SEG-0030,D-MN-04,MN,NH-37,landslide,LS-00890,2019-09-25T19:00:00,2019-09-25T20:00:00,1.0,partial,minor,82,264.5,False,food_grains,True,SEG-0029,110.6,SDRF,142020,585236,488.6,moderate,2019-20
DSR-00643,SEG-0011,D-AS-04,AS,NH-27,landslide,LS-01110,2019-09-28T20:00:00,2019-09-28T21:00:00,1.0,partial,minor,22,60.0,False,relief_supplies,True,SEG-0010,67.4,NHIDCL,132002,261387,391.9,low,2019-20
DSR-00475,SEG-0046,D-WB-01,WB,NH-10,landslide,LS-00829,2019-10-08T13:15:00,2019-10-08T14:15:00,1.0,partial,minor,12,94.5,True,agri_produce,True,SEG-0047,8.7,NHIDCL,25827,97926,39.8,very_high,2019-20
DSR-00580,SEG-0020,D-ML-04,ML,NH-27-SPUR,landslide,LS-01005,2019-10-10T16:30:00,2019-10-12T03:30:00,35.0,full,major,102,557.5,False,agri_produce,True,SEG-0019,46.3,NHIDCL,3874577,1753576,920.4,moderate,2019-20
DSR-02237,SEG-0052,D-SK-01,SK,NH-510,accident_blockage,,2019-10-10T22:30:00,2019-10-11T23:24:00,24.9,full,moderate,69,447.3,False,medicines,True,SEG-0048,21.6,NDRF,181059,1423324,106.9,very_high,2019-20
DSR-00408,SEG-0063,D-AR-03,AR,NH-13-W,landslide,LS-00711,2019-10-11T17:30:00,2019-10-11T21:00:00,3.5,partial,moderate,32,131.8,False,lpg_cylinders,True,SEG-0062,73.2,State PWD,360364,401620,210.7,high,2019-20
DSR-00674,SEG-0020,D-ML-04,ML,NH-27-SPUR,landslide,LS-01160,2019-10-15T11:45:00,2019-10-15T12:45:00,1.0,partial,minor,0,0.0,True,medicines,True,SEG-0019,75.3,NHIDCL,53548,0,605.5,moderate,2019-20
DSR-00528,SEG-0037,D-MZ-01,MZ,NH-302,landslide,LS-00905,2019-10-20T02:30:00,2019-10-20T03:48:00,1.3,partial,minor,0,0.0,False,vaccines,True,SEG-0035,67.0,NHIDCL,22708,0,311.0,high,2019-20
DSR-00541,SEG-0023,D-MN-05,MN,NH-2,landslide,LS-00928,2019-10-21T08:15:00,2019-10-21T09:57:00,1.7,partial,minor,28,82.9,True,medicines,True,SEG-0024,123.5,NHIDCL,100923,199407,212.3,moderate,2019-20
DSR-00690,SEG-0061,D-AR-06,AR,NH-13,landslide,LS-01185,2019-10-25T03:30:00,2019-10-25T14:48:00,11.3,partial,moderate,68,343.5,False,relief_supplies,True,SEG-0060,95.2,NDRF,1188313,784283,148.1,high,2019-20
DSR-00517,SEG-0064,D-AR-03,AR,NH-13-W,landslide,LS-00887,2019-11-18T10:45:00,2019-11-18T16:27:00,5.7,partial,moderate,69,319.9,True,relief_supplies,True,SEG-0063,64.7,BRO (Border Roads Organisation),445494,877808,566.1,very_high,2019-20
DSR-00480,SEG-0048,D-SK-01,SK,NH-10,landslide,LS-00836,2019-11-25T15:15:00,2019-11-25T16:15:00,1.0,partial,minor,32,249.5,False,agri_produce,True,SEG-0052,60.7,State PWD,22595,537350,524.0,high,2019-20
DSR-02103,SEG-0041,D-TR-03,TR,NH-8,bridge_damage,,2019-12-10T20:45:00,2020-01-17T17:09:00,908.4,full,catastrophic,90,260.6,True,fuel,True,SEG-0040,62.0,State PWD,33671384,1099230,321.3,low,2019-20
DSR-00668,SEG-0064,D-AR-03,AR,NH-13-W,landslide,LS-01151,2019-12-21T09:15:00,2019-12-21T15:33:00,6.3,partial,moderate,37,226.9,False,fuel,True,SEG-0063,58.2,NDRF,335068,944583,564.9,very_high,2019-20
DSR-02291,SEG-0068,D-AS-08,AS,NH-27-DH,road_subsidence,,2020-01-03T08:00:00,2020-02-01T10:18:00,698.3,full,major,0,0.0,False,vaccines,True,SEG-0069,78.2,SDRF,21947715,0,303.3,high,2019-20
DSR-00565,SEG-0047,D-SK-01,SK,NH-10,landslide,LS-00967,2020-01-03T10:30:00,2020-01-03T11:48:00,1.3,full,major,78,400.2,True,lpg_cylinders,True,SEG-0046,127.2,BRO (Border Roads Organisation),45443,1080843,449.4,high,2019-20
DSR-01995,SEG-0017,D-AS-01,AS,NH-27-SPUR,flood,,2020-01-07T08:15:00,2020-01-09T00:15:00,40.0,full,moderate,126,800.9,False,construction_material,True,SEG-0018,144.7,State PWD,1630026,3641162,612.7,low,2019-20
DSR-01695,SEG-0041,D-TR-03,TR,NH-8,maintenance,,2020-01-11T03:30:00,2020-01-11T20:30:00,17.0,full,moderate,103,572.9,True,medicines,True,SEG-0042,20.4,NHIDCL,426199,1346554,0.6,low,2019-20
DSR-02202,SEG-0042,D-TR-02,TR,NH-8,maintenance,,2020-01-14T20:15:00,2020-01-15T07:15:00,11.0,partial,moderate,0,0.0,False,relief_supplies,True,SEG-0043,32.4,BRO (Border Roads Organisation),548939,0,12.6,moderate,2019-20
DSR-00615,SEG-0036,D-MZ-05,MZ,NH-306,landslide,LS-01069,2020-01-21T01:30:00,2020-01-21T02:30:00,1.0,partial,minor,51,341.1,False,relief_supplies,True,SEG-0035,66.5,NDRF,36616,1362004,619.4,high,2019-20
DSR-02007,SEG-0002,D-AS-10,AS,NH-27,maintenance,,2020-01-27T21:45:00,2020-01-30T19:51:00,70.1,full,moderate,77,287.3,False,agri_produce,True,SEG-0003,87.7,NDRF,2579765,704134,22.8,low,2019-20
DSR-00474,SEG-0064,D-AR-03,AR,NH-13-W,landslide,LS-00827,2020-02-12T22:30:00,2020-02-12T23:30:00,1.0,partial,minor,62,541.9,False,vaccines,True,SEG-0063,82.6,State PWD,34791,1559276,183.7,very_high,2019-20
DSR-02265,SEG-0004,D-AS-01,AS,NH-27,maintenance,,2020-02-17T23:15:00,2020-02-20T17:33:00,66.3,full,moderate,39,248.3,True,medicines,True,SEG-0005,201.9,BRO (Border Roads Organisation),2843816,616474,56.5,low,2019-20
DSR-00603,SEG-0069,D-AS-07,AS,NH-27-DH,landslide,LS-01047,2020-02-25T14:15:00,2020-02-25T17:15:00,3.0,partial,minor,6,42.7,False,fuel,True,SEG-0016,26.5,BRO (Border Roads Organisation),127132,110840,222.6,high,2019-20
DSR-02064,SEG-0039,D-TR-01,TR,NH-8,maintenance,,2020-02-28T08:45:00,2020-02-29T09:57:00,25.2,full,moderate,17,91.3,False,food_grains,True,SEG-0040,44.4,NDRF,297567,121030,10.1,moderate,2019-20
DSR-02229,SEG-0063,D-AR-03,AR,NH-13-W,maintenance,,2020-02-28T20:15:00,2020-02-29T03:09:00,6.9,partial,moderate,0,0.0,False,agri_produce,True,SEG-0064,104.9,BRO (Border Roads Organisation),200046,0,10.6,high,2019-20
DSR-01686,SEG-0023,D-MN-05,MN,NH-2,accident_blockage,,2020-03-02T08:15:00,2020-03-03T03:27:00,19.2,full,moderate,30,200.8,False,construction_material,True,SEG-0024,66.2,NDRF,608023,679198,62.4,moderate,2019-20
DSR-01950,SEG-0015,D-ML-02,ML,NH-6,road_subsidence,,2020-03-04T18:15:00,2020-03-06T05:45:00,35.5,full,moderate,95,765.9,True,fuel,True,SEG-0045,49.2,NDRF,384133,3025648,168.1,high,2019-20
DSR-00692,SEG-0050,D-SK-02,SK,NH-310,landslide,LS-01189,2020-03-05T20:00:00,2020-03-05T21:00:00,1.0,partial,minor,17,126.9,False,vaccines,True,SEG-0049,42.5,SDRF,66286,376535,388.7,very_high,2019-20
DSR-00621,SEG-0014,D-ML-01,ML,NH-6,landslide,LS-01078,2020-03-08T08:45:00,2020-03-08T14:15:00,5.5,partial,minor,21,101.7,True,agri_produce,True,SEG-0015,99.4,NDRF,206417,390491,443.2,high,2019-20
DSR-02038,SEG-0014,D-ML-01,ML,NH-6,maintenance,,2020-03-15T05:45:00,2020-03-17T23:21:00,65.6,full,moderate,56,478.0,True,relief_supplies,True,SEG-0015,177.6,BRO (Border Roads Organisation),3133547,1818443,0.6,high,2019-20
DSR-00675,SEG-0018,D-AS-10,AS,NH-27-SPUR,landslide,LS-01161,2020-03-20T12:45:00,2020-03-20T16:21:00,3.6,partial,minor,4,30.3,False,construction_material,True,SEG-0017,181.2,NHIDCL,389119,120107,571.6,moderate,2019-20
DSR-02207,SEG-0058,D-AR-01,AR,NH-13,bridge_damage,,2020-03-21T04:45:00,2020-04-12T18:21:00,541.6,full,major,68,292.0,True,vaccines,True,SEG-0059,145.1,SDRF,4822420,1206354,119.8,high,2019-20
DSR-02241,SEG-0031,D-MN-02,MN,NH-2-S,flood,,2020-03-24T03:45:00,2020-03-25T15:03:00,35.3,full,moderate,22,196.8,True,vaccines,True,SEG-0028,68.2,BRO (Border Roads Organisation),1656909,707590,338.0,moderate,2019-20
DSR-00658,SEG-0050,D-SK-02,SK,NH-310,landslide,LS-01129,2020-04-07T01:30:00,2020-04-07T07:54:00,6.4,partial,moderate,0,0.0,True,fuel,True,SEG-0051,16.5,SDRF,783126,0,570.2,very_high,2019-20
DSR-00477,SEG-0029,D-MN-04,MN,NH-37,landslide,LS-00831,2020-04-07T12:00:00,2020-04-07T13:06:00,1.1,partial,minor,0,0.0,False,construction_material,True,SEG-0030,57.8,SDRF,35622,0,98.1,moderate,2019-20
DSR-00682,SEG-0049,D-SK-01,SK,NH-310,landslide,LS-01172,2020-04-07T14:30:00,2020-04-07T15:42:00,1.2,partial,minor,40,133.9,True,relief_supplies,True,SEG-0052,51.1,NHIDCL,132354,502348,179.2,high,2019-20
DSR-00390,SEG-0013,D-ML-01,ML,NH-6,landslide,LS-00675,2020-04-08T04:30:00,2020-04-08T05:30:00,1.0,partial,minor,0,0.0,True,medicines,True,SEG-0012,69.9,NHIDCL,50752,0,105.4,very_high,2019-20
DSR-01699,SEG-0068,D-AS-08,AS,NH-27-DH,protest_blockade,,2020-04-08T04:45:00,2020-04-10T06:21:00,49.6,full,moderate,38,332.6,False,construction_material,True,SEG-0069,74.5,BRO (Border Roads Organisation),637333,1295903,199.6,high,2019-20
DSR-02187,SEG-0008,D-AS-03,AS,NH-27,flood,,2020-04-09T05:00:00,2020-04-14T09:18:00,124.3,full,major,0,0.0,False,construction_material,True,SEG-0007,186.6,BRO (Border Roads Organisation),4501300,0,370.4,low,2019-20
DSR-00551,SEG-0013,D-ML-01,ML,NH-6,landslide,LS-00943,2020-04-10T11:00:00,2020-04-10T16:12:00,5.2,partial,moderate,14,117.0,True,lpg_cylinders,True,SEG-0012,55.0,SDRF,296766,187283,258.8,very_high,2019-20
DSR-00426,SEG-0013,D-ML-01,ML,NH-6,landslide,LS-00748,2020-04-13T05:15:00,2020-04-13T06:15:00,1.0,partial,minor,0,0.0,False,food_grains,True,SEG-0012,40.8,NHIDCL,31910,0,898.6,very_high,2019-20
DSR-01833,SEG-0004,D-AS-01,AS,NH-27,fallen_tree,,2020-04-13T20:45:00,2020-04-14T17:27:00,20.7,full,moderate,134,437.5,False,medicines,True,SEG-0003,76.9,NHIDCL,360375,1187704,147.8,low,2019-20
DSR-02180,SEG-0002,D-AS-10,AS,NH-27,fallen_tree,,2020-04-14T23:30:00,2020-04-15T15:36:00,16.1,full,moderate,142,1183.3,False,medicines,True,SEG-0003,58.6,NDRF,535345,4266431,71.9,low,2019-20
DSR-00456,SEG-0033,D-AS-06,AS,NH-306,landslide,LS-00801,2020-04-15T23:15:00,2020-04-16T00:15:00,1.0,partial,minor,45,197.9,False,vaccines,True,SEG-0034,115.9,BRO (Border Roads Organisation),65608,813202,229.2,low,2019-20
DSR-00500,SEG-0022,D-NL-01,NL,NH-2,landslide,LS-00863,2020-04-16T21:45:00,2020-04-17T13:21:00,15.6,full,moderate,89,620.1,False,lpg_cylinders,True,SEG-0023,30.8,State PWD,1816875,2364748,180.7,high,2019-20
DSR-00420,SEG-0033,D-AS-06,AS,NH-306,landslide,LS-00732,2020-04-16T23:30:00,2020-04-17T00:30:00,1.0,partial,minor,0,0.0,True,fuel,True,SEG-0069,81.4,State PWD,62173,0,484.9,low,2019-20
DSR-02060,SEG-0008,D-AS-03,AS,NH-27,flood,,2020-04-24T17:45:00,2020-04-29T05:21:00,107.6,full,major,36,207.1,False,construction_material,True,SEG-0007,290.2,SDRF,2163067,746351,628.2,low,2019-20
DSR-02193,SEG-0008,D-AS-03,AS,NH-27,flood,,2020-04-28T23:45:00,2020-05-02T10:51:00,83.1,full,major,94,656.6,True,agri_produce,True,SEG-0007,192.3,State PWD,2080140,2325821,524.4,low,2019-20
DSR-00581,SEG-0031,D-MN-02,MN,NH-2-S,landslide,LS-01006,2020-05-01T13:45:00,2020-05-01T20:03:00,6.3,partial,moderate,1,8.3,False,medicines,True,SEG-0028,85.2,BRO (Border Roads Organisation),323527,35277,277.9,moderate,2019-20
DSR-02058,SEG-0031,D-MN-02,MN,NH-2-S,flood,,2020-05-03T21:00:00,2020-05-06T06:00:00,57.0,full,moderate,86,644.7,False,agri_produce,True,SEG-0028,58.8,NDRF,487328,2193893,384.3,moderate,2019-20
DSR-01984,SEG-0054,D-SK-03,SK,NH-510,accident_blockage,,2020-05-05T07:45:00,2020-05-07T13:45:00,54.0,full,moderate,50,149.6,True,fuel,True,SEG-0055,23.0,NHIDCL,667931,520739,194.9,high,2019-20
DSR-00407,SEG-0062,D-AS-09,AS,NH-13-W,landslide,LS-00710,2020-05-07T10:15:00,2020-05-07T17:15:00,7.0,partial,moderate,0,0.0,False,food_grains,True,SEG-0056,242.0,NHIDCL,805891,0,5.2,high,2019-20
DSR-01649,SEG-0011,D-AS-04,AS,NH-27,protest_blockade,,2020-05-07T20:45:00,2020-05-08T12:21:00,15.6,full,moderate,80,470.7,False,vaccines,True,SEG-0010,83.5,BRO (Border Roads Organisation),667142,1909514,71.4,low,2019-20
DSR-00645,SEG-0032,D-MN-01,MN,NH-2-S,landslide,LS-01112,2020-05-08T03:00:00,2020-05-08T04:48:00,1.8,partial,minor,34,234.5,True,food_grains,True,SEG-0031,143.8,State PWD,69382,812281,162.1,high,2019-20
DSR-00432,SEG-0047,D-SK-01,SK,NH-10,landslide,LS-00758,2020-05-09T07:15:00,2020-05-09T08:15:00,1.0,partial,minor,3,23.6,False,agri_produce,True,SEG-0048,37.8,SDRF,108044,63290,582.0,high,2019-20
DSR-00647,SEG-0013,D-ML-01,ML,NH-6,landslide,LS-01114,2020-05-10T15:30:00,2020-05-10T16:48:00,1.3,partial,minor,0,0.0,False,lpg_cylinders,True,SEG-0014,86.3,SDRF,79890,0,536.2,very_high,2019-20
DSR-00594,SEG-0063,D-AR-03,AR,NH-13-W,landslide,LS-01029,2020-05-10T18:00:00,2020-05-11T09:42:00,15.7,full,moderate,100,289.2,False,agri_produce,True,SEG-0064,157.6,BRO (Border Roads Organisation),954628,1169686,184.1,high,2019-20
DSR-02002,SEG-0032,D-MN-01,MN,NH-2-S,flood,,2020-05-11T04:00:00,2020-05-13T17:54:00,61.9,full,moderate,12,65.5,False,vaccines,True,SEG-0028,72.5,BRO (Border Roads Organisation),2404667,141380,661.1,high,2019-20
DSR-00457,SEG-0059,D-AR-04,AR,NH-13,landslide,LS-00802,2020-05-11T08:45:00,2020-05-12T05:51:00,21.1,full,moderate,66,479.1,False,relief_supplies,True,SEG-0060,81.2,State PWD,1537400,932527,580.6,very_high,2019-20
DSR-00578,SEG-0034,D-MZ-04,MZ,NH-306,landslide,LS-01001,2020-05-12T02:45:00,2020-05-12T03:45:00,1.0,partial,minor,50,323.0,True,relief_supplies,True,SEG-0033,120.8,NHIDCL,140801,1141527,224.0,high,2019-20
DSR-00481,SEG-0027,D-NL-03,NL,NH-29,landslide,LS-00838,2020-05-12T16:00:00,2020-05-12T17:00:00,1.0,partial,minor,88,706.8,True,medicines,True,SEG-0026,83.3,BRO (Border Roads Organisation),53791,2270264,330.6,high,2019-20
DSR-00596,SEG-0037,D-MZ-01,MZ,NH-302,landslide,LS-01033,2020-05-13T14:45:00,2020-05-14T01:27:00,10.7,partial,moderate,0,0.0,True,agri_produce,True,SEG-0035,82.8,NHIDCL,511725,0,20.8,high,2019-20
DSR-02032,SEG-0069,D-AS-07,AS,NH-27-DH,flood,,2020-05-15T23:15:00,2020-05-23T17:51:00,186.6,full,major,94,786.7,False,lpg_cylinders,True,SEG-0016,23.7,NHIDCL,8700667,1001152,312.9,high,2019-20
DSR-00538,SEG-0064,D-AR-03,AR,NH-13-W,landslide,LS-00924,2020-05-16T02:45:00,2020-05-16T03:45:00,1.0,partial,minor,33,165.9,True,relief_supplies,True,SEG-0063,77.3,BRO (Border Roads Organisation),80944,717223,88.8,very_high,2019-20
DSR-00505,SEG-0064,D-AR-03,AR,NH-13-W,landslide,LS-00870,2020-05-16T03:30:00,2020-05-20T22:24:00,114.9,full,major,95,401.0,True,food_grains,True,SEG-0063,80.0,State PWD,2948430,1609504,78.5,very_high,2019-20
DSR-00465,SEG-0037,D-MZ-01,MZ,NH-302,landslide,LS-00816,2020-05-16T21:45:00,2020-05-17T19:03:00,21.3,full,moderate,150,775.9,False,lpg_cylinders,True,SEG-0034,126.0,SDRF,661616,2249134,47.1,high,2019-20
DSR-00598,SEG-0061,D-AR-06,AR,NH-13,landslide,LS-01036,2020-05-18T20:15:00,2020-05-19T01:09:00,4.9,partial,minor,1,6.4,True,fuel,True,SEG-0060,107.7,NDRF,548832,29150,334.7,high,2019-20
DSR-00534,SEG-0054,D-SK-03,SK,NH-510,landslide,LS-00917,2020-05-19T01:15:00,2020-05-19T04:21:00,3.1,full,major,105,561.0,False,fuel,True,SEG-0053,14.2,State PWD,96814,2530941,121.3,high,2019-20
DSR-01969,SEG-0048,D-SK-01,SK,NH-10,protest_blockade,,2020-05-20T12:15:00,2020-05-20T16:21:00,4.1,partial,minor,0,0.0,False,lpg_cylinders,True,SEG-0047,11.5,SDRF,111083,0,197.0,high,2019-20
DSR-02292,SEG-0058,D-AR-01,AR,NH-13,flood,,2020-05-22T01:00:00,2020-05-24T02:18:00,49.3,full,moderate,99,529.9,True,relief_supplies,True,SEG-0057,65.7,SDRF,1608782,1259646,675.0,high,2019-20
DSR-00590,SEG-0032,D-MN-01,MN,NH-2-S,landslide,LS-01023,2020-05-23T23:00:00,2020-05-24T00:54:00,1.9,partial,minor,0,0.0,False,agri_produce,True,SEG-0028,66.4,BRO (Border Roads Organisation),74893,0,3.7,high,2019-20
DSR-00642,SEG-0013,D-ML-01,ML,NH-6,landslide,LS-01108,2020-05-27T19:45:00,2020-05-28T07:45:00,12.0,partial,moderate,46,199.6,False,fuel,True,SEG-0012,38.5,BRO (Border Roads Organisation),609855,620720,331.8,very_high,2019-20
DSR-02029,SEG-0038,D-TR-04,TR,NH-8,road_subsidence,,2020-06-01T11:45:00,2020-06-07T12:57:00,145.2,full,major,79,255.7,False,food_grains,True,SEG-0039,91.2,NHIDCL,6709917,485875,229.6,very_low,2019-20
DSR-00476,SEG-0014,D-ML-01,ML,NH-6,landslide,LS-00830,2020-06-01T14:45:00,2020-06-02T09:39:00,18.9,full,major,108,947.2,False,medicines,True,SEG-0013,50.0,NHIDCL,2619335,3766407,421.2,high,2019-20
DSR-00511,SEG-0022,D-NL-01,NL,NH-2,landslide,LS-00879,2020-06-01T23:30:00,2020-06-02T17:30:00,18.0,full,moderate,6,28.0,True,agri_produce,True,SEG-0023,32.8,NHIDCL,403363,116566,587.0,high,2019-20
DSR-02228,SEG-0029,D-MN-04,MN,NH-37,fallen_tree,,2020-06-03T03:15:00,2020-06-03T20:09:00,16.9,full,moderate,29,254.0,False,medicines,True,SEG-0030,54.2,State PWD,781875,534899,40.7,moderate,2019-20
DSR-00616,SEG-0024,D-MN-05,MN,NH-2,landslide,LS-01072,2020-06-04T21:15:00,2020-06-05T10:15:00,13.0,full,moderate,53,192.8,False,agri_produce,True,SEG-0031,92.4,NHIDCL,1261578,764651,247.9,high,2019-20
DSR-00657,SEG-0017,D-AS-01,AS,NH-27-SPUR,landslide,LS-01128,2020-06-05T00:45:00,2020-06-05T01:45:00,1.0,partial,minor,141,385.2,True,medicines,True,SEG-0012,75.4,SDRF,46640,955101,278.0,low,2019-20
DSR-00617,SEG-0058,D-AR-01,AR,NH-13,landslide,LS-01073,2020-06-06T04:15:00,2020-06-07T05:09:00,24.9,full,moderate,83,317.9,False,construction_material,True,SEG-0056,108.1,SDRF,1882750,1014633,460.2,high,2019-20
DSR-00471,SEG-0052,D-SK-01,SK,NH-510,landslide,LS-00824,2020-06-06T20:15:00,2020-06-07T01:51:00,5.6,partial,minor,18,157.2,False,relief_supplies,True,SEG-0053,13.9,BRO (Border Roads Organisation),259009,471987,7.3,very_high,2019-20
DSR-00494,SEG-0014,D-ML-01,ML,NH-6,landslide,LS-00855,2020-06-07T01:30:00,2020-06-07T07:00:00,5.5,partial,minor,103,390.7,False,relief_supplies,True,SEG-0015,118.2,State PWD,479169,1867593,64.9,high,2019-20
DSR-02054,SEG-0029,D-MN-04,MN,NH-37,fallen_tree,,2020-06-07T02:15:00,2020-06-08T01:45:00,23.5,full,moderate,59,380.6,True,medicines,True,SEG-0030,54.6,NHIDCL,350182,384650,128.7,moderate,2019-20
DSR-01821,SEG-0012,D-AS-01,AS,NH-6,flood,,2020-06-07T07:45:00,2020-06-07T21:45:00,14.0,full,moderate,104,659.3,True,agri_produce,True,SEG-0017,267.8,SDRF,548099,2356632,682.9,high,2019-20
DSR-00462,SEG-0068,D-AS-08,AS,NH-27-DH,landslide,LS-00811,2020-06-07T20:15:00,2020-06-07T21:15:00,1.0,partial,minor,46,183.2,True,vaccines,True,SEG-0069,48.6,BRO (Border Roads Organisation),46527,527567,269.5,high,2019-20
DSR-00610,SEG-0034,D-MZ-04,MZ,NH-306,landslide,LS-01057,2020-06-08T07:30:00,2020-06-08T20:06:00,12.6,full,major,47,315.5,False,medicines,True,SEG-0035,80.7,State PWD,458175,1372220,28.0,high,2019-20
DSR-00510,SEG-0059,D-AR-04,AR,NH-13,landslide,LS-00877,2020-06-08T15:45:00,2020-06-08T16:45:00,1.0,partial,minor,0,0.0,False,fuel,True,SEG-0060,96.3,NHIDCL,108223,0,488.8,very_high,2019-20
DSR-01859,SEG-0005,D-AS-01,AS,NH-27,flood,,2020-06-08T17:30:00,2020-06-18T19:48:00,242.3,full,major,72,322.1,False,construction_material,True,SEG-0017,161.8,NHIDCL,8822809,1542037,499.9,low,2019-20
DSR-00597,SEG-0015,D-ML-02,ML,NH-6,landslide,LS-01035,2020-06-08T23:45:00,2020-06-09T02:45:00,3.0,partial,minor,24,166.3,False,relief_supplies,True,SEG-0014,49.4,NDRF,238624,584328,872.8,high,2019-20
DSR-00439,SEG-0014,D-ML-01,ML,NH-6,landslide,LS-00776,2020-06-10T04:45:00,2020-06-11T04:39:00,23.9,full,moderate,99,487.6,True,food_grains,True,SEG-0015,105.1,BRO (Border Roads Organisation),2468280,2120444,104.7,high,2019-20
DSR-01919,SEG-0026,D-NL-04,NL,NH-29,fallen_tree,,2020-06-11T13:15:00,2020-06-12T00:39:00,11.4,partial,moderate,25,78.2,False,agri_produce,True,SEG-0027,67.3,BRO (Border Roads Organisation),111055,109901,29.9,high,2019-20
DSR-00663,SEG-0015,D-ML-02,ML,NH-6,landslide,LS-01134,2020-06-12T10:00:00,2020-06-12T21:48:00,11.8,partial,moderate,0,0.0,False,lpg_cylinders,True,SEG-0016,21.9,BRO (Border Roads Organisation),1663851,0,447.7,high,2019-20
DSR-00563,SEG-0069,D-AS-07,AS,NH-27-DH,landslide,LS-00964,2020-06-12T15:45:00,2020-06-12T22:57:00,7.2,partial,moderate,31,166.4,False,relief_supplies,True,SEG-0030,89.3,SDRF,275088,448718,360.5,high,2019-20
DSR-01733,SEG-0005,D-AS-01,AS,NH-27,flood,,2020-06-12T17:45:00,2020-06-22T08:21:00,230.6,full,major,15,55.2,False,agri_produce,True,SEG-0012,46.3,State PWD,2130069,141513,305.1,low,2019-20
DSR-01949,SEG-0050,D-SK-02,SK,NH-310,flood,,2020-06-13T18:45:00,2020-06-15T18:33:00,47.8,full,moderate,0,0.0,True,agri_produce,True,SEG-0049,22.7,BRO (Border Roads Organisation),828884,0,630.7,very_high,2019-20
DSR-00638,SEG-0060,D-AR-06,AR,NH-13,landslide,LS-01104,2020-06-14T06:00:00,2020-06-14T07:12:00,1.2,partial,minor,0,0.0,False,lpg_cylinders,True,SEG-0059,150.0,NHIDCL,24679,0,372.0,very_high,2019-20
DSR-00552,SEG-0052,D-SK-01,SK,NH-510,landslide,LS-00944,2020-06-14T07:00:00,2020-06-15T18:00:00,35.0,full,moderate,83,432.1,True,relief_supplies,True,SEG-0053,13.6,SDRF,519848,2070163,281.3,very_high,2019-20
DSR-00419,SEG-0055,D-SK-04,SK,NH-510,landslide,LS-00730,2020-06-14T10:15:00,2020-06-15T01:51:00,15.6,full,moderate,23,74.8,True,vaccines,True,SEG-0054,21.2,SDRF,340763,211149,592.4,very_high,2019-20
DSR-00557,SEG-0055,D-SK-04,SK,NH-510,landslide,LS-00955,2020-06-14T10:30:00,2020-06-14T14:00:00,3.5,partial,minor,0,0.0,True,construction_material,True,SEG-0054,23.3,NDRF,223371,0,425.8,very_high,2019-20
DSR-00656,SEG-0013,D-ML-01,ML,NH-6,landslide,LS-01127,2020-06-14T23:30:00,2020-06-17T05:54:00,54.4,full,major,100,617.8,True,relief_supplies,True,SEG-0012,53.5,NHIDCL,1489066,1181089,699.8,very_high,2019-20
DSR-00404,SEG-0049,D-SK-01,SK,NH-310,landslide,LS-00703,2020-06-15T01:45:00,2020-06-15T02:45:00,1.0,partial,minor,77,538.4,False,lpg_cylinders,True,SEG-0048,32.1,BRO (Border Roads Organisation),26998,2324626,29.6,high,2019-20
DSR-00391,SEG-0030,D-MN-04,MN,NH-37,landslide,LS-00676,2020-06-15T06:30:00,2020-06-15T07:54:00,1.4,partial,minor,97,459.9,False,food_grains,True,SEG-0016,30.6,NDRF,156590,1960412,4.7,moderate,2019-20
DSR-02131,SEG-0011,D-AS-04,AS,NH-27,flood,,2020-06-16T03:45:00,2020-06-18T23:39:00,67.9,full,moderate,24,163.0,False,vaccines,True,SEG-0010,76.5,BRO (Border Roads Organisation),1903693,750251,310.8,low,2019-20
DSR-02264,SEG-0052,D-SK-01,SK,NH-510,road_subsidence,,2020-06-16T07:30:00,2020-06-18T02:36:00,43.1,full,moderate,3,19.6,False,agri_produce,True,SEG-0053,13.7,SDRF,406298,19310,235.1,very_high,2019-20
DSR-00504,SEG-0037,D-MZ-01,MZ,NH-302,landslide,LS-00869,2020-06-17T17:30:00,2020-06-18T07:12:00,13.7,full,moderate,113,639.3,True,construction_material,True,SEG-0034,112.7,State PWD,261393,1282971,309.4,high,2019-20
DSR-00676,SEG-0023,D-MN-05,MN,NH-2,landslide,LS-01165,2020-06-18T02:45:00,2020-06-18T03:45:00,1.0,partial,minor,37,251.3,True,relief_supplies,True,SEG-0024,117.0,NHIDCL,131242,1059085,297.9,moderate,2019-20
DSR-00488,SEG-0034,D-MZ-04,MZ,NH-306,landslide,LS-00848,2020-06-18T12:15:00,2020-06-18T23:09:00,10.9,partial,moderate,39,131.6,True,vaccines,True,SEG-0035,86.0,BRO (Border Roads Organisation),673261,364432,588.0,high,2019-20
DSR-00635,SEG-0051,D-SK-02,SK,NH-310,landslide,LS-01101,2020-06-21T06:45:00,2020-06-21T20:57:00,14.2,full,moderate,50,174.2,True,construction_material,True,SEG-0050,27.7,NHIDCL,1523657,647984,615.0,very_high,2019-20
DSR-00496,SEG-0063,D-AR-03,AR,NH-13-W,landslide,LS-00857,2020-06-21T11:45:00,2020-06-21T12:45:00,1.0,partial,minor,50,416.0,True,medicines,True,SEG-0064,86.9,State PWD,72504,558980,385.7,high,2019-20
DSR-00434,SEG-0031,D-MN-02,MN,NH-2-S,landslide,LS-00765,2020-06-21T17:45:00,2020-06-22T11:57:00,18.2,full,moderate,12,86.4,True,relief_supplies,True,SEG-0028,66.1,NHIDCL,1097299,334029,32.5,moderate,2019-20
DSR-01795,SEG-0023,D-MN-05,MN,NH-2,bridge_damage,,2020-06-22T10:00:00,2020-06-27T10:24:00,120.4,full,major,71,324.9,False,agri_produce,True,SEG-0022,44.3,BRO (Border Roads Organisation),4361619,319767,307.4,moderate,2019-20
DSR-00569,SEG-0014,D-ML-01,ML,NH-6,landslide,LS-00971,2020-06-23T10:15:00,2020-06-23T11:21:00,1.1,partial,minor,0,0.0,False,relief_supplies,True,SEG-0015,194.7,SDRF,118024,0,404.9,high,2019-20
DSR-02213,SEG-0036,D-MZ-05,MZ,NH-306,flood,,2020-06-23T10:30:00,2020-06-30T15:12:00,172.7,full,major,73,654.0,True,medicines,True,SEG-0035,82.7,SDRF,8382188,1809002,467.4,high,2019-20
DSR-00512,SEG-0019,D-ML-03,ML,NH-27-SPUR,landslide,LS-00880,2020-06-23T12:00:00,2020-06-23T21:54:00,9.9,partial,moderate,43,326.3,False,agri_produce,True,SEG-0018,203.8,State PWD,990164,979639,482.2,moderate,2019-20
DSR-00498,SEG-0065,D-AR-05,AR,NH-315,landslide,LS-00859,2020-06-24T17:15:00,2020-06-30T21:15:00,148.0,full,major,2,13.6,True,relief_supplies,True,SEG-0066,56.5,NDRF,6668924,55565,496.2,high,2019-20
DSR-01906,SEG-0067,D-AR-07,AR,NH-315,accident_blockage,,2020-06-25T01:45:00,2020-06-25T03:09:00,1.4,partial,minor,19,150.4,False,construction_material,True,SEG-0066,74.9,NDRF,56109,403527,67.1,moderate,2019-20
DSR-02030,SEG-0037,D-MZ-01,MZ,NH-302,bridge_damage,,2020-06-26T23:30:00,2020-09-17T03:48:00,1972.3,full,catastrophic,121,1075.6,True,medicines,True,SEG-0035,118.7,State PWD,85709435,3210098,337.6,high,2019-20
DSR-00593,SEG-0060,D-AR-06,AR,NH-13,landslide,LS-01028,2020-06-27T03:00:00,2020-06-27T06:12:00,3.2,partial,minor,0,0.0,False,food_grains,True,SEG-0061,121.9,SDRF,310350,0,291.4,very_high,2019-20
DSR-02298,SEG-0066,D-AR-09,AR,NH-315,accident_blockage,,2020-06-27T08:45:00,2020-06-27T11:27:00,2.7,partial,minor,10,70.4,False,lpg_cylinders,True,SEG-0065,55.6,SDRF,126454,228679,149.1,very_high,2019-20
DSR-00472,SEG-0037,D-MZ-01,MZ,NH-302,landslide,LS-00825,2020-06-28T08:30:00,2020-06-29T13:48:00,29.3,full,moderate,91,394.4,False,fuel,True,SEG-0035,103.7,BRO (Border Roads Organisation),1571352,1453386,231.5,high,2019-20
DSR-02206,SEG-0037,D-MZ-01,MZ,NH-302,flood,,2020-07-01T02:15:00,2020-07-22T11:57:00,513.7,full,major,74,620.8,False,vaccines,True,SEG-0034,136.8,State PWD,22758186,1161578,200.3,high,2019-20
DSR-02124,SEG-0046,D-WB-01,WB,NH-10,protest_blockade,,2020-07-02T06:30:00,2020-07-02T15:54:00,9.4,partial,moderate,19,130.1,False,agri_produce,True,SEG-0047,7.9,NDRF,158193,471042,96.4,very_high,2019-20
DSR-00556,SEG-0015,D-ML-02,ML,NH-6,landslide,LS-00953,2020-07-03T21:45:00,2020-07-20T21:51:00,408.1,full,major,96,860.9,False,lpg_cylinders,True,SEG-0045,34.1,NHIDCL,39257105,1391719,556.8,high,2019-20
DSR-00655,SEG-0059,D-AR-04,AR,NH-13,landslide,LS-01126,2020-07-04T04:45:00,2020-07-04T05:45:00,1.0,partial,minor,37,295.0,False,medicines,True,SEG-0060,78.7,State PWD,101422,1122609,329.1,very_high,2019-20
DSR-00449,SEG-0030,D-MN-04,MN,NH-37,landslide,LS-00787,2020-07-05T15:45:00,2020-07-05T17:27:00,1.7,partial,minor,0,0.0,True,lpg_cylinders,True,SEG-0033,75.9,NHIDCL,169704,0,506.0,moderate,2019-20
DSR-00451,SEG-0012,D-AS-01,AS,NH-6,landslide,LS-00789,2020-07-05T22:45:00,2020-07-06T01:33:00,2.8,partial,minor,52,179.5,True,agri_produce,True,SEG-0013,58.6,State PWD,70808,740045,421.7,high,2019-20
DSR-00644,SEG-0052,D-SK-01,SK,NH-510,landslide,LS-01111,2020-07-06T22:15:00,2020-07-07T03:45:00,5.5,partial,minor,28,174.3,False,agri_produce,True,SEG-0048,25.2,State PWD,154405,382022,163.2,very_high,2019-20
DSR-00570,SEG-0052,D-SK-01,SK,NH-510,landslide,LS-00974,2020-07-07T06:45:00,2020-07-07T09:57:00,3.2,partial,minor,17,60.0,True,relief_supplies,True,SEG-0048,24.4,BRO (Border Roads Organisation),77481,211336,542.0,very_high,2019-20
DSR-02091,SEG-0021,D-NL-02,NL,NH-2,accident_blockage,,2020-07-08T18:30:00,2020-07-09T17:30:00,23.0,full,moderate,43,208.4,False,agri_produce,True,SEG-0022,26.6,NDRF,181340,399766,66.9,high,2019-20
DSR-00530,SEG-0022,D-NL-01,NL,NH-2,landslide,LS-00909,2020-07-09T08:00:00,2020-07-09T15:24:00,7.4,partial,moderate,23,58.1,False,medicines,True,SEG-0021,119.4,BRO (Border Roads Organisation),968180,180520,552.6,high,2019-20
DSR-01975,SEG-0004,D-AS-01,AS,NH-27,fallen_tree,,2020-07-10T10:15:00,2020-07-11T10:45:00,24.5,full,moderate,43,231.5,True,food_grains,True,SEG-0003,73.6,State PWD,1009614,1121111,84.5,low,2019-20
DSR-00550,SEG-0065,D-AR-05,AR,NH-315,landslide,LS-00942,2020-07-11T17:45:00,2020-07-11T21:03:00,3.3,partial,minor,8,52.4,True,food_grains,True,SEG-0066,94.5,NHIDCL,110345,127937,172.9,high,2019-20
DSR-00651,SEG-0027,D-NL-03,NL,NH-29,landslide,LS-01120,2020-07-13T17:00:00,2020-07-13T18:00:00,1.0,partial,minor,64,162.0,True,vaccines,True,SEG-0026,91.6,State PWD,112366,661041,476.8,high,2019-20
DSR-01721,SEG-0066,D-AR-09,AR,NH-315,road_subsidence,,2020-07-13T20:15:00,2020-08-02T02:03:00,461.8,full,major,105,751.1,True,food_grains,True,SEG-0065,97.0,NDRF,3781332,2690916,306.8,very_high,2019-20
DSR-00636,SEG-0031,D-MN-02,MN,NH-2-S,landslide,LS-01102,2020-07-14T10:45:00,2020-07-14T19:09:00,8.4,partial,moderate,28,210.4,False,agri_produce,True,SEG-0028,86.5,NDRF,508953,415863,124.7,moderate,2019-20
DSR-00525,SEG-0063,D-AR-03,AR,NH-13-W,landslide,LS-00900,2020-07-14T18:30:00,2020-07-15T00:42:00,6.2,partial,moderate,47,219.6,True,medicines,True,SEG-0062,73.9,SDRF,682050,671944,35.8,high,2019-20
DSR-00503,SEG-0015,D-ML-02,ML,NH-6,landslide,LS-00867,2020-07-14T19:45:00,2020-07-31T12:15:00,400.5,full,major,127,698.6,False,medicines,True,SEG-0045,54.0,SDRF,30818923,1623666,416.8,high,2019-20
DSR-00618,SEG-0013,D-ML-01,ML,NH-6,landslide,LS-01074,2020-07-14T21:15:00,2020-07-17T01:21:00,52.1,full,moderate,61,478.7,True,construction_material,True,SEG-0014,71.3,NHIDCL,1347986,1789208,288.9,very_high,2019-20
DSR-00558,SEG-0048,D-SK-01,SK,NH-10,landslide,LS-00956,2020-07-15T04:15:00,2020-07-15T14:09:00,9.9,partial,moderate,14,104.9,False,agri_produce,True,SEG-0047,11.9,NHIDCL,698201,373058,580.2,high,2019-20
DSR-00648,SEG-0043,D-TR-02,TR,NH-8,landslide,LS-01116,2020-07-15T06:45:00,2020-07-15T07:57:00,1.2,partial,minor,0,0.0,True,construction_material,True,SEG-0044,63.2,NHIDCL,106209,0,438.9,moderate,2019-20
DSR-00448,SEG-0056,D-AS-09,AS,NH-15,landslide,LS-00786,2020-07-15T17:15:00,2020-07-16T05:33:00,12.3,full,moderate,94,602.9,True,relief_supplies,True,SEG-0007,224.4,State PWD,310906,1449275,517.2,low,2019-20
DSR-00527,SEG-0013,D-ML-01,ML,NH-6,landslide,LS-00903,2020-07-15T18:00:00,2020-07-16T08:00:00,14.0,full,moderate,61,354.0,False,vaccines,True,SEG-0014,57.9,BRO (Border Roads Organisation),1222599,1039608,319.9,very_high,2019-20
DSR-00443,SEG-0053,D-SK-03,SK,NH-510,landslide,LS-00780,2020-07-16T00:30:00,2020-07-21T20:18:00,139.8,full,major,100,611.8,True,lpg_cylinders,True,SEG-0052,93.7,BRO (Border Roads Organisation),3467150,2753749,357.3,high,2019-20
DSR-00614,SEG-0036,D-MZ-05,MZ,NH-306,landslide,LS-01068,2020-07-16T09:30:00,2020-07-16T10:30:00,1.0,partial,minor,46,135.7,True,agri_produce,True,SEG-0035,80.5,NDRF,124937,270429,73.4,high,2019-20
DSR-00454,SEG-0035,D-MZ-01,MZ,NH-306,landslide,LS-00797,2020-07-16T15:45:00,2020-07-16T17:03:00,1.3,partial,minor,30,244.0,False,agri_produce,True,SEG-0034,68.5,SDRF,101933,570237,264.9,high,2019-20
DSR-00427,SEG-0013,D-ML-01,ML,NH-6,landslide,LS-00749,2020-07-17T10:00:00,2020-07-17T18:00:00,8.0,partial,moderate,41,226.7,True,vaccines,True,SEG-0014,78.4,BRO (Border Roads Organisation),964656,515560,892.6,very_high,2019-20
DSR-00660,SEG-0069,D-AS-07,AS,NH-27-DH,landslide,LS-01131,2020-07-17T14:30:00,2020-07-17T19:30:00,5.0,partial,minor,109,788.9,False,food_grains,True,SEG-0016,40.2,State PWD,142662,2335432,371.9,high,2019-20
DSR-00654,SEG-0052,D-SK-01,SK,NH-510,landslide,LS-01124,2020-07-17T15:15:00,2020-07-19T17:27:00,50.2,full,moderate,0,0.0,False,food_grains,True,SEG-0053,12.2,BRO (Border Roads Organisation),1043093,0,262.2,very_high,2019-20
DSR-00490,SEG-0066,D-AR-09,AR,NH-315,landslide,LS-00851,2020-07-19T08:15:00,2020-07-20T01:03:00,16.8,full,moderate,63,525.0,False,construction_material,True,SEG-0065,112.8,NHIDCL,418256,1087019,134.5,very_high,2019-20
DSR-00492,SEG-0014,D-ML-01,ML,NH-6,landslide,LS-00853,2020-07-20T20:00:00,2020-07-20T21:00:00,1.0,partial,minor,16,107.9,False,construction_material,True,SEG-0013,54.6,BRO (Border Roads Organisation),27880,504227,861.6,high,2019-20
DSR-00646,SEG-0058,D-AR-01,AR,NH-13,landslide,LS-01113,2020-07-20T21:30:00,2020-07-20T22:30:00,1.0,partial,minor,39,159.6,False,medicines,True,SEG-0056,135.4,State PWD,64428,830978,68.4,high,2019-20
DSR-02294,SEG-0004,D-AS-01,AS,NH-27,fallen_tree,,2020-07-21T05:00:00,2020-07-21T10:06:00,5.1,partial,minor,33,290.2,False,fuel,True,SEG-0003,113.7,NHIDCL,98258,1229616,171.2,low,2019-20
DSR-00688,SEG-0053,D-SK-03,SK,NH-510,landslide,LS-01180,2020-07-21T22:00:00,2020-07-22T20:12:00,22.2,full,moderate,89,494.4,True,relief_supplies,True,SEG-0052,44.5,SDRF,1309625,1000307,355.8,high,2019-20
DSR-00455,SEG-0051,D-SK-02,SK,NH-310,landslide,LS-00798,2020-07-22T00:45:00,2020-07-22T01:45:00,1.0,partial,minor,9,39.3,False,vaccines,True,SEG-0050,20.7,NHIDCL,119178,126676,410.7,very_high,2019-20
DSR-00417,SEG-0057,D-AR-01,AR,NH-15,landslide,LS-00726,2020-07-23T22:00:00,2020-07-24T00:06:00,2.1,partial,minor,54,255.0,True,agri_produce,True,SEG-0056,118.0,NDRF,135624,1030920,483.6,moderate,2019-20
DSR-00637,SEG-0062,D-AS-09,AS,NH-13-W,landslide,LS-01103,2020-07-25T00:15:00,2020-07-25T03:21:00,3.1,partial,moderate,0,0.0,True,lpg_cylinders,True,SEG-0006,60.1,NHIDCL,216930,0,524.7,high,2019-20
DSR-00396,SEG-0026,D-NL-04,NL,NH-29,landslide,LS-00690,2020-07-25T14:00:00,2020-07-25T22:42:00,8.7,partial,moderate,71,291.1,False,medicines,True,SEG-0025,85.0,NHIDCL,637579,1109545,503.4,high,2019-20
DSR-00463,SEG-0034,D-MZ-04,MZ,NH-306,landslide,LS-00812,2020-07-26T04:00:00,2020-07-26T13:48:00,9.8,partial,moderate,18,112.8,False,food_grains,True,SEG-0035,56.3,State PWD,440711,534279,172.0,high,2019-20
DSR-01790,SEG-0058,D-AR-01,AR,NH-13,road_subsidence,,2020-07-26T04:30:00,2020-07-26T17:24:00,12.9,full,moderate,4,20.9,False,food_grains,True,SEG-0059,101.0,State PWD,314579,68189,183.1,high,2019-20
DSR-02130,SEG-0067,D-AR-07,AR,NH-315,accident_blockage,,2020-07-26T07:15:00,2020-07-26T15:09:00,7.9,partial,moderate,0,0.0,False,fuel,True,SEG-0066,58.5,State PWD,134756,0,173.6,moderate,2019-20
DSR-01925,SEG-0022,D-NL-01,NL,NH-2,flood,,2020-07-26T22:30:00,2020-07-31T17:12:00,114.7,full,major,65,282.9,False,relief_supplies,True,SEG-0021,118.7,BRO (Border Roads Organisation),5668849,391157,246.8,high,2019-20
DSR-00628,SEG-0035,D-MZ-01,MZ,NH-306,landslide,LS-01089,2020-07-27T18:00:00,2020-07-27T20:06:00,2.1,partial,minor,53,313.7,True,vaccines,True,SEG-0034,132.7,SDRF,135052,489287,129.8,high,2019-20
DSR-00627,SEG-0013,D-ML-01,ML,NH-6,landslide,LS-01088,2020-07-28T11:15:00,2020-07-29T00:45:00,13.5,full,moderate,86,236.5,False,relief_supplies,True,SEG-0014,70.7,State PWD,996530,604072,445.1,very_high,2019-20
DSR-00468,SEG-0034,D-MZ-04,MZ,NH-306,landslide,LS-00821,2020-07-28T23:45:00,2020-07-29T03:39:00,3.9,partial,moderate,14,59.0,True,food_grains,True,SEG-0037,129.2,NDRF,148274,281282,168.4,high,2019-20
DSR-00470,SEG-0048,D-SK-01,SK,NH-10,landslide,LS-00823,2020-08-03T10:15:00,2020-08-03T11:15:00,1.0,partial,minor,44,169.7,False,lpg_cylinders,True,SEG-0047,12.0,SDRF,63181,667747,610.3,high,2019-20
DSR-00626,SEG-0036,D-MZ-05,MZ,NH-306,landslide,LS-01086,2020-08-03T16:30:00,2020-08-03T17:30:00,1.0,partial,minor,40,308.2,True,fuel,True,SEG-0035,118.9,State PWD,109204,1281668,158.8,high,2019-20
DSR-01626,SEG-0054,D-SK-03,SK,NH-510,bridge_damage,,2020-08-03T23:00:00,2020-09-04T12:12:00,757.2,full,catastrophic,62,304.6,True,medicines,True,SEG-0055,24.2,NDRF,32179671,1395877,336.0,high,2019-20
DSR-00393,SEG-0012,D-AS-01,AS,NH-6,landslide,LS-00682,2020-08-05T19:45:00,2020-08-06T06:09:00,10.4,partial,moderate,0,0.0,False,vaccines,True,SEG-0005,249.5,NDRF,1395321,0,58.8,high,2019-20
DSR-00536,SEG-0004,D-AS-01,AS,NH-27,landslide,LS-00921,2020-08-07T03:30:00,2020-08-07T04:30:00,1.0,partial,minor,155,1212.9,False,construction_material,True,SEG-0003,111.7,BRO (Border Roads Organisation),67962,4109257,457.2,low,2019-20
DSR-00523,SEG-0067,D-AR-07,AR,NH-315,landslide,LS-00898,2020-08-07T19:15:00,2020-08-07T21:27:00,2.2,partial,minor,22,93.3,False,medicines,True,SEG-0066,57.3,NDRF,22731,360170,82.0,moderate,2019-20
DSR-00520,SEG-0046,D-WB-01,WB,NH-10,landslide,LS-00895,2020-08-07T23:30:00,2020-08-08T08:24:00,8.9,partial,moderate,0,0.0,False,medicines,True,SEG-0001,458.0,BRO (Border Roads Organisation),883345,0,472.5,very_high,2019-20
DSR-00588,SEG-0054,D-SK-03,SK,NH-510,landslide,LS-01018,2020-08-08T04:45:00,2020-08-08T07:33:00,2.8,partial,minor,52,143.3,False,medicines,True,SEG-0053,13.6,BRO (Border Roads Organisation),137245,205771,416.5,high,2019-20
DSR-00650,SEG-0051,D-SK-02,SK,NH-310,landslide,LS-01118,2020-08-09T14:30:00,2020-08-14T22:24:00,127.9,full,major,52,414.7,True,food_grains,True,SEG-0050,19.9,NDRF,17743567,521628,413.2,very_high,2019-20
DSR-00415,SEG-0068,D-AS-08,AS,NH-27-DH,landslide,LS-00724,2020-08-09T15:15:00,2020-08-26T04:39:00,397.4,full,major,99,722.8,True,agri_produce,True,SEG-0069,51.5,NDRF,15892479,1243270,237.0,high,2019-20
DSR-00431,SEG-0028,D-MN-01,MN,NH-37,landslide,LS-00757,2020-08-09T19:15:00,2020-08-09T22:51:00,3.6,partial,minor,34,170.9,False,vaccines,True,SEG-0024,66.8,SDRF,276171,720549,333.7,high,2019-20
DSR-00632,SEG-0025,D-NL-01,NL,NH-29,landslide,LS-01098,2020-08-11T00:15:00,2020-08-29T04:09:00,435.9,full,major,126,330.0,False,agri_produce,True,SEG-0026,82.6,State PWD,33029659,1048559,113.6,high,2019-20
DSR-00604,SEG-0054,D-SK-03,SK,NH-510,landslide,LS-01049,2020-08-11T20:45:00,2020-08-12T01:57:00,5.2,partial,minor,43,286.7,False,lpg_cylinders,True,SEG-0055,14.0,SDRF,103062,1054337,503.8,high,2019-20
DSR-00683,SEG-0053,D-SK-03,SK,NH-510,landslide,LS-01173,2020-08-12T09:00:00,2020-08-12T11:42:00,2.7,partial,minor,65,301.6,True,agri_produce,True,SEG-0054,19.6,State PWD,139117,1397610,24.7,high,2019-20
DSR-00479,SEG-0069,D-AS-07,AS,NH-27-DH,landslide,LS-00835,2020-08-13T07:00:00,2020-08-13T15:54:00,8.9,full,catastrophic,75,658.3,False,relief_supplies,True,SEG-0033,125.6,SDRF,458674,2857448,52.1,high,2019-20
DSR-00543,SEG-0027,D-NL-03,NL,NH-29,landslide,LS-00932,2020-08-13T08:45:00,2020-08-16T09:09:00,72.4,full,major,38,188.3,False,vaccines,True,SEG-0026,59.3,SDRF,6279556,532100,104.9,high,2019-20
DSR-01758,SEG-0013,D-ML-01,ML,NH-6,fallen_tree,,2020-08-13T13:15:00,2020-08-13T22:39:00,9.4,partial,moderate,40,338.0,True,food_grains,True,SEG-0014,49.0,NHIDCL,161967,926359,149.3,very_high,2019-20
DSR-00623,SEG-0064,D-AR-03,AR,NH-13-W,landslide,LS-01082,2020-08-14T22:00:00,2020-08-15T05:24:00,7.4,partial,moderate,35,209.2,False,relief_supplies,True,SEG-0063,43.5,BRO (Border Roads Organisation),1046043,986901,175.7,very_high,2019-20
DSR-00566,SEG-0013,D-ML-01,ML,NH-6,landslide,LS-00968,2020-08-15T10:45:00,2020-08-15T14:39:00,3.9,partial,minor,61,436.7,True,relief_supplies,True,SEG-0014,64.3,BRO (Border Roads Organisation),507333,1884906,703.4,very_high,2019-20
DSR-00583,SEG-0058,D-AR-01,AR,NH-13,landslide,LS-01009,2020-08-16T13:30:00,2020-08-17T01:36:00,12.1,full,moderate,64,350.2,True,food_grains,True,SEG-0059,81.1,NHIDCL,1167141,1372577,219.9,high,2019-20
DSR-00423,SEG-0013,D-ML-01,ML,NH-6,landslide,LS-00742,2020-08-16T17:00:00,2020-08-16T18:00:00,1.0,partial,minor,0,0.0,False,medicines,True,SEG-0014,41.3,NHIDCL,20490,0,516.9,very_high,2019-20
DSR-00535,SEG-0060,D-AR-06,AR,NH-13,landslide,LS-00920,2020-08-17T02:15:00,2020-08-18T05:39:00,27.4,full,moderate,133,1088.0,True,food_grains,True,SEG-0059,143.6,SDRF,3164101,1885161,276.1,very_high,2019-20
DSR-01856,SEG-0020,D-ML-04,ML,NH-27-SPUR,fallen_tree,,2020-08-17T18:30:00,2020-08-18T03:06:00,8.6,partial,moderate,6,52.1,False,vaccines,True,SEG-0019,74.2,NHIDCL,61398,129874,150.9,moderate,2019-20
DSR-02072,SEG-0066,D-AR-09,AR,NH-315,accident_blockage,,2020-08-18T20:15:00,2020-08-20T19:57:00,47.7,full,moderate,34,135.9,True,medicines,True,SEG-0065,110.6,SDRF,1827801,312786,74.1,very_high,2019-20
DSR-00514,SEG-0061,D-AR-06,AR,NH-13,landslide,LS-00882,2020-08-19T08:15:00,2020-08-19T13:33:00,5.3,partial,minor,81,343.7,True,food_grains,True,SEG-0060,112.8,State PWD,650122,446540,140.0,high,2019-20
DSR-02128,SEG-0044,D-AS-12,AS,NH-8,fallen_tree,,2020-08-19T12:15:00,2020-08-20T03:45:00,15.5,full,moderate,98,756.9,True,lpg_cylinders,True,SEG-0045,44.5,BRO (Border Roads Organisation),115266,1888732,62.0,low,2019-20
DSR-01999,SEG-0043,D-TR-02,TR,NH-8,accident_blockage,,2020-08-20T01:45:00,2020-08-20T07:51:00,6.1,partial,moderate,17,64.1,False,lpg_cylinders,True,SEG-0044,72.2,BRO (Border Roads Organisation),69558,142548,15.3,moderate,2019-20
DSR-02170,SEG-0029,D-MN-04,MN,NH-37,flood,,2020-08-20T22:30:00,2020-08-24T14:36:00,88.1,full,major,0,0.0,True,food_grains,True,SEG-0030,86.5,NDRF,2334066,0,531.8,moderate,2019-20
DSR-00653,SEG-0059,D-AR-04,AR,NH-13,landslide,LS-01123,2020-08-22T07:00:00,2020-08-22T14:30:00,7.5,partial,moderate,0,0.0,True,relief_supplies,True,SEG-0058,97.6,SDRF,169818,0,384.1,very_high,2019-20
DSR-00542,SEG-0057,D-AR-01,AR,NH-15,landslide,LS-00929,2020-08-22T15:00:00,2020-08-22T16:06:00,1.1,partial,minor,0,0.0,True,construction_material,True,SEG-0056,183.9,SDRF,70766,0,203.6,moderate,2019-20
DSR-02197,SEG-0040,D-TR-03,TR,NH-8,flood,,2020-08-23T04:45:00,2020-08-31T11:33:00,198.8,full,major,94,621.7,True,relief_supplies,True,SEG-0041,103.0,NDRF,8610865,2534297,220.5,moderate,2019-20
DSR-00573,SEG-0053,D-SK-03,SK,NH-510,landslide,LS-00980,2020-08-24T12:30:00,2020-08-24T20:24:00,7.9,full,major,29,229.3,False,vaccines,True,SEG-0054,41.7,NDRF,134124,878800,334.3,high,2019-20
DSR-00685,SEG-0026,D-NL-04,NL,NH-29,landslide,LS-01176,2020-08-24T18:00:00,2020-08-24T19:00:00,1.0,partial,minor,0,0.0,True,lpg_cylinders,True,SEG-0027,81.2,NDRF,54943,0,8.3,high,2019-20
DSR-01645,SEG-0046,D-WB-01,WB,NH-10,protest_blockade,,2020-08-25T18:00:00,2020-08-26T05:54:00,11.9,partial,moderate,10,40.3,False,fuel,True,SEG-0001,526.5,BRO (Border Roads Organisation),139116,108711,156.3,very_high,2019-20
DSR-00437,SEG-0052,D-SK-01,SK,NH-510,landslide,LS-00771,2020-08-26T18:30:00,2020-08-27T05:00:00,10.5,partial,moderate,0,0.0,True,agri_produce,True,SEG-0049,29.3,State PWD,555234,0,421.5,very_high,2019-20
DSR-01840,SEG-0054,D-SK-03,SK,NH-510,road_subsidence,,2020-08-26T21:30:00,2020-09-03T20:12:00,190.7,full,major,61,212.2,False,agri_produce,True,SEG-0053,8.5,SDRF,4759805,1102896,257.9,high,2019-20
DSR-02263,SEG-0044,D-AS-12,AS,NH-8,flood,,2020-08-26T22:15:00,2020-09-04T18:39:00,212.4,full,major,92,376.8,False,construction_material,True,SEG-0043,19.4,BRO (Border Roads Organisation),5228707,1426893,480.2,low,2019-20
DSR-00631,SEG-0032,D-MN-01,MN,NH-2-S,landslide,LS-01094,2020-08-28T00:30:00,2020-08-28T02:36:00,2.1,partial,minor,34,217.9,True,food_grains,True,SEG-0028,72.6,State PWD,98050,733702,349.6,high,2019-20
DSR-00416,SEG-0014,D-ML-01,ML,NH-6,landslide,LS-00725,2020-09-01T15:00:00,2020-09-01T17:06:00,2.1,partial,minor,33,130.5,True,food_grains,True,SEG-0015,133.5,NHIDCL,245272,352222,645.8,high,2019-20
DSR-00516,SEG-0058,D-AR-01,AR,NH-13,landslide,LS-00886,2020-09-02T11:15:00,2020-09-02T19:21:00,8.1,partial,moderate,28,123.7,False,vaccines,True,SEG-0057,76.6,NDRF,539367,412106,324.6,high,2019-20
DSR-00607,SEG-0065,D-AR-05,AR,NH-315,landslide,LS-01052,2020-09-02T14:45:00,2020-09-02T20:57:00,6.2,partial,moderate,73,606.5,True,medicines,True,SEG-0061,102.1,BRO (Border Roads Organisation),154696,1865624,180.9,high,2019-20
DSR-00589,SEG-0060,D-AR-06,AR,NH-13,landslide,LS-01022,2020-09-06T13:00:00,2020-09-06T14:00:00,1.0,partial,minor,0,0.0,False,medicines,True,SEG-0061,92.7,BRO (Border Roads Organisation),109333,0,2.5,very_high,2019-20
DSR-00441,SEG-0014,D-ML-01,ML,NH-6,landslide,LS-00778,2020-09-06T18:45:00,2020-09-07T00:15:00,5.5,partial,minor,47,404.3,False,medicines,True,SEG-0015,171.0,NDRF,341179,1359005,500.2,high,2019-20
DSR-00452,SEG-0066,D-AR-09,AR,NH-315,landslide,LS-00792,2020-09-07T03:45:00,2020-09-07T07:45:00,4.0,full,major,67,497.8,False,construction_material,True,SEG-0067,83.1,BRO (Border Roads Organisation),115538,684947,498.9,very_high,2019-20
DSR-00672,SEG-0048,D-SK-01,SK,NH-10,landslide,LS-01156,2020-09-07T23:00:00,2020-09-08T05:54:00,6.9,partial,moderate,13,115.9,True,construction_material,True,SEG-0052,59.0,State PWD,940059,507694,43.9,high,2019-20
DSR-00485,SEG-0049,D-SK-01,SK,NH-310,landslide,LS-00844,2020-09-12T13:30:00,2020-09-13T05:36:00,16.1,full,moderate,112,307.5,False,fuel,True,SEG-0052,85.1,NHIDCL,1958941,1298099,80.6,high,2019-20
DSR-00537,SEG-0069,D-AS-07,AS,NH-27-DH,landslide,LS-00923,2020-09-14T11:45:00,2020-09-14T14:51:00,3.1,partial,minor,40,177.5,False,vaccines,True,SEG-0016,24.3,State PWD,123656,440248,355.5,high,2019-20
DSR-00629,SEG-0023,D-MN-05,MN,NH-2,landslide,LS-01092,2020-09-14T17:45:00,2020-09-15T03:03:00,9.3,partial,moderate,2,5.2,False,medicines,True,SEG-0024,79.0,BRO (Border Roads Organisation),763000,21048,201.3,moderate,2019-20
DSR-00409,SEG-0067,D-AR-07,AR,NH-315,landslide,LS-00714,2020-09-19T12:30:00,2020-09-19T17:48:00,5.3,partial,minor,39,256.7,False,construction_material,True,SEG-0066,76.0,BRO (Border Roads Organisation),243723,870948,126.2,moderate,2019-20
DSR-00568,SEG-0034,D-MZ-04,MZ,NH-306,landslide,LS-00970,2020-09-20T00:45:00,2020-09-20T15:33:00,14.8,full,moderate,31,98.5,True,vaccines,True,SEG-0033,138.3,NHIDCL,1410613,492423,227.5,high,2019-20
DSR-00453,SEG-0014,D-ML-01,ML,NH-6,landslide,LS-00794,2020-09-20T21:15:00,2020-09-21T09:21:00,12.1,full,moderate,66,317.5,False,fuel,True,SEG-0015,175.7,NDRF,466050,629061,527.2,high,2019-20
DSR-00664,SEG-0036,D-MZ-05,MZ,NH-306,landslide,LS-01138,2020-09-21T04:45:00,2020-09-21T05:51:00,1.1,partial,minor,3,9.1,True,relief_supplies,True,SEG-0035,91.2,BRO (Border Roads Organisation),25060,41927,419.0,high,2019-20
DSR-00433,SEG-0068,D-AS-08,AS,NH-27-DH,landslide,LS-00764,2020-09-21T16:00:00,2020-09-22T10:24:00,18.4,full,moderate,44,391.5,False,agri_produce,True,SEG-0069,81.7,BRO (Border Roads Organisation),230781,838405,352.5,high,2019-20
DSR-00460,SEG-0034,D-MZ-04,MZ,NH-306,landslide,LS-00807,2020-09-21T17:30:00,2020-09-21T19:54:00,2.4,partial,minor,14,107.2,True,lpg_cylinders,True,SEG-0033,104.1,BRO (Border Roads Organisation),161876,179962,610.6,high,2019-20
DSR-00606,SEG-0036,D-MZ-05,MZ,NH-306,landslide,LS-01051,2020-09-22T12:45:00,2020-09-22T13:45:00,1.0,partial,minor,0,0.0,False,lpg_cylinders,True,SEG-0035,60.9,NDRF,24085,0,397.0,high,2019-20
DSR-00677,SEG-0066,D-AR-09,AR,NH-315,landslide,LS-01166,2020-09-25T08:15:00,2020-09-27T10:27:00,50.2,full,moderate,44,383.4,False,food_grains,True,SEG-0067,82.0,NHIDCL,1863454,872226,272.5,very_high,2019-20
DSR-00624,SEG-0026,D-NL-04,NL,NH-29,landslide,LS-01084,2020-09-25T16:30:00,2020-09-25T19:30:00,3.0,partial,moderate,0,0.0,True,vaccines,True,SEG-0025,115.7,SDRF,323080,0,552.4,high,2019-20
DSR-00508,SEG-0066,D-AR-09,AR,NH-315,landslide,LS-00873,2020-10-04T07:15:00,2020-10-05T03:57:00,20.7,full,moderate,96,831.9,False,agri_produce,True,SEG-0067,85.5,BRO (Border Roads Organisation),1203247,1212388,356.3,very_high,2019-20
DSR-02083,SEG-0060,D-AR-06,AR,NH-13,flood,,2020-10-08T12:30:00,2020-10-12T15:42:00,99.2,full,major,115,1000.4,False,fuel,True,SEG-0059,94.9,SDRF,1043868,2359497,251.0,very_high,2019-20
DSR-01953,SEG-0004,D-AS-01,AS,NH-27,protest_blockade,,2020-10-10T21:45:00,2020-10-11T19:15:00,21.5,full,moderate,88,290.5,False,medicines,True,SEG-0012,38.6,NDRF,652574,1389171,127.9,low,2019-20
DSR-00559,SEG-0054,D-SK-03,SK,NH-510,landslide,LS-00958,2020-10-12T10:00:00,2020-10-12T12:18:00,2.3,partial,minor,0,0.0,False,medicines,True,SEG-0053,12.9,NHIDCL,141302,0,347.3,high,2019-20
DSR-00424,SEG-0052,D-SK-01,SK,NH-510,landslide,LS-00746,2020-10-15T01:45:00,2020-10-15T08:09:00,6.4,partial,moderate,96,762.0,False,food_grains,True,SEG-0049,48.6,NDRF,224351,1854141,479.7,very_high,2019-20
DSR-00400,SEG-0050,D-SK-02,SK,NH-310,landslide,LS-00697,2020-10-17T08:45:00,2020-10-17T10:15:00,1.5,partial,minor,0,0.0,True,lpg_cylinders,True,SEG-0051,31.5,BRO (Border Roads Organisation),92468,0,615.2,very_high,2019-20
DSR-00403,SEG-0013,D-ML-01,ML,NH-6,landslide,LS-00702,2020-10-26T08:15:00,2020-10-27T14:51:00,30.6,full,major,125,556.1,True,relief_supplies,True,SEG-0014,63.1,NDRF,681566,1834250,700.7,very_high,2019-20
DSR-00446,SEG-0055,D-SK-04,SK,NH-510,landslide,LS-00783,2020-10-27T07:45:00,2020-10-27T10:45:00,3.0,full,major,56,247.7,False,relief_supplies,True,SEG-0054,23.5,NHIDCL,183497,1074580,529.1,very_high,2019-20
DSR-00673,SEG-0030,D-MN-04,MN,NH-37,landslide,LS-01158,2020-11-05T14:45:00,2020-11-05T18:03:00,3.3,partial,moderate,19,53.0,False,vaccines,True,SEG-0033,128.9,NDRF,429827,150023,123.4,moderate,2019-20
DSR-00619,SEG-0055,D-SK-04,SK,NH-510,landslide,LS-01076,2020-11-07T21:30:00,2020-11-26T07:48:00,442.3,full,major,146,536.9,False,medicines,True,SEG-0054,31.0,NDRF,25364184,2227690,619.6,very_high,2019-20
DSR-00691,SEG-0019,D-ML-03,ML,NH-27-SPUR,landslide,LS-01188,2020-11-27T21:00:00,2020-11-27T22:00:00,1.0,partial,minor,9,68.7,False,medicines,True,SEG-0020,50.2,SDRF,88759,114641,190.7,moderate,2019-20
DSR-02156,SEG-0008,D-AS-03,AS,NH-27,accident_blockage,,2020-12-06T06:15:00,2020-12-06T15:51:00,9.6,partial,moderate,16,60.6,True,construction_material,True,SEG-0009,118.2,NHIDCL,67351,194283,68.5,low,2019-20
DSR-02173,SEG-0006,D-AS-02,AS,NH-27,maintenance,,2020-12-08T01:30:00,2020-12-10T01:06:00,47.6,full,moderate,66,413.9,False,agri_produce,True,SEG-0007,292.6,State PWD,1351196,1796829,50.2,low,2019-20
DSR-01810,SEG-0038,D-TR-04,TR,NH-8,bridge_damage,,2020-12-17T23:00:00,2021-01-24T21:54:00,910.9,full,catastrophic,26,90.0,True,fuel,True,SEG-0039,77.7,SDRF,24019889,391833,113.2,very_low,2019-20
DSR-02135,SEG-0052,D-SK-01,SK,NH-510,maintenance,,2021-01-02T12:30:00,2021-01-07T02:06:00,109.6,full,major,102,477.8,True,medicines,True,SEG-0053,10.3,BRO (Border Roads Organisation),2320535,1035413,10.4,very_high,2021-22
DSR-01741,SEG-0032,D-MN-01,MN,NH-2-S,maintenance,,2021-01-17T00:00:00,2021-01-23T11:54:00,155.9,full,major,62,276.8,False,agri_produce,True,SEG-0028,116.5,BRO (Border Roads Organisation),6505538,1231413,11.9,high,2021-22
DSR-00839,SEG-0013,D-ML-01,ML,NH-6,landslide,LS-01460,2021-01-24T08:15:00,2021-01-24T09:15:00,1.0,partial,minor,75,246.6,False,food_grains,True,SEG-0014,55.8,State PWD,59135,828222,735.3,very_high,2021-22
DSR-00905,SEG-0047,D-SK-01,SK,NH-10,landslide,LS-01557,2021-02-02T02:00:00,2021-02-02T03:00:00,1.0,full,major,101,836.5,False,lpg_cylinders,True,SEG-0048,28.0,SDRF,39566,1605327,405.2,high,2021-22
DSR-01688,SEG-0053,D-SK-03,SK,NH-510,maintenance,,2021-02-19T06:00:00,2021-02-20T20:06:00,38.1,full,moderate,56,176.8,False,relief_supplies,True,SEG-0054,18.6,NDRF,425929,403198,32.9,high,2021-22
DSR-00797,SEG-0053,D-SK-03,SK,NH-510,landslide,LS-01384,2021-03-03T15:00:00,2021-03-05T06:54:00,39.9,full,moderate,83,319.8,True,vaccines,True,SEG-0052,81.7,NHIDCL,1060138,1491138,529.5,high,2021-22
DSR-00713,SEG-0055,D-SK-04,SK,NH-510,landslide,LS-01227,2021-03-03T21:00:00,2021-03-04T03:18:00,6.3,partial,moderate,29,136.8,True,lpg_cylinders,True,SEG-0054,39.0,State PWD,393898,334147,402.3,very_high,2021-22
DSR-01714,SEG-0057,D-AR-01,AR,NH-15,maintenance,,2021-03-04T10:30:00,2021-03-05T10:12:00,23.7,full,moderate,1,5.8,True,relief_supplies,True,SEG-0058,84.5,SDRF,768449,10684,2.2,moderate,2021-22
DSR-02261,SEG-0054,D-SK-03,SK,NH-510,maintenance,,2021-03-08T13:30:00,2021-03-11T13:48:00,72.3,full,major,81,472.8,False,fuel,True,SEG-0053,14.4,NHIDCL,2945337,2146747,58.8,high,2021-22
DSR-01678,SEG-0046,D-WB-01,WB,NH-10,flood,,2021-03-08T20:00:00,2021-03-14T19:30:00,143.5,full,major,63,509.0,True,medicines,True,SEG-0047,16.6,SDRF,3078143,1155901,508.0,very_high,2021-22
DSR-00801,SEG-0042,D-TR-02,TR,NH-8,landslide,LS-01391,2021-03-18T13:15:00,2021-03-18T15:21:00,2.1,partial,moderate,0,0.0,False,relief_supplies,True,SEG-0043,40.1,BRO (Border Roads Organisation),48445,0,277.0,moderate,2021-22
DSR-00811,SEG-0050,D-SK-02,SK,NH-310,landslide,LS-01406,2021-03-19T06:00:00,2021-03-19T08:42:00,2.7,partial,minor,0,0.0,False,medicines,True,SEG-0049,22.9,SDRF,242504,0,5.7,very_high,2021-22
DSR-01023,SEG-0064,D-AR-03,AR,NH-13-W,landslide,LS-01767,2021-03-21T14:30:00,2021-03-22T03:00:00,12.5,full,moderate,51,422.0,False,lpg_cylinders,True,SEG-0063,82.2,NDRF,297767,773996,264.0,very_high,2021-22
DSR-01047,SEG-0070,D-AS-02,AS,NH-36,landslide,LS-01813,2021-03-26T06:30:00,2021-03-26T07:30:00,1.0,partial,minor,0,0.0,True,relief_supplies,True,SEG-0005,192.0,State PWD,58998,0,71.6,low,2021-22
DSR-00714,SEG-0050,D-SK-02,SK,NH-310,landslide,LS-01228,2021-03-27T03:15:00,2021-03-27T04:15:00,1.0,partial,minor,51,212.3,True,food_grains,True,SEG-0049,41.2,NHIDCL,103298,359603,471.2,very_high,2021-22
DSR-01658,SEG-0003,D-AS-10,AS,NH-27,maintenance,,2021-03-27T16:15:00,2021-03-29T23:21:00,55.1,full,moderate,23,185.1,False,relief_supplies,True,SEG-0002,71.7,NDRF,2650233,264632,36.2,low,2021-22
DSR-01835,SEG-0020,D-ML-04,ML,NH-27-SPUR,flood,,2021-04-02T05:45:00,2021-04-04T12:33:00,54.8,full,moderate,22,64.7,False,relief_supplies,True,SEG-0019,90.6,NHIDCL,2687468,360699,624.7,moderate,2021-22
DSR-01100,SEG-0021,D-NL-02,NL,NH-2,landslide,LS-01894,2021-04-02T22:15:00,2021-04-02T23:15:00,1.0,partial,minor,57,287.6,False,construction_material,True,SEG-0025,124.3,BRO (Border Roads Organisation),60930,968141,213.5,high,2021-22
DSR-01747,SEG-0030,D-MN-04,MN,NH-37,flood,,2021-04-03T13:45:00,2021-04-08T16:57:00,123.2,full,major,29,83.1,False,fuel,True,SEG-0033,172.9,SDRF,4010084,437474,358.1,moderate,2021-22
DSR-01932,SEG-0023,D-MN-05,MN,NH-2,accident_blockage,,2021-04-05T13:45:00,2021-04-06T00:39:00,10.9,partial,moderate,56,423.4,False,fuel,True,SEG-0022,22.9,State PWD,131383,1178716,18.9,moderate,2021-22
DSR-00877,SEG-0055,D-SK-04,SK,NH-510,landslide,LS-01512,2021-04-07T17:15:00,2021-04-22T00:39:00,343.4,full,major,164,1195.2,False,agri_produce,True,SEG-0054,40.1,NDRF,21459145,4326989,348.9,very_high,2021-22
DSR-00868,SEG-0015,D-ML-02,ML,NH-6,landslide,LS-01500,2021-04-11T16:15:00,2021-04-11T17:51:00,1.6,partial,minor,0,0.0,True,medicines,True,SEG-0045,49.7,NDRF,152574,0,764.8,high,2021-22
DSR-01060,SEG-0063,D-AR-03,AR,NH-13-W,landslide,LS-01830,2021-04-15T20:30:00,2021-04-16T03:48:00,7.3,partial,moderate,88,590.0,False,agri_produce,True,SEG-0064,156.3,NHIDCL,636775,1915229,15.8,high,2021-22
DSR-00760,SEG-0066,D-AR-09,AR,NH-315,landslide,LS-01307,2021-04-16T17:15:00,2021-04-17T01:09:00,7.9,partial,moderate,0,0.0,True,medicines,True,SEG-0065,116.4,SDRF,421793,0,393.8,very_high,2021-22
DSR-00723,SEG-0019,D-ML-03,ML,NH-27-SPUR,landslide,LS-01248,2021-04-17T17:15:00,2021-04-18T19:51:00,26.6,full,major,67,228.2,True,relief_supplies,True,SEG-0018,109.7,NHIDCL,915336,953500,470.9,moderate,2021-22
DSR-01783,SEG-0012,D-AS-01,AS,NH-6,fallen_tree,,2021-04-18T13:30:00,2021-04-18T16:30:00,3.0,partial,minor,0,0.0,False,construction_material,True,SEG-0013,62.3,BRO (Border Roads Organisation),51901,0,192.1,high,2021-22
DSR-01931,SEG-0020,D-ML-04,ML,NH-27-SPUR,bridge_damage,,2021-04-18T16:00:00,2021-05-12T01:48:00,561.8,full,major,93,243.1,True,construction_material,True,SEG-0019,59.2,SDRF,25496602,838965,252.8,moderate,2021-22
DSR-01043,SEG-0036,D-MZ-05,MZ,NH-306,landslide,LS-01805,2021-04-23T12:15:00,2021-04-29T14:03:00,145.8,full,major,91,587.5,False,construction_material,True,SEG-0035,69.4,State PWD,9077197,2535557,467.9,high,2021-22
DSR-01854,SEG-0021,D-NL-02,NL,NH-2,flood,,2021-04-25T13:45:00,2021-04-27T09:39:00,43.9,full,moderate,0,0.0,False,fuel,True,SEG-0071,57.8,SDRF,2041460,0,488.5,high,2021-22
DSR-01830,SEG-0059,D-AR-04,AR,NH-13,road_subsidence,,2021-04-27T03:15:00,2021-05-07T23:57:00,260.7,full,major,0,0.0,True,medicines,True,SEG-0058,97.3,BRO (Border Roads Organisation),2883828,0,364.9,very_high,2021-22
DSR-00710,SEG-0027,D-NL-03,NL,NH-29,landslide,LS-01219,2021-04-28T08:30:00,2021-04-28T09:30:00,1.0,partial,minor,0,0.0,True,medicines,True,SEG-0026,89.5,BRO (Border Roads Organisation),63937,0,30.1,high,2021-22
DSR-01078,SEG-0015,D-ML-02,ML,NH-6,landslide,LS-01859,2021-04-28T12:00:00,2021-04-28T13:36:00,1.6,partial,minor,0,0.0,False,food_grains,True,SEG-0014,76.0,State PWD,168604,0,823.0,high,2021-22
DSR-00730,SEG-0026,D-NL-04,NL,NH-29,landslide,LS-01256,2021-04-28T12:30:00,2021-04-28T13:30:00,1.0,partial,minor,0,0.0,True,vaccines,True,SEG-0027,51.5,NHIDCL,84007,0,233.3,high,2021-22
DSR-00883,SEG-0012,D-AS-01,AS,NH-6,landslide,LS-01523,2021-05-01T08:15:00,2021-05-01T14:33:00,6.3,partial,moderate,36,291.4,False,vaccines,True,SEG-0005,196.4,BRO (Border Roads Organisation),836898,627958,469.5,high,2021-22
DSR-00908,SEG-0051,D-SK-02,SK,NH-310,landslide,LS-01561,2021-05-01T14:00:00,2021-05-01T15:00:00,1.0,partial,minor,0,0.0,False,agri_produce,True,SEG-0050,31.1,NHIDCL,24715,0,15.5,very_high,2021-22
DSR-00861,SEG-0069,D-AS-07,AS,NH-27-DH,landslide,LS-01490,2021-05-03T20:45:00,2021-05-04T02:33:00,5.8,partial,minor,0,0.0,False,lpg_cylinders,True,SEG-0030,43.9,BRO (Border Roads Organisation),326977,0,258.9,high,2021-22
DSR-01083,SEG-0064,D-AR-03,AR,NH-13-W,landslide,LS-01864,2021-05-06T10:00:00,2021-05-06T11:54:00,1.9,partial,minor,17,133.5,False,lpg_cylinders,True,SEG-0063,63.3,State PWD,133888,464158,125.1,very_high,2021-22
DSR-01013,SEG-0013,D-ML-01,ML,NH-6,landslide,LS-01752,2021-05-06T21:00:00,2021-05-06T22:00:00,1.0,partial,minor,15,117.6,True,construction_material,True,SEG-0014,70.1,SDRF,117133,346390,680.6,very_high,2021-22
DSR-01033,SEG-0061,D-AR-06,AR,NH-13,landslide,LS-01787,2021-05-06T22:15:00,2021-05-06T23:15:00,1.0,partial,minor,0,0.0,False,construction_material,True,SEG-0060,131.3,NHIDCL,125999,0,447.4,high,2021-22
DSR-00993,SEG-0032,D-MN-01,MN,NH-2-S,landslide,LS-01715,2021-05-10T21:00:00,2021-05-11T07:42:00,10.7,partial,moderate,47,391.1,True,medicines,True,SEG-0031,138.6,BRO (Border Roads Organisation),218962,969847,260.4,high,2021-22
DSR-00945,SEG-0049,D-SK-01,SK,NH-310,landslide,LS-01635,2021-05-10T22:30:00,2021-05-12T17:36:00,43.1,full,moderate,103,454.0,False,relief_supplies,True,SEG-0050,22.0,NDRF,1533436,1146719,598.1,high,2021-22
DSR-00949,SEG-0069,D-AS-07,AS,NH-27-DH,landslide,LS-01642,2021-05-11T08:15:00,2021-05-12T10:39:00,26.4,full,moderate,4,14.3,False,medicines,True,SEG-0016,24.3,State PWD,1530720,67968,97.6,high,2021-22
DSR-00998,SEG-0050,D-SK-02,SK,NH-310,landslide,LS-01724,2021-05-13T22:15:00,2021-05-14T09:57:00,11.7,partial,moderate,55,354.7,False,medicines,True,SEG-0051,33.2,NHIDCL,834531,1087922,11.4,very_high,2021-22
DSR-00941,SEG-0032,D-MN-01,MN,NH-2-S,landslide,LS-01626,2021-05-14T02:45:00,2021-05-14T11:03:00,8.3,full,major,118,422.3,True,agri_produce,True,SEG-0028,99.6,NDRF,482844,1781181,612.5,high,2021-22
DSR-00929,SEG-0013,D-ML-01,ML,NH-6,landslide,LS-01600,2021-05-14T13:45:00,2021-05-14T14:57:00,1.2,partial,minor,73,540.6,False,fuel,True,SEG-0012,55.9,NHIDCL,85245,1747379,121.9,very_high,2021-22
DSR-01058,SEG-0026,D-NL-04,NL,NH-29,landslide,LS-01827,2021-05-15T06:45:00,2021-05-15T13:33:00,6.8,partial,moderate,42,322.7,True,lpg_cylinders,True,SEG-0027,67.5,SDRF,470982,965617,278.3,high,2021-22
DSR-01087,SEG-0019,D-ML-03,ML,NH-27-SPUR,landslide,LS-01869,2021-05-16T15:30:00,2021-05-16T19:30:00,4.0,partial,moderate,0,0.0,False,agri_produce,True,SEG-0020,63.6,NHIDCL,221972,0,814.1,moderate,2021-22
DSR-00782,SEG-0014,D-ML-01,ML,NH-6,landslide,LS-01351,2021-05-17T10:30:00,2021-05-18T06:18:00,19.8,full,moderate,134,689.2,False,vaccines,True,SEG-0015,118.1,NDRF,1971236,2280686,569.8,high,2021-22
DSR-00900,SEG-0026,D-NL-04,NL,NH-29,landslide,LS-01551,2021-05-17T13:15:00,2021-05-17T14:15:00,1.0,partial,minor,108,947.7,False,food_grains,True,SEG-0025,86.0,BRO (Border Roads Organisation),50662,3920036,309.2,high,2021-22
DSR-00943,SEG-0063,D-AR-03,AR,NH-13-W,landslide,LS-01630,2021-05-20T08:00:00,2021-05-20T15:30:00,7.5,partial,moderate,107,838.3,True,medicines,True,SEG-0062,84.1,SDRF,922431,1923273,94.3,high,2021-22
DSR-00766,SEG-0013,D-ML-01,ML,NH-6,landslide,LS-01317,2021-05-20T22:30:00,2021-05-21T03:30:00,5.0,partial,moderate,74,660.7,False,vaccines,True,SEG-0014,81.1,State PWD,425070,1727880,524.7,very_high,2021-22
DSR-00735,SEG-0022,D-NL-01,NL,NH-2,landslide,LS-01271,2021-05-21T12:00:00,2021-05-21T19:24:00,7.4,partial,moderate,29,197.5,True,fuel,True,SEG-0025,104.7,BRO (Border Roads Organisation),931970,509733,64.8,high,2021-22
DSR-02281,SEG-0069,D-AS-07,AS,NH-27-DH,flood,,2021-05-21T22:30:00,2021-06-01T18:24:00,259.9,full,major,37,220.2,False,food_grains,True,SEG-0030,86.1,NDRF,5199777,284820,618.3,high,2021-22
DSR-00935,SEG-0064,D-AR-03,AR,NH-13-W,landslide,LS-01613,2021-05-23T12:00:00,2021-05-23T17:00:00,5.0,partial,moderate,43,190.3,True,food_grains,True,SEG-0063,66.6,NHIDCL,460524,503218,596.5,very_high,2021-22
DSR-00842,SEG-0063,D-AR-03,AR,NH-13-W,landslide,LS-01468,2021-05-25T22:30:00,2021-05-25T23:30:00,1.0,partial,minor,77,688.3,True,relief_supplies,True,SEG-0062,114.3,NHIDCL,121879,1859050,495.7,high,2021-22
DSR-00875,SEG-0063,D-AR-03,AR,NH-13-W,landslide,LS-01510,2021-05-28T15:45:00,2021-05-28T23:03:00,7.3,partial,moderate,76,635.1,False,agri_produce,True,SEG-0064,101.7,BRO (Border Roads Organisation),593664,1751471,48.9,high,2021-22
DSR-00696,SEG-0013,D-ML-01,ML,NH-6,landslide,LS-01199,2021-06-01T12:45:00,2021-06-02T03:39:00,14.9,full,moderate,102,636.8,False,vaccines,True,SEG-0014,82.6,BRO (Border Roads Organisation),1535240,1461173,404.5,very_high,2021-22
DSR-00780,SEG-0059,D-AR-04,AR,NH-13,landslide,LS-01349,2021-06-02T08:15:00,2021-06-03T22:33:00,38.3,full,moderate,95,272.7,True,medicines,True,SEG-0060,67.0,BRO (Border Roads Organisation),3401070,1513206,404.8,very_high,2021-22
DSR-01077,SEG-0012,D-AS-01,AS,NH-6,landslide,LS-01856,2021-06-02T18:30:00,2021-06-02T19:30:00,1.0,partial,minor,0,0.0,False,food_grains,True,SEG-0013,51.6,NHIDCL,137426,0,200.7,high,2021-22
DSR-00799,SEG-0042,D-TR-02,TR,NH-8,landslide,LS-01389,2021-06-02T23:30:00,2021-06-03T15:12:00,15.7,full,moderate,0,0.0,True,agri_produce,True,SEG-0041,102.2,NDRF,417718,0,515.2,moderate,2021-22
DSR-01823,SEG-0046,D-WB-01,WB,NH-10,accident_blockage,,2021-06-03T21:15:00,2021-06-05T00:57:00,27.7,full,moderate,33,101.2,False,lpg_cylinders,True,SEG-0001,412.8,NDRF,428773,258352,30.7,very_high,2021-22
DSR-00983,SEG-0068,D-AS-08,AS,NH-27-DH,landslide,LS-01702,2021-06-04T03:15:00,2021-06-04T13:39:00,10.4,partial,moderate,69,340.1,False,agri_produce,True,SEG-0069,68.3,SDRF,385079,389729,140.6,high,2021-22
DSR-00762,SEG-0051,D-SK-02,SK,NH-310,landslide,LS-01310,2021-06-04T20:30:00,2021-06-04T21:30:00,1.0,partial,minor,0,0.0,False,agri_produce,True,SEG-0050,34.7,NHIDCL,112836,0,428.7,very_high,2021-22
DSR-00741,SEG-0013,D-ML-01,ML,NH-6,landslide,LS-01277,2021-06-05T00:00:00,2021-06-05T03:54:00,3.9,partial,moderate,133,1152.3,False,food_grains,True,SEG-0014,68.5,State PWD,196322,3661510,210.7,very_high,2021-22
DSR-01943,SEG-0011,D-AS-04,AS,NH-27,flood,,2021-06-05T10:30:00,2021-06-06T11:36:00,25.1,full,moderate,0,0.0,False,food_grains,True,SEG-0010,77.7,NHIDCL,1154939,0,199.8,low,2021-22
DSR-00879,SEG-0013,D-ML-01,ML,NH-6,landslide,LS-01516,2021-06-05T16:45:00,2021-06-05T18:15:00,1.5,partial,minor,58,495.8,False,agri_produce,True,SEG-0014,76.3,SDRF,133996,796351,749.8,very_high,2021-22
DSR-00855,SEG-0058,D-AR-01,AR,NH-13,landslide,LS-01484,2021-06-05T18:15:00,2021-06-06T23:21:00,29.1,full,major,89,782.8,False,fuel,True,SEG-0056,220.9,NHIDCL,3259167,2055950,128.2,high,2021-22
DSR-00743,SEG-0021,D-NL-02,NL,NH-2,landslide,LS-01281,2021-06-06T04:45:00,2021-06-06T05:45:00,1.0,partial,minor,58,242.2,False,relief_supplies,True,SEG-0025,85.6,NHIDCL,73719,631064,351.7,high,2021-22
DSR-00849,SEG-0066,D-AR-09,AR,NH-315,landslide,LS-01478,2021-06-07T17:15:00,2021-06-07T22:09:00,4.9,partial,minor,66,212.5,True,food_grains,True,SEG-0065,74.3,State PWD,44146,977876,190.8,very_high,2021-22
DSR-01004,SEG-0071,D-AS-08,AS,NH-36,landslide,LS-01736,2021-06-08T11:30:00,2021-06-08T15:42:00,4.2,partial,minor,15,102.0,False,medicines,True,SEG-0021,101.2,NDRF,66195,416369,445.6,moderate,2021-22
DSR-00920,SEG-0020,D-ML-04,ML,NH-27-SPUR,landslide,LS-01580,2021-06-08T22:00:00,2021-06-09T11:18:00,13.3,full,moderate,74,501.0,False,lpg_cylinders,True,SEG-0019,69.1,BRO (Border Roads Organisation),1079565,540756,609.1,moderate,2021-22
DSR-01814,SEG-0018,D-AS-10,AS,NH-27-SPUR,road_subsidence,,2021-06-09T05:15:00,2021-06-15T04:27:00,143.2,full,major,125,479.0,False,medicines,True,SEG-0019,105.1,State PWD,3172617,1555871,399.4,moderate,2021-22
DSR-01768,SEG-0034,D-MZ-04,MZ,NH-306,protest_blockade,,2021-06-09T15:30:00,2021-06-10T05:36:00,14.1,full,moderate,53,186.2,True,relief_supplies,True,SEG-0035,105.6,NDRF,220977,292558,73.8,high,2021-22
DSR-00917,SEG-0050,D-SK-02,SK,NH-310,landslide,LS-01572,2021-06-09T20:15:00,2021-06-10T00:33:00,4.3,partial,minor,0,0.0,True,agri_produce,True,SEG-0051,36.6,NHIDCL,540031,0,455.3,very_high,2021-22
DSR-02003,SEG-0065,D-AR-05,AR,NH-315,flood,,2021-06-10T16:00:00,2021-06-12T11:12:00,43.2,full,moderate,30,172.3,False,food_grains,True,SEG-0061,136.1,SDRF,1620231,267106,581.2,high,2021-22
DSR-02127,SEG-0066,D-AR-09,AR,NH-315,road_subsidence,,2021-06-10T18:30:00,2021-07-02T08:30:00,518.0,full,major,9,63.1,False,agri_produce,True,SEG-0067,56.6,BRO (Border Roads Organisation),12799178,106648,286.1,very_high,2021-22
DSR-00873,SEG-0068,D-AS-08,AS,NH-27-DH,landslide,LS-01508,2021-06-11T02:00:00,2021-06-12T12:06:00,34.1,full,moderate,66,577.2,False,lpg_cylinders,True,SEG-0069,85.1,State PWD,1384051,1861083,259.1,high,2021-22
DSR-00903,SEG-0053,D-SK-03,SK,NH-510,landslide,LS-01554,2021-06-12T00:00:00,2021-06-12T01:36:00,1.6,partial,minor,105,580.4,False,vaccines,True,SEG-0052,98.6,NDRF,70272,1223688,131.7,high,2021-22
DSR-01000,SEG-0069,D-AS-07,AS,NH-27-DH,landslide,LS-01728,2021-06-12T01:15:00,2021-06-12T17:51:00,16.6,full,moderate,73,429.9,True,agri_produce,True,SEG-0068,111.6,BRO (Border Roads Organisation),426598,1932256,15.1,high,2021-22
DSR-00792,SEG-0049,D-SK-01,SK,NH-310,landslide,LS-01371,2021-06-12T02:15:00,2021-06-12T11:33:00,9.3,partial,moderate,74,213.5,True,food_grains,True,SEG-0052,80.8,SDRF,541268,660674,302.6,high,2021-22
DSR-00694,SEG-0015,D-ML-02,ML,NH-6,landslide,LS-01197,2021-06-12T17:30:00,2021-06-16T00:00:00,78.5,full,major,43,347.2,False,construction_material,True,SEG-0045,35.3,State PWD,5540175,1427941,738.7,high,2021-22
DSR-00697,SEG-0012,D-AS-01,AS,NH-6,landslide,LS-01202,2021-06-12T19:45:00,2021-06-13T23:45:00,28.0,full,moderate,74,647.8,True,construction_material,True,SEG-0005,202.0,State PWD,3674323,1985386,216.8,high,2021-22
DSR-01075,SEG-0021,D-NL-02,NL,NH-2,landslide,LS-01853,2021-06-12T23:45:00,2021-06-13T09:57:00,10.2,partial,moderate,66,239.7,False,relief_supplies,True,SEG-0071,68.3,BRO (Border Roads Organisation),437231,450399,274.3,high,2021-22
DSR-00930,SEG-0067,D-AR-07,AR,NH-315,landslide,LS-01604,2021-06-13T00:00:00,2021-06-14T21:48:00,45.8,full,major,123,783.3,True,food_grains,True,SEG-0066,50.3,SDRF,1845694,1192088,32.1,moderate,2021-22
DSR-00783,SEG-0055,D-SK-04,SK,NH-510,landslide,LS-01352,2021-06-13T16:15:00,2021-06-14T19:09:00,26.9,full,moderate,116,520.8,True,relief_supplies,True,SEG-0054,25.0,NHIDCL,517928,1950173,509.8,very_high,2021-22
DSR-00763,SEG-0066,D-AR-09,AR,NH-315,landslide,LS-01312,2021-06-13T22:30:00,2021-06-14T03:36:00,5.1,partial,minor,16,62.7,False,lpg_cylinders,True,SEG-0067,46.6,NDRF,309054,167389,1.3,very_high,2021-22
DSR-00817,SEG-0020,D-ML-04,ML,NH-27-SPUR,landslide,LS-01416,2021-06-14T05:15:00,2021-06-14T06:15:00,1.0,partial,minor,0,0.0,True,vaccines,True,SEG-0019,79.3,NHIDCL,75608,0,820.1,moderate,2021-22
DSR-00802,SEG-0065,D-AR-05,AR,NH-315,landslide,LS-01394,2021-06-15T20:45:00,2021-06-16T12:27:00,15.7,full,moderate,0,0.0,True,agri_produce,True,SEG-0066,50.6,SDRF,367826,0,97.1,high,2021-22
DSR-02059,SEG-0010,D-AS-11,AS,NH-27,road_subsidence,,2021-06-16T04:15:00,2021-06-26T16:21:00,252.1,full,major,91,682.9,False,agri_produce,True,SEG-0009,88.9,State PWD,6683972,1242728,382.1,low,2021-22
DSR-00874,SEG-0059,D-AR-04,AR,NH-13,landslide,LS-01509,2021-06-16T04:45:00,2021-06-17T02:21:00,21.6,full,moderate,53,223.3,False,construction_material,True,SEG-0060,153.7,NDRF,754033,533724,473.8,very_high,2021-22
DSR-01064,SEG-0052,D-SK-01,SK,NH-510,landslide,LS-01836,2021-06-16T18:00:00,2021-06-17T00:36:00,6.6,partial,moderate,148,1165.7,False,agri_produce,True,SEG-0049,33.9,SDRF,413915,997485,500.7,very_high,2021-22
DSR-00699,SEG-0049,D-SK-01,SK,NH-310,landslide,LS-01205,2021-06-16T22:15:00,2021-06-20T23:21:00,97.1,full,major,35,244.5,True,fuel,True,SEG-0050,28.5,NHIDCL,10185652,852525,499.0,high,2021-22
DSR-02090,SEG-0054,D-SK-03,SK,NH-510,bridge_damage,,2021-06-18T01:45:00,2021-09-09T09:45:00,2000.0,full,catastrophic,57,420.9,False,food_grains,True,SEG-0055,15.8,NHIDCL,92788845,1655886,144.3,high,2021-22
DSR-01079,SEG-0061,D-AR-06,AR,NH-13,landslide,LS-01860,2021-06-18T20:00:00,2021-06-19T03:12:00,7.2,partial,moderate,61,197.2,False,construction_material,True,SEG-0065,54.6,SDRF,363952,341814,220.3,high,2021-22
DSR-01016,SEG-0046,D-WB-01,WB,NH-10,landslide,LS-01757,2021-06-18T21:15:00,2021-06-18T23:09:00,1.9,partial,minor,56,259.9,True,relief_supplies,True,SEG-0001,489.5,State PWD,53374,491025,86.1,very_high,2021-22
DSR-00852,SEG-0069,D-AS-07,AS,NH-27-DH,landslide,LS-01481,2021-06-19T07:45:00,2021-06-20T18:03:00,34.3,full,moderate,13,48.8,False,medicines,True,SEG-0030,81.1,State PWD,911002,127653,337.4,high,2021-22
DSR-00864,SEG-0050,D-SK-02,SK,NH-310,landslide,LS-01493,2021-06-19T10:15:00,2021-06-19T12:39:00,2.4,partial,minor,0,0.0,False,lpg_cylinders,True,SEG-0051,30.5,State PWD,148562,0,260.0,very_high,2021-22
DSR-01007,SEG-0062,D-AS-09,AS,NH-13-W,landslide,LS-01745,2021-06-19T11:00:00,2021-06-19T12:00:00,1.0,partial,minor,0,0.0,True,lpg_cylinders,True,SEG-0006,79.9,NDRF,106878,0,11.7,high,2021-22
DSR-00738,SEG-0035,D-MZ-01,MZ,NH-306,landslide,LS-01274,2021-06-19T11:30:00,2021-06-22T00:18:00,60.8,full,major,109,975.0,False,medicines,True,SEG-0034,137.3,NHIDCL,8598136,3106908,11.2,high,2021-22
DSR-01061,SEG-0047,D-SK-01,SK,NH-10,landslide,LS-01831,2021-06-19T17:30:00,2021-06-20T03:18:00,9.8,partial,moderate,33,268.7,False,lpg_cylinders,True,SEG-0046,133.9,BRO (Border Roads Organisation),1089588,893273,281.7,high,2021-22
DSR-02226,SEG-0016,D-AS-12,AS,NH-6,fallen_tree,,2021-06-19T20:15:00,2021-06-20T03:15:00,7.0,partial,moderate,16,121.1,False,relief_supplies,True,SEG-0030,40.3,NHIDCL,289792,524649,53.7,low,2021-22
DSR-01057,SEG-0050,D-SK-02,SK,NH-310,landslide,LS-01826,2021-06-20T20:15:00,2021-06-21T18:09:00,21.9,full,moderate,97,836.5,False,agri_produce,True,SEG-0051,21.0,State PWD,2979357,2976120,284.1,very_high,2021-22
DSR-00815,SEG-0013,D-ML-01,ML,NH-6,landslide,LS-01414,2021-06-21T02:45:00,2021-06-21T06:21:00,3.6,full,major,30,266.3,False,construction_material,True,SEG-0012,64.6,NHIDCL,487380,1145350,84.3,very_high,2021-22
DSR-00925,SEG-0055,D-SK-04,SK,NH-510,landslide,LS-01590,2021-06-21T18:00:00,2021-06-23T18:24:00,48.4,full,moderate,99,519.7,True,vaccines,True,SEG-0054,22.8,State PWD,2781827,2497927,418.6,very_high,2021-22
DSR-00936,SEG-0064,D-AR-03,AR,NH-13-W,landslide,LS-01615,2021-06-21T20:30:00,2021-06-22T18:18:00,21.8,full,moderate,46,269.7,False,agri_produce,True,SEG-0063,56.2,SDRF,1607319,1119180,101.9,very_high,2021-22
DSR-00837,SEG-0051,D-SK-02,SK,NH-310,landslide,LS-01457,2021-06-21T21:15:00,2021-06-21T22:15:00,1.0,partial,minor,73,416.9,False,food_grains,True,SEG-0050,34.4,State PWD,33572,776660,586.2,very_high,2021-22
DSR-01008,SEG-0066,D-AR-09,AR,NH-315,landslide,LS-01746,2021-06-22T13:15:00,2021-06-22T19:51:00,6.6,partial,moderate,78,671.2,False,construction_material,True,SEG-0067,75.9,NHIDCL,187524,2062178,470.7,very_high,2021-22
DSR-00990,SEG-0053,D-SK-03,SK,NH-510,landslide,LS-01711,2021-06-22T13:45:00,2021-06-28T22:33:00,152.8,full,major,40,254.7,True,relief_supplies,True,SEG-0052,68.4,NDRF,9077963,348438,113.4,high,2021-22
DSR-00776,SEG-0046,D-WB-01,WB,NH-10,landslide,LS-01337,2021-06-22T14:00:00,2021-06-22T17:00:00,3.0,partial,minor,63,485.7,False,fuel,True,SEG-0047,15.9,NDRF,113890,1399701,57.1,very_high,2021-22
DSR-00975,SEG-0052,D-SK-01,SK,NH-510,landslide,LS-01685,2021-06-22T18:45:00,2021-06-24T01:39:00,30.9,full,moderate,0,0.0,True,food_grains,True,SEG-0049,38.8,SDRF,355343,0,26.4,very_high,2021-22
DSR-00940,SEG-0046,D-WB-01,WB,NH-10,landslide,LS-01622,2021-06-23T04:30:00,2021-06-23T10:18:00,5.8,partial,moderate,6,35.0,False,relief_supplies,True,SEG-0047,13.6,State PWD,378656,87332,196.4,very_high,2021-22
DSR-02011,SEG-0007,D-AS-09,AS,NH-27,flood,,2021-06-23T06:15:00,2021-07-02T17:57:00,227.7,full,major,65,563.0,False,construction_material,True,SEG-0006,38.6,NHIDCL,8132480,1556538,532.4,low,2021-22
DSR-00833,SEG-0018,D-AS-10,AS,NH-27-SPUR,landslide,LS-01448,2021-06-23T16:30:00,2021-06-23T17:36:00,1.1,partial,minor,0,0.0,False,food_grains,True,SEG-0017,151.4,BRO (Border Roads Organisation),132069,0,249.2,moderate,2021-22
DSR-00972,SEG-0070,D-AS-02,AS,NH-36,landslide,LS-01678,2021-06-24T07:15:00,2021-06-24T20:15:00,13.0,full,major,73,448.7,False,medicines,True,SEG-0071,64.8,State PWD,120006,647566,26.5,low,2021-22
DSR-01654,SEG-0054,D-SK-03,SK,NH-510,bridge_damage,,2021-06-24T19:15:00,2021-07-18T10:21:00,567.1,full,major,60,414.0,False,medicines,True,SEG-0055,13.7,State PWD,26205719,1536589,170.0,high,2021-22
DSR-00719,SEG-0013,D-ML-01,ML,NH-6,landslide,LS-01240,2021-06-24T21:00:00,2021-06-25T02:54:00,5.9,partial,moderate,15,111.0,False,relief_supplies,True,SEG-0014,52.5,NHIDCL,523139,199324,400.0,very_high,2021-22
DSR-00800,SEG-0033,D-AS-06,AS,NH-306,landslide,LS-01390,2021-06-24T23:30:00,2021-06-25T08:00:00,8.5,partial,moderate,58,277.9,True,fuel,True,SEG-0016,50.6,State PWD,401109,563175,257.3,low,2021-22
DSR-02230,SEG-0045,D-AS-12,AS,NH-8,fallen_tree,,2021-06-26T12:15:00,2021-06-27T08:51:00,20.6,full,moderate,90,755.0,False,vaccines,True,SEG-0015,86.5,NHIDCL,282396,1035432,111.8,low,2021-22
DSR-01022,SEG-0065,D-AR-05,AR,NH-315,landslide,LS-01766,2021-06-26T14:30:00,2021-06-26T17:18:00,2.8,partial,minor,0,0.0,True,construction_material,True,SEG-0061,125.2,BRO (Border Roads Organisation),154430,0,147.1,high,2021-22
DSR-01068,SEG-0069,D-AS-07,AS,NH-27-DH,landslide,LS-01843,2021-06-27T12:30:00,2021-07-02T13:30:00,121.0,full,major,100,598.3,False,lpg_cylinders,True,SEG-0030,82.4,State PWD,7796309,2385067,233.0,high,2021-22
DSR-00878,SEG-0037,D-MZ-01,MZ,NH-302,landslide,LS-01513,2021-06-27T13:30:00,2021-06-28T00:24:00,10.9,full,major,26,185.9,False,fuel,True,SEG-0035,103.6,NDRF,555502,189692,257.7,high,2021-22
DSR-00726,SEG-0063,D-AR-03,AR,NH-13-W,landslide,LS-01251,2021-06-27T17:30:00,2021-06-29T05:36:00,36.1,full,moderate,26,176.2,True,agri_produce,True,SEG-0064,158.3,NDRF,724060,807404,555.2,high,2021-22
DSR-01080,SEG-0020,D-ML-04,ML,NH-27-SPUR,landslide,LS-01861,2021-06-27T22:45:00,2021-06-28T00:27:00,1.7,partial,minor,98,677.9,False,construction_material,True,SEG-0019,57.8,State PWD,82942,2323322,215.6,moderate,2021-22
DSR-01708,SEG-0017,D-AS-01,AS,NH-27-SPUR,fallen_tree,,2021-06-28T03:15:00,2021-06-29T07:57:00,28.7,full,moderate,14,116.2,True,vaccines,True,SEG-0005,206.9,SDRF,1183882,419737,40.2,low,2021-22
DSR-00706,SEG-0013,D-ML-01,ML,NH-6,landslide,LS-01215,2021-06-28T10:15:00,2021-06-28T16:09:00,5.9,partial,moderate,54,375.0,True,fuel,True,SEG-0014,84.7,NHIDCL,574410,1385615,926.7,very_high,2021-22
DSR-00961,SEG-0049,D-SK-01,SK,NH-310,landslide,LS-01659,2021-07-01T22:45:00,2021-07-04T17:45:00,67.0,full,moderate,114,591.4,True,construction_material,True,SEG-0052,87.3,SDRF,5144770,953047,223.8,high,2021-22
DSR-01763,SEG-0040,D-TR-03,TR,NH-8,bridge_damage,,2021-07-02T10:00:00,2021-07-04T05:36:00,43.6,full,moderate,0,0.0,False,food_grains,True,SEG-0041,61.7,NHIDCL,936708,0,198.4,moderate,2021-22
DSR-00793,SEG-0022,D-NL-01,NL,NH-2,landslide,LS-01374,2021-07-02T15:30:00,2021-07-02T16:30:00,1.0,partial,minor,0,0.0,False,vaccines,True,SEG-0023,68.3,SDRF,134097,0,122.7,high,2021-22
DSR-01073,SEG-0069,D-AS-07,AS,NH-27-DH,landslide,LS-01850,2021-07-04T09:15:00,2021-07-04T12:09:00,2.9,partial,minor,17,135.4,False,fuel,True,SEG-0033,136.6,SDRF,56928,274423,56.1,high,2021-22
DSR-02154,SEG-0026,D-NL-04,NL,NH-29,accident_blockage,,2021-07-04T15:45:00,2021-07-05T09:45:00,18.0,full,moderate,20,89.0,False,food_grains,True,SEG-0025,65.1,BRO (Border Roads Organisation),640583,420534,18.5,high,2021-22
DSR-01992,SEG-0044,D-AS-12,AS,NH-8,road_subsidence,,2021-07-04T21:00:00,2021-07-09T22:18:00,121.3,full,major,75,357.7,False,construction_material,True,SEG-0043,34.2,SDRF,3788909,922502,303.1,low,2021-22
DSR-00885,SEG-0059,D-AR-04,AR,NH-13,landslide,LS-01528,2021-07-05T01:15:00,2021-07-05T15:21:00,14.1,full,moderate,113,508.1,False,vaccines,True,SEG-0058,85.5,BRO (Border Roads Organisation),562349,873984,537.5,very_high,2021-22
DSR-01880,SEG-0056,D-AS-09,AS,NH-15,accident_blockage,,2021-07-05T22:30:00,2021-07-06T19:24:00,20.9,full,moderate,32,287.7,True,food_grains,True,SEG-0006,57.5,NDRF,181575,1157553,184.3,low,2021-22
DSR-00841,SEG-0013,D-ML-01,ML,NH-6,landslide,LS-01464,2021-07-06T06:45:00,2021-07-14T07:09:00,192.4,full,major,23,165.3,False,agri_produce,True,SEG-0014,43.0,State PWD,4864158,286371,488.4,very_high,2021-22
DSR-00933,SEG-0052,D-SK-01,SK,NH-510,landslide,LS-01609,2021-07-06T13:30:00,2021-07-06T17:00:00,3.5,partial,minor,0,0.0,False,relief_supplies,True,SEG-0048,29.4,BRO (Border Roads Organisation),116925,0,191.5,very_high,2021-22
DSR-00814,SEG-0029,D-MN-04,MN,NH-37,landslide,LS-01413,2021-07-06T18:00:00,2021-07-06T19:00:00,1.0,partial,minor,88,603.2,False,fuel,True,SEG-0028,87.2,SDRF,79114,867612,381.3,moderate,2021-22
DSR-00854,SEG-0067,D-AR-07,AR,NH-315,landslide,LS-01483,2021-07-06T21:00:00,2021-07-08T13:12:00,40.2,full,moderate,44,262.2,True,food_grains,True,SEG-0066,98.5,BRO (Border Roads Organisation),1509014,399262,488.0,moderate,2021-22
DSR-00958,SEG-0064,D-AR-03,AR,NH-13-W,landslide,LS-01653,2021-07-07T10:00:00,2021-07-08T08:24:00,22.4,full,moderate,68,587.1,False,vaccines,True,SEG-0063,81.1,SDRF,1373377,2148446,537.2,very_high,2021-22
DSR-00804,SEG-0049,D-SK-01,SK,NH-310,landslide,LS-01397,2021-07-07T12:45:00,2021-07-07T21:45:00,9.0,partial,moderate,26,189.1,False,relief_supplies,True,SEG-0050,32.2,BRO (Border Roads Organisation),919194,452133,271.1,high,2021-22
DSR-00740,SEG-0013,D-ML-01,ML,NH-6,landslide,LS-01276,2021-07-08T02:00:00,2021-07-09T04:54:00,26.9,full,moderate,92,414.3,False,agri_produce,True,SEG-0012,36.3,BRO (Border Roads Organisation),745579,1563357,41.8,very_high,2021-22
DSR-02098,SEG-0058,D-AR-01,AR,NH-13,road_subsidence,,2021-07-08T12:00:00,2021-07-15T19:30:00,175.5,full,major,18,79.7,False,construction_material,True,SEG-0059,117.7,SDRF,5773713,283455,90.5,high,2021-22
DSR-01700,SEG-0020,D-ML-04,ML,NH-27-SPUR,flood,,2021-07-08T15:45:00,2021-07-09T08:27:00,16.7,full,moderate,71,428.1,True,lpg_cylinders,True,SEG-0019,98.4,NHIDCL,229686,513026,258.3,moderate,2021-22
DSR-01102,SEG-0028,D-MN-01,MN,NH-37,landslide,LS-01904,2021-07-08T17:15:00,2021-07-10T08:33:00,39.3,full,moderate,39,278.0,True,construction_material,True,SEG-0029,85.3,SDRF,4050092,807065,400.5,high,2021-22
DSR-01062,SEG-0039,D-TR-01,TR,NH-8,landslide,LS-01832,2021-07-09T07:30:00,2021-07-09T08:30:00,1.0,partial,minor,32,105.7,False,fuel,True,SEG-0040,37.2,BRO (Border Roads Organisation),20002,532662,327.1,moderate,2021-22
DSR-00825,SEG-0046,D-WB-01,WB,NH-10,landslide,LS-01434,2021-07-10T00:45:00,2021-07-10T03:33:00,2.8,partial,moderate,0,0.0,False,vaccines,True,SEG-0001,402.3,State PWD,347816,0,323.3,very_high,2021-22
DSR-02253,SEG-0013,D-ML-01,ML,NH-6,fallen_tree,,2021-07-10T12:00:00,2021-07-11T02:36:00,14.6,full,moderate,50,138.9,False,relief_supplies,True,SEG-0012,61.9,NHIDCL,576898,554737,55.4,very_high,2021-22
DSR-01088,SEG-0030,D-MN-04,MN,NH-37,landslide,LS-01871,2021-07-12T02:00:00,2021-07-12T05:18:00,3.3,partial,minor,28,114.2,True,lpg_cylinders,True,SEG-0033,79.4,BRO (Border Roads Organisation),281176,377085,395.9,moderate,2021-22
DSR-00807,SEG-0013,D-ML-01,ML,NH-6,landslide,LS-01400,2021-07-12T18:30:00,2021-07-12T21:00:00,2.5,partial,minor,0,0.0,False,medicines,True,SEG-0014,43.1,BRO (Border Roads Organisation),53239,0,215.6,very_high,2021-22
DSR-01063,SEG-0015,D-ML-02,ML,NH-6,landslide,LS-01833,2021-07-13T09:30:00,2021-07-18T10:42:00,121.2,full,major,49,282.4,False,agri_produce,True,SEG-0016,26.9,BRO (Border Roads Organisation),15263056,515463,363.1,high,2021-22
DSR-02209,SEG-0048,D-SK-01,SK,NH-10,protest_blockade,,2021-07-14T07:15:00,2021-07-14T22:45:00,15.5,full,moderate,33,92.5,True,relief_supplies,True,SEG-0052,62.8,NDRF,313247,499754,111.6,high,2021-22
DSR-00964,SEG-0054,D-SK-03,SK,NH-510,landslide,LS-01662,2021-07-15T11:30:00,2021-07-15T13:48:00,2.3,partial,minor,76,333.2,False,vaccines,True,SEG-0055,18.5,SDRF,71692,834940,311.4,high,2021-22
DSR-00989,SEG-0054,D-SK-03,SK,NH-510,landslide,LS-01710,2021-07-15T14:45:00,2021-07-15T20:45:00,6.0,partial,minor,40,216.4,True,relief_supplies,True,SEG-0055,19.7,NDRF,309261,665276,271.9,high,2021-22
DSR-00971,SEG-0026,D-NL-04,NL,NH-29,landslide,LS-01675,2021-07-16T00:00:00,2021-07-25T16:24:00,232.4,full,major,0,0.0,False,construction_material,True,SEG-0025,81.4,NDRF,9774681,0,138.8,high,2021-22
DSR-01905,SEG-0002,D-AS-10,AS,NH-27,accident_blockage,,2021-07-16T02:30:00,2021-07-16T11:54:00,9.4,partial,moderate,35,285.3,True,lpg_cylinders,True,SEG-0003,53.5,SDRF,103042,986578,72.9,low,2021-22
DSR-02014,SEG-0040,D-TR-03,TR,NH-8,fallen_tree,,2021-07-16T15:00:00,2021-07-17T02:54:00,11.9,partial,moderate,0,0.0,False,lpg_cylinders,True,SEG-0039,99.3,SDRF,202188,0,144.2,moderate,2021-22
DSR-01076,SEG-0060,D-AR-06,AR,NH-13,landslide,LS-01854,2021-07-17T13:15:00,2021-07-17T16:51:00,3.6,partial,minor,0,0.0,False,fuel,True,SEG-0059,103.2,NHIDCL,80982,0,43.9,very_high,2021-22
DSR-00996,SEG-0068,D-AS-08,AS,NH-27-DH,landslide,LS-01721,2021-07-17T18:00:00,2021-07-17T20:42:00,2.7,partial,minor,0,0.0,False,fuel,True,SEG-0069,59.3,BRO (Border Roads Organisation),151140,0,191.5,high,2021-22
DSR-01028,SEG-0059,D-AR-04,AR,NH-13,landslide,LS-01781,2021-07-17T23:15:00,2021-07-18T02:27:00,3.2,partial,minor,60,284.1,False,food_grains,True,SEG-0058,76.1,NHIDCL,282498,657945,498.4,very_high,2021-22
DSR-01095,SEG-0043,D-TR-02,TR,NH-8,landslide,LS-01884,2021-07-18T14:30:00,2021-07-18T16:54:00,2.4,partial,minor,0,0.0,False,food_grains,True,SEG-0044,123.5,NDRF,184195,0,578.3,moderate,2021-22
DSR-02201,SEG-0013,D-ML-01,ML,NH-6,protest_blockade,,2021-07-19T06:30:00,2021-07-19T18:06:00,11.6,partial,moderate,33,169.5,False,relief_supplies,True,SEG-0014,58.9,BRO (Border Roads Organisation),315785,730976,190.3,very_high,2021-22
DSR-02118,SEG-0045,D-AS-12,AS,NH-8,accident_blockage,,2021-07-20T02:15:00,2021-07-20T08:03:00,5.8,partial,minor,9,31.6,True,construction_material,True,SEG-0015,96.6,State PWD,45146,70283,73.2,low,2021-22
DSR-00860,SEG-0013,D-ML-01,ML,NH-6,landslide,LS-01489,2021-07-20T10:15:00,2021-07-20T13:09:00,2.9,partial,minor,0,0.0,True,fuel,True,SEG-0014,52.2,NHIDCL,86207,0,268.2,very_high,2021-22
DSR-00775,SEG-0047,D-SK-01,SK,NH-10,landslide,LS-01336,2021-07-20T14:45:00,2021-07-20T16:51:00,2.1,partial,minor,25,95.6,False,medicines,True,SEG-0046,124.7,State PWD,268444,265210,440.6,high,2021-22
DSR-00911,SEG-0064,D-AR-03,AR,NH-13-W,landslide,LS-01564,2021-07-20T20:00:00,2021-07-20T22:06:00,2.1,full,major,68,510.2,False,food_grains,True,SEG-0063,48.5,BRO (Border Roads Organisation),226226,2284561,609.6,very_high,2021-22
DSR-02082,SEG-0033,D-AS-06,AS,NH-306,flood,,2021-07-20T21:00:00,2021-07-23T13:48:00,64.8,full,moderate,0,0.0,True,vaccines,True,SEG-0034,130.7,BRO (Border Roads Organisation),3205213,0,437.3,low,2021-22
DSR-00703,SEG-0065,D-AR-05,AR,NH-315,landslide,LS-01210,2021-07-20T21:45:00,2021-07-20T23:51:00,2.1,partial,minor,74,445.6,False,agri_produce,True,SEG-0061,125.8,State PWD,116767,1027887,7.4,high,2021-22
DSR-01055,SEG-0037,D-MZ-01,MZ,NH-302,landslide,LS-01824,2021-07-20T22:00:00,2021-07-21T02:18:00,4.3,full,major,46,356.7,False,construction_material,True,SEG-0035,84.5,SDRF,214099,986843,315.7,high,2021-22
DSR-00882,SEG-0046,D-WB-01,WB,NH-10,landslide,LS-01522,2021-07-21T01:45:00,2021-07-21T10:39:00,8.9,partial,moderate,0,0.0,True,fuel,True,SEG-0047,13.1,NDRF,1174241,0,572.2,very_high,2021-22
DSR-02284,SEG-0015,D-ML-02,ML,NH-6,protest_blockade,,2021-07-21T08:15:00,2021-07-21T09:15:00,1.0,partial,minor,22,190.3,True,vaccines,True,SEG-0014,46.3,NDRF,35937,411503,138.9,high,2021-22
DSR-00778,SEG-0065,D-AR-05,AR,NH-315,landslide,LS-01341,2021-07-22T12:30:00,2021-07-22T15:00:00,2.5,partial,minor,0,0.0,False,fuel,True,SEG-0061,69.2,NDRF,100523,0,447.3,high,2021-22
DSR-01003,SEG-0066,D-AR-09,AR,NH-315,landslide,LS-01733,2021-07-23T18:45:00,2021-07-26T10:45:00,64.0,full,moderate,91,770.0,True,construction_material,True,SEG-0067,95.8,NHIDCL,3328207,3270233,223.2,very_high,2021-22
DSR-02015,SEG-0022,D-NL-01,NL,NH-2,protest_blockade,,2021-07-23T22:45:00,2021-07-24T07:21:00,8.6,partial,moderate,0,0.0,False,construction_material,True,SEG-0021,60.8,SDRF,410734,0,177.4,high,2021-22
DSR-01081,SEG-0014,D-ML-01,ML,NH-6,landslide,LS-01862,2021-07-24T13:45:00,2021-08-01T12:33:00,190.8,full,major,173,618.7,False,medicines,True,SEG-0015,122.9,SDRF,10850490,983112,258.7,high,2021-22
DSR-00753,SEG-0037,D-MZ-01,MZ,NH-302,landslide,LS-01297,2021-07-24T15:00:00,2021-07-25T01:00:00,10.0,partial,moderate,20,94.8,False,lpg_cylinders,True,SEG-0034,111.9,NDRF,231279,315460,171.3,high,2021-22
DSR-00932,SEG-0068,D-AS-08,AS,NH-27-DH,landslide,LS-01608,2021-07-24T17:30:00,2021-07-25T03:12:00,9.7,partial,moderate,90,706.9,True,medicines,True,SEG-0069,72.5,BRO (Border Roads Organisation),548592,1351574,59.8,high,2021-22
DSR-00931,SEG-0048,D-SK-01,SK,NH-10,landslide,LS-01607,2021-07-25T11:00:00,2021-07-25T18:48:00,7.8,partial,moderate,0,0.0,True,agri_produce,True,SEG-0049,46.4,NDRF,992053,0,72.6,high,2021-22
DSR-01029,SEG-0032,D-MN-01,MN,NH-2-S,landslide,LS-01782,2021-07-25T15:30:00,2021-07-26T01:30:00,10.0,partial,moderate,61,231.9,False,construction_material,True,SEG-0028,88.3,NHIDCL,558822,463026,392.4,high,2021-22
DSR-00708,SEG-0028,D-MN-01,MN,NH-37,landslide,LS-01217,2021-07-26T00:45:00,2021-07-27T00:03:00,23.3,full,moderate,0,0.0,False,construction_material,True,SEG-0024,59.1,BRO (Border Roads Organisation),792838,0,285.9,high,2021-22
DSR-01040,SEG-0021,D-NL-02,NL,NH-2,landslide,LS-01795,2021-07-26T18:00:00,2021-07-26T19:00:00,1.0,partial,minor,34,150.5,True,relief_supplies,True,SEG-0022,44.2,NDRF,116449,458584,375.2,high,2021-22
DSR-01767,SEG-0001,D-WB-01,WB,NH-27,flood,,2021-07-27T07:30:00,2021-08-01T00:00:00,112.5,full,major,10,64.5,False,construction_material,True,SEG-0002,106.3,State PWD,5370251,271225,442.6,low,2021-22
DSR-01045,SEG-0027,D-NL-03,NL,NH-29,landslide,LS-01810,2021-07-27T09:45:00,2021-07-27T10:45:00,1.0,partial,minor,0,0.0,False,medicines,True,SEG-0026,68.8,BRO (Border Roads Organisation),132111,0,245.0,high,2021-22
DSR-01091,SEG-0062,D-AS-09,AS,NH-13-W,landslide,LS-01876,2021-07-27T22:00:00,2021-07-28T11:24:00,13.4,full,catastrophic,0,0.0,True,fuel,True,SEG-0006,52.7,BRO (Border Roads Organisation),1379012,0,546.3,high,2021-22
DSR-00846,SEG-0046,D-WB-01,WB,NH-10,landslide,LS-01474,2021-07-28T08:45:00,2021-08-01T09:27:00,96.7,full,major,87,362.3,False,vaccines,True,SEG-0047,12.1,NHIDCL,12950064,558105,558.0,very_high,2021-22
DSR-01074,SEG-0028,D-MN-01,MN,NH-37,landslide,LS-01852,2021-07-28T10:30:00,2021-08-01T20:00:00,105.5,full,major,16,58.8,True,fuel,True,SEG-0029,79.8,State PWD,3019942,291425,294.6,high,2021-22
DSR-00889,SEG-0064,D-AR-03,AR,NH-13-W,landslide,LS-01534,2021-08-01T00:15:00,2021-08-01T01:45:00,1.5,partial,minor,53,237.7,True,lpg_cylinders,True,SEG-0063,69.2,NHIDCL,41791,891354,214.9,very_high,2021-22
DSR-00739,SEG-0039,D-TR-01,TR,NH-8,landslide,LS-01275,2021-08-01T17:30:00,2021-08-01T18:30:00,1.0,partial,minor,0,0.0,False,fuel,True,SEG-0040,55.3,NDRF,85529,0,120.5,moderate,2021-22
DSR-00772,SEG-0050,D-SK-02,SK,NH-310,landslide,LS-01331,2021-08-01T21:30:00,2021-08-01T22:30:00,1.0,partial,minor,0,0.0,False,medicines,True,SEG-0049,24.5,NDRF,81067,0,142.8,very_high,2021-22
DSR-01025,SEG-0020,D-ML-04,ML,NH-27-SPUR,landslide,LS-01770,2021-08-02T10:45:00,2021-08-03T01:51:00,15.1,full,moderate,28,122.3,False,lpg_cylinders,True,SEG-0019,62.6,SDRF,1323713,596205,626.7,moderate,2021-22
DSR-01648,SEG-0044,D-AS-12,AS,NH-8,flood,,2021-08-02T12:15:00,2021-08-09T21:45:00,177.5,full,major,33,264.6,True,fuel,True,SEG-0043,34.3,NDRF,8639045,636148,624.3,low,2021-22
DSR-01656,SEG-0050,D-SK-02,SK,NH-310,flood,,2021-08-02T14:00:00,2021-08-10T12:36:00,190.6,full,major,99,821.2,True,vaccines,True,SEG-0049,42.9,NHIDCL,7352746,2262496,283.4,very_high,2021-22
DSR-00746,SEG-0059,D-AR-04,AR,NH-13,landslide,LS-01289,2021-08-03T15:30:00,2021-08-03T19:42:00,4.2,partial,minor,65,486.6,False,agri_produce,True,SEG-0058,73.2,State PWD,349910,1223390,520.8,very_high,2021-22
DSR-00736,SEG-0014,D-ML-01,ML,NH-6,landslide,LS-01272,2021-08-03T21:00:00,2021-08-04T03:54:00,6.9,partial,moderate,109,306.2,False,medicines,True,SEG-0013,85.0,SDRF,344630,1734000,93.1,high,2021-22
DSR-01970,SEG-0064,D-AR-03,AR,NH-13-W,protest_blockade,,2021-08-05T10:45:00,2021-08-05T22:39:00,11.9,partial,moderate,0,0.0,True,construction_material,True,SEG-0063,41.3,BRO (Border Roads Organisation),194158,0,179.2,very_high,2021-22
DSR-01630,SEG-0053,D-SK-03,SK,NH-510,road_subsidence,,2021-08-06T05:15:00,2021-08-10T01:09:00,91.9,full,major,71,461.9,True,fuel,True,SEG-0052,90.8,NHIDCL,4000871,1842812,129.9,high,2021-22
DSR-01053,SEG-0015,D-ML-02,ML,NH-6,landslide,LS-01820,2021-08-07T00:45:00,2021-08-07T01:45:00,1.0,partial,minor,0,0.0,False,food_grains,True,SEG-0014,72.9,BRO (Border Roads Organisation),79067,0,273.9,high,2021-22
DSR-00757,SEG-0047,D-SK-01,SK,NH-10,landslide,LS-01302,2021-08-07T08:15:00,2021-08-07T09:15:00,1.0,partial,minor,44,143.4,False,agri_produce,True,SEG-0046,131.2,NDRF,72033,758014,258.5,high,2021-22
DSR-00698,SEG-0050,D-SK-02,SK,NH-310,landslide,LS-01204,2021-08-07T12:30:00,2021-08-08T07:00:00,18.5,full,moderate,114,368.1,True,lpg_cylinders,True,SEG-0049,40.8,State PWD,1341016,1342885,147.5,very_high,2021-22
DSR-01839,SEG-0066,D-AR-09,AR,NH-315,flood,,2021-08-08T13:00:00,2021-08-28T19:00:00,486.0,full,major,12,69.1,False,relief_supplies,True,SEG-0065,109.0,BRO (Border Roads Organisation),15708815,102599,356.0,very_high,2021-22
DSR-00845,SEG-0061,D-AR-06,AR,NH-13,landslide,LS-01471,2021-08-08T20:30:00,2021-08-08T23:06:00,2.6,partial,minor,0,0.0,True,lpg_cylinders,True,SEG-0060,105.9,BRO (Border Roads Organisation),357704,0,390.9,high,2021-22
DSR-00731,SEG-0023,D-MN-05,MN,NH-2,landslide,LS-01257,2021-08-09T21:45:00,2021-08-10T08:39:00,10.9,full,major,182,1156.2,True,construction_material,True,SEG-0022,47.2,NHIDCL,1367400,3216777,78.7,moderate,2021-22
DSR-02212,SEG-0002,D-AS-10,AS,NH-27,protest_blockade,,2021-08-10T02:45:00,2021-08-10T14:51:00,12.1,full,moderate,119,452.2,True,lpg_cylinders,True,SEG-0001,360.0,NDRF,477774,1495028,175.9,low,2021-22
DSR-00843,SEG-0026,D-NL-04,NL,NH-29,landslide,LS-01469,2021-08-10T13:00:00,2021-08-11T02:18:00,13.3,full,catastrophic,42,352.1,False,lpg_cylinders,True,SEG-0025,118.2,NDRF,1077922,734201,136.0,high,2021-22
DSR-00872,SEG-0041,D-TR-03,TR,NH-8,landslide,LS-01507,2021-08-10T21:30:00,2021-08-10T22:30:00,1.0,partial,minor,17,113.6,True,vaccines,True,SEG-0042,21.6,BRO (Border Roads Organisation),74499,140646,45.6,low,2021-22
DSR-01071,SEG-0015,D-ML-02,ML,NH-6,landslide,LS-01848,2021-08-11T07:15:00,2021-08-11T08:15:00,1.0,partial,minor,52,464.1,False,relief_supplies,True,SEG-0016,30.3,NDRF,50029,1446719,372.3,high,2021-22
DSR-01996,SEG-0062,D-AS-09,AS,NH-13-W,road_subsidence,,2021-08-11T13:45:00,2021-08-12T02:21:00,12.6,full,moderate,25,220.5,True,construction_material,True,SEG-0056,133.5,NHIDCL,277504,496899,336.4,high,2021-22
DSR-00916,SEG-0021,D-NL-02,NL,NH-2,landslide,LS-01569,2021-08-11T19:15:00,2021-08-11T23:27:00,4.2,partial,moderate,69,483.2,True,agri_produce,True,SEG-0022,25.0,SDRF,340746,1538126,153.2,high,2021-22
DSR-00758,SEG-0055,D-SK-04,SK,NH-510,landslide,LS-01304,2021-08-12T07:45:00,2021-08-13T11:39:00,27.9,full,catastrophic,112,850.1,True,construction_material,True,SEG-0054,29.7,SDRF,305554,1305107,611.0,very_high,2021-22
DSR-00705,SEG-0027,D-NL-03,NL,NH-29,landslide,LS-01214,2021-08-12T17:45:00,2021-08-13T03:51:00,10.1,full,major,81,372.7,True,vaccines,True,SEG-0026,87.3,BRO (Border Roads Organisation),1133055,1450043,77.1,high,2021-22
DSR-00823,SEG-0030,D-MN-04,MN,NH-37,landslide,LS-01431,2021-08-12T19:00:00,2021-08-12T20:48:00,1.8,partial,minor,119,533.9,False,lpg_cylinders,True,SEG-0069,90.9,NDRF,94976,2103461,88.9,moderate,2021-22
DSR-00966,SEG-0031,D-MN-02,MN,NH-2-S,landslide,LS-01664,2021-08-13T10:30:00,2021-08-13T12:30:00,2.0,partial,minor,48,163.8,False,fuel,True,SEG-0024,66.0,BRO (Border Roads Organisation),114437,685115,566.4,moderate,2021-22
DSR-01662,SEG-0040,D-TR-03,TR,NH-8,protest_blockade,,2021-08-13T11:30:00,2021-08-14T02:12:00,14.7,full,moderate,35,231.1,False,food_grains,True,SEG-0039,54.0,SDRF,300912,989361,58.9,moderate,2021-22
DSR-00880,SEG-0052,D-SK-01,SK,NH-510,landslide,LS-01517,2021-08-14T01:30:00,2021-08-17T17:06:00,87.6,full,major,55,387.9,False,vaccines,True,SEG-0053,11.3,NDRF,850289,1333330,102.5,very_high,2021-22
DSR-02044,SEG-0053,D-SK-03,SK,NH-510,protest_blockade,,2021-08-14T06:15:00,2021-08-15T20:39:00,38.4,full,moderate,33,104.3,False,agri_produce,True,SEG-0054,25.1,NHIDCL,1752603,384860,55.4,high,2021-22
DSR-00704,SEG-0065,D-AR-05,AR,NH-315,landslide,LS-01211,2021-08-16T23:15:00,2021-08-26T09:51:00,226.6,full,catastrophic,0,0.0,False,relief_supplies,True,SEG-0066,93.4,BRO (Border Roads Organisation),6991991,0,416.8,high,2021-22
DSR-00974,SEG-0036,D-MZ-05,MZ,NH-306,landslide,LS-01684,2021-08-17T10:45:00,2021-08-22T23:03:00,132.3,full,major,54,306.7,False,agri_produce,True,SEG-0035,117.1,State PWD,18048355,634132,264.7,high,2021-22
DSR-00909,SEG-0046,D-WB-01,WB,NH-10,landslide,LS-01562,2021-08-18T07:15:00,2021-08-18T10:57:00,3.7,partial,minor,57,309.1,False,relief_supplies,True,SEG-0001,552.8,BRO (Border Roads Organisation),171787,1008084,449.9,very_high,2021-22
DSR-01683,SEG-0041,D-TR-03,TR,NH-8,flood,,2021-08-18T17:45:00,2021-08-25T22:33:00,172.8,full,major,94,389.2,False,medicines,True,SEG-0042,30.6,NDRF,4987096,927709,264.1,low,2021-22
DSR-00840,SEG-0030,D-MN-04,MN,NH-37,landslide,LS-01462,2021-08-19T02:00:00,2021-08-19T03:00:00,1.0,partial,minor,13,68.3,True,medicines,True,SEG-0033,83.8,NDRF,29107,138262,327.6,moderate,2021-22
DSR-02089,SEG-0036,D-MZ-05,MZ,NH-306,flood,,2021-08-19T13:00:00,2021-08-25T22:48:00,153.8,full,major,29,161.6,True,fuel,True,SEG-0035,95.6,NDRF,3163946,478734,492.6,high,2021-22
DSR-00912,SEG-0060,D-AR-06,AR,NH-13,landslide,LS-01565,2021-08-19T21:30:00,2021-08-20T01:30:00,4.0,partial,minor,0,0.0,True,food_grains,True,SEG-0059,73.3,NHIDCL,281853,0,414.7,very_high,2021-22
DSR-00829,SEG-0043,D-TR-02,TR,NH-8,landslide,LS-01443,2021-08-20T06:15:00,2021-08-20T10:09:00,3.9,partial,moderate,49,157.2,False,food_grains,True,SEG-0044,104.4,BRO (Border Roads Organisation),97735,729921,564.9,moderate,2021-22
DSR-01046,SEG-0062,D-AS-09,AS,NH-13-W,landslide,LS-01812,2021-08-21T23:15:00,2021-08-22T03:15:00,4.0,partial,minor,45,206.6,False,vaccines,True,SEG-0006,69.4,BRO (Border Roads Organisation),223497,581671,151.7,high,2021-22
DSR-00724,SEG-0066,D-AR-09,AR,NH-315,landslide,LS-01249,2021-08-22T01:00:00,2021-08-22T03:12:00,2.2,partial,minor,65,411.3,True,fuel,True,SEG-0067,44.0,State PWD,90542,1394327,115.7,very_high,2021-22
DSR-01024,SEG-0014,D-ML-01,ML,NH-6,landslide,LS-01769,2021-08-22T11:45:00,2021-08-22T12:45:00,1.0,partial,minor,3,23.0,True,construction_material,True,SEG-0013,56.0,BRO (Border Roads Organisation),102039,57118,358.3,high,2021-22
DSR-00787,SEG-0052,D-SK-01,SK,NH-510,landslide,LS-01358,2021-08-23T05:15:00,2021-08-23T06:15:00,1.0,partial,minor,55,260.8,True,construction_material,True,SEG-0049,34.4,NDRF,26815,941119,602.2,very_high,2021-22
DSR-02117,SEG-0048,D-SK-01,SK,NH-10,road_subsidence,,2021-08-23T22:30:00,2021-08-30T11:06:00,156.6,full,major,87,638.1,False,food_grains,True,SEG-0047,7.7,BRO (Border Roads Organisation),3773747,1987159,280.9,high,2021-22
DSR-01876,SEG-0026,D-NL-04,NL,NH-29,protest_blockade,,2021-08-24T04:00:00,2021-08-24T20:36:00,16.6,full,moderate,63,164.2,False,lpg_cylinders,True,SEG-0025,97.0,NDRF,137837,498653,92.1,high,2021-22
DSR-01728,SEG-0007,D-AS-09,AS,NH-27,protest_blockade,,2021-08-25T08:30:00,2021-08-25T20:48:00,12.3,full,moderate,100,673.7,True,agri_produce,True,SEG-0006,70.8,State PWD,273888,2704250,190.1,low,2021-22
DSR-00779,SEG-0050,D-SK-02,SK,NH-310,landslide,LS-01346,2021-08-26T04:15:00,2021-08-26T19:15:00,15.0,full,moderate,13,73.1,False,relief_supplies,True,SEG-0049,35.7,BRO (Border Roads Organisation),2124530,110440,134.7,very_high,2021-22
DSR-01099,SEG-0035,D-MZ-01,MZ,NH-306,landslide,LS-01893,2021-08-26T18:15:00,2021-08-26T19:15:00,1.0,partial,minor,0,0.0,True,fuel,True,SEG-0036,111.7,NHIDCL,34536,0,24.0,high,2021-22
DSR-00968,SEG-0062,D-AS-09,AS,NH-13-W,landslide,LS-01671,2021-08-27T14:00:00,2021-08-27T21:42:00,7.7,partial,moderate,0,0.0,False,lpg_cylinders,True,SEG-0007,184.0,SDRF,787304,0,337.6,high,2021-22
DSR-02276,SEG-0059,D-AR-04,AR,NH-13,road_subsidence,,2021-08-27T14:15:00,2021-09-03T22:33:00,176.3,full,major,126,374.8,False,food_grains,True,SEG-0058,122.5,NHIDCL,1441853,983132,191.2,very_high,2021-22
DSR-00788,SEG-0055,D-SK-04,SK,NH-510,landslide,LS-01359,2021-08-27T16:45:00,2021-08-27T17:45:00,1.0,partial,minor,0,0.0,False,relief_supplies,True,SEG-0054,25.0,BRO (Border Roads Organisation),39940,0,527.3,very_high,2021-22
DSR-00712,SEG-0026,D-NL-04,NL,NH-29,landslide,LS-01223,2021-09-01T15:15:00,2021-09-01T22:39:00,7.4,partial,moderate,95,571.8,False,vaccines,True,SEG-0025,95.6,BRO (Border Roads Organisation),1015453,1725615,392.0,high,2021-22
DSR-01633,SEG-0061,D-AR-06,AR,NH-13,road_subsidence,,2021-09-02T06:45:00,2021-09-10T11:33:00,196.8,full,major,39,330.5,True,food_grains,True,SEG-0060,97.0,NDRF,8868533,795911,193.0,high,2021-22
DSR-00980,SEG-0013,D-ML-01,ML,NH-6,landslide,LS-01698,2021-09-04T23:00:00,2021-09-05T00:00:00,1.0,partial,minor,22,176.3,True,vaccines,True,SEG-0012,36.5,BRO (Border Roads Organisation),73480,292761,284.9,very_high,2021-22
DSR-00755,SEG-0047,D-SK-01,SK,NH-10,landslide,LS-01299,2021-09-06T00:15:00,2021-09-12T03:51:00,147.6,full,major,79,224.3,True,construction_material,True,SEG-0048,23.3,NDRF,9947822,958335,126.1,high,2021-22
DSR-01945,SEG-0017,D-AS-01,AS,NH-27-SPUR,bridge_damage,,2021-09-06T18:45:00,2021-09-18T22:51:00,292.1,full,major,33,115.9,True,vaccines,True,SEG-0005,172.8,State PWD,5741754,532123,121.7,low,2021-22
DSR-01097,SEG-0026,D-NL-04,NL,NH-29,landslide,LS-01887,2021-09-06T23:15:00,2021-09-07T00:15:00,1.0,partial,minor,109,530.1,True,food_grains,True,SEG-0025,68.8,State PWD,54488,2276978,417.1,high,2021-22
DSR-00729,SEG-0064,D-AR-03,AR,NH-13-W,landslide,LS-01255,2021-09-07T14:45:00,2021-09-07T16:33:00,1.8,partial,minor,0,0.0,False,fuel,True,SEG-0063,78.7,NHIDCL,144196,0,330.9,very_high,2021-22
DSR-02222,SEG-0020,D-ML-04,ML,NH-27-SPUR,protest_blockade,,2021-09-09T15:45:00,2021-09-10T03:03:00,11.3,partial,moderate,11,33.6,False,agri_produce,True,SEG-0019,109.0,BRO (Border Roads Organisation),314263,171526,44.7,moderate,2021-22
DSR-02196,SEG-0023,D-MN-05,MN,NH-2,flood,,2021-09-11T00:15:00,2021-09-11T23:15:00,23.0,full,moderate,12,72.1,True,vaccines,True,SEG-0024,123.9,State PWD,853504,117363,402.1,moderate,2021-22
DSR-00774,SEG-0013,D-ML-01,ML,NH-6,landslide,LS-01335,2021-09-11T19:15:00,2021-09-11T20:15:00,1.0,partial,minor,0,0.0,False,fuel,True,SEG-0014,75.1,NDRF,89681,0,29.9,very_high,2021-22
DSR-01104,SEG-0066,D-AR-09,AR,NH-315,landslide,LS-01906,2021-09-12T04:00:00,2021-09-12T07:54:00,3.9,partial,minor,51,257.3,False,fuel,True,SEG-0067,61.9,State PWD,231253,443579,227.9,very_high,2021-22
DSR-01056,SEG-0052,D-SK-01,SK,NH-510,landslide,LS-01825,2021-09-12T09:00:00,2021-09-12T11:42:00,2.7,partial,minor,87,563.2,True,agri_produce,True,SEG-0048,23.7,NHIDCL,114812,1011724,607.1,very_high,2021-22
DSR-00722,SEG-0042,D-TR-02,TR,NH-8,landslide,LS-01245,2021-09-14T02:00:00,2021-09-14T03:00:00,1.0,partial,minor,50,239.3,True,construction_material,True,SEG-0043,31.9,NHIDCL,47896,769284,478.0,moderate,2021-22
DSR-00986,SEG-0013,D-ML-01,ML,NH-6,landslide,LS-01705,2021-09-15T02:00:00,2021-09-15T07:48:00,5.8,partial,moderate,29,187.9,False,food_grains,True,SEG-0012,58.9,NHIDCL,256230,516361,928.9,very_high,2021-22
DSR-00721,SEG-0015,D-ML-02,ML,NH-6,landslide,LS-01243,2021-09-16T17:30:00,2021-09-16T18:30:00,1.0,partial,minor,0,0.0,False,medicines,True,SEG-0014,75.6,NHIDCL,107120,0,25.4,high,2021-22
DSR-01042,SEG-0055,D-SK-04,SK,NH-510,landslide,LS-01801,2021-09-16T20:45:00,2021-09-18T18:21:00,45.6,full,moderate,95,477.9,True,medicines,True,SEG-0054,29.0,State PWD,1993793,1561095,512.5,very_high,2021-22
DSR-00987,SEG-0018,D-AS-10,AS,NH-27-SPUR,landslide,LS-01707,2021-09-18T06:15:00,2021-09-18T07:15:00,1.0,partial,minor,51,278.5,True,lpg_cylinders,True,SEG-0019,55.7,SDRF,53912,722863,440.1,moderate,2021-22
DSR-00886,SEG-0012,D-AS-01,AS,NH-6,landslide,LS-01529,2021-09-19T22:00:00,2021-09-19T23:00:00,1.0,partial,minor,0,0.0,True,agri_produce,True,SEG-0004,51.4,SDRF,128570,0,572.1,high,2021-22
DSR-02050,SEG-0069,D-AS-07,AS,NH-27-DH,flood,,2021-09-20T11:45:00,2021-10-02T06:57:00,283.2,full,major,36,180.7,True,vaccines,True,SEG-0033,124.7,NDRF,12061743,718724,486.5,high,2021-22
DSR-00937,SEG-0068,D-AS-08,AS,NH-27-DH,landslide,LS-01616,2021-09-20T14:00:00,2021-09-20T16:36:00,2.6,partial,minor,0,0.0,False,medicines,True,SEG-0069,49.0,BRO (Border Roads Organisation),24711,0,212.2,high,2021-22
DSR-01977,SEG-0056,D-AS-09,AS,NH-15,bridge_damage,,2021-09-21T11:30:00,2021-09-28T00:30:00,157.0,full,major,0,0.0,False,food_grains,True,SEG-0062,79.0,NDRF,6654643,0,77.6,low,2021-22
DSR-00978,SEG-0032,D-MN-01,MN,NH-2-S,landslide,LS-01693,2021-09-21T13:30:00,2021-09-21T15:24:00,1.9,partial,minor,0,0.0,True,relief_supplies,True,SEG-0031,103.9,SDRF,120504,0,230.0,high,2021-22
DSR-01036,SEG-0036,D-MZ-05,MZ,NH-306,landslide,LS-01790,2021-09-27T16:45:00,2021-09-27T20:03:00,3.3,partial,minor,0,0.0,False,food_grains,True,SEG-0035,98.0,State PWD,153369,0,148.3,high,2021-22
DSR-00897,SEG-0012,D-AS-01,AS,NH-6,landslide,LS-01546,2021-09-28T22:00:00,2021-09-28T23:00:00,1.0,partial,minor,77,426.6,True,relief_supplies,True,SEG-0005,235.6,NDRF,107178,1434571,173.3,high,2021-22
DSR-02293,SEG-0068,D-AS-08,AS,NH-27-DH,protest_blockade,,2021-10-15T14:15:00,2021-10-16T13:57:00,23.7,full,moderate,102,842.7,False,medicines,True,SEG-0069,54.7,NHIDCL,296616,1362773,33.7,high,2021-22
DSR-00711,SEG-0025,D-NL-01,NL,NH-29,landslide,LS-01221,2021-10-17T13:45:00,2021-10-18T00:51:00,11.1,partial,moderate,12,80.6,False,relief_supplies,True,SEG-0026,81.7,NDRF,1217711,240665,237.9,high,2021-22
DSR-00725,SEG-0068,D-AS-08,AS,NH-27-DH,landslide,LS-01250,2021-10-21T15:15:00,2021-11-05T00:57:00,345.7,full,major,88,666.2,True,lpg_cylinders,True,SEG-0069,107.6,SDRF,15157024,1954576,160.9,high,2021-22
DSR-00962,SEG-0015,D-ML-02,ML,NH-6,landslide,LS-01660,2021-10-25T14:45:00,2021-10-25T18:21:00,3.6,partial,moderate,0,0.0,False,agri_produce,True,SEG-0016,39.2,State PWD,98541,0,21.6,high,2021-22
DSR-00976,SEG-0063,D-AR-03,AR,NH-13-W,landslide,LS-01686,2021-10-27T09:30:00,2021-10-27T11:42:00,2.2,partial,minor,77,255.6,False,relief_supplies,True,SEG-0064,141.4,NHIDCL,74516,485829,15.0,high,2021-22
DSR-02132,SEG-0071,D-AS-08,AS,NH-36,protest_blockade,,2021-11-02T02:00:00,2021-11-03T16:42:00,38.7,full,moderate,0,0.0,False,relief_supplies,True,SEG-0021,112.4,State PWD,1209501,0,160.4,moderate,2021-22
DSR-02097,SEG-0060,D-AR-06,AR,NH-13,maintenance,,2021-11-02T03:15:00,2021-11-04T16:39:00,61.4,full,moderate,0,0.0,False,relief_supplies,True,SEG-0059,84.3,BRO (Border Roads Organisation),976120,0,21.0,very_high,2021-22
DSR-00785,SEG-0015,D-ML-02,ML,NH-6,landslide,LS-01354,2021-11-02T12:15:00,2021-11-02T13:15:00,1.0,partial,minor,83,505.7,False,agri_produce,True,SEG-0045,28.2,SDRF,62697,2206547,55.6,high,2021-22
DSR-00951,SEG-0047,D-SK-01,SK,NH-10,landslide,LS-01644,2021-11-05T20:15:00,2021-11-05T21:45:00,1.5,partial,minor,67,372.1,False,relief_supplies,True,SEG-0046,109.6,SDRF,80158,1299708,110.7,high,2021-22
DSR-02280,SEG-0024,D-MN-05,MN,NH-2,flood,,2021-11-17T08:45:00,2021-11-17T21:33:00,12.8,full,moderate,51,323.9,False,fuel,True,SEG-0028,99.6,NHIDCL,477311,734113,201.9,high,2021-22
DSR-00913,SEG-0020,D-ML-04,ML,NH-27-SPUR,landslide,LS-01566,2021-11-21T19:45:00,2021-11-21T20:45:00,1.0,partial,minor,0,0.0,True,fuel,True,SEG-0019,80.3,BRO (Border Roads Organisation),139483,0,194.8,moderate,2021-22
DSR-01665,SEG-0071,D-AS-08,AS,NH-36,flood,,2021-11-25T06:00:00,2021-12-03T15:48:00,201.8,full,major,34,271.9,True,agri_produce,True,SEG-0070,202.9,State PWD,3006768,339562,592.0,moderate,2021-22
DSR-01623,SEG-0026,D-NL-04,NL,NH-29,maintenance,,2021-12-06T16:30:00,2021-12-07T20:00:00,27.5,full,moderate,62,447.4,True,medicines,True,SEG-0027,65.5,State PWD,985157,1193964,28.1,high,2021-22
DSR-01089,SEG-0047,D-SK-01,SK,NH-10,landslide,LS-01872,2021-12-19T07:30:00,2021-12-19T08:30:00,1.0,partial,moderate,28,244.4,True,agri_produce,True,SEG-0048,29.7,NHIDCL,33558,662452,81.1,high,2021-22
DSR-00790,SEG-0066,D-AR-09,AR,NH-315,landslide,LS-01363,2021-12-21T11:45:00,2021-12-22T22:15:00,34.5,full,moderate,0,0.0,False,food_grains,True,SEG-0065,69.9,NHIDCL,343161,0,189.2,very_high,2021-22
DSR-01936,SEG-0054,D-SK-03,SK,NH-510,maintenance,,2021-12-23T08:15:00,2021-12-26T22:45:00,86.5,full,major,35,236.5,True,fuel,True,SEG-0053,11.2,NDRF,4297370,609284,10.5,high,2021-22
DSR-01957,SEG-0032,D-MN-01,MN,NH-2-S,maintenance,,2021-12-25T12:45:00,2021-12-26T14:45:00,26.0,full,moderate,142,680.3,False,food_grains,True,SEG-0031,149.0,BRO (Border Roads Organisation),414974,3150416,39.8,high,2021-22
DSR-00810,SEG-0053,D-SK-03,SK,NH-510,landslide,LS-01405,2022-01-01T11:15:00,2022-01-08T16:51:00,173.6,full,major,61,408.4,False,agri_produce,True,SEG-0054,20.9,State PWD,3974484,1420422,32.0,high,2021-22
DSR-01084,SEG-0032,D-MN-01,MN,NH-2-S,landslide,LS-01865,2022-02-13T07:45:00,2022-02-14T21:21:00,37.6,full,moderate,52,441.0,False,medicines,True,SEG-0028,120.3,State PWD,2164084,1328655,129.8,high,2021-22
DSR-02191,SEG-0037,D-MZ-01,MZ,NH-302,maintenance,,2022-02-14T02:30:00,2022-02-19T08:06:00,125.6,full,major,30,158.4,False,lpg_cylinders,True,SEG-0035,68.4,State PWD,5343059,568727,52.6,high,2021-22
DSR-02046,SEG-0007,D-AS-09,AS,NH-27,maintenance,,2022-02-19T04:30:00,2022-02-20T07:36:00,27.1,full,moderate,46,376.0,False,vaccines,True,SEG-0006,72.7,BRO (Border Roads Organisation),982696,439927,14.3,low,2021-22
DSR-00796,SEG-0035,D-MZ-01,MZ,NH-306,landslide,LS-01383,2022-02-19T21:45:00,2022-02-19T22:45:00,1.0,partial,minor,0,0.0,False,relief_supplies,True,SEG-0037,76.2,State PWD,37936,0,61.4,high,2021-22
DSR-01852,SEG-0006,D-AS-02,AS,NH-27,maintenance,,2022-03-01T03:00:00,2022-03-01T07:18:00,4.3,partial,minor,33,93.5,False,vaccines,True,SEG-0056,208.2,BRO (Border Roads Organisation),189758,234860,1.7,low,2021-22
DSR-01942,SEG-0028,D-MN-01,MN,NH-37,maintenance,,2022-03-02T22:15:00,2022-03-03T09:57:00,11.7,partial,moderate,47,215.3,True,relief_supplies,True,SEG-0032,63.3,NHIDCL,456403,451889,16.7,high,2021-22
DSR-00899,SEG-0059,D-AR-04,AR,NH-13,landslide,LS-01549,2022-03-04T00:15:00,2022-03-04T01:45:00,1.5,partial,minor,29,171.5,True,agri_produce,True,SEG-0060,98.3,NHIDCL,149972,745936,28.1,very_high,2021-22
DSR-00768,SEG-0065,D-AR-05,AR,NH-315,landslide,LS-01323,2022-03-07T06:15:00,2022-03-07T14:03:00,7.8,partial,moderate,0,0.0,True,lpg_cylinders,True,SEG-0066,62.9,BRO (Border Roads Organisation),172234,0,439.4,high,2021-22
DSR-02244,SEG-0050,D-SK-02,SK,NH-310,fallen_tree,,2022-03-12T19:30:00,2022-03-13T02:48:00,7.3,partial,moderate,56,382.0,True,agri_produce,True,SEG-0049,51.9,NHIDCL,142825,612972,114.3,very_high,2021-22
DSR-00765,SEG-0026,D-NL-04,NL,NH-29,landslide,LS-01314,2022-03-13T06:00:00,2022-03-13T09:12:00,3.2,partial,minor,20,91.1,True,relief_supplies,True,SEG-0025,106.2,NDRF,156166,123304,155.7,high,2021-22
DSR-02146,SEG-0027,D-NL-03,NL,NH-29,maintenance,,2022-03-15T12:00:00,2022-03-17T18:30:00,54.5,full,moderate,71,383.9,False,medicines,True,SEG-0026,49.3,SDRF,1073570,1296248,30.0,high,2021-22
DSR-01070,SEG-0036,D-MZ-05,MZ,NH-306,landslide,LS-01847,2022-03-18T03:00:00,2022-03-18T06:36:00,3.6,partial,minor,55,140.0,False,lpg_cylinders,True,SEG-0035,92.0,NHIDCL,190397,510815,476.1,high,2021-22
DSR-01934,SEG-0056,D-AS-09,AS,NH-15,accident_blockage,,2022-03-24T21:45:00,2022-03-26T01:03:00,27.3,full,moderate,67,340.5,False,relief_supplies,True,SEG-0006,43.5,SDRF,511369,1681771,33.3,low,2021-22
DSR-00824,SEG-0014,D-ML-01,ML,NH-6,landslide,LS-01432,2022-03-28T22:30:00,2022-03-28T23:30:00,1.0,partial,minor,51,168.8,False,vaccines,True,SEG-0013,90.5,NHIDCL,118217,623884,314.9,high,2021-22
DSR-01044,SEG-0036,D-MZ-05,MZ,NH-306,landslide,LS-01809,2022-04-01T20:15:00,2022-04-01T21:15:00,1.0,partial,minor,27,77.8,True,relief_supplies,True,SEG-0035,91.4,BRO (Border Roads Organisation),49130,354126,373.3,high,2021-22
DSR-00742,SEG-0061,D-AR-06,AR,NH-13,landslide,LS-01278,2022-04-04T18:15:00,2022-04-06T15:51:00,45.6,full,major,52,133.1,False,medicines,True,SEG-0065,96.5,BRO (Border Roads Organisation),2926903,397104,131.1,high,2021-22
DSR-01012,SEG-0013,D-ML-01,ML,NH-6,landslide,LS-01751,2022-04-07T06:30:00,2022-04-09T08:36:00,50.1,full,major,128,1002.1,False,vaccines,True,SEG-0012,72.2,NHIDCL,4159998,4590538,234.6,very_high,2021-22
DSR-00716,SEG-0018,D-AS-10,AS,NH-27-SPUR,landslide,LS-01234,2022-04-10T12:00:00,2022-04-10T13:00:00,1.0,partial,minor,13,100.9,False,relief_supplies,True,SEG-0017,205.0,NHIDCL,119099,315241,230.8,moderate,2021-22
DSR-00865,SEG-0042,D-TR-02,TR,NH-8,landslide,LS-01495,2022-04-12T18:30:00,2022-04-12T19:42:00,1.2,partial,minor,14,39.5,False,construction_material,True,SEG-0041,104.4,NHIDCL,161507,117393,246.6,moderate,2021-22
DSR-00709,SEG-0066,D-AR-09,AR,NH-315,landslide,LS-01218,2022-04-14T13:45:00,2022-04-16T02:09:00,36.4,full,moderate,87,311.1,False,construction_material,True,SEG-0065,93.3,BRO (Border Roads Organisation),957871,457182,268.6,very_high,2021-22
DSR-00718,SEG-0058,D-AR-01,AR,NH-13,landslide,LS-01239,2022-04-18T08:30:00,2022-04-18T12:36:00,4.1,full,major,90,416.2,False,food_grains,True,SEG-0059,90.6,State PWD,322422,1687760,458.7,high,2021-22
DSR-00737,SEG-0064,D-AR-03,AR,NH-13-W,landslide,LS-01273,2022-04-21T08:15:00,2022-04-21T16:57:00,8.7,partial,moderate,56,215.9,False,lpg_cylinders,True,SEG-0063,73.0,SDRF,291918,715435,575.6,very_high,2021-22
DSR-01049,SEG-0052,D-SK-01,SK,NH-510,landslide,LS-01815,2022-04-21T23:15:00,2022-04-22T02:57:00,3.7,partial,moderate,106,769.5,False,agri_produce,True,SEG-0048,25.6,State PWD,187956,1083483,327.7,very_high,2021-22
DSR-02216,SEG-0016,D-AS-12,AS,NH-6,flood,,2022-04-24T18:45:00,2022-04-26T05:33:00,34.8,full,moderate,47,328.4,True,relief_supplies,True,SEG-0030,49.8,NHIDCL,1185725,415432,561.8,low,2021-22
DSR-00803,SEG-0064,D-AR-03,AR,NH-13-W,landslide,LS-01396,2022-04-25T02:00:00,2022-04-25T03:00:00,1.0,partial,minor,77,259.5,True,agri_produce,True,SEG-0063,58.0,NHIDCL,102701,546631,461.7,very_high,2021-22
DSR-00995,SEG-0025,D-NL-01,NL,NH-29,landslide,LS-01720,2022-04-25T05:15:00,2022-04-25T06:21:00,1.1,partial,moderate,33,233.8,False,relief_supplies,True,SEG-0026,61.7,BRO (Border Roads Organisation),139782,498524,418.2,high,2021-22
DSR-00851,SEG-0025,D-NL-01,NL,NH-29,landslide,LS-01480,2022-04-25T23:00:00,2022-04-26T00:42:00,1.7,full,major,211,844.6,True,food_grains,True,SEG-0026,61.9,NDRF,165217,2747909,499.0,high,2021-22
DSR-01034,SEG-0013,D-ML-01,ML,NH-6,landslide,LS-01788,2022-04-26T10:00:00,2022-04-26T11:18:00,1.3,partial,minor,66,537.2,False,lpg_cylinders,True,SEG-0012,54.2,BRO (Border Roads Organisation),116430,1170955,18.8,very_high,2021-22
DSR-00997,SEG-0025,D-NL-01,NL,NH-29,landslide,LS-01723,2022-04-28T13:00:00,2022-04-28T16:06:00,3.1,partial,moderate,0,0.0,False,relief_supplies,True,SEG-0021,51.6,State PWD,74521,0,45.9,high,2021-22
DSR-01922,SEG-0015,D-ML-02,ML,NH-6,road_subsidence,,2022-05-01T18:00:00,2022-05-12T11:48:00,257.8,full,major,48,209.2,True,medicines,True,SEG-0016,23.0,BRO (Border Roads Organisation),2992413,282608,322.6,high,2021-22
DSR-01002,SEG-0051,D-SK-02,SK,NH-310,landslide,LS-01730,2022-05-01T19:45:00,2022-05-06T05:33:00,105.8,full,major,101,369.9,False,food_grains,True,SEG-0050,26.9,SDRF,10544333,1536125,389.8,very_high,2021-22
DSR-00866,SEG-0065,D-AR-05,AR,NH-315,landslide,LS-01496,2022-05-02T22:30:00,2022-05-06T09:18:00,82.8,full,major,73,642.7,True,vaccines,True,SEG-0066,91.8,NHIDCL,2299831,1509701,379.9,high,2021-22
DSR-01041,SEG-0068,D-AS-08,AS,NH-27-DH,landslide,LS-01800,2022-05-03T00:30:00,2022-05-29T19:42:00,643.2,full,major,65,390.5,False,food_grains,True,SEG-0069,80.5,NDRF,37589066,1323310,439.7,high,2021-22
DSR-01671,SEG-0005,D-AS-01,AS,NH-27,accident_blockage,,2022-05-03T23:15:00,2022-05-04T20:39:00,21.4,full,moderate,49,134.6,True,agri_produce,True,SEG-0006,50.2,SDRF,567090,330792,16.5,low,2021-22
DSR-00806,SEG-0014,D-ML-01,ML,NH-6,landslide,LS-01399,2022-05-05T00:45:00,2022-05-05T02:27:00,1.7,partial,minor,0,0.0,True,lpg_cylinders,True,SEG-0013,81.1,SDRF,133174,0,61.0,high,2021-22
DSR-00781,SEG-0046,D-WB-01,WB,NH-10,landslide,LS-01350,2022-05-06T04:30:00,2022-05-11T12:54:00,128.4,full,major,45,120.7,True,food_grains,True,SEG-0047,16.0,NDRF,5301001,280335,40.8,very_high,2021-22
DSR-00794,SEG-0035,D-MZ-01,MZ,NH-306,landslide,LS-01379,2022-05-07T03:00:00,2022-05-07T05:30:00,2.5,partial,minor,17,139.1,True,food_grains,True,SEG-0034,73.8,NHIDCL,184630,314656,192.6,high,2021-22
DSR-01892,SEG-0035,D-MZ-01,MZ,NH-306,accident_blockage,,2022-05-07T19:30:00,2022-05-08T18:30:00,23.0,full,moderate,0,0.0,False,relief_supplies,True,SEG-0037,121.7,NDRF,444079,0,46.8,high,2021-22
DSR-01910,SEG-0048,D-SK-01,SK,NH-10,flood,,2022-05-07T21:45:00,2022-05-11T17:21:00,91.6,full,major,34,202.9,False,food_grains,True,SEG-0047,16.7,State PWD,799354,515181,536.2,high,2021-22
DSR-02252,SEG-0026,D-NL-04,NL,NH-29,flood,,2022-05-09T14:45:00,2022-05-11T09:27:00,42.7,full,moderate,58,414.0,False,agri_produce,True,SEG-0025,68.4,NHIDCL,924810,1180249,455.0,high,2021-22
DSR-00831,SEG-0015,D-ML-02,ML,NH-6,landslide,LS-01446,2022-05-09T19:00:00,2022-05-10T08:18:00,13.3,full,moderate,111,972.9,True,relief_supplies,True,SEG-0016,39.4,SDRF,1006127,4458633,249.6,high,2021-22
DSR-01006,SEG-0054,D-SK-03,SK,NH-510,landslide,LS-01744,2022-05-10T08:00:00,2022-05-10T09:00:00,1.0,partial,minor,62,240.0,False,fuel,True,SEG-0055,18.2,NHIDCL,39456,1033488,361.6,high,2021-22
DSR-00773,SEG-0063,D-AR-03,AR,NH-13-W,landslide,LS-01333,2022-05-10T19:00:00,2022-05-10T20:00:00,1.0,partial,minor,25,149.6,False,medicines,True,SEG-0064,124.6,State PWD,37154,652000,24.1,high,2021-22
DSR-01027,SEG-0019,D-ML-03,ML,NH-27-SPUR,landslide,LS-01774,2022-05-12T19:45:00,2022-05-13T00:15:00,4.5,partial,moderate,108,942.7,True,relief_supplies,True,SEG-0020,80.0,BRO (Border Roads Organisation),97830,2000149,644.1,moderate,2021-22
DSR-01989,SEG-0024,D-MN-05,MN,NH-2,fallen_tree,,2022-05-13T09:45:00,2022-05-13T13:27:00,3.7,partial,minor,36,257.3,False,fuel,True,SEG-0032,121.7,NDRF,28213,463079,109.8,high,2021-22
DSR-00918,SEG-0059,D-AR-04,AR,NH-13,landslide,LS-01576,2022-05-14T05:00:00,2022-05-15T09:18:00,28.3,full,moderate,64,408.0,False,lpg_cylinders,True,SEG-0060,70.9,NHIDCL,2171705,1966058,192.8,very_high,2021-22
DSR-01072,SEG-0069,D-AS-07,AS,NH-27-DH,landslide,LS-01849,2022-05-14T20:00:00,2022-05-14T23:12:00,3.2,partial,minor,0,0.0,True,medicines,True,SEG-0068,171.2,NHIDCL,80174,0,193.1,high,2021-22
DSR-01775,SEG-0020,D-ML-04,ML,NH-27-SPUR,fallen_tree,,2022-05-16T01:00:00,2022-05-16T04:06:00,3.1,partial,minor,12,87.0,True,fuel,True,SEG-0019,106.8,NHIDCL,132314,257335,166.7,moderate,2021-22
DSR-00952,SEG-0047,D-SK-01,SK,NH-10,landslide,LS-01645,2022-05-16T07:00:00,2022-05-16T08:00:00,1.0,partial,minor,10,71.9,False,medicines,True,SEG-0048,18.4,NDRF,29573,155454,118.3,high,2021-22
DSR-02009,SEG-0063,D-AR-03,AR,NH-13-W,flood,,2022-05-16T13:45:00,2022-05-21T21:51:00,128.1,full,major,8,51.9,True,fuel,True,SEG-0064,139.0,BRO (Border Roads Organisation),2885024,95814,537.2,high,2021-22
DSR-01035,SEG-0028,D-MN-01,MN,NH-37,landslide,LS-01789,2022-05-19T06:45:00,2022-05-19T08:39:00,1.9,partial,minor,0,0.0,False,fuel,True,SEG-0024,93.5,NHIDCL,161469,0,64.2,high,2021-22
DSR-00947,SEG-0013,D-ML-01,ML,NH-6,landslide,LS-01638,2022-05-19T16:15:00,2022-05-19T17:15:00,1.0,partial,minor,31,274.9,False,agri_produce,True,SEG-0014,84.6,BRO (Border Roads Organisation),58520,485802,645.0,very_high,2021-22
DSR-00906,SEG-0015,D-ML-02,ML,NH-6,landslide,LS-01558,2022-05-20T03:15:00,2022-05-20T05:33:00,2.3,partial,moderate,85,361.1,False,medicines,True,SEG-0014,86.1,NDRF,161384,1501895,535.2,high,2021-22
DSR-00733,SEG-0048,D-SK-01,SK,NH-10,landslide,LS-01266,2022-05-20T09:45:00,2022-05-28T16:45:00,199.0,full,major,76,245.8,False,agri_produce,True,SEG-0049,27.1,State PWD,12544459,897649,125.2,high,2021-22
DSR-00973,SEG-0019,D-ML-03,ML,NH-27-SPUR,landslide,LS-01679,2022-05-20T20:30:00,2022-05-20T21:30:00,1.0,partial,minor,61,433.1,False,relief_supplies,True,SEG-0020,81.6,NHIDCL,94482,1249245,534.3,moderate,2021-22
DSR-00777,SEG-0035,D-MZ-01,MZ,NH-306,landslide,LS-01338,2022-05-21T18:45:00,2022-05-23T12:51:00,42.1,full,moderate,89,438.8,False,lpg_cylinders,True,SEG-0034,120.3,NHIDCL,5978291,960002,68.5,high,2021-22
DSR-00923,SEG-0053,D-SK-03,SK,NH-510,landslide,LS-01586,2022-05-23T00:45:00,2022-05-25T07:15:00,54.5,full,moderate,0,0.0,True,fuel,True,SEG-0052,62.4,NDRF,3169773,0,169.6,high,2021-22
DSR-00954,SEG-0015,D-ML-02,ML,NH-6,landslide,LS-01648,2022-05-25T10:45:00,2022-05-25T23:57:00,13.2,full,moderate,55,292.4,True,lpg_cylinders,True,SEG-0016,29.3,NHIDCL,817490,738341,754.8,high,2021-22
DSR-00752,SEG-0053,D-SK-03,SK,NH-510,landslide,LS-01296,2022-05-25T13:30:00,2022-05-25T15:00:00,1.5,partial,minor,50,165.5,False,fuel,True,SEG-0054,21.7,SDRF,54410,676243,398.3,high,2021-22
DSR-00926,SEG-0035,D-MZ-01,MZ,NH-306,landslide,LS-01593,2022-05-25T21:00:00,2022-05-25T22:00:00,1.0,partial,minor,13,76.6,True,agri_produce,True,SEG-0037,108.8,State PWD,77356,373962,168.5,high,2021-22
DSR-00754,SEG-0014,D-ML-01,ML,NH-6,landslide,LS-01298,2022-05-26T00:45:00,2022-05-26T05:51:00,5.1,partial,moderate,23,143.5,True,construction_material,True,SEG-0015,165.9,SDRF,623716,322953,605.0,high,2021-22
DSR-00769,SEG-0035,D-MZ-01,MZ,NH-306,landslide,LS-01326,2022-05-27T12:15:00,2022-05-27T13:45:00,1.5,partial,minor,48,307.2,False,medicines,True,SEG-0036,54.1,SDRF,56141,853089,112.6,high,2021-22
DSR-00869,SEG-0013,D-ML-01,ML,NH-6,landslide,LS-01501,2022-06-01T14:45:00,2022-06-01T18:39:00,3.9,partial,minor,114,367.7,True,food_grains,True,SEG-0012,36.1,State PWD,199551,1419171,897.9,very_high,2021-22
DSR-01065,SEG-0047,D-SK-01,SK,NH-10,landslide,LS-01837,2022-06-01T20:45:00,2022-06-02T13:27:00,16.7,full,moderate,24,118.2,True,relief_supplies,True,SEG-0048,26.7,BRO (Border Roads Organisation),2199981,293540,62.3,high,2021-22
DSR-00914,SEG-0064,D-AR-03,AR,NH-13-W,landslide,LS-01567,2022-06-01T21:00:00,2022-06-02T03:18:00,6.3,partial,moderate,18,93.2,False,construction_material,True,SEG-0063,86.6,SDRF,749700,170702,65.8,very_high,2021-22
DSR-01666,SEG-0070,D-AS-02,AS,NH-36,protest_blockade,,2022-06-01T22:00:00,2022-06-02T16:48:00,18.8,full,moderate,38,106.9,True,agri_produce,True,SEG-0006,48.2,SDRF,392813,282023,194.6,low,2021-22
DSR-01011,SEG-0020,D-ML-04,ML,NH-27-SPUR,landslide,LS-01750,2022-06-02T05:15:00,2022-06-02T06:15:00,1.0,partial,minor,0,0.0,True,agri_produce,True,SEG-0019,99.3,State PWD,43853,0,72.2,moderate,2021-22
DSR-01855,SEG-0001,D-WB-01,WB,NH-27,protest_blockade,,2022-06-02T14:00:00,2022-06-03T01:18:00,11.3,partial,moderate,17,86.6,False,lpg_cylinders,True,SEG-0046,92.6,NHIDCL,270792,391738,87.3,low,2021-22
DSR-01941,SEG-0025,D-NL-01,NL,NH-29,flood,,2022-06-03T03:15:00,2022-06-11T19:09:00,207.9,full,major,92,560.2,False,medicines,True,SEG-0022,35.2,SDRF,6659884,1422975,614.9,high,2021-22
DSR-00960,SEG-0015,D-ML-02,ML,NH-6,landslide,LS-01657,2022-06-03T14:45:00,2022-06-05T04:39:00,37.9,full,moderate,114,398.6,True,medicines,True,SEG-0016,49.5,NDRF,1190759,933642,17.7,high,2021-22
DSR-01085,SEG-0046,D-WB-01,WB,NH-10,landslide,LS-01867,2022-06-04T16:45:00,2022-06-04T17:45:00,1.0,partial,minor,43,141.9,True,fuel,True,SEG-0001,481.7,NHIDCL,87548,474075,94.3,very_high,2021-22
DSR-00939,SEG-0071,D-AS-08,AS,NH-36,landslide,LS-01620,2022-06-04T17:30:00,2022-06-04T23:48:00,6.3,partial,moderate,0,0.0,False,food_grains,True,SEG-0070,194.8,NHIDCL,229575,0,502.5,moderate,2021-22
DSR-01939,SEG-0045,D-AS-12,AS,NH-8,protest_blockade,,2022-06-04T18:30:00,2022-06-05T00:12:00,5.7,partial,minor,50,308.2,False,construction_material,True,SEG-0016,34.1,SDRF,102871,537446,155.5,low,2021-22
DSR-00828,SEG-0024,D-MN-05,MN,NH-2,landslide,LS-01442,2022-06-05T12:00:00,2022-06-05T14:12:00,2.2,full,major,0,0.0,True,agri_produce,True,SEG-0028,70.8,NDRF,101758,0,221.7,high,2021-22
DSR-00756,SEG-0015,D-ML-02,ML,NH-6,landslide,LS-01301,2022-06-06T01:30:00,2022-06-08T22:48:00,69.3,full,major,35,248.9,True,medicines,True,SEG-0045,42.3,NHIDCL,8325092,1129469,120.4,high,2021-22
DSR-00901,SEG-0014,D-ML-01,ML,NH-6,landslide,LS-01552,2022-06-06T11:00:00,2022-06-06T12:00:00,1.0,partial,minor,0,0.0,True,fuel,True,SEG-0015,140.2,NHIDCL,43729,0,507.0,high,2021-22
DSR-01020,SEG-0061,D-AR-06,AR,NH-13,landslide,LS-01764,2022-06-06T14:00:00,2022-06-06T15:54:00,1.9,partial,minor,14,103.6,False,food_grains,True,SEG-0060,109.3,SDRF,161907,160734,455.9,high,2021-22
DSR-00970,SEG-0063,D-AR-03,AR,NH-13-W,landslide,LS-01674,2022-06-07T03:15:00,2022-06-08T01:51:00,22.6,full,moderate,53,170.4,True,medicines,True,SEG-0064,126.6,BRO (Border Roads Organisation),1284816,555816,495.4,high,2021-22
DSR-01094,SEG-0064,D-AR-03,AR,NH-13-W,landslide,LS-01883,2022-06-07T04:15:00,2022-06-10T13:27:00,81.2,full,major,162,1190.9,False,relief_supplies,True,SEG-0063,81.2,BRO (Border Roads Organisation),4455169,5612054,486.7,very_high,2021-22
DSR-00771,SEG-0039,D-TR-01,TR,NH-8,landslide,LS-01330,2022-06-07T05:30:00,2022-06-07T08:00:00,2.5,partial,minor,3,10.0,False,agri_produce,True,SEG-0040,73.5,BRO (Border Roads Organisation),120907,30535,442.9,moderate,2021-22
DSR-01820,SEG-0043,D-TR-02,TR,NH-8,flood,,2022-06-07T09:15:00,2022-06-17T09:09:00,239.9,full,major,72,334.9,False,agri_produce,True,SEG-0044,111.8,SDRF,3273037,785041,216.7,moderate,2021-22
DSR-01998,SEG-0029,D-MN-04,MN,NH-37,flood,,2022-06-08T05:00:00,2022-06-16T16:30:00,203.5,full,major,8,32.0,True,relief_supplies,True,SEG-0028,92.3,BRO (Border Roads Organisation),7665150,68076,595.9,moderate,2021-22
DSR-00749,SEG-0035,D-MZ-01,MZ,NH-306,landslide,LS-01292,2022-06-09T09:45:00,2022-06-13T08:45:00,95.0,full,major,78,624.9,False,construction_material,True,SEG-0036,83.7,NDRF,9772207,2965231,227.1,high,2021-22
DSR-00791,SEG-0049,D-SK-01,SK,NH-310,landslide,LS-01366,2022-06-09T10:45:00,2022-06-09T11:45:00,1.0,partial,minor,0,0.0,False,construction_material,True,SEG-0050,20.8,NHIDCL,71893,0,41.1,high,2021-22
DSR-00919,SEG-0068,D-AS-08,AS,NH-27-DH,landslide,LS-01578,2022-06-09T15:00:00,2022-06-09T22:30:00,7.5,partial,moderate,0,0.0,False,construction_material,True,SEG-0069,72.5,NDRF,152642,0,472.5,high,2021-22
DSR-02238,SEG-0060,D-AR-06,AR,NH-13,protest_blockade,,2022-06-09T15:00:00,2022-06-09T18:54:00,3.9,partial,minor,0,0.0,False,medicines,True,SEG-0061,122.1,NHIDCL,99461,0,8.5,very_high,2021-22
DSR-01051,SEG-0013,D-ML-01,ML,NH-6,landslide,LS-01817,2022-06-09T18:00:00,2022-06-09T21:06:00,3.1,partial,minor,0,0.0,True,vaccines,True,SEG-0012,55.6,NDRF,238753,0,766.8,very_high,2021-22
DSR-00832,SEG-0064,D-AR-03,AR,NH-13-W,landslide,LS-01447,2022-06-10T14:45:00,2022-06-11T15:33:00,24.8,full,moderate,42,323.6,False,relief_supplies,True,SEG-0063,78.1,NHIDCL,2350658,529030,316.3,very_high,2021-22
DSR-00895,SEG-0054,D-SK-03,SK,NH-510,landslide,LS-01544,2022-06-10T19:30:00,2022-06-11T03:24:00,7.9,partial,moderate,33,194.3,True,fuel,True,SEG-0055,24.4,State PWD,269941,634329,149.3,high,2021-22
DSR-00805,SEG-0022,D-NL-01,NL,NH-2,landslide,LS-01398,2022-06-11T11:15:00,2022-06-11T14:27:00,3.2,partial,minor,4,29.0,False,fuel,True,SEG-0023,65.0,NDRF,331567,59695,394.6,high,2021-22
DSR-02036,SEG-0002,D-AS-10,AS,NH-27,flood,,2022-06-12T07:00:00,2022-06-22T04:12:00,237.2,full,major,37,220.8,False,medicines,True,SEG-0003,114.1,BRO (Border Roads Organisation),3093542,701945,659.1,low,2021-22
DSR-00732,SEG-0051,D-SK-02,SK,NH-310,landslide,LS-01260,2022-06-12T07:30:00,2022-06-12T08:30:00,1.0,partial,minor,51,453.4,False,medicines,True,SEG-0050,27.5,BRO (Border Roads Organisation),98974,434309,347.8,very_high,2021-22
DSR-00789,SEG-0060,D-AR-06,AR,NH-13,landslide,LS-01362,2022-06-13T03:30:00,2022-06-13T08:12:00,4.7,partial,minor,59,310.3,False,agri_produce,True,SEG-0059,87.6,BRO (Border Roads Organisation),265008,766521,375.3,very_high,2021-22
DSR-02039,SEG-0071,D-AS-08,AS,NH-36,flood,,2022-06-13T14:30:00,2022-06-21T06:36:00,184.1,full,major,65,301.9,False,medicines,True,SEG-0021,82.4,SDRF,6337353,1167336,572.2,moderate,2021-22
DSR-00717,SEG-0060,D-AR-06,AR,NH-13,landslide,LS-01236,2022-06-13T15:00:00,2022-06-14T10:24:00,19.4,full,moderate,119,843.1,False,construction_material,True,SEG-0061,88.9,NDRF,2132189,2450871,570.5,very_high,2021-22
DSR-01920,SEG-0063,D-AR-03,AR,NH-13-W,flood,,2022-06-13T21:30:00,2022-06-15T04:36:00,31.1,full,moderate,9,70.7,False,lpg_cylinders,True,SEG-0064,150.4,NHIDCL,313564,321446,490.1,high,2021-22
DSR-01052,SEG-0049,D-SK-01,SK,NH-310,landslide,LS-01819,2022-06-14T08:00:00,2022-06-16T01:54:00,41.9,full,moderate,83,505.3,True,relief_supplies,True,SEG-0048,26.7,State PWD,873306,2029022,96.7,high,2021-22
DSR-00955,SEG-0017,D-AS-01,AS,NH-27-SPUR,landslide,LS-01649,2022-06-17T08:00:00,2022-06-17T18:18:00,10.3,partial,moderate,32,111.7,True,construction_material,True,SEG-0012,57.6,NDRF,411332,432935,553.8,low,2021-22
DSR-00887,SEG-0062,D-AS-09,AS,NH-13-W,landslide,LS-01530,2022-06-17T17:15:00,2022-06-17T22:45:00,5.5,partial,minor,15,43.7,True,food_grains,True,SEG-0063,72.7,State PWD,244512,124376,346.0,high,2021-22
DSR-00809,SEG-0014,D-ML-01,ML,NH-6,landslide,LS-01404,2022-06-18T11:45:00,2022-06-18T12:45:00,1.0,partial,minor,53,375.0,True,construction_material,True,SEG-0013,86.2,SDRF,59003,1244387,844.1,high,2021-22
DSR-00821,SEG-0065,D-AR-05,AR,NH-315,landslide,LS-01426,2022-06-18T15:15:00,2022-06-24T02:33:00,131.3,full,major,118,922.5,False,relief_supplies,True,SEG-0061,121.8,NDRF,3828171,1720980,98.6,high,2021-22
DSR-01858,SEG-0061,D-AR-06,AR,NH-13,flood,,2022-06-18T21:15:00,2022-06-19T09:27:00,12.2,full,moderate,29,193.1,False,food_grains,True,SEG-0060,139.2,NHIDCL,409730,515435,489.6,high,2021-22
DSR-00857,SEG-0029,D-MN-04,MN,NH-37,landslide,LS-01486,2022-06-19T09:30:00,2022-06-19T10:30:00,1.0,partial,minor,0,0.0,False,lpg_cylinders,True,SEG-0028,55.9,NDRF,142295,0,554.7,moderate,2021-22
DSR-00967,SEG-0014,D-ML-01,ML,NH-6,landslide,LS-01666,2022-06-19T14:15:00,2022-06-19T16:09:00,1.9,partial,minor,35,196.3,True,fuel,True,SEG-0013,65.6,NHIDCL,218489,289024,77.9,high,2021-22
DSR-00795,SEG-0068,D-AS-08,AS,NH-27-DH,landslide,LS-01381,2022-06-19T18:00:00,2022-06-29T01:18:00,223.3,full,major,0,0.0,False,food_grains,True,SEG-0069,109.0,State PWD,7568355,0,333.2,high,2021-22
DSR-01019,SEG-0013,D-ML-01,ML,NH-6,landslide,LS-01761,2022-06-19T22:30:00,2022-06-20T04:36:00,6.1,partial,moderate,84,599.6,False,lpg_cylinders,True,SEG-0012,61.3,BRO (Border Roads Organisation),345332,819288,868.4,very_high,2021-22
DSR-01082,SEG-0064,D-AR-03,AR,NH-13-W,landslide,LS-01863,2022-06-20T02:00:00,2022-06-20T07:12:00,5.2,partial,minor,0,0.0,False,food_grains,True,SEG-0063,83.4,SDRF,484246,0,174.5,very_high,2021-22
DSR-00798,SEG-0068,D-AS-08,AS,NH-27-DH,landslide,LS-01386,2022-06-20T05:00:00,2022-06-20T09:54:00,4.9,partial,minor,3,19.5,True,construction_material,True,SEG-0069,64.8,NHIDCL,122402,70340,488.1,high,2021-22
DSR-02166,SEG-0035,D-MZ-01,MZ,NH-306,road_subsidence,,2022-06-20T08:30:00,2022-06-24T00:54:00,88.4,full,major,55,282.1,False,construction_material,True,SEG-0036,104.5,State PWD,2258288,684852,381.4,high,2021-22
DSR-00884,SEG-0052,D-SK-01,SK,NH-510,landslide,LS-01525,2022-06-20T10:00:00,2022-06-20T13:36:00,3.6,partial,minor,46,192.5,False,construction_material,True,SEG-0048,24.3,NDRF,227493,696549,428.6,very_high,2021-22
DSR-01037,SEG-0021,D-NL-02,NL,NH-2,landslide,LS-01792,2022-06-21T10:30:00,2022-06-21T15:00:00,4.5,partial,moderate,0,0.0,False,vaccines,True,SEG-0071,67.3,NHIDCL,112265,0,110.8,high,2021-22
DSR-01629,SEG-0058,D-AR-01,AR,NH-13,accident_blockage,,2022-06-21T14:00:00,2022-06-22T07:18:00,17.3,full,moderate,66,352.6,True,medicines,True,SEG-0059,83.5,SDRF,448361,1083045,31.1,high,2021-22
DSR-00988,SEG-0013,D-ML-01,ML,NH-6,landslide,LS-01709,2022-06-22T02:45:00,2022-06-22T03:45:00,1.0,partial,minor,33,208.5,True,vaccines,True,SEG-0014,64.0,NDRF,92500,374759,443.1,very_high,2021-22
DSR-01101,SEG-0050,D-SK-02,SK,NH-310,landslide,LS-01899,2022-06-22T06:00:00,2022-06-23T06:36:00,24.6,full,moderate,24,140.6,False,agri_produce,True,SEG-0051,34.0,NDRF,3050553,402303,323.1,very_high,2021-22
DSR-02042,SEG-0006,D-AS-02,AS,NH-27,bridge_damage,,2022-06-23T05:30:00,2022-07-22T19:30:00,710.0,full,major,111,320.4,True,lpg_cylinders,True,SEG-0007,272.6,State PWD,25605686,1112716,341.8,low,2021-22
DSR-02075,SEG-0048,D-SK-01,SK,NH-10,bridge_damage,,2022-06-23T07:15:00,2022-07-20T19:57:00,660.7,full,major,28,197.9,False,construction_material,True,SEG-0052,54.0,State PWD,24298216,596583,125.0,high,2021-22
DSR-01845,SEG-0048,D-SK-01,SK,NH-10,bridge_damage,,2022-06-23T19:15:00,2022-07-19T16:15:00,621.0,full,major,34,192.9,False,medicines,True,SEG-0049,40.1,SDRF,15207729,386002,277.0,high,2021-22
DSR-01093,SEG-0046,D-WB-01,WB,NH-10,landslide,LS-01882,2022-06-23T20:45:00,2022-06-24T05:57:00,9.2,partial,moderate,25,146.3,False,vaccines,True,SEG-0047,12.5,SDRF,247032,619788,511.8,very_high,2021-22
DSR-01059,SEG-0052,D-SK-01,SK,NH-510,landslide,LS-01829,2022-06-26T00:00:00,2022-06-30T21:24:00,117.4,full,major,76,204.0,True,lpg_cylinders,True,SEG-0049,50.9,BRO (Border Roads Organisation),1115223,891294,128.7,very_high,2021-22
DSR-00957,SEG-0023,D-MN-05,MN,NH-2,landslide,LS-01652,2022-06-26T21:00:00,2022-06-27T10:30:00,13.5,full,moderate,146,506.0,False,vaccines,True,SEG-0024,129.5,State PWD,1304464,2352007,458.7,moderate,2021-22
DSR-00770,SEG-0015,D-ML-02,ML,NH-6,landslide,LS-01328,2022-06-27T09:30:00,2022-06-27T12:00:00,2.5,partial,moderate,2,10.4,True,vaccines,True,SEG-0016,24.5,SDRF,107014,33793,82.5,high,2021-22
DSR-01890,SEG-0012,D-AS-01,AS,NH-6,accident_blockage,,2022-06-27T10:15:00,2022-06-27T20:21:00,10.1,partial,moderate,64,404.6,False,food_grains,True,SEG-0017,238.0,NHIDCL,492626,960771,29.3,high,2021-22
DSR-00808,SEG-0026,D-NL-04,NL,NH-29,landslide,LS-01403,2022-06-28T09:15:00,2022-06-28T10:15:00,1.0,full,major,57,145.4,False,construction_material,True,SEG-0027,79.2,NHIDCL,79735,484545,607.3,high,2021-22
DSR-00748,SEG-0048,D-SK-01,SK,NH-10,landslide,LS-01291,2022-07-01T11:30:00,2022-07-01T12:30:00,1.0,partial,minor,47,148.8,True,lpg_cylinders,True,SEG-0047,14.9,State PWD,40724,200673,95.2,high,2021-22
DSR-01720,SEG-0027,D-NL-03,NL,NH-29,fallen_tree,,2022-07-01T18:15:00,2022-07-01T22:03:00,3.8,partial,minor,0,0.0,True,relief_supplies,True,SEG-0026,44.7,NDRF,159378,0,64.1,high,2021-22
DSR-00888,SEG-0051,D-SK-02,SK,NH-310,landslide,LS-01532,2022-07-03T00:45:00,2022-07-03T03:33:00,2.8,partial,minor,8,41.9,False,fuel,True,SEG-0050,36.5,NHIDCL,246039,115906,548.7,very_high,2021-22
DSR-02208,SEG-0047,D-SK-01,SK,NH-10,flood,,2022-07-03T03:30:00,2022-07-08T19:36:00,136.1,full,major,111,802.1,False,construction_material,True,SEG-0046,116.8,SDRF,5077069,1629722,375.0,high,2021-22
DSR-00707,SEG-0059,D-AR-04,AR,NH-13,landslide,LS-01216,2022-07-04T03:00:00,2022-07-04T04:36:00,1.6,partial,minor,92,299.5,False,food_grains,True,SEG-0060,150.2,BRO (Border Roads Organisation),225271,1176617,118.7,very_high,2021-22
DSR-00982,SEG-0043,D-TR-02,TR,NH-8,landslide,LS-01701,2022-07-04T03:15:00,2022-07-04T04:15:00,1.0,partial,minor,0,0.0,False,agri_produce,True,SEG-0042,24.9,State PWD,51341,0,459.3,moderate,2021-22
DSR-00892,SEG-0058,D-AR-01,AR,NH-13,landslide,LS-01540,2022-07-05T07:15:00,2022-07-06T13:33:00,30.3,full,moderate,122,1072.2,False,medicines,True,SEG-0059,123.8,NHIDCL,4052239,3834394,168.7,high,2021-22
DSR-02133,SEG-0023,D-MN-05,MN,NH-2,flood,,2022-07-05T12:30:00,2022-07-10T04:54:00,112.4,full,major,54,307.1,False,vaccines,True,SEG-0022,47.5,NDRF,5139540,633523,628.4,moderate,2021-22
DSR-00856,SEG-0013,D-ML-01,ML,NH-6,landslide,LS-01485,2022-07-05T16:30:00,2022-07-05T21:12:00,4.7,partial,moderate,0,0.0,True,agri_produce,True,SEG-0012,64.7,BRO (Border Roads Organisation),105230,0,612.9,very_high,2021-22
DSR-00812,SEG-0046,D-WB-01,WB,NH-10,landslide,LS-01407,2022-07-05T17:30:00,2022-07-05T18:30:00,1.0,partial,minor,31,107.9,False,medicines,True,SEG-0047,17.4,BRO (Border Roads Organisation),111650,384644,112.8,very_high,2021-22
DSR-00948,SEG-0012,D-AS-01,AS,NH-6,landslide,LS-01641,2022-07-06T06:15:00,2022-07-06T07:15:00,1.0,partial,minor,48,322.8,True,lpg_cylinders,True,SEG-0005,219.4,SDRF,29716,540831,75.5,high,2021-22
DSR-01018,SEG-0051,D-SK-02,SK,NH-310,landslide,LS-01760,2022-07-06T23:30:00,2022-07-07T01:00:00,1.5,partial,minor,38,225.9,True,agri_produce,True,SEG-0050,23.8,BRO (Border Roads Organisation),142209,928820,34.1,very_high,2021-22
DSR-00863,SEG-0022,D-NL-01,NL,NH-2,landslide,LS-01492,2022-07-07T02:45:00,2022-07-07T03:45:00,1.0,partial,minor,12,87.8,False,fuel,True,SEG-0021,90.4,State PWD,123387,173856,490.7,high,2021-22
DSR-02303,SEG-0038,D-TR-04,TR,NH-8,flood,,2022-07-07T10:30:00,2022-07-10T00:06:00,61.6,full,moderate,35,157.6,True,agri_produce,True,SEG-0039,91.9,SDRF,2617572,688530,339.8,very_low,2021-22
DSR-00881,SEG-0055,D-SK-04,SK,NH-510,landslide,LS-01520,2022-07-07T18:30:00,2022-07-07T22:06:00,3.6,partial,minor,0,0.0,True,medicines,True,SEG-0054,34.4,State PWD,56449,0,146.9,very_high,2021-22
DSR-00965,SEG-0019,D-ML-03,ML,NH-27-SPUR,landslide,LS-01663,2022-07-08T19:30:00,2022-07-08T23:24:00,3.9,partial,moderate,39,183.5,True,food_grains,True,SEG-0018,170.1,SDRF,215821,676393,446.2,moderate,2021-22
DSR-01799,SEG-0009,D-AS-03,AS,NH-27,flood,,2022-07-08T20:00:00,2022-07-17T04:42:00,200.7,full,major,67,302.3,False,food_grains,True,SEG-0008,81.6,BRO (Border Roads Organisation),5010912,503268,683.7,low,2021-22
DSR-01048,SEG-0064,D-AR-03,AR,NH-13-W,landslide,LS-01814,2022-07-09T08:45:00,2022-07-09T10:45:00,2.0,partial,minor,39,124.7,False,vaccines,True,SEG-0063,78.2,NDRF,111258,644025,34.9,very_high,2021-22
DSR-00759,SEG-0029,D-MN-04,MN,NH-37,landslide,LS-01305,2022-07-10T18:45:00,2022-07-11T06:51:00,12.1,full,moderate,25,211.3,False,construction_material,True,SEG-0028,51.9,NDRF,691945,396236,85.3,moderate,2021-22
DSR-01014,SEG-0013,D-ML-01,ML,NH-6,landslide,LS-01753,2022-07-11T03:15:00,2022-07-11T05:09:00,1.9,partial,minor,72,221.0,True,relief_supplies,True,SEG-0014,42.7,State PWD,57284,1062319,98.7,very_high,2021-22
DSR-00979,SEG-0023,D-MN-05,MN,NH-2,landslide,LS-01695,2022-07-11T08:45:00,2022-07-11T10:45:00,2.0,partial,minor,91,407.0,False,medicines,True,SEG-0024,81.5,NHIDCL,267412,1160220,604.3,moderate,2021-22
DSR-00999,SEG-0025,D-NL-01,NL,NH-29,landslide,LS-01726,2022-07-12T11:45:00,2022-07-12T19:09:00,7.4,partial,moderate,0,0.0,False,relief_supplies,True,SEG-0021,113.5,SDRF,164632,0,116.7,high,2021-22
DSR-00830,SEG-0071,D-AS-08,AS,NH-36,landslide,LS-01444,2022-07-12T19:00:00,2022-07-12T21:54:00,2.9,full,major,44,291.7,False,vaccines,True,SEG-0021,68.2,State PWD,35737,397751,0.9,moderate,2021-22
DSR-00836,SEG-0013,D-ML-01,ML,NH-6,landslide,LS-01456,2022-07-14T02:00:00,2022-07-14T03:00:00,1.0,partial,minor,14,84.6,False,relief_supplies,True,SEG-0014,67.1,NDRF,55375,289504,60.2,very_high,2021-22
DSR-00835,SEG-0062,D-AS-09,AS,NH-13-W,landslide,LS-01451,2022-07-15T18:30:00,2022-07-25T04:42:00,226.2,full,major,117,970.8,True,construction_material,True,SEG-0007,204.8,State PWD,14202856,4131608,86.1,high,2021-22
DSR-00915,SEG-0055,D-SK-04,SK,NH-510,landslide,LS-01568,2022-07-16T07:00:00,2022-07-16T13:00:00,6.0,partial,minor,52,186.9,False,lpg_cylinders,True,SEG-0054,40.1,SDRF,345015,339745,150.4,very_high,2021-22
DSR-00946,SEG-0037,D-MZ-01,MZ,NH-302,landslide,LS-01637,2022-07-16T07:30:00,2022-07-17T01:36:00,18.1,full,moderate,32,257.8,False,food_grains,True,SEG-0035,122.6,NHIDCL,759720,586919,409.4,high,2021-22
DSR-00767,SEG-0061,D-AR-06,AR,NH-13,landslide,LS-01321,2022-07-16T08:00:00,2022-07-16T09:36:00,1.6,partial,minor,0,0.0,False,construction_material,True,SEG-0065,73.5,BRO (Border Roads Organisation),82272,0,290.2,high,2021-22
DSR-00826,SEG-0024,D-MN-05,MN,NH-2,landslide,LS-01437,2022-07-16T23:30:00,2022-07-17T03:24:00,3.9,partial,moderate,0,0.0,False,fuel,True,SEG-0023,46.4,SDRF,141593,0,76.9,high,2021-22
DSR-00896,SEG-0023,D-MN-05,MN,NH-2,landslide,LS-01545,2022-07-17T04:00:00,2022-07-17T05:42:00,1.7,partial,minor,6,22.6,False,relief_supplies,True,SEG-0022,41.4,SDRF,68650,74991,528.9,moderate,2021-22
DSR-01096,SEG-0032,D-MN-01,MN,NH-2-S,landslide,LS-01886,2022-07-17T23:30:00,2022-07-21T08:18:00,80.8,full,major,107,350.1,True,food_grains,True,SEG-0024,114.5,SDRF,3372352,1128108,374.8,high,2021-22
DSR-00871,SEG-0054,D-SK-03,SK,NH-510,landslide,LS-01506,2022-07-19T06:30:00,2022-07-21T22:00:00,63.5,full,moderate,0,0.0,True,fuel,True,SEG-0055,24.1,NHIDCL,2898236,0,415.9,high,2021-22
DSR-00944,SEG-0062,D-AS-09,AS,NH-13-W,landslide,LS-01634,2022-07-19T08:00:00,2022-07-19T09:12:00,1.2,partial,minor,0,0.0,True,fuel,True,SEG-0006,61.0,BRO (Border Roads Organisation),60248,0,473.7,high,2021-22
DSR-00702,SEG-0062,D-AS-09,AS,NH-13-W,landslide,LS-01209,2022-07-19T19:45:00,2022-07-20T00:15:00,4.5,partial,minor,49,340.7,True,construction_material,True,SEG-0063,42.4,SDRF,498693,687821,541.3,high,2021-22
DSR-00870,SEG-0046,D-WB-01,WB,NH-10,landslide,LS-01505,2022-07-20T08:30:00,2022-07-20T15:24:00,6.9,partial,moderate,70,537.0,True,lpg_cylinders,True,SEG-0047,16.1,State PWD,743031,1918627,396.5,very_high,2021-22
DSR-00904,SEG-0060,D-AR-06,AR,NH-13,landslide,LS-01556,2022-07-20T14:15:00,2022-07-20T15:15:00,1.0,partial,minor,3,12.6,False,agri_produce,True,SEG-0059,89.6,State PWD,35731,54559,415.1,very_high,2021-22
DSR-01032,SEG-0047,D-SK-01,SK,NH-10,landslide,LS-01786,2022-07-20T18:45:00,2022-07-20T22:09:00,3.4,partial,minor,75,658.3,False,vaccines,True,SEG-0046,94.0,State PWD,273629,1613017,174.5,high,2021-22
DSR-01981,SEG-0021,D-NL-02,NL,NH-2,protest_blockade,,2022-07-21T04:00:00,2022-07-22T03:54:00,23.9,full,moderate,1,4.4,False,fuel,True,SEG-0022,36.2,BRO (Border Roads Organisation),994217,7445,83.4,high,2021-22
DSR-00956,SEG-0062,D-AS-09,AS,NH-13-W,landslide,LS-01651,2022-07-21T07:45:00,2022-07-21T08:45:00,1.0,partial,minor,109,857.7,False,fuel,True,SEG-0056,168.7,State PWD,89387,2056746,578.9,high,2021-22
DSR-01031,SEG-0060,D-AR-06,AR,NH-13,landslide,LS-01784,2022-07-21T22:00:00,2022-07-23T00:12:00,26.2,full,moderate,0,0.0,False,construction_material,True,SEG-0061,99.5,BRO (Border Roads Organisation),3187510,0,32.6,very_high,2021-22
DSR-01039,SEG-0050,D-SK-02,SK,NH-310,landslide,LS-01794,2022-07-22T10:15:00,2022-07-22T13:15:00,3.0,partial,minor,48,298.1,False,agri_produce,True,SEG-0049,30.2,NHIDCL,222298,1282128,487.9,very_high,2021-22
DSR-02296,SEG-0030,D-MN-04,MN,NH-37,road_subsidence,,2022-07-22T14:45:00,2022-07-27T11:57:00,117.2,full,major,54,479.7,False,construction_material,True,SEG-0016,43.2,SDRF,5697590,1555391,288.1,moderate,2021-22
DSR-00715,SEG-0026,D-NL-04,NL,NH-29,landslide,LS-01231,2022-07-22T18:30:00,2022-07-22T19:30:00,1.0,partial,minor,13,48.0,False,relief_supplies,True,SEG-0025,97.9,NHIDCL,31295,78174,259.7,high,2021-22
DSR-01636,SEG-0034,D-MZ-04,MZ,NH-306,fallen_tree,,2022-07-22T19:15:00,2022-07-23T04:03:00,8.8,partial,moderate,25,96.7,True,food_grains,True,SEG-0033,135.5,NDRF,132852,411488,138.6,high,2021-22
DSR-00858,SEG-0027,D-NL-03,NL,NH-29,landslide,LS-01487,2022-07-23T22:15:00,2022-07-25T02:33:00,28.3,full,catastrophic,52,443.9,True,agri_produce,True,SEG-0026,67.7,SDRF,2803873,1454420,146.5,high,2021-22
DSR-00893,SEG-0015,D-ML-02,ML,NH-6,landslide,LS-01542,2022-07-24T04:00:00,2022-07-24T05:36:00,1.6,partial,minor,47,402.3,True,food_grains,True,SEG-0014,41.0,SDRF,135023,1398434,861.5,high,2021-22
DSR-00853,SEG-0047,D-SK-01,SK,NH-10,landslide,LS-01482,2022-07-24T04:15:00,2022-07-24T05:15:00,1.0,partial,minor,12,72.1,True,medicines,True,SEG-0046,108.9,BRO (Border Roads Organisation),68069,181244,37.0,high,2021-22
DSR-00820,SEG-0022,D-NL-01,NL,NH-2,landslide,LS-01425,2022-07-26T01:15:00,2022-07-28T06:33:00,53.3,full,moderate,108,739.7,False,construction_material,True,SEG-0021,116.5,NHIDCL,3105326,973957,439.5,high,2021-22
DSR-00751,SEG-0035,D-MZ-01,MZ,NH-306,landslide,LS-01295,2022-07-26T19:00:00,2022-07-26T23:42:00,4.7,partial,minor,4,14.9,False,agri_produce,True,SEG-0034,120.3,State PWD,520273,63710,482.8,high,2021-22
DSR-02215,SEG-0051,D-SK-02,SK,NH-310,flood,,2022-07-27T06:00:00,2022-08-05T04:12:00,214.2,full,major,0,0.0,False,fuel,True,SEG-0050,25.3,SDRF,5557380,0,368.4,very_high,2021-22
DSR-00848,SEG-0051,D-SK-02,SK,NH-310,landslide,LS-01477,2022-07-28T12:00:00,2022-07-28T21:30:00,9.5,partial,moderate,0,0.0,False,construction_material,True,SEG-0050,18.1,SDRF,226539,0,559.4,very_high,2021-22
DSR-00977,SEG-0013,D-ML-01,ML,NH-6,landslide,LS-01690,2022-07-28T17:00:00,2022-07-31T19:06:00,74.1,full,major,140,534.6,False,medicines,True,SEG-0012,77.9,BRO (Border Roads Organisation),5850965,1629885,44.5,very_high,2021-22
DSR-02203,SEG-0067,D-AR-07,AR,NH-315,flood,,2022-07-28T23:15:00,2022-08-03T16:27:00,137.2,full,major,60,464.6,True,relief_supplies,True,SEG-0066,56.3,BRO (Border Roads Organisation),3805669,651699,203.4,moderate,2021-22
DSR-01017,SEG-0012,D-AS-01,AS,NH-6,landslide,LS-01759,2022-08-01T13:00:00,2022-08-02T14:30:00,25.5,full,major,133,661.5,True,vaccines,True,SEG-0005,181.4,NDRF,3436324,1634960,424.6,high,2021-22
DSR-00744,SEG-0013,D-ML-01,ML,NH-6,landslide,LS-01286,2022-08-01T13:30:00,2022-08-01T14:30:00,1.0,partial,minor,106,481.2,False,food_grains,True,SEG-0014,54.1,State PWD,129361,1085593,282.6,very_high,2021-22
DSR-01978,SEG-0003,D-AS-10,AS,NH-27,flood,,2022-08-02T08:45:00,2022-08-08T07:45:00,143.0,full,major,96,379.4,False,medicines,True,SEG-0004,86.0,NDRF,3959647,1100911,342.1,low,2021-22
DSR-01010,SEG-0043,D-TR-02,TR,NH-8,landslide,LS-01749,2022-08-02T15:30:00,2022-08-02T22:12:00,6.7,partial,moderate,0,0.0,False,lpg_cylinders,True,SEG-0044,73.9,NHIDCL,732172,0,581.3,moderate,2021-22
DSR-02041,SEG-0054,D-SK-03,SK,NH-510,accident_blockage,,2022-08-02T16:00:00,2022-08-03T17:42:00,25.7,full,moderate,68,181.7,True,agri_produce,True,SEG-0055,17.7,NHIDCL,1128275,573002,146.9,high,2021-22
DSR-01005,SEG-0054,D-SK-03,SK,NH-510,landslide,LS-01743,2022-08-02T16:15:00,2022-08-04T05:33:00,37.3,full,moderate,0,0.0,False,lpg_cylinders,True,SEG-0055,21.2,NDRF,1823292,0,471.5,high,2021-22
DSR-00907,SEG-0035,D-MZ-01,MZ,NH-306,landslide,LS-01560,2022-08-03T00:30:00,2022-08-03T02:48:00,2.3,partial,minor,37,271.0,True,medicines,True,SEG-0034,85.7,BRO (Border Roads Organisation),155840,857560,240.8,high,2021-22
DSR-00928,SEG-0060,D-AR-06,AR,NH-13,landslide,LS-01596,2022-08-03T06:00:00,2022-08-03T17:30:00,11.5,partial,moderate,36,107.9,False,agri_produce,True,SEG-0059,131.0,NDRF,434764,375402,485.1,very_high,2021-22
DSR-01086,SEG-0027,D-NL-03,NL,NH-29,landslide,LS-01868,2022-08-03T11:45:00,2022-08-03T12:45:00,1.0,partial,minor,0,0.0,False,agri_produce,True,SEG-0026,66.0,SDRF,105729,0,397.9,high,2021-22
DSR-01643,SEG-0007,D-AS-09,AS,NH-27,road_subsidence,,2022-08-06T15:30:00,2022-08-14T19:00:00,195.5,full,major,97,785.1,False,lpg_cylinders,True,SEG-0008,41.4,State PWD,1816705,2141860,346.4,low,2021-22
DSR-00734,SEG-0053,D-SK-03,SK,NH-510,landslide,LS-01267,2022-08-06T15:45:00,2022-08-09T12:51:00,69.1,full,moderate,151,1021.6,False,lpg_cylinders,True,SEG-0052,45.6,State PWD,1473465,1670067,66.8,high,2021-22
DSR-00819,SEG-0064,D-AR-03,AR,NH-13-W,landslide,LS-01423,2022-08-07T03:15:00,2022-08-10T11:33:00,80.3,full,catastrophic,87,451.2,True,food_grains,True,SEG-0063,41.2,NHIDCL,3513437,1068520,435.3,very_high,2021-22
DSR-01871,SEG-0054,D-SK-03,SK,NH-510,bridge_damage,,2022-08-07T04:15:00,2022-09-03T02:09:00,645.9,full,major,59,301.8,True,vaccines,True,SEG-0053,11.9,NHIDCL,29443519,693759,260.0,high,2021-22
DSR-00985,SEG-0064,D-AR-03,AR,NH-13-W,landslide,LS-01704,2022-08-08T02:00:00,2022-08-08T04:24:00,2.4,partial,minor,14,77.9,True,vaccines,True,SEG-0063,44.4,NDRF,61843,189840,82.7,very_high,2021-22
DSR-01030,SEG-0052,D-SK-01,SK,NH-510,landslide,LS-01783,2022-08-08T07:00:00,2022-08-08T09:18:00,2.3,partial,minor,11,54.1,False,fuel,True,SEG-0053,8.5,State PWD,91266,196401,594.9,very_high,2021-22
DSR-01066,SEG-0022,D-NL-01,NL,NH-2,landslide,LS-01838,2022-08-09T08:00:00,2022-08-10T11:06:00,27.1,full,moderate,93,541.8,False,lpg_cylinders,True,SEG-0021,67.8,NHIDCL,1817257,1898120,64.4,high,2021-22
DSR-01054,SEG-0011,D-AS-04,AS,NH-27,landslide,LS-01823,2022-08-09T14:15:00,2022-08-09T15:15:00,1.0,partial,minor,0,0.0,False,food_grains,True,SEG-0010,119.9,State PWD,60545,0,411.3,low,2021-22
DSR-01765,SEG-0010,D-AS-11,AS,NH-27,fallen_tree,,2022-08-10T16:15:00,2022-08-11T12:09:00,19.9,full,moderate,99,599.7,False,construction_material,True,SEG-0011,90.9,State PWD,568772,1880045,89.9,low,2021-22
DSR-00922,SEG-0064,D-AR-03,AR,NH-13-W,landslide,LS-01585,2022-08-11T13:30:00,2022-08-11T17:00:00,3.5,partial,minor,0,0.0,True,lpg_cylinders,True,SEG-0063,60.2,BRO (Border Roads Organisation),178633,0,575.4,very_high,2021-22
DSR-00784,SEG-0066,D-AR-09,AR,NH-315,landslide,LS-01353,2022-08-12T03:30:00,2022-08-20T12:42:00,201.2,full,major,103,607.9,True,relief_supplies,True,SEG-0067,79.7,State PWD,4981018,1838920,340.7,very_high,2021-22
DSR-00822,SEG-0048,D-SK-01,SK,NH-10,landslide,LS-01428,2022-08-12T11:30:00,2022-08-12T14:06:00,2.6,partial,minor,19,76.8,False,agri_produce,True,SEG-0052,90.6,SDRF,257859,325794,278.2,high,2021-22
DSR-01090,SEG-0049,D-SK-01,SK,NH-310,landslide,LS-01874,2022-08-12T13:30:00,2022-08-12T15:18:00,1.8,partial,minor,0,0.0,True,medicines,True,SEG-0052,67.7,State PWD,160271,0,405.4,high,2021-22
DSR-02285,SEG-0071,D-AS-08,AS,NH-36,fallen_tree,,2022-08-13T19:15:00,2022-08-15T12:45:00,41.5,full,moderate,108,700.0,False,relief_supplies,True,SEG-0021,56.1,BRO (Border Roads Organisation),770958,2873776,63.6,moderate,2021-22
DSR-00890,SEG-0061,D-AR-06,AR,NH-13,landslide,LS-01537,2022-08-14T07:30:00,2022-08-15T08:24:00,24.9,full,moderate,35,101.2,True,agri_produce,True,SEG-0060,144.8,State PWD,1134305,433087,610.0,high,2021-22
DSR-01021,SEG-0064,D-AR-03,AR,NH-13-W,landslide,LS-01765,2022-08-14T22:00:00,2022-08-15T08:00:00,10.0,partial,moderate,0,0.0,True,relief_supplies,True,SEG-0063,56.3,NDRF,1048852,0,600.0,very_high,2021-22
DSR-00994,SEG-0066,D-AR-09,AR,NH-315,landslide,LS-01719,2022-08-16T03:45:00,2022-08-18T05:33:00,49.8,full,moderate,170,1033.4,False,fuel,True,SEG-0065,91.6,NDRF,1106757,1334519,514.6,very_high,2021-22
DSR-01889,SEG-0040,D-TR-03,TR,NH-8,accident_blockage,,2022-08-16T06:45:00,2022-08-16T08:21:00,1.6,partial,minor,27,135.5,True,vaccines,True,SEG-0039,58.1,NDRF,36946,552091,189.5,moderate,2021-22
DSR-00991,SEG-0024,D-MN-05,MN,NH-2,landslide,LS-01712,2022-08-17T17:00:00,2022-08-17T23:18:00,6.3,partial,moderate,1,6.7,True,agri_produce,True,SEG-0023,58.0,NDRF,454549,24859,303.7,high,2021-22
DSR-00981,SEG-0055,D-SK-04,SK,NH-510,landslide,LS-01700,2022-08-17T20:15:00,2022-08-18T04:03:00,7.8,partial,moderate,32,140.3,True,vaccines,True,SEG-0054,22.8,State PWD,146749,263339,529.5,very_high,2021-22
DSR-00984,SEG-0052,D-SK-01,SK,NH-510,landslide,LS-01703,2022-08-18T01:45:00,2022-08-18T14:33:00,12.8,full,moderate,56,341.8,True,relief_supplies,True,SEG-0049,44.1,SDRF,727862,504416,322.0,very_high,2021-22
DSR-00720,SEG-0048,D-SK-01,SK,NH-10,landslide,LS-01241,2022-08-18T20:00:00,2022-08-19T01:48:00,5.8,partial,moderate,73,419.1,True,relief_supplies,True,SEG-0047,14.9,NDRF,523857,606875,91.8,high,2021-22
DSR-00942,SEG-0069,D-AS-07,AS,NH-27-DH,landslide,LS-01629,2022-08-20T04:00:00,2022-08-20T09:42:00,5.7,partial,minor,61,246.9,False,lpg_cylinders,True,SEG-0033,149.2,NDRF,286462,899672,144.0,high,2021-22
DSR-00844,SEG-0047,D-SK-01,SK,NH-10,landslide,LS-01470,2022-08-20T07:00:00,2022-08-20T14:42:00,7.7,partial,moderate,5,31.0,False,vaccines,True,SEG-0046,67.5,NDRF,944747,101023,419.2,high,2021-22
DSR-00816,SEG-0043,D-TR-02,TR,NH-8,landslide,LS-01415,2022-08-21T01:15:00,2022-08-21T11:39:00,10.4,partial,moderate,76,195.2,True,medicines,True,SEG-0044,101.3,NDRF,645215,679539,72.5,moderate,2021-22
DSR-00834,SEG-0015,D-ML-02,ML,NH-6,landslide,LS-01450,2022-08-21T05:15:00,2022-08-21T06:15:00,1.0,partial,minor,97,649.3,False,vaccines,True,SEG-0016,42.8,NDRF,76268,771658,444.5,high,2021-22
DSR-00867,SEG-0048,D-SK-01,SK,NH-10,landslide,LS-01498,2022-08-21T16:45:00,2022-08-24T06:45:00,62.0,full,major,66,415.7,True,construction_material,True,SEG-0047,15.5,State PWD,1817617,964858,426.6,high,2021-22
DSR-00695,SEG-0026,D-NL-04,NL,NH-29,landslide,LS-01198,2022-08-21T23:45:00,2022-08-22T04:33:00,4.8,partial,minor,0,0.0,True,relief_supplies,True,SEG-0025,77.5,State PWD,119476,0,269.8,high,2021-22
DSR-01098,SEG-0053,D-SK-03,SK,NH-510,landslide,LS-01890,2022-08-22T23:15:00,2022-08-27T04:15:00,101.0,full,major,74,569.9,True,construction_material,True,SEG-0052,69.0,NHIDCL,4153079,1364680,254.9,high,2021-22
DSR-00862,SEG-0025,D-NL-01,NL,NH-29,landslide,LS-01491,2022-08-25T15:45:00,2022-08-25T21:51:00,6.1,full,catastrophic,128,573.6,False,construction_material,True,SEG-0026,59.9,BRO (Border Roads Organisation),431742,1065777,24.8,high,2021-22
DSR-02188,SEG-0051,D-SK-02,SK,NH-310,flood,,2022-08-25T19:15:00,2022-08-27T19:33:00,48.3,full,moderate,59,423.6,True,construction_material,True,SEG-0050,36.8,NHIDCL,429601,1871458,307.0,very_high,2021-22
DSR-01917,SEG-0030,D-MN-04,MN,NH-37,flood,,2022-08-26T03:00:00,2022-09-04T20:18:00,233.3,full,major,19,110.2,True,vaccines,True,SEG-0033,136.2,NHIDCL,8771589,341905,559.4,moderate,2021-22
DSR-00953,SEG-0013,D-ML-01,ML,NH-6,landslide,LS-01647,2022-08-26T12:45:00,2022-08-26T13:57:00,1.2,partial,minor,14,90.7,True,fuel,True,SEG-0014,54.2,SDRF,76980,101276,754.7,very_high,2021-22
DSR-01769,SEG-0059,D-AR-04,AR,NH-13,bridge_damage,,2022-08-26T19:15:00,2022-10-13T18:15:00,1151.0,full,catastrophic,15,38.0,False,lpg_cylinders,True,SEG-0058,138.1,NHIDCL,52752867,189270,388.9,very_high,2021-22
DSR-00850,SEG-0025,D-NL-01,NL,NH-29,landslide,LS-01479,2022-08-27T03:45:00,2022-08-27T05:21:00,1.6,partial,minor,0,0.0,False,vaccines,True,SEG-0021,63.4,SDRF,104485,0,311.9,high,2021-22
DSR-00969,SEG-0068,D-AS-08,AS,NH-27-DH,landslide,LS-01672,2022-08-27T05:00:00,2022-09-01T19:48:00,134.8,full,major,146,704.1,False,food_grains,True,SEG-0069,107.5,SDRF,7565293,1716189,231.1,high,2021-22
DSR-01026,SEG-0060,D-AR-06,AR,NH-13,landslide,LS-01773,2022-08-27T17:45:00,2022-08-28T15:57:00,22.2,full,moderate,43,146.7,True,fuel,True,SEG-0059,109.1,NHIDCL,1860367,623875,273.9,very_high,2021-22
DSR-00693,SEG-0051,D-SK-02,SK,NH-310,landslide,LS-01196,2022-08-28T06:45:00,2022-08-28T21:39:00,14.9,full,moderate,37,332.9,False,fuel,True,SEG-0050,36.7,SDRF,972675,569488,474.7,very_high,2021-22
DSR-00747,SEG-0037,D-MZ-01,MZ,NH-302,landslide,LS-01290,2022-08-28T20:30:00,2022-08-29T13:06:00,16.6,full,moderate,95,669.3,True,vaccines,True,SEG-0034,130.8,SDRF,245042,1576650,201.8,high,2021-22
DSR-00761,SEG-0028,D-MN-01,MN,NH-37,landslide,LS-01309,2022-08-28T22:15:00,2022-08-29T05:27:00,7.2,partial,moderate,53,385.3,True,agri_produce,True,SEG-0029,57.3,SDRF,628042,837146,84.3,high,2021-22
DSR-00963,SEG-0037,D-MZ-01,MZ,NH-302,landslide,LS-01661,2022-08-28T22:45:00,2022-08-29T21:39:00,22.9,full,moderate,0,0.0,False,lpg_cylinders,True,SEG-0035,97.0,BRO (Border Roads Organisation),855602,0,450.7,high,2021-22
DSR-01009,SEG-0066,D-AR-09,AR,NH-315,landslide,LS-01747,2022-09-01T04:45:00,2022-09-03T09:27:00,52.7,full,moderate,134,541.4,False,relief_supplies,True,SEG-0065,56.6,SDRF,2403180,1448938,390.3,very_high,2021-22
DSR-01069,SEG-0015,D-ML-02,ML,NH-6,landslide,LS-01845,2022-09-01T15:15:00,2022-09-01T18:39:00,3.4,partial,minor,85,315.6,False,agri_produce,True,SEG-0014,64.2,NDRF,384933,615384,725.9,high,2021-22
DSR-01837,SEG-0049,D-SK-01,SK,NH-310,fallen_tree,,2022-09-02T04:30:00,2022-09-02T18:30:00,14.0,full,moderate,53,167.8,True,vaccines,True,SEG-0050,17.3,NHIDCL,626136,540416,18.0,high,2021-22
DSR-00700,SEG-0047,D-SK-01,SK,NH-10,landslide,LS-01206,2022-09-03T21:45:00,2022-09-03T22:51:00,1.1,partial,minor,66,204.8,False,vaccines,True,SEG-0048,17.4,NDRF,24829,589009,172.2,high,2021-22
DSR-00902,SEG-0049,D-SK-01,SK,NH-310,landslide,LS-01553,2022-09-05T03:30:00,2022-09-09T00:36:00,93.1,full,major,75,486.3,False,food_grains,True,SEG-0048,35.2,State PWD,6123683,1780690,1.7,high,2021-22
DSR-00921,SEG-0037,D-MZ-01,MZ,NH-302,landslide,LS-01581,2022-09-06T06:45:00,2022-09-06T19:45:00,13.0,full,moderate,60,174.9,True,vaccines,True,SEG-0035,88.7,State PWD,798700,499240,469.7,high,2021-22
DSR-00924,SEG-0034,D-MZ-04,MZ,NH-306,landslide,LS-01587,2022-09-06T23:45:00,2022-09-07T01:21:00,1.6,partial,minor,0,0.0,True,fuel,True,SEG-0035,91.9,BRO (Border Roads Organisation),97431,0,304.5,high,2021-22
DSR-00898,SEG-0013,D-ML-01,ML,NH-6,landslide,LS-01547,2022-09-08T03:00:00,2022-09-08T04:00:00,1.0,partial,minor,19,168.7,False,relief_supplies,True,SEG-0014,60.8,SDRF,81401,625684,726.9,very_high,2021-22
DSR-00745,SEG-0037,D-MZ-01,MZ,NH-302,landslide,LS-01287,2022-09-08T20:00:00,2022-09-08T21:48:00,1.8,partial,minor,0,0.0,False,relief_supplies,True,SEG-0035,77.7,State PWD,83849,0,399.8,high,2021-22
DSR-00764,SEG-0050,D-SK-02,SK,NH-310,landslide,LS-01313,2022-09-08T23:15:00,2022-09-09T00:15:00,1.0,partial,minor,19,111.9,False,lpg_cylinders,True,SEG-0051,25.8,BRO (Border Roads Organisation),71072,341074,515.6,very_high,2021-22
DSR-00786,SEG-0063,D-AR-03,AR,NH-13-W,landslide,LS-01356,2022-09-10T17:15:00,2022-09-22T08:03:00,278.8,full,major,69,262.9,True,vaccines,True,SEG-0064,92.2,NDRF,36611462,921605,327.8,high,2021-22
DSR-01819,SEG-0018,D-AS-10,AS,NH-27-SPUR,bridge_damage,,2022-09-13T19:15:00,2022-10-30T12:39:00,1121.4,full,catastrophic,95,463.9,True,vaccines,True,SEG-0017,253.8,SDRF,42389319,1727001,181.3,moderate,2021-22
DSR-00992,SEG-0058,D-AR-01,AR,NH-13,landslide,LS-01714,2022-09-14T07:15:00,2022-09-14T08:15:00,1.0,partial,minor,51,347.8,True,lpg_cylinders,True,SEG-0056,166.0,SDRF,51798,427832,232.6,high,2021-22
DSR-00813,SEG-0066,D-AR-09,AR,NH-315,landslide,LS-01409,2022-09-15T04:00:00,2022-09-22T05:06:00,169.1,full,major,38,241.7,False,relief_supplies,True,SEG-0067,82.9,NDRF,5447601,846654,377.0,very_high,2021-22
DSR-00927,SEG-0032,D-MN-01,MN,NH-2-S,landslide,LS-01594,2022-09-15T23:45:00,2022-09-16T12:57:00,13.2,full,moderate,126,741.7,False,food_grains,True,SEG-0028,57.9,SDRF,850329,3446524,223.3,high,2021-22
DSR-00950,SEG-0022,D-NL-01,NL,NH-2,landslide,LS-01643,2022-09-16T06:45:00,2022-09-16T08:33:00,1.8,partial,minor,3,26.9,False,lpg_cylinders,True,SEG-0021,78.2,State PWD,74794,80482,109.0,high,2021-22
DSR-00818,SEG-0065,D-AR-05,AR,NH-315,landslide,LS-01422,2022-09-16T13:00:00,2022-09-16T16:54:00,3.9,partial,minor,29,158.9,False,agri_produce,True,SEG-0061,114.7,BRO (Border Roads Organisation),60634,282859,48.1,high,2021-22
DSR-00838,SEG-0069,D-AS-07,AS,NH-27-DH,landslide,LS-01458,2022-09-17T12:45:00,2022-09-25T01:21:00,180.6,full,major,40,162.1,True,agri_produce,True,SEG-0033,134.7,SDRF,7450497,663818,377.5,high,2021-22
DSR-01015,SEG-0060,D-AR-06,AR,NH-13,landslide,LS-01756,2022-09-18T13:15:00,2022-09-19T01:15:00,12.0,partial,moderate,88,518.5,False,lpg_cylinders,True,SEG-0061,104.3,NHIDCL,334309,863142,536.0,very_high,2021-22
DSR-00859,SEG-0064,D-AR-03,AR,NH-13-W,landslide,LS-01488,2022-09-18T13:45:00,2022-09-19T03:15:00,13.5,full,moderate,90,592.3,True,fuel,True,SEG-0063,56.9,NHIDCL,271368,2434003,562.7,very_high,2021-22
DSR-01994,SEG-0051,D-SK-02,SK,NH-310,protest_blockade,,2022-09-18T16:45:00,2022-09-19T09:57:00,17.2,full,moderate,5,33.1,True,lpg_cylinders,True,SEG-0050,37.6,SDRF,623183,83940,63.0,very_high,2021-22
DSR-01748,SEG-0046,D-WB-01,WB,NH-10,protest_blockade,,2022-09-21T05:45:00,2022-09-22T03:09:00,21.4,full,moderate,35,183.1,False,agri_produce,True,SEG-0001,333.6,NDRF,228680,510436,170.9,very_high,2021-22
DSR-00938,SEG-0014,D-ML-01,ML,NH-6,landslide,LS-01618,2022-09-22T03:00:00,2022-09-22T08:48:00,5.8,partial,moderate,4,14.9,True,relief_supplies,True,SEG-0013,55.0,State PWD,685667,23306,424.6,high,2021-22
DSR-01001,SEG-0006,D-AS-02,AS,NH-27,landslide,LS-01729,2022-09-22T13:45:00,2022-09-24T16:03:00,50.3,full,major,118,334.5,True,fuel,True,SEG-0007,261.8,BRO (Border Roads Organisation),1480774,959762,553.8,low,2021-22
DSR-00847,SEG-0015,D-ML-02,ML,NH-6,landslide,LS-01475,2022-09-23T15:15:00,2022-09-23T19:21:00,4.1,partial,moderate,13,37.9,True,lpg_cylinders,True,SEG-0016,36.8,NHIDCL,289920,99050,331.8,high,2021-22
DSR-01103,SEG-0060,D-AR-06,AR,NH-13,landslide,LS-01905,2022-09-24T04:15:00,2022-09-24T05:15:00,1.0,partial,minor,104,485.2,True,lpg_cylinders,True,SEG-0059,129.2,NDRF,83288,2167849,220.4,very_high,2021-22
DSR-00934,SEG-0035,D-MZ-01,MZ,NH-306,landslide,LS-01611,2022-09-25T06:00:00,2022-09-25T09:42:00,3.7,partial,minor,0,0.0,False,vaccines,True,SEG-0036,78.3,NHIDCL,336470,0,215.5,high,2021-22
DSR-00891,SEG-0019,D-ML-03,ML,NH-27-SPUR,landslide,LS-01538,2022-09-25T11:00:00,2022-09-25T12:00:00,1.0,partial,minor,0,0.0,False,relief_supplies,True,SEG-0018,198.7,NDRF,132583,0,389.7,moderate,2021-22
DSR-01727,SEG-0021,D-NL-02,NL,NH-2,accident_blockage,,2022-09-26T23:45:00,2022-09-28T03:03:00,27.3,full,moderate,62,443.4,False,fuel,True,SEG-0022,29.9,NHIDCL,725716,1454586,98.2,high,2021-22
DSR-00827,SEG-0065,D-AR-05,AR,NH-315,landslide,LS-01439,2022-09-27T03:15:00,2022-09-27T07:39:00,4.4,partial,moderate,28,199.9,False,lpg_cylinders,True,SEG-0066,48.2,BRO (Border Roads Organisation),129369,233857,149.9,high,2021-22
DSR-00910,SEG-0036,D-MZ-05,MZ,NH-306,landslide,LS-01563,2022-09-28T14:45:00,2022-09-28T15:45:00,1.0,partial,minor,26,104.0,False,lpg_cylinders,True,SEG-0035,68.4,NHIDCL,25087,208060,87.5,high,2021-22
DSR-01038,SEG-0054,D-SK-03,SK,NH-510,landslide,LS-01793,2022-10-01T00:00:00,2022-10-01T06:12:00,6.2,partial,moderate,0,0.0,False,agri_produce,True,SEG-0055,11.9,NHIDCL,349309,0,582.3,high,2021-22
DSR-00727,SEG-0022,D-NL-01,NL,NH-2,landslide,LS-01253,2022-10-01T17:45:00,2022-10-01T20:21:00,2.6,partial,minor,65,483.6,True,vaccines,True,SEG-0023,32.6,State PWD,105133,2000930,490.2,high,2021-22
DSR-00701,SEG-0046,D-WB-01,WB,NH-10,landslide,LS-01208,2022-10-04T06:45:00,2022-10-04T08:51:00,2.1,partial,moderate,38,107.2,False,food_grains,True,SEG-0001,265.9,State PWD,253166,402413,495.4,very_high,2021-22
DSR-01067,SEG-0036,D-MZ-05,MZ,NH-306,landslide,LS-01839,2022-10-04T20:15:00,2022-10-04T22:15:00,2.0,partial,minor,0,0.0,True,fuel,True,SEG-0035,93.1,BRO (Border Roads Organisation),82550,0,463.1,high,2021-22
DSR-00876,SEG-0047,D-SK-01,SK,NH-10,landslide,LS-01511,2022-10-05T22:30:00,2022-10-06T11:42:00,13.2,full,major,33,97.8,True,lpg_cylinders,True,SEG-0046,65.1,State PWD,1771824,302344,492.2,high,2021-22
DSR-00750,SEG-0066,D-AR-09,AR,NH-315,landslide,LS-01293,2022-10-06T15:45:00,2022-10-06T23:33:00,7.8,partial,moderate,0,0.0,True,vaccines,True,SEG-0067,77.3,BRO (Border Roads Organisation),100614,0,139.2,very_high,2021-22
DSR-01927,SEG-0046,D-WB-01,WB,NH-10,flood,,2022-10-10T01:00:00,2022-10-13T14:18:00,85.3,full,major,88,479.0,True,agri_produce,True,SEG-0001,334.7,NHIDCL,1250067,1340310,277.0,very_high,2021-22
DSR-00728,SEG-0047,D-SK-01,SK,NH-10,landslide,LS-01254,2022-10-18T16:15:00,2022-10-18T23:21:00,7.1,partial,moderate,33,191.2,True,fuel,True,SEG-0046,113.2,BRO (Border Roads Organisation),162695,651739,191.8,high,2021-22
DSR-00959,SEG-0055,D-SK-04,SK,NH-510,landslide,LS-01655,2022-10-25T06:00:00,2022-10-27T00:12:00,42.2,full,moderate,110,598.7,False,fuel,True,SEG-0054,28.1,NHIDCL,2019292,2018728,426.3,very_high,2021-22
DSR-02070,SEG-0028,D-MN-01,MN,NH-37,maintenance,,2022-11-03T15:15:00,2022-11-05T03:33:00,36.3,full,moderate,70,402.1,False,vaccines,True,SEG-0031,117.5,NHIDCL,1208097,1468687,53.9,high,2021-22
DSR-00894,SEG-0062,D-AS-09,AS,NH-13-W,landslide,LS-01543,2022-11-05T10:15:00,2022-11-08T06:33:00,68.3,full,major,92,406.2,False,medicines,True,SEG-0007,183.6,NHIDCL,8522752,544477,572.4,high,2021-22
DSR-02282,SEG-0059,D-AR-04,AR,NH-13,protest_blockade,,2022-11-13T07:00:00,2022-11-14T10:30:00,27.5,full,moderate,52,262.4,True,relief_supplies,True,SEG-0060,72.3,State PWD,553885,678594,110.4,very_high,2021-22
DSR-01092,SEG-0068,D-AS-08,AS,NH-27-DH,landslide,LS-01879,2022-12-08T22:45:00,2022-12-09T03:03:00,4.3,partial,minor,66,460.1,False,construction_material,True,SEG-0069,111.9,BRO (Border Roads Organisation),125985,1542565,292.5,high,2021-22
DSR-01798,SEG-0028,D-MN-01,MN,NH-37,maintenance,,2022-12-10T14:00:00,2022-12-13T02:00:00,60.0,full,moderate,52,211.9,False,construction_material,True,SEG-0024,109.0,State PWD,1098824,994399,32.8,high,2021-22
DSR-01050,SEG-0065,D-AR-05,AR,NH-315,landslide,LS-01816,2022-12-19T14:45:00,2022-12-20T08:03:00,17.3,full,moderate,62,501.1,False,construction_material,True,SEG-0066,90.4,NHIDCL,626571,703087,499.5,high,2021-22
DSR-01462,SEG-0057,D-AR-01,AR,NH-15,landslide,LS-02539,2023-01-04T06:45:00,2023-01-04T12:27:00,5.7,partial,moderate,64,523.6,False,relief_supplies,True,SEG-0056,149.8,State PWD,507618,1130680,33.5,moderate,2023-24
DSR-01744,SEG-0065,D-AR-05,AR,NH-315,maintenance,,2023-01-10T20:30:00,2023-01-11T02:48:00,6.3,partial,moderate,0,0.0,False,relief_supplies,True,SEG-0066,92.7,NDRF,70480,0,20.1,high,2023-24
DSR-01239,SEG-0067,D-AR-07,AR,NH-315,landslide,LS-02139,2023-01-11T18:45:00,2023-01-12T02:51:00,8.1,partial,moderate,23,131.5,True,lpg_cylinders,True,SEG-0066,63.0,SDRF,479242,546718,4.2,moderate,2023-24
DSR-02106,SEG-0069,D-AS-07,AS,NH-27-DH,maintenance,,2023-01-24T09:30:00,2023-01-25T08:18:00,22.8,full,moderate,118,1013.2,True,relief_supplies,True,SEG-0016,42.1,BRO (Border Roads Organisation),1089922,2287471,40.4,high,2023-24
DSR-01249,SEG-0059,D-AR-04,AR,NH-13,landslide,LS-02157,2023-02-06T20:00:00,2023-02-06T21:00:00,1.0,partial,minor,2,11.2,True,agri_produce,True,SEG-0060,84.1,NHIDCL,110796,31910,528.9,very_high,2023-24
DSR-01436,SEG-0068,D-AS-08,AS,NH-27-DH,landslide,LS-02485,2023-02-26T05:00:00,2023-02-26T13:48:00,8.8,partial,moderate,0,0.0,False,fuel,True,SEG-0069,79.6,SDRF,486349,0,75.4,high,2023-24
DSR-02246,SEG-0014,D-ML-01,ML,NH-6,maintenance,,2023-03-03T03:30:00,2023-03-05T18:24:00,62.9,full,moderate,92,689.3,True,medicines,True,SEG-0015,148.8,BRO (Border Roads Organisation),1114878,2772195,8.4,high,2023-24
DSR-01386,SEG-0052,D-SK-01,SK,NH-510,landslide,LS-02404,2023-03-03T04:15:00,2023-03-03T06:27:00,2.2,partial,minor,19,86.7,True,vaccines,True,SEG-0048,24.2,SDRF,133072,281153,490.4,very_high,2023-24
DSR-01165,SEG-0049,D-SK-01,SK,NH-310,landslide,LS-02016,2023-03-05T16:15:00,2023-03-05T21:33:00,5.3,partial,moderate,138,592.4,False,agri_produce,True,SEG-0052,75.2,SDRF,307327,1480013,126.1,high,2023-24
DSR-01403,SEG-0020,D-ML-04,ML,NH-27-SPUR,landslide,LS-02433,2023-03-06T04:15:00,2023-03-06T05:15:00,1.0,partial,minor,0,0.0,False,construction_material,True,SEG-0019,52.3,SDRF,133595,0,388.9,moderate,2023-24
DSR-01315,SEG-0015,D-ML-02,ML,NH-6,landslide,LS-02268,2023-03-06T18:45:00,2023-03-06T19:51:00,1.1,partial,minor,0,0.0,False,fuel,True,SEG-0014,87.7,SDRF,155157,0,9.6,high,2023-24
DSR-01903,SEG-0018,D-AS-10,AS,NH-27-SPUR,accident_blockage,,2023-03-08T13:45:00,2023-03-08T15:57:00,2.2,partial,minor,0,0.0,False,lpg_cylinders,True,SEG-0019,68.6,NDRF,99205,0,140.0,moderate,2023-24
DSR-01139,SEG-0059,D-AR-04,AR,NH-13,landslide,LS-01973,2023-03-13T05:15:00,2023-03-14T05:03:00,23.8,full,moderate,151,494.9,True,vaccines,True,SEG-0060,80.7,SDRF,1625680,1379408,190.4,very_high,2023-24
DSR-01370,SEG-0042,D-TR-02,TR,NH-8,landslide,LS-02381,2023-03-14T09:00:00,2023-03-14T10:00:00,1.0,partial,minor,75,394.8,True,food_grains,True,SEG-0041,94.6,NDRF,60421,1273090,302.4,moderate,2023-24
DSR-01296,SEG-0025,D-NL-01,NL,NH-29,landslide,LS-02233,2023-03-18T22:00:00,2023-03-19T01:24:00,3.4,partial,minor,119,811.3,True,relief_supplies,True,SEG-0021,105.1,NDRF,326705,3451516,286.7,high,2023-24
DSR-01487,SEG-0052,D-SK-01,SK,NH-510,landslide,LS-02584,2023-03-22T20:30:00,2023-03-23T01:30:00,5.0,partial,moderate,55,493.3,True,fuel,True,SEG-0049,28.3,State PWD,285636,864682,544.5,very_high,2023-24
DSR-01192,SEG-0014,D-ML-01,ML,NH-6,landslide,LS-02066,2023-03-23T06:15:00,2023-03-23T07:39:00,1.4,partial,minor,0,0.0,False,vaccines,True,SEG-0015,114.5,NHIDCL,143662,0,710.7,high,2023-24
DSR-01964,SEG-0041,D-TR-03,TR,NH-8,maintenance,,2023-03-23T23:00:00,2023-03-24T12:30:00,13.5,full,moderate,62,454.4,False,medicines,True,SEG-0042,37.8,BRO (Border Roads Organisation),442015,1359647,23.7,low,2023-24
DSR-01257,SEG-0034,D-MZ-04,MZ,NH-306,landslide,LS-02169,2023-04-01T01:00:00,2023-04-03T17:36:00,64.6,full,moderate,158,1201.3,True,fuel,True,SEG-0035,61.1,SDRF,4419268,3723988,195.3,high,2023-24
DSR-01179,SEG-0064,D-AR-03,AR,NH-13-W,landslide,LS-02043,2023-04-01T05:45:00,2023-04-07T02:39:00,140.9,full,major,40,110.2,False,food_grains,True,SEG-0063,84.6,NDRF,10645655,262849,611.8,very_high,2023-24
DSR-01271,SEG-0050,D-SK-02,SK,NH-310,landslide,LS-02191,2023-04-02T16:00:00,2023-04-02T19:30:00,3.5,partial,moderate,36,141.0,False,lpg_cylinders,True,SEG-0051,32.1,NDRF,422124,671483,505.9,very_high,2023-24
DSR-02179,SEG-0071,D-AS-08,AS,NH-36,protest_blockade,,2023-04-03T01:00:00,2023-04-04T10:36:00,33.6,full,moderate,61,187.9,True,vaccines,True,SEG-0070,116.2,State PWD,283226,618292,47.8,moderate,2023-24
DSR-01150,SEG-0049,D-SK-01,SK,NH-310,landslide,LS-01994,2023-04-03T18:30:00,2023-04-03T22:18:00,3.8,partial,minor,0,0.0,False,lpg_cylinders,True,SEG-0048,36.9,NDRF,366763,0,278.6,high,2023-24
DSR-01330,SEG-0012,D-AS-01,AS,NH-6,landslide,LS-02291,2023-04-04T17:00:00,2023-04-04T18:36:00,1.6,partial,moderate,0,0.0,False,food_grains,True,SEG-0005,123.6,NHIDCL,206735,0,470.9,high,2023-24
DSR-01218,SEG-0069,D-AS-07,AS,NH-27-DH,landslide,LS-02104,2023-04-05T05:00:00,2023-04-07T11:54:00,54.9,full,moderate,81,658.3,True,construction_material,True,SEG-0033,116.6,BRO (Border Roads Organisation),1732056,2665550,84.1,high,2023-24
DSR-01444,SEG-0060,D-AR-06,AR,NH-13,landslide,LS-02499,2023-04-06T03:00:00,2023-04-08T06:12:00,51.2,full,moderate,36,238.5,False,relief_supplies,True,SEG-0061,87.0,State PWD,5501838,683633,171.3,very_high,2023-24
DSR-01460,SEG-0014,D-ML-01,ML,NH-6,landslide,LS-02535,2023-04-06T22:45:00,2023-04-07T00:51:00,2.1,partial,moderate,6,52.8,False,agri_produce,True,SEG-0013,55.5,BRO (Border Roads Organisation),44184,144215,249.5,high,2023-24
DSR-01186,SEG-0071,D-AS-08,AS,NH-36,landslide,LS-02058,2023-04-07T02:15:00,2023-04-07T05:27:00,3.2,partial,minor,0,0.0,True,lpg_cylinders,True,SEG-0070,217.0,SDRF,51225,0,155.0,moderate,2023-24
DSR-01489,SEG-0055,D-SK-04,SK,NH-510,landslide,LS-02588,2023-04-07T07:15:00,2023-04-07T08:15:00,1.0,partial,minor,15,129.3,False,relief_supplies,True,SEG-0054,28.4,NHIDCL,18023,512921,152.4,very_high,2023-24
DSR-01603,SEG-0063,D-AR-03,AR,NH-13-W,landslide,LS-02804,2023-04-07T11:15:00,2023-04-07T12:21:00,1.1,partial,minor,77,430.4,False,relief_supplies,True,SEG-0064,100.1,SDRF,86932,947502,211.7,high,2023-24
DSR-02217,SEG-0058,D-AR-01,AR,NH-13,fallen_tree,,2023-04-09T11:00:00,2023-04-09T12:48:00,1.8,partial,minor,70,575.5,False,vaccines,True,SEG-0056,133.5,NDRF,85312,1296125,4.5,high,2023-24
DSR-01117,SEG-0052,D-SK-01,SK,NH-510,landslide,LS-01933,2023-04-10T10:15:00,2023-04-10T13:03:00,2.8,partial,minor,59,206.5,False,vaccines,True,SEG-0053,18.1,SDRF,39358,807394,406.0,very_high,2023-24
DSR-01493,SEG-0064,D-AR-03,AR,NH-13-W,landslide,LS-02600,2023-04-10T15:30:00,2023-04-11T13:18:00,21.8,full,major,98,327.9,True,lpg_cylinders,True,SEG-0063,59.2,State PWD,1809542,1070663,134.2,very_high,2023-24
DSR-01177,SEG-0071,D-AS-08,AS,NH-36,landslide,LS-02040,2023-04-12T12:15:00,2023-04-12T13:15:00,1.0,partial,minor,35,236.1,True,vaccines,True,SEG-0021,119.6,NHIDCL,25172,475724,125.0,moderate,2023-24
DSR-01269,SEG-0035,D-MZ-01,MZ,NH-306,landslide,LS-02189,2023-04-16T00:45:00,2023-04-16T01:45:00,1.0,partial,minor,16,143.7,False,agri_produce,True,SEG-0034,113.6,BRO (Border Roads Organisation),27826,175365,586.9,high,2023-24
DSR-01447,SEG-0035,D-MZ-01,MZ,NH-306,landslide,LS-02504,2023-04-17T15:00:00,2023-04-18T00:12:00,9.2,partial,moderate,0,0.0,True,relief_supplies,True,SEG-0037,105.8,State PWD,1178679,0,305.8,high,2023-24
DSR-01465,SEG-0060,D-AR-06,AR,NH-13,landslide,LS-02543,2023-04-17T18:00:00,2023-04-18T08:24:00,14.4,full,moderate,134,355.2,True,vaccines,True,SEG-0059,77.9,SDRF,365240,1297401,37.2,very_high,2023-24
DSR-01308,SEG-0037,D-MZ-01,MZ,NH-302,landslide,LS-02257,2023-04-18T10:15:00,2023-05-08T13:51:00,483.6,full,major,81,371.4,False,lpg_cylinders,True,SEG-0035,64.3,SDRF,6386678,1041302,254.5,high,2023-24
DSR-01862,SEG-0001,D-WB-01,WB,NH-27,protest_blockade,,2023-04-18T20:15:00,2023-04-19T11:09:00,14.9,full,moderate,83,314.4,False,food_grains,True,SEG-0002,57.3,NHIDCL,146055,1401833,72.4,low,2023-24
DSR-02240,SEG-0070,D-AS-02,AS,NH-36,protest_blockade,,2023-04-18T22:15:00,2023-04-20T13:09:00,38.9,full,moderate,32,203.1,False,agri_produce,True,SEG-0071,67.6,State PWD,1129507,797006,43.9,low,2023-24
DSR-01344,SEG-0025,D-NL-01,NL,NH-29,landslide,LS-02327,2023-04-19T09:30:00,2023-04-19T13:24:00,3.9,partial,moderate,0,0.0,True,fuel,True,SEG-0022,35.3,NDRF,224672,0,93.1,high,2023-24
DSR-01418,SEG-0025,D-NL-01,NL,NH-29,landslide,LS-02459,2023-04-19T19:00:00,2023-04-20T03:30:00,8.5,partial,moderate,22,92.5,True,agri_produce,True,SEG-0026,79.4,NDRF,416565,375950,547.2,high,2023-24
DSR-02013,SEG-0036,D-MZ-05,MZ,NH-306,accident_blockage,,2023-04-20T01:00:00,2023-04-20T21:30:00,20.5,full,moderate,63,211.7,True,fuel,True,SEG-0035,58.1,NDRF,962478,445954,27.8,high,2023-24
DSR-01789,SEG-0044,D-AS-12,AS,NH-8,protest_blockade,,2023-04-22T23:15:00,2023-04-23T01:15:00,2.0,partial,minor,0,0.0,False,vaccines,True,SEG-0045,52.1,State PWD,49833,0,20.8,low,2023-24
DSR-01632,SEG-0037,D-MZ-01,MZ,NH-302,flood,,2023-04-23T08:15:00,2023-05-06T17:39:00,321.4,full,major,99,335.4,False,vaccines,True,SEG-0034,88.4,State PWD,7021152,660321,332.7,high,2023-24
DSR-02258,SEG-0035,D-MZ-01,MZ,NH-306,flood,,2023-04-23T08:45:00,2023-04-24T01:45:00,17.0,full,moderate,23,196.5,True,vaccines,True,SEG-0036,95.0,NHIDCL,299310,554819,401.2,high,2023-24
DSR-01472,SEG-0032,D-MN-01,MN,NH-2-S,landslide,LS-02558,2023-04-24T03:45:00,2023-04-25T05:21:00,25.6,full,moderate,83,667.3,False,vaccines,True,SEG-0024,83.8,BRO (Border Roads Organisation),282425,2476826,129.9,high,2023-24
DSR-01318,SEG-0062,D-AS-09,AS,NH-13-W,landslide,LS-02272,2023-04-24T16:30:00,2023-04-24T17:42:00,1.2,full,major,85,748.5,True,medicines,True,SEG-0007,210.4,BRO (Border Roads Organisation),77411,2687254,274.3,high,2023-24
DSR-01253,SEG-0015,D-ML-02,ML,NH-6,landslide,LS-02162,2023-04-25T03:45:00,2023-04-25T04:45:00,1.0,partial,moderate,0,0.0,False,food_grains,True,SEG-0016,40.2,State PWD,112579,0,211.2,high,2023-24
DSR-02204,SEG-0054,D-SK-03,SK,NH-510,flood,,2023-04-25T15:15:00,2023-04-26T20:03:00,28.8,full,moderate,15,90.4,False,food_grains,True,SEG-0055,18.9,NHIDCL,1232623,254821,570.9,high,2023-24
DSR-01321,SEG-0013,D-ML-01,ML,NH-6,landslide,LS-02277,2023-04-26T02:15:00,2023-04-26T06:57:00,4.7,partial,moderate,0,0.0,True,food_grains,True,SEG-0012,34.6,SDRF,341471,0,531.8,very_high,2023-24
DSR-01900,SEG-0029,D-MN-04,MN,NH-37,bridge_damage,,2023-04-27T09:15:00,2023-06-02T05:57:00,860.7,full,catastrophic,81,570.1,True,vaccines,True,SEG-0030,63.5,SDRF,9153697,2336187,373.4,moderate,2023-24
DSR-01123,SEG-0013,D-ML-01,ML,NH-6,landslide,LS-01941,2023-04-27T22:45:00,2023-04-28T20:39:00,21.9,full,moderate,30,98.9,True,fuel,True,SEG-0014,48.1,NDRF,945615,280562,667.8,very_high,2023-24
DSR-01362,SEG-0053,D-SK-03,SK,NH-510,landslide,LS-02366,2023-04-28T08:15:00,2023-04-30T01:15:00,41.0,full,moderate,31,267.5,True,medicines,True,SEG-0052,91.2,NDRF,689569,425183,330.0,high,2023-24
DSR-01324,SEG-0064,D-AR-03,AR,NH-13-W,landslide,LS-02285,2023-05-01T00:30:00,2023-05-01T09:30:00,9.0,partial,moderate,84,239.7,False,relief_supplies,True,SEG-0063,45.1,NHIDCL,1046095,1222934,105.8,very_high,2023-24
DSR-01535,SEG-0052,D-SK-01,SK,NH-510,landslide,LS-02669,2023-05-03T00:15:00,2023-05-03T03:03:00,2.8,partial,minor,19,161.5,True,medicines,True,SEG-0053,11.3,NHIDCL,130203,311900,419.8,very_high,2023-24
DSR-01364,SEG-0013,D-ML-01,ML,NH-6,landslide,LS-02373,2023-05-03T17:15:00,2023-05-03T18:15:00,1.0,partial,minor,42,226.8,False,vaccines,True,SEG-0014,70.4,NDRF,57426,698942,482.5,very_high,2023-24
DSR-01587,SEG-0034,D-MZ-04,MZ,NH-306,landslide,LS-02783,2023-05-04T08:30:00,2023-05-04T09:30:00,1.0,partial,minor,11,47.1,False,construction_material,True,SEG-0037,134.4,SDRF,70461,222425,222.0,high,2023-24
DSR-01500,SEG-0054,D-SK-03,SK,NH-510,landslide,LS-02615,2023-05-05T15:45:00,2023-05-06T03:03:00,11.3,partial,moderate,0,0.0,False,fuel,True,SEG-0055,10.9,NDRF,609223,0,21.3,high,2023-24
DSR-01425,SEG-0047,D-SK-01,SK,NH-10,landslide,LS-02469,2023-05-07T17:30:00,2023-05-09T06:00:00,36.5,full,moderate,146,621.1,False,relief_supplies,True,SEG-0048,17.2,SDRF,3667904,1731423,333.7,high,2023-24
DSR-01138,SEG-0028,D-MN-01,MN,NH-37,landslide,LS-01972,2023-05-08T13:45:00,2023-05-08T14:45:00,1.0,partial,minor,124,990.3,False,lpg_cylinders,True,SEG-0031,81.9,SDRF,93261,4223015,207.3,high,2023-24
DSR-01169,SEG-0064,D-AR-03,AR,NH-13-W,landslide,LS-02022,2023-05-08T20:00:00,2023-05-09T07:54:00,11.9,partial,moderate,101,514.2,True,fuel,True,SEG-0063,62.8,BRO (Border Roads Organisation),1498405,1872325,109.9,very_high,2023-24
DSR-02270,SEG-0032,D-MN-01,MN,NH-2-S,protest_blockade,,2023-05-09T04:30:00,2023-05-10T19:42:00,39.2,full,moderate,59,253.6,True,construction_material,True,SEG-0024,116.7,SDRF,373073,896645,64.3,high,2023-24
DSR-01236,SEG-0060,D-AR-06,AR,NH-13,landslide,LS-02133,2023-05-09T19:15:00,2023-05-09T20:15:00,1.0,partial,minor,97,267.3,True,food_grains,True,SEG-0059,99.4,State PWD,115830,1149918,284.9,very_high,2023-24
DSR-01574,SEG-0014,D-ML-01,ML,NH-6,landslide,LS-02754,2023-05-09T23:45:00,2023-05-10T02:33:00,2.8,partial,moderate,26,229.4,False,vaccines,True,SEG-0015,176.6,State PWD,269617,246081,917.3,high,2023-24
DSR-01147,SEG-0013,D-ML-01,ML,NH-6,landslide,LS-01989,2023-05-10T03:30:00,2023-05-11T12:24:00,32.9,full,moderate,74,433.2,False,construction_material,True,SEG-0012,34.9,NDRF,3553355,718988,292.0,very_high,2023-24
DSR-01473,SEG-0042,D-TR-02,TR,NH-8,landslide,LS-02560,2023-05-10T09:00:00,2023-05-10T10:00:00,1.0,partial,minor,79,543.1,False,relief_supplies,True,SEG-0043,20.9,NDRF,128943,1095200,73.2,moderate,2023-24
DSR-01980,SEG-0030,D-MN-04,MN,NH-37,accident_blockage,,2023-05-10T21:00:00,2023-05-11T06:36:00,9.6,partial,moderate,15,59.6,False,fuel,True,SEG-0016,38.6,State PWD,232163,79035,112.0,moderate,2023-24
DSR-01481,SEG-0029,D-MN-04,MN,NH-37,landslide,LS-02575,2023-05-11T06:45:00,2023-05-16T01:39:00,114.9,full,major,121,729.9,False,food_grains,True,SEG-0028,55.5,BRO (Border Roads Organisation),9852517,2421191,276.1,moderate,2023-24
DSR-01619,SEG-0032,D-MN-01,MN,NH-2-S,landslide,LS-02824,2023-05-12T00:15:00,2023-05-12T03:21:00,3.1,partial,minor,4,25.9,False,lpg_cylinders,True,SEG-0028,104.0,BRO (Border Roads Organisation),79381,38864,10.9,high,2023-24
DSR-01168,SEG-0058,D-AR-01,AR,NH-13,landslide,LS-02020,2023-05-12T04:45:00,2023-05-12T05:45:00,1.0,partial,minor,54,255.9,True,food_grains,True,SEG-0056,141.7,BRO (Border Roads Organisation),22918,707850,211.1,high,2023-24
DSR-01391,SEG-0014,D-ML-01,ML,NH-6,landslide,LS-02411,2023-05-13T00:00:00,2023-05-13T20:24:00,20.4,full,moderate,95,450.2,True,relief_supplies,True,SEG-0013,81.5,NDRF,550738,756153,301.3,high,2023-24
DSR-01968,SEG-0007,D-AS-09,AS,NH-27,fallen_tree,,2023-05-13T16:45:00,2023-05-14T04:03:00,11.3,partial,moderate,0,0.0,True,vaccines,True,SEG-0006,81.5,NHIDCL,545777,0,190.7,low,2023-24
DSR-01247,SEG-0029,D-MN-04,MN,NH-37,landslide,LS-02154,2023-05-14T00:00:00,2023-05-14T03:24:00,3.4,partial,moderate,33,181.3,True,relief_supplies,True,SEG-0030,43.6,SDRF,220438,599789,586.3,moderate,2023-24
DSR-01525,SEG-0068,D-AS-08,AS,NH-27-DH,landslide,LS-02654,2023-05-14T15:00:00,2023-05-14T16:18:00,1.3,partial,minor,45,194.0,False,food_grains,True,SEG-0069,101.5,NDRF,79880,724304,161.8,high,2023-24
DSR-01303,SEG-0027,D-NL-03,NL,NH-29,landslide,LS-02245,2023-05-15T07:45:00,2023-05-15T14:45:00,7.0,partial,moderate,47,397.6,True,vaccines,True,SEG-0026,74.0,BRO (Border Roads Organisation),938465,1406471,240.7,high,2023-24
DSR-01559,SEG-0047,D-SK-01,SK,NH-10,landslide,LS-02719,2023-05-15T10:30:00,2023-05-15T22:30:00,12.0,partial,moderate,91,698.1,False,lpg_cylinders,True,SEG-0046,71.8,NDRF,1012724,2725074,373.1,high,2023-24
DSR-02101,SEG-0070,D-AS-02,AS,NH-36,bridge_damage,,2023-05-15T21:45:00,2023-06-06T17:21:00,523.6,full,major,0,0.0,True,construction_material,True,SEG-0006,63.9,NHIDCL,24666177,0,333.2,low,2023-24
DSR-01488,SEG-0011,D-AS-04,AS,NH-27,landslide,LS-02585,2023-05-16T05:15:00,2023-05-16T06:15:00,1.0,partial,minor,0,0.0,True,lpg_cylinders,True,SEG-0010,123.5,State PWD,128874,0,413.0,low,2023-24
DSR-01392,SEG-0037,D-MZ-01,MZ,NH-302,landslide,LS-02413,2023-05-16T21:15:00,2023-05-16T22:15:00,1.0,partial,minor,21,128.5,False,vaccines,True,SEG-0035,68.7,BRO (Border Roads Organisation),15220,218142,320.1,high,2023-24
DSR-01844,SEG-0037,D-MZ-01,MZ,NH-302,accident_blockage,,2023-05-17T19:00:00,2023-05-19T12:36:00,41.6,full,moderate,53,198.1,True,medicines,True,SEG-0035,72.1,NDRF,1666860,702444,32.9,high,2023-24
DSR-01602,SEG-0051,D-SK-02,SK,NH-310,landslide,LS-02803,2023-05-18T19:45:00,2023-05-20T08:03:00,36.3,full,moderate,123,584.0,False,relief_supplies,True,SEG-0050,17.7,BRO (Border Roads Organisation),3524828,2351236,69.6,very_high,2023-24
DSR-01111,SEG-0013,D-ML-01,ML,NH-6,landslide,LS-01924,2023-05-19T15:45:00,2023-05-19T18:15:00,2.5,partial,minor,45,359.5,False,relief_supplies,True,SEG-0014,49.0,NHIDCL,342566,364841,5.5,very_high,2023-24
DSR-01441,SEG-0026,D-NL-04,NL,NH-29,landslide,LS-02494,2023-05-19T23:45:00,2023-05-20T00:45:00,1.0,partial,minor,0,0.0,True,agri_produce,True,SEG-0025,95.3,BRO (Border Roads Organisation),131083,0,415.1,high,2023-24
DSR-01639,SEG-0042,D-TR-02,TR,NH-8,flood,,2023-05-20T04:15:00,2023-05-25T13:21:00,129.1,full,major,29,88.7,False,fuel,True,SEG-0043,28.5,State PWD,5934111,306748,689.2,moderate,2023-24
DSR-01990,SEG-0070,D-AS-02,AS,NH-36,flood,,2023-05-21T20:15:00,2023-06-04T11:57:00,327.7,full,major,92,359.7,False,relief_supplies,True,SEG-0006,80.9,NDRF,4878297,574800,251.6,low,2023-24
DSR-01264,SEG-0027,D-NL-03,NL,NH-29,landslide,LS-02181,2023-05-22T08:30:00,2023-05-22T09:30:00,1.0,partial,minor,70,417.9,True,construction_material,True,SEG-0026,74.7,NHIDCL,108176,1688928,113.8,high,2023-24
DSR-01571,SEG-0046,D-WB-01,WB,NH-10,landslide,LS-02741,2023-05-24T01:45:00,2023-05-24T06:15:00,4.5,partial,moderate,0,0.0,True,fuel,True,SEG-0001,322.3,BRO (Border Roads Organisation),307263,0,435.4,very_high,2023-24
DSR-01575,SEG-0013,D-ML-01,ML,NH-6,landslide,LS-02757,2023-05-24T21:45:00,2023-05-25T14:57:00,17.2,full,moderate,155,534.7,True,lpg_cylinders,True,SEG-0014,41.4,NDRF,1998861,1138152,797.8,very_high,2023-24
DSR-01297,SEG-0064,D-AR-03,AR,NH-13-W,landslide,LS-02234,2023-05-25T08:30:00,2023-05-25T11:42:00,3.2,partial,moderate,16,46.6,False,vaccines,True,SEG-0063,60.3,SDRF,319738,166805,199.9,very_high,2023-24
DSR-01203,SEG-0026,D-NL-04,NL,NH-29,landslide,LS-02082,2023-05-25T16:15:00,2023-05-25T17:45:00,1.5,partial,minor,57,262.6,False,construction_material,True,SEG-0025,73.7,NHIDCL,31915,951867,50.5,high,2023-24
DSR-01913,SEG-0022,D-NL-01,NL,NH-2,fallen_tree,,2023-05-25T23:30:00,2023-05-26T09:42:00,10.2,partial,moderate,44,169.8,True,lpg_cylinders,True,SEG-0025,69.4,NHIDCL,247529,490975,155.7,high,2023-24
DSR-01193,SEG-0052,D-SK-01,SK,NH-510,landslide,LS-02067,2023-05-27T19:00:00,2023-05-27T20:00:00,1.0,partial,minor,0,0.0,False,relief_supplies,True,SEG-0049,39.7,SDRF,55410,0,29.9,very_high,2023-24
DSR-01148,SEG-0013,D-ML-01,ML,NH-6,landslide,LS-01992,2023-05-27T21:00:00,2023-05-27T22:42:00,1.7,partial,minor,0,0.0,True,food_grains,True,SEG-0012,59.2,State PWD,56184,0,751.0,very_high,2023-24
DSR-01711,SEG-0028,D-MN-01,MN,NH-37,protest_blockade,,2023-05-28T00:00:00,2023-05-28T12:54:00,12.9,full,moderate,4,34.4,True,lpg_cylinders,True,SEG-0031,117.7,NDRF,321420,50589,14.9,high,2023-24
DSR-01404,SEG-0054,D-SK-03,SK,NH-510,landslide,LS-02435,2023-05-28T17:30:00,2023-05-28T22:18:00,4.8,full,catastrophic,22,96.2,False,construction_material,True,SEG-0055,19.9,BRO (Border Roads Organisation),68816,371940,35.7,high,2023-24
DSR-01270,SEG-0034,D-MZ-04,MZ,NH-306,landslide,LS-02190,2023-06-01T02:30:00,2023-06-01T06:00:00,3.5,partial,minor,4,31.0,False,food_grains,True,SEG-0037,96.0,State PWD,264956,121211,407.3,high,2023-24
DSR-01752,SEG-0014,D-ML-01,ML,NH-6,flood,,2023-06-01T08:15:00,2023-06-11T06:39:00,238.4,full,major,47,241.2,False,relief_supplies,True,SEG-0013,46.4,State PWD,7966954,897258,682.2,high,2023-24
DSR-01306,SEG-0032,D-MN-01,MN,NH-2-S,landslide,LS-02254,2023-06-03T03:45:00,2023-06-03T10:21:00,6.6,partial,moderate,119,481.8,False,relief_supplies,True,SEG-0028,110.3,NDRF,422476,1221660,508.2,high,2023-24
DSR-01546,SEG-0050,D-SK-02,SK,NH-310,landslide,LS-02687,2023-06-03T07:45:00,2023-06-05T10:03:00,50.3,full,moderate,61,545.6,False,agri_produce,True,SEG-0051,36.1,SDRF,2216763,659796,508.9,very_high,2023-24
DSR-01385,SEG-0014,D-ML-01,ML,NH-6,landslide,LS-02403,2023-06-04T23:15:00,2023-06-06T04:15:00,29.0,full,moderate,75,475.6,False,vaccines,True,SEG-0013,42.6,NDRF,1094368,2087263,269.7,high,2023-24
DSR-01279,SEG-0034,D-MZ-04,MZ,NH-306,landslide,LS-02205,2023-06-05T14:15:00,2023-06-05T16:57:00,2.7,partial,moderate,0,0.0,False,construction_material,True,SEG-0033,107.6,NHIDCL,341267,0,136.9,high,2023-24
DSR-01237,SEG-0050,D-SK-02,SK,NH-310,landslide,LS-02134,2023-06-06T01:30:00,2023-06-06T07:36:00,6.1,partial,moderate,106,596.5,True,food_grains,True,SEG-0049,26.3,NHIDCL,451760,1762430,160.9,very_high,2023-24
DSR-01940,SEG-0016,D-AS-12,AS,NH-6,road_subsidence,,2023-06-07T11:00:00,2023-06-12T18:00:00,127.0,full,major,66,178.7,False,agri_produce,True,SEG-0015,91.0,NHIDCL,4574011,998392,186.4,low,2023-24
DSR-01341,SEG-0058,D-AR-01,AR,NH-13,landslide,LS-02323,2023-06-07T11:30:00,2023-06-07T21:06:00,9.6,partial,moderate,0,0.0,False,food_grains,True,SEG-0057,125.2,SDRF,344689,0,2.2,high,2023-24
DSR-01217,SEG-0052,D-SK-01,SK,NH-510,landslide,LS-02103,2023-06-07T19:30:00,2023-06-07T22:30:00,3.0,partial,minor,22,133.8,False,fuel,True,SEG-0053,8.0,State PWD,126827,579145,175.6,very_high,2023-24
DSR-01313,SEG-0052,D-SK-01,SK,NH-510,landslide,LS-02264,2023-06-07T22:15:00,2023-06-10T12:03:00,61.8,full,moderate,121,500.1,True,agri_produce,True,SEG-0048,26.7,State PWD,1316190,923448,471.9,very_high,2023-24
DSR-01909,SEG-0021,D-NL-02,NL,NH-2,protest_blockade,,2023-06-08T02:45:00,2023-06-08T13:09:00,10.4,partial,moderate,49,195.4,False,medicines,True,SEG-0025,103.7,SDRF,247028,386021,90.7,high,2023-24
DSR-01843,SEG-0037,D-MZ-01,MZ,NH-302,flood,,2023-06-08T09:45:00,2023-06-22T23:45:00,350.0,full,major,56,446.2,True,food_grains,True,SEG-0034,129.2,State PWD,11471374,1552154,681.6,high,2023-24
DSR-01259,SEG-0013,D-ML-01,ML,NH-6,landslide,LS-02176,2023-06-08T12:45:00,2023-06-08T14:27:00,1.7,partial,minor,1,2.5,True,fuel,True,SEG-0012,73.3,NHIDCL,47219,8945,311.0,very_high,2023-24
DSR-01335,SEG-0061,D-AR-06,AR,NH-13,landslide,LS-02303,2023-06-08T17:15:00,2023-06-10T05:03:00,35.8,full,moderate,73,555.5,True,lpg_cylinders,True,SEG-0060,131.5,NHIDCL,2468786,743609,227.1,high,2023-24
DSR-01456,SEG-0025,D-NL-01,NL,NH-29,landslide,LS-02524,2023-06-09T04:30:00,2023-06-09T06:24:00,1.9,partial,minor,0,0.0,False,food_grains,True,SEG-0021,103.6,BRO (Border Roads Organisation),41040,0,40.7,high,2023-24
DSR-01107,SEG-0066,D-AR-09,AR,NH-315,landslide,LS-01909,2023-06-09T09:00:00,2023-06-09T10:00:00,1.0,partial,minor,104,268.5,True,food_grains,True,SEG-0065,54.3,BRO (Border Roads Organisation),52747,1186160,339.9,very_high,2023-24
DSR-01211,SEG-0050,D-SK-02,SK,NH-310,landslide,LS-02096,2023-06-09T15:00:00,2023-06-09T19:00:00,4.0,partial,minor,44,140.2,False,agri_produce,True,SEG-0051,20.0,NDRF,506378,699116,380.0,very_high,2023-24
DSR-01242,SEG-0063,D-AR-03,AR,NH-13-W,landslide,LS-02145,2023-06-10T15:00:00,2023-06-10T22:06:00,7.1,partial,moderate,0,0.0,False,lpg_cylinders,True,SEG-0064,135.0,NHIDCL,821466,0,17.2,high,2023-24
DSR-01369,SEG-0026,D-NL-04,NL,NH-29,landslide,LS-02380,2023-06-11T03:15:00,2023-06-11T04:51:00,1.6,partial,minor,125,882.1,False,lpg_cylinders,True,SEG-0025,126.7,NDRF,144315,2671881,145.6,high,2023-24
DSR-01202,SEG-0064,D-AR-03,AR,NH-13-W,landslide,LS-02081,2023-06-11T03:45:00,2023-06-11T10:39:00,6.9,partial,moderate,83,212.2,True,relief_supplies,True,SEG-0063,62.5,State PWD,209305,627952,141.5,very_high,2023-24
DSR-01185,SEG-0059,D-AR-04,AR,NH-13,landslide,LS-02055,2023-06-11T09:00:00,2023-06-11T17:42:00,8.7,partial,moderate,84,273.0,False,medicines,True,SEG-0060,121.4,NHIDCL,1051631,630798,203.6,very_high,2023-24
DSR-01446,SEG-0066,D-AR-09,AR,NH-315,landslide,LS-02503,2023-06-11T10:15:00,2023-06-12T09:33:00,23.3,full,moderate,161,1345.2,False,construction_material,True,SEG-0065,89.8,NHIDCL,497562,3362747,142.3,very_high,2023-24
DSR-01617,SEG-0035,D-MZ-01,MZ,NH-306,landslide,LS-02822,2023-06-11T12:00:00,2023-06-11T13:00:00,1.0,partial,minor,19,112.7,False,vaccines,True,SEG-0036,81.5,BRO (Border Roads Organisation),109776,472494,227.2,high,2023-24
DSR-01476,SEG-0041,D-TR-03,TR,NH-8,landslide,LS-02564,2023-06-11T16:00:00,2023-06-11T20:48:00,4.8,partial,moderate,0,0.0,False,agri_produce,True,SEG-0040,71.4,SDRF,197223,0,72.7,low,2023-24
DSR-01516,SEG-0032,D-MN-01,MN,NH-2-S,landslide,LS-02639,2023-06-11T18:15:00,2023-06-12T05:15:00,11.0,partial,moderate,77,296.3,True,vaccines,True,SEG-0024,76.9,BRO (Border Roads Organisation),341766,1092500,38.7,high,2023-24
DSR-01146,SEG-0064,D-AR-03,AR,NH-13-W,landslide,LS-01988,2023-06-11T23:45:00,2023-06-12T07:51:00,8.1,partial,moderate,0,0.0,False,construction_material,True,SEG-0063,84.9,State PWD,1065452,0,407.5,very_high,2023-24
DSR-01601,SEG-0056,D-AS-09,AS,NH-15,landslide,LS-02802,2023-06-12T08:15:00,2023-06-12T09:15:00,1.0,partial,minor,0,0.0,False,fuel,True,SEG-0007,270.0,SDRF,66838,0,204.6,low,2023-24
DSR-01415,SEG-0014,D-ML-01,ML,NH-6,landslide,LS-02450,2023-06-12T21:30:00,2023-06-13T02:24:00,4.9,partial,minor,28,72.2,False,food_grains,True,SEG-0013,46.9,NDRF,314383,243927,254.7,high,2023-24
DSR-01199,SEG-0064,D-AR-03,AR,NH-13-W,landslide,LS-02075,2023-06-13T06:30:00,2023-06-18T13:36:00,127.1,full,major,58,400.5,False,vaccines,True,SEG-0063,40.0,BRO (Border Roads Organisation),16377692,692340,20.2,very_high,2023-24
DSR-01388,SEG-0050,D-SK-02,SK,NH-310,landslide,LS-02407,2023-06-13T19:30:00,2023-06-13T20:30:00,1.0,partial,minor,0,0.0,False,vaccines,True,SEG-0049,36.4,SDRF,34214,0,355.1,very_high,2023-24
DSR-02143,SEG-0004,D-AS-01,AS,NH-27,road_subsidence,,2023-06-13T21:30:00,2023-06-15T02:42:00,29.2,full,moderate,108,674.7,True,construction_material,True,SEG-0005,143.9,NHIDCL,303175,2748251,224.7,low,2023-24
DSR-01498,SEG-0046,D-WB-01,WB,NH-10,landslide,LS-02611,2023-06-14T11:00:00,2023-06-15T13:30:00,26.5,full,moderate,153,814.3,True,fuel,True,SEG-0001,463.8,State PWD,2372238,2120819,370.2,very_high,2023-24
DSR-01377,SEG-0051,D-SK-02,SK,NH-310,landslide,LS-02391,2023-06-15T15:00:00,2023-06-15T17:42:00,2.7,partial,minor,24,74.4,False,food_grains,True,SEG-0050,34.1,NHIDCL,368502,288025,445.6,very_high,2023-24
DSR-01467,SEG-0055,D-SK-04,SK,NH-510,landslide,LS-02546,2023-06-15T20:30:00,2023-06-16T01:12:00,4.7,partial,minor,0,0.0,True,fuel,True,SEG-0054,36.6,SDRF,209523,0,103.0,very_high,2023-24
DSR-01899,SEG-0068,D-AS-08,AS,NH-27-DH,flood,,2023-06-16T05:45:00,2023-06-25T08:45:00,219.0,full,major,131,456.8,False,lpg_cylinders,True,SEG-0069,75.3,NDRF,10256805,1859224,497.7,high,2023-24
DSR-01921,SEG-0057,D-AR-01,AR,NH-15,flood,,2023-06-16T07:45:00,2023-06-25T04:09:00,212.4,full,major,9,74.3,True,vaccines,True,SEG-0058,110.4,BRO (Border Roads Organisation),3806891,200348,459.0,moderate,2023-24
DSR-01398,SEG-0069,D-AS-07,AS,NH-27-DH,landslide,LS-02424,2023-06-16T14:15:00,2023-06-29T08:33:00,306.3,full,major,70,438.1,False,construction_material,True,SEG-0016,32.4,NHIDCL,10412882,1741368,268.4,high,2023-24
DSR-01442,SEG-0058,D-AR-01,AR,NH-13,landslide,LS-02495,2023-06-16T20:15:00,2023-06-17T00:15:00,4.0,partial,minor,77,555.0,False,lpg_cylinders,True,SEG-0059,103.3,State PWD,97577,1089612,153.0,high,2023-24
DSR-01310,SEG-0068,D-AS-08,AS,NH-27-DH,landslide,LS-02259,2023-06-17T00:45:00,2023-06-18T03:51:00,27.1,full,moderate,116,525.2,True,medicines,True,SEG-0069,65.5,NHIDCL,798309,655024,324.3,high,2023-24
DSR-01540,SEG-0035,D-MZ-01,MZ,NH-306,landslide,LS-02677,2023-06-17T03:45:00,2023-06-17T04:45:00,1.0,partial,minor,0,0.0,False,vaccines,True,SEG-0034,67.8,State PWD,142415,0,365.4,high,2023-24
DSR-01592,SEG-0053,D-SK-03,SK,NH-510,landslide,LS-02790,2023-06-17T11:45:00,2023-06-17T14:39:00,2.9,partial,minor,50,313.9,True,vaccines,True,SEG-0054,37.6,NHIDCL,131792,1413494,386.0,high,2023-24
DSR-01824,SEG-0054,D-SK-03,SK,NH-510,flood,,2023-06-18T01:00:00,2023-06-30T08:42:00,295.7,full,major,8,59.1,False,agri_produce,True,SEG-0055,13.9,State PWD,5518437,172828,240.6,high,2023-24
DSR-02278,SEG-0009,D-AS-03,AS,NH-27,fallen_tree,,2023-06-18T05:00:00,2023-06-18T10:18:00,5.3,partial,minor,0,0.0,False,food_grains,True,SEG-0008,49.4,BRO (Border Roads Organisation),135136,0,116.9,low,2023-24
DSR-01485,SEG-0019,D-ML-03,ML,NH-27-SPUR,landslide,LS-02581,2023-06-18T14:30:00,2023-06-18T16:00:00,1.5,partial,minor,0,0.0,False,fuel,True,SEG-0020,80.8,NHIDCL,66229,0,119.0,moderate,2023-24
DSR-01149,SEG-0018,D-AS-10,AS,NH-27-SPUR,landslide,LS-01993,2023-06-18T15:30:00,2023-06-18T22:54:00,7.4,partial,moderate,16,40.2,True,agri_produce,True,SEG-0017,223.6,BRO (Border Roads Organisation),163606,173762,560.8,moderate,2023-24
DSR-01160,SEG-0068,D-AS-08,AS,NH-27-DH,landslide,LS-02009,2023-06-19T14:00:00,2023-06-26T02:42:00,156.7,full,major,69,491.5,False,construction_material,True,SEG-0069,112.4,BRO (Border Roads Organisation),2934027,690487,207.5,high,2023-24
DSR-01412,SEG-0054,D-SK-03,SK,NH-510,landslide,LS-02446,2023-06-19T19:30:00,2023-06-20T00:48:00,5.3,partial,moderate,0,0.0,False,agri_produce,True,SEG-0053,9.9,NHIDCL,55705,0,450.9,high,2023-24
DSR-01132,SEG-0062,D-AS-09,AS,NH-13-W,landslide,LS-01959,2023-06-19T21:15:00,2023-06-20T01:33:00,4.3,partial,minor,40,244.3,False,construction_material,True,SEG-0006,42.0,NHIDCL,396495,1088607,610.3,high,2023-24
DSR-01387,SEG-0035,D-MZ-01,MZ,NH-306,landslide,LS-02406,2023-06-19T22:45:00,2023-06-20T11:15:00,12.5,full,moderate,108,422.2,False,fuel,True,SEG-0036,120.4,NDRF,1105819,1550158,62.2,high,2023-24
DSR-01503,SEG-0013,D-ML-01,ML,NH-6,landslide,LS-02618,2023-06-20T03:15:00,2023-06-20T04:15:00,1.0,partial,minor,0,0.0,False,medicines,True,SEG-0014,46.6,BRO (Border Roads Organisation),134379,0,45.9,very_high,2023-24
DSR-01381,SEG-0047,D-SK-01,SK,NH-10,landslide,LS-02396,2023-06-20T09:45:00,2023-06-20T11:21:00,1.6,partial,minor,16,122.5,False,medicines,True,SEG-0048,35.9,NHIDCL,174839,534990,321.6,high,2023-24
DSR-01294,SEG-0032,D-MN-01,MN,NH-2-S,landslide,LS-02227,2023-06-20T12:45:00,2023-06-20T13:45:00,1.0,partial,minor,46,365.1,True,vaccines,True,SEG-0028,59.0,NDRF,29966,1242283,157.8,high,2023-24
DSR-01511,SEG-0059,D-AR-04,AR,NH-13,landslide,LS-02631,2023-06-21T09:45:00,2023-06-21T10:51:00,1.1,partial,minor,49,387.6,False,fuel,True,SEG-0060,145.9,NDRF,114195,1175230,478.4,very_high,2023-24
DSR-01432,SEG-0046,D-WB-01,WB,NH-10,landslide,LS-02480,2023-06-21T13:00:00,2023-06-21T14:00:00,1.0,partial,minor,19,109.6,False,agri_produce,True,SEG-0047,12.0,BRO (Border Roads Organisation),79512,443070,227.8,very_high,2023-24
DSR-01561,SEG-0042,D-TR-02,TR,NH-8,landslide,LS-02722,2023-06-21T20:45:00,2023-06-21T23:39:00,2.9,partial,minor,0,0.0,True,food_grains,True,SEG-0043,44.3,State PWD,389105,0,25.0,moderate,2023-24
DSR-01384,SEG-0060,D-AR-06,AR,NH-13,landslide,LS-02400,2023-06-22T08:45:00,2023-06-22T11:33:00,2.8,partial,minor,26,171.0,False,medicines,True,SEG-0061,130.3,BRO (Border Roads Organisation),382417,583337,547.8,very_high,2023-24
DSR-01965,SEG-0027,D-NL-03,NL,NH-29,fallen_tree,,2023-06-22T21:30:00,2023-06-22T23:30:00,2.0,partial,minor,0,0.0,False,food_grains,True,SEG-0026,39.8,NDRF,39680,0,174.4,high,2023-24
DSR-01302,SEG-0046,D-WB-01,WB,NH-10,landslide,LS-02244,2023-06-22T22:00:00,2023-06-22T23:00:00,1.0,partial,minor,9,61.0,False,vaccines,True,SEG-0001,328.9,NHIDCL,43044,279629,427.6,very_high,2023-24
DSR-01613,SEG-0047,D-SK-01,SK,NH-10,landslide,LS-02818,2023-06-23T03:30:00,2023-06-23T10:00:00,6.5,partial,moderate,0,0.0,False,relief_supplies,True,SEG-0048,27.6,State PWD,905391,0,565.8,high,2023-24
DSR-01379,SEG-0032,D-MN-01,MN,NH-2-S,landslide,LS-02394,2023-06-24T00:15:00,2023-06-24T02:21:00,2.1,partial,minor,20,166.9,False,medicines,True,SEG-0024,91.6,SDRF,72209,564263,529.6,high,2023-24
DSR-01682,SEG-0005,D-AS-01,AS,NH-27,protest_blockade,,2023-06-24T07:15:00,2023-06-25T07:21:00,24.1,full,moderate,45,359.0,False,agri_produce,True,SEG-0004,98.3,State PWD,1091660,683775,42.1,low,2023-24
DSR-01245,SEG-0037,D-MZ-01,MZ,NH-302,landslide,LS-02149,2023-06-25T17:00:00,2023-06-30T20:12:00,123.2,full,major,85,621.7,True,lpg_cylinders,True,SEG-0035,126.8,NDRF,4545245,2286640,478.3,high,2023-24
DSR-01114,SEG-0064,D-AR-03,AR,NH-13-W,landslide,LS-01928,2023-06-25T18:00:00,2023-06-26T20:24:00,26.4,full,moderate,49,294.7,True,vaccines,True,SEG-0063,86.0,State PWD,3606575,972088,400.6,very_high,2023-24
DSR-02031,SEG-0048,D-SK-01,SK,NH-10,fallen_tree,,2023-06-26T04:00:00,2023-06-27T00:24:00,20.4,full,moderate,97,768.1,True,vaccines,True,SEG-0049,35.4,State PWD,539357,2109053,132.7,high,2023-24
DSR-01591,SEG-0057,D-AR-01,AR,NH-15,landslide,LS-02788,2023-06-26T10:00:00,2023-06-28T18:30:00,56.5,full,major,32,90.9,False,fuel,True,SEG-0058,68.4,NHIDCL,1520849,428883,614.4,moderate,2023-24
DSR-01337,SEG-0061,D-AR-06,AR,NH-13,landslide,LS-02312,2023-06-27T13:00:00,2023-06-27T15:54:00,2.9,partial,moderate,74,303.2,False,fuel,True,SEG-0060,134.0,NDRF,379129,1126437,532.0,high,2023-24
DSR-01518,SEG-0051,D-SK-02,SK,NH-310,landslide,LS-02643,2023-06-27T13:30:00,2023-06-30T14:18:00,72.8,full,major,65,198.7,False,fuel,True,SEG-0050,20.0,State PWD,1982921,478081,169.4,very_high,2023-24
DSR-02085,SEG-0030,D-MN-04,MN,NH-37,accident_blockage,,2023-06-27T18:00:00,2023-06-28T07:18:00,13.3,full,moderate,55,379.7,True,food_grains,True,SEG-0033,105.0,NHIDCL,130599,1411959,1.5,moderate,2023-24
DSR-01181,SEG-0019,D-ML-03,ML,NH-27-SPUR,landslide,LS-02047,2023-06-28T16:30:00,2023-06-29T05:06:00,12.6,full,moderate,94,774.7,False,relief_supplies,True,SEG-0018,144.7,BRO (Border Roads Organisation),592444,1990881,846.5,moderate,2023-24
DSR-01896,SEG-0047,D-SK-01,SK,NH-10,flood,,2023-06-28T22:45:00,2023-07-03T03:09:00,100.4,full,major,4,22.4,True,vaccines,True,SEG-0048,38.1,NHIDCL,1623783,105277,534.5,high,2023-24
DSR-01570,SEG-0023,D-MN-05,MN,NH-2,landslide,LS-02737,2023-07-01T04:00:00,2023-07-01T05:00:00,1.0,partial,minor,3,14.3,False,medicines,True,SEG-0024,76.4,SDRF,67811,46979,54.1,moderate,2023-24
DSR-01976,SEG-0056,D-AS-09,AS,NH-15,protest_blockade,,2023-07-01T09:30:00,2023-07-01T17:18:00,7.8,partial,moderate,3,7.8,False,construction_material,True,SEG-0057,60.6,BRO (Border Roads Organisation),189162,20595,143.4,low,2023-24
DSR-02299,SEG-0022,D-NL-01,NL,NH-2,fallen_tree,,2023-07-01T11:30:00,2023-07-02T16:06:00,28.6,full,moderate,83,705.5,False,vaccines,True,SEG-0023,56.7,SDRF,824607,2025700,181.2,high,2023-24
DSR-01346,SEG-0012,D-AS-01,AS,NH-6,landslide,LS-02329,2023-07-01T20:15:00,2023-07-02T21:57:00,25.7,full,major,117,317.5,False,relief_supplies,True,SEG-0004,54.3,SDRF,743003,1399043,333.5,high,2023-24
DSR-01482,SEG-0068,D-AS-08,AS,NH-27-DH,landslide,LS-02578,2023-07-01T23:30:00,2023-07-02T17:24:00,17.9,full,moderate,78,210.2,False,food_grains,True,SEG-0069,62.8,SDRF,778907,887665,388.5,high,2023-24
DSR-01450,SEG-0034,D-MZ-04,MZ,NH-306,landslide,LS-02513,2023-07-02T01:15:00,2023-07-04T01:51:00,48.6,full,major,68,353.0,False,agri_produce,True,SEG-0035,90.8,NDRF,4329175,819096,200.5,high,2023-24
DSR-01167,SEG-0066,D-AR-09,AR,NH-315,landslide,LS-02018,2023-07-02T06:30:00,2023-07-02T10:18:00,3.8,partial,minor,66,359.3,False,lpg_cylinders,True,SEG-0065,87.2,NDRF,227695,1164329,615.2,very_high,2023-24
DSR-01532,SEG-0061,D-AR-06,AR,NH-13,landslide,LS-02664,2023-07-02T07:15:00,2023-07-02T08:15:00,1.0,partial,minor,33,162.7,True,fuel,True,SEG-0060,125.5,SDRF,139998,589694,370.6,high,2023-24
DSR-01355,SEG-0054,D-SK-03,SK,NH-510,landslide,LS-02354,2023-07-02T09:30:00,2023-07-03T00:06:00,14.6,full,moderate,117,1005.0,True,relief_supplies,True,SEG-0053,8.5,NHIDCL,825652,4106429,120.3,high,2023-24
DSR-01164,SEG-0061,D-AR-06,AR,NH-13,landslide,LS-02014,2023-07-02T11:15:00,2023-07-02T13:15:00,2.0,partial,minor,0,0.0,True,agri_produce,True,SEG-0060,113.0,BRO (Border Roads Organisation),179085,0,327.6,high,2023-24
DSR-01486,SEG-0020,D-ML-04,ML,NH-27-SPUR,landslide,LS-02582,2023-07-03T11:00:00,2023-07-03T23:48:00,12.8,full,moderate,0,0.0,True,vaccines,True,SEG-0019,84.2,BRO (Border Roads Organisation),1413531,0,277.4,moderate,2023-24
DSR-01408,SEG-0060,D-AR-06,AR,NH-13,landslide,LS-02440,2023-07-03T17:15:00,2023-07-04T19:57:00,26.7,full,moderate,108,508.2,False,agri_produce,True,SEG-0061,130.1,BRO (Border Roads Organisation),1139936,791778,128.5,very_high,2023-24
DSR-02088,SEG-0012,D-AS-01,AS,NH-6,road_subsidence,,2023-07-04T01:45:00,2023-07-09T05:57:00,124.2,full,major,57,482.3,False,food_grains,True,SEG-0004,80.7,SDRF,3449102,648705,266.5,high,2023-24
DSR-01155,SEG-0035,D-MZ-01,MZ,NH-306,landslide,LS-02002,2023-07-04T15:45:00,2023-07-04T16:45:00,1.0,partial,minor,0,0.0,False,medicines,True,SEG-0036,80.5,NHIDCL,44099,0,89.2,high,2023-24
DSR-01339,SEG-0013,D-ML-01,ML,NH-6,landslide,LS-02317,2023-07-04T16:00:00,2023-07-04T17:48:00,1.8,partial,minor,97,792.4,True,lpg_cylinders,True,SEG-0014,50.3,BRO (Border Roads Organisation),227024,3094457,709.5,very_high,2023-24
DSR-01353,SEG-0013,D-ML-01,ML,NH-6,landslide,LS-02345,2023-07-04T18:45:00,2023-07-05T23:15:00,28.5,full,moderate,70,426.3,True,relief_supplies,True,SEG-0012,53.1,BRO (Border Roads Organisation),2062365,1016872,765.5,very_high,2023-24
DSR-01515,SEG-0013,D-ML-01,ML,NH-6,landslide,LS-02637,2023-07-05T16:45:00,2023-07-06T03:39:00,10.9,partial,moderate,20,170.0,False,relief_supplies,True,SEG-0012,70.0,NHIDCL,1347423,354911,649.3,very_high,2023-24
DSR-01547,SEG-0012,D-AS-01,AS,NH-6,landslide,LS-02696,2023-07-06T17:00:00,2023-07-09T09:42:00,64.7,full,major,89,276.6,False,construction_material,True,SEG-0005,206.1,State PWD,6480347,864888,322.4,high,2023-24
DSR-01262,SEG-0021,D-NL-02,NL,NH-2,landslide,LS-02179,2023-07-07T04:00:00,2023-07-07T14:30:00,10.5,partial,moderate,53,160.1,True,vaccines,True,SEG-0022,23.0,NHIDCL,235277,470509,446.5,high,2023-24
DSR-01584,SEG-0043,D-TR-02,TR,NH-8,landslide,LS-02775,2023-07-07T07:30:00,2023-07-12T01:54:00,114.4,full,major,92,526.7,False,relief_supplies,True,SEG-0044,67.6,NHIDCL,8860851,2349105,219.0,moderate,2023-24
DSR-01115,SEG-0013,D-ML-01,ML,NH-6,landslide,LS-01929,2023-07-07T17:30:00,2023-07-07T18:30:00,1.0,partial,minor,30,161.9,False,relief_supplies,True,SEG-0012,60.7,State PWD,48804,500406,194.6,very_high,2023-24
DSR-02078,SEG-0007,D-AS-09,AS,NH-27,fallen_tree,,2023-07-08T21:45:00,2023-07-09T22:45:00,25.0,full,moderate,51,167.3,False,medicines,True,SEG-0008,66.5,BRO (Border Roads Organisation),555640,458431,32.1,low,2023-24
DSR-01659,SEG-0049,D-SK-01,SK,NH-310,bridge_damage,,2023-07-08T23:30:00,2023-08-04T16:54:00,641.4,full,major,32,160.4,False,fuel,True,SEG-0052,45.4,BRO (Border Roads Organisation),14515613,598963,256.3,high,2023-24
DSR-01520,SEG-0037,D-MZ-01,MZ,NH-302,landslide,LS-02646,2023-07-09T03:30:00,2023-07-17T15:24:00,203.9,full,major,68,535.1,False,fuel,True,SEG-0035,108.8,SDRF,6938551,945970,280.4,high,2023-24
DSR-01457,SEG-0029,D-MN-04,MN,NH-37,landslide,LS-02527,2023-07-09T10:15:00,2023-07-10T14:33:00,28.3,full,moderate,145,574.0,False,medicines,True,SEG-0030,46.7,NHIDCL,3398277,1276746,225.0,moderate,2023-24
DSR-01396,SEG-0018,D-AS-10,AS,NH-27-SPUR,landslide,LS-02418,2023-07-10T03:30:00,2023-07-11T18:48:00,39.3,full,moderate,58,332.7,True,lpg_cylinders,True,SEG-0017,249.8,NHIDCL,4102587,1400885,172.1,moderate,2023-24
DSR-01606,SEG-0066,D-AR-09,AR,NH-315,landslide,LS-02807,2023-07-10T11:00:00,2023-07-11T18:00:00,31.0,full,moderate,8,65.7,False,lpg_cylinders,True,SEG-0065,59.3,NHIDCL,1054817,195712,369.9,very_high,2023-24
DSR-01240,SEG-0052,D-SK-01,SK,NH-510,landslide,LS-02141,2023-07-10T16:45:00,2023-07-11T01:21:00,8.6,partial,moderate,65,250.5,False,relief_supplies,True,SEG-0053,10.6,SDRF,461589,842239,382.9,very_high,2023-24
DSR-01894,SEG-0064,D-AR-03,AR,NH-13-W,fallen_tree,,2023-07-11T15:00:00,2023-07-12T12:54:00,21.9,full,moderate,15,43.2,False,relief_supplies,True,SEG-0063,70.7,NHIDCL,803935,127092,113.9,very_high,2023-24
DSR-01382,SEG-0036,D-MZ-05,MZ,NH-306,landslide,LS-02398,2023-07-11T17:00:00,2023-07-11T18:00:00,1.0,full,major,12,98.8,False,fuel,True,SEG-0035,67.5,NDRF,110627,141921,447.1,high,2023-24
DSR-01426,SEG-0051,D-SK-02,SK,NH-310,landslide,LS-02470,2023-07-11T17:15:00,2023-07-11T22:39:00,5.4,partial,minor,0,0.0,False,food_grains,True,SEG-0050,20.3,SDRF,222354,0,536.2,very_high,2023-24
DSR-01207,SEG-0014,D-ML-01,ML,NH-6,landslide,LS-02091,2023-07-11T23:45:00,2023-07-12T02:03:00,2.3,partial,minor,0,0.0,False,agri_produce,True,SEG-0013,48.1,State PWD,310121,0,267.8,high,2023-24
DSR-01282,SEG-0052,D-SK-01,SK,NH-510,landslide,LS-02209,2023-07-12T01:00:00,2023-07-15T23:42:00,94.7,full,major,64,567.3,False,construction_material,True,SEG-0049,45.0,NHIDCL,4327541,1543425,446.8,very_high,2023-24
DSR-01754,SEG-0052,D-SK-01,SK,NH-510,flood,,2023-07-12T11:45:00,2023-07-28T10:27:00,382.7,full,major,14,90.6,True,lpg_cylinders,True,SEG-0053,12.2,BRO (Border Roads Organisation),11282875,156194,270.0,very_high,2023-24
DSR-01307,SEG-0015,D-ML-02,ML,NH-6,landslide,LS-02255,2023-07-12T23:00:00,2023-07-13T19:18:00,20.3,full,moderate,86,458.7,True,construction_material,True,SEG-0014,72.6,NDRF,2516084,1641302,476.8,high,2023-24
DSR-01580,SEG-0013,D-ML-01,ML,NH-6,landslide,LS-02765,2023-07-13T00:15:00,2023-07-13T08:15:00,8.0,partial,moderate,0,0.0,False,vaccines,True,SEG-0012,55.8,BRO (Border Roads Organisation),600626,0,753.3,very_high,2023-24
DSR-01519,SEG-0052,D-SK-01,SK,NH-510,landslide,LS-02644,2023-07-13T12:45:00,2023-07-15T16:09:00,51.4,full,moderate,45,249.4,False,agri_produce,True,SEG-0049,31.7,BRO (Border Roads Organisation),3008516,542485,433.2,very_high,2023-24
DSR-02017,SEG-0058,D-AR-01,AR,NH-13,flood,,2023-07-13T16:15:00,2023-07-16T21:09:00,76.9,full,major,99,647.8,False,agri_produce,True,SEG-0057,107.8,State PWD,3664789,2614806,441.3,high,2023-24
DSR-01232,SEG-0036,D-MZ-05,MZ,NH-306,landslide,LS-02126,2023-07-14T11:00:00,2023-07-14T21:24:00,10.4,partial,moderate,36,262.2,True,food_grains,True,SEG-0035,106.3,NDRF,997971,800053,238.2,high,2023-24
DSR-01171,SEG-0069,D-AS-07,AS,NH-27-DH,landslide,LS-02028,2023-07-15T04:45:00,2023-07-16T01:03:00,20.3,full,moderate,89,714.7,False,medicines,True,SEG-0033,177.2,BRO (Border Roads Organisation),291470,2932873,80.1,high,2023-24
DSR-01825,SEG-0058,D-AR-01,AR,NH-13,fallen_tree,,2023-07-16T07:00:00,2023-07-17T10:30:00,27.5,full,moderate,58,157.2,False,construction_material,True,SEG-0056,237.1,NDRF,756791,758385,90.5,high,2023-24
DSR-01252,SEG-0025,D-NL-01,NL,NH-29,landslide,LS-02161,2023-07-16T08:15:00,2023-07-16T10:51:00,2.6,full,major,0,0.0,True,vaccines,True,SEG-0026,66.1,BRO (Border Roads Organisation),303291,0,355.4,high,2023-24
DSR-01589,SEG-0014,D-ML-01,ML,NH-6,landslide,LS-02786,2023-07-16T08:15:00,2023-07-16T10:21:00,2.1,partial,minor,91,345.6,True,medicines,True,SEG-0015,139.2,State PWD,251218,788823,74.0,high,2023-24
DSR-01435,SEG-0015,D-ML-02,ML,NH-6,landslide,LS-02484,2023-07-17T00:00:00,2023-07-20T12:12:00,84.2,full,major,99,658.3,False,fuel,True,SEG-0016,26.7,NDRF,7805502,2973761,488.6,high,2023-24
DSR-01153,SEG-0037,D-MZ-01,MZ,NH-302,landslide,LS-02000,2023-07-18T23:45:00,2023-07-19T00:45:00,1.0,partial,minor,20,90.7,False,vaccines,True,SEG-0035,101.4,State PWD,34157,134230,430.0,high,2023-24
DSR-01250,SEG-0025,D-NL-01,NL,NH-29,landslide,LS-02158,2023-07-19T09:00:00,2023-07-19T10:06:00,1.1,partial,minor,0,0.0,False,food_grains,True,SEG-0021,60.0,NHIDCL,111196,0,86.9,high,2023-24
DSR-01514,SEG-0013,D-ML-01,ML,NH-6,landslide,LS-02636,2023-07-19T14:00:00,2023-07-19T19:00:00,5.0,partial,moderate,0,0.0,False,medicines,True,SEG-0012,48.1,NHIDCL,602493,0,926.3,very_high,2023-24
DSR-01194,SEG-0054,D-SK-03,SK,NH-510,landslide,LS-02069,2023-07-20T02:45:00,2023-07-20T10:57:00,8.2,partial,moderate,78,340.7,False,fuel,True,SEG-0053,11.7,BRO (Border Roads Organisation),522827,1029268,571.3,high,2023-24
DSR-01453,SEG-0057,D-AR-01,AR,NH-15,landslide,LS-02518,2023-07-20T06:15:00,2023-07-20T11:15:00,5.0,partial,moderate,51,392.8,False,medicines,True,SEG-0058,130.1,BRO (Border Roads Organisation),591315,1693278,343.2,moderate,2023-24
DSR-01406,SEG-0026,D-NL-04,NL,NH-29,landslide,LS-02438,2023-07-20T14:45:00,2023-07-21T06:39:00,15.9,full,moderate,52,234.2,False,construction_material,True,SEG-0025,92.9,NDRF,1485080,376314,597.5,high,2023-24
DSR-01429,SEG-0012,D-AS-01,AS,NH-6,landslide,LS-02476,2023-07-20T15:45:00,2023-07-20T16:45:00,1.0,partial,minor,27,116.4,True,relief_supplies,True,SEG-0013,54.9,NDRF,115476,209487,540.0,high,2023-24
DSR-01400,SEG-0027,D-NL-03,NL,NH-29,landslide,LS-02429,2023-07-20T16:30:00,2023-07-27T01:18:00,152.8,full,major,75,550.6,True,agri_produce,True,SEG-0026,51.9,SDRF,11962698,823391,31.4,high,2023-24
DSR-01533,SEG-0065,D-AR-05,AR,NH-315,landslide,LS-02667,2023-07-22T01:15:00,2023-07-24T06:51:00,53.6,full,moderate,109,710.9,True,vaccines,True,SEG-0061,132.0,NHIDCL,3194988,1183012,126.6,high,2023-24
DSR-01189,SEG-0039,D-TR-01,TR,NH-8,landslide,LS-02061,2023-07-22T03:45:00,2023-07-22T12:09:00,8.4,partial,moderate,59,195.3,False,lpg_cylinders,True,SEG-0040,51.1,State PWD,703602,1057760,18.4,moderate,2023-24
DSR-01615,SEG-0013,D-ML-01,ML,NH-6,landslide,LS-02820,2023-07-23T18:30:00,2023-07-24T01:12:00,6.7,partial,moderate,0,0.0,True,medicines,True,SEG-0012,47.5,SDRF,348637,0,620.7,very_high,2023-24
DSR-01190,SEG-0055,D-SK-04,SK,NH-510,landslide,LS-02064,2023-07-23T20:00:00,2023-08-04T14:30:00,282.5,full,major,19,97.4,True,agri_produce,True,SEG-0054,38.8,SDRF,15021792,195323,278.7,very_high,2023-24
DSR-01212,SEG-0047,D-SK-01,SK,NH-10,landslide,LS-02097,2023-07-24T05:30:00,2023-07-24T06:30:00,1.0,partial,minor,44,210.6,True,construction_material,True,SEG-0046,87.7,BRO (Border Roads Organisation),88760,813670,385.3,high,2023-24
DSR-01371,SEG-0065,D-AR-05,AR,NH-315,landslide,LS-02383,2023-07-24T11:15:00,2023-07-25T20:57:00,33.7,full,moderate,132,840.9,True,fuel,True,SEG-0066,91.9,NHIDCL,1056013,2379567,147.4,high,2023-24
DSR-01930,SEG-0069,D-AS-07,AS,NH-27-DH,protest_blockade,,2023-07-25T17:30:00,2023-07-28T02:18:00,56.8,full,moderate,108,456.8,True,food_grains,True,SEG-0030,60.6,SDRF,619436,1176144,40.2,high,2023-24
DSR-01413,SEG-0067,D-AR-07,AR,NH-315,landslide,LS-02448,2023-07-25T19:45:00,2023-08-28T21:57:00,818.2,full,major,123,594.9,True,food_grains,True,SEG-0066,101.5,State PWD,33132909,2975220,231.6,moderate,2023-24
DSR-01672,SEG-0044,D-AS-12,AS,NH-8,road_subsidence,,2023-07-25T19:45:00,2023-07-29T19:33:00,95.8,full,major,21,173.0,False,construction_material,True,SEG-0045,52.8,NDRF,4586885,573808,294.5,low,2023-24
DSR-01393,SEG-0025,D-NL-01,NL,NH-29,landslide,LS-02414,2023-07-26T10:45:00,2023-07-26T19:33:00,8.8,partial,moderate,0,0.0,False,fuel,True,SEG-0026,62.9,SDRF,594177,0,57.2,high,2023-24
DSR-01205,SEG-0031,D-MN-02,MN,NH-2-S,landslide,LS-02088,2023-07-26T14:30:00,2023-07-26T15:42:00,1.2,partial,minor,0,0.0,False,medicines,True,SEG-0028,117.9,NDRF,53772,0,83.4,moderate,2023-24
DSR-01374,SEG-0023,D-MN-05,MN,NH-2,landslide,LS-02387,2023-07-26T18:45:00,2023-07-26T20:21:00,1.6,partial,minor,0,0.0,False,medicines,True,SEG-0024,84.8,NDRF,58130,0,474.1,moderate,2023-24
DSR-01644,SEG-0046,D-WB-01,WB,NH-10,accident_blockage,,2023-07-27T06:15:00,2023-07-28T05:39:00,23.4,full,moderate,69,415.8,True,lpg_cylinders,True,SEG-0001,431.4,NHIDCL,401049,1160681,45.5,very_high,2023-24
DSR-01235,SEG-0015,D-ML-02,ML,NH-6,landslide,LS-02129,2023-07-27T06:30:00,2023-07-27T07:54:00,1.4,partial,minor,40,134.5,False,relief_supplies,True,SEG-0016,22.5,NHIDCL,171858,526524,391.2,high,2023-24
DSR-02190,SEG-0011,D-AS-04,AS,NH-27,protest_blockade,,2023-07-28T03:15:00,2023-07-28T20:39:00,17.4,full,moderate,60,268.5,False,vaccines,True,SEG-0010,145.4,NHIDCL,638752,883619,37.6,low,2023-24
DSR-01610,SEG-0026,D-NL-04,NL,NH-29,landslide,LS-02812,2023-07-28T06:30:00,2023-07-29T05:24:00,22.9,full,moderate,64,377.0,True,relief_supplies,True,SEG-0027,36.7,State PWD,1392907,1703858,324.1,high,2023-24
DSR-01612,SEG-0035,D-MZ-01,MZ,NH-306,landslide,LS-02816,2023-07-28T10:45:00,2023-07-28T16:15:00,5.5,partial,moderate,15,43.4,False,food_grains,True,SEG-0036,58.8,NHIDCL,151127,213772,543.6,high,2023-24
DSR-01692,SEG-0033,D-AS-06,AS,NH-306,bridge_damage,,2023-08-01T05:30:00,2023-09-07T19:54:00,902.4,full,catastrophic,108,546.9,False,food_grains,True,SEG-0069,78.6,BRO (Border Roads Organisation),31057207,1884422,333.3,low,2023-24
DSR-02183,SEG-0042,D-TR-02,TR,NH-8,flood,,2023-08-01T15:30:00,2023-08-02T14:42:00,23.2,full,moderate,134,978.3,True,medicines,True,SEG-0041,95.6,BRO (Border Roads Organisation),222051,1093191,486.4,moderate,2023-24
DSR-01320,SEG-0046,D-WB-01,WB,NH-10,landslide,LS-02275,2023-08-01T17:30:00,2023-08-01T18:30:00,1.0,partial,minor,0,0.0,True,relief_supplies,True,SEG-0001,434.8,State PWD,27706,0,454.2,very_high,2023-24
DSR-01238,SEG-0031,D-MN-02,MN,NH-2-S,landslide,LS-02137,2023-08-02T03:30:00,2023-08-02T20:18:00,16.8,full,moderate,107,527.0,False,relief_supplies,True,SEG-0024,59.5,BRO (Border Roads Organisation),487553,1777267,198.3,moderate,2023-24
DSR-01214,SEG-0046,D-WB-01,WB,NH-10,landslide,LS-02099,2023-08-03T21:00:00,2023-08-05T12:42:00,39.7,full,moderate,85,418.4,True,vaccines,True,SEG-0001,406.7,State PWD,2941133,1483993,322.0,very_high,2023-24
DSR-01605,SEG-0061,D-AR-06,AR,NH-13,landslide,LS-02806,2023-08-04T05:15:00,2023-08-04T08:27:00,3.2,partial,minor,0,0.0,False,construction_material,True,SEG-0065,123.1,BRO (Border Roads Organisation),166730,0,206.8,high,2023-24
DSR-01327,SEG-0024,D-MN-05,MN,NH-2,landslide,LS-02288,2023-08-04T06:45:00,2023-08-04T18:15:00,11.5,partial,moderate,27,196.7,True,relief_supplies,True,SEG-0028,53.7,NHIDCL,1352420,264810,533.4,high,2023-24
DSR-01536,SEG-0033,D-AS-06,AS,NH-306,landslide,LS-02671,2023-08-04T16:00:00,2023-08-05T01:36:00,9.6,partial,moderate,0,0.0,True,vaccines,True,SEG-0016,33.5,SDRF,389142,0,11.9,low,2023-24
DSR-01461,SEG-0019,D-ML-03,ML,NH-27-SPUR,landslide,LS-02538,2023-08-05T07:45:00,2023-08-05T16:21:00,8.6,partial,moderate,42,125.1,False,lpg_cylinders,True,SEG-0018,137.3,BRO (Border Roads Organisation),512901,526496,726.6,moderate,2023-24
DSR-01204,SEG-0032,D-MN-01,MN,NH-2-S,landslide,LS-02084,2023-08-06T01:00:00,2023-08-06T03:12:00,2.2,partial,minor,0,0.0,True,vaccines,True,SEG-0028,91.5,NDRF,77181,0,612.1,high,2023-24
DSR-01331,SEG-0063,D-AR-03,AR,NH-13-W,landslide,LS-02293,2023-08-06T03:15:00,2023-08-06T10:33:00,7.3,partial,moderate,48,278.5,False,medicines,True,SEG-0062,88.7,SDRF,761738,592143,47.7,high,2023-24
DSR-02028,SEG-0024,D-MN-05,MN,NH-2,accident_blockage,,2023-08-06T17:30:00,2023-08-07T05:36:00,12.1,full,moderate,18,128.5,True,agri_produce,True,SEG-0028,57.9,NDRF,467971,516045,172.2,high,2023-24
DSR-01530,SEG-0065,D-AR-05,AR,NH-315,landslide,LS-02662,2023-08-06T21:15:00,2023-08-06T22:33:00,1.3,partial,minor,0,0.0,True,medicines,True,SEG-0066,79.1,SDRF,17200,0,464.9,high,2023-24
DSR-01522,SEG-0054,D-SK-03,SK,NH-510,landslide,LS-02649,2023-08-07T01:00:00,2023-08-07T10:06:00,9.1,partial,moderate,25,161.1,False,relief_supplies,True,SEG-0053,11.7,NDRF,123560,477650,365.2,high,2023-24
DSR-01563,SEG-0053,D-SK-03,SK,NH-510,landslide,LS-02724,2023-08-07T04:15:00,2023-08-07T06:51:00,2.6,partial,minor,28,235.2,False,food_grains,True,SEG-0054,18.0,NHIDCL,97240,736635,72.6,high,2023-24
DSR-01599,SEG-0034,D-MZ-04,MZ,NH-306,landslide,LS-02799,2023-08-07T06:45:00,2023-08-07T07:45:00,1.0,partial,minor,102,862.9,False,lpg_cylinders,True,SEG-0037,149.6,SDRF,52352,2284855,40.4,high,2023-24
DSR-01431,SEG-0056,D-AS-09,AS,NH-15,landslide,LS-02479,2023-08-07T08:30:00,2023-08-07T11:00:00,2.5,partial,minor,23,148.9,False,food_grains,True,SEG-0006,44.9,NHIDCL,190553,461495,25.1,low,2023-24
DSR-01439,SEG-0013,D-ML-01,ML,NH-6,landslide,LS-02492,2023-08-07T19:45:00,2023-08-08T00:39:00,4.9,partial,moderate,40,174.9,True,fuel,True,SEG-0012,71.2,State PWD,672829,563575,854.8,very_high,2023-24
DSR-02056,SEG-0055,D-SK-04,SK,NH-510,flood,,2023-08-08T15:15:00,2023-08-23T01:51:00,346.6,full,major,64,283.4,True,relief_supplies,True,SEG-0054,21.9,NDRF,13861724,1145853,606.0,very_high,2023-24
DSR-01215,SEG-0013,D-ML-01,ML,NH-6,landslide,LS-02101,2023-08-09T17:00:00,2023-08-10T09:42:00,16.7,full,moderate,84,533.7,False,medicines,True,SEG-0014,46.6,BRO (Border Roads Organisation),2125159,1022480,713.7,very_high,2023-24
DSR-01918,SEG-0043,D-TR-02,TR,NH-8,flood,,2023-08-12T01:45:00,2023-08-20T06:09:00,196.4,full,major,9,62.2,True,food_grains,True,SEG-0042,38.0,NHIDCL,2068960,228676,253.1,moderate,2023-24
DSR-01128,SEG-0037,D-MZ-01,MZ,NH-302,landslide,LS-01952,2023-08-12T05:45:00,2023-09-06T05:33:00,599.8,full,major,66,407.5,False,relief_supplies,True,SEG-0035,80.0,NHIDCL,12284259,817781,532.7,high,2023-24
DSR-01791,SEG-0069,D-AS-07,AS,NH-27-DH,flood,,2023-08-12T16:45:00,2023-08-18T11:39:00,138.9,full,major,110,475.7,False,construction_material,True,SEG-0016,32.1,NDRF,6896857,538255,573.9,high,2023-24
DSR-02111,SEG-0041,D-TR-03,TR,NH-8,flood,,2023-08-13T07:00:00,2023-08-19T19:30:00,156.5,full,major,46,151.0,True,medicines,True,SEG-0040,44.6,SDRF,6007491,274551,247.2,low,2023-24
DSR-01924,SEG-0014,D-ML-01,ML,NH-6,fallen_tree,,2023-08-14T17:15:00,2023-08-15T04:33:00,11.3,partial,moderate,0,0.0,False,vaccines,True,SEG-0015,155.4,SDRF,266361,0,78.9,high,2023-24
DSR-01590,SEG-0047,D-SK-01,SK,NH-10,landslide,LS-02787,2023-08-14T18:30:00,2023-08-14T20:30:00,2.0,full,major,45,351.0,False,construction_material,True,SEG-0048,38.9,BRO (Border Roads Organisation),281352,449557,181.7,high,2023-24
DSR-01573,SEG-0058,D-AR-01,AR,NH-13,landslide,LS-02753,2023-08-15T23:00:00,2023-08-16T03:30:00,4.5,partial,minor,10,50.2,False,lpg_cylinders,True,SEG-0059,95.8,SDRF,346777,221092,349.7,high,2023-24
DSR-01332,SEG-0035,D-MZ-01,MZ,NH-306,landslide,LS-02294,2023-08-16T03:15:00,2023-08-16T07:09:00,3.9,partial,moderate,0,0.0,True,vaccines,True,SEG-0036,56.7,State PWD,551953,0,333.9,high,2023-24
DSR-01640,SEG-0011,D-AS-04,AS,NH-27,fallen_tree,,2023-08-16T21:30:00,2023-08-17T18:42:00,21.2,full,moderate,77,464.8,True,vaccines,True,SEG-0010,90.7,BRO (Border Roads Organisation),580525,679496,192.6,low,2023-24
DSR-01349,SEG-0053,D-SK-03,SK,NH-510,landslide,LS-02333,2023-08-17T22:15:00,2023-08-25T19:33:00,189.3,full,major,51,151.3,True,medicines,True,SEG-0054,21.0,BRO (Border Roads Organisation),3777386,482075,280.5,high,2023-24
DSR-01627,SEG-0029,D-MN-04,MN,NH-37,accident_blockage,,2023-08-19T05:00:00,2023-08-19T15:24:00,10.4,partial,moderate,44,292.0,False,vaccines,True,SEG-0030,46.6,State PWD,207710,998741,88.3,moderate,2023-24
DSR-01716,SEG-0051,D-SK-02,SK,NH-310,flood,,2023-08-19T07:15:00,2023-08-23T00:27:00,89.2,full,major,108,413.8,True,lpg_cylinders,True,SEG-0050,17.1,NDRF,732011,1968568,686.7,very_high,2023-24
DSR-01422,SEG-0067,D-AR-07,AR,NH-315,landslide,LS-02465,2023-08-19T18:00:00,2023-08-20T11:30:00,17.5,full,moderate,41,295.3,False,fuel,True,SEG-0066,53.7,State PWD,810318,776442,593.8,moderate,2023-24
DSR-01140,SEG-0065,D-AR-05,AR,NH-315,landslide,LS-01977,2023-08-20T10:30:00,2023-08-21T14:36:00,28.1,full,moderate,0,0.0,False,vaccines,True,SEG-0066,90.0,NHIDCL,1731723,0,408.3,high,2023-24
DSR-01448,SEG-0059,D-AR-04,AR,NH-13,landslide,LS-02508,2023-08-21T03:45:00,2023-08-23T07:27:00,51.7,full,moderate,106,922.4,False,construction_material,True,SEG-0060,126.7,BRO (Border Roads Organisation),4351631,2982317,66.0,very_high,2023-24
DSR-01390,SEG-0025,D-NL-01,NL,NH-29,landslide,LS-02410,2023-08-21T20:00:00,2023-08-21T21:00:00,1.0,partial,minor,0,0.0,True,vaccines,True,SEG-0022,22.7,State PWD,125904,0,350.0,high,2023-24
DSR-01351,SEG-0050,D-SK-02,SK,NH-310,landslide,LS-02335,2023-08-22T00:30:00,2023-08-22T01:30:00,1.0,partial,minor,30,88.0,False,vaccines,True,SEG-0051,37.0,State PWD,132136,215690,314.8,very_high,2023-24
DSR-01564,SEG-0052,D-SK-01,SK,NH-510,landslide,LS-02726,2023-08-22T17:00:00,2023-08-24T08:18:00,39.3,full,moderate,76,278.5,False,fuel,True,SEG-0048,24.2,State PWD,1545200,1287872,300.9,very_high,2023-24
DSR-01290,SEG-0057,D-AR-01,AR,NH-15,landslide,LS-02221,2023-08-23T12:45:00,2023-08-23T15:33:00,2.8,partial,moderate,0,0.0,False,medicines,True,SEG-0058,141.0,NHIDCL,185308,0,353.5,moderate,2023-24
DSR-01157,SEG-0048,D-SK-01,SK,NH-10,landslide,LS-02005,2023-08-23T22:45:00,2023-08-28T15:21:00,112.6,full,major,33,254.2,False,vaccines,True,SEG-0047,10.8,NDRF,9140626,554922,292.5,high,2023-24
DSR-01256,SEG-0069,D-AS-07,AS,NH-27-DH,landslide,LS-02165,2023-08-24T06:45:00,2023-08-25T03:39:00,20.9,full,moderate,136,367.3,True,medicines,True,SEG-0016,32.8,State PWD,667520,1882570,570.1,high,2023-24
DSR-01410,SEG-0052,D-SK-01,SK,NH-510,landslide,LS-02443,2023-08-25T05:30:00,2023-08-26T04:30:00,23.0,full,moderate,0,0.0,False,agri_produce,True,SEG-0053,14.7,BRO (Border Roads Organisation),903921,0,574.8,very_high,2023-24
DSR-01737,SEG-0019,D-ML-03,ML,NH-27-SPUR,fallen_tree,,2023-08-26T03:30:00,2023-08-26T15:00:00,11.5,partial,moderate,30,121.7,True,construction_material,True,SEG-0018,165.0,BRO (Border Roads Organisation),241024,247003,163.6,moderate,2023-24
DSR-01885,SEG-0039,D-TR-01,TR,NH-8,accident_blockage,,2023-09-01T02:00:00,2023-09-01T20:48:00,18.8,full,moderate,23,69.8,False,relief_supplies,True,SEG-0038,145.4,NDRF,349460,217529,146.3,moderate,2023-24
DSR-01420,SEG-0069,D-AS-07,AS,NH-27-DH,landslide,LS-02462,2023-09-01T13:00:00,2023-09-03T11:54:00,46.9,full,moderate,104,811.0,False,medicines,True,SEG-0033,140.9,NHIDCL,2639383,1734535,109.1,high,2023-24
DSR-01170,SEG-0046,D-WB-01,WB,NH-10,landslide,LS-02026,2023-09-03T06:00:00,2023-09-03T07:54:00,1.9,partial,moderate,12,99.4,True,relief_supplies,True,SEG-0047,11.0,BRO (Border Roads Organisation),217491,337632,422.9,very_high,2023-24
DSR-01183,SEG-0022,D-NL-01,NL,NH-2,landslide,LS-02051,2023-09-03T17:30:00,2023-09-03T18:30:00,1.0,partial,minor,0,0.0,False,fuel,True,SEG-0025,104.5,SDRF,130974,0,223.0,high,2023-24
DSR-01469,SEG-0057,D-AR-01,AR,NH-15,landslide,LS-02551,2023-09-04T10:15:00,2023-09-04T11:15:00,1.0,partial,minor,0,0.0,True,fuel,True,SEG-0056,216.5,SDRF,36014,0,58.1,moderate,2023-24
DSR-01208,SEG-0015,D-ML-02,ML,NH-6,landslide,LS-02092,2023-09-04T15:45:00,2023-09-04T20:21:00,4.6,partial,minor,34,87.1,True,agri_produce,True,SEG-0045,40.3,BRO (Border Roads Organisation),115702,516489,341.1,high,2023-24
DSR-01329,SEG-0022,D-NL-01,NL,NH-2,landslide,LS-02290,2023-09-05T22:15:00,2023-09-06T09:45:00,11.5,partial,moderate,0,0.0,False,construction_material,True,SEG-0025,109.6,State PWD,324658,0,378.3,high,2023-24
DSR-01822,SEG-0036,D-MZ-05,MZ,NH-306,flood,,2023-09-06T11:45:00,2023-09-12T23:09:00,155.4,full,major,83,379.3,True,relief_supplies,True,SEG-0035,76.3,State PWD,1776719,1549087,483.3,high,2023-24
DSR-01145,SEG-0054,D-SK-03,SK,NH-510,landslide,LS-01986,2023-09-06T13:00:00,2023-09-07T12:12:00,23.2,full,moderate,43,164.6,False,fuel,True,SEG-0053,16.7,BRO (Border Roads Organisation),806057,378344,349.9,high,2023-24
DSR-01272,SEG-0014,D-ML-01,ML,NH-6,landslide,LS-02193,2023-09-10T13:30:00,2023-09-11T02:30:00,13.0,full,moderate,55,401.0,True,fuel,True,SEG-0013,45.7,State PWD,1383979,1474680,617.0,high,2023-24
DSR-01358,SEG-0066,D-AR-09,AR,NH-315,landslide,LS-02359,2023-09-10T20:00:00,2023-09-12T07:06:00,35.1,full,moderate,75,651.1,True,food_grains,True,SEG-0067,87.1,SDRF,996503,2753485,148.9,very_high,2023-24
DSR-01689,SEG-0004,D-AS-01,AS,NH-27,accident_blockage,,2023-09-11T07:15:00,2023-09-11T16:03:00,8.8,partial,moderate,52,130.3,True,agri_produce,True,SEG-0012,79.1,State PWD,430076,266602,116.5,low,2023-24
DSR-01550,SEG-0057,D-AR-01,AR,NH-15,landslide,LS-02701,2023-09-12T22:30:00,2023-09-13T00:54:00,2.4,partial,moderate,0,0.0,False,lpg_cylinders,True,SEG-0056,154.9,BRO (Border Roads Organisation),73369,0,321.8,moderate,2023-24
DSR-01357,SEG-0064,D-AR-03,AR,NH-13-W,landslide,LS-02358,2023-09-14T22:15:00,2023-09-15T07:15:00,9.0,partial,moderate,9,26.1,False,fuel,True,SEG-0063,81.4,State PWD,220056,135986,150.4,very_high,2023-24
DSR-01596,SEG-0065,D-AR-05,AR,NH-315,landslide,LS-02796,2023-09-17T05:45:00,2023-09-18T21:09:00,39.4,full,moderate,95,288.1,True,relief_supplies,True,SEG-0061,65.2,SDRF,1637678,1016396,173.7,high,2023-24
DSR-01380,SEG-0035,D-MZ-01,MZ,NH-306,landslide,LS-02395,2023-09-18T11:15:00,2023-09-18T12:15:00,1.0,partial,minor,0,0.0,False,relief_supplies,True,SEG-0034,106.8,State PWD,64357,0,92.8,high,2023-24
DSR-02100,SEG-0033,D-AS-06,AS,NH-306,flood,,2023-09-19T06:00:00,2023-09-25T07:54:00,145.9,full,major,136,590.6,False,relief_supplies,True,SEG-0069,83.9,State PWD,2745624,2639156,565.0,low,2023-24
DSR-01121,SEG-0059,D-AR-04,AR,NH-13,landslide,LS-01939,2023-09-19T06:30:00,2023-09-21T04:12:00,45.7,full,moderate,122,911.8,True,relief_supplies,True,SEG-0058,140.7,SDRF,1266771,3743615,243.0,very_high,2023-24
DSR-01142,SEG-0023,D-MN-05,MN,NH-2,landslide,LS-01982,2023-09-19T13:45:00,2023-09-21T22:27:00,56.7,full,moderate,60,346.4,False,lpg_cylinders,True,SEG-0022,31.3,NDRF,3420261,650561,121.8,moderate,2023-24
DSR-01129,SEG-0046,D-WB-01,WB,NH-10,landslide,LS-01955,2023-09-19T18:30:00,2023-09-20T00:18:00,5.8,partial,moderate,29,164.8,False,medicines,True,SEG-0001,271.2,BRO (Border Roads Organisation),524591,394060,431.0,very_high,2023-24
DSR-01278,SEG-0046,D-WB-01,WB,NH-10,landslide,LS-02204,2023-09-20T08:30:00,2023-09-24T05:12:00,92.7,full,major,9,45.8,True,fuel,True,SEG-0001,490.5,State PWD,7631143,140341,597.0,very_high,2023-24
DSR-01555,SEG-0060,D-AR-06,AR,NH-13,landslide,LS-02712,2023-09-21T05:00:00,2023-09-21T06:24:00,1.4,partial,minor,0,0.0,True,agri_produce,True,SEG-0061,138.4,NDRF,51893,0,156.7,very_high,2023-24
DSR-01383,SEG-0039,D-TR-01,TR,NH-8,landslide,LS-02399,2023-09-22T02:00:00,2023-09-22T20:30:00,18.5,full,moderate,131,925.3,True,agri_produce,True,SEG-0038,149.5,BRO (Border Roads Organisation),1698523,3746537,399.0,moderate,2023-24
DSR-01174,SEG-0066,D-AR-09,AR,NH-315,landslide,LS-02031,2023-09-22T05:15:00,2023-09-22T10:39:00,5.4,partial,minor,40,332.4,False,fuel,True,SEG-0065,93.5,SDRF,197124,330310,319.0,very_high,2023-24
DSR-01877,SEG-0063,D-AR-03,AR,NH-13-W,flood,,2023-09-22T07:15:00,2023-09-28T03:03:00,139.8,full,major,8,65.8,True,food_grains,True,SEG-0062,105.3,NHIDCL,2584133,58662,507.5,high,2023-24
DSR-01283,SEG-0019,D-ML-03,ML,NH-27-SPUR,landslide,LS-02213,2023-09-23T10:45:00,2023-09-23T15:27:00,4.7,partial,moderate,23,163.2,True,medicines,True,SEG-0020,55.3,BRO (Border Roads Organisation),594009,490997,331.0,moderate,2023-24
DSR-01430,SEG-0061,D-AR-06,AR,NH-13,landslide,LS-02478,2023-09-24T10:30:00,2023-09-24T19:12:00,8.7,partial,moderate,137,426.4,False,agri_produce,True,SEG-0065,80.3,BRO (Border Roads Organisation),583186,928032,116.0,high,2023-24
DSR-01266,SEG-0026,D-NL-04,NL,NH-29,landslide,LS-02185,2023-09-24T12:00:00,2023-09-27T04:36:00,64.6,full,major,98,529.1,True,food_grains,True,SEG-0027,37.6,BRO (Border Roads Organisation),4684975,1493614,69.5,high,2023-24
DSR-01526,SEG-0046,D-WB-01,WB,NH-10,landslide,LS-02656,2023-09-25T05:00:00,2023-09-25T08:12:00,3.2,partial,moderate,71,481.9,False,construction_material,True,SEG-0001,494.1,State PWD,429278,1874797,194.0,very_high,2023-24
DSR-01134,SEG-0015,D-ML-02,ML,NH-6,landslide,LS-01962,2023-09-25T10:30:00,2023-09-25T14:48:00,4.3,partial,moderate,49,307.4,True,lpg_cylinders,True,SEG-0045,53.8,NHIDCL,463870,620038,547.3,high,2023-24
DSR-01622,SEG-0028,D-MN-01,MN,NH-37,landslide,LS-02833,2023-09-25T20:30:00,2023-10-17T17:00:00,524.5,full,major,106,467.4,True,vaccines,True,SEG-0031,100.9,State PWD,52882069,1647909,483.8,high,2023-24
DSR-01776,SEG-0012,D-AS-01,AS,NH-6,protest_blockade,,2023-09-26T08:30:00,2023-09-26T18:18:00,9.8,partial,moderate,0,0.0,True,relief_supplies,True,SEG-0005,124.7,NDRF,306722,0,96.2,high,2023-24
DSR-01414,SEG-0031,D-MN-02,MN,NH-2-S,landslide,LS-02449,2023-09-27T20:30:00,2023-10-25T06:06:00,657.6,full,major,38,120.0,False,agri_produce,True,SEG-0028,93.1,NDRF,11226616,305950,111.2,moderate,2023-24
DSR-02199,SEG-0066,D-AR-09,AR,NH-315,protest_blockade,,2023-09-28T10:00:00,2023-09-29T12:54:00,26.9,full,moderate,40,158.0,True,construction_material,True,SEG-0067,96.3,State PWD,544512,431733,58.7,very_high,2023-24
DSR-01222,SEG-0069,D-AS-07,AS,NH-27-DH,landslide,LS-02108,2023-09-28T22:45:00,2023-09-30T04:39:00,29.9,full,moderate,34,87.8,True,agri_produce,True,SEG-0030,82.7,NDRF,1802259,391865,406.6,high,2023-24
DSR-01273,SEG-0061,D-AR-06,AR,NH-13,landslide,LS-02195,2023-10-02T07:30:00,2023-10-02T18:30:00,11.0,partial,moderate,52,174.4,True,medicines,True,SEG-0060,144.4,SDRF,397947,719252,364.5,high,2023-24
DSR-02112,SEG-0001,D-WB-01,WB,NH-27,bridge_damage,,2023-10-03T11:00:00,2023-11-04T19:54:00,776.9,full,catastrophic,27,223.2,False,medicines,True,SEG-0046,81.0,BRO (Border Roads Organisation),5712026,459873,214.1,low,2023-24
DSR-01159,SEG-0068,D-AS-08,AS,NH-27-DH,landslide,LS-02008,2023-10-07T17:15:00,2023-10-09T03:51:00,34.6,full,moderate,44,119.7,True,relief_supplies,True,SEG-0069,66.1,SDRF,675075,308941,474.3,high,2023-24
DSR-01348,SEG-0028,D-MN-01,MN,NH-37,landslide,LS-02332,2023-10-08T22:30:00,2023-10-09T02:18:00,3.8,partial,moderate,0,0.0,True,agri_produce,True,SEG-0029,103.1,NHIDCL,447245,0,156.8,high,2023-24
DSR-01611,SEG-0053,D-SK-03,SK,NH-510,landslide,LS-02815,2023-10-11T02:00:00,2023-10-11T03:00:00,1.0,partial,minor,0,0.0,True,construction_material,True,SEG-0052,89.4,State PWD,38566,0,125.6,high,2023-24
DSR-01119,SEG-0052,D-SK-01,SK,NH-510,landslide,LS-01936,2023-10-13T03:15:00,2023-10-13T13:45:00,10.5,partial,moderate,12,86.5,False,food_grains,True,SEG-0053,9.8,BRO (Border Roads Organisation),488212,349579,406.3,very_high,2023-24
DSR-01566,SEG-0013,D-ML-01,ML,NH-6,landslide,LS-02729,2023-10-14T22:00:00,2023-10-15T06:36:00,8.6,partial,moderate,124,734.7,False,medicines,True,SEG-0012,47.4,State PWD,193157,855016,831.3,very_high,2023-24
DSR-01317,SEG-0015,D-ML-02,ML,NH-6,landslide,LS-02271,2023-10-20T23:15:00,2023-10-21T00:15:00,1.0,partial,minor,41,302.5,True,fuel,True,SEG-0045,50.3,SDRF,72416,1286988,295.0,high,2023-24
DSR-01233,SEG-0064,D-AR-03,AR,NH-13-W,landslide,LS-02127,2023-10-20T23:30:00,2023-11-07T01:18:00,409.8,full,major,45,132.8,True,lpg_cylinders,True,SEG-0063,42.5,BRO (Border Roads Organisation),14581699,277892,576.5,very_high,2023-24
DSR-01158,SEG-0051,D-SK-02,SK,NH-310,landslide,LS-02007,2023-10-21T06:15:00,2023-10-21T13:33:00,7.3,partial,moderate,26,199.9,False,agri_produce,True,SEG-0050,33.8,NHIDCL,991609,296607,163.9,very_high,2023-24
DSR-01609,SEG-0029,D-MN-04,MN,NH-37,landslide,LS-02811,2023-10-21T07:00:00,2023-10-21T16:54:00,9.9,partial,moderate,0,0.0,False,medicines,True,SEG-0028,116.0,State PWD,693338,0,109.6,moderate,2023-24
DSR-01312,SEG-0026,D-NL-04,NL,NH-29,landslide,LS-02262,2023-10-25T15:15:00,2023-10-31T09:57:00,138.7,full,major,30,193.8,False,agri_produce,True,SEG-0027,62.6,BRO (Border Roads Organisation),3468223,216002,413.5,high,2023-24
DSR-01277,SEG-0053,D-SK-03,SK,NH-510,landslide,LS-02202,2023-10-27T10:30:00,2023-10-27T13:30:00,3.0,partial,minor,0,0.0,False,construction_material,True,SEG-0052,43.2,BRO (Border Roads Organisation),138145,0,53.6,high,2023-24
DSR-01105,SEG-0055,D-SK-04,SK,NH-510,landslide,LS-01907,2023-10-27T19:45:00,2023-10-28T04:57:00,9.2,partial,moderate,4,15.1,False,lpg_cylinders,True,SEG-0054,20.8,NHIDCL,464729,72456,550.4,very_high,2023-24
DSR-01698,SEG-0042,D-TR-02,TR,NH-8,protest_blockade,,2023-10-28T10:30:00,2023-10-28T13:36:00,3.1,partial,minor,59,281.6,False,vaccines,True,SEG-0041,98.3,NHIDCL,40366,1206499,81.9,moderate,2023-24
DSR-01143,SEG-0047,D-SK-01,SK,NH-10,landslide,LS-01984,2023-11-02T01:45:00,2023-11-02T02:45:00,1.0,full,major,110,464.8,False,fuel,True,SEG-0046,104.1,NDRF,44291,2342569,555.7,high,2023-24
DSR-01528,SEG-0064,D-AR-03,AR,NH-13-W,landslide,LS-02659,2023-11-02T08:45:00,2023-11-03T01:33:00,16.8,full,moderate,54,159.9,False,vaccines,True,SEG-0063,89.7,NDRF,2010488,726636,450.0,very_high,2023-24
DSR-02257,SEG-0008,D-AS-03,AS,NH-27,maintenance,,2023-12-14T06:00:00,2023-12-15T13:00:00,31.0,full,moderate,11,40.3,True,agri_produce,True,SEG-0007,161.3,State PWD,998364,85102,12.2,low,2023-24
DSR-01690,SEG-0042,D-TR-02,TR,NH-8,maintenance,,2023-12-23T17:15:00,2023-12-24T10:45:00,17.5,full,moderate,45,387.8,True,vaccines,True,SEG-0041,58.7,State PWD,516609,1415099,37.4,moderate,2023-24
DSR-01625,SEG-0025,D-NL-01,NL,NH-29,maintenance,,2023-12-23T21:45:00,2023-12-24T16:15:00,18.5,full,moderate,0,0.0,False,lpg_cylinders,True,SEG-0026,86.4,NHIDCL,549935,0,9.6,high,2023-24
DSR-01938,SEG-0035,D-MZ-01,MZ,NH-306,maintenance,,2023-12-28T04:30:00,2023-12-29T14:42:00,34.2,full,moderate,78,574.1,False,fuel,True,SEG-0037,78.2,NHIDCL,763239,2237298,1.9,high,2023-24
DSR-01560,SEG-0015,D-ML-02,ML,NH-6,landslide,LS-02721,2024-01-03T21:15:00,2024-01-03T22:15:00,1.0,partial,minor,8,52.2,False,vaccines,True,SEG-0016,49.3,BRO (Border Roads Organisation),38992,134248,372.1,high,2023-24
DSR-01124,SEG-0066,D-AR-09,AR,NH-315,landslide,LS-01943,2024-01-06T16:00:00,2024-01-07T05:18:00,13.3,full,moderate,29,246.0,False,medicines,True,SEG-0065,83.5,SDRF,352703,415028,157.4,very_high,2023-24
DSR-01973,SEG-0037,D-MZ-01,MZ,NH-302,maintenance,,2024-01-18T21:15:00,2024-01-19T18:33:00,21.3,full,moderate,87,752.3,True,vaccines,True,SEG-0035,103.2,BRO (Border Roads Organisation),651648,2188866,51.5,high,2023-24
DSR-01847,SEG-0044,D-AS-12,AS,NH-8,maintenance,,2024-01-21T22:30:00,2024-01-23T06:42:00,32.2,full,moderate,81,715.4,True,relief_supplies,True,SEG-0043,31.2,SDRF,888843,2767914,11.1,low,2023-24
DSR-01926,SEG-0063,D-AR-03,AR,NH-13-W,maintenance,,2024-01-24T10:45:00,2024-01-26T01:33:00,38.8,full,moderate,146,696.7,False,food_grains,True,SEG-0062,107.2,SDRF,774258,1216466,39.2,high,2023-24
DSR-01173,SEG-0013,D-ML-01,ML,NH-6,landslide,LS-02030,2024-01-26T14:30:00,2024-01-26T22:00:00,7.5,partial,moderate,70,281.7,True,construction_material,True,SEG-0014,45.5,State PWD,968646,1080261,338.5,very_high,2023-24
DSR-01667,SEG-0012,D-AS-01,AS,NH-6,maintenance,,2024-01-27T23:45:00,2024-01-30T04:51:00,53.1,full,moderate,34,304.8,False,vaccines,True,SEG-0013,63.8,BRO (Border Roads Organisation),1044203,1400519,56.0,high,2023-24
DSR-01470,SEG-0069,D-AS-07,AS,NH-27-DH,landslide,LS-02556,2024-02-04T08:00:00,2024-02-04T09:36:00,1.6,partial,minor,0,0.0,False,medicines,True,SEG-0016,25.3,NDRF,87199,0,139.9,high,2023-24
DSR-01419,SEG-0051,D-SK-02,SK,NH-310,landslide,LS-02460,2024-02-12T15:00:00,2024-02-13T00:24:00,9.4,partial,moderate,30,81.2,False,lpg_cylinders,True,SEG-0050,20.0,BRO (Border Roads Organisation),1188878,274610,410.7,very_high,2023-24
DSR-01359,SEG-0057,D-AR-01,AR,NH-15,landslide,LS-02360,2024-02-20T05:00:00,2024-02-20T06:00:00,1.0,partial,minor,6,26.3,True,food_grains,True,SEG-0058,141.5,SDRF,86392,123289,468.3,moderate,2023-24
DSR-01309,SEG-0055,D-SK-04,SK,NH-510,landslide,LS-02258,2024-02-26T11:45:00,2024-02-26T12:45:00,1.0,full,major,5,35.3,False,vaccines,True,SEG-0054,19.8,SDRF,50871,97752,446.7,very_high,2023-24
DSR-02242,SEG-0014,D-ML-01,ML,NH-6,maintenance,,2024-03-03T15:00:00,2024-03-06T12:24:00,69.4,full,moderate,19,108.3,True,medicines,True,SEG-0013,75.8,NHIDCL,2343581,193514,54.7,high,2023-24
DSR-02275,SEG-0020,D-ML-04,ML,NH-27-SPUR,flood,,2024-03-07T07:30:00,2024-03-12T12:12:00,124.7,full,major,40,292.9,False,medicines,True,SEG-0019,86.0,NHIDCL,1848133,1200355,606.9,moderate,2023-24
DSR-02084,SEG-0004,D-AS-01,AS,NH-27,fallen_tree,,2024-03-09T20:15:00,2024-03-10T15:09:00,18.9,full,moderate,77,401.6,True,medicines,True,SEG-0005,225.9,NDRF,888842,1318259,14.2,low,2023-24
DSR-01131,SEG-0043,D-TR-02,TR,NH-8,landslide,LS-01957,2024-03-13T07:15:00,2024-03-13T09:33:00,2.3,partial,minor,57,298.4,False,lpg_cylinders,True,SEG-0042,35.0,NDRF,254963,620506,401.4,moderate,2023-24
DSR-01151,SEG-0013,D-ML-01,ML,NH-6,landslide,LS-01996,2024-03-15T07:45:00,2024-03-15T11:15:00,3.5,partial,moderate,0,0.0,True,relief_supplies,True,SEG-0012,61.3,State PWD,484608,0,239.0,very_high,2023-24
DSR-01521,SEG-0012,D-AS-01,AS,NH-6,landslide,LS-02647,2024-03-16T13:00:00,2024-03-16T14:00:00,1.0,partial,minor,31,211.0,True,agri_produce,True,SEG-0013,72.5,NHIDCL,78392,622847,296.6,high,2023-24
DSR-01423,SEG-0022,D-NL-01,NL,NH-2,landslide,LS-02466,2024-03-18T01:30:00,2024-03-18T02:30:00,1.0,partial,minor,0,0.0,True,vaccines,True,SEG-0023,70.9,NHIDCL,101502,0,66.5,high,2023-24
DSR-02142,SEG-0029,D-MN-04,MN,NH-37,maintenance,,2024-03-20T01:45:00,2024-03-20T20:57:00,19.2,full,moderate,64,507.3,True,lpg_cylinders,True,SEG-0030,45.9,NDRF,878522,627371,4.4,moderate,2023-24
DSR-01325,SEG-0047,D-SK-01,SK,NH-10,landslide,LS-02286,2024-03-20T15:15:00,2024-03-20T16:27:00,1.2,partial,minor,30,177.3,False,food_grains,True,SEG-0048,31.8,BRO (Border Roads Organisation),57470,420390,499.9,high,2023-24
DSR-01746,SEG-0044,D-AS-12,AS,NH-8,accident_blockage,,2024-03-21T14:45:00,2024-03-22T18:03:00,27.3,full,moderate,37,268.3,True,medicines,True,SEG-0045,33.8,NHIDCL,503918,866248,131.0,low,2023-24
DSR-01914,SEG-0010,D-AS-11,AS,NH-27,bridge_damage,,2024-03-22T15:30:00,2024-04-18T12:06:00,644.6,full,major,64,186.8,False,agri_produce,True,SEG-0011,51.1,BRO (Border Roads Organisation),5590961,623489,185.5,low,2023-24
DSR-01411,SEG-0047,D-SK-01,SK,NH-10,landslide,LS-02444,2024-04-01T09:45:00,2024-04-01T10:45:00,1.0,partial,minor,14,57.4,False,food_grains,True,SEG-0046,68.0,NDRF,130820,246209,180.3,high,2023-24
DSR-01175,SEG-0021,D-NL-02,NL,NH-2,landslide,LS-02032,2024-04-03T21:30:00,2024-04-03T22:30:00,1.0,partial,minor,0,0.0,False,relief_supplies,True,SEG-0022,45.2,BRO (Border Roads Organisation),98335,0,384.9,high,2023-24
DSR-01334,SEG-0015,D-ML-02,ML,NH-6,landslide,LS-02299,2024-04-05T05:00:00,2024-04-05T10:00:00,5.0,partial,moderate,3,22.7,False,lpg_cylinders,True,SEG-0016,44.3,BRO (Border Roads Organisation),306875,32770,13.7,high,2023-24
DSR-01265,SEG-0070,D-AS-02,AS,NH-36,landslide,LS-02184,2024-04-05T09:15:00,2024-04-05T16:15:00,7.0,partial,moderate,92,570.1,True,relief_supplies,True,SEG-0071,65.9,NHIDCL,218377,1174043,362.5,low,2023-24
DSR-01583,SEG-0030,D-MN-04,MN,NH-37,landslide,LS-02774,2024-04-06T22:15:00,2024-04-06T23:15:00,1.0,partial,minor,0,0.0,True,lpg_cylinders,True,SEG-0029,96.1,NHIDCL,30915,0,367.7,moderate,2023-24
DSR-01118,SEG-0028,D-MN-01,MN,NH-37,landslide,LS-01934,2024-04-09T19:45:00,2024-04-09T20:45:00,1.0,partial,minor,88,610.8,False,agri_produce,True,SEG-0024,79.2,NHIDCL,136378,2036408,100.0,high,2023-24
DSR-01616,SEG-0031,D-MN-02,MN,NH-2-S,landslide,LS-02821,2024-04-12T07:15:00,2024-04-12T08:15:00,1.0,partial,minor,32,190.4,True,construction_material,True,SEG-0028,115.4,SDRF,27147,776675,136.8,moderate,2023-24
DSR-01133,SEG-0054,D-SK-03,SK,NH-510,landslide,LS-01960,2024-04-12T10:15:00,2024-04-12T16:03:00,5.8,partial,minor,0,0.0,True,medicines,True,SEG-0055,24.2,NDRF,109896,0,240.0,high,2023-24
DSR-01356,SEG-0041,D-TR-03,TR,NH-8,landslide,LS-02356,2024-04-12T20:30:00,2024-04-12T21:30:00,1.0,partial,minor,82,410.7,False,medicines,True,SEG-0042,19.6,SDRF,91745,2000469,23.2,low,2023-24
DSR-01424,SEG-0065,D-AR-05,AR,NH-315,landslide,LS-02467,2024-04-14T14:45:00,2024-04-14T21:39:00,6.9,partial,moderate,59,355.2,False,vaccines,True,SEG-0066,93.0,BRO (Border Roads Organisation),62975,1513744,199.2,high,2023-24
DSR-01407,SEG-0028,D-MN-01,MN,NH-37,landslide,LS-02439,2024-04-14T20:30:00,2024-04-15T15:00:00,18.5,full,moderate,96,684.5,True,food_grains,True,SEG-0032,91.2,BRO (Border Roads Organisation),1981752,1198391,272.7,high,2023-24
DSR-01241,SEG-0032,D-MN-01,MN,NH-2-S,landslide,LS-02143,2024-04-14T23:15:00,2024-04-22T07:27:00,176.2,full,major,86,233.4,True,medicines,True,SEG-0024,118.0,State PWD,4748135,358963,225.2,high,2023-24
DSR-01475,SEG-0023,D-MN-05,MN,NH-2,landslide,LS-02563,2024-04-15T14:00:00,2024-04-15T15:00:00,1.0,partial,minor,39,293.2,False,construction_material,True,SEG-0022,39.2,NHIDCL,69546,391417,480.6,moderate,2023-24
DSR-01231,SEG-0060,D-AR-06,AR,NH-13,landslide,LS-02122,2024-04-16T06:45:00,2024-04-16T07:45:00,1.0,partial,minor,114,626.4,False,lpg_cylinders,True,SEG-0059,77.0,BRO (Border Roads Organisation),87216,2768879,260.0,very_high,2023-24
DSR-02108,SEG-0070,D-AS-02,AS,NH-36,protest_blockade,,2024-04-18T14:45:00,2024-04-19T20:33:00,29.8,full,moderate,78,615.9,True,vaccines,True,SEG-0006,71.7,State PWD,1029732,2448967,28.1,low,2023-24
DSR-01872,SEG-0002,D-AS-10,AS,NH-27,bridge_damage,,2024-04-19T03:00:00,2024-05-17T06:30:00,675.5,full,major,41,154.0,True,medicines,True,SEG-0001,521.6,SDRF,22348318,385202,370.7,low,2023-24
DSR-01549,SEG-0057,D-AR-01,AR,NH-15,landslide,LS-02700,2024-04-19T04:15:00,2024-04-19T06:33:00,2.3,partial,moderate,50,384.0,False,food_grains,True,SEG-0058,69.5,State PWD,322953,1279898,536.1,moderate,2023-24
DSR-01507,SEG-0034,D-MZ-04,MZ,NH-306,landslide,LS-02627,2024-04-19T15:30:00,2024-04-20T19:12:00,27.7,full,moderate,50,137.8,True,medicines,True,SEG-0037,142.3,SDRF,2078979,495702,579.3,high,2023-24
DSR-01916,SEG-0046,D-WB-01,WB,NH-10,fallen_tree,,2024-04-19T21:30:00,2024-04-20T23:06:00,25.6,full,moderate,135,712.4,True,construction_material,True,SEG-0047,13.8,SDRF,527275,2317743,121.2,very_high,2023-24
DSR-02129,SEG-0014,D-ML-01,ML,NH-6,flood,,2024-04-20T09:30:00,2024-04-23T04:36:00,67.1,full,moderate,104,796.2,False,lpg_cylinders,True,SEG-0013,49.3,State PWD,3144415,3404155,236.5,high,2023-24
DSR-01206,SEG-0049,D-SK-01,SK,NH-310,landslide,LS-02089,2024-04-20T22:30:00,2024-04-20T23:30:00,1.0,full,catastrophic,134,1012.7,False,construction_material,True,SEG-0050,36.3,BRO (Border Roads Organisation),129478,4275001,431.4,high,2023-24
DSR-01502,SEG-0013,D-ML-01,ML,NH-6,landslide,LS-02617,2024-04-23T18:45:00,2024-04-23T19:45:00,1.0,partial,minor,0,0.0,False,vaccines,True,SEG-0014,62.0,NHIDCL,140642,0,780.0,very_high,2023-24
DSR-01463,SEG-0015,D-ML-02,ML,NH-6,landslide,LS-02540,2024-04-24T06:45:00,2024-04-25T08:33:00,25.8,full,major,26,140.0,False,agri_produce,True,SEG-0016,28.2,BRO (Border Roads Organisation),2592340,337734,401.3,high,2023-24
DSR-01326,SEG-0014,D-ML-01,ML,NH-6,landslide,LS-02287,2024-04-24T08:45:00,2024-04-27T01:15:00,64.5,full,major,112,794.7,False,agri_produce,True,SEG-0013,71.7,NDRF,2980329,1186198,331.3,high,2023-24
DSR-01593,SEG-0059,D-AR-04,AR,NH-13,landslide,LS-02791,2024-04-24T16:15:00,2024-04-24T17:15:00,1.0,partial,minor,0,0.0,False,food_grains,True,SEG-0058,144.5,BRO (Border Roads Organisation),56251,0,71.3,very_high,2023-24
DSR-01352,SEG-0013,D-ML-01,ML,NH-6,landslide,LS-02342,2024-04-28T02:00:00,2024-04-28T06:00:00,4.0,partial,moderate,0,0.0,True,medicines,True,SEG-0014,56.6,State PWD,87625,0,831.8,very_high,2023-24
DSR-01745,SEG-0059,D-AR-04,AR,NH-13,flood,,2024-04-28T06:45:00,2024-05-02T01:51:00,91.1,full,major,95,539.1,False,food_grains,True,SEG-0060,128.5,BRO (Border Roads Organisation),2002754,2250614,385.6,very_high,2023-24
DSR-01276,SEG-0021,D-NL-02,NL,NH-2,landslide,LS-02201,2024-05-01T02:45:00,2024-05-01T05:03:00,2.3,partial,minor,56,371.7,True,relief_supplies,True,SEG-0071,55.6,State PWD,192509,1153283,522.4,high,2023-24
DSR-01373,SEG-0023,D-MN-05,MN,NH-2,landslide,LS-02386,2024-05-02T03:45:00,2024-05-02T09:21:00,5.6,partial,moderate,0,0.0,True,fuel,True,SEG-0022,48.7,State PWD,668568,0,553.6,moderate,2023-24
DSR-01108,SEG-0066,D-AR-09,AR,NH-315,landslide,LS-01910,2024-05-04T09:00:00,2024-05-04T11:48:00,2.8,partial,minor,53,240.7,False,lpg_cylinders,True,SEG-0067,99.3,NDRF,143684,695007,294.6,very_high,2023-24
DSR-01246,SEG-0062,D-AS-09,AS,NH-13-W,landslide,LS-02150,2024-05-04T13:30:00,2024-05-04T19:54:00,6.4,partial,moderate,48,393.7,False,agri_produce,True,SEG-0007,186.1,BRO (Border Roads Organisation),654354,1419146,614.5,high,2023-24
DSR-01275,SEG-0012,D-AS-01,AS,NH-6,landslide,LS-02200,2024-05-04T22:15:00,2024-05-04T23:15:00,1.0,partial,minor,46,383.8,True,medicines,True,SEG-0013,45.9,NHIDCL,28580,1018622,6.0,high,2023-24
DSR-01354,SEG-0015,D-ML-02,ML,NH-6,landslide,LS-02346,2024-05-05T19:00:00,2024-05-06T08:36:00,13.6,full,moderate,12,43.4,False,food_grains,True,SEG-0016,30.4,SDRF,325539,188017,444.3,high,2023-24
DSR-01600,SEG-0013,D-ML-01,ML,NH-6,landslide,LS-02801,2024-05-05T23:45:00,2024-05-06T07:21:00,7.6,partial,moderate,53,236.9,True,medicines,True,SEG-0014,49.6,NDRF,616932,853685,840.1,very_high,2023-24
DSR-01807,SEG-0010,D-AS-11,AS,NH-27,flood,,2024-05-08T21:45:00,2024-05-10T06:51:00,33.1,full,moderate,22,175.8,True,medicines,True,SEG-0011,56.5,NDRF,1439116,266089,394.7,low,2023-24
DSR-02174,SEG-0070,D-AS-02,AS,NH-36,protest_blockade,,2024-05-09T15:30:00,2024-05-11T09:54:00,42.4,full,moderate,30,144.8,True,construction_material,True,SEG-0071,70.1,NHIDCL,800747,298703,86.4,low,2023-24
DSR-01221,SEG-0067,D-AR-07,AR,NH-315,landslide,LS-02107,2024-05-11T16:30:00,2024-05-12T22:48:00,30.3,full,major,173,1370.3,False,fuel,True,SEG-0066,66.7,State PWD,1021955,4754309,135.0,moderate,2023-24
DSR-01740,SEG-0055,D-SK-04,SK,NH-510,protest_blockade,,2024-05-12T03:30:00,2024-05-14T13:12:00,57.7,full,moderate,71,591.0,True,food_grains,True,SEG-0054,20.0,NHIDCL,2551636,1310654,144.2,very_high,2023-24
DSR-01372,SEG-0035,D-MZ-01,MZ,NH-306,landslide,LS-02385,2024-05-12T04:45:00,2024-05-12T06:27:00,1.7,partial,minor,0,0.0,False,relief_supplies,True,SEG-0036,86.6,SDRF,111022,0,171.3,high,2023-24
DSR-01582,SEG-0048,D-SK-01,SK,NH-10,landslide,LS-02771,2024-05-12T04:45:00,2024-05-29T00:21:00,403.6,full,major,49,412.4,True,medicines,True,SEG-0049,45.2,BRO (Border Roads Organisation),26765904,1507622,442.9,high,2023-24
DSR-01226,SEG-0036,D-MZ-05,MZ,NH-306,landslide,LS-02115,2024-05-12T10:00:00,2024-05-12T20:54:00,10.9,partial,moderate,54,264.4,False,agri_produce,True,SEG-0035,119.4,SDRF,1046872,616991,439.8,high,2023-24
DSR-01538,SEG-0019,D-ML-03,ML,NH-27-SPUR,landslide,LS-02674,2024-05-12T13:45:00,2024-05-12T19:03:00,5.3,partial,moderate,0,0.0,False,medicines,True,SEG-0020,84.6,State PWD,606434,0,830.8,moderate,2023-24
DSR-01433,SEG-0014,D-ML-01,ML,NH-6,landslide,LS-02482,2024-05-12T14:00:00,2024-05-14T05:24:00,39.4,full,moderate,54,388.9,False,food_grains,True,SEG-0015,190.7,NDRF,3427341,1012929,79.3,high,2023-24
DSR-01248,SEG-0021,D-NL-02,NL,NH-2,landslide,LS-02155,2024-05-13T12:15:00,2024-05-13T13:15:00,1.0,partial,minor,13,74.7,False,construction_material,True,SEG-0025,85.1,BRO (Border Roads Organisation),123627,182878,308.9,high,2023-24
DSR-01375,SEG-0013,D-ML-01,ML,NH-6,landslide,LS-02388,2024-05-13T12:15:00,2024-05-13T13:21:00,1.1,partial,minor,28,115.5,False,agri_produce,True,SEG-0014,55.6,NHIDCL,66055,419809,668.8,very_high,2023-24
DSR-01251,SEG-0014,D-ML-01,ML,NH-6,landslide,LS-02160,2024-05-13T15:45:00,2024-05-13T16:45:00,1.0,partial,minor,75,646.9,True,vaccines,True,SEG-0013,46.4,NDRF,27892,1021435,624.1,high,2023-24
DSR-02157,SEG-0004,D-AS-01,AS,NH-27,flood,,2024-05-14T11:45:00,2024-05-16T07:45:00,44.0,full,moderate,3,11.0,False,lpg_cylinders,True,SEG-0017,269.9,State PWD,1395377,47643,484.2,low,2023-24
DSR-01136,SEG-0034,D-MZ-04,MZ,NH-306,landslide,LS-01968,2024-05-15T01:00:00,2024-05-15T03:18:00,2.3,partial,minor,0,0.0,False,relief_supplies,True,SEG-0037,92.3,BRO (Border Roads Organisation),73025,0,499.3,high,2023-24
DSR-01184,SEG-0031,D-MN-02,MN,NH-2-S,landslide,LS-02053,2024-05-15T10:15:00,2024-05-15T11:45:00,1.5,partial,minor,21,150.1,True,agri_produce,True,SEG-0028,86.3,SDRF,83801,176600,558.3,moderate,2023-24
DSR-01401,SEG-0041,D-TR-03,TR,NH-8,landslide,LS-02430,2024-05-17T03:30:00,2024-05-17T11:12:00,7.7,partial,moderate,20,123.2,False,construction_material,True,SEG-0042,39.2,NHIDCL,687850,376102,444.6,low,2023-24
DSR-02024,SEG-0018,D-AS-10,AS,NH-27-SPUR,bridge_damage,,2024-05-17T18:15:00,2024-06-23T18:51:00,888.6,full,catastrophic,49,215.1,False,agri_produce,True,SEG-0019,106.3,SDRF,19730322,962993,118.7,moderate,2023-24
DSR-01454,SEG-0034,D-MZ-04,MZ,NH-306,landslide,LS-02519,2024-05-18T11:15:00,2024-05-18T12:57:00,1.7,partial,minor,22,158.6,True,food_grains,True,SEG-0035,114.0,NDRF,81253,669286,122.0,high,2023-24
DSR-01361,SEG-0050,D-SK-02,SK,NH-310,landslide,LS-02365,2024-05-18T15:15:00,2024-05-18T17:27:00,2.2,partial,minor,57,231.1,False,medicines,True,SEG-0049,40.5,NDRF,255821,891359,269.4,very_high,2023-24
DSR-01506,SEG-0036,D-MZ-05,MZ,NH-306,landslide,LS-02625,2024-05-18T20:00:00,2024-05-18T21:12:00,1.2,full,catastrophic,123,492.8,True,agri_produce,True,SEG-0035,67.0,State PWD,31155,1319742,305.5,high,2023-24
DSR-01172,SEG-0027,D-NL-03,NL,NH-29,landslide,LS-02029,2024-05-20T12:45:00,2024-05-20T13:45:00,1.0,partial,minor,27,110.1,True,medicines,True,SEG-0026,89.7,BRO (Border Roads Organisation),20824,411321,406.3,high,2023-24
DSR-01228,SEG-0050,D-SK-02,SK,NH-310,landslide,LS-02118,2024-05-20T19:30:00,2024-05-21T01:48:00,6.3,partial,moderate,12,102.7,True,vaccines,True,SEG-0051,32.7,State PWD,611266,102585,122.7,very_high,2023-24
DSR-01141,SEG-0059,D-AR-04,AR,NH-13,landslide,LS-01978,2024-05-22T07:15:00,2024-05-22T08:15:00,1.0,partial,minor,38,169.1,True,fuel,True,SEG-0060,109.2,NDRF,105876,531164,521.4,very_high,2023-24
DSR-01888,SEG-0038,D-TR-04,TR,NH-8,road_subsidence,,2024-05-22T16:00:00,2024-05-24T03:12:00,35.2,full,moderate,42,355.9,False,agri_produce,True,SEG-0039,52.2,State PWD,803696,1475681,381.9,very_low,2023-24
DSR-01567,SEG-0050,D-SK-02,SK,NH-310,landslide,LS-02731,2024-05-23T00:00:00,2024-05-23T01:00:00,1.0,partial,minor,95,517.6,False,lpg_cylinders,True,SEG-0051,34.3,BRO (Border Roads Organisation),75546,2276772,402.0,very_high,2023-24
DSR-01494,SEG-0065,D-AR-05,AR,NH-315,landslide,LS-02607,2024-05-23T15:30:00,2024-05-24T19:30:00,28.0,full,moderate,196,922.8,False,food_grains,True,SEG-0066,77.4,NDRF,1540500,1711185,553.6,high,2023-24
DSR-02245,SEG-0043,D-TR-02,TR,NH-8,flood,,2024-05-23T16:15:00,2024-05-28T21:45:00,125.5,full,major,78,356.8,True,relief_supplies,True,SEG-0044,124.7,BRO (Border Roads Organisation),5841046,1265138,213.4,moderate,2023-24
DSR-01219,SEG-0029,D-MN-04,MN,NH-37,landslide,LS-02105,2024-05-24T11:15:00,2024-05-24T23:27:00,12.2,full,moderate,42,146.2,True,construction_material,True,SEG-0030,65.1,SDRF,1446684,316415,179.5,moderate,2023-24
DSR-01543,SEG-0059,D-AR-04,AR,NH-13,landslide,LS-02680,2024-05-24T16:15:00,2024-05-24T21:15:00,5.0,partial,moderate,0,0.0,True,construction_material,True,SEG-0058,65.4,NDRF,141783,0,508.5,very_high,2023-24
DSR-01967,SEG-0031,D-MN-02,MN,NH-2-S,flood,,2024-05-25T21:15:00,2024-06-07T18:57:00,309.7,full,major,64,467.2,True,food_grains,True,SEG-0028,97.0,NHIDCL,6364762,1599717,657.0,moderate,2023-24
DSR-01552,SEG-0037,D-MZ-01,MZ,NH-302,landslide,LS-02705,2024-05-28T06:45:00,2024-05-28T07:51:00,1.1,partial,minor,21,153.6,False,agri_produce,True,SEG-0034,113.6,NHIDCL,64167,169134,27.9,high,2023-24
DSR-01113,SEG-0055,D-SK-04,SK,NH-510,landslide,LS-01927,2024-05-28T18:15:00,2024-05-30T09:45:00,39.5,full,moderate,0,0.0,True,medicines,True,SEG-0054,37.5,BRO (Border Roads Organisation),1678318,0,43.1,very_high,2023-24
DSR-01811,SEG-0035,D-MZ-01,MZ,NH-306,bridge_damage,,2024-06-01T01:30:00,2024-06-07T11:18:00,153.8,full,major,0,0.0,False,construction_material,True,SEG-0037,175.7,SDRF,1477034,0,246.7,high,2023-24
DSR-02192,SEG-0039,D-TR-01,TR,NH-8,bridge_damage,,2024-06-01T11:00:00,2024-06-12T15:18:00,268.3,full,major,72,339.2,False,food_grains,True,SEG-0040,58.4,State PWD,13212173,1063986,262.6,moderate,2023-24
DSR-01772,SEG-0009,D-AS-03,AS,NH-27,fallen_tree,,2024-06-01T16:30:00,2024-06-02T01:00:00,8.5,partial,moderate,52,467.1,False,agri_produce,True,SEG-0010,79.3,BRO (Border Roads Organisation),278511,1659961,144.3,low,2023-24
DSR-01452,SEG-0060,D-AR-06,AR,NH-13,landslide,LS-02517,2024-06-02T02:15:00,2024-06-02T03:45:00,1.5,partial,minor,62,424.6,False,agri_produce,True,SEG-0059,143.7,NDRF,155341,1522400,580.0,very_high,2023-24
DSR-01336,SEG-0015,D-ML-02,ML,NH-6,landslide,LS-02307,2024-06-02T06:00:00,2024-06-02T07:12:00,1.2,partial,minor,41,205.6,True,construction_material,True,SEG-0014,82.9,NHIDCL,148057,412182,578.6,high,2023-24
DSR-01597,SEG-0060,D-AR-06,AR,NH-13,landslide,LS-02797,2024-06-02T07:00:00,2024-06-02T08:54:00,1.9,partial,minor,18,151.6,True,construction_material,True,SEG-0061,68.9,NDRF,178102,429279,73.6,very_high,2023-24
DSR-01154,SEG-0058,D-AR-01,AR,NH-13,landslide,LS-02001,2024-06-02T22:45:00,2024-06-08T18:57:00,140.2,full,major,92,797.3,False,fuel,True,SEG-0059,77.3,BRO (Border Roads Organisation),8034523,1502808,15.5,high,2023-24
DSR-01223,SEG-0059,D-AR-04,AR,NH-13,landslide,LS-02109,2024-06-03T03:45:00,2024-06-03T07:15:00,3.5,full,catastrophic,127,597.4,False,fuel,True,SEG-0060,99.5,NDRF,379117,2112212,249.1,very_high,2023-24
DSR-01459,SEG-0014,D-ML-01,ML,NH-6,landslide,LS-02532,2024-06-03T22:15:00,2024-06-03T23:15:00,1.0,partial,minor,40,111.5,True,construction_material,True,SEG-0015,127.9,State PWD,107347,421796,623.5,high,2023-24
DSR-02105,SEG-0062,D-AS-09,AS,NH-13-W,protest_blockade,,2024-06-04T17:00:00,2024-06-05T16:42:00,23.7,full,moderate,44,272.7,True,construction_material,True,SEG-0056,141.3,NDRF,1178892,910707,108.0,high,2023-24
DSR-01893,SEG-0053,D-SK-03,SK,NH-510,road_subsidence,,2024-06-04T21:15:00,2024-06-15T03:45:00,246.5,full,major,40,355.2,False,food_grains,True,SEG-0052,95.1,State PWD,8540974,1424175,234.9,high,2023-24
DSR-01427,SEG-0031,D-MN-02,MN,NH-2-S,landslide,LS-02472,2024-06-05T01:30:00,2024-06-13T02:12:00,192.7,full,major,58,411.5,False,agri_produce,True,SEG-0032,104.0,State PWD,1935061,1766422,538.8,moderate,2023-24
DSR-01445,SEG-0050,D-SK-02,SK,NH-310,landslide,LS-02500,2024-06-05T07:30:00,2024-06-16T14:18:00,270.8,full,major,56,443.1,False,relief_supplies,True,SEG-0051,35.9,NHIDCL,27322328,1804719,358.6,very_high,2023-24
DSR-02022,SEG-0047,D-SK-01,SK,NH-10,flood,,2024-06-05T19:30:00,2024-06-07T18:24:00,46.9,full,moderate,25,119.0,False,vaccines,True,SEG-0048,35.1,NDRF,424692,528156,462.4,high,2023-24
DSR-01961,SEG-0001,D-WB-01,WB,NH-27,road_subsidence,,2024-06-06T09:15:00,2024-06-09T04:15:00,67.0,full,moderate,70,383.5,False,vaccines,True,SEG-0046,81.7,State PWD,1389621,949760,335.0,low,2023-24
DSR-01366,SEG-0022,D-NL-01,NL,NH-2,landslide,LS-02375,2024-06-07T09:30:00,2024-06-07T10:30:00,1.0,partial,minor,44,208.0,True,lpg_cylinders,True,SEG-0023,39.7,State PWD,78741,781234,321.3,high,2023-24
DSR-01579,SEG-0048,D-SK-01,SK,NH-10,landslide,LS-02764,2024-06-07T12:15:00,2024-06-07T22:03:00,9.8,partial,moderate,11,60.0,True,construction_material,True,SEG-0047,10.9,SDRF,920774,164329,157.8,high,2023-24
DSR-01713,SEG-0018,D-AS-10,AS,NH-27-SPUR,bridge_damage,,2024-06-07T12:45:00,2024-07-10T19:57:00,799.2,full,catastrophic,123,585.9,False,food_grains,True,SEG-0017,213.7,State PWD,15514272,1380132,368.5,moderate,2023-24
DSR-01116,SEG-0035,D-MZ-01,MZ,NH-306,landslide,LS-01930,2024-06-07T20:15:00,2024-06-07T22:21:00,2.1,partial,minor,30,125.8,True,food_grains,True,SEG-0037,102.1,NHIDCL,49611,650240,445.7,high,2023-24
DSR-01569,SEG-0060,D-AR-06,AR,NH-13,landslide,LS-02735,2024-06-07T23:00:00,2024-06-08T00:00:00,1.0,partial,minor,0,0.0,False,vaccines,True,SEG-0059,140.8,State PWD,85045,0,266.6,very_high,2023-24
DSR-01293,SEG-0015,D-ML-02,ML,NH-6,landslide,LS-02226,2024-06-08T08:30:00,2024-06-08T14:54:00,6.4,partial,moderate,0,0.0,True,lpg_cylinders,True,SEG-0014,37.9,BRO (Border Roads Organisation),315658,0,0.1,high,2023-24
DSR-01594,SEG-0062,D-AS-09,AS,NH-13-W,landslide,LS-02792,2024-06-09T07:15:00,2024-06-09T08:15:00,1.0,partial,minor,0,0.0,False,fuel,True,SEG-0007,258.1,SDRF,40125,0,437.8,high,2023-24
DSR-01125,SEG-0063,D-AR-03,AR,NH-13-W,landslide,LS-01946,2024-06-09T16:45:00,2024-06-10T08:27:00,15.7,full,moderate,55,470.5,True,vaccines,True,SEG-0064,146.4,NHIDCL,1683539,1007074,470.6,high,2023-24
DSR-02023,SEG-0056,D-AS-09,AS,NH-15,protest_blockade,,2024-06-09T18:15:00,2024-06-10T14:51:00,20.6,full,moderate,72,564.6,True,medicines,True,SEG-0006,71.1,State PWD,574517,1740050,121.6,low,2023-24
DSR-01120,SEG-0066,D-AR-09,AR,NH-315,landslide,LS-01937,2024-06-09T20:15:00,2024-06-10T08:45:00,12.5,full,moderate,89,533.5,True,construction_material,True,SEG-0065,89.3,BRO (Border Roads Organisation),586452,1063939,97.1,very_high,2023-24
DSR-01345,SEG-0015,D-ML-02,ML,NH-6,landslide,LS-02328,2024-06-10T05:45:00,2024-06-10T07:09:00,1.4,partial,minor,3,17.2,True,vaccines,True,SEG-0045,31.3,BRO (Border Roads Organisation),188752,60068,302.7,high,2023-24
DSR-01676,SEG-0035,D-MZ-01,MZ,NH-306,fallen_tree,,2024-06-10T06:00:00,2024-06-10T15:42:00,9.7,partial,moderate,0,0.0,False,vaccines,True,SEG-0036,91.3,SDRF,99053,0,69.8,high,2023-24
DSR-01541,SEG-0015,D-ML-02,ML,NH-6,landslide,LS-02678,2024-06-10T15:30:00,2024-06-10T17:00:00,1.5,partial,minor,26,198.4,False,fuel,True,SEG-0014,50.3,SDRF,52075,784224,36.2,high,2023-24
DSR-01417,SEG-0046,D-WB-01,WB,NH-10,landslide,LS-02458,2024-06-10T16:45:00,2024-06-11T00:15:00,7.5,partial,moderate,41,242.6,False,medicines,True,SEG-0047,8.0,SDRF,800595,735343,346.3,very_high,2023-24
DSR-01915,SEG-0064,D-AR-03,AR,NH-13-W,protest_blockade,,2024-06-11T03:00:00,2024-06-11T08:42:00,5.7,partial,minor,0,0.0,True,medicines,True,SEG-0063,89.8,BRO (Border Roads Organisation),49765,0,53.0,very_high,2023-24
DSR-01188,SEG-0046,D-WB-01,WB,NH-10,landslide,LS-02060,2024-06-11T06:00:00,2024-06-13T00:36:00,42.6,full,moderate,71,271.4,False,agri_produce,True,SEG-0001,521.8,NHIDCL,952916,622783,164.4,very_high,2023-24
DSR-01702,SEG-0044,D-AS-12,AS,NH-8,fallen_tree,,2024-06-11T13:15:00,2024-06-11T19:45:00,6.5,partial,moderate,0,0.0,False,relief_supplies,True,SEG-0043,24.2,BRO (Border Roads Organisation),198970,0,22.7,low,2023-24
DSR-01163,SEG-0033,D-AS-06,AS,NH-306,landslide,LS-02012,2024-06-12T03:00:00,2024-06-12T04:00:00,1.0,partial,minor,27,204.1,True,agri_produce,True,SEG-0030,46.9,NDRF,75736,837418,393.9,low,2023-24
DSR-01112,SEG-0071,D-AS-08,AS,NH-36,landslide,LS-01926,2024-06-12T06:00:00,2024-06-12T07:00:00,1.0,partial,minor,26,164.3,False,vaccines,True,SEG-0070,117.9,SDRF,39470,279916,541.0,moderate,2023-24
DSR-02048,SEG-0051,D-SK-02,SK,NH-310,flood,,2024-06-12T10:45:00,2024-06-16T09:45:00,95.0,full,major,126,334.6,False,relief_supplies,True,SEG-0050,26.1,NHIDCL,804029,1312389,443.2,very_high,2023-24
DSR-02061,SEG-0053,D-SK-03,SK,NH-510,fallen_tree,,2024-06-12T12:45:00,2024-06-14T04:21:00,39.6,full,moderate,24,185.2,False,medicines,True,SEG-0054,28.0,NHIDCL,1215068,687417,134.5,high,2023-24
DSR-01553,SEG-0026,D-NL-04,NL,NH-29,landslide,LS-02706,2024-06-13T02:30:00,2024-06-13T12:36:00,10.1,partial,moderate,51,195.0,False,fuel,True,SEG-0025,101.4,NHIDCL,1188765,884005,489.6,high,2023-24
DSR-01368,SEG-0046,D-WB-01,WB,NH-10,landslide,LS-02378,2024-06-13T09:00:00,2024-06-13T10:00:00,1.0,partial,minor,51,247.6,False,food_grains,True,SEG-0047,10.2,SDRF,54325,917572,276.3,very_high,2023-24
DSR-01350,SEG-0031,D-MN-02,MN,NH-2-S,landslide,LS-02334,2024-06-13T09:15:00,2024-06-14T03:09:00,17.9,full,moderate,84,458.9,True,lpg_cylinders,True,SEG-0028,71.1,NHIDCL,407183,1936754,85.7,moderate,2023-24
DSR-01284,SEG-0029,D-MN-04,MN,NH-37,landslide,LS-02214,2024-06-14T02:00:00,2024-06-14T03:00:00,1.0,partial,minor,12,33.4,True,medicines,True,SEG-0028,102.1,BRO (Border Roads Organisation),119440,97741,292.1,moderate,2023-24
DSR-01291,SEG-0013,D-ML-01,ML,NH-6,landslide,LS-02223,2024-06-14T02:30:00,2024-06-14T09:24:00,6.9,full,major,74,643.6,False,relief_supplies,True,SEG-0012,61.8,BRO (Border Roads Organisation),537791,741589,5.1,very_high,2023-24
DSR-01191,SEG-0022,D-NL-01,NL,NH-2,landslide,LS-02065,2024-06-14T14:00:00,2024-06-14T15:06:00,1.1,partial,minor,7,47.2,False,fuel,True,SEG-0023,38.9,SDRF,43605,223352,188.9,high,2023-24
DSR-01243,SEG-0015,D-ML-02,ML,NH-6,landslide,LS-02147,2024-06-14T14:00:00,2024-06-14T19:36:00,5.6,partial,moderate,0,0.0,True,agri_produce,True,SEG-0014,85.9,NDRF,139060,0,320.1,high,2023-24
DSR-01863,SEG-0022,D-NL-01,NL,NH-2,protest_blockade,,2024-06-15T04:15:00,2024-06-15T11:21:00,7.1,partial,moderate,0,0.0,True,food_grains,True,SEG-0023,30.7,SDRF,234633,0,199.1,high,2023-24
DSR-01197,SEG-0061,D-AR-06,AR,NH-13,landslide,LS-02073,2024-06-15T21:00:00,2024-06-17T05:18:00,32.3,full,moderate,38,163.0,False,relief_supplies,True,SEG-0060,128.3,SDRF,2101088,517864,434.0,high,2023-24
DSR-02159,SEG-0013,D-ML-01,ML,NH-6,accident_blockage,,2024-06-16T22:45:00,2024-06-17T11:57:00,13.2,full,moderate,18,114.1,True,construction_material,True,SEG-0014,64.7,NDRF,348077,500219,165.7,very_high,2023-24
DSR-01614,SEG-0058,D-AR-01,AR,NH-13,landslide,LS-02819,2024-06-17T12:15:00,2024-06-17T18:03:00,5.8,full,major,45,191.1,False,lpg_cylinders,True,SEG-0059,111.7,SDRF,338561,656437,423.0,high,2023-24
DSR-01492,SEG-0034,D-MZ-04,MZ,NH-306,landslide,LS-02594,2024-06-17T12:30:00,2024-06-17T14:36:00,2.1,partial,minor,0,0.0,True,vaccines,True,SEG-0033,111.1,BRO (Border Roads Organisation),59175,0,532.2,high,2023-24
DSR-01517,SEG-0051,D-SK-02,SK,NH-310,landslide,LS-02640,2024-06-17T22:45:00,2024-06-18T01:03:00,2.3,partial,minor,51,239.8,False,vaccines,True,SEG-0050,24.7,NHIDCL,177952,1036077,262.0,very_high,2023-24
DSR-01399,SEG-0050,D-SK-02,SK,NH-310,landslide,LS-02428,2024-06-18T10:30:00,2024-06-21T06:36:00,68.1,full,moderate,59,289.5,True,fuel,True,SEG-0051,21.7,NHIDCL,8876786,396788,195.8,very_high,2023-24
DSR-01122,SEG-0062,D-AS-09,AS,NH-13-W,landslide,LS-01940,2024-06-18T12:30:00,2024-06-18T22:48:00,10.3,partial,moderate,42,372.5,True,lpg_cylinders,True,SEG-0063,57.2,SDRF,886844,734710,401.1,high,2023-24
DSR-01180,SEG-0046,D-WB-01,WB,NH-10,landslide,LS-02046,2024-06-20T07:45:00,2024-06-20T08:45:00,1.0,full,catastrophic,10,65.9,True,vaccines,True,SEG-0047,8.8,NHIDCL,83445,75880,250.3,very_high,2023-24
DSR-01554,SEG-0025,D-NL-01,NL,NH-29,landslide,LS-02710,2024-06-21T09:45:00,2024-06-21T13:39:00,3.9,partial,minor,0,0.0,True,food_grains,True,SEG-0026,53.3,NDRF,284876,0,537.4,high,2023-24
DSR-01363,SEG-0048,D-SK-01,SK,NH-10,landslide,LS-02369,2024-06-21T17:00:00,2024-06-21T18:30:00,1.5,partial,minor,29,134.5,False,medicines,True,SEG-0052,65.2,BRO (Border Roads Organisation),199339,267163,308.9,high,2023-24
DSR-01509,SEG-0070,D-AS-02,AS,NH-36,landslide,LS-02629,2024-06-21T21:00:00,2024-06-22T05:12:00,8.2,full,major,23,74.8,False,construction_material,True,SEG-0071,37.4,State PWD,78850,399525,126.2,low,2023-24
DSR-01135,SEG-0015,D-ML-02,ML,NH-6,landslide,LS-01964,2024-06-21T23:00:00,2024-06-22T17:48:00,18.8,full,moderate,54,202.8,False,vaccines,True,SEG-0016,48.0,BRO (Border Roads Organisation),555097,540578,625.8,high,2023-24
DSR-01286,SEG-0013,D-ML-01,ML,NH-6,landslide,LS-02216,2024-06-22T01:15:00,2024-06-23T11:39:00,34.4,full,moderate,42,348.1,False,medicines,True,SEG-0014,85.3,BRO (Border Roads Organisation),4308189,1120028,673.9,very_high,2023-24
DSR-01397,SEG-0035,D-MZ-01,MZ,NH-306,landslide,LS-02419,2024-06-22T03:15:00,2024-07-04T19:27:00,304.2,full,major,32,203.6,False,food_grains,True,SEG-0034,85.4,BRO (Border Roads Organisation),8782053,662970,116.9,high,2023-24
DSR-01137,SEG-0005,D-AS-01,AS,NH-27,landslide,LS-01970,2024-06-22T05:00:00,2024-06-22T06:00:00,1.0,partial,minor,0,0.0,False,fuel,True,SEG-0004,70.8,BRO (Border Roads Organisation),128552,0,393.2,low,2023-24
DSR-01484,SEG-0051,D-SK-02,SK,NH-310,landslide,LS-02580,2024-06-22T13:15:00,2024-06-22T20:45:00,7.5,partial,moderate,79,582.1,True,vaccines,True,SEG-0050,23.9,State PWD,315921,1980970,222.9,very_high,2023-24
DSR-01641,SEG-0034,D-MZ-04,MZ,NH-306,protest_blockade,,2024-06-22T14:15:00,2024-06-23T06:03:00,15.8,full,moderate,0,0.0,True,vaccines,True,SEG-0033,160.5,NDRF,647544,0,105.6,high,2023-24
DSR-01956,SEG-0065,D-AR-05,AR,NH-315,flood,,2024-06-23T05:30:00,2024-07-05T23:18:00,305.8,full,major,62,254.7,False,fuel,True,SEG-0061,133.7,BRO (Border Roads Organisation),3466184,868698,190.5,high,2023-24
DSR-01762,SEG-0009,D-AS-03,AS,NH-27,road_subsidence,,2024-06-23T08:00:00,2024-06-27T05:00:00,93.0,full,major,18,90.0,True,lpg_cylinders,True,SEG-0008,88.1,SDRF,3619338,280160,67.3,low,2023-24
DSR-01891,SEG-0053,D-SK-03,SK,NH-510,road_subsidence,,2024-06-23T19:15:00,2024-06-29T02:15:00,127.0,full,major,62,421.5,False,fuel,True,SEG-0052,60.2,NDRF,5772864,836277,157.5,high,2023-24
DSR-01483,SEG-0051,D-SK-02,SK,NH-310,landslide,LS-02579,2024-06-23T22:15:00,2024-06-24T08:15:00,10.0,partial,moderate,22,142.0,False,fuel,True,SEG-0050,36.1,State PWD,925442,262215,551.9,very_high,2023-24
DSR-01510,SEG-0046,D-WB-01,WB,NH-10,landslide,LS-02630,2024-06-24T07:15:00,2024-06-24T11:15:00,4.0,partial,moderate,0,0.0,False,medicines,True,SEG-0001,414.1,NDRF,248583,0,584.4,very_high,2023-24
DSR-01210,SEG-0013,D-ML-01,ML,NH-6,landslide,LS-02095,2024-06-24T22:30:00,2024-06-25T06:12:00,7.7,partial,moderate,0,0.0,True,construction_material,True,SEG-0014,75.8,BRO (Border Roads Organisation),728374,0,33.3,very_high,2023-24
DSR-01455,SEG-0047,D-SK-01,SK,NH-10,landslide,LS-02522,2024-06-25T04:45:00,2024-06-25T10:21:00,5.6,partial,minor,43,260.9,False,agri_produce,True,SEG-0046,105.6,BRO (Border Roads Organisation),573570,1138911,525.6,high,2023-24
DSR-01478,SEG-0062,D-AS-09,AS,NH-13-W,landslide,LS-02568,2024-06-25T08:00:00,2024-06-26T05:54:00,21.9,full,moderate,40,258.1,True,relief_supplies,True,SEG-0063,43.2,SDRF,1228322,622393,405.6,high,2023-24
DSR-01234,SEG-0047,D-SK-01,SK,NH-10,landslide,LS-02128,2024-06-25T08:15:00,2024-06-25T09:27:00,1.2,partial,minor,5,16.3,True,medicines,True,SEG-0048,20.8,State PWD,35157,45443,200.7,high,2023-24
DSR-01760,SEG-0041,D-TR-03,TR,NH-8,road_subsidence,,2024-06-25T15:45:00,2024-06-29T00:03:00,80.3,full,major,82,596.3,False,medicines,True,SEG-0042,27.8,NDRF,2535263,1084520,238.8,low,2023-24
DSR-01497,SEG-0066,D-AR-09,AR,NH-315,landslide,LS-02610,2024-06-26T15:45:00,2024-06-27T00:45:00,9.0,partial,moderate,68,183.6,True,vaccines,True,SEG-0067,97.3,SDRF,130878,691631,434.3,very_high,2023-24
DSR-01873,SEG-0053,D-SK-03,SK,NH-510,flood,,2024-06-27T20:15:00,2024-07-14T11:03:00,398.8,full,major,78,445.5,True,fuel,True,SEG-0052,43.2,NHIDCL,12821584,1311197,279.6,high,2023-24
DSR-01534,SEG-0021,D-NL-02,NL,NH-2,landslide,LS-02668,2024-06-27T20:30:00,2024-06-27T22:42:00,2.2,partial,moderate,96,629.5,True,agri_produce,True,SEG-0022,27.0,NDRF,88275,1002526,521.1,high,2023-24
DSR-01395,SEG-0050,D-SK-02,SK,NH-310,landslide,LS-02417,2024-06-27T22:15:00,2024-06-29T08:57:00,34.7,full,major,65,509.6,False,relief_supplies,True,SEG-0049,38.0,NDRF,1460285,1293934,110.3,very_high,2023-24
DSR-01929,SEG-0018,D-AS-10,AS,NH-27-SPUR,flood,,2024-06-27T23:30:00,2024-07-03T08:18:00,128.8,full,major,35,142.5,False,relief_supplies,True,SEG-0017,221.0,BRO (Border Roads Organisation),1756175,212655,593.8,moderate,2023-24
DSR-01687,SEG-0031,D-MN-02,MN,NH-2-S,fallen_tree,,2024-06-28T04:45:00,2024-06-29T07:39:00,26.9,full,moderate,105,589.4,False,construction_material,True,SEG-0024,94.7,NDRF,1198671,1596187,82.4,moderate,2023-24
DSR-01545,SEG-0004,D-AS-01,AS,NH-27,landslide,LS-02685,2024-07-01T01:30:00,2024-07-01T02:30:00,1.0,partial,minor,20,101.1,False,construction_material,True,SEG-0003,69.2,SDRF,122720,439018,592.8,low,2023-24
DSR-01604,SEG-0053,D-SK-03,SK,NH-510,landslide,LS-02805,2024-07-01T02:45:00,2024-07-01T05:57:00,3.2,partial,minor,39,329.9,True,fuel,True,SEG-0052,76.7,NDRF,180148,1313339,344.3,high,2023-24
DSR-01449,SEG-0013,D-ML-01,ML,NH-6,landslide,LS-02510,2024-07-01T06:45:00,2024-07-01T08:21:00,1.6,partial,moderate,0,0.0,True,construction_material,True,SEG-0014,75.6,BRO (Border Roads Organisation),191365,0,61.8,very_high,2023-24
DSR-01268,SEG-0025,D-NL-01,NL,NH-29,landslide,LS-02188,2024-07-01T23:30:00,2024-07-02T10:24:00,10.9,partial,moderate,0,0.0,True,construction_material,True,SEG-0021,95.4,NDRF,766714,0,604.0,high,2023-24
DSR-01316,SEG-0062,D-AS-09,AS,NH-13-W,landslide,LS-02270,2024-07-02T07:15:00,2024-07-02T08:15:00,1.0,partial,minor,0,0.0,True,lpg_cylinders,True,SEG-0007,161.7,BRO (Border Roads Organisation),89729,0,267.6,high,2023-24
DSR-01477,SEG-0046,D-WB-01,WB,NH-10,landslide,LS-02566,2024-07-02T17:00:00,2024-07-04T01:36:00,32.6,full,moderate,153,1362.8,False,agri_produce,True,SEG-0001,282.0,State PWD,2250011,4782408,185.1,very_high,2023-24
DSR-01314,SEG-0071,D-AS-08,AS,NH-36,landslide,LS-02267,2024-07-02T17:15:00,2024-07-04T16:03:00,46.8,full,moderate,65,176.6,True,food_grains,True,SEG-0070,228.4,SDRF,2590333,792259,551.0,moderate,2023-24
DSR-01551,SEG-0025,D-NL-01,NL,NH-29,landslide,LS-02703,2024-07-02T18:15:00,2024-07-02T19:15:00,1.0,partial,minor,0,0.0,True,lpg_cylinders,True,SEG-0026,51.5,BRO (Border Roads Organisation),34225,0,359.1,high,2023-24
DSR-01451,SEG-0037,D-MZ-01,MZ,NH-302,landslide,LS-02514,2024-07-03T00:00:00,2024-07-04T14:18:00,38.3,full,moderate,37,235.2,True,construction_material,True,SEG-0035,89.8,State PWD,779154,477150,246.8,high,2023-24
DSR-01389,SEG-0051,D-SK-02,SK,NH-310,landslide,LS-02408,2024-07-03T21:45:00,2024-07-07T13:51:00,88.1,full,major,42,187.0,False,medicines,True,SEG-0050,20.2,BRO (Border Roads Organisation),8906046,855700,74.1,very_high,2023-24
DSR-01794,SEG-0064,D-AR-03,AR,NH-13-W,fallen_tree,,2024-07-04T13:00:00,2024-07-05T16:00:00,27.0,full,moderate,89,231.2,True,fuel,True,SEG-0063,40.9,NHIDCL,636231,813976,53.7,very_high,2023-24
DSR-01220,SEG-0012,D-AS-01,AS,NH-6,landslide,LS-02106,2024-07-06T04:30:00,2024-07-06T20:12:00,15.7,full,moderate,57,147.3,False,medicines,True,SEG-0005,218.5,BRO (Border Roads Organisation),1660056,224410,20.0,high,2023-24
DSR-01504,SEG-0014,D-ML-01,ML,NH-6,landslide,LS-02619,2024-07-06T17:15:00,2024-07-07T05:57:00,12.7,full,moderate,109,636.4,False,lpg_cylinders,True,SEG-0013,56.3,SDRF,553021,2084948,823.5,high,2023-24
DSR-01598,SEG-0046,D-WB-01,WB,NH-10,landslide,LS-02798,2024-07-07T05:30:00,2024-07-07T15:42:00,10.2,partial,moderate,78,488.4,False,vaccines,True,SEG-0047,13.4,SDRF,1189860,1893334,505.3,very_high,2023-24
DSR-01466,SEG-0013,D-ML-01,ML,NH-6,landslide,LS-02544,2024-07-07T15:15:00,2024-07-07T16:39:00,1.4,partial,minor,31,105.6,False,fuel,True,SEG-0012,57.8,NDRF,41982,475928,803.4,very_high,2023-24
DSR-01723,SEG-0004,D-AS-01,AS,NH-27,bridge_damage,,2024-07-08T09:45:00,2024-07-31T03:51:00,546.1,full,major,120,1018.1,True,vaccines,True,SEG-0017,253.3,BRO (Border Roads Organisation),8373242,4500754,192.8,low,2023-24
DSR-01376,SEG-0057,D-AR-01,AR,NH-15,landslide,LS-02390,2024-07-08T10:30:00,2024-07-08T11:30:00,1.0,partial,minor,0,0.0,True,lpg_cylinders,True,SEG-0056,217.0,SDRF,45099,0,486.2,moderate,2023-24
DSR-02126,SEG-0068,D-AS-08,AS,NH-27-DH,road_subsidence,,2024-07-08T13:15:00,2024-08-11T17:03:00,819.8,full,catastrophic,75,661.4,True,fuel,True,SEG-0069,84.2,NHIDCL,23597993,977679,71.4,high,2023-24
DSR-01565,SEG-0064,D-AR-03,AR,NH-13-W,landslide,LS-02727,2024-07-09T12:30:00,2024-07-10T06:24:00,17.9,full,moderate,52,367.9,True,vaccines,True,SEG-0063,72.3,State PWD,524425,576592,280.8,very_high,2023-24
DSR-01527,SEG-0059,D-AR-04,AR,NH-13,landslide,LS-02657,2024-07-09T20:30:00,2024-07-11T01:48:00,29.3,full,moderate,120,409.5,True,fuel,True,SEG-0058,65.0,SDRF,1644591,2001753,261.1,very_high,2023-24
DSR-02233,SEG-0012,D-AS-01,AS,NH-6,flood,,2024-07-10T03:00:00,2024-07-18T05:12:00,194.2,full,major,80,666.9,False,relief_supplies,True,SEG-0017,162.0,BRO (Border Roads Organisation),4747621,1518138,462.3,high,2023-24
DSR-01829,SEG-0011,D-AS-04,AS,NH-27,road_subsidence,,2024-07-10T05:30:00,2024-07-16T07:24:00,145.9,full,major,88,317.7,False,medicines,True,SEG-0010,108.8,NDRF,3410179,715138,294.2,low,2023-24
DSR-01409,SEG-0061,D-AR-06,AR,NH-13,landslide,LS-02441,2024-07-10T08:45:00,2024-07-11T19:15:00,34.5,full,moderate,1,3.3,False,lpg_cylinders,True,SEG-0060,142.7,BRO (Border Roads Organisation),4360071,8375,175.5,high,2023-24
DSR-01267,SEG-0059,D-AR-04,AR,NH-13,landslide,LS-02187,2024-07-10T15:45:00,2024-07-10T18:03:00,2.3,partial,minor,10,76.0,True,agri_produce,True,SEG-0060,69.1,NDRF,110126,210945,385.9,very_high,2023-24
DSR-01156,SEG-0015,D-ML-02,ML,NH-6,landslide,LS-02003,2024-07-11T03:15:00,2024-07-11T04:15:00,1.0,partial,minor,11,38.3,True,vaccines,True,SEG-0014,85.2,NHIDCL,108492,169500,375.6,high,2023-24
DSR-01548,SEG-0066,D-AR-09,AR,NH-315,landslide,LS-02699,2024-07-11T09:00:00,2024-07-12T11:42:00,26.7,full,moderate,75,474.4,False,construction_material,True,SEG-0067,51.3,BRO (Border Roads Organisation),1014175,1379730,232.4,very_high,2023-24
DSR-01866,SEG-0029,D-MN-04,MN,NH-37,bridge_damage,,2024-07-11T14:30:00,2024-08-07T11:24:00,644.9,full,major,69,271.9,False,vaccines,True,SEG-0028,84.1,SDRF,5554539,1167348,293.6,moderate,2023-24
DSR-01437,SEG-0062,D-AS-09,AS,NH-13-W,landslide,LS-02489,2024-07-13T08:00:00,2024-07-13T10:42:00,2.7,partial,minor,59,467.0,False,relief_supplies,True,SEG-0056,199.9,BRO (Border Roads Organisation),104730,1597214,485.0,high,2023-24
DSR-01127,SEG-0013,D-ML-01,ML,NH-6,landslide,LS-01948,2024-07-13T22:00:00,2024-07-14T01:00:00,3.0,partial,minor,0,0.0,False,construction_material,True,SEG-0014,41.2,NHIDCL,256159,0,867.6,very_high,2023-24
DSR-01178,SEG-0063,D-AR-03,AR,NH-13-W,landslide,LS-02042,2024-07-14T04:30:00,2024-07-14T07:24:00,2.9,partial,minor,0,0.0,False,fuel,True,SEG-0064,130.7,SDRF,235543,0,352.0,high,2023-24
DSR-01620,SEG-0059,D-AR-04,AR,NH-13,landslide,LS-02827,2024-07-14T15:00:00,2024-07-14T18:42:00,3.7,partial,minor,0,0.0,True,relief_supplies,True,SEG-0060,91.4,NDRF,454959,0,201.9,very_high,2023-24
DSR-01588,SEG-0053,D-SK-03,SK,NH-510,landslide,LS-02785,2024-07-14T21:15:00,2024-07-15T00:03:00,2.8,partial,minor,0,0.0,True,agri_produce,True,SEG-0054,22.8,NHIDCL,26384,0,463.8,high,2023-24
DSR-02155,SEG-0004,D-AS-01,AS,NH-27,bridge_damage,,2024-07-15T07:30:00,2024-08-11T10:24:00,650.9,full,major,13,102.1,False,lpg_cylinders,True,SEG-0017,217.0,BRO (Border Roads Organisation),6560198,291275,61.5,low,2023-24
DSR-01523,SEG-0065,D-AR-05,AR,NH-315,landslide,LS-02652,2024-07-15T17:30:00,2024-07-16T22:00:00,28.5,full,moderate,143,1169.4,False,construction_material,True,SEG-0061,60.9,SDRF,1592463,5456569,277.8,high,2023-24
DSR-01618,SEG-0028,D-MN-01,MN,NH-37,landslide,LS-02823,2024-07-16T02:15:00,2024-07-18T09:21:00,55.1,full,moderate,179,1456.7,True,lpg_cylinders,True,SEG-0029,72.6,NDRF,5520399,4921714,509.7,high,2023-24
DSR-01827,SEG-0066,D-AR-09,AR,NH-315,bridge_damage,,2024-07-16T19:45:00,2024-08-02T07:45:00,396.0,full,major,17,61.5,True,food_grains,True,SEG-0067,97.3,SDRF,15935952,215770,181.8,very_high,2023-24
DSR-01216,SEG-0034,D-MZ-04,MZ,NH-306,landslide,LS-02102,2024-07-17T00:15:00,2024-07-17T01:15:00,1.0,partial,minor,183,1001.5,True,lpg_cylinders,True,SEG-0033,150.0,NHIDCL,119646,1828687,597.2,high,2023-24
DSR-01300,SEG-0064,D-AR-03,AR,NH-13-W,landslide,LS-02239,2024-07-17T12:00:00,2024-07-17T15:54:00,3.9,partial,minor,5,38.1,False,relief_supplies,True,SEG-0063,68.5,State PWD,239077,56568,237.0,very_high,2023-24
DSR-01813,SEG-0007,D-AS-09,AS,NH-27,fallen_tree,,2024-07-18T15:30:00,2024-07-19T17:48:00,26.3,full,moderate,66,249.3,True,vaccines,True,SEG-0006,66.4,SDRF,422054,477668,162.9,low,2023-24
DSR-01110,SEG-0053,D-SK-03,SK,NH-510,landslide,LS-01920,2024-07-18T17:30:00,2024-07-22T11:54:00,90.4,full,major,125,472.8,False,medicines,True,SEG-0052,57.3,SDRF,4952338,1065059,612.1,high,2023-24
DSR-01360,SEG-0022,D-NL-01,NL,NH-2,landslide,LS-02364,2024-07-18T23:15:00,2024-07-19T06:57:00,7.7,partial,moderate,0,0.0,False,lpg_cylinders,True,SEG-0025,127.0,SDRF,774569,0,129.7,high,2023-24
DSR-01196,SEG-0029,D-MN-04,MN,NH-37,landslide,LS-02072,2024-07-19T00:30:00,2024-07-19T01:30:00,1.0,partial,minor,12,98.3,True,medicines,True,SEG-0030,89.4,NHIDCL,121530,365411,260.7,moderate,2023-24
DSR-01578,SEG-0037,D-MZ-01,MZ,NH-302,landslide,LS-02762,2024-07-19T00:30:00,2024-07-19T01:30:00,1.0,partial,minor,30,94.5,False,lpg_cylinders,True,SEG-0034,137.5,BRO (Border Roads Organisation),18782,139664,415.6,high,2023-24
DSR-01299,SEG-0051,D-SK-02,SK,NH-310,landslide,LS-02238,2024-07-19T04:00:00,2024-07-19T05:00:00,1.0,partial,minor,92,357.8,False,fuel,True,SEG-0050,21.0,State PWD,92203,856161,420.5,very_high,2023-24
DSR-01797,SEG-0071,D-AS-08,AS,NH-36,flood,,2024-07-19T23:00:00,2024-07-31T21:36:00,286.6,full,major,28,160.9,False,agri_produce,True,SEG-0021,83.0,NDRF,2551146,503066,289.6,moderate,2023-24
DSR-02019,SEG-0048,D-SK-01,SK,NH-10,road_subsidence,,2024-07-20T14:00:00,2024-07-25T07:36:00,113.6,full,major,0,0.0,False,food_grains,True,SEG-0049,48.8,BRO (Border Roads Organisation),4711787,0,105.2,high,2023-24
DSR-01556,SEG-0025,D-NL-01,NL,NH-29,landslide,LS-02714,2024-07-20T21:15:00,2024-07-21T02:21:00,5.1,partial,moderate,26,135.5,True,construction_material,True,SEG-0026,64.7,State PWD,414877,473681,561.0,high,2023-24
DSR-01803,SEG-0053,D-SK-03,SK,NH-510,accident_blockage,,2024-07-21T16:00:00,2024-07-22T15:00:00,23.0,full,moderate,126,527.0,False,construction_material,True,SEG-0052,94.8,NHIDCL,619520,2111215,159.5,high,2023-24
DSR-01227,SEG-0054,D-SK-03,SK,NH-510,landslide,LS-02116,2024-07-22T13:30:00,2024-07-23T08:06:00,18.6,full,moderate,78,333.9,False,food_grains,True,SEG-0055,16.0,State PWD,374858,660578,79.5,high,2023-24
DSR-01162,SEG-0023,D-MN-05,MN,NH-2,landslide,LS-02011,2024-07-22T19:30:00,2024-07-23T06:42:00,11.2,partial,moderate,3,16.8,False,medicines,True,SEG-0024,90.7,NHIDCL,1044358,52009,493.2,moderate,2023-24
DSR-01495,SEG-0022,D-NL-01,NL,NH-2,landslide,LS-02608,2024-07-22T21:45:00,2024-07-22T22:45:00,1.0,partial,minor,50,232.0,True,lpg_cylinders,True,SEG-0025,98.9,SDRF,81533,284607,499.1,high,2023-24
DSR-01479,SEG-0036,D-MZ-05,MZ,NH-306,landslide,LS-02569,2024-07-23T06:15:00,2024-07-23T09:21:00,3.1,partial,minor,105,930.6,False,medicines,True,SEG-0035,81.8,NDRF,189262,3354269,439.3,high,2023-24
DSR-01340,SEG-0066,D-AR-09,AR,NH-315,landslide,LS-02318,2024-07-23T23:00:00,2024-07-26T15:18:00,64.3,full,moderate,81,448.7,True,fuel,True,SEG-0065,119.1,SDRF,4112513,634467,62.3,very_high,2023-24
DSR-02288,SEG-0062,D-AS-09,AS,NH-13-W,bridge_damage,,2024-07-24T12:00:00,2024-08-01T19:00:00,199.0,full,major,0,0.0,False,relief_supplies,True,SEG-0056,241.4,NDRF,8504561,0,136.3,high,2023-24
DSR-01577,SEG-0018,D-AS-10,AS,NH-27-SPUR,landslide,LS-02761,2024-07-24T21:45:00,2024-07-25T22:15:00,24.5,full,moderate,93,465.3,False,agri_produce,True,SEG-0019,90.2,NDRF,3150052,889920,545.0,moderate,2023-24
DSR-01176,SEG-0063,D-AR-03,AR,NH-13-W,landslide,LS-02034,2024-07-24T22:00:00,2024-07-26T02:12:00,28.2,full,moderate,81,214.6,True,vaccines,True,SEG-0062,74.4,SDRF,2815590,704152,613.6,high,2023-24
DSR-01311,SEG-0015,D-ML-02,ML,NH-6,landslide,LS-02261,2024-07-25T01:00:00,2024-07-29T07:06:00,102.1,full,major,102,264.9,True,relief_supplies,True,SEG-0016,39.3,NDRF,13311477,795351,920.0,high,2023-24
DSR-01531,SEG-0062,D-AS-09,AS,NH-13-W,landslide,LS-02663,2024-07-26T01:00:00,2024-07-26T14:30:00,13.5,full,moderate,63,419.0,False,vaccines,True,SEG-0007,146.5,NDRF,863049,629681,594.6,high,2023-24
DSR-01224,SEG-0065,D-AR-05,AR,NH-315,landslide,LS-02110,2024-07-26T03:30:00,2024-07-28T15:24:00,59.9,full,moderate,18,53.3,True,vaccines,True,SEG-0066,95.2,NHIDCL,1335003,181122,547.4,high,2023-24
DSR-01428,SEG-0058,D-AR-01,AR,NH-13,landslide,LS-02473,2024-07-26T04:15:00,2024-07-26T06:39:00,2.4,partial,moderate,0,0.0,False,relief_supplies,True,SEG-0057,63.1,NDRF,66645,0,234.3,high,2023-24
DSR-01865,SEG-0045,D-AS-12,AS,NH-8,accident_blockage,,2024-07-26T17:15:00,2024-07-27T14:27:00,21.2,full,moderate,81,348.4,True,fuel,True,SEG-0016,33.6,SDRF,525531,424642,41.0,low,2023-24
DSR-01585,SEG-0055,D-SK-04,SK,NH-510,landslide,LS-02776,2024-07-26T23:45:00,2024-07-27T04:51:00,5.1,partial,minor,88,784.8,False,fuel,True,SEG-0054,33.9,State PWD,247535,2822939,297.5,very_high,2023-24
DSR-01607,SEG-0065,D-AR-05,AR,NH-315,landslide,LS-02808,2024-07-27T02:45:00,2024-07-27T05:33:00,2.8,partial,minor,65,212.1,False,lpg_cylinders,True,SEG-0066,92.4,NHIDCL,90239,410305,157.7,high,2023-24
DSR-01254,SEG-0066,D-AR-09,AR,NH-315,landslide,LS-02163,2024-07-27T03:30:00,2024-07-28T23:06:00,43.6,full,moderate,1,8.2,False,vaccines,True,SEG-0067,67.3,SDRF,766388,30399,558.5,very_high,2023-24
DSR-01182,SEG-0012,D-AS-01,AS,NH-6,landslide,LS-02048,2024-07-27T03:45:00,2024-07-30T04:27:00,72.7,full,major,18,123.0,False,fuel,True,SEG-0013,75.5,State PWD,4257610,577711,558.5,high,2023-24
DSR-01166,SEG-0027,D-NL-03,NL,NH-29,landslide,LS-02017,2024-07-27T13:45:00,2024-07-28T07:27:00,17.7,full,moderate,90,777.3,False,agri_produce,True,SEG-0026,87.6,NDRF,1148111,2179493,173.7,high,2023-24
DSR-01323,SEG-0037,D-MZ-01,MZ,NH-302,landslide,LS-02281,2024-07-28T09:00:00,2024-07-31T10:54:00,73.9,full,major,88,613.8,False,medicines,True,SEG-0034,62.8,BRO (Border Roads Organisation),1975209,2179804,354.6,high,2023-24
DSR-01343,SEG-0069,D-AS-07,AS,NH-27-DH,landslide,LS-02326,2024-08-01T14:30:00,2024-08-03T02:36:00,36.1,full,moderate,66,287.5,True,medicines,True,SEG-0030,56.4,NDRF,1014402,1100298,605.8,high,2023-24
DSR-01305,SEG-0067,D-AR-07,AR,NH-315,landslide,LS-02253,2024-08-01T20:15:00,2024-08-02T22:27:00,26.2,full,moderate,20,139.7,False,fuel,True,SEG-0066,86.9,State PWD,609291,210700,64.4,moderate,2023-24
DSR-01458,SEG-0014,D-ML-01,ML,NH-6,landslide,LS-02528,2024-08-02T01:45:00,2024-08-02T08:57:00,7.2,partial,moderate,1,7.1,False,agri_produce,True,SEG-0013,41.8,NDRF,346905,17715,127.1,high,2023-24
DSR-01229,SEG-0037,D-MZ-01,MZ,NH-302,landslide,LS-02119,2024-08-02T18:30:00,2024-08-03T11:06:00,16.6,full,moderate,51,304.3,True,lpg_cylinders,True,SEG-0034,100.4,SDRF,550634,1061215,29.4,high,2023-24
DSR-01281,SEG-0014,D-ML-01,ML,NH-6,landslide,LS-02208,2024-08-04T00:30:00,2024-08-04T02:24:00,1.9,partial,minor,0,0.0,False,construction_material,True,SEG-0015,181.1,State PWD,191119,0,562.0,high,2023-24
DSR-01201,SEG-0065,D-AR-05,AR,NH-315,landslide,LS-02079,2024-08-04T16:15:00,2024-08-05T09:39:00,17.4,full,moderate,0,0.0,False,vaccines,True,SEG-0061,75.4,NDRF,954750,0,68.4,high,2023-24
DSR-01701,SEG-0010,D-AS-11,AS,NH-27,protest_blockade,,2024-08-05T02:00:00,2024-08-06T00:18:00,22.3,full,moderate,123,776.5,False,construction_material,True,SEG-0011,50.1,NHIDCL,881553,1388979,55.6,low,2023-24
DSR-01434,SEG-0014,D-ML-01,ML,NH-6,landslide,LS-02483,2024-08-05T09:15:00,2024-08-05T12:21:00,3.1,partial,moderate,29,146.4,False,relief_supplies,True,SEG-0015,182.4,SDRF,177825,276265,643.7,high,2023-24
DSR-01342,SEG-0060,D-AR-06,AR,NH-13,landslide,LS-02324,2024-08-06T02:00:00,2024-08-06T04:00:00,2.0,partial,minor,0,0.0,True,relief_supplies,True,SEG-0059,131.6,BRO (Border Roads Organisation),51645,0,556.4,very_high,2023-24
DSR-01405,SEG-0029,D-MN-04,MN,NH-37,landslide,LS-02437,2024-08-06T10:00:00,2024-08-06T11:18:00,1.3,full,major,12,50.1,False,agri_produce,True,SEG-0028,116.0,State PWD,116546,154534,578.9,moderate,2023-24
DSR-01244,SEG-0059,D-AR-04,AR,NH-13,landslide,LS-02148,2024-08-06T14:30:00,2024-08-06T15:48:00,1.3,partial,minor,15,110.5,True,medicines,True,SEG-0058,109.7,NDRF,140324,438586,170.8,very_high,2023-24
DSR-01421,SEG-0018,D-AS-10,AS,NH-27-SPUR,landslide,LS-02464,2024-08-06T21:30:00,2024-08-06T22:30:00,1.0,partial,minor,0,0.0,True,agri_produce,True,SEG-0017,130.1,SDRF,74856,0,153.9,moderate,2023-24
DSR-01365,SEG-0064,D-AR-03,AR,NH-13-W,landslide,LS-02374,2024-08-06T23:15:00,2024-08-07T13:51:00,14.6,full,moderate,47,270.8,True,food_grains,True,SEG-0063,76.9,State PWD,1857127,589478,507.1,very_high,2023-24
DSR-01289,SEG-0048,D-SK-01,SK,NH-10,landslide,LS-02219,2024-08-07T01:00:00,2024-08-07T08:48:00,7.8,partial,moderate,41,262.7,True,lpg_cylinders,True,SEG-0052,55.9,State PWD,1020767,891497,508.9,high,2023-24
DSR-01652,SEG-0071,D-AS-08,AS,NH-36,accident_blockage,,2024-08-07T01:45:00,2024-08-07T09:21:00,7.6,partial,moderate,17,149.1,False,fuel,True,SEG-0021,102.4,NHIDCL,138656,342338,10.7,moderate,2023-24
DSR-01542,SEG-0026,D-NL-04,NL,NH-29,landslide,LS-02679,2024-08-07T11:45:00,2024-08-07T12:45:00,1.0,partial,minor,86,378.3,True,lpg_cylinders,True,SEG-0025,81.8,NDRF,123037,886341,51.3,high,2023-24
DSR-01292,SEG-0064,D-AR-03,AR,NH-13-W,landslide,LS-02224,2024-08-07T16:15:00,2024-08-07T22:39:00,6.4,partial,moderate,54,256.3,False,construction_material,True,SEG-0063,86.9,State PWD,703294,556643,463.5,very_high,2023-24
DSR-01501,SEG-0063,D-AR-03,AR,NH-13-W,landslide,LS-02616,2024-08-08T10:45:00,2024-08-08T21:03:00,10.3,partial,moderate,36,277.6,False,medicines,True,SEG-0064,83.7,State PWD,1296834,871189,518.4,high,2023-24
DSR-01464,SEG-0037,D-MZ-01,MZ,NH-302,landslide,LS-02542,2024-08-09T00:00:00,2024-08-09T01:00:00,1.0,partial,minor,0,0.0,False,construction_material,True,SEG-0035,85.4,SDRF,23316,0,215.4,high,2023-24
DSR-01274,SEG-0064,D-AR-03,AR,NH-13-W,landslide,LS-02197,2024-08-09T03:30:00,2024-08-09T04:30:00,1.0,partial,minor,0,0.0,False,fuel,True,SEG-0063,56.0,State PWD,110842,0,329.9,very_high,2023-24
DSR-01301,SEG-0012,D-AS-01,AS,NH-6,landslide,LS-02241,2024-08-10T12:45:00,2024-08-11T13:09:00,24.4,full,moderate,33,281.5,False,lpg_cylinders,True,SEG-0005,165.4,NDRF,3118146,603609,431.2,high,2023-24
DSR-01508,SEG-0055,D-SK-04,SK,NH-510,landslide,LS-02628,2024-08-10T17:00:00,2024-08-11T11:30:00,18.5,full,moderate,106,521.2,False,medicines,True,SEG-0054,32.6,State PWD,1010259,1554820,132.0,very_high,2023-24
DSR-01537,SEG-0055,D-SK-04,SK,NH-510,landslide,LS-02672,2024-08-10T19:45:00,2024-08-11T00:51:00,5.1,partial,moderate,36,161.9,False,lpg_cylinders,True,SEG-0054,30.5,SDRF,241008,501659,401.4,very_high,2023-24
DSR-01161,SEG-0017,D-AS-01,AS,NH-27-SPUR,landslide,LS-02010,2024-08-11T06:45:00,2024-08-11T07:45:00,1.0,partial,minor,0,0.0,False,lpg_cylinders,True,SEG-0012,76.9,State PWD,127460,0,535.0,low,2023-24
DSR-01480,SEG-0052,D-SK-01,SK,NH-510,landslide,LS-02572,2024-08-12T07:45:00,2024-08-12T08:45:00,1.0,partial,minor,0,0.0,False,agri_produce,True,SEG-0049,47.2,NHIDCL,43047,0,370.2,very_high,2023-24
DSR-01402,SEG-0058,D-AR-01,AR,NH-13,landslide,LS-02432,2024-08-12T17:00:00,2024-08-13T06:00:00,13.0,full,moderate,60,216.7,True,construction_material,True,SEG-0059,151.9,NHIDCL,350569,426692,390.8,high,2023-24
DSR-01706,SEG-0035,D-MZ-01,MZ,NH-306,road_subsidence,,2024-08-12T17:00:00,2024-08-22T22:42:00,245.7,full,major,130,1148.1,True,relief_supplies,True,SEG-0034,82.2,NHIDCL,7962049,1471178,227.5,high,2023-24
DSR-01512,SEG-0028,D-MN-01,MN,NH-37,landslide,LS-02634,2024-08-13T13:15:00,2024-08-19T16:27:00,147.2,full,major,0,0.0,True,fuel,True,SEG-0031,102.1,State PWD,20513935,0,165.4,high,2023-24
DSR-01261,SEG-0064,D-AR-03,AR,NH-13-W,landslide,LS-02178,2024-08-13T16:15:00,2024-08-15T17:21:00,49.1,full,moderate,74,343.0,False,lpg_cylinders,True,SEG-0063,86.5,State PWD,3499935,1536549,261.1,very_high,2023-24
DSR-01333,SEG-0059,D-AR-04,AR,NH-13,landslide,LS-02295,2024-08-15T07:45:00,2024-08-17T10:33:00,50.8,full,major,110,698.7,False,food_grains,True,SEG-0058,110.1,NDRF,1987904,1606181,268.3,very_high,2023-24
DSR-01902,SEG-0015,D-ML-02,ML,NH-6,fallen_tree,,2024-08-15T12:00:00,2024-08-16T06:42:00,18.7,full,moderate,12,59.1,False,fuel,True,SEG-0045,39.0,BRO (Border Roads Organisation),375486,154941,122.6,high,2023-24
DSR-01285,SEG-0055,D-SK-04,SK,NH-510,landslide,LS-02215,2024-08-15T16:30:00,2024-08-15T17:42:00,1.2,partial,minor,37,278.9,False,fuel,True,SEG-0054,33.1,State PWD,17118,589727,14.0,very_high,2023-24
DSR-01576,SEG-0032,D-MN-01,MN,NH-2-S,landslide,LS-02760,2024-08-16T15:00:00,2024-08-17T15:36:00,24.6,full,major,37,260.0,False,fuel,True,SEG-0028,57.6,NHIDCL,599788,338289,446.7,high,2023-24
DSR-01621,SEG-0014,D-ML-01,ML,NH-6,landslide,LS-02832,2024-08-17T01:00:00,2024-08-19T15:00:00,62.0,full,moderate,111,759.0,False,food_grains,True,SEG-0015,121.4,NHIDCL,7244837,1741045,803.4,high,2023-24
DSR-01209,SEG-0013,D-ML-01,ML,NH-6,landslide,LS-02093,2024-08-17T10:30:00,2024-08-18T17:48:00,31.3,full,moderate,89,689.0,False,medicines,True,SEG-0012,57.8,NDRF,2442527,1384007,748.8,very_high,2023-24
DSR-01187,SEG-0035,D-MZ-01,MZ,NH-306,landslide,LS-02059,2024-08-18T16:30:00,2024-08-18T18:18:00,1.8,partial,minor,42,114.0,False,food_grains,True,SEG-0034,98.7,SDRF,200301,601410,595.8,high,2023-24
DSR-01280,SEG-0013,D-ML-01,ML,NH-6,landslide,LS-02207,2024-08-18T21:00:00,2024-08-19T00:42:00,3.7,partial,minor,52,347.7,False,fuel,True,SEG-0014,38.4,SDRF,122784,902074,316.5,very_high,2023-24
DSR-01198,SEG-0066,D-AR-09,AR,NH-315,landslide,LS-02074,2024-08-19T02:30:00,2024-08-31T07:12:00,292.7,full,major,0,0.0,False,medicines,True,SEG-0067,58.4,NDRF,16247149,0,125.4,very_high,2023-24
DSR-02027,SEG-0005,D-AS-01,AS,NH-27,accident_blockage,,2024-08-20T08:30:00,2024-08-21T07:06:00,22.6,full,moderate,66,503.6,False,food_grains,True,SEG-0017,273.0,NHIDCL,302107,1273230,70.1,low,2023-24
DSR-01304,SEG-0037,D-MZ-01,MZ,NH-302,landslide,LS-02247,2024-08-20T12:45:00,2024-08-20T13:45:00,1.0,full,major,47,366.6,False,relief_supplies,True,SEG-0034,82.6,SDRF,14980,418102,29.1,high,2023-24
DSR-01505,SEG-0026,D-NL-04,NL,NH-29,landslide,LS-02621,2024-08-21T14:30:00,2024-08-22T01:30:00,11.0,partial,moderate,0,0.0,False,lpg_cylinders,True,SEG-0025,62.9,NHIDCL,857798,0,474.6,high,2023-24
DSR-01288,SEG-0013,D-ML-01,ML,NH-6,landslide,LS-02218,2024-08-21T16:45:00,2024-08-22T06:57:00,14.2,full,moderate,63,365.8,False,fuel,True,SEG-0012,43.1,NDRF,686844,1123049,910.0,very_high,2023-24
DSR-01499,SEG-0015,D-ML-02,ML,NH-6,landslide,LS-02613,2024-08-22T23:30:00,2024-08-23T03:48:00,4.3,partial,minor,34,148.8,True,fuel,True,SEG-0014,64.1,NHIDCL,100240,408913,907.3,high,2023-24
DSR-01195,SEG-0061,D-AR-06,AR,NH-13,landslide,LS-02070,2024-08-23T12:30:00,2024-08-23T14:54:00,2.4,partial,minor,29,218.1,True,agri_produce,True,SEG-0065,121.7,SDRF,333284,654911,282.8,high,2023-24
DSR-01347,SEG-0013,D-ML-01,ML,NH-6,landslide,LS-02330,2024-08-23T17:15:00,2024-08-24T05:51:00,12.6,full,moderate,61,464.2,True,fuel,True,SEG-0012,41.1,State PWD,341116,917961,706.2,very_high,2023-24
DSR-01558,SEG-0058,D-AR-01,AR,NH-13,landslide,LS-02718,2024-08-24T01:00:00,2024-08-24T02:36:00,1.6,partial,minor,23,101.3,True,vaccines,True,SEG-0056,235.8,NDRF,215046,316420,334.9,high,2023-24
DSR-01319,SEG-0049,D-SK-01,SK,NH-310,landslide,LS-02274,2024-08-24T07:30:00,2024-08-24T21:24:00,13.9,full,moderate,47,361.5,False,food_grains,True,SEG-0052,49.4,NDRF,1490578,1078101,151.2,high,2023-24
DSR-01586,SEG-0070,D-AS-02,AS,NH-36,landslide,LS-02777,2024-08-25T20:30:00,2024-08-29T10:18:00,85.8,full,major,0,0.0,False,fuel,True,SEG-0005,189.7,NHIDCL,1753068,0,89.9,low,2023-24
DSR-01471,SEG-0037,D-MZ-01,MZ,NH-302,landslide,LS-02557,2024-08-26T11:45:00,2024-08-27T00:27:00,12.7,full,moderate,137,391.2,False,construction_material,True,SEG-0034,72.9,SDRF,619213,1353997,435.0,high,2023-24
DSR-01513,SEG-0026,D-NL-04,NL,NH-29,landslide,LS-02635,2024-08-27T15:00:00,2024-08-27T16:00:00,1.0,partial,minor,19,133.8,True,food_grains,True,SEG-0027,51.0,State PWD,95097,183572,189.9,high,2023-24
DSR-01287,SEG-0063,D-AR-03,AR,NH-13-W,landslide,LS-02217,2024-08-28T16:15:00,2024-08-28T18:27:00,2.2,partial,minor,57,510.4,False,construction_material,True,SEG-0064,85.3,NDRF,299903,1939594,188.5,high,2023-24
DSR-01440,SEG-0005,D-AS-01,AS,NH-27,landslide,LS-02493,2024-09-01T12:30:00,2024-09-01T13:30:00,1.0,partial,minor,0,0.0,True,vaccines,True,SEG-0070,159.7,SDRF,31961,0,420.6,low,2023-24
DSR-01213,SEG-0014,D-ML-01,ML,NH-6,landslide,LS-02098,2024-09-02T00:00:00,2024-09-02T01:00:00,1.0,partial,minor,36,118.5,False,food_grains,True,SEG-0015,91.4,NHIDCL,112242,405236,213.6,high,2023-24
DSR-01595,SEG-0023,D-MN-05,MN,NH-2,landslide,LS-02794,2024-09-05T01:15:00,2024-09-06T05:27:00,28.2,full,moderate,48,238.8,False,lpg_cylinders,True,SEG-0024,67.0,BRO (Border Roads Organisation),797942,1074419,175.5,moderate,2023-24
DSR-02266,SEG-0051,D-SK-02,SK,NH-310,fallen_tree,,2024-09-05T09:30:00,2024-09-05T18:00:00,8.5,partial,moderate,0,0.0,True,lpg_cylinders,True,SEG-0050,21.2,State PWD,193438,0,20.5,very_high,2023-24
DSR-02160,SEG-0063,D-AR-03,AR,NH-13-W,flood,,2024-09-06T03:00:00,2024-09-11T21:42:00,138.7,full,major,36,275.5,False,vaccines,True,SEG-0064,143.0,NDRF,6345320,316030,400.0,high,2023-24
DSR-01826,SEG-0006,D-AS-02,AS,NH-27,protest_blockade,,2024-09-06T04:15:00,2024-09-06T08:57:00,4.7,partial,minor,31,262.3,False,construction_material,True,SEG-0070,231.1,NHIDCL,78889,1105159,175.8,low,2023-24
DSR-02122,SEG-0064,D-AR-03,AR,NH-13-W,fallen_tree,,2024-09-08T15:15:00,2024-09-09T03:45:00,12.5,full,moderate,60,216.7,True,agri_produce,True,SEG-0063,53.8,NHIDCL,313421,1101678,190.5,very_high,2023-24
DSR-01378,SEG-0046,D-WB-01,WB,NH-10,landslide,LS-02392,2024-09-09T12:45:00,2024-09-09T18:45:00,6.0,partial,moderate,57,360.1,False,vaccines,True,SEG-0001,372.5,BRO (Border Roads Organisation),632872,1019543,124.2,very_high,2023-24
DSR-01628,SEG-0046,D-WB-01,WB,NH-10,accident_blockage,,2024-09-10T22:15:00,2024-09-11T20:45:00,22.5,full,moderate,0,0.0,False,medicines,True,SEG-0001,274.7,State PWD,1086780,0,162.4,very_high,2023-24
DSR-01544,SEG-0069,D-AS-07,AS,NH-27-DH,landslide,LS-02682,2024-09-11T21:00:00,2024-09-16T05:30:00,104.5,full,major,91,557.9,False,relief_supplies,True,SEG-0016,35.9,State PWD,1483544,2511035,126.2,high,2023-24
DSR-01897,SEG-0049,D-SK-01,SK,NH-310,flood,,2024-09-12T00:15:00,2024-09-14T12:15:00,60.0,full,moderate,26,128.4,False,construction_material,True,SEG-0050,20.8,BRO (Border Roads Organisation),2905498,152197,635.2,high,2023-24
DSR-01328,SEG-0023,D-MN-05,MN,NH-2,landslide,LS-02289,2024-09-12T23:30:00,2024-09-13T03:12:00,3.7,partial,minor,64,465.1,False,construction_material,True,SEG-0024,93.6,NDRF,156725,1850331,516.3,moderate,2023-24
DSR-01818,SEG-0052,D-SK-01,SK,NH-510,fallen_tree,,2024-09-13T10:45:00,2024-09-13T14:03:00,3.3,partial,minor,0,0.0,False,agri_produce,True,SEG-0049,41.2,State PWD,122224,0,42.5,very_high,2023-24
DSR-01416,SEG-0035,D-MZ-01,MZ,NH-306,landslide,LS-02453,2024-09-13T14:30:00,2024-09-13T15:30:00,1.0,partial,minor,34,117.8,True,fuel,True,SEG-0036,123.8,State PWD,142427,314402,435.3,high,2023-24
DSR-01581,SEG-0062,D-AS-09,AS,NH-13-W,landslide,LS-02769,2024-09-16T12:30:00,2024-09-16T23:42:00,11.2,partial,moderate,0,0.0,False,medicines,True,SEG-0063,62.4,State PWD,829610,0,295.8,high,2023-24
DSR-01260,SEG-0029,D-MN-04,MN,NH-37,landslide,LS-02177,2024-09-16T18:45:00,2024-09-16T23:15:00,4.5,partial,moderate,0,0.0,False,relief_supplies,True,SEG-0030,69.5,SDRF,456997,0,68.2,moderate,2023-24
DSR-01490,SEG-0065,D-AR-05,AR,NH-315,landslide,LS-02589,2024-09-18T02:30:00,2024-09-18T04:36:00,2.1,partial,minor,38,227.2,True,vaccines,True,SEG-0061,112.5,NHIDCL,27209,259345,501.3,high,2023-24
DSR-01225,SEG-0068,D-AS-08,AS,NH-27-DH,landslide,LS-02111,2024-09-19T08:00:00,2024-09-20T13:06:00,29.1,full,moderate,103,454.2,False,medicines,True,SEG-0069,109.7,State PWD,1521068,1037533,292.6,high,2023-24
DSR-01338,SEG-0067,D-AR-07,AR,NH-315,landslide,LS-02316,2024-09-19T15:15:00,2024-09-19T23:09:00,7.9,partial,moderate,34,117.6,True,food_grains,True,SEG-0066,96.6,State PWD,389650,318389,467.9,moderate,2023-24
DSR-01801,SEG-0025,D-NL-01,NL,NH-29,fallen_tree,,2024-09-20T00:15:00,2024-09-20T08:45:00,8.5,partial,moderate,22,177.2,True,relief_supplies,True,SEG-0021,115.0,NDRF,76482,554169,26.2,high,2023-24
DSR-01263,SEG-0014,D-ML-01,ML,NH-6,landslide,LS-02180,2024-09-20T07:30:00,2024-09-20T14:18:00,6.8,partial,moderate,66,466.3,True,relief_supplies,True,SEG-0013,49.7,NDRF,736846,840067,84.3,high,2023-24
DSR-01443,SEG-0019,D-ML-03,ML,NH-27-SPUR,landslide,LS-02498,2024-09-21T00:00:00,2024-09-21T05:00:00,5.0,full,major,43,295.0,True,fuel,True,SEG-0020,76.8,State PWD,637284,330328,443.5,moderate,2023-24
DSR-01496,SEG-0034,D-MZ-04,MZ,NH-306,landslide,LS-02609,2024-09-21T11:00:00,2024-09-21T21:36:00,10.6,full,major,0,0.0,False,lpg_cylinders,True,SEG-0037,96.0,BRO (Border Roads Organisation),328502,0,67.0,high,2023-24
DSR-01756,SEG-0041,D-TR-03,TR,NH-8,fallen_tree,,2024-09-22T10:15:00,2024-09-22T21:09:00,10.9,partial,moderate,1,8.9,True,fuel,True,SEG-0042,40.0,SDRF,127863,38057,131.4,low,2023-24
DSR-01298,SEG-0060,D-AR-06,AR,NH-13,landslide,LS-02236,2024-09-22T13:15:00,2024-09-22T16:03:00,2.8,partial,minor,26,199.1,False,medicines,True,SEG-0061,123.0,SDRF,394863,590860,572.7,very_high,2023-24
DSR-02035,SEG-0048,D-SK-01,SK,NH-10,flood,,2024-09-23T14:30:00,2024-09-29T09:18:00,138.8,full,major,53,250.5,True,construction_material,True,SEG-0047,13.0,SDRF,2458847,702086,540.2,high,2023-24
DSR-01230,SEG-0024,D-MN-05,MN,NH-2,landslide,LS-02121,2024-09-23T15:00:00,2024-09-24T03:48:00,12.8,full,moderate,83,301.8,False,agri_produce,True,SEG-0031,123.3,State PWD,1472440,1296463,147.4,high,2023-24
DSR-01608,SEG-0018,D-AS-10,AS,NH-27-SPUR,landslide,LS-02810,2024-09-25T22:45:00,2024-09-26T21:33:00,22.8,full,moderate,21,130.9,True,food_grains,True,SEG-0017,156.9,NHIDCL,2893932,158170,92.9,moderate,2023-24
DSR-01144,SEG-0018,D-AS-10,AS,NH-27-SPUR,landslide,LS-01985,2024-09-26T05:15:00,2024-09-26T06:15:00,1.0,partial,minor,0,0.0,False,food_grains,True,SEG-0017,178.8,SDRF,35632,0,225.1,moderate,2023-24
DSR-01126,SEG-0044,D-AS-12,AS,NH-8,landslide,LS-01947,2024-09-26T07:30:00,2024-09-28T05:00:00,45.5,full,major,166,602.5,False,fuel,True,SEG-0045,51.0,NHIDCL,6243550,825196,64.5,low,2023-24
DSR-02221,SEG-0001,D-WB-01,WB,NH-27,protest_blockade,,2024-09-26T09:00:00,2024-09-27T12:18:00,27.3,full,moderate,47,187.3,False,food_grains,True,SEG-0002,121.1,SDRF,866054,869577,176.0,low,2023-24
DSR-01152,SEG-0065,D-AR-05,AR,NH-315,landslide,LS-01999,2024-09-27T07:30:00,2024-09-27T09:36:00,2.1,partial,minor,31,274.0,False,medicines,True,SEG-0061,71.9,SDRF,90945,828800,358.2,high,2023-24
DSR-01474,SEG-0051,D-SK-02,SK,NH-310,landslide,LS-02562,2024-09-28T03:15:00,2024-09-28T04:15:00,1.0,partial,minor,0,0.0,True,lpg_cylinders,True,SEG-0050,22.4,SDRF,95948,0,277.9,very_high,2023-24
DSR-01562,SEG-0066,D-AR-09,AR,NH-315,landslide,LS-02723,2024-10-01T04:45:00,2024-10-01T21:39:00,16.9,full,moderate,60,491.0,True,agri_produce,True,SEG-0065,123.6,NHIDCL,1033387,1885048,361.4,very_high,2023-24
DSR-01322,SEG-0032,D-MN-01,MN,NH-2-S,landslide,LS-02280,2024-10-01T17:15:00,2024-10-01T21:03:00,3.8,partial,minor,27,206.9,True,lpg_cylinders,True,SEG-0024,126.9,SDRF,61364,705657,498.5,high,2023-24
DSR-01130,SEG-0025,D-NL-01,NL,NH-29,landslide,LS-01956,2024-10-03T23:45:00,2024-10-04T00:45:00,1.0,partial,minor,0,0.0,True,medicines,True,SEG-0021,113.0,SDRF,66318,0,354.8,high,2023-24
DSR-01200,SEG-0044,D-AS-12,AS,NH-8,landslide,LS-02077,2024-10-04T06:00:00,2024-10-04T07:00:00,1.0,partial,minor,55,350.8,True,fuel,True,SEG-0045,38.6,BRO (Border Roads Organisation),65186,914832,338.6,low,2023-24
DSR-01759,SEG-0027,D-NL-03,NL,NH-29,flood,,2024-10-04T06:45:00,2024-10-09T00:33:00,113.8,full,major,10,44.4,True,agri_produce,True,SEG-0026,66.0,BRO (Border Roads Organisation),4918950,47622,363.3,high,2023-24
DSR-01557,SEG-0029,D-MN-04,MN,NH-37,landslide,LS-02716,2024-10-04T18:30:00,2024-10-04T22:54:00,4.4,partial,moderate,39,147.8,True,vaccines,True,SEG-0028,72.8,State PWD,523039,642107,531.8,moderate,2023-24
DSR-01491,SEG-0015,D-ML-02,ML,NH-6,landslide,LS-02591,2024-10-07T12:45:00,2024-10-07T13:57:00,1.2,partial,minor,84,564.9,True,construction_material,True,SEG-0016,44.4,SDRF,33001,1178731,448.0,high,2023-24
DSR-01572,SEG-0060,D-AR-06,AR,NH-13,landslide,LS-02749,2024-10-08T23:30:00,2024-10-09T03:42:00,4.2,partial,moderate,0,0.0,True,vaccines,True,SEG-0059,88.5,BRO (Border Roads Organisation),353025,0,383.7,very_high,2023-24
DSR-02239,SEG-0002,D-AS-10,AS,NH-27,protest_blockade,,2024-10-10T17:45:00,2024-10-11T13:51:00,20.1,full,moderate,75,430.9,False,relief_supplies,True,SEG-0003,85.8,SDRF,495437,1953934,17.9,low,2023-24
DSR-01109,SEG-0059,D-AR-04,AR,NH-13,landslide,LS-01913,2024-10-12T06:15:00,2024-10-12T07:15:00,1.0,partial,minor,17,43.1,False,construction_material,True,SEG-0060,118.2,BRO (Border Roads Organisation),93371,161119,144.9,very_high,2023-24
DSR-01524,SEG-0035,D-MZ-01,MZ,NH-306,landslide,LS-02653,2024-10-15T00:45:00,2024-10-15T01:51:00,1.1,partial,minor,17,54.5,False,relief_supplies,True,SEG-0036,120.1,State PWD,57902,206698,455.9,high,2023-24
DSR-01529,SEG-0012,D-AS-01,AS,NH-6,landslide,LS-02661,2024-10-16T06:00:00,2024-10-16T07:30:00,1.5,partial,minor,4,22.6,True,vaccines,True,SEG-0013,61.7,State PWD,42812,102185,148.1,high,2023-24
DSR-01258,SEG-0015,D-ML-02,ML,NH-6,landslide,LS-02172,2024-10-20T11:45:00,2024-10-22T13:51:00,50.1,full,moderate,0,0.0,True,vaccines,True,SEG-0014,40.0,State PWD,4320510,0,140.0,high,2023-24
DSR-02200,SEG-0053,D-SK-03,SK,NH-510,bridge_damage,,2024-10-20T11:45:00,2024-12-24T17:33:00,1565.8,full,catastrophic,0,0.0,True,medicines,True,SEG-0052,87.6,NDRF,15672438,0,291.7,high,2023-24
DSR-01438,SEG-0013,D-ML-01,ML,NH-6,landslide,LS-02490,2024-10-20T18:45:00,2024-10-20T19:45:00,1.0,partial,minor,0,0.0,True,food_grains,True,SEG-0014,55.0,BRO (Border Roads Organisation),91037,0,103.3,very_high,2023-24
DSR-01255,SEG-0062,D-AS-09,AS,NH-13-W,landslide,LS-02164,2024-10-23T21:30:00,2024-10-23T22:30:00,1.0,partial,minor,92,516.2,False,construction_material,True,SEG-0056,186.0,State PWD,64478,1946542,494.0,high,2023-24
DSR-01106,SEG-0050,D-SK-02,SK,NH-310,landslide,LS-01908,2024-10-24T01:45:00,2024-10-25T04:39:00,26.9,full,moderate,90,442.9,False,medicines,True,SEG-0051,26.1,SDRF,1289329,775035,209.0,very_high,2023-24
DSR-01933,SEG-0002,D-AS-10,AS,NH-27,protest_blockade,,2024-10-27T20:15:00,2024-10-28T02:15:00,6.0,partial,minor,0,0.0,False,vaccines,True,SEG-0003,72.7,NHIDCL,133995,0,14.0,low,2023-24
DSR-01539,SEG-0015,D-ML-02,ML,NH-6,landslide,LS-02676,2024-10-28T07:45:00,2024-10-28T08:45:00,1.0,partial,minor,7,55.4,False,vaccines,True,SEG-0016,48.6,State PWD,49480,236274,501.7,high,2023-24
DSR-01468,SEG-0048,D-SK-01,SK,NH-10,landslide,LS-02548,2024-10-28T13:30:00,2024-10-28T16:24:00,2.9,partial,minor,61,434.5,False,relief_supplies,True,SEG-0047,15.7,NDRF,281408,1259568,266.4,high,2023-24
DSR-01367,SEG-0064,D-AR-03,AR,NH-13-W,landslide,LS-02376,2024-11-05T00:00:00,2024-11-05T01:00:00,1.0,partial,minor,20,121.5,False,construction_material,True,SEG-0063,69.9,NDRF,105251,297529,131.5,very_high,2023-24
DSR-01568,SEG-0025,D-NL-01,NL,NH-29,landslide,LS-02732,2024-11-05T17:00:00,2024-11-05T18:00:00,1.0,partial,minor,114,528.8,True,construction_material,True,SEG-0022,26.0,NHIDCL,24741,1055760,129.3,high,2023-24
DSR-02136,SEG-0005,D-AS-01,AS,NH-27,maintenance,,2024-11-14T14:30:00,2024-11-15T13:12:00,22.7,full,moderate,38,211.0,True,agri_produce,True,SEG-0017,221.7,BRO (Border Roads Organisation),175307,604498,24.4,low,2023-24
DSR-01394,SEG-0064,D-AR-03,AR,NH-13-W,landslide,LS-02416,2024-11-17T05:00:00,2024-11-17T06:30:00,1.5,partial,minor,42,182.3,True,medicines,True,SEG-0063,54.3,SDRF,54710,547483,239.1,very_high,2023-24
DSR-02065,SEG-0006,D-AS-02,AS,NH-27,fallen_tree,,2024-12-01T04:15:00,2024-12-02T08:15:00,28.0,full,moderate,70,569.0,False,relief_supplies,True,SEG-0056,170.3,SDRF,1316507,1191343,194.6,low,2023-24
DSR-01761,SEG-0052,D-SK-01,SK,NH-510,maintenance,,2024-12-04T18:45:00,2024-12-08T17:03:00,94.3,full,major,1,4.3,False,lpg_cylinders,True,SEG-0049,29.9,State PWD,1333374,11717,1.7,very_high,2023-24
DSR-02225,SEG-0041,D-TR-03,TR,NH-8,maintenance,,2024-12-08T03:30:00,2024-12-10T12:24:00,56.9,full,moderate,9,53.4,False,fuel,True,SEG-0040,35.7,State PWD,1320180,166075,8.5,low,2023-24
DSR-01796,SEG-0047,D-SK-01,SK,NH-10,maintenance,,2024-12-14T01:00:00,2024-12-14T09:36:00,8.6,partial,moderate,0,0.0,False,agri_produce,True,SEG-0048,35.2,NDRF,265333,0,50.2,high,2023-24
DSR-01295,SEG-0064,D-AR-03,AR,NH-13-W,landslide,LS-02232,2024-12-26T16:00:00,2024-12-26T20:30:00,4.5,partial,moderate,18,89.8,False,food_grains,True,SEG-0063,53.3,NDRF,395194,142277,49.3,very_high,2023-24
