disruption_id,segment_id,cause,rainfall_72h_mm,avg_slope_deg,elevation_m,terrain,soil_type,surface_quality,lanes,importance,bridge_count,length_km,susceptibility_class,lsi_score,historic_density_per_km,landslide_volume_m3,runout_distance_m,material,alternate_route_available,month,duration_hours,duration_bucket
DSR-01815,SEG-0049,maintenance,37.7,22.3,1450,mountain,weathered_rock,fair,1,national,1,20.47,high,0.6253,2.1006,0,0,none,True,1,34.6,1_3days
DSR-00005,SEG-0066,landslide,76.5,40.9,1099,mountain,weathered_rock,fair,1,state,1,40.68,very_high,0.7302,2.1141,2114,21,rock,True,1,18.0,6_24h
DSR-01983,SEG-0041,maintenance,17.6,16.2,52,hilly,lateritic,good,2,national,2,45.87,low,0.3125,0.3052,0,0,none,True,1,34.2,1_3days
DSR-01777,SEG-0039,maintenance,18.7,21.4,36,hilly,lateritic,fair,2,national,7,41.19,moderate,0.4111,0.4613,0,0,none,True,1,56.2,1_3days
DSR-01680,SEG-0036,maintenance,50.0,38.8,1084,mountain,weathered_rock,good,2,national,0,48.29,high,0.5956,0.8905,0,0,none,True,2,65.6,1_3days
DSR-01785,SEG-0065,maintenance,28.6,24.2,1060,mountain,weathered_rock,fair,1,state,3,49.23,high,0.6127,1.1781,0,0,none,True,2,77.6,over_3days
DSR-01971,SEG-0011,fallen_tree,16.5,5.7,112,plain,alluvial,fair,4,national,1,42.95,low,0.2769,0.0698,0,0,none,True,2,11.7,6_24h
DSR-00051,SEG-0070,landslide,88.4,17.5,123,hilly,lateritic,good,2,state,2,93.38,low,0.3544,0.1606,141,10,earth,True,2,1.0,under_6h
DSR-00080,SEG-0055,landslide,533.2,37.5,1780,mountain,weathered_rock,fair,2,state,3,9.73,very_high,0.7143,6.5776,3396,52,earth,True,2,6.8,6_24h
DSR-00046,SEG-0052,landslide,197.9,37.0,1662,mountain,weathered_rock,poor,2,state,7,38.08,very_high,0.7503,2.2321,1842,52,earth,True,3,3.0,under_6h
DSR-00141,SEG-0023,landslide,164.7,23.6,1061,mountain,weathered_rock,fair,2,national,0,27.48,moderate,0.546,1.0917,4412,31,earth,True,3,2.2,under_6h
DSR-02120,SEG-0049,bridge_damage,102.8,22.3,1450,mountain,weathered_rock,fair,1,national,1,20.47,high,0.6253,2.1006,0,0,none,True,3,162.7,over_3days
DSR-00056,SEG-0014,landslide,445.9,24.6,1438,mountain,weathered_rock,fair,2,national,5,33.95,high,0.671,3.7408,522,14,earth,True,3,1.0,under_6h
DSR-00041,SEG-0069,landslide,427.8,20.0,352,mountain,weathered_rock,poor,1,state,5,43.86,high,0.564,1.1628,5867,67,debris,True,3,18.9,6_24h
DSR-00065,SEG-0034,landslide,214.7,27.5,891,mountain,weathered_rock,poor,2,national,3,54.94,high,0.6405,1.0193,674,28,debris,True,4,1.3,under_6h
DSR-00084,SEG-0052,landslide,11.4,37.0,1662,mountain,weathered_rock,poor,2,state,7,38.08,very_high,0.7503,2.2321,1458,52,earth,True,4,7.1,6_24h
DSR-00150,SEG-0066,landslide,446.6,40.9,1099,mountain,weathered_rock,fair,1,state,1,40.68,very_high,0.7302,2.1141,2381,25,debris,True,4,3.6,under_6h
DSR-01935,SEG-0059,flood,214.3,35.4,1092,mountain,weathered_rock,fair,2,national,7,61.83,very_high,0.7049,1.3586,0,0,none,True,4,37.3,1_3days
DSR-00081,SEG-0034,landslide,220.3,27.5,891,mountain,weathered_rock,poor,2,national,3,54.94,high,0.6405,1.0193,1715,57,rock,True,4,2.6,under_6h
DSR-02052,SEG-0062,bridge_damage,97.5,28.8,1247,mountain,weathered_rock,good,1,national,0,44.74,high,0.56,1.0729,0,0,none,True,4,402.7,over_3days
DSR-00155,SEG-0059,landslide,282.5,35.4,1092,mountain,weathered_rock,fair,2,national,7,61.83,very_high,0.7049,1.3586,984,35,rock,True,5,3.2,under_6h
DSR-00108,SEG-0013,landslide,745.3,37.1,1496,mountain,weathered_rock,poor,2,national,5,35.74,very_high,0.7998,6.2115,3374,69,debris,True,5,3.0,under_6h
DSR-00040,SEG-0038,landslide,590.9,1.8,16,plain,alluvial,good,2,national,3,66.77,very_low,0.2089,0.03,447,13,rock,True,5,1.0,under_6h
DSR-02080,SEG-0004,bridge_damage,259.8,3.7,55,plain,alluvial,good,4,national,0,44.45,low,0.2316,0.1125,0,0,none,True,5,615.5,over_3days
DSR-00139,SEG-0031,landslide,150.3,26.1,850,mountain,weathered_rock,fair,2,state,7,59.58,moderate,0.516,0.621,730,25,rock,True,5,7.7,6_24h
DSR-01750,SEG-0055,flood,455.7,37.5,1780,mountain,weathered_rock,fair,2,state,3,9.73,very_high,0.7143,6.5776,0,0,none,True,5,239.9,over_3days
DSR-00020,SEG-0030,landslide,450.8,33.9,642,mountain,weathered_rock,good,2,national,5,34.62,moderate,0.5294,0.751,4272,41,earth,True,5,10.9,6_24h
DSR-00116,SEG-0036,landslide,302.3,38.8,1084,mountain,weathered_rock,good,2,national,0,48.29,high,0.5956,0.8905,1464,20,rock,True,5,2.8,under_6h
DSR-00110,SEG-0061,landslide,181.8,24.2,386,mountain,weathered_rock,fair,2,national,4,53.47,high,0.5826,1.1969,324,20,debris,True,5,1.0,under_6h
DSR-00159,SEG-0068,landslide,128.1,40.7,433,mountain,weathered_rock,poor,1,state,4,66.95,high,0.6745,1.0157,167,8,rock,True,5,3.2,under_6h
DSR-00109,SEG-0014,landslide,294.3,24.6,1438,mountain,weathered_rock,fair,2,national,5,33.95,high,0.671,3.7408,136590,176,earth,True,5,125.9,over_3days
DSR-00146,SEG-0015,landslide,676.4,28.7,701,mountain,weathered_rock,fair,2,national,4,75.53,high,0.6753,1.4431,4822,85,debris,True,5,7.7,6_24h
DSR-01638,SEG-0024,fallen_tree,166.3,22.5,923,mountain,weathered_rock,fair,2,national,4,51.06,high,0.5596,0.5484,0,0,none,True,5,13.9,6_24h
DSR-01963,SEG-0042,protest_blockade,32.9,9.1,45,hilly,lateritic,poor,2,national,3,16.18,moderate,0.4355,1.0507,0,0,none,True,5,3.4,under_6h
DSR-02138,SEG-0065,road_subsidence,223.4,24.2,1060,mountain,weathered_rock,fair,1,state,3,49.23,high,0.6127,1.1781,0,0,none,True,5,377.0,over_3days
DSR-00013,SEG-0018,landslide,472.2,10.2,139,hilly,lateritic,poor,2,national,6,83.56,moderate,0.3867,0.2513,27353,146,debris,True,5,15.2,6_24h
DSR-01637,SEG-0066,fallen_tree,167.1,40.9,1099,mountain,weathered_rock,fair,1,state,1,40.68,very_high,0.7302,2.1141,0,0,none,True,5,42.0,1_3days
DSR-00106,SEG-0060,landslide,36.3,40.2,620,mountain,weathered_rock,fair,2,national,3,60.75,very_high,0.7497,1.1193,1144,15,debris,True,5,4.2,under_6h
DSR-00083,SEG-0013,landslide,129.0,37.1,1496,mountain,weathered_rock,poor,2,national,5,35.74,very_high,0.7998,6.2115,25,8,rock,True,5,1.0,under_6h
DSR-01774,SEG-0009,road_subsidence,258.5,2.4,93,plain,alluvial,good,4,national,0,50.33,low,0.2614,0.0397,0,0,none,True,5,114.8,over_3days
DSR-01886,SEG-0050,accident_blockage,143.1,33.3,1250,mountain,weathered_rock,poor,1,national,4,14.76,very_high,0.7245,5.6233,0,0,none,True,5,10.7,6_24h
DSR-00088,SEG-0013,landslide,912.4,37.1,1496,mountain,weathered_rock,poor,2,national,5,35.74,very_high,0.7998,6.2115,8423,105,rock,True,6,26.6,1_3days
DSR-01986,SEG-0037,flood,512.6,38.7,1405,mountain,weathered_rock,poor,2,state,3,68.38,high,0.691,0.9652,0,0,none,True,6,515.3,over_3days
DSR-00036,SEG-0048,landslide,172.4,32.0,1650,mountain,weathered_rock,fair,2,national,0,15.63,high,0.6747,3.263,2462,24,earth,True,6,6.6,6_24h
DSR-02096,SEG-0039,fallen_tree,14.9,21.4,36,hilly,lateritic,fair,2,national,7,41.19,moderate,0.4111,0.4613,0,0,none,True,6,25.2,1_3days
DSR-00037,SEG-0020,landslide,100.2,15.5,450,hilly,lateritic,fair,2,national,1,33.37,moderate,0.4853,0.7492,1115,36,rock,True,6,2.5,under_6h
DSR-01834,SEG-0047,flood,595.4,27.7,1650,mountain,weathered_rock,fair,2,national,4,6.8,high,0.6569,10.2941,0,0,none,True,6,199.6,over_3days
DSR-02113,SEG-0013,road_subsidence,116.0,37.1,1496,mountain,weathered_rock,poor,2,national,5,35.74,very_high,0.7998,6.2115,0,0,none,True,6,343.0,over_3days
DSR-02268,SEG-0028,bridge_damage,200.3,34.8,1023,mountain,weathered_rock,good,2,national,7,46.71,high,0.5668,0.8349,0,0,none,True,6,1178.3,over_3days
DSR-00015,SEG-0054,landslide,237.1,32.8,1727,mountain,weathered_rock,fair,2,state,4,16.34,high,0.6827,2.9376,704,30,earth,True,6,2.9,under_6h
DSR-00143,SEG-0052,landslide,358.0,37.0,1662,mountain,weathered_rock,poor,2,state,7,38.08,very_high,0.7503,2.2321,1944,34,debris,True,6,12.4,6_24h
DSR-02010,SEG-0035,bridge_damage,295.7,24.0,1216,mountain,weathered_rock,poor,2,national,1,49.37,high,0.6147,1.1951,0,0,none,True,6,840.1,over_3days
DSR-00010,SEG-0031,landslide,410.3,26.1,850,mountain,weathered_rock,fair,2,state,7,59.58,moderate,0.516,0.621,14027,122,rock,True,6,190.5,over_3days
DSR-02224,SEG-0003,protest_blockade,82.2,2.1,54,plain,alluvial,fair,4,national,1,45.56,low,0.2534,0.0,0,0,none,True,6,2.9,under_6h
DSR-02287,SEG-0045,bridge_damage,395.6,1.7,23,plain,alluvial,good,2,national,0,23.28,low,0.2326,0.043,0,0,none,True,6,558.0,over_3days
DSR-02171,SEG-0026,fallen_tree,50.4,31.7,1319,mountain,weathered_rock,fair,2,national,2,35.84,high,0.6286,1.3672,0,0,none,True,6,16.3,6_24h
DSR-02235,SEG-0028,flood,204.0,34.8,1023,mountain,weathered_rock,good,2,national,7,46.71,high,0.5668,0.8349,0,0,none,True,6,126.7,over_3days
DSR-02021,SEG-0060,fallen_tree,10.1,40.2,620,mountain,weathered_rock,fair,2,national,3,60.75,very_high,0.7497,1.1193,0,0,none,True,6,6.9,6_24h
DSR-00039,SEG-0031,landslide,293.9,26.1,850,mountain,weathered_rock,fair,2,state,7,59.58,moderate,0.516,0.621,856,27,debris,True,6,2.1,under_6h
DSR-00111,SEG-0061,landslide,205.4,24.2,386,mountain,weathered_rock,fair,2,national,4,53.47,high,0.5826,1.1969,40052,210,debris,True,6,143.8,over_3days
DSR-00120,SEG-0024,landslide,246.7,22.5,923,mountain,weathered_rock,fair,2,national,4,51.06,high,0.5596,0.5484,46249,171,debris,True,6,128.4,over_3days
DSR-01959,SEG-0071,accident_blockage,107.8,17.3,165,hilly,lateritic,fair,2,state,3,30.67,moderate,0.4198,0.5217,0,0,none,True,6,8.7,6_24h
DSR-00028,SEG-0042,landslide,121.9,9.1,45,hilly,lateritic,poor,2,national,3,16.18,moderate,0.4355,1.0507,498,30,earth,True,6,1.0,under_6h
DSR-00050,SEG-0050,landslide,461.8,33.3,1250,mountain,weathered_rock,poor,1,national,4,14.76,very_high,0.7245,5.6233,889,44,debris,True,6,3.0,under_6h
DSR-02198,SEG-0026,road_subsidence,336.0,31.7,1319,mountain,weathered_rock,fair,2,national,2,35.84,high,0.6286,1.3672,0,0,none,True,6,233.8,over_3days
DSR-02148,SEG-0062,fallen_tree,137.8,28.8,1247,mountain,weathered_rock,good,1,national,0,44.74,high,0.56,1.0729,0,0,none,True,6,26.9,1_3days
DSR-01898,SEG-0020,fallen_tree,51.3,15.5,450,hilly,lateritic,fair,2,national,1,33.37,moderate,0.4853,0.7492,0,0,none,True,6,22.9,6_24h
DSR-02286,SEG-0002,accident_blockage,8.0,4.4,53,plain,alluvial,good,4,national,3,47.71,low,0.2701,0.021,0,0,none,True,6,2.4,under_6h
DSR-00025,SEG-0060,landslide,30.4,40.2,620,mountain,weathered_rock,fair,2,national,3,60.75,very_high,0.7497,1.1193,5390,54,rock,True,6,23.0,6_24h
DSR-00125,SEG-0062,landslide,543.0,28.8,1247,mountain,weathered_rock,good,1,national,0,44.74,high,0.56,1.0729,63,12,rock,True,7,1.0,under_6h
DSR-01717,SEG-0021,flood,437.1,30.0,794,mountain,weathered_rock,fair,2,national,4,46.0,high,0.5592,0.7826,0,0,none,True,7,60.8,1_3days
DSR-00156,SEG-0014,landslide,836.0,24.6,1438,mountain,weathered_rock,fair,2,national,5,33.95,high,0.671,3.7408,8033,77,rock,True,7,33.2,1_3days
DSR-02236,SEG-0043,flood,240.6,20.5,34,hilly,lateritic,poor,2,national,1,17.57,moderate,0.4617,0.9676,0,0,none,True,7,241.9,over_3days
DSR-00027,SEG-0050,landslide,397.9,33.3,1250,mountain,weathered_rock,poor,1,national,4,14.76,very_high,0.7245,5.6233,2309,39,rock,True,7,11.6,6_24h
DSR-00103,SEG-0023,landslide,422.5,23.6,1061,mountain,weathered_rock,fair,2,national,0,27.48,moderate,0.546,1.0917,26370,155,debris,True,7,73.1,over_3days
DSR-01642,SEG-0001,flood,308.5,4.2,87,plain,alluvial,good,4,national,1,216.84,low,0.2231,0.0,0,0,none,True,7,50.7,1_3days
DSR-02277,SEG-0039,protest_blockade,136.0,21.4,36,hilly,lateritic,fair,2,national,7,41.19,moderate,0.4111,0.4613,0,0,none,True,7,23.4,6_24h
DSR-02069,SEG-0070,flood,692.6,17.5,123,hilly,lateritic,good,2,state,2,93.38,low,0.3544,0.1606,0,0,none,True,7,205.7,over_3days
DSR-00003,SEG-0037,landslide,477.3,38.7,1405,mountain,weathered_rock,poor,2,state,3,68.38,high,0.691,0.9652,1960,48,earth,True,7,13.0,6_24h
DSR-01838,SEG-0027,fallen_tree,160.5,33.3,1348,mountain,weathered_rock,fair,2,national,3,31.75,high,0.6513,1.5118,0,0,none,True,7,8.2,6_24h
DSR-00008,SEG-0029,landslide,381.3,21.4,1260,mountain,weathered_rock,good,2,national,3,44.14,moderate,0.5237,0.589,2513,23,debris,True,7,5.8,under_6h
DSR-00026,SEG-0059,landslide,541.1,35.4,1092,mountain,weathered_rock,fair,2,national,7,61.83,very_high,0.7049,1.3586,2659,32,debris,True,7,15.5,6_24h
DSR-00023,SEG-0068,landslide,160.3,40.7,433,mountain,weathered_rock,poor,1,state,4,66.95,high,0.6745,1.0157,26054,95,rock,True,7,369.1,over_3days
DSR-01646,SEG-0029,accident_blockage,104.0,21.4,1260,mountain,weathered_rock,good,2,national,3,44.14,moderate,0.5237,0.589,0,0,none,True,7,3.8,under_6h
DSR-00078,SEG-0013,landslide,292.6,37.1,1496,mountain,weathered_rock,poor,2,national,5,35.74,very_high,0.7998,6.2115,154,21,debris,True,7,1.0,under_6h
DSR-01985,SEG-0030,bridge_damage,221.3,33.9,642,mountain,weathered_rock,good,2,national,5,34.62,moderate,0.5294,0.751,0,0,none,True,7,481.7,over_3days
DSR-00160,SEG-0069,landslide,43.0,20.0,352,mountain,weathered_rock,poor,1,state,5,43.86,high,0.564,1.1628,15668,114,rock,True,7,150.2,over_3days
DSR-00163,SEG-0064,landslide,495.9,27.6,2731,mountain,weathered_rock,poor,1,national,1,66.29,very_high,0.7556,1.8706,20203,53,earth,True,7,44.2,1_3days
DSR-01955,SEG-0059,protest_blockade,178.5,35.4,1092,mountain,weathered_rock,fair,2,national,7,61.83,very_high,0.7049,1.3586,0,0,none,True,7,22.5,6_24h
DSR-00130,SEG-0026,landslide,516.7,31.7,1319,mountain,weathered_rock,fair,2,national,2,35.84,high,0.6286,1.3672,338,16,debris,True,7,1.0,under_6h
DSR-00052,SEG-0013,landslide,270.4,37.1,1496,mountain,weathered_rock,poor,2,national,5,35.74,very_high,0.7998,6.2115,710,16,rock,True,7,2.8,under_6h
DSR-00076,SEG-0058,landslide,165.6,27.3,1002,mountain,weathered_rock,fair,2,national,3,55.82,high,0.626,0.842,610,30,debris,True,7,1.2,under_6h
DSR-00067,SEG-0052,landslide,593.0,37.0,1662,mountain,weathered_rock,poor,2,state,7,38.08,very_high,0.7503,2.2321,8626,62,rock,True,7,75.7,over_3days
DSR-02093,SEG-0037,flood,359.7,38.7,1405,mountain,weathered_rock,poor,2,state,3,68.38,high,0.691,0.9652,0,0,none,True,7,239.9,over_3days
DSR-02121,SEG-0054,fallen_tree,179.3,32.8,1727,mountain,weathered_rock,fair,2,state,4,16.34,high,0.6827,2.9376,0,0,none,True,7,41.9,1_3days
DSR-01952,SEG-0022,bridge_damage,194.7,22.3,1252,mountain,weathered_rock,fair,2,national,3,19.5,high,0.5848,1.641,0,0,none,True,7,147.4,over_3days
DSR-00029,SEG-0050,landslide,176.6,33.3,1250,mountain,weathered_rock,poor,1,national,4,14.76,very_high,0.7245,5.6233,3615,62,earth,True,7,7.2,6_24h
DSR-00132,SEG-0058,landslide,538.5,27.3,1002,mountain,weathered_rock,fair,2,national,3,55.82,high,0.626,0.842,38393,218,rock,True,8,227.9,over_3days
DSR-02251,SEG-0068,protest_blockade,123.4,40.7,433,mountain,weathered_rock,poor,1,state,4,66.95,high,0.6745,1.0157,0,0,none,True,8,43.6,1_3days
DSR-00123,SEG-0034,landslide,434.2,27.5,891,mountain,weathered_rock,poor,2,national,3,54.94,high,0.6405,1.0193,4111,38,rock,True,8,25.8,1_3days
DSR-00019,SEG-0056,landslide,552.7,13.0,259,hilly,lateritic,fair,2,national,2,94.3,low,0.3544,0.1273,1282,45,earth,True,8,1.3,under_6h
DSR-00105,SEG-0013,landslide,904.3,37.1,1496,mountain,weathered_rock,poor,2,national,5,35.74,very_high,0.7998,6.2115,3340,65,debris,True,8,6.2,6_24h
DSR-01828,SEG-0002,accident_blockage,27.2,4.4,53,plain,alluvial,good,4,national,3,47.71,low,0.2701,0.021,0,0,none,True,8,13.8,6_24h
DSR-01712,SEG-0020,bridge_damage,138.9,15.5,450,hilly,lateritic,fair,2,national,1,33.37,moderate,0.4853,0.7492,0,0,none,True,8,605.6,over_3days
DSR-00096,SEG-0021,landslide,473.6,30.0,794,mountain,weathered_rock,fair,2,national,4,46.0,high,0.5592,0.7826,429,27,rock,True,8,2.0,under_6h
DSR-00114,SEG-0015,landslide,420.9,28.7,701,mountain,weathered_rock,fair,2,national,4,75.53,high,0.6753,1.4431,16801,142,rock,True,8,52.4,1_3days
DSR-00098,SEG-0015,landslide,120.6,28.7,701,mountain,weathered_rock,fair,2,national,4,75.53,high,0.6753,1.4431,1818,45,rock,True,8,8.1,6_24h
DSR-02186,SEG-0040,flood,486.2,11.0,60,hilly,lateritic,fair,2,national,0,29.41,moderate,0.3802,0.204,0,0,none,True,8,28.4,1_3days
DSR-00127,SEG-0059,landslide,65.5,35.4,1092,mountain,weathered_rock,fair,2,national,7,61.83,very_high,0.7049,1.3586,34660,68,rock,True,8,226.7,over_3days
DSR-02147,SEG-0014,fallen_tree,95.6,24.6,1438,mountain,weathered_rock,fair,2,national,5,33.95,high,0.671,3.7408,0,0,none,True,8,12.2,6_24h
DSR-01661,SEG-0008,protest_blockade,136.5,5.3,90,plain,alluvial,fair,4,national,0,36.12,low,0.3133,0.0277,0,0,none,True,8,28.7,1_3days
DSR-01657,SEG-0032,fallen_tree,120.9,37.8,1224,mountain,weathered_rock,fair,2,state,6,50.5,high,0.6374,1.1089,0,0,none,True,8,8.5,6_24h
DSR-00030,SEG-0014,landslide,62.2,24.6,1438,mountain,weathered_rock,fair,2,national,5,33.95,high,0.671,3.7408,9267,73,earth,True,8,9.8,6_24h
DSR-01705,SEG-0055,road_subsidence,325.5,37.5,1780,mountain,weathered_rock,fair,2,state,3,9.73,very_high,0.7143,6.5776,0,0,none,True,8,552.2,over_3days
DSR-00158,SEG-0035,landslide,430.9,24.0,1216,mountain,weathered_rock,poor,2,national,1,49.37,high,0.6147,1.1951,52016,215,debris,True,8,74.4,over_3days
DSR-00145,SEG-0037,landslide,598.6,38.7,1405,mountain,weathered_rock,poor,2,state,3,68.38,high,0.691,0.9652,147,12,rock,True,8,1.0,under_6h
DSR-01832,SEG-0047,road_subsidence,382.3,27.7,1650,mountain,weathered_rock,fair,2,national,4,6.8,high,0.6569,10.2941,0,0,none,True,8,215.1,over_3days
DSR-00112,SEG-0013,landslide,585.6,37.1,1496,mountain,weathered_rock,poor,2,national,5,35.74,very_high,0.7998,6.2115,839,29,rock,True,8,1.8,under_6h
DSR-01882,SEG-0020,flood,408.0,15.5,450,hilly,lateritic,fair,2,national,1,33.37,moderate,0.4853,0.7492,0,0,none,True,8,98.1,over_3days
DSR-02231,SEG-0047,road_subsidence,342.8,27.7,1650,mountain,weathered_rock,fair,2,national,4,6.8,high,0.6569,10.2941,0,0,none,True,8,91.2,over_3days
DSR-01979,SEG-0014,accident_blockage,22.6,24.6,1438,mountain,weathered_rock,fair,2,national,5,33.95,high,0.671,3.7408,0,0,none,True,8,28.8,1_3days
DSR-00063,SEG-0013,landslide,61.9,37.1,1496,mountain,weathered_rock,poor,2,national,5,35.74,very_high,0.7998,6.2115,169,11,earth,True,8,1.0,under_6h
DSR-02114,SEG-0067,fallen_tree,130.0,17.3,231,hilly,lateritic,fair,1,state,2,38.22,moderate,0.4483,0.5233,0,0,none,True,9,42.5,1_3days
DSR-00057,SEG-0014,landslide,115.7,24.6,1438,mountain,weathered_rock,fair,2,national,5,33.95,high,0.671,3.7408,47850,179,earth,True,9,103.4,over_3days
DSR-02274,SEG-0016,protest_blockade,157.4,3.8,24,plain,alluvial,good,2,national,4,19.48,low,0.2584,0.0513,0,0,none,True,9,5.1,under_6h
DSR-00094,SEG-0064,landslide,53.8,27.6,2731,mountain,weathered_rock,poor,1,national,1,66.29,very_high,0.7556,1.8706,150,16,debris,True,9,1.0,under_6h
DSR-00035,SEG-0041,landslide,335.9,16.2,52,hilly,lateritic,good,2,national,2,45.87,low,0.3125,0.3052,1874,51,rock,True,9,4.9,under_6h
DSR-02144,SEG-0005,protest_blockade,168.1,2.7,57,plain,alluvial,good,4,national,2,97.15,low,0.2605,0.0206,0,0,none,True,9,20.1,6_24h
DSR-00060,SEG-0062,landslide,314.5,28.8,1247,mountain,weathered_rock,good,1,national,0,44.74,high,0.56,1.0729,7426,96,debris,True,9,5.5,under_6h
DSR-00131,SEG-0014,landslide,372.7,24.6,1438,mountain,weathered_rock,fair,2,national,5,33.95,high,0.671,3.7408,10250,87,rock,True,9,27.1,1_3days
DSR-00049,SEG-0064,landslide,249.9,27.6,2731,mountain,weathered_rock,poor,1,national,1,66.29,very_high,0.7556,1.8706,1004,25,earth,True,9,3.3,under_6h
DSR-00075,SEG-0055,landslide,35.8,37.5,1780,mountain,weathered_rock,fair,2,state,3,9.73,very_high,0.7143,6.5776,1683,47,rock,True,9,8.5,6_24h
DSR-01655,SEG-0038,accident_blockage,20.6,1.8,16,plain,alluvial,good,2,national,3,66.77,very_low,0.2089,0.03,0,0,none,True,9,9.8,6_24h
DSR-02139,SEG-0069,fallen_tree,154.5,20.0,352,mountain,weathered_rock,poor,1,state,5,43.86,high,0.564,1.1628,0,0,none,True,9,43.5,1_3days
DSR-00001,SEG-0014,landslide,759.8,24.6,1438,mountain,weathered_rock,fair,2,national,5,33.95,high,0.671,3.7408,7475,71,rock,True,9,10.4,6_24h
DSR-00153,SEG-0032,landslide,613.8,37.8,1224,mountain,weathered_rock,fair,2,state,6,50.5,high,0.6374,1.1089,5549,70,debris,True,9,21.5,6_24h
DSR-00047,SEG-0055,landslide,212.9,37.5,1780,mountain,weathered_rock,fair,2,state,3,9.73,very_high,0.7143,6.5776,484,12,rock,True,9,4.1,under_6h
DSR-01782,SEG-0065,accident_blockage,142.0,24.2,1060,mountain,weathered_rock,fair,1,state,3,49.23,high,0.6127,1.1781,0,0,none,True,9,46.0,1_3days
DSR-00151,SEG-0055,landslide,228.8,37.5,1780,mountain,weathered_rock,fair,2,state,3,9.73,very_high,0.7143,6.5776,9379,77,debris,True,9,22.4,6_24h
DSR-00164,SEG-0048,landslide,356.0,32.0,1650,mountain,weathered_rock,fair,2,national,0,15.63,high,0.6747,3.263,4567,47,debris,True,9,6.1,6_24h
DSR-00066,SEG-0065,landslide,134.6,24.2,1060,mountain,weathered_rock,fair,1,state,3,49.23,high,0.6127,1.1781,1177,42,debris,True,10,4.7,under_6h
DSR-00129,SEG-0024,landslide,598.6,22.5,923,mountain,weathered_rock,fair,2,national,4,51.06,high,0.5596,0.5484,2641,39,rock,True,10,6.6,6_24h
DSR-00124,SEG-0014,landslide,693.6,24.6,1438,mountain,weathered_rock,fair,2,national,5,33.95,high,0.671,3.7408,1214,44,debris,True,10,2.0,under_6h
DSR-01635,SEG-0070,flood,402.4,17.5,123,hilly,lateritic,good,2,state,2,93.38,low,0.3544,0.1606,0,0,none,True,10,184.8,over_3days
DSR-01660,SEG-0017,bridge_damage,47.2,6.0,54,plain,alluvial,good,2,national,0,111.76,low,0.2804,0.0358,0,0,none,True,10,663.5,over_3days
DSR-02243,SEG-0047,flood,472.0,27.7,1650,mountain,weathered_rock,fair,2,national,4,6.8,high,0.6569,10.2941,0,0,none,True,10,36.5,1_3days
DSR-00148,SEG-0051,landslide,552.3,40.0,1250,mountain,weathered_rock,good,1,national,4,14.39,very_high,0.7423,3.0577,13266,136,debris,True,10,25.6,1_3days
DSR-00090,SEG-0030,landslide,232.8,33.9,642,mountain,weathered_rock,good,2,national,5,34.62,moderate,0.5294,0.751,37262,114,rock,True,10,88.8,over_3days
DSR-02255,SEG-0057,maintenance,22.0,21.7,259,hilly,lateritic,fair,2,national,0,52.2,moderate,0.4661,0.4789,0,0,none,True,12,51.5,1_3days
DSR-01784,SEG-0016,maintenance,29.5,3.8,24,plain,alluvial,good,2,national,4,19.48,low,0.2584,0.0513,0,0,none,True,12,57.9,1_3days
DSR-00004,SEG-0027,landslide,364.8,33.3,1348,mountain,weathered_rock,fair,2,national,3,31.75,high,0.6513,1.5118,1599,38,rock,True,1,1.5,under_6h
DSR-01946,SEG-0058,maintenance,11.9,27.3,1002,mountain,weathered_rock,fair,2,national,3,55.82,high,0.626,0.842,0,0,none,True,1,40.3,1_3days
DSR-01972,SEG-0010,flood,427.9,4.2,102,plain,alluvial,fair,4,national,1,60.63,low,0.3066,0.0165,0,0,none,True,1,56.4,1_3days
DSR-02087,SEG-0068,road_subsidence,100.8,40.7,433,mountain,weathered_rock,poor,1,state,4,66.95,high,0.6745,1.0157,0,0,none,True,2,257.8,over_3days
DSR-01883,SEG-0004,maintenance,14.1,3.7,55,plain,alluvial,good,4,national,0,44.45,low,0.2316,0.1125,0,0,none,True,2,12.8,6_24h
DSR-00071,SEG-0031,landslide,542.4,26.1,850,mountain,weathered_rock,fair,2,state,7,59.58,moderate,0.516,0.621,6152,44,rock,True,2,19.5,6_24h
DSR-02020,SEG-0036,maintenance,23.1,38.8,1084,mountain,weathered_rock,good,2,national,0,48.29,high,0.5956,0.8905,0,0,none,True,2,62.8,1_3days
DSR-02289,SEG-0004,maintenance,10.1,3.7,55,plain,alluvial,good,4,national,0,44.45,low,0.2316,0.1125,0,0,none,True,2,4.6,under_6h
DSR-02047,SEG-0018,maintenance,24.2,10.2,139,hilly,lateritic,poor,2,national,6,83.56,moderate,0.3867,0.2513,0,0,none,True,2,44.6,1_3days
DSR-01860,SEG-0062,maintenance,31.1,28.8,1247,mountain,weathered_rock,good,1,national,0,44.74,high,0.56,1.0729,0,0,none,True,3,34.1,1_3days
DSR-02165,SEG-0017,maintenance,19.9,6.0,54,plain,alluvial,good,2,national,0,111.76,low,0.2804,0.0358,0,0,none,True,3,17.3,6_24h
DSR-02273,SEG-0052,accident_blockage,73.5,37.0,1662,mountain,weathered_rock,poor,2,state,7,38.08,very_high,0.7503,2.2321,0,0,none,True,3,13.0,6_24h
DSR-00137,SEG-0052,landslide,485.5,37.0,1662,mountain,weathered_rock,poor,2,state,7,38.08,very_high,0.7503,2.2321,505,27,debris,True,3,1.0,under_6h
DSR-00058,SEG-0041,landslide,379.8,16.2,52,hilly,lateritic,good,2,national,2,45.87,low,0.3125,0.3052,669,35,debris,True,3,1.0,under_6h
DSR-02062,SEG-0055,maintenance,3.2,37.5,1780,mountain,weathered_rock,fair,2,state,3,9.73,very_high,0.7143,6.5776,0,0,none,True,3,5.9,under_6h
DSR-00134,SEG-0037,landslide,451.1,38.7,1405,mountain,weathered_rock,poor,2,state,3,68.38,high,0.691,0.9652,120,18,earth,True,4,1.0,under_6h
DSR-02104,SEG-0007,flood,324.8,1.6,84,plain,alluvial,fair,4,national,2,116.18,low,0.2537,0.0,0,0,none,True,4,154.8,over_3days
DSR-01691,SEG-0032,protest_blockade,179.1,37.8,1224,mountain,weathered_rock,fair,2,state,6,50.5,high,0.6374,1.1089,0,0,none,True,4,45.8,1_3days
DSR-00100,SEG-0028,landslide,350.9,34.8,1023,mountain,weathered_rock,good,2,national,7,46.71,high,0.5668,0.8349,3144,34,rock,True,4,8.5,6_24h
DSR-00101,SEG-0019,landslide,554.2,14.6,337,hilly,lateritic,good,2,national,0,41.98,moderate,0.4436,0.8814,21042,151,rock,True,4,38.1,1_3days
DSR-02145,SEG-0050,accident_blockage,11.1,33.3,1250,mountain,weathered_rock,poor,1,national,4,14.76,very_high,0.7245,5.6233,0,0,none,True,4,15.9,6_24h
DSR-00055,SEG-0068,landslide,434.9,40.7,433,mountain,weathered_rock,poor,1,state,4,66.95,high,0.6745,1.0157,963,21,debris,True,4,2.2,under_6h
DSR-02137,SEG-0050,flood,359.1,33.3,1250,mountain,weathered_rock,poor,1,national,4,14.76,very_high,0.7245,5.6233,0,0,none,True,4,28.1,1_3days
DSR-02290,SEG-0046,accident_blockage,175.1,42.0,886,mountain,weathered_rock,fair,2,national,3,52.1,very_high,0.7002,1.2668,0,0,none,True,4,3.6,under_6h
DSR-00093,SEG-0021,landslide,192.3,30.0,794,mountain,weathered_rock,fair,2,national,4,46.0,high,0.5592,0.7826,571,20,earth,True,4,1.0,under_6h
DSR-00089,SEG-0060,landslide,495.0,40.2,620,mountain,weathered_rock,fair,2,national,3,60.75,very_high,0.7497,1.1193,12079,70,debris,True,5,38.7,1_3days
DSR-00024,SEG-0015,landslide,744.4,28.7,701,mountain,weathered_rock,fair,2,national,4,75.53,high,0.6753,1.4431,2667,69,rock,True,5,7.2,6_24h
DSR-01664,SEG-0055,accident_blockage,193.6,37.5,1780,mountain,weathered_rock,fair,2,state,3,9.73,very_high,0.7143,6.5776,0,0,none,True,5,8.7,6_24h
DSR-00043,SEG-0014,landslide,536.0,24.6,1438,mountain,weathered_rock,fair,2,national,5,33.95,high,0.671,3.7408,2558,68,debris,True,5,3.6,under_6h
DSR-00115,SEG-0065,landslide,557.3,24.2,1060,mountain,weathered_rock,fair,1,state,3,49.23,high,0.6127,1.1781,461,25,rock,True,5,3.9,under_6h
DSR-00072,SEG-0028,landslide,77.1,34.8,1023,mountain,weathered_rock,good,2,national,7,46.71,high,0.5668,0.8349,35521,177,debris,True,5,134.8,over_3days
DSR-00147,SEG-0059,landslide,323.6,35.4,1092,mountain,weathered_rock,fair,2,national,7,61.83,very_high,0.7049,1.3586,137,19,earth,True,5,1.0,under_6h
DSR-01749,SEG-0039,protest_blockade,28.0,21.4,36,hilly,lateritic,fair,2,national,7,41.19,moderate,0.4111,0.4613,0,0,none,True,5,6.9,6_24h
DSR-00077,SEG-0038,landslide,256.9,1.8,16,plain,alluvial,good,2,national,3,66.77,very_low,0.2089,0.03,4419,35,debris,True,5,5.0,under_6h
DSR-00033,SEG-0014,landslide,356.3,24.6,1438,mountain,weathered_rock,fair,2,national,5,33.95,high,0.671,3.7408,50675,92,rock,True,5,103.2,over_3days
DSR-00086,SEG-0069,landslide,170.9,20.0,352,mountain,weathered_rock,poor,1,state,5,43.86,high,0.564,1.1628,655,36,earth,True,5,1.9,under_6h
DSR-01703,SEG-0009,accident_blockage,155.3,2.4,93,plain,alluvial,good,4,national,0,50.33,low,0.2614,0.0397,0,0,none,True,5,9.8,6_24h
DSR-02125,SEG-0006,flood,485.8,1.5,69,plain,alluvial,fair,4,national,0,33.98,low,0.268,0.0294,0,0,none,True,5,112.9,over_3days
DSR-01736,SEG-0054,bridge_damage,56.1,32.8,1727,mountain,weathered_rock,fair,2,state,4,16.34,high,0.6827,2.9376,0,0,none,True,5,843.5,over_3days
DSR-02189,SEG-0030,bridge_damage,333.8,33.9,642,mountain,weathered_rock,good,2,national,5,34.62,moderate,0.5294,0.751,0,0,none,True,5,122.7,over_3days
DSR-01730,SEG-0002,flood,558.4,4.4,53,plain,alluvial,good,4,national,3,47.71,low,0.2701,0.021,0,0,none,True,5,125.7,over_3days
DSR-01670,SEG-0003,road_subsidence,192.9,2.1,54,plain,alluvial,fair,4,national,1,45.56,low,0.2534,0.0,0,0,none,True,5,263.9,over_3days
DSR-00128,SEG-0063,landslide,249.6,25.7,2415,mountain,weathered_rock,good,1,national,0,35.45,high,0.6573,1.7489,4052,38,earth,True,5,2.2,under_6h
DSR-00070,SEG-0014,landslide,881.9,24.6,1438,mountain,weathered_rock,fair,2,national,5,33.95,high,0.671,3.7408,2518,68,debris,True,5,4.4,under_6h
DSR-00044,SEG-0020,landslide,63.7,15.5,450,hilly,lateritic,fair,2,national,1,33.37,moderate,0.4853,0.7492,204,15,earth,True,5,1.0,under_6h
DSR-01743,SEG-0056,fallen_tree,48.9,13.0,259,hilly,lateritic,fair,2,national,2,94.3,low,0.3544,0.1273,0,0,none,True,5,21.0,6_24h
DSR-00091,SEG-0068,landslide,470.4,40.7,433,mountain,weathered_rock,poor,1,state,4,66.95,high,0.6745,1.0157,8753,58,rock,True,6,145.3,over_3days
DSR-00062,SEG-0013,landslide,886.7,37.1,1496,mountain,weathered_rock,poor,2,national,5,35.74,very_high,0.7998,6.2115,1855,39,debris,True,6,3.8,under_6h
DSR-02269,SEG-0067,protest_blockade,39.5,17.3,231,hilly,lateritic,fair,1,state,2,38.22,moderate,0.4483,0.5233,0,0,none,True,6,50.4,1_3days
DSR-00059,SEG-0058,landslide,85.8,27.3,1002,mountain,weathered_rock,fair,2,national,3,55.82,high,0.626,0.842,2470,25,debris,True,6,8.5,6_24h
DSR-00118,SEG-0065,landslide,131.8,24.2,1060,mountain,weathered_rock,fair,1,state,3,49.23,high,0.6127,1.1781,7365,57,debris,True,6,54.2,1_3days
DSR-00152,SEG-0025,landslide,380.2,39.3,1378,mountain,weathered_rock,good,2,national,7,49.09,high,0.6173,1.1204,1827,24,debris,True,6,3.4,under_6h
DSR-00045,SEG-0037,landslide,184.8,38.7,1405,mountain,weathered_rock,poor,2,state,3,68.38,high,0.691,0.9652,3898,56,rock,True,6,33.6,1_3days
DSR-00113,SEG-0052,landslide,220.7,37.0,1662,mountain,weathered_rock,poor,2,state,7,38.08,very_high,0.7503,2.2321,1033,46,debris,True,6,9.1,6_24h
DSR-00107,SEG-0034,landslide,173.4,27.5,891,mountain,weathered_rock,poor,2,national,3,54.94,high,0.6405,1.0193,2716,39,rock,True,6,8.9,6_24h
DSR-01731,SEG-0050,bridge_damage,68.6,33.3,1250,mountain,weathered_rock,poor,1,national,4,14.76,very_high,0.7245,5.6233,0,0,none,True,6,648.3,over_3days
DSR-01787,SEG-0043,accident_blockage,26.1,20.5,34,hilly,lateritic,poor,2,national,1,17.57,moderate,0.4617,0.9676,0,0,none,True,6,22.0,6_24h
DSR-00161,SEG-0061,landslide,112.9,24.2,386,mountain,weathered_rock,fair,2,national,4,53.47,high,0.5826,1.1969,174,19,earth,True,6,1.0,under_6h
DSR-00012,SEG-0015,landslide,854.2,28.7,701,mountain,weathered_rock,fair,2,national,4,75.53,high,0.6753,1.4431,5638,42,debris,True,6,4.2,under_6h
DSR-00119,SEG-0062,landslide,323.1,28.8,1247,mountain,weathered_rock,good,1,national,0,44.74,high,0.56,1.0729,2282,51,debris,True,6,6.3,6_24h
DSR-00140,SEG-0032,landslide,555.5,37.8,1224,mountain,weathered_rock,fair,2,state,6,50.5,high,0.6374,1.1089,1125,21,earth,True,6,3.3,under_6h
DSR-00022,SEG-0069,landslide,173.7,20.0,352,mountain,weathered_rock,poor,1,state,5,43.86,high,0.564,1.1628,1317,52,rock,True,6,23.2,6_24h
DSR-01867,SEG-0042,bridge_damage,288.1,9.1,45,hilly,lateritic,poor,2,national,3,16.18,moderate,0.4355,1.0507,0,0,none,True,6,490.0,over_3days
DSR-01884,SEG-0068,protest_blockade,63.7,40.7,433,mountain,weathered_rock,poor,1,state,4,66.95,high,0.6745,1.0157,0,0,none,True,6,53.7,1_3days
DSR-02001,SEG-0067,flood,390.0,17.3,231,hilly,lateritic,fair,1,state,2,38.22,moderate,0.4483,0.5233,0,0,none,True,6,226.4,over_3days
DSR-00009,SEG-0053,landslide,609.1,22.5,1675,mountain,weathered_rock,good,2,state,2,6.97,high,0.5856,6.8867,269,8,rock,True,6,3.7,under_6h
DSR-00073,SEG-0063,landslide,29.6,25.7,2415,mountain,weathered_rock,good,1,national,0,35.45,high,0.6573,1.7489,2050,32,debris,True,6,6.4,6_24h
DSR-00074,SEG-0015,landslide,193.2,28.7,701,mountain,weathered_rock,fair,2,national,4,75.53,high,0.6753,1.4431,15102,68,debris,True,6,25.9,1_3days
DSR-00136,SEG-0070,landslide,420.2,17.5,123,hilly,lateritic,good,2,state,2,93.38,low,0.3544,0.1606,1483,53,rock,True,6,18.0,6_24h
DSR-00007,SEG-0022,landslide,593.5,22.3,1252,mountain,weathered_rock,fair,2,national,3,19.5,high,0.5848,1.641,359,17,earth,True,6,1.0,under_6h
DSR-01879,SEG-0045,fallen_tree,185.0,1.7,23,plain,alluvial,good,2,national,0,23.28,low,0.2326,0.043,0,0,none,True,6,11.1,6_24h
DSR-02099,SEG-0035,flood,255.5,24.0,1216,mountain,weathered_rock,poor,2,national,1,49.37,high,0.6147,1.1951,0,0,none,True,6,212.8,over_3days
DSR-01724,SEG-0070,flood,315.1,17.5,123,hilly,lateritic,good,2,state,2,93.38,low,0.3544,0.1606,0,0,none,True,6,194.7,over_3days
DSR-01806,SEG-0054,flood,381.2,32.8,1727,mountain,weathered_rock,fair,2,state,4,16.34,high,0.6827,2.9376,0,0,none,True,7,54.7,1_3days
DSR-01780,SEG-0033,fallen_tree,59.9,14.5,337,hilly,lateritic,good,2,national,1,68.93,low,0.3399,0.1596,0,0,none,True,7,3.6,under_6h
DSR-01805,SEG-0042,flood,457.6,9.1,45,hilly,lateritic,poor,2,national,3,16.18,moderate,0.4355,1.0507,0,0,none,True,7,224.9,over_3days
DSR-00144,SEG-0067,landslide,417.3,17.3,231,hilly,lateritic,fair,1,state,2,38.22,moderate,0.4483,0.5233,351,28,earth,True,7,1.3,under_6h
DSR-00117,SEG-0015,landslide,796.3,28.7,701,mountain,weathered_rock,fair,2,national,4,75.53,high,0.6753,1.4431,9165,105,debris,True,7,14.0,6_24h
DSR-00038,SEG-0026,landslide,563.3,31.7,1319,mountain,weathered_rock,fair,2,national,2,35.84,high,0.6286,1.3672,829,22,debris,True,7,3.8,under_6h
DSR-02175,SEG-0045,flood,547.0,1.7,23,plain,alluvial,good,2,national,0,23.28,low,0.2326,0.043,0,0,none,True,7,64.7,1_3days
DSR-00061,SEG-0049,landslide,87.6,22.3,1450,mountain,weathered_rock,fair,1,national,1,20.47,high,0.6253,2.1006,118,6,debris,True,7,1.0,under_6h
DSR-00017,SEG-0031,landslide,303.1,26.1,850,mountain,weathered_rock,fair,2,state,7,59.58,moderate,0.516,0.621,962,29,rock,True,7,7.1,6_24h
DSR-00011,SEG-0013,landslide,342.8,37.1,1496,mountain,weathered_rock,poor,2,national,5,35.74,very_high,0.7998,6.2115,1719,19,debris,True,7,2.1,under_6h
DSR-02256,SEG-0046,protest_blockade,183.6,42.0,886,mountain,weathered_rock,fair,2,national,3,52.1,very_high,0.7002,1.2668,0,0,none,True,7,1.7,under_6h
DSR-00054,SEG-0048,landslide,555.5,32.0,1650,mountain,weathered_rock,fair,2,national,0,15.63,high,0.6747,3.263,4869,77,debris,True,7,13.9,6_24h
DSR-00138,SEG-0065,landslide,338.6,24.2,1060,mountain,weathered_rock,fair,1,state,3,49.23,high,0.6127,1.1781,650,35,earth,True,7,2.8,under_6h
DSR-00069,SEG-0013,landslide,450.9,37.1,1496,mountain,weathered_rock,poor,2,national,5,35.74,very_high,0.7998,6.2115,3637,73,rock,True,7,22.9,6_24h
DSR-01788,SEG-0067,accident_blockage,65.5,17.3,231,hilly,lateritic,fair,1,state,2,38.22,moderate,0.4483,0.5233,0,0,none,True,7,8.0,6_24h
DSR-01841,SEG-0037,flood,584.0,38.7,1405,mountain,weathered_rock,poor,2,state,3,68.38,high,0.691,0.9652,0,0,none,True,7,390.3,over_3days
DSR-00126,SEG-0012,landslide,339.5,23.6,775,mountain,weathered_rock,fair,2,national,3,30.75,high,0.5759,1.5285,1551,32,rock,True,7,7.7,6_24h
DSR-00014,SEG-0034,landslide,299.3,27.5,891,mountain,weathered_rock,poor,2,national,3,54.94,high,0.6405,1.0193,1059,23,rock,True,7,8.6,6_24h
DSR-01719,SEG-0053,fallen_tree,61.9,22.5,1675,mountain,weathered_rock,good,2,state,2,6.97,high,0.5856,6.8867,0,0,none,True,7,56.4,1_3days
DSR-00104,SEG-0061,landslide,365.5,24.2,386,mountain,weathered_rock,fair,2,national,4,53.47,high,0.5826,1.1969,1719,22,rock,True,7,5.2,under_6h
DSR-01868,SEG-0034,flood,239.2,27.5,891,mountain,weathered_rock,poor,2,national,3,54.94,high,0.6405,1.0193,0,0,none,True,7,68.1,1_3days
DSR-01792,SEG-0038,flood,512.6,1.8,16,plain,alluvial,good,2,national,3,66.77,very_low,0.2089,0.03,0,0,none,True,7,232.3,over_3days
DSR-00099,SEG-0052,landslide,377.2,37.0,1662,mountain,weathered_rock,poor,2,state,7,38.08,very_high,0.7503,2.2321,6961,67,rock,True,7,125.4,over_3days
DSR-01668,SEG-0043,bridge_damage,255.7,20.5,34,hilly,lateritic,poor,2,national,1,17.57,moderate,0.4617,0.9676,0,0,none,True,7,375.3,over_3days
DSR-00034,SEG-0035,landslide,335.3,24.0,1216,mountain,weathered_rock,poor,2,national,1,49.37,high,0.6147,1.1951,1067,42,rock,True,7,5.9,under_6h
DSR-00162,SEG-0014,landslide,700.0,24.6,1438,mountain,weathered_rock,fair,2,national,5,33.95,high,0.671,3.7408,1215,47,debris,True,7,1.3,under_6h
DSR-02262,SEG-0063,flood,264.0,25.7,2415,mountain,weathered_rock,good,1,national,0,35.45,high,0.6573,1.7489,0,0,none,True,7,240.3,over_3days
DSR-00002,SEG-0064,landslide,118.2,27.6,2731,mountain,weathered_rock,poor,1,national,1,66.29,very_high,0.7556,1.8706,3208,51,earth,True,7,8.8,6_24h
DSR-02283,SEG-0053,road_subsidence,196.2,22.5,1675,mountain,weathered_rock,good,2,state,2,6.97,high,0.5856,6.8867,0,0,none,True,7,14.8,6_24h
DSR-00053,SEG-0069,landslide,71.6,20.0,352,mountain,weathered_rock,poor,1,state,5,43.86,high,0.564,1.1628,15148,48,earth,True,7,117.3,over_3days
DSR-00006,SEG-0035,landslide,368.8,24.0,1216,mountain,weathered_rock,poor,2,national,1,49.37,high,0.6147,1.1951,12706,67,debris,True,7,19.2,6_24h
DSR-00068,SEG-0022,landslide,442.6,22.3,1252,mountain,weathered_rock,fair,2,national,3,19.5,high,0.5848,1.641,4846,69,rock,True,8,18.4,6_24h
DSR-00135,SEG-0030,landslide,347.0,33.9,642,mountain,weathered_rock,good,2,national,5,34.62,moderate,0.5294,0.751,3262,73,rock,True,8,13.3,6_24h
DSR-00133,SEG-0070,landslide,558.0,17.5,123,hilly,lateritic,good,2,state,2,93.38,low,0.3544,0.1606,3809,54,rock,True,8,11.4,6_24h
DSR-01673,SEG-0009,flood,423.2,2.4,93,plain,alluvial,good,4,national,0,50.33,low,0.2614,0.0397,0,0,none,True,8,178.4,over_3days
DSR-00142,SEG-0036,landslide,265.5,38.8,1084,mountain,weathered_rock,good,2,national,0,48.29,high,0.5956,0.8905,660,29,earth,True,8,1.0,under_6h
DSR-00097,SEG-0013,landslide,314.6,37.1,1496,mountain,weathered_rock,poor,2,national,5,35.74,very_high,0.7998,6.2115,1997,48,rock,True,8,11.9,6_24h
DSR-01864,SEG-0003,road_subsidence,137.4,2.1,54,plain,alluvial,fair,4,national,1,45.56,low,0.2534,0.0,0,0,none,True,8,186.5,over_3days
DSR-01634,SEG-0008,fallen_tree,73.5,5.3,90,plain,alluvial,fair,4,national,0,36.12,low,0.3133,0.0277,0,0,none,True,8,2.2,under_6h
DSR-01729,SEG-0010,flood,483.9,4.2,102,plain,alluvial,fair,4,national,1,60.63,low,0.3066,0.0165,0,0,none,True,8,248.7,over_3days
DSR-01715,SEG-0051,fallen_tree,53.0,40.0,1250,mountain,weathered_rock,good,1,national,4,14.39,very_high,0.7423,3.0577,0,0,none,True,8,20.0,6_24h
DSR-01770,SEG-0048,accident_blockage,15.5,32.0,1650,mountain,weathered_rock,fair,2,national,0,15.63,high,0.6747,3.263,0,0,none,True,8,4.1,under_6h
DSR-00085,SEG-0061,landslide,214.1,24.2,386,mountain,weathered_rock,fair,2,national,4,53.47,high,0.5826,1.1969,77797,242,rock,True,8,608.4,over_3days
DSR-00064,SEG-0013,landslide,806.5,37.1,1496,mountain,weathered_rock,poor,2,national,5,35.74,very_high,0.7998,6.2115,3614,34,rock,True,8,17.0,6_24h
DSR-00042,SEG-0067,landslide,461.1,17.3,231,hilly,lateritic,fair,1,state,2,38.22,moderate,0.4483,0.5233,1663,36,earth,True,8,5.3,under_6h
DSR-00102,SEG-0055,landslide,359.5,37.5,1780,mountain,weathered_rock,fair,2,state,3,9.73,very_high,0.7143,6.5776,670,15,rock,True,8,4.1,under_6h
DSR-01734,SEG-0012,flood,361.4,23.6,775,mountain,weathered_rock,fair,2,national,3,30.75,high,0.5759,1.5285,0,0,none,True,8,20.6,6_24h
DSR-00031,SEG-0022,landslide,520.0,22.3,1252,mountain,weathered_rock,fair,2,national,3,19.5,high,0.5848,1.641,468,18,earth,True,8,1.0,under_6h
DSR-01735,SEG-0046,protest_blockade,70.4,42.0,886,mountain,weathered_rock,fair,2,national,3,52.1,very_high,0.7002,1.2668,0,0,none,True,8,19.5,6_24h
DSR-00121,SEG-0042,landslide,16.4,9.1,45,hilly,lateritic,poor,2,national,3,16.18,moderate,0.4355,1.0507,4051,78,rock,True,8,7.1,6_24h
DSR-02026,SEG-0046,protest_blockade,118.5,42.0,886,mountain,weathered_rock,fair,2,national,3,52.1,very_high,0.7002,1.2668,0,0,none,True,8,28.4,1_3days
DSR-00154,SEG-0052,landslide,234.0,37.0,1662,mountain,weathered_rock,poor,2,state,7,38.08,very_high,0.7503,2.2321,2647,45,rock,True,9,18.2,6_24h
DSR-01739,SEG-0062,protest_blockade,55.6,28.8,1247,mountain,weathered_rock,good,1,national,0,44.74,high,0.56,1.0729,0,0,none,True,9,20.6,6_24h
DSR-00087,SEG-0014,landslide,266.6,24.6,1438,mountain,weathered_rock,fair,2,national,5,33.95,high,0.671,3.7408,245,22,debris,True,9,1.0,under_6h
DSR-01771,SEG-0016,road_subsidence,62.7,3.8,24,plain,alluvial,good,2,national,4,19.48,low,0.2584,0.0513,0,0,none,True,9,67.5,1_3days
DSR-02185,SEG-0038,flood,588.4,1.8,16,plain,alluvial,good,2,national,3,66.77,very_low,0.2089,0.03,0,0,none,True,9,140.0,over_3days
DSR-01960,SEG-0015,flood,439.1,28.7,701,mountain,weathered_rock,fair,2,national,4,75.53,high,0.6753,1.4431,0,0,none,True,9,45.3,1_3days
DSR-02074,SEG-0046,flood,681.2,42.0,886,mountain,weathered_rock,fair,2,national,3,52.1,very_high,0.7002,1.2668,0,0,none,True,9,57.9,1_3days
DSR-00122,SEG-0034,landslide,510.2,27.5,891,mountain,weathered_rock,poor,2,national,3,54.94,high,0.6405,1.0193,9580,51,rock,True,9,13.9,6_24h
DSR-00095,SEG-0065,landslide,456.6,24.2,1060,mountain,weathered_rock,fair,1,state,3,49.23,high,0.6127,1.1781,421,12,rock,True,9,2.3,under_6h
DSR-00021,SEG-0068,landslide,477.4,40.7,433,mountain,weathered_rock,poor,1,state,4,66.95,high,0.6745,1.0157,1549,20,rock,True,9,10.6,6_24h
DSR-00157,SEG-0019,landslide,440.3,14.6,337,hilly,lateritic,good,2,national,0,41.98,moderate,0.4436,0.8814,200,14,debris,True,9,1.0,under_6h
DSR-02094,SEG-0008,flood,261.6,5.3,90,plain,alluvial,fair,4,national,0,36.12,low,0.3133,0.0277,0,0,none,True,9,132.5,over_3days
DSR-00032,SEG-0052,landslide,555.8,37.0,1662,mountain,weathered_rock,poor,2,state,7,38.08,very_high,0.7503,2.2321,54,11,debris,True,9,1.0,under_6h
DSR-00149,SEG-0055,landslide,379.7,37.5,1780,mountain,weathered_rock,fair,2,state,3,9.73,very_high,0.7143,6.5776,20684,64,debris,True,9,82.9,over_3days
DSR-00016,SEG-0031,landslide,8.4,26.1,850,mountain,weathered_rock,fair,2,state,7,59.58,moderate,0.516,0.621,307,21,rock,True,9,1.9,under_6h
DSR-00082,SEG-0036,landslide,552.9,38.8,1084,mountain,weathered_rock,good,2,national,0,48.29,high,0.5956,0.8905,5101,93,debris,True,10,5.1,under_6h
DSR-02140,SEG-0047,protest_blockade,91.2,27.7,1650,mountain,weathered_rock,fair,2,national,4,6.8,high,0.6569,10.2941,0,0,none,True,10,27.4,1_3days
DSR-02077,SEG-0064,accident_blockage,193.5,27.6,2731,mountain,weathered_rock,poor,1,national,1,66.29,very_high,0.7556,1.8706,0,0,none,True,10,1.8,under_6h
DSR-02018,SEG-0008,protest_blockade,134.0,5.3,90,plain,alluvial,fair,4,national,0,36.12,low,0.3133,0.0277,0,0,none,True,10,18.7,6_24h
DSR-00079,SEG-0034,landslide,258.9,27.5,891,mountain,weathered_rock,poor,2,national,3,54.94,high,0.6405,1.0193,6203,83,debris,True,10,6.0,6_24h
DSR-00092,SEG-0048,landslide,303.6,32.0,1650,mountain,weathered_rock,fair,2,national,0,15.63,high,0.6747,3.263,12335,68,rock,True,10,13.2,6_24h
DSR-00048,SEG-0035,landslide,564.7,24.0,1216,mountain,weathered_rock,poor,2,national,1,49.37,high,0.6147,1.1951,2619,24,rock,True,10,4.1,under_6h
DSR-01982,SEG-0055,protest_blockade,162.3,37.5,1780,mountain,weathered_rock,fair,2,state,3,9.73,very_high,0.7143,6.5776,0,0,none,True,10,23.3,6_24h
DSR-02004,SEG-0014,maintenance,2.4,24.6,1438,mountain,weathered_rock,fair,2,national,5,33.95,high,0.671,3.7408,0,0,none,True,11,36.0,1_3days
DSR-00018,SEG-0064,landslide,210.6,27.6,2731,mountain,weathered_rock,poor,1,national,1,66.29,very_high,0.7556,1.8706,865,24,debris,True,11,1.8,under_6h
DSR-02063,SEG-0046,bridge_damage,191.5,42.0,886,mountain,weathered_rock,fair,2,national,3,52.1,very_high,0.7002,1.2668,0,0,none,True,12,755.0,over_3days
DSR-01651,SEG-0009,road_subsidence,377.6,2.4,93,plain,alluvial,good,4,national,0,50.33,low,0.2614,0.0397,0,0,none,True,1,91.4,over_3days
DSR-02086,SEG-0003,maintenance,15.8,2.1,54,plain,alluvial,fair,4,national,1,45.56,low,0.2534,0.0,0,0,none,True,1,38.8,1_3days
DSR-00326,SEG-0014,landslide,183.7,24.6,1438,mountain,weathered_rock,fair,2,national,5,33.95,high,0.671,3.7408,5137,30,rock,True,1,14.8,6_24h
DSR-02149,SEG-0029,maintenance,31.3,21.4,1260,mountain,weathered_rock,good,2,national,3,44.14,moderate,0.5237,0.589,0,0,none,True,2,33.6,1_3days
DSR-00348,SEG-0049,landslide,90.4,22.3,1450,mountain,weathered_rock,fair,1,national,1,20.47,high,0.6253,2.1006,86,6,debris,True,2,1.0,under_6h
DSR-00203,SEG-0069,landslide,362.4,20.0,352,mountain,weathered_rock,poor,1,state,5,43.86,high,0.564,1.1628,295,12,rock,True,2,2.2,under_6h
DSR-00257,SEG-0059,landslide,17.9,35.4,1092,mountain,weathered_rock,fair,2,national,7,61.83,very_high,0.7049,1.3586,4284,73,debris,True,3,3.8,under_6h
DSR-00363,SEG-0053,landslide,8.5,22.5,1675,mountain,weathered_rock,good,2,state,2,6.97,high,0.5856,6.8867,4382,57,debris,True,3,13.2,6_24h
DSR-00346,SEG-0013,landslide,222.3,37.1,1496,mountain,weathered_rock,poor,2,national,5,35.74,very_high,0.7998,6.2115,3607,63,rock,True,4,14.2,6_24h
DSR-00334,SEG-0040,landslide,266.4,11.0,60,hilly,lateritic,fair,2,national,0,29.41,moderate,0.3802,0.204,1686,19,rock,True,4,3.8,under_6h
DSR-00193,SEG-0025,landslide,0.1,39.3,1378,mountain,weathered_rock,good,2,national,7,49.09,high,0.6173,1.1204,504,17,rock,True,4,1.0,under_6h
DSR-00199,SEG-0066,landslide,471.3,40.9,1099,mountain,weathered_rock,fair,1,state,1,40.68,very_high,0.7302,2.1141,2052,57,earth,True,4,3.1,under_6h
DSR-00355,SEG-0064,landslide,348.9,27.6,2731,mountain,weathered_rock,poor,1,national,1,66.29,very_high,0.7556,1.8706,215,13,rock,True,4,1.0,under_6h
DSR-01653,SEG-0049,flood,396.7,22.3,1450,mountain,weathered_rock,fair,1,national,1,20.47,high,0.6253,2.1006,0,0,none,True,4,118.6,over_3days
DSR-00186,SEG-0064,landslide,169.7,27.6,2731,mountain,weathered_rock,poor,1,national,1,66.29,very_high,0.7556,1.8706,4473,27,debris,True,4,10.6,6_24h
DSR-00225,SEG-0063,landslide,296.6,25.7,2415,mountain,weathered_rock,good,1,national,0,35.45,high,0.6573,1.7489,5119,37,earth,True,4,5.1,under_6h
DSR-02218,SEG-0071,flood,467.6,17.3,165,hilly,lateritic,fair,2,state,3,30.67,moderate,0.4198,0.5217,0,0,none,True,4,306.5,over_3days
DSR-02211,SEG-0018,fallen_tree,150.5,10.2,139,hilly,lateritic,poor,2,national,6,83.56,moderate,0.3867,0.2513,0,0,none,True,4,22.3,6_24h
DSR-01846,SEG-0032,accident_blockage,110.7,37.8,1224,mountain,weathered_rock,fair,2,state,6,50.5,high,0.6374,1.1089,0,0,none,True,4,18.2,6_24h
DSR-00177,SEG-0036,landslide,477.4,38.8,1084,mountain,weathered_rock,good,2,national,0,48.29,high,0.5956,0.8905,505,23,debris,True,4,1.0,under_6h
DSR-01947,SEG-0010,protest_blockade,113.5,4.2,102,plain,alluvial,fair,4,national,1,60.63,low,0.3066,0.0165,0,0,none,True,4,21.0,6_24h
DSR-02223,SEG-0053,bridge_damage,384.5,22.5,1675,mountain,weathered_rock,good,2,state,2,6.97,high,0.5856,6.8867,0,0,none,True,4,138.4,over_3days
DSR-01677,SEG-0006,accident_blockage,21.9,1.5,69,plain,alluvial,fair,4,national,0,33.98,low,0.268,0.0294,0,0,none,True,5,9.2,6_24h
DSR-00250,SEG-0029,landslide,133.0,21.4,1260,mountain,weathered_rock,good,2,national,3,44.14,moderate,0.5237,0.589,4100,70,debris,True,5,6.5,6_24h
DSR-00338,SEG-0059,landslide,198.9,35.4,1092,mountain,weathered_rock,fair,2,national,7,61.83,very_high,0.7049,1.3586,2815,67,earth,True,5,4.7,under_6h
DSR-00259,SEG-0064,landslide,94.0,27.6,2731,mountain,weathered_rock,poor,1,national,1,66.29,very_high,0.7556,1.8706,11502,54,rock,True,5,67.4,1_3days
DSR-02095,SEG-0022,fallen_tree,77.4,22.3,1252,mountain,weathered_rock,fair,2,national,3,19.5,high,0.5848,1.641,0,0,none,True,5,23.9,6_24h
DSR-02040,SEG-0069,fallen_tree,16.9,20.0,352,mountain,weathered_rock,poor,1,state,5,43.86,high,0.564,1.1628,0,0,none,True,5,45.6,1_3days
DSR-00375,SEG-0060,landslide,18.4,40.2,620,mountain,weathered_rock,fair,2,national,3,60.75,very_high,0.7497,1.1193,1303,52,earth,True,5,1.0,under_6h
DSR-00169,SEG-0053,landslide,542.7,22.5,1675,mountain,weathered_rock,good,2,state,2,6.97,high,0.5856,6.8867,230,23,rock,True,5,3.4,under_6h
DSR-00305,SEG-0028,landslide,422.5,34.8,1023,mountain,weathered_rock,good,2,national,7,46.71,high,0.5668,0.8349,19902,86,earth,True,5,18.7,6_24h
DSR-00371,SEG-0015,landslide,342.4,28.7,701,mountain,weathered_rock,fair,2,national,4,75.53,high,0.6753,1.4431,1604,38,rock,True,5,3.3,under_6h
DSR-00387,SEG-0052,landslide,183.9,37.0,1662,mountain,weathered_rock,poor,2,state,7,38.08,very_high,0.7503,2.2321,10924,68,rock,True,5,218.4,over_3days
DSR-00322,SEG-0062,landslide,259.5,28.8,1247,mountain,weathered_rock,good,1,national,0,44.74,high,0.56,1.0729,1191,27,debris,True,5,1.1,under_6h
DSR-01786,SEG-0026,flood,669.2,31.7,1319,mountain,weathered_rock,fair,2,national,2,35.84,high,0.6286,1.3672,0,0,none,True,5,111.2,over_3days
DSR-02107,SEG-0044,road_subsidence,160.3,3.8,23,plain,alluvial,good,2,national,2,50.09,low,0.2667,0.0399,0,0,none,True,5,78.5,over_3days
DSR-02068,SEG-0018,road_subsidence,326.7,10.2,139,hilly,lateritic,poor,2,national,6,83.56,moderate,0.3867,0.2513,0,0,none,True,5,155.2,over_3days
DSR-00249,SEG-0013,landslide,292.2,37.1,1496,mountain,weathered_rock,poor,2,national,5,35.74,very_high,0.7998,6.2115,4728,74,debris,True,5,5.7,under_6h
DSR-00312,SEG-0014,landslide,664.1,24.6,1438,mountain,weathered_rock,fair,2,national,5,33.95,high,0.671,3.7408,4326,45,earth,True,5,5.6,under_6h
DSR-00197,SEG-0057,landslide,614.9,21.7,259,hilly,lateritic,fair,2,national,0,52.2,moderate,0.4661,0.4789,3512,60,debris,True,5,2.8,under_6h
DSR-00324,SEG-0019,landslide,661.6,14.6,337,hilly,lateritic,good,2,national,0,41.98,moderate,0.4436,0.8814,8395,93,debris,True,5,8.3,6_24h
DSR-00366,SEG-0046,landslide,93.4,42.0,886,mountain,weathered_rock,fair,2,national,3,52.1,very_high,0.7002,1.2668,7124,34,debris,True,5,6.5,6_24h
DSR-00388,SEG-0013,landslide,51.5,37.1,1496,mountain,weathered_rock,poor,2,national,5,35.74,very_high,0.7998,6.2115,276,20,debris,True,5,1.0,under_6h
DSR-02162,SEG-0071,flood,461.6,17.3,165,hilly,lateritic,fair,2,state,3,30.67,moderate,0.4198,0.5217,0,0,none,True,5,14.0,6_24h
DSR-02279,SEG-0010,flood,271.1,4.2,102,plain,alluvial,fair,4,national,1,60.63,low,0.3066,0.0165,0,0,none,True,5,149.5,over_3days
DSR-00204,SEG-0047,landslide,555.3,27.7,1650,mountain,weathered_rock,fair,2,national,4,6.8,high,0.6569,10.2941,231,24,earth,True,5,1.0,under_6h
DSR-00343,SEG-0062,landslide,11.8,28.8,1247,mountain,weathered_rock,good,1,national,0,44.74,high,0.56,1.0729,1452,37,debris,True,5,3.4,under_6h
DSR-01781,SEG-0036,fallen_tree,14.9,38.8,1084,mountain,weathered_rock,good,2,national,0,48.29,high,0.5956,0.8905,0,0,none,True,5,27.3,1_3days
DSR-01726,SEG-0016,fallen_tree,73.2,3.8,24,plain,alluvial,good,2,national,4,19.48,low,0.2584,0.0513,0,0,none,True,5,19.9,6_24h
DSR-00349,SEG-0068,landslide,102.5,40.7,433,mountain,weathered_rock,poor,1,state,4,66.95,high,0.6745,1.0157,162,9,earth,True,6,1.0,under_6h
DSR-00320,SEG-0063,landslide,207.2,25.7,2415,mountain,weathered_rock,good,1,national,0,35.45,high,0.6573,1.7489,147985,274,rock,True,6,632.6,over_3days
DSR-00340,SEG-0066,landslide,143.0,40.9,1099,mountain,weathered_rock,fair,1,state,1,40.68,very_high,0.7302,2.1141,1715,50,rock,True,6,31.6,1_3days
DSR-01870,SEG-0017,fallen_tree,185.4,6.0,54,plain,alluvial,good,2,national,0,111.76,low,0.2804,0.0358,0,0,none,True,6,26.4,1_3days
DSR-00269,SEG-0013,landslide,213.4,37.1,1496,mountain,weathered_rock,poor,2,national,5,35.74,very_high,0.7998,6.2115,834,21,rock,True,6,2.3,under_6h
DSR-00264,SEG-0028,landslide,609.7,34.8,1023,mountain,weathered_rock,good,2,national,7,46.71,high,0.5668,0.8349,410,32,earth,True,6,1.0,under_6h
DSR-02034,SEG-0037,accident_blockage,37.1,38.7,1405,mountain,weathered_rock,poor,2,state,3,68.38,high,0.691,0.9652,0,0,none,True,6,60.5,1_3days
DSR-00319,SEG-0057,landslide,556.4,21.7,259,hilly,lateritic,fair,2,national,0,52.2,moderate,0.4661,0.4789,5615,58,earth,True,6,17.7,6_24h
DSR-02079,SEG-0003,road_subsidence,375.2,2.1,54,plain,alluvial,fair,4,national,1,45.56,low,0.2534,0.0,0,0,none,True,6,226.5,over_3days
DSR-00383,SEG-0012,landslide,501.5,23.6,775,mountain,weathered_rock,fair,2,national,3,30.75,high,0.5759,1.5285,5735,73,rock,True,6,15.0,6_24h
DSR-01669,SEG-0045,protest_blockade,179.2,1.7,23,plain,alluvial,good,2,national,0,23.28,low,0.2326,0.043,0,0,none,True,6,25.0,1_3days
DSR-01928,SEG-0064,flood,569.3,27.6,2731,mountain,weathered_rock,poor,1,national,1,66.29,very_high,0.7556,1.8706,0,0,none,True,6,104.6,over_3days
DSR-02025,SEG-0064,bridge_damage,154.7,27.6,2731,mountain,weathered_rock,poor,1,national,1,66.29,very_high,0.7556,1.8706,0,0,none,True,6,759.6,over_3days
DSR-00386,SEG-0031,landslide,226.4,26.1,850,mountain,weathered_rock,fair,2,state,7,59.58,moderate,0.516,0.621,505,11,debris,True,6,2.5,under_6h
DSR-00192,SEG-0055,landslide,535.1,37.5,1780,mountain,weathered_rock,fair,2,state,3,9.73,very_high,0.7143,6.5776,640,20,rock,True,6,2.1,under_6h
DSR-00364,SEG-0034,landslide,574.9,27.5,891,mountain,weathered_rock,poor,2,national,3,54.94,high,0.6405,1.0193,2244,36,rock,True,6,7.8,6_24h
DSR-00239,SEG-0013,landslide,664.0,37.1,1496,mountain,weathered_rock,poor,2,national,5,35.74,very_high,0.7998,6.2115,1451,46,earth,True,6,2.1,under_6h
DSR-00166,SEG-0057,landslide,44.1,21.7,259,hilly,lateritic,fair,2,national,0,52.2,moderate,0.4661,0.4789,21260,144,earth,True,6,36.0,1_3days
DSR-00175,SEG-0050,landslide,22.6,33.3,1250,mountain,weathered_rock,poor,1,national,4,14.76,very_high,0.7245,5.6233,342,19,rock,True,6,1.4,under_6h
DSR-00173,SEG-0021,landslide,56.2,30.0,794,mountain,weathered_rock,fair,2,national,4,46.0,high,0.5592,0.7826,5365,43,earth,True,6,5.9,under_6h
DSR-00202,SEG-0053,landslide,365.8,22.5,1675,mountain,weathered_rock,good,2,state,2,6.97,high,0.5856,6.8867,157,16,earth,True,6,1.0,under_6h
DSR-00309,SEG-0059,landslide,331.9,35.4,1092,mountain,weathered_rock,fair,2,national,7,61.83,very_high,0.7049,1.3586,1858,56,debris,True,6,2.9,under_6h
DSR-00238,SEG-0059,landslide,541.5,35.4,1092,mountain,weathered_rock,fair,2,national,7,61.83,very_high,0.7049,1.3586,98,12,rock,True,6,1.0,under_6h
DSR-01853,SEG-0056,flood,636.5,13.0,259,hilly,lateritic,fair,2,national,2,94.3,low,0.3544,0.1273,0,0,none,True,6,102.5,over_3days
DSR-01718,SEG-0033,flood,444.5,14.5,337,hilly,lateritic,good,2,national,1,68.93,low,0.3399,0.1596,0,0,none,True,6,192.5,over_3days
DSR-02153,SEG-0012,flood,361.6,23.6,775,mountain,weathered_rock,fair,2,national,3,30.75,high,0.5759,1.5285,0,0,none,True,6,180.1,over_3days
DSR-02006,SEG-0022,fallen_tree,133.0,22.3,1252,mountain,weathered_rock,fair,2,national,3,19.5,high,0.5848,1.641,0,0,none,True,6,18.2,6_24h
DSR-00350,SEG-0031,landslide,354.9,26.1,850,mountain,weathered_rock,fair,2,state,7,59.58,moderate,0.516,0.621,171,14,debris,True,6,1.2,under_6h
DSR-00342,SEG-0059,landslide,613.0,35.4,1092,mountain,weathered_rock,fair,2,national,7,61.83,very_high,0.7049,1.3586,3144,67,earth,True,7,6.4,6_24h
DSR-00245,SEG-0031,landslide,511.8,26.1,850,mountain,weathered_rock,fair,2,state,7,59.58,moderate,0.516,0.621,10189,50,rock,True,7,187.2,over_3days
DSR-00304,SEG-0061,landslide,466.8,24.2,386,mountain,weathered_rock,fair,2,national,4,53.47,high,0.5826,1.1969,4613,82,earth,True,7,7.3,6_24h
DSR-02141,SEG-0067,accident_blockage,183.9,17.3,231,hilly,lateritic,fair,1,state,2,38.22,moderate,0.4483,0.5233,0,0,none,True,7,14.3,6_24h
DSR-00356,SEG-0039,landslide,120.3,21.4,36,hilly,lateritic,fair,2,national,7,41.19,moderate,0.4111,0.4613,462,28,rock,True,7,1.2,under_6h
DSR-00252,SEG-0013,landslide,403.9,37.1,1496,mountain,weathered_rock,poor,2,national,5,35.74,very_high,0.7998,6.2115,59,6,earth,True,7,1.0,under_6h
DSR-01751,SEG-0061,fallen_tree,150.7,24.2,386,mountain,weathered_rock,fair,2,national,4,53.47,high,0.5826,1.1969,0,0,none,True,7,20.0,6_24h
DSR-01831,SEG-0040,road_subsidence,357.0,11.0,60,hilly,lateritic,fair,2,national,0,29.41,moderate,0.3802,0.204,0,0,none,True,7,111.0,over_3days
DSR-01802,SEG-0027,bridge_damage,304.6,33.3,1348,mountain,weathered_rock,fair,2,national,3,31.75,high,0.6513,1.5118,0,0,none,True,7,592.7,over_3days
DSR-02301,SEG-0013,fallen_tree,197.2,37.1,1496,mountain,weathered_rock,poor,2,national,5,35.74,very_high,0.7998,6.2115,0,0,none,True,7,12.3,6_24h
DSR-00292,SEG-0021,landslide,582.4,30.0,794,mountain,weathered_rock,fair,2,national,4,46.0,high,0.5592,0.7826,3264,58,rock,True,7,13.5,6_24h
DSR-01912,SEG-0055,protest_blockade,71.0,37.5,1780,mountain,weathered_rock,fair,2,state,3,9.73,very_high,0.7143,6.5776,0,0,none,True,7,55.4,1_3days
DSR-02178,SEG-0053,accident_blockage,3.8,22.5,1675,mountain,weathered_rock,good,2,state,2,6.97,high,0.5856,6.8867,0,0,none,True,7,44.7,1_3days
DSR-00303,SEG-0064,landslide,139.9,27.6,2731,mountain,weathered_rock,poor,1,national,1,66.29,very_high,0.7556,1.8706,47351,120,debris,True,7,115.6,over_3days
DSR-00174,SEG-0014,landslide,352.7,24.6,1438,mountain,weathered_rock,fair,2,national,5,33.95,high,0.671,3.7408,2009,23,rock,True,7,8.4,6_24h
DSR-02267,SEG-0017,flood,661.8,6.0,54,plain,alluvial,good,2,national,0,111.76,low,0.2804,0.0358,0,0,none,True,7,61.5,1_3days
DSR-00213,SEG-0057,landslide,458.9,21.7,259,hilly,lateritic,fair,2,national,0,52.2,moderate,0.4661,0.4789,1480,45,earth,True,7,1.2,under_6h
DSR-02182,SEG-0005,fallen_tree,128.3,2.7,57,plain,alluvial,good,4,national,2,97.15,low,0.2605,0.0206,0,0,none,True,7,27.6,1_3days
DSR-00190,SEG-0014,landslide,97.7,24.6,1438,mountain,weathered_rock,fair,2,national,5,33.95,high,0.671,3.7408,2111,27,debris,True,7,1.8,under_6h
DSR-01817,SEG-0035,fallen_tree,96.3,24.0,1216,mountain,weathered_rock,poor,2,national,1,49.37,high,0.6147,1.1951,0,0,none,True,7,6.8,6_24h
DSR-01997,SEG-0051,accident_blockage,70.4,40.0,1250,mountain,weathered_rock,good,1,national,4,14.39,very_high,0.7423,3.0577,0,0,none,True,7,3.2,under_6h
DSR-00212,SEG-0026,landslide,391.1,31.7,1319,mountain,weathered_rock,fair,2,national,2,35.84,high,0.6286,1.3672,1918,44,earth,True,7,6.6,6_24h
DSR-00223,SEG-0040,landslide,529.5,11.0,60,hilly,lateritic,fair,2,national,0,29.41,moderate,0.3802,0.204,29061,181,earth,True,7,32.8,1_3days
DSR-00336,SEG-0013,landslide,924.3,37.1,1496,mountain,weathered_rock,poor,2,national,5,35.74,very_high,0.7998,6.2115,11828,96,earth,True,7,21.7,6_24h
DSR-00283,SEG-0050,landslide,212.7,33.3,1250,mountain,weathered_rock,poor,1,national,4,14.76,very_high,0.7245,5.6233,1441,46,debris,True,7,2.4,under_6h
DSR-01779,SEG-0057,flood,415.3,21.7,259,hilly,lateritic,fair,2,national,0,52.2,moderate,0.4661,0.4789,0,0,none,True,7,203.1,over_3days
DSR-00358,SEG-0034,landslide,315.0,27.5,891,mountain,weathered_rock,poor,2,national,3,54.94,high,0.6405,1.0193,292,26,rock,True,7,1.5,under_6h
DSR-01697,SEG-0039,flood,480.6,21.4,36,hilly,lateritic,fair,2,national,7,41.19,moderate,0.4111,0.4613,0,0,none,True,7,92.5,over_3days
DSR-00240,SEG-0013,landslide,649.7,37.1,1496,mountain,weathered_rock,poor,2,national,5,35.74,very_high,0.7998,6.2115,1984,30,debris,True,7,2.7,under_6h
DSR-02049,SEG-0003,protest_blockade,53.7,2.1,54,plain,alluvial,fair,4,national,1,45.56,low,0.2534,0.0,0,0,none,True,7,22.3,6_24h
DSR-00277,SEG-0049,landslide,488.4,22.3,1450,mountain,weathered_rock,fair,1,national,1,20.47,high,0.6253,2.1006,4780,80,earth,True,7,6.4,6_24h
DSR-00279,SEG-0052,landslide,344.9,37.0,1662,mountain,weathered_rock,poor,2,state,7,38.08,very_high,0.7503,2.2321,2018,36,earth,True,7,2.0,under_6h
DSR-02053,SEG-0034,road_subsidence,348.4,27.5,891,mountain,weathered_rock,poor,2,national,3,54.94,high,0.6405,1.0193,0,0,none,True,7,279.3,over_3days
DSR-00298,SEG-0046,landslide,162.1,42.0,886,mountain,weathered_rock,fair,2,national,3,52.1,very_high,0.7002,1.2668,475,24,rock,True,7,2.8,under_6h
DSR-00359,SEG-0035,landslide,201.8,24.0,1216,mountain,weathered_rock,poor,2,national,1,49.37,high,0.6147,1.1951,153,15,earth,True,7,1.0,under_6h
DSR-00367,SEG-0042,landslide,63.5,9.1,45,hilly,lateritic,poor,2,national,3,16.18,moderate,0.4355,1.0507,1015,45,rock,True,7,2.0,under_6h
DSR-00301,SEG-0061,landslide,321.9,24.2,386,mountain,weathered_rock,fair,2,national,4,53.47,high,0.5826,1.1969,4205,42,rock,True,8,34.9,1_3days
DSR-01773,SEG-0038,accident_blockage,165.9,1.8,16,plain,alluvial,good,2,national,3,66.77,very_low,0.2089,0.03,0,0,none,True,8,19.4,6_24h
DSR-01778,SEG-0019,flood,447.2,14.6,337,hilly,lateritic,good,2,national,0,41.98,moderate,0.4436,0.8814,0,0,none,True,8,132.4,over_3days
DSR-00345,SEG-0068,landslide,135.7,40.7,433,mountain,weathered_rock,poor,1,state,4,66.95,high,0.6745,1.0157,58326,136,earth,True,8,343.5,over_3days
DSR-02172,SEG-0041,fallen_tree,31.2,16.2,52,hilly,lateritic,good,2,national,2,45.87,low,0.3125,0.3052,0,0,none,True,8,5.5,under_6h
DSR-00196,SEG-0055,landslide,353.5,37.5,1780,mountain,weathered_rock,fair,2,state,3,9.73,very_high,0.7143,6.5776,2713,66,debris,True,8,16.3,6_24h
DSR-00198,SEG-0048,landslide,588.1,32.0,1650,mountain,weathered_rock,fair,2,national,0,15.63,high,0.6747,3.263,451,17,earth,True,8,1.0,under_6h
DSR-02234,SEG-0041,flood,584.9,16.2,52,hilly,lateritic,good,2,national,2,45.87,low,0.3125,0.3052,0,0,none,True,8,140.0,over_3days
DSR-00294,SEG-0050,landslide,92.1,33.3,1250,mountain,weathered_rock,poor,1,national,4,14.76,very_high,0.7245,5.6233,163,10,rock,True,8,1.0,under_6h
DSR-00274,SEG-0052,landslide,66.8,37.0,1662,mountain,weathered_rock,poor,2,state,7,38.08,very_high,0.7503,2.2321,1797,31,debris,True,8,6.0,6_24h
DSR-00281,SEG-0013,landslide,278.8,37.1,1496,mountain,weathered_rock,poor,2,national,5,35.74,very_high,0.7998,6.2115,1005,31,earth,True,8,2.1,under_6h
DSR-00323,SEG-0066,landslide,161.7,40.9,1099,mountain,weathered_rock,fair,1,state,1,40.68,very_high,0.7302,2.1141,587,33,rock,True,8,5.2,under_6h
DSR-00361,SEG-0021,landslide,106.8,30.0,794,mountain,weathered_rock,fair,2,national,4,46.0,high,0.5592,0.7826,3580,38,rock,True,8,12.3,6_24h
DSR-01874,SEG-0005,road_subsidence,190.9,2.7,57,plain,alluvial,good,4,national,2,97.15,low,0.2605,0.0206,0,0,none,True,8,5.5,under_6h
DSR-00234,SEG-0019,landslide,860.9,14.6,337,hilly,lateritic,good,2,national,0,41.98,moderate,0.4436,0.8814,3789,62,rock,True,8,8.9,6_24h
DSR-00344,SEG-0054,landslide,261.5,32.8,1727,mountain,weathered_rock,fair,2,state,4,16.34,high,0.6827,2.9376,11799,78,earth,True,8,59.1,1_3days
DSR-00380,SEG-0012,landslide,343.6,23.6,775,mountain,weathered_rock,fair,2,national,3,30.75,high,0.5759,1.5285,934,33,rock,True,8,9.0,6_24h
DSR-01812,SEG-0018,fallen_tree,8.1,10.2,139,hilly,lateritic,poor,2,national,6,83.56,moderate,0.3867,0.2513,0,0,none,True,8,14.3,6_24h
DSR-00253,SEG-0012,landslide,174.2,23.6,775,mountain,weathered_rock,fair,2,national,3,30.75,high,0.5759,1.5285,93,15,debris,True,8,1.0,under_6h
DSR-00332,SEG-0013,landslide,627.8,37.1,1496,mountain,weathered_rock,poor,2,national,5,35.74,very_high,0.7998,6.2115,38935,214,earth,True,8,84.3,over_3days
DSR-00219,SEG-0064,landslide,417.2,27.6,2731,mountain,weathered_rock,poor,1,national,1,66.29,very_high,0.7556,1.8706,4827,71,earth,True,8,9.3,6_24h
DSR-01764,SEG-0030,accident_blockage,179.5,33.9,642,mountain,weathered_rock,good,2,national,5,34.62,moderate,0.5294,0.751,0,0,none,True,9,15.4,6_24h
DSR-00222,SEG-0062,landslide,57.5,28.8,1247,mountain,weathered_rock,good,1,national,0,44.74,high,0.56,1.0729,1804,30,rock,True,9,6.3,6_24h
DSR-00357,SEG-0063,landslide,342.6,25.7,2415,mountain,weathered_rock,good,1,national,0,35.45,high,0.6573,1.7489,5462,70,rock,True,9,6.7,6_24h
DSR-01631,SEG-0003,flood,649.6,2.1,54,plain,alluvial,fair,4,national,1,45.56,low,0.2534,0.0,0,0,none,True,9,101.5,over_3days
DSR-01650,SEG-0036,flood,408.7,38.8,1084,mountain,weathered_rock,good,2,national,0,48.29,high,0.5956,0.8905,0,0,none,True,9,83.8,over_3days
DSR-00316,SEG-0013,landslide,396.4,37.1,1496,mountain,weathered_rock,poor,2,national,5,35.74,very_high,0.7998,6.2115,3601,60,debris,True,9,8.8,6_24h
DSR-01966,SEG-0067,road_subsidence,247.0,17.3,231,hilly,lateritic,fair,1,state,2,38.22,moderate,0.4483,0.5233,0,0,none,True,9,466.4,over_3days
DSR-00293,SEG-0050,landslide,233.7,33.3,1250,mountain,weathered_rock,poor,1,national,4,14.76,very_high,0.7245,5.6233,998,46,rock,True,9,4.2,under_6h
DSR-00185,SEG-0014,landslide,113.9,24.6,1438,mountain,weathered_rock,fair,2,national,5,33.95,high,0.671,3.7408,614,27,rock,True,9,1.1,under_6h
DSR-00244,SEG-0051,landslide,377.6,40.0,1250,mountain,weathered_rock,good,1,national,4,14.39,very_high,0.7423,3.0577,1505,28,rock,True,9,7.6,6_24h
DSR-00206,SEG-0059,landslide,108.3,35.4,1092,mountain,weathered_rock,fair,2,national,7,61.83,very_high,0.7049,1.3586,31129,110,rock,True,9,33.0,1_3days
DSR-02176,SEG-0039,accident_blockage,176.1,21.4,36,hilly,lateritic,fair,2,national,7,41.19,moderate,0.4111,0.4613,0,0,none,True,9,17.3,6_24h
DSR-01808,SEG-0058,flood,281.6,27.3,1002,mountain,weathered_rock,fair,2,national,3,55.82,high,0.626,0.842,0,0,none,True,9,44.9,1_3days
DSR-02000,SEG-0005,protest_blockade,147.9,2.7,57,plain,alluvial,good,4,national,2,97.15,low,0.2605,0.0206,0,0,none,True,10,8.3,6_24h
DSR-01850,SEG-0020,flood,327.6,15.5,450,hilly,lateritic,fair,2,national,1,33.37,moderate,0.4853,0.7492,0,0,none,True,10,124.8,over_3days
DSR-00178,SEG-0064,landslide,369.6,27.6,2731,mountain,weathered_rock,poor,1,national,1,66.29,very_high,0.7556,1.8706,3146,61,rock,True,10,2.9,under_6h
DSR-00172,SEG-0032,landslide,139.0,37.8,1224,mountain,weathered_rock,fair,2,state,6,50.5,high,0.6374,1.1089,13188,133,rock,True,10,87.8,over_3days
DSR-02302,SEG-0012,maintenance,8.4,23.6,775,mountain,weathered_rock,fair,2,national,3,30.75,high,0.5759,1.5285,0,0,none,True,11,70.5,1_3days
DSR-00339,SEG-0058,landslide,560.0,27.3,1002,mountain,weathered_rock,fair,2,national,3,55.82,high,0.626,0.842,5475,78,debris,True,11,5.8,under_6h
DSR-00237,SEG-0054,landslide,30.4,32.8,1727,mountain,weathered_rock,fair,2,state,4,16.34,high,0.6827,2.9376,7291,48,rock,True,11,19.3,6_24h
DSR-02260,SEG-0059,protest_blockade,172.7,35.4,1092,mountain,weathered_rock,fair,2,national,7,61.83,very_high,0.7049,1.3586,0,0,none,True,12,6.9,6_24h
DSR-00311,SEG-0014,landslide,354.1,24.6,1438,mountain,weathered_rock,fair,2,national,5,33.95,high,0.671,3.7408,113,6,debris,True,12,1.0,under_6h
DSR-02115,SEG-0039,maintenance,39.0,21.4,36,hilly,lateritic,fair,2,national,7,41.19,moderate,0.4111,0.4613,0,0,none,True,1,9.5,6_24h
DSR-01875,SEG-0025,maintenance,33.3,39.3,1378,mountain,weathered_rock,good,2,national,7,49.09,high,0.6173,1.1204,0,0,none,True,1,24.5,1_3days
DSR-01907,SEG-0046,maintenance,20.2,42.0,886,mountain,weathered_rock,fair,2,national,3,52.1,very_high,0.7002,1.2668,0,0,none,True,1,7.5,6_24h
DSR-00165,SEG-0036,landslide,529.4,38.8,1084,mountain,weathered_rock,good,2,national,0,48.29,high,0.5956,0.8905,1235,38,earth,True,1,1.6,under_6h
DSR-00187,SEG-0027,landslide,48.4,33.3,1348,mountain,weathered_rock,fair,2,national,3,31.75,high,0.6513,1.5118,623,15,rock,True,2,1.9,under_6h
DSR-00360,SEG-0065,landslide,120.4,24.2,1060,mountain,weathered_rock,fair,1,state,3,49.23,high,0.6127,1.1781,25292,67,debris,True,3,84.9,over_3days
DSR-02008,SEG-0029,maintenance,12.6,21.4,1260,mountain,weathered_rock,good,2,national,3,44.14,moderate,0.5237,0.589,0,0,none,True,3,71.5,1_3days
DSR-02271,SEG-0015,accident_blockage,69.2,28.7,701,mountain,weathered_rock,fair,2,national,4,75.53,high,0.6753,1.4431,0,0,none,True,3,12.0,6_24h
DSR-00182,SEG-0059,landslide,481.8,35.4,1092,mountain,weathered_rock,fair,2,national,7,61.83,very_high,0.7049,1.3586,5667,54,rock,True,3,14.0,6_24h
DSR-02076,SEG-0054,maintenance,3.7,32.8,1727,mountain,weathered_rock,fair,2,state,4,16.34,high,0.6827,2.9376,0,0,none,True,3,74.5,over_3days
DSR-00328,SEG-0054,landslide,228.5,32.8,1727,mountain,weathered_rock,fair,2,state,4,16.34,high,0.6827,2.9376,594,27,earth,True,3,1.0,under_6h
DSR-01962,SEG-0056,flood,299.8,13.0,259,hilly,lateritic,fair,2,national,2,94.3,low,0.3544,0.1273,0,0,none,True,4,41.8,1_3days
DSR-00171,SEG-0050,landslide,111.7,33.3,1250,mountain,weathered_rock,poor,1,national,4,14.76,very_high,0.7245,5.6233,107,11,rock,True,4,1.0,under_6h
DSR-01674,SEG-0042,accident_blockage,38.8,9.1,45,hilly,lateritic,poor,2,national,3,16.18,moderate,0.4355,1.0507,0,0,none,True,4,6.6,6_24h
DSR-00335,SEG-0028,landslide,331.6,34.8,1023,mountain,weathered_rock,good,2,national,7,46.71,high,0.5668,0.8349,9274,62,debris,True,4,13.7,6_24h
DSR-00275,SEG-0049,landslide,98.9,22.3,1450,mountain,weathered_rock,fair,1,national,1,20.47,high,0.6253,2.1006,71,5,debris,True,4,1.0,under_6h
DSR-02164,SEG-0041,road_subsidence,302.3,16.2,52,hilly,lateritic,good,2,national,2,45.87,low,0.3125,0.3052,0,0,none,True,4,93.2,over_3days
DSR-00268,SEG-0034,landslide,258.7,27.5,891,mountain,weathered_rock,poor,2,national,3,54.94,high,0.6405,1.0193,65601,235,debris,True,4,106.4,over_3days
DSR-00378,SEG-0013,landslide,828.3,37.1,1496,mountain,weathered_rock,poor,2,national,5,35.74,very_high,0.7998,6.2115,1328,53,rock,True,4,3.3,under_6h
DSR-00276,SEG-0064,landslide,150.5,27.6,2731,mountain,weathered_rock,poor,1,national,1,66.29,very_high,0.7556,1.8706,42,6,rock,True,4,1.0,under_6h
DSR-00209,SEG-0030,landslide,119.7,33.9,642,mountain,weathered_rock,good,2,national,5,34.62,moderate,0.5294,0.751,271,21,debris,True,4,1.0,under_6h
DSR-01707,SEG-0042,flood,694.0,9.1,45,hilly,lateritic,poor,2,national,3,16.18,moderate,0.4355,1.0507,0,0,none,True,4,49.5,1_3days
DSR-02219,SEG-0029,protest_blockade,104.1,21.4,1260,mountain,weathered_rock,good,2,national,3,44.14,moderate,0.5237,0.589,0,0,none,True,5,21.1,6_24h
DSR-00261,SEG-0048,landslide,574.9,32.0,1650,mountain,weathered_rock,fair,2,national,0,15.63,high,0.6747,3.263,445,30,debris,True,5,1.0,under_6h
DSR-02161,SEG-0070,road_subsidence,318.6,17.5,123,hilly,lateritic,good,2,state,2,93.38,low,0.3544,0.1606,0,0,none,True,5,146.5,over_3days
DSR-00351,SEG-0047,landslide,36.2,27.7,1650,mountain,weathered_rock,fair,2,national,4,6.8,high,0.6569,10.2941,533,24,rock,True,5,1.0,under_6h
DSR-00167,SEG-0063,landslide,84.5,25.7,2415,mountain,weathered_rock,good,1,national,0,35.45,high,0.6573,1.7489,385,28,debris,True,5,1.2,under_6h
DSR-00362,SEG-0070,landslide,250.5,17.5,123,hilly,lateritic,good,2,state,2,93.38,low,0.3544,0.1606,755,18,debris,True,5,2.5,under_6h
DSR-00287,SEG-0065,landslide,6.3,24.2,1060,mountain,weathered_rock,fair,1,state,3,49.23,high,0.6127,1.1781,307,12,rock,True,5,2.8,under_6h
DSR-00211,SEG-0030,landslide,281.2,33.9,642,mountain,weathered_rock,good,2,national,5,34.62,moderate,0.5294,0.751,467,12,earth,True,5,1.0,under_6h
DSR-01694,SEG-0045,flood,443.9,1.7,23,plain,alluvial,good,2,national,0,23.28,low,0.2326,0.043,0,0,none,True,5,107.4,over_3days
DSR-02163,SEG-0033,accident_blockage,31.4,14.5,337,hilly,lateritic,good,2,national,1,68.93,low,0.3399,0.1596,0,0,none,True,5,12.8,6_24h
DSR-00265,SEG-0061,landslide,149.9,24.2,386,mountain,weathered_rock,fair,2,national,4,53.47,high,0.5826,1.1969,18851,69,debris,True,5,21.6,6_24h
DSR-00379,SEG-0052,landslide,351.6,37.0,1662,mountain,weathered_rock,poor,2,state,7,38.08,very_high,0.7503,2.2321,4799,45,debris,True,5,46.8,1_3days
DSR-02016,SEG-0041,bridge_damage,264.7,16.2,52,hilly,lateritic,good,2,national,2,45.87,low,0.3125,0.3052,0,0,none,True,5,745.7,over_3days
DSR-00194,SEG-0069,landslide,261.7,20.0,352,mountain,weathered_rock,poor,1,state,5,43.86,high,0.564,1.1628,1065,27,earth,True,5,1.5,under_6h
DSR-00228,SEG-0054,landslide,527.6,32.8,1727,mountain,weathered_rock,fair,2,state,4,16.34,high,0.6827,2.9376,914,14,earth,True,5,3.0,under_6h
DSR-00280,SEG-0071,landslide,73.0,17.3,165,hilly,lateritic,fair,2,state,3,30.67,moderate,0.4198,0.5217,9600,66,earth,True,5,17.2,6_24h
DSR-00321,SEG-0052,landslide,334.5,37.0,1662,mountain,weathered_rock,poor,2,state,7,38.08,very_high,0.7503,2.2321,447,10,debris,True,5,2.3,under_6h
DSR-00220,SEG-0034,landslide,390.5,27.5,891,mountain,weathered_rock,poor,2,national,3,54.94,high,0.6405,1.0193,1001,27,rock,True,5,2.2,under_6h
DSR-00297,SEG-0013,landslide,459.6,37.1,1496,mountain,weathered_rock,poor,2,national,5,35.74,very_high,0.7998,6.2115,3933,53,earth,True,5,2.4,under_6h
DSR-02220,SEG-0061,protest_blockade,68.7,24.2,386,mountain,weathered_rock,fair,2,national,4,53.47,high,0.5826,1.1969,0,0,none,True,5,8.0,6_24h
DSR-00168,SEG-0024,landslide,272.8,22.5,923,mountain,weathered_rock,fair,2,national,4,51.06,high,0.5596,0.5484,91,7,rock,True,5,1.0,under_6h
DSR-01793,SEG-0071,fallen_tree,51.2,17.3,165,hilly,lateritic,fair,2,state,3,30.67,moderate,0.4198,0.5217,0,0,none,True,5,21.5,6_24h
DSR-01696,SEG-0029,flood,654.3,21.4,1260,mountain,weathered_rock,good,2,national,3,44.14,moderate,0.5237,0.589,0,0,none,True,5,120.4,over_3days
DSR-02110,SEG-0030,fallen_tree,2.8,33.9,642,mountain,weathered_rock,good,2,national,5,34.62,moderate,0.5294,0.751,0,0,none,True,6,5.0,under_6h
DSR-00315,SEG-0018,landslide,54.0,10.2,139,hilly,lateritic,poor,2,national,6,83.56,moderate,0.3867,0.2513,32223,135,rock,True,6,63.1,1_3days
DSR-01710,SEG-0029,accident_blockage,162.1,21.4,1260,mountain,weathered_rock,good,2,national,3,44.14,moderate,0.5237,0.589,0,0,none,True,6,24.5,1_3days
DSR-00374,SEG-0048,landslide,265.9,32.0,1650,mountain,weathered_rock,fair,2,national,0,15.63,high,0.6747,3.263,2233,47,rock,True,6,6.8,6_24h
DSR-00247,SEG-0021,landslide,101.6,30.0,794,mountain,weathered_rock,fair,2,national,4,46.0,high,0.5592,0.7826,3207,51,debris,True,6,5.0,under_6h
DSR-00266,SEG-0064,landslide,96.0,27.6,2731,mountain,weathered_rock,poor,1,national,1,66.29,very_high,0.7556,1.8706,831,32,earth,True,6,1.3,under_6h
DSR-00302,SEG-0015,landslide,411.2,28.7,701,mountain,weathered_rock,fair,2,national,4,75.53,high,0.6753,1.4431,4232,46,debris,True,6,7.9,6_24h
DSR-02249,SEG-0014,fallen_tree,194.9,24.6,1438,mountain,weathered_rock,fair,2,national,5,33.95,high,0.671,3.7408,0,0,none,True,6,6.7,6_24h
DSR-00195,SEG-0013,landslide,796.2,37.1,1496,mountain,weathered_rock,poor,2,national,5,35.74,very_high,0.7998,6.2115,4394,71,rock,True,6,11.3,6_24h
DSR-00308,SEG-0031,landslide,208.0,26.1,850,mountain,weathered_rock,fair,2,state,7,59.58,moderate,0.516,0.621,201,13,rock,True,6,1.4,under_6h
DSR-02232,SEG-0017,protest_blockade,41.8,6.0,54,plain,alluvial,good,2,national,0,111.76,low,0.2804,0.0358,0,0,none,True,6,24.2,1_3days
DSR-00300,SEG-0032,landslide,326.7,37.8,1224,mountain,weathered_rock,fair,2,state,6,50.5,high,0.6374,1.1089,650,33,debris,True,6,2.1,under_6h
DSR-00189,SEG-0047,landslide,241.5,27.7,1650,mountain,weathered_rock,fair,2,national,4,6.8,high,0.6569,10.2941,40967,140,debris,True,6,79.9,over_3days
DSR-01948,SEG-0038,flood,385.4,1.8,16,plain,alluvial,good,2,national,3,66.77,very_low,0.2089,0.03,0,0,none,True,6,127.2,over_3days
DSR-00347,SEG-0064,landslide,561.1,27.6,2731,mountain,weathered_rock,poor,1,national,1,66.29,very_high,0.7556,1.8706,4526,59,rock,True,6,39.1,1_3days
DSR-00354,SEG-0032,landslide,539.9,37.8,1224,mountain,weathered_rock,fair,2,state,6,50.5,high,0.6374,1.1089,2005,60,earth,True,6,8.9,6_24h
DSR-00184,SEG-0063,landslide,451.5,25.7,2415,mountain,weathered_rock,good,1,national,0,35.45,high,0.6573,1.7489,1740,54,debris,True,6,3.8,under_6h
DSR-00286,SEG-0059,landslide,531.3,35.4,1092,mountain,weathered_rock,fair,2,national,7,61.83,very_high,0.7049,1.3586,6373,86,earth,True,6,8.0,6_24h
DSR-00215,SEG-0035,landslide,323.7,24.0,1216,mountain,weathered_rock,poor,2,national,1,49.37,high,0.6147,1.1951,107,12,rock,True,6,1.0,under_6h
DSR-00242,SEG-0042,landslide,269.5,9.1,45,hilly,lateritic,poor,2,national,3,16.18,moderate,0.4355,1.0507,3194,53,earth,True,6,4.8,under_6h
DSR-02167,SEG-0033,accident_blockage,182.1,14.5,337,hilly,lateritic,good,2,national,1,68.93,low,0.3399,0.1596,0,0,none,True,6,6.2,6_24h
DSR-00331,SEG-0014,landslide,531.6,24.6,1438,mountain,weathered_rock,fair,2,national,5,33.95,high,0.671,3.7408,246,8,debris,True,6,1.0,under_6h
DSR-00272,SEG-0069,landslide,230.9,20.0,352,mountain,weathered_rock,poor,1,state,5,43.86,high,0.564,1.1628,285,26,rock,True,6,4.1,under_6h
DSR-02043,SEG-0027,protest_blockade,51.3,33.3,1348,mountain,weathered_rock,fair,2,national,3,31.75,high,0.6513,1.5118,0,0,none,True,6,15.9,6_24h
DSR-02214,SEG-0013,protest_blockade,186.7,37.1,1496,mountain,weathered_rock,poor,2,national,5,35.74,very_high,0.7998,6.2115,0,0,none,True,6,17.0,6_24h
DSR-00333,SEG-0034,landslide,16.9,27.5,891,mountain,weathered_rock,poor,2,national,3,54.94,high,0.6405,1.0193,172,12,debris,True,6,1.0,under_6h
DSR-00226,SEG-0026,landslide,436.0,31.7,1319,mountain,weathered_rock,fair,2,national,2,35.84,high,0.6286,1.3672,1642,35,debris,True,6,2.1,under_6h
DSR-02012,SEG-0011,bridge_damage,195.1,5.7,112,plain,alluvial,fair,4,national,1,42.95,low,0.2769,0.0698,0,0,none,True,6,367.2,over_3days
DSR-02109,SEG-0066,fallen_tree,49.3,40.9,1099,mountain,weathered_rock,fair,1,state,1,40.68,very_high,0.7302,2.1141,0,0,none,True,6,8.1,6_24h
DSR-00208,SEG-0039,landslide,378.0,21.4,36,hilly,lateritic,fair,2,national,7,41.19,moderate,0.4111,0.4613,1187,43,earth,True,6,1.0,under_6h
DSR-00365,SEG-0012,landslide,592.8,23.6,775,mountain,weathered_rock,fair,2,national,3,30.75,high,0.5759,1.5285,517,28,rock,True,6,2.2,under_6h
DSR-00217,SEG-0019,landslide,366.9,14.6,337,hilly,lateritic,good,2,national,0,41.98,moderate,0.4436,0.8814,82,9,earth,True,6,1.0,under_6h
DSR-00289,SEG-0034,landslide,162.2,27.5,891,mountain,weathered_rock,poor,2,national,3,54.94,high,0.6405,1.0193,618,31,rock,True,6,2.2,under_6h
DSR-00224,SEG-0068,landslide,437.7,40.7,433,mountain,weathered_rock,poor,1,state,4,66.95,high,0.6745,1.0157,3064,67,earth,True,6,17.6,6_24h
DSR-00385,SEG-0062,landslide,91.0,28.8,1247,mountain,weathered_rock,good,1,national,0,44.74,high,0.56,1.0729,186,23,debris,True,6,1.0,under_6h
DSR-00295,SEG-0037,landslide,268.8,38.7,1405,mountain,weathered_rock,poor,2,state,3,68.38,high,0.691,0.9652,184,9,rock,True,6,2.5,under_6h
DSR-01901,SEG-0055,protest_blockade,62.9,37.5,1780,mountain,weathered_rock,fair,2,state,3,9.73,very_high,0.7143,6.5776,0,0,none,True,6,25.0,1_3days
DSR-00256,SEG-0013,landslide,251.1,37.1,1496,mountain,weathered_rock,poor,2,national,5,35.74,very_high,0.7998,6.2115,1049,32,earth,True,6,3.2,under_6h
DSR-00214,SEG-0068,landslide,252.8,40.7,433,mountain,weathered_rock,poor,1,state,4,66.95,high,0.6745,1.0157,826,39,debris,True,6,3.6,under_6h
DSR-01704,SEG-0054,protest_blockade,130.1,32.8,1727,mountain,weathered_rock,fair,2,state,4,16.34,high,0.6827,2.9376,0,0,none,True,6,4.2,under_6h
DSR-02259,SEG-0044,flood,279.7,3.8,23,plain,alluvial,good,2,national,2,50.09,low,0.2667,0.0399,0,0,none,True,6,49.7,1_3days
DSR-00248,SEG-0052,landslide,122.5,37.0,1662,mountain,weathered_rock,poor,2,state,7,38.08,very_high,0.7503,2.2321,605,20,rock,True,7,5.7,under_6h
DSR-00235,SEG-0037,landslide,457.3,38.7,1405,mountain,weathered_rock,poor,2,state,3,68.38,high,0.691,0.9652,132,6,rock,True,7,1.0,under_6h
DSR-00353,SEG-0049,landslide,170.6,22.3,1450,mountain,weathered_rock,fair,1,national,1,20.47,high,0.6253,2.1006,11106,78,rock,True,7,43.9,1_3days
DSR-00376,SEG-0052,landslide,178.1,37.0,1662,mountain,weathered_rock,poor,2,state,7,38.08,very_high,0.7503,2.2321,248,12,rock,True,7,1.6,under_6h
DSR-00282,SEG-0061,landslide,73.3,24.2,386,mountain,weathered_rock,fair,2,national,4,53.47,high,0.5826,1.1969,47662,184,debris,True,7,73.1,over_3days
DSR-01911,SEG-0019,protest_blockade,21.2,14.6,337,hilly,lateritic,good,2,national,0,41.98,moderate,0.4436,0.8814,0,0,none,True,7,1.8,under_6h
DSR-01816,SEG-0038,flood,381.8,1.8,16,plain,alluvial,good,2,national,3,66.77,very_low,0.2089,0.03,0,0,none,True,7,227.0,over_3days
DSR-00200,SEG-0013,landslide,205.4,37.1,1496,mountain,weathered_rock,poor,2,national,5,35.74,very_high,0.7998,6.2115,118,5,rock,True,7,1.0,under_6h
DSR-01857,SEG-0056,bridge_damage,365.0,13.0,259,hilly,lateritic,fair,2,national,2,94.3,low,0.3544,0.1273,0,0,none,True,7,149.5,over_3days
DSR-00233,SEG-0068,landslide,150.0,40.7,433,mountain,weathered_rock,poor,1,state,4,66.95,high,0.6745,1.0157,1624,31,rock,True,7,31.1,1_3days
DSR-00325,SEG-0054,landslide,582.0,32.8,1727,mountain,weathered_rock,fair,2,state,4,16.34,high,0.6827,2.9376,21294,60,earth,True,7,34.9,1_3days
DSR-01766,SEG-0040,road_subsidence,146.2,11.0,60,hilly,lateritic,fair,2,national,0,29.41,moderate,0.3802,0.204,0,0,none,True,7,215.5,over_3days
DSR-00246,SEG-0014,landslide,362.6,24.6,1438,mountain,weathered_rock,fair,2,national,5,33.95,high,0.671,3.7408,7305,76,rock,True,7,13.9,6_24h
DSR-00262,SEG-0054,landslide,315.6,32.8,1727,mountain,weathered_rock,fair,2,state,4,16.34,high,0.6827,2.9376,33134,79,rock,True,7,267.8,over_3days
DSR-02158,SEG-0027,accident_blockage,97.1,33.3,1348,mountain,weathered_rock,fair,2,national,3,31.75,high,0.6513,1.5118,0,0,none,True,7,22.1,6_24h
DSR-01679,SEG-0001,flood,674.1,4.2,87,plain,alluvial,good,4,national,1,216.84,low,0.2231,0.0,0,0,none,True,7,165.3,over_3days
DSR-02247,SEG-0026,flood,221.4,31.7,1319,mountain,weathered_rock,fair,2,national,2,35.84,high,0.6286,1.3672,0,0,none,True,7,13.6,6_24h
DSR-00284,SEG-0021,landslide,325.8,30.0,794,mountain,weathered_rock,fair,2,national,4,46.0,high,0.5592,0.7826,126,15,rock,True,7,1.0,under_6h
DSR-00352,SEG-0039,landslide,465.2,21.4,36,hilly,lateritic,fair,2,national,7,41.19,moderate,0.4111,0.4613,1452,34,debris,True,7,3.8,under_6h
DSR-00251,SEG-0046,landslide,48.4,42.0,886,mountain,weathered_rock,fair,2,national,3,52.1,very_high,0.7002,1.2668,223054,376,debris,True,7,302.1,over_3days
DSR-00210,SEG-0068,landslide,129.7,40.7,433,mountain,weathered_rock,poor,1,state,4,66.95,high,0.6745,1.0157,80166,246,earth,True,7,367.3,over_3days
DSR-00330,SEG-0061,landslide,193.3,24.2,386,mountain,weathered_rock,fair,2,national,4,53.47,high,0.5826,1.1969,5051,39,debris,True,7,10.9,6_24h
DSR-00318,SEG-0024,landslide,27.2,22.5,923,mountain,weathered_rock,fair,2,national,4,51.06,high,0.5596,0.5484,66042,150,rock,True,7,299.9,over_3days
DSR-01693,SEG-0069,fallen_tree,106.2,20.0,352,mountain,weathered_rock,poor,1,state,5,43.86,high,0.564,1.1628,0,0,none,True,7,15.9,6_24h
DSR-02071,SEG-0060,fallen_tree,156.5,40.2,620,mountain,weathered_rock,fair,2,national,3,60.75,very_high,0.7497,1.1193,0,0,none,True,7,24.4,1_3days
DSR-00310,SEG-0066,landslide,93.2,40.9,1099,mountain,weathered_rock,fair,1,state,1,40.68,very_high,0.7302,2.1141,330,18,rock,True,7,3.4,under_6h
DSR-01958,SEG-0010,flood,288.3,4.2,102,plain,alluvial,fair,4,national,1,60.63,low,0.3066,0.0165,0,0,none,True,7,214.7,over_3days
DSR-00278,SEG-0062,landslide,500.7,28.8,1247,mountain,weathered_rock,good,1,national,0,44.74,high,0.56,1.0729,27011,154,rock,True,7,106.2,over_3days
DSR-00267,SEG-0061,landslide,236.3,24.2,386,mountain,weathered_rock,fair,2,national,4,53.47,high,0.5826,1.1969,26551,155,debris,True,7,32.0,1_3days
DSR-00373,SEG-0013,landslide,417.0,37.1,1496,mountain,weathered_rock,poor,2,national,5,35.74,very_high,0.7998,6.2115,907,17,rock,True,7,3.1,under_6h
DSR-00232,SEG-0047,landslide,548.8,27.7,1650,mountain,weathered_rock,fair,2,national,4,6.8,high,0.6569,10.2941,1392,36,rock,True,7,15.3,6_24h
DSR-02081,SEG-0042,protest_blockade,14.0,9.1,45,hilly,lateritic,poor,2,national,3,16.18,moderate,0.4355,1.0507,0,0,none,True,7,22.5,6_24h
DSR-01757,SEG-0036,flood,513.4,38.8,1084,mountain,weathered_rock,good,2,national,0,48.29,high,0.5956,0.8905,0,0,none,True,7,61.8,1_3days
DSR-01954,SEG-0041,accident_blockage,164.7,16.2,52,hilly,lateritic,good,2,national,2,45.87,low,0.3125,0.3052,0,0,none,True,7,18.9,6_24h
DSR-00306,SEG-0066,landslide,351.1,40.9,1099,mountain,weathered_rock,fair,1,state,1,40.68,very_high,0.7302,2.1141,45343,72,rock,True,7,476.3,over_3days
DSR-00299,SEG-0066,landslide,178.1,40.9,1099,mountain,weathered_rock,fair,1,state,1,40.68,very_high,0.7302,2.1141,678,38,debris,True,7,5.7,under_6h
DSR-00290,SEG-0013,landslide,239.4,37.1,1496,mountain,weathered_rock,poor,2,national,5,35.74,very_high,0.7998,6.2115,861,22,debris,True,7,1.9,under_6h
DSR-01753,SEG-0060,road_subsidence,72.5,40.2,620,mountain,weathered_rock,fair,2,national,3,60.75,very_high,0.7497,1.1193,0,0,none,True,7,154.1,over_3days
DSR-00258,SEG-0048,landslide,616.3,32.0,1650,mountain,weathered_rock,fair,2,national,0,15.63,high,0.6747,3.263,12773,105,earth,True,7,25.4,1_3days
DSR-00207,SEG-0065,landslide,162.0,24.2,1060,mountain,weathered_rock,fair,1,state,3,49.23,high,0.6127,1.1781,96,11,earth,True,7,1.0,under_6h
DSR-00327,SEG-0037,landslide,17.9,38.7,1405,mountain,weathered_rock,poor,2,state,3,68.38,high,0.691,0.9652,480,15,rock,True,7,8.7,6_24h
DSR-02168,SEG-0002,flood,637.5,4.4,53,plain,alluvial,good,4,national,3,47.71,low,0.2701,0.021,0,0,none,True,7,183.2,over_3days
DSR-00313,SEG-0014,landslide,378.3,24.6,1438,mountain,weathered_rock,fair,2,national,5,33.95,high,0.671,3.7408,1773,24,rock,True,7,6.6,6_24h
DSR-00231,SEG-0027,landslide,162.9,33.3,1348,mountain,weathered_rock,fair,2,national,3,31.75,high,0.6513,1.5118,1136,46,debris,True,7,2.2,under_6h
DSR-00263,SEG-0019,landslide,262.7,14.6,337,hilly,lateritic,good,2,national,0,41.98,moderate,0.4436,0.8814,262,12,earth,True,7,1.0,under_6h
DSR-00229,SEG-0052,landslide,204.9,37.0,1662,mountain,weathered_rock,poor,2,state,7,38.08,very_high,0.7503,2.2321,1289,40,rock,True,7,5.3,under_6h
DSR-00368,SEG-0014,landslide,899.1,24.6,1438,mountain,weathered_rock,fair,2,national,5,33.95,high,0.671,3.7408,5021,60,rock,True,7,11.2,6_24h
DSR-00170,SEG-0012,landslide,394.2,23.6,775,mountain,weathered_rock,fair,2,national,3,30.75,high,0.5759,1.5285,1601,46,rock,True,7,7.7,6_24h
DSR-00230,SEG-0014,landslide,224.3,24.6,1438,mountain,weathered_rock,fair,2,national,5,33.95,high,0.671,3.7408,80,6,earth,True,7,1.0,under_6h
DSR-00254,SEG-0064,landslide,133.5,27.6,2731,mountain,weathered_rock,poor,1,national,1,66.29,very_high,0.7556,1.8706,301,20,earth,True,7,1.0,under_6h
DSR-02272,SEG-0025,road_subsidence,394.3,39.3,1378,mountain,weathered_rock,good,2,national,7,49.09,high,0.6173,1.1204,0,0,none,True,7,120.4,over_3days
DSR-00205,SEG-0027,landslide,194.3,33.3,1348,mountain,weathered_rock,fair,2,national,3,31.75,high,0.6513,1.5118,80,10,debris,True,7,1.0,under_6h
DSR-00183,SEG-0048,landslide,249.7,32.0,1650,mountain,weathered_rock,fair,2,national,0,15.63,high,0.6747,3.263,602,22,debris,True,7,1.0,under_6h
DSR-00255,SEG-0028,landslide,594.8,34.8,1023,mountain,weathered_rock,good,2,national,7,46.71,high,0.5668,0.8349,2280,22,debris,True,7,3.4,under_6h
DSR-00236,SEG-0014,landslide,279.0,24.6,1438,mountain,weathered_rock,fair,2,national,5,33.95,high,0.671,3.7408,471,31,debris,True,8,1.6,under_6h
DSR-00271,SEG-0034,landslide,148.1,27.5,891,mountain,weathered_rock,poor,2,national,3,54.94,high,0.6405,1.0193,662,21,earth,True,8,1.0,under_6h
DSR-00296,SEG-0024,landslide,10.8,22.5,923,mountain,weathered_rock,fair,2,national,4,51.06,high,0.5596,0.5484,1250,17,debris,True,8,4.6,under_6h
DSR-00377,SEG-0036,landslide,541.1,38.8,1084,mountain,weathered_rock,good,2,national,0,48.29,high,0.5956,0.8905,4890,38,earth,True,8,4.4,under_6h
DSR-00176,SEG-0021,landslide,556.2,30.0,794,mountain,weathered_rock,fair,2,national,4,46.0,high,0.5592,0.7826,501,19,earth,True,8,1.0,under_6h
DSR-00180,SEG-0015,landslide,285.2,28.7,701,mountain,weathered_rock,fair,2,national,4,75.53,high,0.6753,1.4431,2122,42,rock,True,8,14.3,6_24h
DSR-00216,SEG-0047,landslide,279.9,27.7,1650,mountain,weathered_rock,fair,2,national,4,6.8,high,0.6569,10.2941,35300,142,debris,True,8,30.8,1_3days
DSR-00288,SEG-0058,landslide,298.0,27.3,1002,mountain,weathered_rock,fair,2,national,3,55.82,high,0.626,0.842,1444,27,earth,True,8,2.1,under_6h
DSR-00372,SEG-0066,landslide,397.4,40.9,1099,mountain,weathered_rock,fair,1,state,1,40.68,very_high,0.7302,2.1141,50475,171,debris,True,8,437.9,over_3days
DSR-02066,SEG-0021,flood,264.8,30.0,794,mountain,weathered_rock,fair,2,national,4,46.0,high,0.5592,0.7826,0,0,none,True,8,106.1,over_3days
DSR-01895,SEG-0015,protest_blockade,193.0,28.7,701,mountain,weathered_rock,fair,2,national,4,75.53,high,0.6753,1.4431,0,0,none,True,8,18.9,6_24h
DSR-00188,SEG-0013,landslide,609.2,37.1,1496,mountain,weathered_rock,poor,2,national,5,35.74,very_high,0.7998,6.2115,1654,22,rock,True,8,9.3,6_24h
DSR-00221,SEG-0015,landslide,541.6,28.7,701,mountain,weathered_rock,fair,2,national,4,75.53,high,0.6753,1.4431,614,18,debris,True,8,1.4,under_6h
DSR-00243,SEG-0050,landslide,137.8,33.3,1250,mountain,weathered_rock,poor,1,national,4,14.76,very_high,0.7245,5.6233,1590,40,debris,True,8,2.9,under_6h
DSR-00317,SEG-0032,landslide,563.4,37.8,1224,mountain,weathered_rock,fair,2,state,6,50.5,high,0.6374,1.1089,1269,49,rock,True,8,14.2,6_24h
DSR-00191,SEG-0028,landslide,129.4,34.8,1023,mountain,weathered_rock,good,2,national,7,46.71,high,0.5668,0.8349,523,34,rock,True,8,1.3,under_6h
DSR-01944,SEG-0061,road_subsidence,324.0,24.2,386,mountain,weathered_rock,fair,2,national,4,53.47,high,0.5826,1.1969,0,0,none,True,8,136.1,over_3days
DSR-00337,SEG-0050,landslide,579.9,33.3,1250,mountain,weathered_rock,poor,1,national,4,14.76,very_high,0.7245,5.6233,9135,79,debris,True,8,26.7,1_3days
DSR-02151,SEG-0053,fallen_tree,151.9,22.5,1675,mountain,weathered_rock,good,2,state,2,6.97,high,0.5856,6.8867,0,0,none,True,8,44.3,1_3days
DSR-00260,SEG-0060,landslide,159.9,40.2,620,mountain,weathered_rock,fair,2,national,3,60.75,very_high,0.7497,1.1193,34,7,earth,True,8,1.0,under_6h
DSR-01809,SEG-0005,protest_blockade,171.2,2.7,57,plain,alluvial,good,4,national,2,97.15,low,0.2605,0.0206,0,0,none,True,8,19.5,6_24h
DSR-00218,SEG-0015,landslide,729.4,28.7,701,mountain,weathered_rock,fair,2,national,4,75.53,high,0.6753,1.4431,7389,66,rock,True,8,33.2,1_3days
DSR-01869,SEG-0059,protest_blockade,157.3,35.4,1092,mountain,weathered_rock,fair,2,national,7,61.83,very_high,0.7049,1.3586,0,0,none,True,8,18.0,6_24h
DSR-02169,SEG-0020,road_subsidence,183.4,15.5,450,hilly,lateritic,fair,2,national,1,33.37,moderate,0.4853,0.7492,0,0,none,True,8,220.8,over_3days
DSR-00382,SEG-0064,landslide,120.0,27.6,2731,mountain,weathered_rock,poor,1,national,1,66.29,very_high,0.7556,1.8706,18664,96,earth,True,8,55.4,1_3days
DSR-00329,SEG-0013,landslide,83.5,37.1,1496,mountain,weathered_rock,poor,2,national,5,35.74,very_high,0.7998,6.2115,4249,35,debris,True,9,9.1,6_24h
DSR-01738,SEG-0050,bridge_damage,288.6,33.3,1250,mountain,weathered_rock,poor,1,national,4,14.76,very_high,0.7245,5.6233,0,0,none,True,9,857.0,over_3days
DSR-00341,SEG-0046,landslide,615.0,42.0,886,mountain,weathered_rock,fair,2,national,3,52.1,very_high,0.7002,1.2668,5425,61,earth,True,9,4.2,under_6h
DSR-00291,SEG-0067,landslide,468.4,17.3,231,hilly,lateritic,fair,1,state,2,38.22,moderate,0.4483,0.5233,624,19,earth,True,9,1.0,under_6h
DSR-00181,SEG-0051,landslide,567.1,40.0,1250,mountain,weathered_rock,good,1,national,4,14.39,very_high,0.7423,3.0577,1053,26,debris,True,9,2.9,under_6h
DSR-01836,SEG-0050,road_subsidence,361.2,33.3,1250,mountain,weathered_rock,poor,1,national,4,14.76,very_high,0.7245,5.6233,0,0,none,True,9,136.6,over_3days
DSR-00241,SEG-0025,landslide,247.5,39.3,1378,mountain,weathered_rock,good,2,national,7,49.09,high,0.6173,1.1204,1733,51,earth,True,9,1.2,under_6h
DSR-00307,SEG-0061,landslide,568.5,24.2,386,mountain,weathered_rock,fair,2,national,4,53.47,high,0.5826,1.1969,21262,104,rock,True,9,44.0,1_3days
DSR-00285,SEG-0025,landslide,550.5,39.3,1378,mountain,weathered_rock,good,2,national,7,49.09,high,0.6173,1.1204,327,24,rock,True,9,1.0,under_6h
DSR-02051,SEG-0036,bridge_damage,198.4,38.8,1084,mountain,weathered_rock,good,2,national,0,48.29,high,0.5956,0.8905,0,0,none,True,9,782.4,over_3days
DSR-00370,SEG-0014,landslide,54.0,24.6,1438,mountain,weathered_rock,fair,2,national,5,33.95,high,0.671,3.7408,2095,25,debris,True,9,2.1,under_6h
DSR-02045,SEG-0011,fallen_tree,35.6,5.7,112,plain,alluvial,fair,4,national,1,42.95,low,0.2769,0.0698,0,0,none,True,9,2.2,under_6h
DSR-01663,SEG-0039,accident_blockage,51.9,21.4,36,hilly,lateritic,fair,2,national,7,41.19,moderate,0.4111,0.4613,0,0,none,True,9,6.0,6_24h
DSR-01647,SEG-0018,flood,318.1,10.2,139,hilly,lateritic,poor,2,national,6,83.56,moderate,0.3867,0.2513,0,0,none,True,9,9.8,6_24h
DSR-01951,SEG-0061,fallen_tree,24.0,24.2,386,mountain,weathered_rock,fair,2,national,4,53.47,high,0.5826,1.1969,0,0,none,True,9,16.5,6_24h
DSR-00201,SEG-0032,landslide,6.5,37.8,1224,mountain,weathered_rock,fair,2,state,6,50.5,high,0.6374,1.1089,60493,172,debris,True,9,215.4,over_3days
DSR-01684,SEG-0026,accident_blockage,144.7,31.7,1319,mountain,weathered_rock,fair,2,national,2,35.84,high,0.6286,1.3672,0,0,none,True,9,2.4,under_6h
DSR-00270,SEG-0027,landslide,208.1,33.3,1348,mountain,weathered_rock,fair,2,national,3,31.75,high,0.6513,1.5118,1478,52,debris,True,9,2.1,under_6h
DSR-01681,SEG-0003,road_subsidence,391.2,2.1,54,plain,alluvial,fair,4,national,1,45.56,low,0.2534,0.0,0,0,none,True,10,79.7,over_3days
DSR-00179,SEG-0052,landslide,236.9,37.0,1662,mountain,weathered_rock,poor,2,state,7,38.08,very_high,0.7503,2.2321,23570,133,rock,True,10,95.1,over_3days
DSR-00381,SEG-0055,landslide,302.6,37.5,1780,mountain,weathered_rock,fair,2,state,3,9.73,very_high,0.7143,6.5776,443,30,debris,True,10,1.0,under_6h
DSR-00227,SEG-0034,landslide,356.0,27.5,891,mountain,weathered_rock,poor,2,national,3,54.94,high,0.6405,1.0193,943,35,debris,True,10,1.0,under_6h
DSR-02295,SEG-0001,fallen_tree,105.5,4.2,87,plain,alluvial,good,4,national,1,216.84,low,0.2231,0.0,0,0,none,True,10,8.4,6_24h
DSR-01974,SEG-0014,flood,230.6,24.6,1438,mountain,weathered_rock,fair,2,national,5,33.95,high,0.671,3.7408,0,0,none,True,10,106.3,over_3days
DSR-00314,SEG-0059,landslide,584.8,35.4,1092,mountain,weathered_rock,fair,2,national,7,61.83,very_high,0.7049,1.3586,271,14,debris,True,10,1.0,under_6h
DSR-00384,SEG-0065,landslide,541.8,24.2,1060,mountain,weathered_rock,fair,1,state,3,49.23,high,0.6127,1.1781,2092,54,rock,True,10,9.8,6_24h
DSR-01904,SEG-0046,flood,693.6,42.0,886,mountain,weathered_rock,fair,2,national,3,52.1,very_high,0.7002,1.2668,0,0,none,True,10,17.7,6_24h
DSR-01685,SEG-0019,maintenance,25.6,14.6,337,hilly,lateritic,good,2,national,0,41.98,moderate,0.4436,0.8814,0,0,none,True,11,5.0,under_6h
DSR-00273,SEG-0013,landslide,339.0,37.1,1496,mountain,weathered_rock,poor,2,national,5,35.74,very_high,0.7998,6.2115,8350,92,earth,True,11,9.6,6_24h
DSR-02073,SEG-0009,maintenance,54.6,2.4,93,plain,alluvial,good,4,national,0,50.33,low,0.2614,0.0397,0,0,none,True,11,10.2,6_24h
DSR-00369,SEG-0030,landslide,30.7,33.9,642,mountain,weathered_rock,good,2,national,5,34.62,moderate,0.5294,0.751,3458,62,debris,True,11,3.0,under_6h
DSR-02205,SEG-0047,maintenance,36.5,27.7,1650,mountain,weathered_rock,fair,2,national,4,6.8,high,0.6569,10.2941,0,0,none,True,11,43.2,1_3days
DSR-01861,SEG-0012,maintenance,23.7,23.6,775,mountain,weathered_rock,fair,2,national,3,30.75,high,0.5759,1.5285,0,0,none,True,1,28.2,1_3days
DSR-00584,SEG-0066,landslide,362.9,40.9,1099,mountain,weathered_rock,fair,1,state,1,40.68,very_high,0.7302,2.1141,97,15,debris,True,1,1.0,under_6h
DSR-00450,SEG-0020,landslide,855.7,15.5,450,hilly,lateritic,fair,2,national,1,33.37,moderate,0.4853,0.7492,546,19,earth,True,1,1.0,under_6h
DSR-00428,SEG-0025,landslide,4.9,39.3,1378,mountain,weathered_rock,good,2,national,7,49.09,high,0.6173,1.1204,2606,62,rock,True,1,7.0,6_24h
DSR-00659,SEG-0019,landslide,423.0,14.6,337,hilly,lateritic,good,2,national,0,41.98,moderate,0.4436,0.8814,5282,76,rock,True,1,8.3,6_24h
DSR-00612,SEG-0062,landslide,106.7,28.8,1247,mountain,weathered_rock,good,1,national,0,44.74,high,0.56,1.0729,1392,40,rock,True,2,2.7,under_6h
DSR-01804,SEG-0018,maintenance,31.5,10.2,139,hilly,lateritic,poor,2,national,6,83.56,moderate,0.3867,0.2513,0,0,none,True,2,37.8,1_3days
DSR-00547,SEG-0064,landslide,102.1,27.6,2731,mountain,weathered_rock,poor,1,national,1,66.29,very_high,0.7556,1.8706,1212,47,rock,True,2,4.2,under_6h
DSR-00444,SEG-0067,landslide,292.4,17.3,231,hilly,lateritic,fair,1,state,2,38.22,moderate,0.4483,0.5233,345,11,earth,True,2,1.0,under_6h
DSR-01937,SEG-0051,flood,467.7,40.0,1250,mountain,weathered_rock,good,1,national,4,14.39,very_high,0.7423,3.0577,0,0,none,True,3,36.7,1_3days
DSR-02055,SEG-0035,bridge_damage,158.9,24.0,1216,mountain,weathered_rock,poor,2,national,1,49.37,high,0.6147,1.1951,0,0,none,True,3,737.5,over_3days
DSR-00398,SEG-0013,landslide,779.6,37.1,1496,mountain,weathered_rock,poor,2,national,5,35.74,very_high,0.7998,6.2115,482,14,earth,True,3,1.0,under_6h
DSR-00429,SEG-0053,landslide,412.5,22.5,1675,mountain,weathered_rock,good,2,state,2,6.97,high,0.5856,6.8867,537,29,debris,True,3,3.6,under_6h
DSR-00669,SEG-0055,landslide,359.2,37.5,1780,mountain,weathered_rock,fair,2,state,3,9.73,very_high,0.7143,6.5776,657,31,debris,True,3,3.4,under_6h
DSR-00392,SEG-0043,landslide,519.6,20.5,34,hilly,lateritic,poor,2,national,1,17.57,moderate,0.4617,0.9676,42,7,earth,True,3,1.0,under_6h
DSR-00671,SEG-0013,landslide,768.4,37.1,1496,mountain,weathered_rock,poor,2,national,5,35.74,very_high,0.7998,6.2115,2121,33,rock,True,4,2.6,under_6h
DSR-02119,SEG-0062,accident_blockage,73.9,28.8,1247,mountain,weathered_rock,good,1,national,0,44.74,high,0.56,1.0729,0,0,none,True,4,14.4,6_24h
DSR-00464,SEG-0055,landslide,176.8,37.5,1780,mountain,weathered_rock,fair,2,state,3,9.73,very_high,0.7143,6.5776,627,15,earth,True,4,2.4,under_6h
DSR-00571,SEG-0065,landslide,247.0,24.2,1060,mountain,weathered_rock,fair,1,state,3,49.23,high,0.6127,1.1781,27146,95,debris,True,4,93.0,over_3days
DSR-00491,SEG-0066,landslide,336.4,40.9,1099,mountain,weathered_rock,fair,1,state,1,40.68,very_high,0.7302,2.1141,30194,91,rock,True,4,269.1,over_3days
DSR-01722,SEG-0035,flood,197.8,24.0,1216,mountain,weathered_rock,poor,2,national,1,49.37,high,0.6147,1.1951,0,0,none,True,4,65.3,1_3days
DSR-00487,SEG-0047,landslide,26.5,27.7,1650,mountain,weathered_rock,fair,2,national,4,6.8,high,0.6569,10.2941,932,15,debris,True,4,1.0,under_6h
DSR-02184,SEG-0014,bridge_damage,141.9,24.6,1438,mountain,weathered_rock,fair,2,national,5,33.95,high,0.671,3.7408,0,0,none,True,5,570.3,over_3days
DSR-00545,SEG-0012,landslide,46.6,23.6,775,mountain,weathered_rock,fair,2,national,3,30.75,high,0.5759,1.5285,5565,86,rock,True,5,13.1,6_24h
DSR-00544,SEG-0013,landslide,789.1,37.1,1496,mountain,weathered_rock,poor,2,national,5,35.74,very_high,0.7998,6.2115,1411,25,earth,True,5,1.3,under_6h
DSR-00539,SEG-0014,landslide,407.1,24.6,1438,mountain,weathered_rock,fair,2,national,5,33.95,high,0.671,3.7408,726,15,rock,True,5,1.0,under_6h
DSR-00482,SEG-0013,landslide,739.2,37.1,1496,mountain,weathered_rock,poor,2,national,5,35.74,very_high,0.7998,6.2115,2194,44,earth,True,5,2.2,under_6h
DSR-00478,SEG-0028,landslide,586.8,34.8,1023,mountain,weathered_rock,good,2,national,7,46.71,high,0.5668,0.8349,4754,60,rock,True,5,15.4,6_24h
DSR-00689,SEG-0027,landslide,156.0,33.3,1348,mountain,weathered_rock,fair,2,national,3,31.75,high,0.6513,1.5118,2013,25,earth,True,5,1.4,under_6h
DSR-00399,SEG-0049,landslide,279.7,22.3,1450,mountain,weathered_rock,fair,1,national,1,20.47,high,0.6253,2.1006,818,42,debris,True,5,1.5,under_6h
DSR-02210,SEG-0036,flood,544.3,38.8,1084,mountain,weathered_rock,good,2,national,0,48.29,high,0.5956,0.8905,0,0,none,True,5,86.6,over_3days
DSR-00548,SEG-0025,landslide,445.7,39.3,1378,mountain,weathered_rock,good,2,national,7,49.09,high,0.6173,1.1204,4164,73,rock,True,5,14.6,6_24h
DSR-01842,SEG-0040,flood,439.2,11.0,60,hilly,lateritic,fair,2,national,0,29.41,moderate,0.3802,0.204,0,0,none,True,5,64.3,1_3days
DSR-01624,SEG-0024,bridge_damage,243.2,22.5,923,mountain,weathered_rock,fair,2,national,4,51.06,high,0.5596,0.5484,0,0,none,True,5,667.3,over_3days
DSR-00665,SEG-0013,landslide,204.8,37.1,1496,mountain,weathered_rock,poor,2,national,5,35.74,very_high,0.7998,6.2115,26329,156,earth,True,5,28.2,1_3days
DSR-00493,SEG-0015,landslide,424.6,28.7,701,mountain,weathered_rock,fair,2,national,4,75.53,high,0.6753,1.4431,321,11,debris,True,5,1.0,under_6h
DSR-00560,SEG-0051,landslide,348.9,40.0,1250,mountain,weathered_rock,good,1,national,4,14.39,very_high,0.7423,3.0577,168,9,rock,True,5,1.4,under_6h
DSR-00553,SEG-0035,landslide,104.2,24.0,1216,mountain,weathered_rock,poor,2,national,1,49.37,high,0.6147,1.1951,855,22,debris,True,5,1.9,under_6h
DSR-01887,SEG-0025,flood,443.7,39.3,1378,mountain,weathered_rock,good,2,national,7,49.09,high,0.6173,1.1204,0,0,none,True,5,51.1,1_3days
DSR-00469,SEG-0049,landslide,446.6,22.3,1450,mountain,weathered_rock,fair,1,national,1,20.47,high,0.6253,2.1006,165490,310,rock,True,5,892.6,over_3days
DSR-00421,SEG-0051,landslide,489.0,40.0,1250,mountain,weathered_rock,good,1,national,4,14.39,very_high,0.7423,3.0577,1953,27,rock,True,5,5.8,under_6h
DSR-00519,SEG-0056,landslide,246.1,13.0,259,hilly,lateritic,fair,2,national,2,94.3,low,0.3544,0.1273,4210,29,earth,True,5,1.8,under_6h
DSR-02037,SEG-0015,flood,690.2,28.7,701,mountain,weathered_rock,fair,2,national,4,75.53,high,0.6753,1.4431,0,0,none,True,5,133.8,over_3days
DSR-02005,SEG-0056,protest_blockade,95.9,13.0,259,hilly,lateritic,fair,2,national,2,94.3,low,0.3544,0.1273,0,0,none,True,5,25.1,1_3days
DSR-02297,SEG-0037,fallen_tree,81.1,38.7,1405,mountain,weathered_rock,poor,2,state,3,68.38,high,0.691,0.9652,0,0,none,True,5,37.7,1_3days
DSR-00546,SEG-0068,landslide,251.6,40.7,433,mountain,weathered_rock,poor,1,state,4,66.95,high,0.6745,1.0157,3939,32,earth,True,5,5.8,under_6h
DSR-00640,SEG-0060,landslide,26.2,40.2,620,mountain,weathered_rock,fair,2,national,3,60.75,very_high,0.7497,1.1193,443,23,rock,True,6,1.0,under_6h
DSR-00611,SEG-0036,landslide,167.6,38.8,1084,mountain,weathered_rock,good,2,national,0,48.29,high,0.5956,0.8905,653,14,debris,True,6,1.0,under_6h
DSR-00687,SEG-0053,landslide,538.5,22.5,1675,mountain,weathered_rock,good,2,state,2,6.97,high,0.5856,6.8867,440,22,debris,True,6,1.6,under_6h
DSR-00577,SEG-0066,landslide,127.6,40.9,1099,mountain,weathered_rock,fair,1,state,1,40.68,very_high,0.7302,2.1141,162,8,earth,True,6,1.0,under_6h
DSR-00591,SEG-0066,landslide,123.8,40.9,1099,mountain,weathered_rock,fair,1,state,1,40.68,very_high,0.7302,2.1141,12249,73,rock,True,6,118.2,over_3days
DSR-00524,SEG-0036,landslide,7.4,38.8,1084,mountain,weathered_rock,good,2,national,0,48.29,high,0.5956,0.8905,45883,234,debris,True,6,65.0,1_3days
DSR-00667,SEG-0028,landslide,291.2,34.8,1023,mountain,weathered_rock,good,2,national,7,46.71,high,0.5668,0.8349,5080,63,rock,True,6,13.6,6_24h
DSR-00652,SEG-0052,landslide,456.2,37.0,1662,mountain,weathered_rock,poor,2,state,7,38.08,very_high,0.7503,2.2321,25,5,debris,True,6,1.0,under_6h
DSR-00501,SEG-0063,landslide,493.0,25.7,2415,mountain,weathered_rock,good,1,national,0,35.45,high,0.6573,1.7489,452,11,earth,True,6,1.6,under_6h
DSR-00540,SEG-0014,landslide,131.0,24.6,1438,mountain,weathered_rock,fair,2,national,5,33.95,high,0.671,3.7408,824,29,rock,True,6,1.4,under_6h
DSR-00579,SEG-0051,landslide,65.5,40.0,1250,mountain,weathered_rock,good,1,national,4,14.39,very_high,0.7423,3.0577,720,14,debris,True,6,1.1,under_6h
DSR-02227,SEG-0025,flood,353.2,39.3,1378,mountain,weathered_rock,good,2,national,7,49.09,high,0.6173,1.1204,0,0,none,True,6,78.5,over_3days
DSR-00605,SEG-0013,landslide,338.4,37.1,1496,mountain,weathered_rock,poor,2,national,5,35.74,very_high,0.7998,6.2115,127,12,rock,True,6,1.0,under_6h
DSR-00459,SEG-0051,landslide,549.4,40.0,1250,mountain,weathered_rock,good,1,national,4,14.39,very_high,0.7423,3.0577,2937,69,rock,True,6,5.8,under_6h
DSR-01881,SEG-0013,fallen_tree,9.0,37.1,1496,mountain,weathered_rock,poor,2,national,5,35.74,very_high,0.7998,6.2115,0,0,none,True,6,4.6,under_6h
DSR-00405,SEG-0050,landslide,396.5,33.3,1250,mountain,weathered_rock,poor,1,national,4,14.76,very_high,0.7245,5.6233,133,16,rock,True,6,1.0,under_6h
DSR-02057,SEG-0037,accident_blockage,166.2,38.7,1405,mountain,weathered_rock,poor,2,state,3,68.38,high,0.691,0.9652,0,0,none,True,6,22.8,6_24h
DSR-02248,SEG-0001,road_subsidence,238.6,4.2,87,plain,alluvial,good,4,national,1,216.84,low,0.2231,0.0,0,0,none,True,6,34.2,1_3days
DSR-00486,SEG-0050,landslide,412.9,33.3,1250,mountain,weathered_rock,poor,1,national,4,14.76,very_high,0.7245,5.6233,1285,46,earth,True,6,1.8,under_6h
DSR-00681,SEG-0028,landslide,411.8,34.8,1023,mountain,weathered_rock,good,2,national,7,46.71,high,0.5668,0.8349,3168,36,earth,True,6,6.5,6_24h
DSR-00639,SEG-0055,landslide,359.4,37.5,1780,mountain,weathered_rock,fair,2,state,3,9.73,very_high,0.7143,6.5776,1466,49,debris,True,6,4.8,under_6h
DSR-00575,SEG-0058,landslide,46.7,27.3,1002,mountain,weathered_rock,fair,2,national,3,55.82,high,0.626,0.842,309,22,rock,True,6,1.3,under_6h
DSR-00447,SEG-0058,landslide,446.1,27.3,1002,mountain,weathered_rock,fair,2,national,3,55.82,high,0.626,0.842,14273,56,debris,True,6,21.8,6_24h
DSR-00587,SEG-0056,landslide,244.6,13.0,259,hilly,lateritic,fair,2,national,2,94.3,low,0.3544,0.1273,271,13,earth,True,6,1.0,under_6h
DSR-02092,SEG-0045,flood,391.3,1.7,23,plain,alluvial,good,2,national,0,23.28,low,0.2326,0.043,0,0,none,True,6,172.2,over_3days
DSR-00442,SEG-0071,landslide,58.8,17.3,165,hilly,lateritic,fair,2,state,3,30.67,moderate,0.4198,0.5217,218,24,earth,True,6,1.0,under_6h
DSR-00592,SEG-0042,landslide,203.7,9.1,45,hilly,lateritic,poor,2,national,3,16.18,moderate,0.4355,1.0507,193,13,earth,True,6,1.0,under_6h
DSR-01878,SEG-0003,road_subsidence,67.1,2.1,54,plain,alluvial,fair,4,national,1,45.56,low,0.2534,0.0,0,0,none,True,6,223.9,over_3days
DSR-01993,SEG-0049,protest_blockade,155.4,22.3,1450,mountain,weathered_rock,fair,1,national,1,20.47,high,0.6253,2.1006,0,0,none,True,6,10.4,6_24h
DSR-02177,SEG-0014,fallen_tree,168.0,24.6,1438,mountain,weathered_rock,fair,2,national,5,33.95,high,0.671,3.7408,0,0,none,True,6,21.6,6_24h
DSR-00418,SEG-0014,landslide,877.0,24.6,1438,mountain,weathered_rock,fair,2,national,5,33.95,high,0.671,3.7408,5658,30,earth,True,6,11.4,6_24h
DSR-00582,SEG-0013,landslide,929.5,37.1,1496,mountain,weathered_rock,poor,2,national,5,35.74,very_high,0.7998,6.2115,5541,32,rock,True,6,18.2,6_24h
DSR-01732,SEG-0030,accident_blockage,169.5,33.9,642,mountain,weathered_rock,good,2,national,5,34.62,moderate,0.5294,0.751,0,0,none,True,6,21.8,6_24h
DSR-01987,SEG-0062,flood,584.3,28.8,1247,mountain,weathered_rock,good,1,national,0,44.74,high,0.56,1.0729,0,0,none,True,6,61.1,1_3days
DSR-00440,SEG-0066,landslide,82.9,40.9,1099,mountain,weathered_rock,fair,1,state,1,40.68,very_high,0.7302,2.1141,76,7,rock,True,6,2.0,under_6h
DSR-00435,SEG-0037,landslide,71.1,38.7,1405,mountain,weathered_rock,poor,2,state,3,68.38,high,0.691,0.9652,4627,81,rock,True,6,68.0,1_3days
DSR-01725,SEG-0066,road_subsidence,256.0,40.9,1099,mountain,weathered_rock,fair,1,state,1,40.68,very_high,0.7302,2.1141,0,0,none,True,6,280.7,over_3days
DSR-00562,SEG-0051,landslide,248.8,40.0,1250,mountain,weathered_rock,good,1,national,4,14.39,very_high,0.7423,3.0577,1552,18,rock,True,6,6.5,6_24h
DSR-00633,SEG-0013,landslide,769.1,37.1,1496,mountain,weathered_rock,poor,2,national,5,35.74,very_high,0.7998,6.2115,1531,31,rock,True,6,5.4,under_6h
DSR-00564,SEG-0068,landslide,317.0,40.7,433,mountain,weathered_rock,poor,1,state,4,66.95,high,0.6745,1.0157,2034,44,rock,True,6,38.4,1_3days
DSR-00484,SEG-0013,landslide,206.3,37.1,1496,mountain,weathered_rock,poor,2,national,5,35.74,very_high,0.7998,6.2115,782,15,debris,True,7,1.6,under_6h
DSR-00670,SEG-0025,landslide,86.4,39.3,1378,mountain,weathered_rock,good,2,national,7,49.09,high,0.6173,1.1204,820,17,rock,True,7,3.6,under_6h
DSR-01742,SEG-0011,bridge_damage,263.8,5.7,112,plain,alluvial,fair,4,national,1,42.95,low,0.2769,0.0698,0,0,none,True,7,217.5,over_3days
DSR-02254,SEG-0068,flood,277.8,40.7,433,mountain,weathered_rock,poor,1,state,4,66.95,high,0.6745,1.0157,0,0,none,True,7,431.2,over_3days
DSR-00529,SEG-0048,landslide,286.0,32.0,1650,mountain,weathered_rock,fair,2,national,0,15.63,high,0.6747,3.263,1028,16,debris,True,7,1.5,under_6h
DSR-00666,SEG-0060,landslide,222.7,40.2,620,mountain,weathered_rock,fair,2,national,3,60.75,very_high,0.7497,1.1193,312,20,debris,True,7,1.6,under_6h
DSR-00467,SEG-0015,landslide,134.3,28.7,701,mountain,weathered_rock,fair,2,national,4,75.53,high,0.6753,1.4431,616,26,rock,True,7,1.2,under_6h
DSR-00394,SEG-0025,landslide,551.7,39.3,1378,mountain,weathered_rock,good,2,national,7,49.09,high,0.6173,1.1204,24147,62,debris,True,7,35.1,1_3days
DSR-00461,SEG-0059,landslide,75.6,35.4,1092,mountain,weathered_rock,fair,2,national,7,61.83,very_high,0.7049,1.3586,1912,47,earth,True,7,1.9,under_6h
DSR-00661,SEG-0013,landslide,302.6,37.1,1496,mountain,weathered_rock,poor,2,national,5,35.74,very_high,0.7998,6.2115,708,14,rock,True,7,2.5,under_6h
DSR-00522,SEG-0046,landslide,522.6,42.0,886,mountain,weathered_rock,fair,2,national,3,52.1,very_high,0.7002,1.2668,5432,37,debris,True,7,6.4,6_24h
DSR-00506,SEG-0058,landslide,238.1,27.3,1002,mountain,weathered_rock,fair,2,national,3,55.82,high,0.626,0.842,18217,52,rock,True,7,56.0,1_3days
DSR-00567,SEG-0060,landslide,83.0,40.2,620,mountain,weathered_rock,fair,2,national,3,60.75,very_high,0.7497,1.1193,3469,43,debris,True,7,3.2,under_6h
DSR-00532,SEG-0066,landslide,259.1,40.9,1099,mountain,weathered_rock,fair,1,state,1,40.68,very_high,0.7302,2.1141,932,42,rock,True,7,17.8,6_24h
DSR-00402,SEG-0019,landslide,308.7,14.6,337,hilly,lateritic,good,2,national,0,41.98,moderate,0.4436,0.8814,7056,93,earth,True,7,15.3,6_24h
DSR-00445,SEG-0031,landslide,202.2,26.1,850,mountain,weathered_rock,fair,2,state,7,59.58,moderate,0.516,0.621,16213,60,debris,True,7,88.8,over_3days
DSR-00662,SEG-0062,landslide,511.8,28.8,1247,mountain,weathered_rock,good,1,national,0,44.74,high,0.56,1.0729,57664,250,debris,True,7,328.2,over_3days
DSR-02102,SEG-0060,fallen_tree,56.9,40.2,620,mountain,weathered_rock,fair,2,national,3,60.75,very_high,0.7497,1.1193,0,0,none,True,7,8.8,6_24h
DSR-00572,SEG-0064,landslide,426.6,27.6,2731,mountain,weathered_rock,poor,1,national,1,66.29,very_high,0.7556,1.8706,3015,70,rock,True,7,35.5,1_3days
DSR-02033,SEG-0010,fallen_tree,76.3,4.2,102,plain,alluvial,fair,4,national,1,60.63,low,0.3066,0.0165,0,0,none,True,7,7.9,6_24h
DSR-00576,SEG-0013,landslide,594.6,37.1,1496,mountain,weathered_rock,poor,2,national,5,35.74,very_high,0.7998,6.2115,9060,100,rock,True,7,37.2,1_3days
DSR-00497,SEG-0059,landslide,306.1,35.4,1092,mountain,weathered_rock,fair,2,national,7,61.83,very_high,0.7049,1.3586,7717,108,debris,True,7,31.7,1_3days
DSR-01988,SEG-0005,protest_blockade,82.4,2.7,57,plain,alluvial,good,4,national,2,97.15,low,0.2605,0.0206,0,0,none,True,7,24.6,1_3days
DSR-02195,SEG-0065,flood,666.5,24.2,1060,mountain,weathered_rock,fair,1,state,3,49.23,high,0.6127,1.1781,0,0,none,True,7,104.4,over_3days
DSR-00406,SEG-0055,landslide,21.3,37.5,1780,mountain,weathered_rock,fair,2,state,3,9.73,very_high,0.7143,6.5776,849,13,debris,True,7,1.7,under_6h
DSR-00585,SEG-0060,landslide,449.4,40.2,620,mountain,weathered_rock,fair,2,national,3,60.75,very_high,0.7497,1.1193,837,34,rock,True,7,4.0,under_6h
DSR-01908,SEG-0017,road_subsidence,301.8,6.0,54,plain,alluvial,good,2,national,0,111.76,low,0.2804,0.0358,0,0,none,True,7,20.9,6_24h
DSR-00513,SEG-0055,landslide,607.9,37.5,1780,mountain,weathered_rock,fair,2,state,3,9.73,very_high,0.7143,6.5776,25652,80,debris,True,7,113.2,over_3days
DSR-01991,SEG-0023,fallen_tree,53.0,23.6,1061,mountain,weathered_rock,fair,2,national,0,27.48,moderate,0.546,1.0917,0,0,none,True,7,2.6,under_6h
DSR-02116,SEG-0013,bridge_damage,129.0,37.1,1496,mountain,weathered_rock,poor,2,national,5,35.74,very_high,0.7998,6.2115,0,0,none,True,7,1145.0,over_3days
DSR-00483,SEG-0022,landslide,344.3,22.3,1252,mountain,weathered_rock,fair,2,national,3,19.5,high,0.5848,1.641,1421,20,earth,True,7,2.0,under_6h
DSR-02152,SEG-0016,bridge_damage,156.4,3.8,24,plain,alluvial,good,2,national,4,19.48,low,0.2584,0.0513,0,0,none,True,7,967.0,over_3days
DSR-02300,SEG-0053,flood,544.8,22.5,1675,mountain,weathered_rock,good,2,state,2,6.97,high,0.5856,6.8867,0,0,none,True,7,192.9,over_3days
DSR-00586,SEG-0013,landslide,483.8,37.1,1496,mountain,weathered_rock,poor,2,national,5,35.74,very_high,0.7998,6.2115,207,22,rock,True,7,1.0,under_6h
DSR-00609,SEG-0018,landslide,120.0,10.2,139,hilly,lateritic,poor,2,national,6,83.56,moderate,0.3867,0.2513,218,9,earth,True,7,1.0,under_6h
DSR-00600,SEG-0051,landslide,249.5,40.0,1250,mountain,weathered_rock,good,1,national,4,14.39,very_high,0.7423,3.0577,570,31,debris,True,7,1.0,under_6h
DSR-00502,SEG-0060,landslide,320.2,40.2,620,mountain,weathered_rock,fair,2,national,3,60.75,very_high,0.7497,1.1193,488,13,debris,True,7,2.2,under_6h
DSR-00430,SEG-0025,landslide,303.6,39.3,1378,mountain,weathered_rock,good,2,national,7,49.09,high,0.6173,1.1204,3237,66,rock,True,7,16.7,6_24h
DSR-01849,SEG-0043,flood,363.7,20.5,34,hilly,lateritic,poor,2,national,1,17.57,moderate,0.4617,0.9676,0,0,none,True,7,167.6,over_3days
DSR-00509,SEG-0046,landslide,28.4,42.0,886,mountain,weathered_rock,fair,2,national,3,52.1,very_high,0.7002,1.2668,1430,45,rock,True,7,5.4,under_6h
DSR-00466,SEG-0015,landslide,81.3,28.7,701,mountain,weathered_rock,fair,2,national,4,75.53,high,0.6753,1.4431,1711,53,earth,True,7,2.3,under_6h
DSR-00473,SEG-0036,landslide,37.7,38.8,1084,mountain,weathered_rock,good,2,national,0,48.29,high,0.5956,0.8905,4530,39,rock,True,7,11.9,6_24h
DSR-00634,SEG-0013,landslide,219.1,37.1,1496,mountain,weathered_rock,poor,2,national,5,35.74,very_high,0.7998,6.2115,552,31,earth,True,7,1.0,under_6h
DSR-00411,SEG-0013,landslide,552.1,37.1,1496,mountain,weathered_rock,poor,2,national,5,35.74,very_high,0.7998,6.2115,5060,81,rock,True,7,24.0,1_3days
DSR-02150,SEG-0022,accident_blockage,98.0,22.3,1252,mountain,weathered_rock,fair,2,national,3,19.5,high,0.5848,1.641,0,0,none,True,7,15.5,6_24h
DSR-00531,SEG-0050,landslide,387.7,33.3,1250,mountain,weathered_rock,poor,1,national,4,14.76,very_high,0.7245,5.6233,12063,104,debris,True,7,36.6,1_3days
DSR-00458,SEG-0018,landslide,219.7,10.2,139,hilly,lateritic,poor,2,national,6,83.56,moderate,0.3867,0.2513,354,30,rock,True,7,1.0,under_6h
DSR-00555,SEG-0065,landslide,217.0,24.2,1060,mountain,weathered_rock,fair,1,state,3,49.23,high,0.6127,1.1781,1969,22,debris,True,7,20.3,6_24h
DSR-00608,SEG-0047,landslide,386.7,27.7,1650,mountain,weathered_rock,fair,2,national,4,6.8,high,0.6569,10.2941,1927,52,rock,True,7,6.5,6_24h
DSR-00601,SEG-0013,landslide,807.3,37.1,1496,mountain,weathered_rock,poor,2,national,5,35.74,very_high,0.7998,6.2115,1402,41,debris,True,7,2.2,under_6h
DSR-00678,SEG-0047,landslide,287.1,27.7,1650,mountain,weathered_rock,fair,2,national,4,6.8,high,0.6569,10.2941,4974,70,debris,True,7,4.3,under_6h
DSR-01755,SEG-0036,fallen_tree,197.0,38.8,1084,mountain,weathered_rock,good,2,national,0,48.29,high,0.5956,0.8905,0,0,none,True,7,8.6,6_24h
DSR-00680,SEG-0027,landslide,291.0,33.3,1348,mountain,weathered_rock,fair,2,national,3,31.75,high,0.6513,1.5118,3905,76,earth,True,8,9.2,6_24h
DSR-01709,SEG-0024,accident_blockage,105.9,22.5,923,mountain,weathered_rock,fair,2,national,4,51.06,high,0.5596,0.5484,0,0,none,True,8,17.1,6_24h
DSR-00549,SEG-0059,landslide,31.6,35.4,1092,mountain,weathered_rock,fair,2,national,7,61.83,very_high,0.7049,1.3586,10747,124,rock,True,8,93.2,over_3days
DSR-00489,SEG-0051,landslide,131.4,40.0,1250,mountain,weathered_rock,good,1,national,4,14.39,very_high,0.7423,3.0577,10316,106,debris,True,8,37.8,1_3days
DSR-00613,SEG-0054,landslide,618.7,32.8,1727,mountain,weathered_rock,fair,2,state,4,16.34,high,0.6827,2.9376,1001,26,debris,True,8,2.5,under_6h
DSR-01848,SEG-0070,bridge_damage,282.7,17.5,123,hilly,lateritic,good,2,state,2,93.38,low,0.3544,0.1606,0,0,none,True,8,675.4,over_3days
DSR-01675,SEG-0033,flood,204.8,14.5,337,hilly,lateritic,good,2,national,1,68.93,low,0.3399,0.1596,0,0,none,True,8,139.2,over_3days
DSR-00515,SEG-0049,landslide,318.1,22.3,1450,mountain,weathered_rock,fair,1,national,1,20.47,high,0.6253,2.1006,31793,90,rock,True,8,111.2,over_3days
DSR-00620,SEG-0064,landslide,234.7,27.6,2731,mountain,weathered_rock,poor,1,national,1,66.29,very_high,0.7556,1.8706,10453,74,rock,True,8,59.2,1_3days
DSR-00622,SEG-0014,landslide,516.4,24.6,1438,mountain,weathered_rock,fair,2,national,5,33.95,high,0.671,3.7408,2663,42,rock,True,8,21.6,6_24h
DSR-01851,SEG-0066,protest_blockade,169.9,40.9,1099,mountain,weathered_rock,fair,1,state,1,40.68,very_high,0.7302,2.1141,0,0,none,True,8,53.9,1_3days
DSR-00630,SEG-0013,landslide,238.4,37.1,1496,mountain,weathered_rock,poor,2,national,5,35.74,very_high,0.7998,6.2115,469,20,debris,True,8,1.3,under_6h
DSR-00561,SEG-0015,landslide,19.7,28.7,701,mountain,weathered_rock,fair,2,national,4,75.53,high,0.6753,1.4431,6467,40,debris,True,8,23.4,6_24h
DSR-00425,SEG-0009,landslide,29.7,2.4,93,plain,alluvial,good,4,national,0,50.33,low,0.2614,0.0397,2586,23,earth,True,8,1.6,under_6h
DSR-00436,SEG-0069,landslide,520.7,20.0,352,mountain,weathered_rock,poor,1,state,5,43.86,high,0.564,1.1628,1864,54,rock,True,8,18.9,6_24h
DSR-00602,SEG-0023,landslide,138.6,23.6,1061,mountain,weathered_rock,fair,2,national,0,27.48,moderate,0.546,1.0917,4324,58,rock,True,8,9.7,6_24h
DSR-00641,SEG-0064,landslide,138.2,27.6,2731,mountain,weathered_rock,poor,1,national,1,66.29,very_high,0.7556,1.8706,776,34,debris,True,8,1.4,under_6h
DSR-01800,SEG-0004,protest_blockade,167.2,3.7,55,plain,alluvial,good,4,national,0,44.45,low,0.2316,0.1125,0,0,none,True,8,19.8,6_24h
DSR-00595,SEG-0040,landslide,372.2,11.0,60,hilly,lateritic,fair,2,national,0,29.41,moderate,0.3802,0.204,1812,40,debris,True,8,2.8,under_6h
DSR-02181,SEG-0069,flood,424.1,20.0,352,mountain,weathered_rock,poor,1,state,5,43.86,high,0.564,1.1628,0,0,none,True,8,53.8,1_3days
DSR-00625,SEG-0050,landslide,121.9,33.3,1250,mountain,weathered_rock,poor,1,national,4,14.76,very_high,0.7245,5.6233,1322,34,debris,True,8,5.1,under_6h
DSR-00413,SEG-0058,landslide,363.8,27.3,1002,mountain,weathered_rock,fair,2,national,3,55.82,high,0.626,0.842,667,31,debris,True,8,2.0,under_6h
DSR-00395,SEG-0034,landslide,146.8,27.5,891,mountain,weathered_rock,poor,2,national,3,54.94,high,0.6405,1.0193,411,15,rock,True,8,1.6,under_6h
DSR-00554,SEG-0052,landslide,24.2,37.0,1662,mountain,weathered_rock,poor,2,state,7,38.08,very_high,0.7503,2.2321,6250,37,rock,True,8,78.8,over_3days
DSR-00574,SEG-0060,landslide,120.3,40.2,620,mountain,weathered_rock,fair,2,national,3,60.75,very_high,0.7497,1.1193,681,17,earth,True,8,1.0,under_6h
DSR-00499,SEG-0061,landslide,107.6,24.2,386,mountain,weathered_rock,fair,2,national,4,53.47,high,0.5826,1.1969,475,20,debris,True,8,1.0,under_6h
DSR-00389,SEG-0026,landslide,240.8,31.7,1319,mountain,weathered_rock,fair,2,national,2,35.84,high,0.6286,1.3672,4081,30,rock,True,8,8.8,6_24h
DSR-00686,SEG-0055,landslide,297.1,37.5,1780,mountain,weathered_rock,fair,2,state,3,9.73,very_high,0.7143,6.5776,1574,34,debris,True,8,3.9,under_6h
DSR-00507,SEG-0021,landslide,70.0,30.0,794,mountain,weathered_rock,fair,2,national,4,46.0,high,0.5592,0.7826,4074,75,rock,True,8,6.6,6_24h
DSR-00410,SEG-0013,landslide,78.1,37.1,1496,mountain,weathered_rock,poor,2,national,5,35.74,very_high,0.7998,6.2115,152,12,rock,True,8,1.0,under_6h
DSR-00649,SEG-0025,landslide,319.8,39.3,1378,mountain,weathered_rock,good,2,national,7,49.09,high,0.6173,1.1204,49403,206,rock,True,9,128.6,over_3days
DSR-02134,SEG-0013,bridge_damage,86.5,37.1,1496,mountain,weathered_rock,poor,2,national,5,35.74,very_high,0.7998,6.2115,0,0,none,True,9,868.7,over_3days
DSR-00495,SEG-0025,landslide,94.4,39.3,1378,mountain,weathered_rock,good,2,national,7,49.09,high,0.6173,1.1204,126,14,earth,True,9,1.0,under_6h
DSR-00412,SEG-0050,landslide,416.2,33.3,1250,mountain,weathered_rock,poor,1,national,4,14.76,very_high,0.7245,5.6233,26676,75,earth,True,9,41.5,1_3days
DSR-00414,SEG-0062,landslide,163.2,28.8,1247,mountain,weathered_rock,good,1,national,0,44.74,high,0.56,1.0729,1839,45,debris,True,9,1.5,under_6h
DSR-00684,SEG-0042,landslide,189.5,9.1,45,hilly,lateritic,poor,2,national,3,16.18,moderate,0.4355,1.0507,1715,39,debris,True,9,1.4,under_6h
DSR-01923,SEG-0002,road_subsidence,333.3,4.4,53,plain,alluvial,good,4,national,3,47.71,low,0.2701,0.021,0,0,none,True,9,63.3,1_3days
DSR-02250,SEG-0026,bridge_damage,218.8,31.7,1319,mountain,weathered_rock,fair,2,national,2,35.84,high,0.6286,1.3672,0,0,none,True,9,445.7,over_3days
DSR-00533,SEG-0013,landslide,287.1,37.1,1496,mountain,weathered_rock,poor,2,national,5,35.74,very_high,0.7998,6.2115,84,14,rock,True,9,1.0,under_6h
DSR-00397,SEG-0064,landslide,512.1,27.6,2731,mountain,weathered_rock,poor,1,national,1,66.29,very_high,0.7556,1.8706,2122,45,debris,True,9,5.6,under_6h
DSR-00526,SEG-0064,landslide,264.8,27.6,2731,mountain,weathered_rock,poor,1,national,1,66.29,very_high,0.7556,1.8706,245,9,rock,True,9,1.4,under_6h
DSR-00422,SEG-0015,landslide,333.7,28.7,701,mountain,weathered_rock,fair,2,national,4,75.53,high,0.6753,1.4431,265,25,debris,True,9,1.0,under_6h
DSR-00401,SEG-0047,landslide,363.1,27.7,1650,mountain,weathered_rock,fair,2,national,4,6.8,high,0.6569,10.2941,1265,25,rock,True,9,5.3,under_6h
DSR-02194,SEG-0044,road_subsidence,259.4,3.8,23,plain,alluvial,good,2,national,2,50.09,low,0.2667,0.0399,0,0,none,True,9,61.2,1_3days
DSR-02123,SEG-0020,fallen_tree,68.2,15.5,450,hilly,lateritic,fair,2,national,1,33.37,moderate,0.4853,0.7492,0,0,none,True,9,13.0,6_24h
DSR-00438,SEG-0063,landslide,391.5,25.7,2415,mountain,weathered_rock,good,1,national,0,35.45,high,0.6573,1.7489,1655,22,debris,True,9,1.5,under_6h
DSR-02067,SEG-0010,flood,465.9,4.2,102,plain,alluvial,fair,4,national,1,60.63,low,0.3066,0.0165,0,0,none,True,9,116.9,over_3days
DSR-00679,SEG-0049,landslide,607.0,22.3,1450,mountain,weathered_rock,fair,1,national,1,20.47,high,0.6253,2.1006,29483,77,rock,True,9,56.4,1_3days
DSR-00521,SEG-0014,landslide,639.9,24.6,1438,mountain,weathered_rock,fair,2,national,5,33.95,high,0.671,3.7408,27594,172,earth,True,9,38.3,1_3days
DSR-00599,SEG-0036,landslide,24.4,38.8,1084,mountain,weathered_rock,good,2,national,0,48.29,high,0.5956,0.8905,74,13,debris,True,9,1.0,under_6h
DSR-00518,SEG-0030,landslide,488.6,33.9,642,mountain,weathered_rock,good,2,national,5,34.62,moderate,0.5294,0.751,327,19,rock,True,9,1.0,under_6h
DSR-00643,SEG-0011,landslide,391.9,5.7,112,plain,alluvial,fair,4,national,1,42.95,low,0.2769,0.0698,55,10,rock,True,9,1.0,under_6h
DSR-00475,SEG-0046,landslide,39.8,42.0,886,mountain,weathered_rock,fair,2,national,3,52.1,very_high,0.7002,1.2668,497,15,debris,True,10,1.0,under_6h
DSR-00580,SEG-0020,landslide,920.4,15.5,450,hilly,lateritic,fair,2,national,1,33.37,moderate,0.4853,0.7492,69116,238,debris,True,10,35.0,1_3days
DSR-02237,SEG-0052,accident_blockage,106.9,37.0,1662,mountain,weathered_rock,poor,2,state,7,38.08,very_high,0.7503,2.2321,0,0,none,True,10,24.9,1_3days
DSR-00408,SEG-0063,landslide,210.7,25.7,2415,mountain,weathered_rock,good,1,national,0,35.45,high,0.6573,1.7489,2079,58,debris,True,10,3.5,under_6h
DSR-00674,SEG-0020,landslide,605.5,15.5,450,hilly,lateritic,fair,2,national,1,33.37,moderate,0.4853,0.7492,421,24,earth,True,10,1.0,under_6h
DSR-00528,SEG-0037,landslide,311.0,38.7,1405,mountain,weathered_rock,poor,2,state,3,68.38,high,0.691,0.9652,1219,29,earth,True,10,1.3,under_6h
DSR-00541,SEG-0023,landslide,212.3,23.6,1061,mountain,weathered_rock,fair,2,national,0,27.48,moderate,0.546,1.0917,1415,38,earth,True,10,1.7,under_6h
DSR-00690,SEG-0061,landslide,148.1,24.2,386,mountain,weathered_rock,fair,2,national,4,53.47,high,0.5826,1.1969,14044,108,earth,True,10,11.3,6_24h
DSR-00517,SEG-0064,landslide,566.1,27.6,2731,mountain,weathered_rock,poor,1,national,1,66.29,very_high,0.7556,1.8706,4790,43,debris,True,11,5.7,under_6h
DSR-00480,SEG-0048,landslide,524.0,32.0,1650,mountain,weathered_rock,fair,2,national,0,15.63,high,0.6747,3.263,218,20,earth,True,11,1.0,under_6h
DSR-02103,SEG-0041,bridge_damage,321.3,16.2,52,hilly,lateritic,good,2,national,2,45.87,low,0.3125,0.3052,0,0,none,True,12,908.4,over_3days
DSR-00668,SEG-0064,landslide,564.9,27.6,2731,mountain,weathered_rock,poor,1,national,1,66.29,very_high,0.7556,1.8706,2545,63,rock,True,12,6.3,6_24h
DSR-02291,SEG-0068,road_subsidence,303.3,40.7,433,mountain,weathered_rock,poor,1,state,4,66.95,high,0.6745,1.0157,0,0,none,True,1,698.3,over_3days
DSR-00565,SEG-0047,landslide,449.4,27.7,1650,mountain,weathered_rock,fair,2,national,4,6.8,high,0.6569,10.2941,295,26,rock,True,1,1.3,under_6h
DSR-01995,SEG-0017,flood,612.7,6.0,54,plain,alluvial,good,2,national,0,111.76,low,0.2804,0.0358,0,0,none,True,1,40.0,1_3days
DSR-01695,SEG-0041,maintenance,0.6,16.2,52,hilly,lateritic,good,2,national,2,45.87,low,0.3125,0.3052,0,0,none,True,1,17.0,6_24h
DSR-02202,SEG-0042,maintenance,12.6,9.1,45,hilly,lateritic,poor,2,national,3,16.18,moderate,0.4355,1.0507,0,0,none,True,1,11.0,6_24h
DSR-00615,SEG-0036,landslide,619.4,38.8,1084,mountain,weathered_rock,good,2,national,0,48.29,high,0.5956,0.8905,327,10,earth,True,1,1.0,under_6h
DSR-02007,SEG-0002,maintenance,22.8,4.4,53,plain,alluvial,good,4,national,3,47.71,low,0.2701,0.021,0,0,none,True,1,70.1,1_3days
DSR-00474,SEG-0064,landslide,183.7,27.6,2731,mountain,weathered_rock,poor,1,national,1,66.29,very_high,0.7556,1.8706,444,29,earth,True,2,1.0,under_6h
DSR-02265,SEG-0004,maintenance,56.5,3.7,55,plain,alluvial,good,4,national,0,44.45,low,0.2316,0.1125,0,0,none,True,2,66.3,1_3days
DSR-00603,SEG-0069,landslide,222.6,20.0,352,mountain,weathered_rock,poor,1,state,5,43.86,high,0.564,1.1628,670,14,debris,True,2,3.0,under_6h
DSR-02064,SEG-0039,maintenance,10.1,21.4,36,hilly,lateritic,fair,2,national,7,41.19,moderate,0.4111,0.4613,0,0,none,True,2,25.2,1_3days
DSR-02229,SEG-0063,maintenance,10.6,25.7,2415,mountain,weathered_rock,good,1,national,0,35.45,high,0.6573,1.7489,0,0,none,True,2,6.9,6_24h
DSR-01686,SEG-0023,accident_blockage,62.4,23.6,1061,mountain,weathered_rock,fair,2,national,0,27.48,moderate,0.546,1.0917,0,0,none,True,3,19.2,6_24h
DSR-01950,SEG-0015,road_subsidence,168.1,28.7,701,mountain,weathered_rock,fair,2,national,4,75.53,high,0.6753,1.4431,0,0,none,True,3,35.5,1_3days
DSR-00692,SEG-0050,landslide,388.7,33.3,1250,mountain,weathered_rock,poor,1,national,4,14.76,very_high,0.7245,5.6233,472,24,rock,True,3,1.0,under_6h
DSR-00621,SEG-0014,landslide,443.2,24.6,1438,mountain,weathered_rock,fair,2,national,5,33.95,high,0.671,3.7408,1961,58,rock,True,3,5.5,under_6h
DSR-02038,SEG-0014,maintenance,0.6,24.6,1438,mountain,weathered_rock,fair,2,national,5,33.95,high,0.671,3.7408,0,0,none,True,3,65.6,1_3days
DSR-00675,SEG-0018,landslide,571.6,10.2,139,hilly,lateritic,poor,2,national,6,83.56,moderate,0.3867,0.2513,1769,19,rock,True,3,3.6,under_6h
DSR-02207,SEG-0058,bridge_damage,119.8,27.3,1002,mountain,weathered_rock,fair,2,national,3,55.82,high,0.626,0.842,0,0,none,True,3,541.6,over_3days
DSR-02241,SEG-0031,flood,338.0,26.1,850,mountain,weathered_rock,fair,2,state,7,59.58,moderate,0.516,0.621,0,0,none,True,3,35.3,1_3days
DSR-00658,SEG-0050,landslide,570.2,33.3,1250,mountain,weathered_rock,poor,1,national,4,14.76,very_high,0.7245,5.6233,3351,63,rock,True,4,6.4,6_24h
DSR-00477,SEG-0029,landslide,98.1,21.4,1260,mountain,weathered_rock,good,2,national,3,44.14,moderate,0.5237,0.589,914,22,debris,True,4,1.1,under_6h
DSR-00682,SEG-0049,landslide,179.2,22.3,1450,mountain,weathered_rock,fair,1,national,1,20.47,high,0.6253,2.1006,418,23,rock,True,4,1.2,under_6h
DSR-00390,SEG-0013,landslide,105.4,37.1,1496,mountain,weathered_rock,poor,2,national,5,35.74,very_high,0.7998,6.2115,199,9,earth,True,4,1.0,under_6h
DSR-01699,SEG-0068,protest_blockade,199.6,40.7,433,mountain,weathered_rock,poor,1,state,4,66.95,high,0.6745,1.0157,0,0,none,True,4,49.6,1_3days
DSR-02187,SEG-0008,flood,370.4,5.3,90,plain,alluvial,fair,4,national,0,36.12,low,0.3133,0.0277,0,0,none,True,4,124.3,over_3days
DSR-00551,SEG-0013,landslide,258.8,37.1,1496,mountain,weathered_rock,poor,2,national,5,35.74,very_high,0.7998,6.2115,2517,53,rock,True,4,5.2,under_6h
DSR-00426,SEG-0013,landslide,898.6,37.1,1496,mountain,weathered_rock,poor,2,national,5,35.74,very_high,0.7998,6.2115,566,19,debris,True,4,1.0,under_6h
DSR-01833,SEG-0004,fallen_tree,147.8,3.7,55,plain,alluvial,good,4,national,0,44.45,low,0.2316,0.1125,0,0,none,True,4,20.7,6_24h
DSR-02180,SEG-0002,fallen_tree,71.9,4.4,53,plain,alluvial,good,4,national,3,47.71,low,0.2701,0.021,0,0,none,True,4,16.1,6_24h
DSR-00456,SEG-0033,landslide,229.2,14.5,337,hilly,lateritic,good,2,national,1,68.93,low,0.3399,0.1596,360,19,rock,True,4,1.0,under_6h
DSR-00500,SEG-0022,landslide,180.7,22.3,1252,mountain,weathered_rock,fair,2,national,3,19.5,high,0.5848,1.641,7264,100,rock,True,4,15.6,6_24h
DSR-00420,SEG-0033,landslide,484.9,14.5,337,hilly,lateritic,good,2,national,1,68.93,low,0.3399,0.1596,460,10,debris,True,4,1.0,under_6h
DSR-02060,SEG-0008,flood,628.2,5.3,90,plain,alluvial,fair,4,national,0,36.12,low,0.3133,0.0277,0,0,none,True,4,107.6,over_3days
DSR-02193,SEG-0008,flood,524.4,5.3,90,plain,alluvial,fair,4,national,0,36.12,low,0.3133,0.0277,0,0,none,True,4,83.1,over_3days
DSR-00581,SEG-0031,landslide,277.9,26.1,850,mountain,weathered_rock,fair,2,state,7,59.58,moderate,0.516,0.621,824,14,rock,True,5,6.3,6_24h
DSR-02058,SEG-0031,flood,384.3,26.1,850,mountain,weathered_rock,fair,2,state,7,59.58,moderate,0.516,0.621,0,0,none,True,5,57.0,1_3days
DSR-01984,SEG-0054,accident_blockage,194.9,32.8,1727,mountain,weathered_rock,fair,2,state,4,16.34,high,0.6827,2.9376,0,0,none,True,5,54.0,1_3days
DSR-00407,SEG-0062,landslide,5.2,28.8,1247,mountain,weathered_rock,good,1,national,0,44.74,high,0.56,1.0729,2154,27,rock,True,5,7.0,6_24h
DSR-01649,SEG-0011,protest_blockade,71.4,5.7,112,plain,alluvial,fair,4,national,1,42.95,low,0.2769,0.0698,0,0,none,True,5,15.6,6_24h
DSR-00645,SEG-0032,landslide,162.1,37.8,1224,mountain,weathered_rock,fair,2,state,6,50.5,high,0.6374,1.1089,785,42,debris,True,5,1.8,under_6h
DSR-00432,SEG-0047,landslide,582.0,27.7,1650,mountain,weathered_rock,fair,2,national,4,6.8,high,0.6569,10.2941,254,23,debris,True,5,1.0,under_6h
DSR-00647,SEG-0013,landslide,536.2,37.1,1496,mountain,weathered_rock,poor,2,national,5,35.74,very_high,0.7998,6.2115,781,41,rock,True,5,1.3,under_6h
DSR-00594,SEG-0063,landslide,184.1,25.7,2415,mountain,weathered_rock,good,1,national,0,35.45,high,0.6573,1.7489,6563,57,rock,True,5,15.7,6_24h
DSR-02002,SEG-0032,flood,661.1,37.8,1224,mountain,weathered_rock,fair,2,state,6,50.5,high,0.6374,1.1089,0,0,none,True,5,61.9,1_3days
DSR-00457,SEG-0059,landslide,580.6,35.4,1092,mountain,weathered_rock,fair,2,national,7,61.83,very_high,0.7049,1.3586,2909,41,rock,True,5,21.1,6_24h
DSR-00578,SEG-0034,landslide,224.0,27.5,891,mountain,weathered_rock,poor,2,national,3,54.94,high,0.6405,1.0193,247,15,rock,True,5,1.0,under_6h
DSR-00481,SEG-0027,landslide,330.6,33.3,1348,mountain,weathered_rock,fair,2,national,3,31.75,high,0.6513,1.5118,365,9,earth,True,5,1.0,under_6h
DSR-00596,SEG-0037,landslide,20.8,38.7,1405,mountain,weathered_rock,poor,2,state,3,68.38,high,0.691,0.9652,2012,22,rock,True,5,10.7,6_24h
DSR-02032,SEG-0069,flood,312.9,20.0,352,mountain,weathered_rock,poor,1,state,5,43.86,high,0.564,1.1628,0,0,none,True,5,186.6,over_3days
DSR-00538,SEG-0064,landslide,88.8,27.6,2731,mountain,weathered_rock,poor,1,national,1,66.29,very_high,0.7556,1.8706,646,19,debris,True,5,1.0,under_6h
DSR-00505,SEG-0064,landslide,78.5,27.6,2731,mountain,weathered_rock,poor,1,national,1,66.29,very_high,0.7556,1.8706,47069,218,rock,True,5,114.9,over_3days
DSR-00465,SEG-0037,landslide,47.1,38.7,1405,mountain,weathered_rock,poor,2,state,3,68.38,high,0.691,0.9652,2966,49,debris,True,5,21.3,6_24h
DSR-00598,SEG-0061,landslide,334.7,24.2,386,mountain,weathered_rock,fair,2,national,4,53.47,high,0.5826,1.1969,1711,55,rock,True,5,4.9,under_6h
DSR-00534,SEG-0054,landslide,121.3,32.8,1727,mountain,weathered_rock,fair,2,state,4,16.34,high,0.6827,2.9376,675,31,earth,True,5,3.1,under_6h
DSR-01969,SEG-0048,protest_blockade,197.0,32.0,1650,mountain,weathered_rock,fair,2,national,0,15.63,high,0.6747,3.263,0,0,none,True,5,4.1,under_6h
DSR-02292,SEG-0058,flood,675.0,27.3,1002,mountain,weathered_rock,fair,2,national,3,55.82,high,0.626,0.842,0,0,none,True,5,49.3,1_3days
DSR-00590,SEG-0032,landslide,3.7,37.8,1224,mountain,weathered_rock,fair,2,state,6,50.5,high,0.6374,1.1089,214,11,rock,True,5,1.9,under_6h
DSR-00642,SEG-0013,landslide,331.8,37.1,1496,mountain,weathered_rock,poor,2,national,5,35.74,very_high,0.7998,6.2115,3766,51,rock,True,5,12.0,6_24h
DSR-02029,SEG-0038,road_subsidence,229.6,1.8,16,plain,alluvial,good,2,national,3,66.77,very_low,0.2089,0.03,0,0,none,True,6,145.2,over_3days
DSR-00476,SEG-0014,landslide,421.2,24.6,1438,mountain,weathered_rock,fair,2,national,5,33.95,high,0.671,3.7408,4222,66,rock,True,6,18.9,6_24h
DSR-00511,SEG-0022,landslide,587.0,22.3,1252,mountain,weathered_rock,fair,2,national,3,19.5,high,0.5848,1.641,8589,66,debris,True,6,18.0,6_24h
DSR-02228,SEG-0029,fallen_tree,40.7,21.4,1260,mountain,weathered_rock,good,2,national,3,44.14,moderate,0.5237,0.589,0,0,none,True,6,16.9,6_24h
DSR-00616,SEG-0024,landslide,247.9,22.5,923,mountain,weathered_rock,fair,2,national,4,51.06,high,0.5596,0.5484,6223,84,rock,True,6,13.0,6_24h
DSR-00657,SEG-0017,landslide,278.0,6.0,54,plain,alluvial,good,2,national,0,111.76,low,0.2804,0.0358,652,35,earth,True,6,1.0,under_6h
DSR-00617,SEG-0058,landslide,460.2,27.3,1002,mountain,weathered_rock,fair,2,national,3,55.82,high,0.626,0.842,8073,101,earth,True,6,24.9,1_3days
DSR-00471,SEG-0052,landslide,7.3,37.0,1662,mountain,weathered_rock,poor,2,state,7,38.08,very_high,0.7503,2.2321,1179,47,debris,True,6,5.6,under_6h
DSR-00494,SEG-0014,landslide,64.9,24.6,1438,mountain,weathered_rock,fair,2,national,5,33.95,high,0.671,3.7408,776,27,rock,True,6,5.5,under_6h
DSR-02054,SEG-0029,fallen_tree,128.7,21.4,1260,mountain,weathered_rock,good,2,national,3,44.14,moderate,0.5237,0.589,0,0,none,True,6,23.5,6_24h
DSR-01821,SEG-0012,flood,682.9,23.6,775,mountain,weathered_rock,fair,2,national,3,30.75,high,0.5759,1.5285,0,0,none,True,6,14.0,6_24h
DSR-00462,SEG-0068,landslide,269.5,40.7,433,mountain,weathered_rock,poor,1,state,4,66.95,high,0.6745,1.0157,25,6,rock,True,6,1.0,under_6h
DSR-00610,SEG-0034,landslide,28.0,27.5,891,mountain,weathered_rock,poor,2,national,3,54.94,high,0.6405,1.0193,2984,48,rock,True,6,12.6,6_24h
DSR-00510,SEG-0059,landslide,488.8,35.4,1092,mountain,weathered_rock,fair,2,national,7,61.83,very_high,0.7049,1.3586,51,12,rock,True,6,1.0,under_6h
DSR-01859,SEG-0005,flood,499.9,2.7,57,plain,alluvial,good,4,national,2,97.15,low,0.2605,0.0206,0,0,none,True,6,242.3,over_3days
DSR-00597,SEG-0015,landslide,872.8,28.7,701,mountain,weathered_rock,fair,2,national,4,75.53,high,0.6753,1.4431,1092,36,earth,True,6,3.0,under_6h
DSR-00439,SEG-0014,landslide,104.7,24.6,1438,mountain,weathered_rock,fair,2,national,5,33.95,high,0.671,3.7408,24469,110,earth,True,6,23.9,6_24h
DSR-01919,SEG-0026,fallen_tree,29.9,31.7,1319,mountain,weathered_rock,fair,2,national,2,35.84,high,0.6286,1.3672,0,0,none,True,6,11.4,6_24h
DSR-00663,SEG-0015,landslide,447.7,28.7,701,mountain,weathered_rock,fair,2,national,4,75.53,high,0.6753,1.4431,5968,32,earth,True,6,11.8,6_24h
DSR-00563,SEG-0069,landslide,360.5,20.0,352,mountain,weathered_rock,poor,1,state,5,43.86,high,0.564,1.1628,1364,22,debris,True,6,7.2,6_24h
DSR-01733,SEG-0005,flood,305.1,2.7,57,plain,alluvial,good,4,national,2,97.15,low,0.2605,0.0206,0,0,none,True,6,230.6,over_3days
DSR-01949,SEG-0050,flood,630.7,33.3,1250,mountain,weathered_rock,poor,1,national,4,14.76,very_high,0.7245,5.6233,0,0,none,True,6,47.8,1_3days
DSR-00638,SEG-0060,landslide,372.0,40.2,620,mountain,weathered_rock,fair,2,national,3,60.75,very_high,0.7497,1.1193,168,14,rock,True,6,1.2,under_6h
DSR-00552,SEG-0052,landslide,281.3,37.0,1662,mountain,weathered_rock,poor,2,state,7,38.08,very_high,0.7503,2.2321,16102,103,debris,True,6,35.0,1_3days
DSR-00419,SEG-0055,landslide,592.4,37.5,1780,mountain,weathered_rock,fair,2,state,3,9.73,very_high,0.7143,6.5776,6550,52,earth,True,6,15.6,6_24h
DSR-00557,SEG-0055,landslide,425.8,37.5,1780,mountain,weathered_rock,fair,2,state,3,9.73,very_high,0.7143,6.5776,1231,41,debris,True,6,3.5,under_6h
DSR-00656,SEG-0013,landslide,699.8,37.1,1496,mountain,weathered_rock,poor,2,national,5,35.74,very_high,0.7998,6.2115,25251,139,rock,True,6,54.4,1_3days
DSR-00404,SEG-0049,landslide,29.6,22.3,1450,mountain,weathered_rock,fair,1,national,1,20.47,high,0.6253,2.1006,352,12,debris,True,6,1.0,under_6h
DSR-00391,SEG-0030,landslide,4.7,33.9,642,mountain,weathered_rock,good,2,national,5,34.62,moderate,0.5294,0.751,367,21,debris,True,6,1.4,under_6h
DSR-02131,SEG-0011,flood,310.8,5.7,112,plain,alluvial,fair,4,national,1,42.95,low,0.2769,0.0698,0,0,none,True,6,67.9,1_3days
DSR-02264,SEG-0052,road_subsidence,235.1,37.0,1662,mountain,weathered_rock,poor,2,state,7,38.08,very_high,0.7503,2.2321,0,0,none,True,6,43.1,1_3days
DSR-00504,SEG-0037,landslide,309.4,38.7,1405,mountain,weathered_rock,poor,2,state,3,68.38,high,0.691,0.9652,3860,72,debris,True,6,13.7,6_24h
DSR-00676,SEG-0023,landslide,297.9,23.6,1061,mountain,weathered_rock,fair,2,national,0,27.48,moderate,0.546,1.0917,679,19,rock,True,6,1.0,under_6h
DSR-00488,SEG-0034,landslide,588.0,27.5,891,mountain,weathered_rock,poor,2,national,3,54.94,high,0.6405,1.0193,3455,69,debris,True,6,10.9,6_24h
DSR-00635,SEG-0051,landslide,615.0,40.0,1250,mountain,weathered_rock,good,1,national,4,14.39,very_high,0.7423,3.0577,3894,55,rock,True,6,14.2,6_24h
DSR-00496,SEG-0063,landslide,385.7,25.7,2415,mountain,weathered_rock,good,1,national,0,35.45,high,0.6573,1.7489,104,7,rock,True,6,1.0,under_6h
DSR-00434,SEG-0031,landslide,32.5,26.1,850,mountain,weathered_rock,fair,2,state,7,59.58,moderate,0.516,0.621,6004,89,debris,True,6,18.2,6_24h
DSR-01795,SEG-0023,bridge_damage,307.4,23.6,1061,mountain,weathered_rock,fair,2,national,0,27.48,moderate,0.546,1.0917,0,0,none,True,6,120.4,over_3days
DSR-00569,SEG-0014,landslide,404.9,24.6,1438,mountain,weathered_rock,fair,2,national,5,33.95,high,0.671,3.7408,242,18,rock,True,6,1.1,under_6h
DSR-02213,SEG-0036,flood,467.4,38.8,1084,mountain,weathered_rock,good,2,national,0,48.29,high,0.5956,0.8905,0,0,none,True,6,172.7,over_3days
DSR-00512,SEG-0019,landslide,482.2,14.6,337,hilly,lateritic,good,2,national,0,41.98,moderate,0.4436,0.8814,11505,77,rock,True,6,9.9,6_24h
DSR-00498,SEG-0065,landslide,496.2,24.2,1060,mountain,weathered_rock,fair,1,state,3,49.23,high,0.6127,1.1781,47758,104,earth,True,6,148.0,over_3days
DSR-01906,SEG-0067,accident_blockage,67.1,17.3,231,hilly,lateritic,fair,1,state,2,38.22,moderate,0.4483,0.5233,0,0,none,True,6,1.4,under_6h
DSR-02030,SEG-0037,bridge_damage,337.6,38.7,1405,mountain,weathered_rock,poor,2,state,3,68.38,high,0.691,0.9652,0,0,none,True,6,1972.3,over_3days
DSR-00593,SEG-0060,landslide,291.4,40.2,620,mountain,weathered_rock,fair,2,national,3,60.75,very_high,0.7497,1.1193,875,34,rock,True,6,3.2,under_6h
DSR-02298,SEG-0066,accident_blockage,149.1,40.9,1099,mountain,weathered_rock,fair,1,state,1,40.68,very_high,0.7302,2.1141,0,0,none,True,6,2.7,under_6h
DSR-00472,SEG-0037,landslide,231.5,38.7,1405,mountain,weathered_rock,poor,2,state,3,68.38,high,0.691,0.9652,2086,27,rock,True,6,29.3,1_3days
DSR-02206,SEG-0037,flood,200.3,38.7,1405,mountain,weathered_rock,poor,2,state,3,68.38,high,0.691,0.9652,0,0,none,True,7,513.7,over_3days
DSR-02124,SEG-0046,protest_blockade,96.4,42.0,886,mountain,weathered_rock,fair,2,national,3,52.1,very_high,0.7002,1.2668,0,0,none,True,7,9.4,6_24h
DSR-00556,SEG-0015,landslide,556.8,28.7,701,mountain,weathered_rock,fair,2,national,4,75.53,high,0.6753,1.4431,73621,238,rock,True,7,408.1,over_3days
DSR-00655,SEG-0059,landslide,329.1,35.4,1092,mountain,weathered_rock,fair,2,national,7,61.83,very_high,0.7049,1.3586,875,19,earth,True,7,1.0,under_6h
DSR-00449,SEG-0030,landslide,506.0,33.9,642,mountain,weathered_rock,good,2,national,5,34.62,moderate,0.5294,0.751,564,35,rock,True,7,1.7,under_6h
DSR-00451,SEG-0012,landslide,421.7,23.6,775,mountain,weathered_rock,fair,2,national,3,30.75,high,0.5759,1.5285,1222,35,earth,True,7,2.8,under_6h
DSR-00644,SEG-0052,landslide,163.2,37.0,1662,mountain,weathered_rock,poor,2,state,7,38.08,very_high,0.7503,2.2321,721,40,rock,True,7,5.5,under_6h
DSR-00570,SEG-0052,landslide,542.0,37.0,1662,mountain,weathered_rock,poor,2,state,7,38.08,very_high,0.7503,2.2321,630,31,debris,True,7,3.2,under_6h
DSR-02091,SEG-0021,accident_blockage,66.9,30.0,794,mountain,weathered_rock,fair,2,national,4,46.0,high,0.5592,0.7826,0,0,none,True,7,23.0,6_24h
DSR-00530,SEG-0022,landslide,552.6,22.3,1252,mountain,weathered_rock,fair,2,national,3,19.5,high,0.5848,1.641,2459,54,rock,True,7,7.4,6_24h
DSR-01975,SEG-0004,fallen_tree,84.5,3.7,55,plain,alluvial,good,4,national,0,44.45,low,0.2316,0.1125,0,0,none,True,7,24.5,1_3days
DSR-00550,SEG-0065,landslide,172.9,24.2,1060,mountain,weathered_rock,fair,1,state,3,49.23,high,0.6127,1.1781,641,26,earth,True,7,3.3,under_6h
DSR-00651,SEG-0027,landslide,476.8,33.3,1348,mountain,weathered_rock,fair,2,national,3,31.75,high,0.6513,1.5118,203,11,rock,True,7,1.0,under_6h
DSR-01721,SEG-0066,road_subsidence,306.8,40.9,1099,mountain,weathered_rock,fair,1,state,1,40.68,very_high,0.7302,2.1141,0,0,none,True,7,461.8,over_3days
DSR-00636,SEG-0031,landslide,124.7,26.1,850,mountain,weathered_rock,fair,2,state,7,59.58,moderate,0.516,0.621,986,45,rock,True,7,8.4,6_24h
DSR-00525,SEG-0063,landslide,35.8,25.7,2415,mountain,weathered_rock,good,1,national,0,35.45,high,0.6573,1.7489,1789,57,rock,True,7,6.2,6_24h
DSR-00503,SEG-0015,landslide,416.8,28.7,701,mountain,weathered_rock,fair,2,national,4,75.53,high,0.6753,1.4431,55891,80,rock,True,7,400.5,over_3days
DSR-00618,SEG-0013,landslide,288.9,37.1,1496,mountain,weathered_rock,poor,2,national,5,35.74,very_high,0.7998,6.2115,3657,73,rock,True,7,52.1,1_3days
DSR-00558,SEG-0048,landslide,580.2,32.0,1650,mountain,weathered_rock,fair,2,national,0,15.63,high,0.6747,3.263,2396,22,rock,True,7,9.9,6_24h
DSR-00648,SEG-0043,landslide,438.9,20.5,34,hilly,lateritic,poor,2,national,1,17.57,moderate,0.4617,0.9676,1286,33,debris,True,7,1.2,under_6h
DSR-00448,SEG-0056,landslide,517.2,13.0,259,hilly,lateritic,fair,2,national,2,94.3,low,0.3544,0.1273,8463,108,earth,True,7,12.3,6_24h
DSR-00527,SEG-0013,landslide,319.9,37.1,1496,mountain,weathered_rock,poor,2,national,5,35.74,very_high,0.7998,6.2115,15090,91,debris,True,7,14.0,6_24h
DSR-00443,SEG-0053,landslide,357.3,22.5,1675,mountain,weathered_rock,good,2,state,2,6.97,high,0.5856,6.8867,23203,107,rock,True,7,139.8,over_3days
DSR-00614,SEG-0036,landslide,73.4,38.8,1084,mountain,weathered_rock,good,2,national,0,48.29,high,0.5956,0.8905,629,36,debris,True,7,1.0,under_6h
DSR-00454,SEG-0035,landslide,264.9,24.0,1216,mountain,weathered_rock,poor,2,national,1,49.37,high,0.6147,1.1951,1269,35,debris,True,7,1.3,under_6h
DSR-00427,SEG-0013,landslide,892.6,37.1,1496,mountain,weathered_rock,poor,2,national,5,35.74,very_high,0.7998,6.2115,3392,38,debris,True,7,8.0,6_24h
DSR-00660,SEG-0069,landslide,371.9,20.0,352,mountain,weathered_rock,poor,1,state,5,43.86,high,0.564,1.1628,508,33,rock,True,7,5.0,under_6h
DSR-00654,SEG-0052,landslide,262.2,37.0,1662,mountain,weathered_rock,poor,2,state,7,38.08,very_high,0.7503,2.2321,2058,43,rock,True,7,50.2,1_3days
DSR-00490,SEG-0066,landslide,134.5,40.9,1099,mountain,weathered_rock,fair,1,state,1,40.68,very_high,0.7302,2.1141,6745,80,earth,True,7,16.8,6_24h
DSR-00492,SEG-0014,landslide,861.6,24.6,1438,mountain,weathered_rock,fair,2,national,5,33.95,high,0.671,3.7408,479,19,earth,True,7,1.0,under_6h
DSR-00646,SEG-0058,landslide,68.4,27.3,1002,mountain,weathered_rock,fair,2,national,3,55.82,high,0.626,0.842,304,27,earth,True,7,1.0,under_6h
DSR-02294,SEG-0004,fallen_tree,171.2,3.7,55,plain,alluvial,good,4,national,0,44.45,low,0.2316,0.1125,0,0,none,True,7,5.1,under_6h
DSR-00688,SEG-0053,landslide,355.8,22.5,1675,mountain,weathered_rock,good,2,state,2,6.97,high,0.5856,6.8867,10221,47,earth,True,7,22.2,6_24h
DSR-00455,SEG-0051,landslide,410.7,40.0,1250,mountain,weathered_rock,good,1,national,4,14.39,very_high,0.7423,3.0577,169,9,debris,True,7,1.0,under_6h
DSR-00417,SEG-0057,landslide,483.6,21.7,259,hilly,lateritic,fair,2,national,0,52.2,moderate,0.4661,0.4789,1607,48,debris,True,7,2.1,under_6h
DSR-00637,SEG-0062,landslide,524.7,28.8,1247,mountain,weathered_rock,good,1,national,0,44.74,high,0.56,1.0729,2092,21,debris,True,7,3.1,under_6h
DSR-00396,SEG-0026,landslide,503.4,31.7,1319,mountain,weathered_rock,fair,2,national,2,35.84,high,0.6286,1.3672,2708,27,rock,True,7,8.7,6_24h
DSR-00463,SEG-0034,landslide,172.0,27.5,891,mountain,weathered_rock,poor,2,national,3,54.94,high,0.6405,1.0193,3290,74,debris,True,7,9.8,6_24h
DSR-01790,SEG-0058,road_subsidence,183.1,27.3,1002,mountain,weathered_rock,fair,2,national,3,55.82,high,0.626,0.842,0,0,none,True,7,12.9,6_24h
DSR-02130,SEG-0067,accident_blockage,173.6,17.3,231,hilly,lateritic,fair,1,state,2,38.22,moderate,0.4483,0.5233,0,0,none,True,7,7.9,6_24h
DSR-01925,SEG-0022,flood,246.8,22.3,1252,mountain,weathered_rock,fair,2,national,3,19.5,high,0.5848,1.641,0,0,none,True,7,114.7,over_3days
DSR-00628,SEG-0035,landslide,129.8,24.0,1216,mountain,weathered_rock,poor,2,national,1,49.37,high,0.6147,1.1951,1591,52,earth,True,7,2.1,under_6h
DSR-00627,SEG-0013,landslide,445.1,37.1,1496,mountain,weathered_rock,poor,2,national,5,35.74,very_high,0.7998,6.2115,6305,51,rock,True,7,13.5,6_24h
DSR-00468,SEG-0034,landslide,168.4,27.5,891,mountain,weathered_rock,poor,2,national,3,54.94,high,0.6405,1.0193,2551,32,debris,True,7,3.9,under_6h
DSR-00470,SEG-0048,landslide,610.3,32.0,1650,mountain,weathered_rock,fair,2,national,0,15.63,high,0.6747,3.263,277,23,debris,True,8,1.0,under_6h
DSR-00626,SEG-0036,landslide,158.8,38.8,1084,mountain,weathered_rock,good,2,national,0,48.29,high,0.5956,0.8905,649,18,earth,True,8,1.0,under_6h
DSR-01626,SEG-0054,bridge_damage,336.0,32.8,1727,mountain,weathered_rock,fair,2,state,4,16.34,high,0.6827,2.9376,0,0,none,True,8,757.2,over_3days
DSR-00393,SEG-0012,landslide,58.8,23.6,775,mountain,weathered_rock,fair,2,national,3,30.75,high,0.5759,1.5285,4915,43,debris,True,8,10.4,6_24h
DSR-00536,SEG-0004,landslide,457.2,3.7,55,plain,alluvial,good,4,national,0,44.45,low,0.2316,0.1125,133,19,earth,True,8,1.0,under_6h
DSR-00523,SEG-0067,landslide,82.0,17.3,231,hilly,lateritic,fair,1,state,2,38.22,moderate,0.4483,0.5233,482,32,debris,True,8,2.2,under_6h
DSR-00520,SEG-0046,landslide,472.5,42.0,886,mountain,weathered_rock,fair,2,national,3,52.1,very_high,0.7002,1.2668,3095,28,debris,True,8,8.9,6_24h
DSR-00588,SEG-0054,landslide,416.5,32.8,1727,mountain,weathered_rock,fair,2,state,4,16.34,high,0.6827,2.9376,701,17,earth,True,8,2.8,under_6h
DSR-00650,SEG-0051,landslide,413.2,40.0,1250,mountain,weathered_rock,good,1,national,4,14.39,very_high,0.7423,3.0577,34966,187,rock,True,8,127.9,over_3days
DSR-00415,SEG-0068,landslide,237.0,40.7,433,mountain,weathered_rock,poor,1,state,4,66.95,high,0.6745,1.0157,76506,267,earth,True,8,397.4,over_3days
DSR-00431,SEG-0028,landslide,333.7,34.8,1023,mountain,weathered_rock,good,2,national,7,46.71,high,0.5668,0.8349,692,13,rock,True,8,3.6,under_6h
DSR-00632,SEG-0025,landslide,113.6,39.3,1378,mountain,weathered_rock,good,2,national,7,49.09,high,0.6173,1.1204,90995,180,rock,True,8,435.9,over_3days
DSR-00604,SEG-0054,landslide,503.8,32.8,1727,mountain,weathered_rock,fair,2,state,4,16.34,high,0.6827,2.9376,1417,42,earth,True,8,5.2,under_6h
DSR-00683,SEG-0053,landslide,24.7,22.5,1675,mountain,weathered_rock,good,2,state,2,6.97,high,0.5856,6.8867,905,22,debris,True,8,2.7,under_6h
DSR-00479,SEG-0069,landslide,52.1,20.0,352,mountain,weathered_rock,poor,1,state,5,43.86,high,0.564,1.1628,468,27,debris,True,8,8.9,6_24h
DSR-00543,SEG-0027,landslide,104.9,33.3,1348,mountain,weathered_rock,fair,2,national,3,31.75,high,0.6513,1.5118,63535,185,earth,True,8,72.4,over_3days
DSR-01758,SEG-0013,fallen_tree,149.3,37.1,1496,mountain,weathered_rock,poor,2,national,5,35.74,very_high,0.7998,6.2115,0,0,none,True,8,9.4,6_24h
DSR-00623,SEG-0064,landslide,175.7,27.6,2731,mountain,weathered_rock,poor,1,national,1,66.29,very_high,0.7556,1.8706,4059,29,earth,True,8,7.4,6_24h
DSR-00566,SEG-0013,landslide,703.4,37.1,1496,mountain,weathered_rock,poor,2,national,5,35.74,very_high,0.7998,6.2115,1879,27,earth,True,8,3.9,under_6h
DSR-00583,SEG-0058,landslide,219.9,27.3,1002,mountain,weathered_rock,fair,2,national,3,55.82,high,0.626,0.842,1758,59,rock,True,8,12.1,6_24h
DSR-00423,SEG-0013,landslide,516.9,37.1,1496,mountain,weathered_rock,poor,2,national,5,35.74,very_high,0.7998,6.2115,126,10,debris,True,8,1.0,under_6h
DSR-00535,SEG-0060,landslide,276.1,40.2,620,mountain,weathered_rock,fair,2,national,3,60.75,very_high,0.7497,1.1193,7280,47,rock,True,8,27.4,1_3days
DSR-01856,SEG-0020,fallen_tree,150.9,15.5,450,hilly,lateritic,fair,2,national,1,33.37,moderate,0.4853,0.7492,0,0,none,True,8,8.6,6_24h
DSR-02072,SEG-0066,accident_blockage,74.1,40.9,1099,mountain,weathered_rock,fair,1,state,1,40.68,very_high,0.7302,2.1141,0,0,none,True,8,47.7,1_3days
DSR-00514,SEG-0061,landslide,140.0,24.2,386,mountain,weathered_rock,fair,2,national,4,53.47,high,0.5826,1.1969,1725,18,rock,True,8,5.3,under_6h
DSR-02128,SEG-0044,fallen_tree,62.0,3.8,23,plain,alluvial,good,2,national,2,50.09,low,0.2667,0.0399,0,0,none,True,8,15.5,6_24h
DSR-01999,SEG-0043,accident_blockage,15.3,20.5,34,hilly,lateritic,poor,2,national,1,17.57,moderate,0.4617,0.9676,0,0,none,True,8,6.1,6_24h
DSR-02170,SEG-0029,flood,531.8,21.4,1260,mountain,weathered_rock,good,2,national,3,44.14,moderate,0.5237,0.589,0,0,none,True,8,88.1,over_3days
DSR-00653,SEG-0059,landslide,384.1,35.4,1092,mountain,weathered_rock,fair,2,national,7,61.83,very_high,0.7049,1.3586,4357,54,debris,True,8,7.5,6_24h
DSR-00542,SEG-0057,landslide,203.6,21.7,259,hilly,lateritic,fair,2,national,0,52.2,moderate,0.4661,0.4789,684,21,debris,True,8,1.1,under_6h
DSR-02197,SEG-0040,flood,220.5,11.0,60,hilly,lateritic,fair,2,national,0,29.41,moderate,0.3802,0.204,0,0,none,True,8,198.8,over_3days
DSR-00573,SEG-0053,landslide,334.3,22.5,1675,mountain,weathered_rock,good,2,state,2,6.97,high,0.5856,6.8867,904,15,rock,True,8,7.9,6_24h
DSR-00685,SEG-0026,landslide,8.3,31.7,1319,mountain,weathered_rock,fair,2,national,2,35.84,high,0.6286,1.3672,220,8,rock,True,8,1.0,under_6h
DSR-01645,SEG-0046,protest_blockade,156.3,42.0,886,mountain,weathered_rock,fair,2,national,3,52.1,very_high,0.7002,1.2668,0,0,none,True,8,11.9,6_24h
DSR-00437,SEG-0052,landslide,421.5,37.0,1662,mountain,weathered_rock,poor,2,state,7,38.08,very_high,0.7503,2.2321,2053,19,debris,True,8,10.5,6_24h
DSR-01840,SEG-0054,road_subsidence,257.9,32.8,1727,mountain,weathered_rock,fair,2,state,4,16.34,high,0.6827,2.9376,0,0,none,True,8,190.7,over_3days
DSR-02263,SEG-0044,flood,480.2,3.8,23,plain,alluvial,good,2,national,2,50.09,low,0.2667,0.0399,0,0,none,True,8,212.4,over_3days
DSR-00631,SEG-0032,landslide,349.6,37.8,1224,mountain,weathered_rock,fair,2,state,6,50.5,high,0.6374,1.1089,346,28,debris,True,8,2.1,under_6h
DSR-00416,SEG-0014,landslide,645.8,24.6,1438,mountain,weathered_rock,fair,2,national,5,33.95,high,0.671,3.7408,1166,17,rock,True,9,2.1,under_6h
DSR-00516,SEG-0058,landslide,324.6,27.3,1002,mountain,weathered_rock,fair,2,national,3,55.82,high,0.626,0.842,1856,40,earth,True,9,8.1,6_24h
DSR-00607,SEG-0065,landslide,180.9,24.2,1060,mountain,weathered_rock,fair,1,state,3,49.23,high,0.6127,1.1781,1615,30,earth,True,9,6.2,6_24h
DSR-00589,SEG-0060,landslide,2.5,40.2,620,mountain,weathered_rock,fair,2,national,3,60.75,very_high,0.7497,1.1193,1064,22,debris,True,9,1.0,under_6h
DSR-00441,SEG-0014,landslide,500.2,24.6,1438,mountain,weathered_rock,fair,2,national,5,33.95,high,0.671,3.7408,1429,35,rock,True,9,5.5,under_6h
DSR-00452,SEG-0066,landslide,498.9,40.9,1099,mountain,weathered_rock,fair,1,state,1,40.68,very_high,0.7302,2.1141,2313,50,earth,True,9,4.0,under_6h
DSR-00672,SEG-0048,landslide,43.9,32.0,1650,mountain,weathered_rock,fair,2,national,0,15.63,high,0.6747,3.263,7541,76,earth,True,9,6.9,6_24h
DSR-00485,SEG-0049,landslide,80.6,22.3,1450,mountain,weathered_rock,fair,1,national,1,20.47,high,0.6253,2.1006,2847,23,rock,True,9,16.1,6_24h
DSR-00537,SEG-0069,landslide,355.5,20.0,352,mountain,weathered_rock,poor,1,state,5,43.86,high,0.564,1.1628,982,22,debris,True,9,3.1,under_6h
DSR-00629,SEG-0023,landslide,201.3,23.6,1061,mountain,weathered_rock,fair,2,national,0,27.48,moderate,0.546,1.0917,6418,82,debris,True,9,9.3,6_24h
DSR-00409,SEG-0067,landslide,126.2,17.3,231,hilly,lateritic,fair,1,state,2,38.22,moderate,0.4483,0.5233,831,21,rock,True,9,5.3,under_6h
DSR-00568,SEG-0034,landslide,227.5,27.5,891,mountain,weathered_rock,poor,2,national,3,54.94,high,0.6405,1.0193,11827,106,debris,True,9,14.8,6_24h
DSR-00453,SEG-0014,landslide,527.2,24.6,1438,mountain,weathered_rock,fair,2,national,5,33.95,high,0.671,3.7408,19882,122,debris,True,9,12.1,6_24h
DSR-00664,SEG-0036,landslide,419.0,38.8,1084,mountain,weathered_rock,good,2,national,0,48.29,high,0.5956,0.8905,936,14,debris,True,9,1.1,under_6h
DSR-00433,SEG-0068,landslide,352.5,40.7,433,mountain,weathered_rock,poor,1,state,4,66.95,high,0.6745,1.0157,3105,35,earth,True,9,18.4,6_24h
DSR-00460,SEG-0034,landslide,610.6,27.5,891,mountain,weathered_rock,poor,2,national,3,54.94,high,0.6405,1.0193,910,37,rock,True,9,2.4,under_6h
DSR-00606,SEG-0036,landslide,397.0,38.8,1084,mountain,weathered_rock,good,2,national,0,48.29,high,0.5956,0.8905,216,17,rock,True,9,1.0,under_6h
DSR-00677,SEG-0066,landslide,272.5,40.9,1099,mountain,weathered_rock,fair,1,state,1,40.68,very_high,0.7302,2.1141,6589,57,earth,True,9,50.2,1_3days
DSR-00624,SEG-0026,landslide,552.4,31.7,1319,mountain,weathered_rock,fair,2,national,2,35.84,high,0.6286,1.3672,2682,25,debris,True,9,3.0,under_6h
DSR-00508,SEG-0066,landslide,356.3,40.9,1099,mountain,weathered_rock,fair,1,state,1,40.68,very_high,0.7302,2.1141,2511,43,rock,True,10,20.7,6_24h
DSR-02083,SEG-0060,flood,251.0,40.2,620,mountain,weathered_rock,fair,2,national,3,60.75,very_high,0.7497,1.1193,0,0,none,True,10,99.2,over_3days
DSR-01953,SEG-0004,protest_blockade,127.9,3.7,55,plain,alluvial,good,4,national,0,44.45,low,0.2316,0.1125,0,0,none,True,10,21.5,6_24h
DSR-00559,SEG-0054,landslide,347.3,32.8,1727,mountain,weathered_rock,fair,2,state,4,16.34,high,0.6827,2.9376,986,18,debris,True,10,2.3,under_6h
DSR-00424,SEG-0052,landslide,479.7,37.0,1662,mountain,weathered_rock,poor,2,state,7,38.08,very_high,0.7503,2.2321,930,27,rock,True,10,6.4,6_24h
DSR-00400,SEG-0050,landslide,615.2,33.3,1250,mountain,weathered_rock,poor,1,national,4,14.76,very_high,0.7245,5.6233,777,23,debris,True,10,1.5,under_6h
DSR-00403,SEG-0013,landslide,700.7,37.1,1496,mountain,weathered_rock,poor,2,national,5,35.74,very_high,0.7998,6.2115,61770,248,debris,True,10,30.6,1_3days
DSR-00446,SEG-0055,landslide,529.1,37.5,1780,mountain,weathered_rock,fair,2,state,3,9.73,very_high,0.7143,6.5776,369,24,debris,True,10,3.0,under_6h
DSR-00673,SEG-0030,landslide,123.4,33.9,642,mountain,weathered_rock,good,2,national,5,34.62,moderate,0.5294,0.751,5101,81,earth,True,11,3.3,under_6h
DSR-00619,SEG-0055,landslide,619.6,37.5,1780,mountain,weathered_rock,fair,2,state,3,9.73,very_high,0.7143,6.5776,91877,199,debris,True,11,442.3,over_3days
DSR-00691,SEG-0019,landslide,190.7,14.6,337,hilly,lateritic,good,2,national,0,41.98,moderate,0.4436,0.8814,953,33,debris,True,11,1.0,under_6h
DSR-02156,SEG-0008,accident_blockage,68.5,5.3,90,plain,alluvial,fair,4,national,0,36.12,low,0.3133,0.0277,0,0,none,True,12,9.6,6_24h
DSR-02173,SEG-0006,maintenance,50.2,1.5,69,plain,alluvial,fair,4,national,0,33.98,low,0.268,0.0294,0,0,none,True,12,47.6,1_3days
DSR-01810,SEG-0038,bridge_damage,113.2,1.8,16,plain,alluvial,good,2,national,3,66.77,very_low,0.2089,0.03,0,0,none,True,12,910.9,over_3days
DSR-02135,SEG-0052,maintenance,10.4,37.0,1662,mountain,weathered_rock,poor,2,state,7,38.08,very_high,0.7503,2.2321,0,0,none,True,1,109.6,over_3days
DSR-01741,SEG-0032,maintenance,11.9,37.8,1224,mountain,weathered_rock,fair,2,state,6,50.5,high,0.6374,1.1089,0,0,none,True,1,155.9,over_3days
DSR-00839,SEG-0013,landslide,735.3,37.1,1496,mountain,weathered_rock,poor,2,national,5,35.74,very_high,0.7998,6.2115,1032,39,earth,True,1,1.0,under_6h
DSR-00905,SEG-0047,landslide,405.2,27.7,1650,mountain,weathered_rock,fair,2,national,4,6.8,high,0.6569,10.2941,89,8,earth,True,2,1.0,under_6h
DSR-01688,SEG-0053,maintenance,32.9,22.5,1675,mountain,weathered_rock,good,2,state,2,6.97,high,0.5856,6.8867,0,0,none,True,2,38.1,1_3days
DSR-00797,SEG-0053,landslide,529.5,22.5,1675,mountain,weathered_rock,good,2,state,2,6.97,high,0.5856,6.8867,8027,105,rock,True,3,39.9,1_3days
DSR-00713,SEG-0055,landslide,402.3,37.5,1780,mountain,weathered_rock,fair,2,state,3,9.73,very_high,0.7143,6.5776,5515,93,earth,True,3,6.3,6_24h
DSR-01714,SEG-0057,maintenance,2.2,21.7,259,hilly,lateritic,fair,2,national,0,52.2,moderate,0.4661,0.4789,0,0,none,True,3,23.7,6_24h
DSR-02261,SEG-0054,maintenance,58.8,32.8,1727,mountain,weathered_rock,fair,2,state,4,16.34,high,0.6827,2.9376,0,0,none,True,3,72.3,over_3days
DSR-01678,SEG-0046,flood,508.0,42.0,886,mountain,weathered_rock,fair,2,national,3,52.1,very_high,0.7002,1.2668,0,0,none,True,3,143.5,over_3days
DSR-00801,SEG-0042,landslide,277.0,9.1,45,hilly,lateritic,poor,2,national,3,16.18,moderate,0.4355,1.0507,4873,91,debris,True,3,2.1,under_6h
DSR-00811,SEG-0050,landslide,5.7,33.3,1250,mountain,weathered_rock,poor,1,national,4,14.76,very_high,0.7245,5.6233,417,26,rock,True,3,2.7,under_6h
DSR-01023,SEG-0064,landslide,264.0,27.6,2731,mountain,weathered_rock,poor,1,national,1,66.29,very_high,0.7556,1.8706,14058,135,earth,True,3,12.5,6_24h
DSR-01047,SEG-0070,landslide,71.6,17.5,123,hilly,lateritic,good,2,state,2,93.38,low,0.3544,0.1606,756,32,earth,True,3,1.0,under_6h
DSR-00714,SEG-0050,landslide,471.2,33.3,1250,mountain,weathered_rock,poor,1,national,4,14.76,very_high,0.7245,5.6233,96,5,debris,True,3,1.0,under_6h
DSR-01658,SEG-0003,maintenance,36.2,2.1,54,plain,alluvial,fair,4,national,1,45.56,low,0.2534,0.0,0,0,none,True,3,55.1,1_3days
DSR-01835,SEG-0020,flood,624.7,15.5,450,hilly,lateritic,fair,2,national,1,33.37,moderate,0.4853,0.7492,0,0,none,True,4,54.8,1_3days
DSR-01100,SEG-0021,landslide,213.5,30.0,794,mountain,weathered_rock,fair,2,national,4,46.0,high,0.5592,0.7826,235,10,debris,True,4,1.0,under_6h
DSR-01747,SEG-0030,flood,358.1,33.9,642,mountain,weathered_rock,good,2,national,5,34.62,moderate,0.5294,0.751,0,0,none,True,4,123.2,over_3days
DSR-01932,SEG-0023,accident_blockage,18.9,23.6,1061,mountain,weathered_rock,fair,2,national,0,27.48,moderate,0.546,1.0917,0,0,none,True,4,10.9,6_24h
DSR-00877,SEG-0055,landslide,348.9,37.5,1780,mountain,weathered_rock,fair,2,state,3,9.73,very_high,0.7143,6.5776,37281,77,rock,True,4,343.4,over_3days
DSR-00868,SEG-0015,landslide,764.8,28.7,701,mountain,weathered_rock,fair,2,national,4,75.53,high,0.6753,1.4431,1247,48,rock,True,4,1.6,under_6h
DSR-01060,SEG-0063,landslide,15.8,25.7,2415,mountain,weathered_rock,good,1,national,0,35.45,high,0.6573,1.7489,4101,55,rock,True,4,7.3,6_24h
DSR-00760,SEG-0066,landslide,393.8,40.9,1099,mountain,weathered_rock,fair,1,state,1,40.68,very_high,0.7302,2.1141,4152,61,debris,True,4,7.9,6_24h
DSR-00723,SEG-0019,landslide,470.9,14.6,337,hilly,lateritic,good,2,national,0,41.98,moderate,0.4436,0.8814,31600,122,rock,True,4,26.6,1_3days
DSR-01783,SEG-0012,fallen_tree,192.1,23.6,775,mountain,weathered_rock,fair,2,national,3,30.75,high,0.5759,1.5285,0,0,none,True,4,3.0,under_6h
DSR-01931,SEG-0020,bridge_damage,252.8,15.5,450,hilly,lateritic,fair,2,national,1,33.37,moderate,0.4853,0.7492,0,0,none,True,4,561.8,over_3days
DSR-01043,SEG-0036,landslide,467.9,38.8,1084,mountain,weathered_rock,good,2,national,0,48.29,high,0.5956,0.8905,58578,100,rock,True,4,145.8,over_3days
DSR-01854,SEG-0021,flood,488.5,30.0,794,mountain,weathered_rock,fair,2,national,4,46.0,high,0.5592,0.7826,0,0,none,True,4,43.9,1_3days
DSR-01830,SEG-0059,road_subsidence,364.9,35.4,1092,mountain,weathered_rock,fair,2,national,7,61.83,very_high,0.7049,1.3586,0,0,none,True,4,260.7,over_3days
DSR-00710,SEG-0027,landslide,30.1,33.3,1348,mountain,weathered_rock,fair,2,national,3,31.75,high,0.6513,1.5118,126,17,rock,True,4,1.0,under_6h
DSR-01078,SEG-0015,landslide,823.0,28.7,701,mountain,weathered_rock,fair,2,national,4,75.53,high,0.6753,1.4431,1234,45,rock,True,4,1.6,under_6h
DSR-00730,SEG-0026,landslide,233.3,31.7,1319,mountain,weathered_rock,fair,2,national,2,35.84,high,0.6286,1.3672,999,19,earth,True,4,1.0,under_6h
DSR-00883,SEG-0012,landslide,469.5,23.6,775,mountain,weathered_rock,fair,2,national,3,30.75,high,0.5759,1.5285,1431,26,rock,True,5,6.3,6_24h
DSR-00908,SEG-0051,landslide,15.5,40.0,1250,mountain,weathered_rock,good,1,national,4,14.39,very_high,0.7423,3.0577,25,8,rock,True,5,1.0,under_6h
DSR-00861,SEG-0069,landslide,258.9,20.0,352,mountain,weathered_rock,poor,1,state,5,43.86,high,0.564,1.1628,1569,25,rock,True,5,5.8,under_6h
DSR-01083,SEG-0064,landslide,125.1,27.6,2731,mountain,weathered_rock,poor,1,national,1,66.29,very_high,0.7556,1.8706,1480,35,debris,True,5,1.9,under_6h
DSR-01013,SEG-0013,landslide,680.6,37.1,1496,mountain,weathered_rock,poor,2,national,5,35.74,very_high,0.7998,6.2115,706,13,debris,True,5,1.0,under_6h
DSR-01033,SEG-0061,landslide,447.4,24.2,386,mountain,weathered_rock,fair,2,national,4,53.47,high,0.5826,1.1969,475,18,earth,True,5,1.0,under_6h
DSR-00993,SEG-0032,landslide,260.4,37.8,1224,mountain,weathered_rock,fair,2,state,6,50.5,high,0.6374,1.1089,3887,75,earth,True,5,10.7,6_24h
DSR-00945,SEG-0049,landslide,598.1,22.3,1450,mountain,weathered_rock,fair,1,national,1,20.47,high,0.6253,2.1006,12926,90,rock,True,5,43.1,1_3days
DSR-00949,SEG-0069,landslide,97.6,20.0,352,mountain,weathered_rock,poor,1,state,5,43.86,high,0.564,1.1628,2371,25,rock,True,5,26.4,1_3days
DSR-00998,SEG-0050,landslide,11.4,33.3,1250,mountain,weathered_rock,poor,1,national,4,14.76,very_high,0.7245,5.6233,2114,43,rock,True,5,11.7,6_24h
DSR-00941,SEG-0032,landslide,612.5,37.8,1224,mountain,weathered_rock,fair,2,state,6,50.5,high,0.6374,1.1089,1070,31,debris,True,5,8.3,6_24h
DSR-00929,SEG-0013,landslide,121.9,37.1,1496,mountain,weathered_rock,poor,2,national,5,35.74,very_high,0.7998,6.2115,715,20,debris,True,5,1.2,under_6h
DSR-01058,SEG-0026,landslide,278.3,31.7,1319,mountain,weathered_rock,fair,2,national,2,35.84,high,0.6286,1.3672,1863,59,rock,True,5,6.8,6_24h
DSR-01087,SEG-0019,landslide,814.1,14.6,337,hilly,lateritic,good,2,national,0,41.98,moderate,0.4436,0.8814,5462,56,earth,True,5,4.0,under_6h
DSR-00782,SEG-0014,landslide,569.8,24.6,1438,mountain,weathered_rock,fair,2,national,5,33.95,high,0.671,3.7408,8363,47,rock,True,5,19.8,6_24h
DSR-00900,SEG-0026,landslide,309.2,31.7,1319,mountain,weathered_rock,fair,2,national,2,35.84,high,0.6286,1.3672,369,26,debris,True,5,1.0,under_6h
DSR-00943,SEG-0063,landslide,94.3,25.7,2415,mountain,weathered_rock,good,1,national,0,35.45,high,0.6573,1.7489,2569,27,rock,True,5,7.5,6_24h
DSR-00766,SEG-0013,landslide,524.7,37.1,1496,mountain,weathered_rock,poor,2,national,5,35.74,very_high,0.7998,6.2115,6021,93,earth,True,5,5.0,under_6h
DSR-00735,SEG-0022,landslide,64.8,22.3,1252,mountain,weathered_rock,fair,2,national,3,19.5,high,0.5848,1.641,3799,47,rock,True,5,7.4,6_24h
DSR-02281,SEG-0069,flood,618.3,20.0,352,mountain,weathered_rock,poor,1,state,5,43.86,high,0.564,1.1628,0,0,none,True,5,259.9,over_3days
DSR-00935,SEG-0064,landslide,596.5,27.6,2731,mountain,weathered_rock,poor,1,national,1,66.29,very_high,0.7556,1.8706,3860,52,debris,True,5,5.0,under_6h
DSR-00842,SEG-0063,landslide,495.7,25.7,2415,mountain,weathered_rock,good,1,national,0,35.45,high,0.6573,1.7489,526,12,debris,True,5,1.0,under_6h
DSR-00875,SEG-0063,landslide,48.9,25.7,2415,mountain,weathered_rock,good,1,national,0,35.45,high,0.6573,1.7489,7651,100,earth,True,5,7.3,6_24h
DSR-00696,SEG-0013,landslide,404.5,37.1,1496,mountain,weathered_rock,poor,2,national,5,35.74,very_high,0.7998,6.2115,1522,51,rock,True,6,14.9,6_24h
DSR-00780,SEG-0059,landslide,404.8,35.4,1092,mountain,weathered_rock,fair,2,national,7,61.83,very_high,0.7049,1.3586,11732,123,rock,True,6,38.3,1_3days
DSR-01077,SEG-0012,landslide,200.7,23.6,775,mountain,weathered_rock,fair,2,national,3,30.75,high,0.5759,1.5285,502,21,earth,True,6,1.0,under_6h
DSR-00799,SEG-0042,landslide,515.2,9.1,45,hilly,lateritic,poor,2,national,3,16.18,moderate,0.4355,1.0507,2545,32,rock,True,6,15.7,6_24h
DSR-01823,SEG-0046,accident_blockage,30.7,42.0,886,mountain,weathered_rock,fair,2,national,3,52.1,very_high,0.7002,1.2668,0,0,none,True,6,27.7,1_3days
DSR-00983,SEG-0068,landslide,140.6,40.7,433,mountain,weathered_rock,poor,1,state,4,66.95,high,0.6745,1.0157,982,39,debris,True,6,10.4,6_24h
DSR-00762,SEG-0051,landslide,428.7,40.0,1250,mountain,weathered_rock,good,1,national,4,14.39,very_high,0.7423,3.0577,120,17,debris,True,6,1.0,under_6h
DSR-00741,SEG-0013,landslide,210.7,37.1,1496,mountain,weathered_rock,poor,2,national,5,35.74,very_high,0.7998,6.2115,3340,56,debris,True,6,3.9,under_6h
DSR-01943,SEG-0011,flood,199.8,5.7,112,plain,alluvial,fair,4,national,1,42.95,low,0.2769,0.0698,0,0,none,True,6,25.1,1_3days
DSR-00879,SEG-0013,landslide,749.8,37.1,1496,mountain,weathered_rock,poor,2,national,5,35.74,very_high,0.7998,6.2115,697,17,earth,True,6,1.5,under_6h
DSR-00855,SEG-0058,landslide,128.2,27.3,1002,mountain,weathered_rock,fair,2,national,3,55.82,high,0.626,0.842,33963,85,debris,True,6,29.1,1_3days
DSR-00743,SEG-0021,landslide,351.7,30.0,794,mountain,weathered_rock,fair,2,national,4,46.0,high,0.5592,0.7826,1995,34,earth,True,6,1.0,under_6h
DSR-00849,SEG-0066,landslide,190.8,40.9,1099,mountain,weathered_rock,fair,1,state,1,40.68,very_high,0.7302,2.1141,333,10,debris,True,6,4.9,under_6h
DSR-01004,SEG-0071,landslide,445.6,17.3,165,hilly,lateritic,fair,2,state,3,30.67,moderate,0.4198,0.5217,1304,25,earth,True,6,4.2,under_6h
DSR-00920,SEG-0020,landslide,609.1,15.5,450,hilly,lateritic,fair,2,national,1,33.37,moderate,0.4853,0.7492,6372,75,rock,True,6,13.3,6_24h
DSR-01814,SEG-0018,road_subsidence,399.4,10.2,139,hilly,lateritic,poor,2,national,6,83.56,moderate,0.3867,0.2513,0,0,none,True,6,143.2,over_3days
DSR-01768,SEG-0034,protest_blockade,73.8,27.5,891,mountain,weathered_rock,poor,2,national,3,54.94,high,0.6405,1.0193,0,0,none,True,6,14.1,6_24h
DSR-00917,SEG-0050,landslide,455.3,33.3,1250,mountain,weathered_rock,poor,1,national,4,14.76,very_high,0.7245,5.6233,1663,43,debris,True,6,4.3,under_6h
DSR-02003,SEG-0065,flood,581.2,24.2,1060,mountain,weathered_rock,fair,1,state,3,49.23,high,0.6127,1.1781,0,0,none,True,6,43.2,1_3days
DSR-02127,SEG-0066,road_subsidence,286.1,40.9,1099,mountain,weathered_rock,fair,1,state,1,40.68,very_high,0.7302,2.1141,0,0,none,True,6,518.0,over_3days
DSR-00873,SEG-0068,landslide,259.1,40.7,433,mountain,weathered_rock,poor,1,state,4,66.95,high,0.6745,1.0157,2366,45,rock,True,6,34.1,1_3days
DSR-00903,SEG-0053,landslide,131.7,22.5,1675,mountain,weathered_rock,good,2,state,2,6.97,high,0.5856,6.8867,114,10,rock,True,6,1.6,under_6h
DSR-01000,SEG-0069,landslide,15.1,20.0,352,mountain,weathered_rock,poor,1,state,5,43.86,high,0.564,1.1628,998,40,rock,True,6,16.6,6_24h
DSR-00792,SEG-0049,landslide,302.6,22.3,1450,mountain,weathered_rock,fair,1,national,1,20.47,high,0.6253,2.1006,1489,23,rock,True,6,9.3,6_24h
DSR-00694,SEG-0015,landslide,738.7,28.7,701,mountain,weathered_rock,fair,2,national,4,75.53,high,0.6753,1.4431,49549,141,earth,True,6,78.5,over_3days
DSR-00697,SEG-0012,landslide,216.8,23.6,775,mountain,weathered_rock,fair,2,national,3,30.75,high,0.5759,1.5285,24252,122,earth,True,6,28.0,1_3days
DSR-01075,SEG-0021,landslide,274.3,30.0,794,mountain,weathered_rock,fair,2,national,4,46.0,high,0.5592,0.7826,6405,50,earth,True,6,10.2,6_24h
DSR-00930,SEG-0067,landslide,32.1,17.3,231,hilly,lateritic,fair,1,state,2,38.22,moderate,0.4483,0.5233,6955,84,debris,True,6,45.8,1_3days
DSR-00783,SEG-0055,landslide,509.8,37.5,1780,mountain,weathered_rock,fair,2,state,3,9.73,very_high,0.7143,6.5776,7023,106,debris,True,6,26.9,1_3days
DSR-00763,SEG-0066,landslide,1.3,40.9,1099,mountain,weathered_rock,fair,1,state,1,40.68,very_high,0.7302,2.1141,845,27,rock,True,6,5.1,under_6h
DSR-00817,SEG-0020,landslide,820.1,15.5,450,hilly,lateritic,fair,2,national,1,33.37,moderate,0.4853,0.7492,471,33,earth,True,6,1.0,under_6h
DSR-00802,SEG-0065,landslide,97.1,24.2,1060,mountain,weathered_rock,fair,1,state,3,49.23,high,0.6127,1.1781,1962,55,debris,True,6,15.7,6_24h
DSR-02059,SEG-0010,road_subsidence,382.1,4.2,102,plain,alluvial,fair,4,national,1,60.63,low,0.3066,0.0165,0,0,none,True,6,252.1,over_3days
DSR-00874,SEG-0059,landslide,473.8,35.4,1092,mountain,weathered_rock,fair,2,national,7,61.83,very_high,0.7049,1.3586,5326,91,rock,True,6,21.6,6_24h
DSR-01064,SEG-0052,landslide,500.7,37.0,1662,mountain,weathered_rock,poor,2,state,7,38.08,very_high,0.7503,2.2321,1096,17,debris,True,6,6.6,6_24h
DSR-00699,SEG-0049,landslide,499.0,22.3,1450,mountain,weathered_rock,fair,1,national,1,20.47,high,0.6253,2.1006,26482,160,earth,True,6,97.1,over_3days
DSR-02090,SEG-0054,bridge_damage,144.3,32.8,1727,mountain,weathered_rock,fair,2,state,4,16.34,high,0.6827,2.9376,0,0,none,True,6,2000.0,over_3days
DSR-01079,SEG-0061,landslide,220.3,24.2,386,mountain,weathered_rock,fair,2,national,4,53.47,high,0.5826,1.1969,1033,18,rock,True,6,7.2,6_24h
DSR-01016,SEG-0046,landslide,86.1,42.0,886,mountain,weathered_rock,fair,2,national,3,52.1,very_high,0.7002,1.2668,638,33,debris,True,6,1.9,under_6h
DSR-00852,SEG-0069,landslide,337.4,20.0,352,mountain,weathered_rock,poor,1,state,5,43.86,high,0.564,1.1628,5047,31,rock,True,6,34.3,1_3days
DSR-00864,SEG-0050,landslide,260.0,33.3,1250,mountain,weathered_rock,poor,1,national,4,14.76,very_high,0.7245,5.6233,735,33,debris,True,6,2.4,under_6h
DSR-01007,SEG-0062,landslide,11.7,28.8,1247,mountain,weathered_rock,good,1,national,0,44.74,high,0.56,1.0729,454,24,earth,True,6,1.0,under_6h
DSR-00738,SEG-0035,landslide,11.2,24.0,1216,mountain,weathered_rock,poor,2,national,1,49.37,high,0.6147,1.1951,31424,94,rock,True,6,60.8,1_3days
DSR-01061,SEG-0047,landslide,281.7,27.7,1650,mountain,weathered_rock,fair,2,national,4,6.8,high,0.6569,10.2941,2290,65,debris,True,6,9.8,6_24h
DSR-02226,SEG-0016,fallen_tree,53.7,3.8,24,plain,alluvial,good,2,national,4,19.48,low,0.2584,0.0513,0,0,none,True,6,7.0,6_24h
DSR-01057,SEG-0050,landslide,284.1,33.3,1250,mountain,weathered_rock,poor,1,national,4,14.76,very_high,0.7245,5.6233,4005,78,earth,True,6,21.9,6_24h
DSR-00815,SEG-0013,landslide,84.3,37.1,1496,mountain,weathered_rock,poor,2,national,5,35.74,very_high,0.7998,6.2115,766,35,rock,True,6,3.6,under_6h
DSR-00925,SEG-0055,landslide,418.6,37.5,1780,mountain,weathered_rock,fair,2,state,3,9.73,very_high,0.7143,6.5776,2248,66,rock,True,6,48.4,1_3days
DSR-00936,SEG-0064,landslide,101.9,27.6,2731,mountain,weathered_rock,poor,1,national,1,66.29,very_high,0.7556,1.8706,3170,71,rock,True,6,21.8,6_24h
DSR-00837,SEG-0051,landslide,586.2,40.0,1250,mountain,weathered_rock,good,1,national,4,14.39,very_high,0.7423,3.0577,134,17,earth,True,6,1.0,under_6h
DSR-01008,SEG-0066,landslide,470.7,40.9,1099,mountain,weathered_rock,fair,1,state,1,40.68,very_high,0.7302,2.1141,364,23,rock,True,6,6.6,6_24h
DSR-00990,SEG-0053,landslide,113.4,22.5,1675,mountain,weathered_rock,good,2,state,2,6.97,high,0.5856,6.8867,18907,90,rock,True,6,152.8,over_3days
DSR-00776,SEG-0046,landslide,57.1,42.0,886,mountain,weathered_rock,fair,2,national,3,52.1,very_high,0.7002,1.2668,1445,32,rock,True,6,3.0,under_6h
DSR-00975,SEG-0052,landslide,26.4,37.0,1662,mountain,weathered_rock,poor,2,state,7,38.08,very_high,0.7503,2.2321,4564,80,debris,True,6,30.9,1_3days
DSR-00940,SEG-0046,landslide,196.4,42.0,886,mountain,weathered_rock,fair,2,national,3,52.1,very_high,0.7002,1.2668,2059,63,rock,True,6,5.8,under_6h
DSR-02011,SEG-0007,flood,532.4,1.6,84,plain,alluvial,fair,4,national,2,116.18,low,0.2537,0.0,0,0,none,True,6,227.7,over_3days
DSR-00833,SEG-0018,landslide,249.2,10.2,139,hilly,lateritic,poor,2,national,6,83.56,moderate,0.3867,0.2513,1053,44,debris,True,6,1.1,under_6h
DSR-00972,SEG-0070,landslide,26.5,17.5,123,hilly,lateritic,good,2,state,2,93.38,low,0.3544,0.1606,1370,25,rock,True,6,13.0,6_24h
DSR-01654,SEG-0054,bridge_damage,170.0,32.8,1727,mountain,weathered_rock,fair,2,state,4,16.34,high,0.6827,2.9376,0,0,none,True,6,567.1,over_3days
DSR-00719,SEG-0013,landslide,400.0,37.1,1496,mountain,weathered_rock,poor,2,national,5,35.74,very_high,0.7998,6.2115,6243,36,earth,True,6,5.9,under_6h
DSR-00800,SEG-0033,landslide,257.3,14.5,337,hilly,lateritic,good,2,national,1,68.93,low,0.3399,0.1596,4509,50,earth,True,6,8.5,6_24h
DSR-02230,SEG-0045,fallen_tree,111.8,1.7,23,plain,alluvial,good,2,national,0,23.28,low,0.2326,0.043,0,0,none,True,6,20.6,6_24h
DSR-01022,SEG-0065,landslide,147.1,24.2,1060,mountain,weathered_rock,fair,1,state,3,49.23,high,0.6127,1.1781,454,16,debris,True,6,2.8,under_6h
DSR-01068,SEG-0069,landslide,233.0,20.0,352,mountain,weathered_rock,poor,1,state,5,43.86,high,0.564,1.1628,13241,126,rock,True,6,121.0,over_3days
DSR-00878,SEG-0037,landslide,257.7,38.7,1405,mountain,weathered_rock,poor,2,state,3,68.38,high,0.691,0.9652,565,15,rock,True,6,10.9,6_24h
DSR-00726,SEG-0063,landslide,555.2,25.7,2415,mountain,weathered_rock,good,1,national,0,35.45,high,0.6573,1.7489,17037,59,debris,True,6,36.1,1_3days
DSR-01080,SEG-0020,landslide,215.6,15.5,450,hilly,lateritic,fair,2,national,1,33.37,moderate,0.4853,0.7492,843,41,rock,True,6,1.7,under_6h
DSR-01708,SEG-0017,fallen_tree,40.2,6.0,54,plain,alluvial,good,2,national,0,111.76,low,0.2804,0.0358,0,0,none,True,6,28.7,1_3days
DSR-00706,SEG-0013,landslide,926.7,37.1,1496,mountain,weathered_rock,poor,2,national,5,35.74,very_high,0.7998,6.2115,3151,35,earth,True,6,5.9,under_6h
DSR-00961,SEG-0049,landslide,223.8,22.3,1450,mountain,weathered_rock,fair,1,national,1,20.47,high,0.6253,2.1006,12664,45,rock,True,7,67.0,1_3days
DSR-01763,SEG-0040,bridge_damage,198.4,11.0,60,hilly,lateritic,fair,2,national,0,29.41,moderate,0.3802,0.204,0,0,none,True,7,43.6,1_3days
DSR-00793,SEG-0022,landslide,122.7,22.3,1252,mountain,weathered_rock,fair,2,national,3,19.5,high,0.5848,1.641,58,7,rock,True,7,1.0,under_6h
DSR-01073,SEG-0069,landslide,56.1,20.0,352,mountain,weathered_rock,poor,1,state,5,43.86,high,0.564,1.1628,435,25,rock,True,7,2.9,under_6h
DSR-02154,SEG-0026,accident_blockage,18.5,31.7,1319,mountain,weathered_rock,fair,2,national,2,35.84,high,0.6286,1.3672,0,0,none,True,7,18.0,6_24h
DSR-01992,SEG-0044,road_subsidence,303.1,3.8,23,plain,alluvial,good,2,national,2,50.09,low,0.2667,0.0399,0,0,none,True,7,121.3,over_3days
DSR-00885,SEG-0059,landslide,537.5,35.4,1092,mountain,weathered_rock,fair,2,national,7,61.83,very_high,0.7049,1.3586,5046,47,rock,True,7,14.1,6_24h
DSR-01880,SEG-0056,accident_blockage,184.3,13.0,259,hilly,lateritic,fair,2,national,2,94.3,low,0.3544,0.1273,0,0,none,True,7,20.9,6_24h
DSR-00841,SEG-0013,landslide,488.4,37.1,1496,mountain,weathered_rock,poor,2,national,5,35.74,very_high,0.7998,6.2115,27227,144,rock,True,7,192.4,over_3days
DSR-00933,SEG-0052,landslide,191.5,37.0,1662,mountain,weathered_rock,poor,2,state,7,38.08,very_high,0.7503,2.2321,1013,24,earth,True,7,3.5,under_6h
DSR-00814,SEG-0029,landslide,381.3,21.4,1260,mountain,weathered_rock,good,2,national,3,44.14,moderate,0.5237,0.589,188,14,earth,True,7,1.0,under_6h
DSR-00854,SEG-0067,landslide,488.0,17.3,231,hilly,lateritic,fair,1,state,2,38.22,moderate,0.4483,0.5233,4399,42,rock,True,7,40.2,1_3days
DSR-00958,SEG-0064,landslide,537.2,27.6,2731,mountain,weathered_rock,poor,1,national,1,66.29,very_high,0.7556,1.8706,9446,49,debris,True,7,22.4,6_24h
DSR-00804,SEG-0049,landslide,271.1,22.3,1450,mountain,weathered_rock,fair,1,national,1,20.47,high,0.6253,2.1006,962,32,rock,True,7,9.0,6_24h
DSR-00740,SEG-0013,landslide,41.8,37.1,1496,mountain,weathered_rock,poor,2,national,5,35.74,very_high,0.7998,6.2115,9998,66,debris,True,7,26.9,1_3days
DSR-02098,SEG-0058,road_subsidence,90.5,27.3,1002,mountain,weathered_rock,fair,2,national,3,55.82,high,0.626,0.842,0,0,none,True,7,175.5,over_3days
DSR-01700,SEG-0020,flood,258.3,15.5,450,hilly,lateritic,fair,2,national,1,33.37,moderate,0.4853,0.7492,0,0,none,True,7,16.7,6_24h
DSR-01102,SEG-0028,landslide,400.5,34.8,1023,mountain,weathered_rock,good,2,national,7,46.71,high,0.5668,0.8349,7095,73,rock,True,7,39.3,1_3days
DSR-01062,SEG-0039,landslide,327.1,21.4,36,hilly,lateritic,fair,2,national,7,41.19,moderate,0.4111,0.4613,1375,52,debris,True,7,1.0,under_6h
DSR-00825,SEG-0046,landslide,323.3,42.0,886,mountain,weathered_rock,fair,2,national,3,52.1,very_high,0.7002,1.2668,3081,71,debris,True,7,2.8,under_6h
DSR-02253,SEG-0013,fallen_tree,55.4,37.1,1496,mountain,weathered_rock,poor,2,national,5,35.74,very_high,0.7998,6.2115,0,0,none,True,7,14.6,6_24h
DSR-01088,SEG-0030,landslide,395.9,33.9,642,mountain,weathered_rock,good,2,national,5,34.62,moderate,0.5294,0.751,1626,36,earth,True,7,3.3,under_6h
DSR-00807,SEG-0013,landslide,215.6,37.1,1496,mountain,weathered_rock,poor,2,national,5,35.74,very_high,0.7998,6.2115,1027,24,debris,True,7,2.5,under_6h
DSR-01063,SEG-0015,landslide,363.1,28.7,701,mountain,weathered_rock,fair,2,national,4,75.53,high,0.6753,1.4431,37214,95,rock,True,7,121.2,over_3days
DSR-02209,SEG-0048,protest_blockade,111.6,32.0,1650,mountain,weathered_rock,fair,2,national,0,15.63,high,0.6747,3.263,0,0,none,True,7,15.5,6_24h
DSR-00964,SEG-0054,landslide,311.4,32.8,1727,mountain,weathered_rock,fair,2,state,4,16.34,high,0.6827,2.9376,1026,47,earth,True,7,2.3,under_6h
DSR-00989,SEG-0054,landslide,271.9,32.8,1727,mountain,weathered_rock,fair,2,state,4,16.34,high,0.6827,2.9376,921,33,rock,True,7,6.0,6_24h
DSR-00971,SEG-0026,landslide,138.8,31.7,1319,mountain,weathered_rock,fair,2,national,2,35.84,high,0.6286,1.3672,17623,148,rock,True,7,232.4,over_3days
DSR-01905,SEG-0002,accident_blockage,72.9,4.4,53,plain,alluvial,good,4,national,3,47.71,low,0.2701,0.021,0,0,none,True,7,9.4,6_24h
DSR-02014,SEG-0040,fallen_tree,144.2,11.0,60,hilly,lateritic,fair,2,national,0,29.41,moderate,0.3802,0.204,0,0,none,True,7,11.9,6_24h
DSR-01076,SEG-0060,landslide,43.9,40.2,620,mountain,weathered_rock,fair,2,national,3,60.75,very_high,0.7497,1.1193,1531,18,debris,True,7,3.6,under_6h
DSR-00996,SEG-0068,landslide,191.5,40.7,433,mountain,weathered_rock,poor,1,state,4,66.95,high,0.6745,1.0157,333,13,debris,True,7,2.7,under_6h
DSR-01028,SEG-0059,landslide,498.4,35.4,1092,mountain,weathered_rock,fair,2,national,7,61.83,very_high,0.7049,1.3586,984,19,rock,True,7,3.2,under_6h
DSR-01095,SEG-0043,landslide,578.3,20.5,34,hilly,lateritic,poor,2,national,1,17.57,moderate,0.4617,0.9676,814,13,rock,True,7,2.4,under_6h
DSR-02201,SEG-0013,protest_blockade,190.3,37.1,1496,mountain,weathered_rock,poor,2,national,5,35.74,very_high,0.7998,6.2115,0,0,none,True,7,11.6,6_24h
DSR-02118,SEG-0045,accident_blockage,73.2,1.7,23,plain,alluvial,good,2,national,0,23.28,low,0.2326,0.043,0,0,none,True,7,5.8,under_6h
DSR-00860,SEG-0013,landslide,268.2,37.1,1496,mountain,weathered_rock,poor,2,national,5,35.74,very_high,0.7998,6.2115,803,36,rock,True,7,2.9,under_6h
DSR-00775,SEG-0047,landslide,440.6,27.7,1650,mountain,weathered_rock,fair,2,national,4,6.8,high,0.6569,10.2941,432,32,debris,True,7,2.1,under_6h
DSR-00911,SEG-0064,landslide,609.6,27.6,2731,mountain,weathered_rock,poor,1,national,1,66.29,very_high,0.7556,1.8706,647,26,debris,True,7,2.1,under_6h
DSR-02082,SEG-0033,flood,437.3,14.5,337,hilly,lateritic,good,2,national,1,68.93,low,0.3399,0.1596,0,0,none,True,7,64.8,1_3days
DSR-00703,SEG-0065,landslide,7.4,24.2,1060,mountain,weathered_rock,fair,1,state,3,49.23,high,0.6127,1.1781,142,15,rock,True,7,2.1,under_6h
DSR-01055,SEG-0037,landslide,315.7,38.7,1405,mountain,weathered_rock,poor,2,state,3,68.38,high,0.691,0.9652,259,11,debris,True,7,4.3,under_6h
DSR-00882,SEG-0046,landslide,572.2,42.0,886,mountain,weathered_rock,fair,2,national,3,52.1,very_high,0.7002,1.2668,4537,58,debris,True,7,8.9,6_24h
DSR-02284,SEG-0015,protest_blockade,138.9,28.7,701,mountain,weathered_rock,fair,2,national,4,75.53,high,0.6753,1.4431,0,0,none,True,7,1.0,under_6h
DSR-00778,SEG-0065,landslide,447.3,24.2,1060,mountain,weathered_rock,fair,1,state,3,49.23,high,0.6127,1.1781,480,14,rock,True,7,2.5,under_6h
DSR-01003,SEG-0066,landslide,223.2,40.9,1099,mountain,weathered_rock,fair,1,state,1,40.68,very_high,0.7302,2.1141,6859,91,earth,True,7,64.0,1_3days
DSR-02015,SEG-0022,protest_blockade,177.4,22.3,1252,mountain,weathered_rock,fair,2,national,3,19.5,high,0.5848,1.641,0,0,none,True,7,8.6,6_24h
DSR-01081,SEG-0014,landslide,258.7,24.6,1438,mountain,weathered_rock,fair,2,national,5,33.95,high,0.671,3.7408,36072,118,rock,True,7,190.8,over_3days
DSR-00753,SEG-0037,landslide,171.3,38.7,1405,mountain,weathered_rock,poor,2,state,3,68.38,high,0.691,0.9652,2762,52,debris,True,7,10.0,6_24h
DSR-00932,SEG-0068,landslide,59.8,40.7,433,mountain,weathered_rock,poor,1,state,4,66.95,high,0.6745,1.0157,2303,39,debris,True,7,9.7,6_24h
DSR-00931,SEG-0048,landslide,72.6,32.0,1650,mountain,weathered_rock,fair,2,national,0,15.63,high,0.6747,3.263,1703,47,rock,True,7,7.8,6_24h
DSR-01029,SEG-0032,landslide,392.4,37.8,1224,mountain,weathered_rock,fair,2,state,6,50.5,high,0.6374,1.1089,1463,39,rock,True,7,10.0,6_24h
DSR-00708,SEG-0028,landslide,285.9,34.8,1023,mountain,weathered_rock,good,2,national,7,46.71,high,0.5668,0.8349,7187,63,rock,True,7,23.3,6_24h
DSR-01040,SEG-0021,landslide,375.2,30.0,794,mountain,weathered_rock,fair,2,national,4,46.0,high,0.5592,0.7826,453,27,debris,True,7,1.0,under_6h
DSR-01767,SEG-0001,flood,442.6,4.2,87,plain,alluvial,good,4,national,1,216.84,low,0.2231,0.0,0,0,none,True,7,112.5,over_3days
DSR-01045,SEG-0027,landslide,245.0,33.3,1348,mountain,weathered_rock,fair,2,national,3,31.75,high,0.6513,1.5118,465,18,earth,True,7,1.0,under_6h
DSR-01091,SEG-0062,landslide,546.3,28.8,1247,mountain,weathered_rock,good,1,national,0,44.74,high,0.56,1.0729,1988,24,earth,True,7,13.4,6_24h
DSR-00846,SEG-0046,landslide,558.0,42.0,886,mountain,weathered_rock,fair,2,national,3,52.1,very_high,0.7002,1.2668,30547,93,debris,True,7,96.7,over_3days
DSR-01074,SEG-0028,landslide,294.6,34.8,1023,mountain,weathered_rock,good,2,national,7,46.71,high,0.5668,0.8349,38187,96,debris,True,7,105.5,over_3days
DSR-00889,SEG-0064,landslide,214.9,27.6,2731,mountain,weathered_rock,poor,1,national,1,66.29,very_high,0.7556,1.8706,470,17,debris,True,8,1.5,under_6h
DSR-00739,SEG-0039,landslide,120.5,21.4,36,hilly,lateritic,fair,2,national,7,41.19,moderate,0.4111,0.4613,152,16,earth,True,8,1.0,under_6h
DSR-00772,SEG-0050,landslide,142.8,33.3,1250,mountain,weathered_rock,poor,1,national,4,14.76,very_high,0.7245,5.6233,132,15,rock,True,8,1.0,under_6h
DSR-01025,SEG-0020,landslide,626.7,15.5,450,hilly,lateritic,fair,2,national,1,33.37,moderate,0.4853,0.7492,10704,118,earth,True,8,15.1,6_24h
DSR-01648,SEG-0044,flood,624.3,3.8,23,plain,alluvial,good,2,national,2,50.09,low,0.2667,0.0399,0,0,none,True,8,177.5,over_3days
DSR-01656,SEG-0050,flood,283.4,33.3,1250,mountain,weathered_rock,poor,1,national,4,14.76,very_high,0.7245,5.6233,0,0,none,True,8,190.6,over_3days
DSR-00746,SEG-0059,landslide,520.8,35.4,1092,mountain,weathered_rock,fair,2,national,7,61.83,very_high,0.7049,1.3586,1131,25,debris,True,8,4.2,under_6h
DSR-00736,SEG-0014,landslide,93.1,24.6,1438,mountain,weathered_rock,fair,2,national,5,33.95,high,0.671,3.7408,1522,26,debris,True,8,6.9,6_24h
DSR-01970,SEG-0064,protest_blockade,179.2,27.6,2731,mountain,weathered_rock,poor,1,national,1,66.29,very_high,0.7556,1.8706,0,0,none,True,8,11.9,6_24h
DSR-01630,SEG-0053,road_subsidence,129.9,22.5,1675,mountain,weathered_rock,good,2,state,2,6.97,high,0.5856,6.8867,0,0,none,True,8,91.9,over_3days
DSR-01053,SEG-0015,landslide,273.9,28.7,701,mountain,weathered_rock,fair,2,national,4,75.53,high,0.6753,1.4431,100,17,debris,True,8,1.0,under_6h
DSR-00757,SEG-0047,landslide,258.5,27.7,1650,mountain,weathered_rock,fair,2,national,4,6.8,high,0.6569,10.2941,215,8,earth,True,8,1.0,under_6h
DSR-00698,SEG-0050,landslide,147.5,33.3,1250,mountain,weathered_rock,poor,1,national,4,14.76,very_high,0.7245,5.6233,4358,37,rock,True,8,18.5,6_24h
DSR-01839,SEG-0066,flood,356.0,40.9,1099,mountain,weathered_rock,fair,1,state,1,40.68,very_high,0.7302,2.1141,0,0,none,True,8,486.0,over_3days
DSR-00845,SEG-0061,landslide,390.9,24.2,386,mountain,weathered_rock,fair,2,national,4,53.47,high,0.5826,1.1969,878,14,debris,True,8,2.6,under_6h
DSR-00731,SEG-0023,landslide,78.7,23.6,1061,mountain,weathered_rock,fair,2,national,0,27.48,moderate,0.546,1.0917,2475,35,debris,True,8,10.9,6_24h
DSR-02212,SEG-0002,protest_blockade,175.9,4.4,53,plain,alluvial,good,4,national,3,47.71,low,0.2701,0.021,0,0,none,True,8,12.1,6_24h
DSR-00843,SEG-0026,landslide,136.0,31.7,1319,mountain,weathered_rock,fair,2,national,2,35.84,high,0.6286,1.3672,2712,52,rock,True,8,13.3,6_24h
DSR-00872,SEG-0041,landslide,45.6,16.2,52,hilly,lateritic,good,2,national,2,45.87,low,0.3125,0.3052,809,21,earth,True,8,1.0,under_6h
DSR-01071,SEG-0015,landslide,372.3,28.7,701,mountain,weathered_rock,fair,2,national,4,75.53,high,0.6753,1.4431,41,6,rock,True,8,1.0,under_6h
DSR-01996,SEG-0062,road_subsidence,336.4,28.8,1247,mountain,weathered_rock,good,1,national,0,44.74,high,0.56,1.0729,0,0,none,True,8,12.6,6_24h
DSR-00916,SEG-0021,landslide,153.2,30.0,794,mountain,weathered_rock,fair,2,national,4,46.0,high,0.5592,0.7826,2545,47,earth,True,8,4.2,under_6h
DSR-00758,SEG-0055,landslide,611.0,37.5,1780,mountain,weathered_rock,fair,2,state,3,9.73,very_high,0.7143,6.5776,1847,23,debris,True,8,27.9,1_3days
DSR-00705,SEG-0027,landslide,77.1,33.3,1348,mountain,weathered_rock,fair,2,national,3,31.75,high,0.6513,1.5118,3075,65,debris,True,8,10.1,6_24h
DSR-00823,SEG-0030,landslide,88.9,33.9,642,mountain,weathered_rock,good,2,national,5,34.62,moderate,0.5294,0.751,684,33,rock,True,8,1.8,under_6h
DSR-00966,SEG-0031,landslide,566.4,26.1,850,mountain,weathered_rock,fair,2,state,7,59.58,moderate,0.516,0.621,622,21,earth,True,8,2.0,under_6h
DSR-01662,SEG-0040,protest_blockade,58.9,11.0,60,hilly,lateritic,fair,2,national,0,29.41,moderate,0.3802,0.204,0,0,none,True,8,14.7,6_24h
DSR-00880,SEG-0052,landslide,102.5,37.0,1662,mountain,weathered_rock,poor,2,state,7,38.08,very_high,0.7503,2.2321,18825,150,debris,True,8,87.6,over_3days
DSR-02044,SEG-0053,protest_blockade,55.4,22.5,1675,mountain,weathered_rock,good,2,state,2,6.97,high,0.5856,6.8867,0,0,none,True,8,38.4,1_3days
DSR-00704,SEG-0065,landslide,416.8,24.2,1060,mountain,weathered_rock,fair,1,state,3,49.23,high,0.6127,1.1781,8987,113,rock,True,8,226.6,over_3days
DSR-00974,SEG-0036,landslide,264.7,38.8,1084,mountain,weathered_rock,good,2,national,0,48.29,high,0.5956,0.8905,44801,185,earth,True,8,132.3,over_3days
DSR-00909,SEG-0046,landslide,449.9,42.0,886,mountain,weathered_rock,fair,2,national,3,52.1,very_high,0.7002,1.2668,1712,26,rock,True,8,3.7,under_6h
DSR-01683,SEG-0041,flood,264.1,16.2,52,hilly,lateritic,good,2,national,2,45.87,low,0.3125,0.3052,0,0,none,True,8,172.8,over_3days
DSR-00840,SEG-0030,landslide,327.6,33.9,642,mountain,weathered_rock,good,2,national,5,34.62,moderate,0.5294,0.751,62,13,earth,True,8,1.0,under_6h
DSR-02089,SEG-0036,flood,492.6,38.8,1084,mountain,weathered_rock,good,2,national,0,48.29,high,0.5956,0.8905,0,0,none,True,8,153.8,over_3days
DSR-00912,SEG-0060,landslide,414.7,40.2,620,mountain,weathered_rock,fair,2,national,3,60.75,very_high,0.7497,1.1193,1172,45,rock,True,8,4.0,under_6h
DSR-00829,SEG-0043,landslide,564.9,20.5,34,hilly,lateritic,poor,2,national,1,17.57,moderate,0.4617,0.9676,3552,41,earth,True,8,3.9,under_6h
DSR-01046,SEG-0062,landslide,151.7,28.8,1247,mountain,weathered_rock,good,1,national,0,44.74,high,0.56,1.0729,1813,52,debris,True,8,4.0,under_6h
DSR-00724,SEG-0066,landslide,115.7,40.9,1099,mountain,weathered_rock,fair,1,state,1,40.68,very_high,0.7302,2.1141,303,24,rock,True,8,2.2,under_6h
DSR-01024,SEG-0014,landslide,358.3,24.6,1438,mountain,weathered_rock,fair,2,national,5,33.95,high,0.671,3.7408,120,10,rock,True,8,1.0,under_6h
DSR-00787,SEG-0052,landslide,602.2,37.0,1662,mountain,weathered_rock,poor,2,state,7,38.08,very_high,0.7503,2.2321,138,19,debris,True,8,1.0,under_6h
DSR-02117,SEG-0048,road_subsidence,280.9,32.0,1650,mountain,weathered_rock,fair,2,national,0,15.63,high,0.6747,3.263,0,0,none,True,8,156.6,over_3days
DSR-01876,SEG-0026,protest_blockade,92.1,31.7,1319,mountain,weathered_rock,fair,2,national,2,35.84,high,0.6286,1.3672,0,0,none,True,8,16.6,6_24h
DSR-01728,SEG-0007,protest_blockade,190.1,1.6,84,plain,alluvial,fair,4,national,2,116.18,low,0.2537,0.0,0,0,none,True,8,12.3,6_24h
DSR-00779,SEG-0050,landslide,134.7,33.3,1250,mountain,weathered_rock,poor,1,national,4,14.76,very_high,0.7245,5.6233,4411,32,rock,True,8,15.0,6_24h
DSR-01099,SEG-0035,landslide,24.0,24.0,1216,mountain,weathered_rock,poor,2,national,1,49.37,high,0.6147,1.1951,1002,38,debris,True,8,1.0,under_6h
DSR-00968,SEG-0062,landslide,337.6,28.8,1247,mountain,weathered_rock,good,1,national,0,44.74,high,0.56,1.0729,5443,79,debris,True,8,7.7,6_24h
DSR-02276,SEG-0059,road_subsidence,191.2,35.4,1092,mountain,weathered_rock,fair,2,national,7,61.83,very_high,0.7049,1.3586,0,0,none,True,8,176.3,over_3days
DSR-00788,SEG-0055,landslide,527.3,37.5,1780,mountain,weathered_rock,fair,2,state,3,9.73,very_high,0.7143,6.5776,419,28,debris,True,8,1.0,under_6h
DSR-00712,SEG-0026,landslide,392.0,31.7,1319,mountain,weathered_rock,fair,2,national,2,35.84,high,0.6286,1.3672,6369,68,debris,True,9,7.4,6_24h
DSR-01633,SEG-0061,road_subsidence,193.0,24.2,386,mountain,weathered_rock,fair,2,national,4,53.47,high,0.5826,1.1969,0,0,none,True,9,196.8,over_3days
DSR-00980,SEG-0013,landslide,284.9,37.1,1496,mountain,weathered_rock,poor,2,national,5,35.74,very_high,0.7998,6.2115,326,26,rock,True,9,1.0,under_6h
DSR-00755,SEG-0047,landslide,126.1,27.7,1650,mountain,weathered_rock,fair,2,national,4,6.8,high,0.6569,10.2941,31268,155,debris,True,9,147.6,over_3days
DSR-01945,SEG-0017,bridge_damage,121.7,6.0,54,plain,alluvial,good,2,national,0,111.76,low,0.2804,0.0358,0,0,none,True,9,292.1,over_3days
DSR-01097,SEG-0026,landslide,417.1,31.7,1319,mountain,weathered_rock,fair,2,national,2,35.84,high,0.6286,1.3672,205,15,rock,True,9,1.0,under_6h
DSR-00729,SEG-0064,landslide,330.9,27.6,2731,mountain,weathered_rock,poor,1,national,1,66.29,very_high,0.7556,1.8706,1572,30,debris,True,9,1.8,under_6h
DSR-02222,SEG-0020,protest_blockade,44.7,15.5,450,hilly,lateritic,fair,2,national,1,33.37,moderate,0.4853,0.7492,0,0,none,True,9,11.3,6_24h
DSR-02196,SEG-0023,flood,402.1,23.6,1061,mountain,weathered_rock,fair,2,national,0,27.48,moderate,0.546,1.0917,0,0,none,True,9,23.0,6_24h
DSR-00774,SEG-0013,landslide,29.9,37.1,1496,mountain,weathered_rock,poor,2,national,5,35.74,very_high,0.7998,6.2115,109,11,debris,True,9,1.0,under_6h
DSR-01104,SEG-0066,landslide,227.9,40.9,1099,mountain,weathered_rock,fair,1,state,1,40.68,very_high,0.7302,2.1141,1039,16,debris,True,9,3.9,under_6h
DSR-01056,SEG-0052,landslide,607.1,37.0,1662,mountain,weathered_rock,poor,2,state,7,38.08,very_high,0.7503,2.2321,1002,21,debris,True,9,2.7,under_6h
DSR-00722,SEG-0042,landslide,478.0,9.1,45,hilly,lateritic,poor,2,national,3,16.18,moderate,0.4355,1.0507,316,22,earth,True,9,1.0,under_6h
DSR-00986,SEG-0013,landslide,928.9,37.1,1496,mountain,weathered_rock,poor,2,national,5,35.74,very_high,0.7998,6.2115,4305,77,earth,True,9,5.8,under_6h
DSR-00721,SEG-0015,landslide,25.4,28.7,701,mountain,weathered_rock,fair,2,national,4,75.53,high,0.6753,1.4431,133,16,rock,True,9,1.0,under_6h
DSR-01042,SEG-0055,landslide,512.5,37.5,1780,mountain,weathered_rock,fair,2,state,3,9.73,very_high,0.7143,6.5776,11894,120,debris,True,9,45.6,1_3days
DSR-00987,SEG-0018,landslide,440.1,10.2,139,hilly,lateritic,poor,2,national,6,83.56,moderate,0.3867,0.2513,378,21,debris,True,9,1.0,under_6h
DSR-00886,SEG-0012,landslide,572.1,23.6,775,mountain,weathered_rock,fair,2,national,3,30.75,high,0.5759,1.5285,521,14,debris,True,9,1.0,under_6h
DSR-02050,SEG-0069,flood,486.5,20.0,352,mountain,weathered_rock,poor,1,state,5,43.86,high,0.564,1.1628,0,0,none,True,9,283.2,over_3days
DSR-00937,SEG-0068,landslide,212.2,40.7,433,mountain,weathered_rock,poor,1,state,4,66.95,high,0.6745,1.0157,131,9,rock,True,9,2.6,under_6h
DSR-01977,SEG-0056,bridge_damage,77.6,13.0,259,hilly,lateritic,fair,2,national,2,94.3,low,0.3544,0.1273,0,0,none,True,9,157.0,over_3days
DSR-00978,SEG-0032,landslide,230.0,37.8,1224,mountain,weathered_rock,fair,2,state,6,50.5,high,0.6374,1.1089,999,21,earth,True,9,1.9,under_6h
DSR-01036,SEG-0036,landslide,148.3,38.8,1084,mountain,weathered_rock,good,2,national,0,48.29,high,0.5956,0.8905,1059,30,rock,True,9,3.3,under_6h
DSR-00897,SEG-0012,landslide,173.3,23.6,775,mountain,weathered_rock,fair,2,national,3,30.75,high,0.5759,1.5285,1234,32,debris,True,9,1.0,under_6h
DSR-02293,SEG-0068,protest_blockade,33.7,40.7,433,mountain,weathered_rock,poor,1,state,4,66.95,high,0.6745,1.0157,0,0,none,True,10,23.7,6_24h
DSR-00711,SEG-0025,landslide,237.9,39.3,1378,mountain,weathered_rock,good,2,national,7,49.09,high,0.6173,1.1204,7583,42,debris,True,10,11.1,6_24h
DSR-00725,SEG-0068,landslide,160.9,40.7,433,mountain,weathered_rock,poor,1,state,4,66.95,high,0.6745,1.0157,34326,201,rock,True,10,345.7,over_3days
DSR-00962,SEG-0015,landslide,21.6,28.7,701,mountain,weathered_rock,fair,2,national,4,75.53,high,0.6753,1.4431,3617,71,debris,True,10,3.6,under_6h
DSR-00976,SEG-0063,landslide,15.0,25.7,2415,mountain,weathered_rock,good,1,national,0,35.45,high,0.6573,1.7489,645,23,rock,True,10,2.2,under_6h
DSR-02132,SEG-0071,protest_blockade,160.4,17.3,165,hilly,lateritic,fair,2,state,3,30.67,moderate,0.4198,0.5217,0,0,none,True,11,38.7,1_3days
DSR-02097,SEG-0060,maintenance,21.0,40.2,620,mountain,weathered_rock,fair,2,national,3,60.75,very_high,0.7497,1.1193,0,0,none,True,11,61.4,1_3days
DSR-00785,SEG-0015,landslide,55.6,28.7,701,mountain,weathered_rock,fair,2,national,4,75.53,high,0.6753,1.4431,183,11,earth,True,11,1.0,under_6h
DSR-00951,SEG-0047,landslide,110.7,27.7,1650,mountain,weathered_rock,fair,2,national,4,6.8,high,0.6569,10.2941,1526,47,debris,True,11,1.5,under_6h
DSR-02280,SEG-0024,flood,201.9,22.5,923,mountain,weathered_rock,fair,2,national,4,51.06,high,0.5596,0.5484,0,0,none,True,11,12.8,6_24h
DSR-00913,SEG-0020,landslide,194.8,15.5,450,hilly,lateritic,fair,2,national,1,33.37,moderate,0.4853,0.7492,326,19,debris,True,11,1.0,under_6h
DSR-01665,SEG-0071,flood,592.0,17.3,165,hilly,lateritic,fair,2,state,3,30.67,moderate,0.4198,0.5217,0,0,none,True,11,201.8,over_3days
DSR-01623,SEG-0026,maintenance,28.1,31.7,1319,mountain,weathered_rock,fair,2,national,2,35.84,high,0.6286,1.3672,0,0,none,True,12,27.5,1_3days
DSR-01089,SEG-0047,landslide,81.1,27.7,1650,mountain,weathered_rock,fair,2,national,4,6.8,high,0.6569,10.2941,2592,34,earth,True,12,1.0,under_6h
DSR-00790,SEG-0066,landslide,189.2,40.9,1099,mountain,weathered_rock,fair,1,state,1,40.68,very_high,0.7302,2.1141,8410,44,debris,True,12,34.5,1_3days
DSR-01936,SEG-0054,maintenance,10.5,32.8,1727,mountain,weathered_rock,fair,2,state,4,16.34,high,0.6827,2.9376,0,0,none,True,12,86.5,over_3days
DSR-01957,SEG-0032,maintenance,39.8,37.8,1224,mountain,weathered_rock,fair,2,state,6,50.5,high,0.6374,1.1089,0,0,none,True,12,26.0,1_3days
DSR-00810,SEG-0053,landslide,32.0,22.5,1675,mountain,weathered_rock,good,2,state,2,6.97,high,0.5856,6.8867,32610,193,rock,True,1,173.6,over_3days
DSR-01084,SEG-0032,landslide,129.8,37.8,1224,mountain,weathered_rock,fair,2,state,6,50.5,high,0.6374,1.1089,7815,99,rock,True,2,37.6,1_3days
DSR-02191,SEG-0037,maintenance,52.6,38.7,1405,mountain,weathered_rock,poor,2,state,3,68.38,high,0.691,0.9652,0,0,none,True,2,125.6,over_3days
DSR-02046,SEG-0007,maintenance,14.3,1.6,84,plain,alluvial,fair,4,national,2,116.18,low,0.2537,0.0,0,0,none,True,2,27.1,1_3days
DSR-00796,SEG-0035,landslide,61.4,24.0,1216,mountain,weathered_rock,poor,2,national,1,49.37,high,0.6147,1.1951,288,17,rock,True,2,1.0,under_6h
DSR-01852,SEG-0006,maintenance,1.7,1.5,69,plain,alluvial,fair,4,national,0,33.98,low,0.268,0.0294,0,0,none,True,3,4.3,under_6h
DSR-01942,SEG-0028,maintenance,16.7,34.8,1023,mountain,weathered_rock,good,2,national,7,46.71,high,0.5668,0.8349,0,0,none,True,3,11.7,6_24h
DSR-00899,SEG-0059,landslide,28.1,35.4,1092,mountain,weathered_rock,fair,2,national,7,61.83,very_high,0.7049,1.3586,773,38,rock,True,3,1.5,under_6h
DSR-00768,SEG-0065,landslide,439.4,24.2,1060,mountain,weathered_rock,fair,1,state,3,49.23,high,0.6127,1.1781,1472,53,earth,True,3,7.8,6_24h
DSR-02244,SEG-0050,fallen_tree,114.3,33.3,1250,mountain,weathered_rock,poor,1,national,4,14.76,very_high,0.7245,5.6233,0,0,none,True,3,7.3,6_24h
DSR-00765,SEG-0026,landslide,155.7,31.7,1319,mountain,weathered_rock,fair,2,national,2,35.84,high,0.6286,1.3672,1667,24,rock,True,3,3.2,under_6h
DSR-02146,SEG-0027,maintenance,30.0,33.3,1348,mountain,weathered_rock,fair,2,national,3,31.75,high,0.6513,1.5118,0,0,none,True,3,54.5,1_3days
DSR-01070,SEG-0036,landslide,476.1,38.8,1084,mountain,weathered_rock,good,2,national,0,48.29,high,0.5956,0.8905,1303,19,rock,True,3,3.6,under_6h
DSR-01934,SEG-0056,accident_blockage,33.3,13.0,259,hilly,lateritic,fair,2,national,2,94.3,low,0.3544,0.1273,0,0,none,True,3,27.3,1_3days
DSR-00824,SEG-0014,landslide,314.9,24.6,1438,mountain,weathered_rock,fair,2,national,5,33.95,high,0.671,3.7408,512,19,debris,True,3,1.0,under_6h
DSR-01044,SEG-0036,landslide,373.3,38.8,1084,mountain,weathered_rock,good,2,national,0,48.29,high,0.5956,0.8905,448,19,debris,True,4,1.0,under_6h
DSR-00742,SEG-0061,landslide,131.1,24.2,386,mountain,weathered_rock,fair,2,national,4,53.47,high,0.5826,1.1969,29002,68,debris,True,4,45.6,1_3days
DSR-01012,SEG-0013,landslide,234.6,37.1,1496,mountain,weathered_rock,poor,2,national,5,35.74,very_high,0.7998,6.2115,31093,179,debris,True,4,50.1,1_3days
DSR-00716,SEG-0018,landslide,230.8,10.2,139,hilly,lateritic,poor,2,national,6,83.56,moderate,0.3867,0.2513,323,29,earth,True,4,1.0,under_6h
DSR-00865,SEG-0042,landslide,246.6,9.1,45,hilly,lateritic,poor,2,national,3,16.18,moderate,0.4355,1.0507,546,35,rock,True,4,1.2,under_6h
DSR-00709,SEG-0066,landslide,268.6,40.9,1099,mountain,weathered_rock,fair,1,state,1,40.68,very_high,0.7302,2.1141,9363,61,debris,True,4,36.4,1_3days
DSR-00718,SEG-0058,landslide,458.7,27.3,1002,mountain,weathered_rock,fair,2,national,3,55.82,high,0.626,0.842,1455,50,rock,True,4,4.1,under_6h
DSR-00737,SEG-0064,landslide,575.6,27.6,2731,mountain,weathered_rock,poor,1,national,1,66.29,very_high,0.7556,1.8706,3493,48,debris,True,4,8.7,6_24h
DSR-01049,SEG-0052,landslide,327.7,37.0,1662,mountain,weathered_rock,poor,2,state,7,38.08,very_high,0.7503,2.2321,3143,65,earth,True,4,3.7,under_6h
DSR-02216,SEG-0016,flood,561.8,3.8,24,plain,alluvial,good,2,national,4,19.48,low,0.2584,0.0513,0,0,none,True,4,34.8,1_3days
DSR-00803,SEG-0064,landslide,461.7,27.6,2731,mountain,weathered_rock,poor,1,national,1,66.29,very_high,0.7556,1.8706,536,35,debris,True,4,1.0,under_6h
DSR-00995,SEG-0025,landslide,418.2,39.3,1378,mountain,weathered_rock,good,2,national,7,49.09,high,0.6173,1.1204,2774,48,debris,True,4,1.1,under_6h
DSR-00851,SEG-0025,landslide,499.0,39.3,1378,mountain,weathered_rock,good,2,national,7,49.09,high,0.6173,1.1204,654,13,debris,True,4,1.7,under_6h
DSR-01034,SEG-0013,landslide,18.8,37.1,1496,mountain,weathered_rock,poor,2,national,5,35.74,very_high,0.7998,6.2115,1265,20,debris,True,4,1.3,under_6h
DSR-00997,SEG-0025,landslide,45.9,39.3,1378,mountain,weathered_rock,good,2,national,7,49.09,high,0.6173,1.1204,5212,53,earth,True,4,3.1,under_6h
DSR-01922,SEG-0015,road_subsidence,322.6,28.7,701,mountain,weathered_rock,fair,2,national,4,75.53,high,0.6753,1.4431,0,0,none,True,5,257.8,over_3days
DSR-01002,SEG-0051,landslide,389.8,40.0,1250,mountain,weathered_rock,good,1,national,4,14.39,very_high,0.7423,3.0577,29173,176,debris,True,5,105.8,over_3days
DSR-00866,SEG-0065,landslide,379.9,24.2,1060,mountain,weathered_rock,fair,1,state,3,49.23,high,0.6127,1.1781,19875,124,debris,True,5,82.8,over_3days
DSR-01041,SEG-0068,landslide,439.7,40.7,433,mountain,weathered_rock,poor,1,state,4,66.95,high,0.6745,1.0157,98990,121,rock,True,5,643.2,over_3days
DSR-01671,SEG-0005,accident_blockage,16.5,2.7,57,plain,alluvial,good,4,national,2,97.15,low,0.2605,0.0206,0,0,none,True,5,21.4,6_24h
DSR-00806,SEG-0014,landslide,61.0,24.6,1438,mountain,weathered_rock,fair,2,national,5,33.95,high,0.671,3.7408,572,21,debris,True,5,1.7,under_6h
DSR-00781,SEG-0046,landslide,40.8,42.0,886,mountain,weathered_rock,fair,2,national,3,52.1,very_high,0.7002,1.2668,82652,252,debris,True,5,128.4,over_3days
DSR-00794,SEG-0035,landslide,192.6,24.0,1216,mountain,weathered_rock,poor,2,national,1,49.37,high,0.6147,1.1951,404,10,rock,True,5,2.5,under_6h
DSR-01892,SEG-0035,accident_blockage,46.8,24.0,1216,mountain,weathered_rock,poor,2,national,1,49.37,high,0.6147,1.1951,0,0,none,True,5,23.0,6_24h
DSR-01910,SEG-0048,flood,536.2,32.0,1650,mountain,weathered_rock,fair,2,national,0,15.63,high,0.6747,3.263,0,0,none,True,5,91.6,over_3days
DSR-02252,SEG-0026,flood,455.0,31.7,1319,mountain,weathered_rock,fair,2,national,2,35.84,high,0.6286,1.3672,0,0,none,True,5,42.7,1_3days
DSR-00831,SEG-0015,landslide,249.6,28.7,701,mountain,weathered_rock,fair,2,national,4,75.53,high,0.6753,1.4431,12140,91,earth,True,5,13.3,6_24h
DSR-01006,SEG-0054,landslide,361.6,32.8,1727,mountain,weathered_rock,fair,2,state,4,16.34,high,0.6827,2.9376,197,7,earth,True,5,1.0,under_6h
DSR-00773,SEG-0063,landslide,24.1,25.7,2415,mountain,weathered_rock,good,1,national,0,35.45,high,0.6573,1.7489,178,18,debris,True,5,1.0,under_6h
DSR-01027,SEG-0019,landslide,644.1,14.6,337,hilly,lateritic,good,2,national,0,41.98,moderate,0.4436,0.8814,2136,36,earth,True,5,4.5,under_6h
DSR-01989,SEG-0024,fallen_tree,109.8,22.5,923,mountain,weathered_rock,fair,2,national,4,51.06,high,0.5596,0.5484,0,0,none,True,5,3.7,under_6h
DSR-00918,SEG-0059,landslide,192.8,35.4,1092,mountain,weathered_rock,fair,2,national,7,61.83,very_high,0.7049,1.3586,17503,75,debris,True,5,28.3,1_3days
DSR-01072,SEG-0069,landslide,193.1,20.0,352,mountain,weathered_rock,poor,1,state,5,43.86,high,0.564,1.1628,870,26,debris,True,5,3.2,under_6h
DSR-01775,SEG-0020,fallen_tree,166.7,15.5,450,hilly,lateritic,fair,2,national,1,33.37,moderate,0.4853,0.7492,0,0,none,True,5,3.1,under_6h
DSR-00952,SEG-0047,landslide,118.3,27.7,1650,mountain,weathered_rock,fair,2,national,4,6.8,high,0.6569,10.2941,289,9,debris,True,5,1.0,under_6h
DSR-02009,SEG-0063,flood,537.2,25.7,2415,mountain,weathered_rock,good,1,national,0,35.45,high,0.6573,1.7489,0,0,none,True,5,128.1,over_3days
DSR-01035,SEG-0028,landslide,64.2,34.8,1023,mountain,weathered_rock,good,2,national,7,46.71,high,0.5668,0.8349,1249,36,rock,True,5,1.9,under_6h
DSR-00947,SEG-0013,landslide,645.0,37.1,1496,mountain,weathered_rock,poor,2,national,5,35.74,very_high,0.7998,6.2115,895,35,rock,True,5,1.0,under_6h
DSR-00906,SEG-0015,landslide,535.2,28.7,701,mountain,weathered_rock,fair,2,national,4,75.53,high,0.6753,1.4431,2898,22,earth,True,5,2.3,under_6h
DSR-00733,SEG-0048,landslide,125.2,32.0,1650,mountain,weathered_rock,fair,2,national,0,15.63,high,0.6747,3.263,28318,62,rock,True,5,199.0,over_3days
DSR-00973,SEG-0019,landslide,534.3,14.6,337,hilly,lateritic,good,2,national,0,41.98,moderate,0.4436,0.8814,1463,23,earth,True,5,1.0,under_6h
DSR-00777,SEG-0035,landslide,68.5,24.0,1216,mountain,weathered_rock,poor,2,national,1,49.37,high,0.6147,1.1951,4064,53,rock,True,5,42.1,1_3days
DSR-00923,SEG-0053,landslide,169.6,22.5,1675,mountain,weathered_rock,good,2,state,2,6.97,high,0.5856,6.8867,11767,61,earth,True,5,54.5,1_3days
DSR-00954,SEG-0015,landslide,754.8,28.7,701,mountain,weathered_rock,fair,2,national,4,75.53,high,0.6753,1.4431,7964,74,debris,True,5,13.2,6_24h
DSR-00752,SEG-0053,landslide,398.3,22.5,1675,mountain,weathered_rock,good,2,state,2,6.97,high,0.5856,6.8867,352,19,earth,True,5,1.5,under_6h
DSR-00926,SEG-0035,landslide,168.5,24.0,1216,mountain,weathered_rock,poor,2,national,1,49.37,high,0.6147,1.1951,448,26,rock,True,5,1.0,under_6h
DSR-00754,SEG-0014,landslide,605.0,24.6,1438,mountain,weathered_rock,fair,2,national,5,33.95,high,0.671,3.7408,11944,68,earth,True,5,5.1,under_6h
DSR-00769,SEG-0035,landslide,112.6,24.0,1216,mountain,weathered_rock,poor,2,national,1,49.37,high,0.6147,1.1951,1179,34,earth,True,5,1.5,under_6h
DSR-00869,SEG-0013,landslide,897.9,37.1,1496,mountain,weathered_rock,poor,2,national,5,35.74,very_high,0.7998,6.2115,891,43,rock,True,6,3.9,under_6h
DSR-01065,SEG-0047,landslide,62.3,27.7,1650,mountain,weathered_rock,fair,2,national,4,6.8,high,0.6569,10.2941,7350,79,rock,True,6,16.7,6_24h
DSR-00914,SEG-0064,landslide,65.8,27.6,2731,mountain,weathered_rock,poor,1,national,1,66.29,very_high,0.7556,1.8706,2606,24,earth,True,6,6.3,6_24h
DSR-01666,SEG-0070,protest_blockade,194.6,17.5,123,hilly,lateritic,good,2,state,2,93.38,low,0.3544,0.1606,0,0,none,True,6,18.8,6_24h
DSR-01011,SEG-0020,landslide,72.2,15.5,450,hilly,lateritic,fair,2,national,1,33.37,moderate,0.4853,0.7492,210,19,earth,True,6,1.0,under_6h
DSR-01855,SEG-0001,protest_blockade,87.3,4.2,87,plain,alluvial,good,4,national,1,216.84,low,0.2231,0.0,0,0,none,True,6,11.3,6_24h
DSR-01941,SEG-0025,flood,614.9,39.3,1378,mountain,weathered_rock,good,2,national,7,49.09,high,0.6173,1.1204,0,0,none,True,6,207.9,over_3days
DSR-00960,SEG-0015,landslide,17.7,28.7,701,mountain,weathered_rock,fair,2,national,4,75.53,high,0.6753,1.4431,3998,68,rock,True,6,37.9,1_3days
DSR-01085,SEG-0046,landslide,94.3,42.0,886,mountain,weathered_rock,fair,2,national,3,52.1,very_high,0.7002,1.2668,323,26,debris,True,6,1.0,under_6h
DSR-00939,SEG-0071,landslide,502.5,17.3,165,hilly,lateritic,fair,2,state,3,30.67,moderate,0.4198,0.5217,3797,80,rock,True,6,6.3,6_24h
DSR-01939,SEG-0045,protest_blockade,155.5,1.7,23,plain,alluvial,good,2,national,0,23.28,low,0.2326,0.043,0,0,none,True,6,5.7,under_6h
DSR-00828,SEG-0024,landslide,221.7,22.5,923,mountain,weathered_rock,fair,2,national,4,51.06,high,0.5596,0.5484,539,31,rock,True,6,2.2,under_6h
DSR-00756,SEG-0015,landslide,120.4,28.7,701,mountain,weathered_rock,fair,2,national,4,75.53,high,0.6753,1.4431,33986,89,debris,True,6,69.3,1_3days
DSR-00901,SEG-0014,landslide,507.0,24.6,1438,mountain,weathered_rock,fair,2,national,5,33.95,high,0.671,3.7408,610,28,debris,True,6,1.0,under_6h
DSR-01020,SEG-0061,landslide,455.9,24.2,386,mountain,weathered_rock,fair,2,national,4,53.47,high,0.5826,1.1969,1419,41,earth,True,6,1.9,under_6h
DSR-00970,SEG-0063,landslide,495.4,25.7,2415,mountain,weathered_rock,good,1,national,0,35.45,high,0.6573,1.7489,4307,42,rock,True,6,22.6,6_24h
DSR-01094,SEG-0064,landslide,486.7,27.6,2731,mountain,weathered_rock,poor,1,national,1,66.29,very_high,0.7556,1.8706,27543,174,rock,True,6,81.2,over_3days
DSR-00771,SEG-0039,landslide,442.9,21.4,36,hilly,lateritic,fair,2,national,7,41.19,moderate,0.4111,0.4613,417,20,rock,True,6,2.5,under_6h
DSR-01820,SEG-0043,flood,216.7,20.5,34,hilly,lateritic,poor,2,national,1,17.57,moderate,0.4617,0.9676,0,0,none,True,6,239.9,over_3days
DSR-01998,SEG-0029,flood,595.9,21.4,1260,mountain,weathered_rock,good,2,national,3,44.14,moderate,0.5237,0.589,0,0,none,True,6,203.5,over_3days
DSR-00749,SEG-0035,landslide,227.1,24.0,1216,mountain,weathered_rock,poor,2,national,1,49.37,high,0.6147,1.1951,18249,128,rock,True,6,95.0,over_3days
DSR-00791,SEG-0049,landslide,41.1,22.3,1450,mountain,weathered_rock,fair,1,national,1,20.47,high,0.6253,2.1006,388,11,earth,True,6,1.0,under_6h
DSR-00919,SEG-0068,landslide,472.5,40.7,433,mountain,weathered_rock,poor,1,state,4,66.95,high,0.6745,1.0157,919,28,earth,True,6,7.5,6_24h
DSR-02238,SEG-0060,protest_blockade,8.5,40.2,620,mountain,weathered_rock,fair,2,national,3,60.75,very_high,0.7497,1.1193,0,0,none,True,6,3.9,under_6h
DSR-01051,SEG-0013,landslide,766.8,37.1,1496,mountain,weathered_rock,poor,2,national,5,35.74,very_high,0.7998,6.2115,1461,27,earth,True,6,3.1,under_6h
DSR-00832,SEG-0064,landslide,316.3,27.6,2731,mountain,weathered_rock,poor,1,national,1,66.29,very_high,0.7556,1.8706,7873,66,earth,True,6,24.8,1_3days
DSR-00895,SEG-0054,landslide,149.3,32.8,1727,mountain,weathered_rock,fair,2,state,4,16.34,high,0.6827,2.9376,1165,24,rock,True,6,7.9,6_24h
DSR-00805,SEG-0022,landslide,394.6,22.3,1252,mountain,weathered_rock,fair,2,national,3,19.5,high,0.5848,1.641,465,28,rock,True,6,3.2,under_6h
DSR-02036,SEG-0002,flood,659.1,4.4,53,plain,alluvial,good,4,national,3,47.71,low,0.2701,0.021,0,0,none,True,6,237.2,over_3days
DSR-00732,SEG-0051,landslide,347.8,40.0,1250,mountain,weathered_rock,good,1,national,4,14.39,very_high,0.7423,3.0577,117,11,debris,True,6,1.0,under_6h
DSR-00789,SEG-0060,landslide,375.3,40.2,620,mountain,weathered_rock,fair,2,national,3,60.75,very_high,0.7497,1.1193,684,15,rock,True,6,4.7,under_6h
DSR-02039,SEG-0071,flood,572.2,17.3,165,hilly,lateritic,fair,2,state,3,30.67,moderate,0.4198,0.5217,0,0,none,True,6,184.1,over_3days
DSR-00717,SEG-0060,landslide,570.5,40.2,620,mountain,weathered_rock,fair,2,national,3,60.75,very_high,0.7497,1.1193,4577,70,debris,True,6,19.4,6_24h
DSR-01920,SEG-0063,flood,490.1,25.7,2415,mountain,weathered_rock,good,1,national,0,35.45,high,0.6573,1.7489,0,0,none,True,6,31.1,1_3days
DSR-01052,SEG-0049,landslide,96.7,22.3,1450,mountain,weathered_rock,fair,1,national,1,20.47,high,0.6253,2.1006,11115,53,debris,True,6,41.9,1_3days
DSR-00955,SEG-0017,landslide,553.8,6.0,54,plain,alluvial,good,2,national,0,111.76,low,0.2804,0.0358,8517,82,debris,True,6,10.3,6_24h
DSR-00887,SEG-0062,landslide,346.0,28.8,1247,mountain,weathered_rock,good,1,national,0,44.74,high,0.56,1.0729,1554,27,debris,True,6,5.5,under_6h
DSR-00809,SEG-0014,landslide,844.1,24.6,1438,mountain,weathered_rock,fair,2,national,5,33.95,high,0.671,3.7408,435,12,earth,True,6,1.0,under_6h
DSR-00821,SEG-0065,landslide,98.6,24.2,1060,mountain,weathered_rock,fair,1,state,3,49.23,high,0.6127,1.1781,9035,81,debris,True,6,131.3,over_3days
DSR-01858,SEG-0061,flood,489.6,24.2,386,mountain,weathered_rock,fair,2,national,4,53.47,high,0.5826,1.1969,0,0,none,True,6,12.2,6_24h
DSR-00857,SEG-0029,landslide,554.7,21.4,1260,mountain,weathered_rock,good,2,national,3,44.14,moderate,0.5237,0.589,171,9,earth,True,6,1.0,under_6h
DSR-00967,SEG-0014,landslide,77.9,24.6,1438,mountain,weathered_rock,fair,2,national,5,33.95,high,0.671,3.7408,781,29,debris,True,6,1.9,under_6h
DSR-00795,SEG-0068,landslide,333.2,40.7,433,mountain,weathered_rock,poor,1,state,4,66.95,high,0.6745,1.0157,46720,212,debris,True,6,223.3,over_3days
DSR-01019,SEG-0013,landslide,868.4,37.1,1496,mountain,weathered_rock,poor,2,national,5,35.74,very_high,0.7998,6.2115,4797,76,earth,True,6,6.1,6_24h
DSR-01082,SEG-0064,landslide,174.5,27.6,2731,mountain,weathered_rock,poor,1,national,1,66.29,very_high,0.7556,1.8706,1122,42,rock,True,6,5.2,under_6h
DSR-00798,SEG-0068,landslide,488.1,40.7,433,mountain,weathered_rock,poor,1,state,4,66.95,high,0.6745,1.0157,379,21,rock,True,6,4.9,under_6h
DSR-02166,SEG-0035,road_subsidence,381.4,24.0,1216,mountain,weathered_rock,poor,2,national,1,49.37,high,0.6147,1.1951,0,0,none,True,6,88.4,over_3days
DSR-00884,SEG-0052,landslide,428.6,37.0,1662,mountain,weathered_rock,poor,2,state,7,38.08,very_high,0.7503,2.2321,860,31,earth,True,6,3.6,under_6h
DSR-01037,SEG-0021,landslide,110.8,30.0,794,mountain,weathered_rock,fair,2,national,4,46.0,high,0.5592,0.7826,4750,38,earth,True,6,4.5,under_6h
DSR-01629,SEG-0058,accident_blockage,31.1,27.3,1002,mountain,weathered_rock,fair,2,national,3,55.82,high,0.626,0.842,0,0,none,True,6,17.3,6_24h
DSR-00988,SEG-0013,landslide,443.1,37.1,1496,mountain,weathered_rock,poor,2,national,5,35.74,very_high,0.7998,6.2115,837,34,earth,True,6,1.0,under_6h
DSR-01101,SEG-0050,landslide,323.1,33.3,1250,mountain,weathered_rock,poor,1,national,4,14.76,very_high,0.7245,5.6233,6975,93,earth,True,6,24.6,1_3days
DSR-02042,SEG-0006,bridge_damage,341.8,1.5,69,plain,alluvial,fair,4,national,0,33.98,low,0.268,0.0294,0,0,none,True,6,710.0,over_3days
DSR-02075,SEG-0048,bridge_damage,125.0,32.0,1650,mountain,weathered_rock,fair,2,national,0,15.63,high,0.6747,3.263,0,0,none,True,6,660.7,over_3days
DSR-01845,SEG-0048,bridge_damage,277.0,32.0,1650,mountain,weathered_rock,fair,2,national,0,15.63,high,0.6747,3.263,0,0,none,True,6,621.0,over_3days
DSR-01093,SEG-0046,landslide,511.8,42.0,886,mountain,weathered_rock,fair,2,national,3,52.1,very_high,0.7002,1.2668,7653,70,earth,True,6,9.2,6_24h
DSR-01059,SEG-0052,landslide,128.7,37.0,1662,mountain,weathered_rock,poor,2,state,7,38.08,very_high,0.7503,2.2321,46505,159,earth,True,6,117.4,over_3days
DSR-00957,SEG-0023,landslide,458.7,23.6,1061,mountain,weathered_rock,fair,2,national,0,27.48,moderate,0.546,1.0917,6600,33,debris,True,6,13.5,6_24h
DSR-00770,SEG-0015,landslide,82.5,28.7,701,mountain,weathered_rock,fair,2,national,4,75.53,high,0.6753,1.4431,2485,47,debris,True,6,2.5,under_6h
DSR-01890,SEG-0012,accident_blockage,29.3,23.6,775,mountain,weathered_rock,fair,2,national,3,30.75,high,0.5759,1.5285,0,0,none,True,6,10.1,6_24h
DSR-00808,SEG-0026,landslide,607.3,31.7,1319,mountain,weathered_rock,fair,2,national,2,35.84,high,0.6286,1.3672,36,6,debris,True,6,1.0,under_6h
DSR-00748,SEG-0048,landslide,95.2,32.0,1650,mountain,weathered_rock,fair,2,national,0,15.63,high,0.6747,3.263,321,12,debris,True,7,1.0,under_6h
DSR-01720,SEG-0027,fallen_tree,64.1,33.3,1348,mountain,weathered_rock,fair,2,national,3,31.75,high,0.6513,1.5118,0,0,none,True,7,3.8,under_6h
DSR-00888,SEG-0051,landslide,548.7,40.0,1250,mountain,weathered_rock,good,1,national,4,14.39,very_high,0.7423,3.0577,784,19,rock,True,7,2.8,under_6h
DSR-02208,SEG-0047,flood,375.0,27.7,1650,mountain,weathered_rock,fair,2,national,4,6.8,high,0.6569,10.2941,0,0,none,True,7,136.1,over_3days
DSR-00707,SEG-0059,landslide,118.7,35.4,1092,mountain,weathered_rock,fair,2,national,7,61.83,very_high,0.7049,1.3586,1666,43,earth,True,7,1.6,under_6h
DSR-00982,SEG-0043,landslide,459.3,20.5,34,hilly,lateritic,poor,2,national,1,17.57,moderate,0.4617,0.9676,641,31,earth,True,7,1.0,under_6h
DSR-00892,SEG-0058,landslide,168.7,27.3,1002,mountain,weathered_rock,fair,2,national,3,55.82,high,0.626,0.842,15089,108,earth,True,7,30.3,1_3days
DSR-02133,SEG-0023,flood,628.4,23.6,1061,mountain,weathered_rock,fair,2,national,0,27.48,moderate,0.546,1.0917,0,0,none,True,7,112.4,over_3days
DSR-00856,SEG-0013,landslide,612.9,37.1,1496,mountain,weathered_rock,poor,2,national,5,35.74,very_high,0.7998,6.2115,6608,103,debris,True,7,4.7,under_6h
DSR-00812,SEG-0046,landslide,112.8,42.0,886,mountain,weathered_rock,fair,2,national,3,52.1,very_high,0.7002,1.2668,69,6,debris,True,7,1.0,under_6h
DSR-00948,SEG-0012,landslide,75.5,23.6,775,mountain,weathered_rock,fair,2,national,3,30.75,high,0.5759,1.5285,727,35,debris,True,7,1.0,under_6h
DSR-01018,SEG-0051,landslide,34.1,40.0,1250,mountain,weathered_rock,good,1,national,4,14.39,very_high,0.7423,3.0577,238,21,rock,True,7,1.5,under_6h
DSR-00863,SEG-0022,landslide,490.7,22.3,1252,mountain,weathered_rock,fair,2,national,3,19.5,high,0.5848,1.641,451,16,earth,True,7,1.0,under_6h
DSR-02303,SEG-0038,flood,339.8,1.8,16,plain,alluvial,good,2,national,3,66.77,very_low,0.2089,0.03,0,0,none,True,7,61.6,1_3days
DSR-00881,SEG-0055,landslide,146.9,37.5,1780,mountain,weathered_rock,fair,2,state,3,9.73,very_high,0.7143,6.5776,1945,30,debris,True,7,3.6,under_6h
DSR-00965,SEG-0019,landslide,446.2,14.6,337,hilly,lateritic,good,2,national,0,41.98,moderate,0.4436,0.8814,7386,77,earth,True,7,3.9,under_6h
DSR-01799,SEG-0009,flood,683.7,2.4,93,plain,alluvial,good,4,national,0,50.33,low,0.2614,0.0397,0,0,none,True,7,200.7,over_3days
DSR-01048,SEG-0064,landslide,34.9,27.6,2731,mountain,weathered_rock,poor,1,national,1,66.29,very_high,0.7556,1.8706,280,27,rock,True,7,2.0,under_6h
DSR-00759,SEG-0029,landslide,85.3,21.4,1260,mountain,weathered_rock,good,2,national,3,44.14,moderate,0.5237,0.589,7825,87,earth,True,7,12.1,6_24h
DSR-01014,SEG-0013,landslide,98.7,37.1,1496,mountain,weathered_rock,poor,2,national,5,35.74,very_high,0.7998,6.2115,1106,16,rock,True,7,1.9,under_6h
DSR-00979,SEG-0023,landslide,604.3,23.6,1061,mountain,weathered_rock,fair,2,national,0,27.48,moderate,0.546,1.0917,1426,22,debris,True,7,2.0,under_6h
DSR-00999,SEG-0025,landslide,116.7,39.3,1378,mountain,weathered_rock,good,2,national,7,49.09,high,0.6173,1.1204,3789,58,debris,True,7,7.4,6_24h
DSR-00830,SEG-0071,landslide,0.9,17.3,165,hilly,lateritic,fair,2,state,3,30.67,moderate,0.4198,0.5217,392,28,debris,True,7,2.9,under_6h
DSR-00836,SEG-0013,landslide,60.2,37.1,1496,mountain,weathered_rock,poor,2,national,5,35.74,very_high,0.7998,6.2115,141,8,rock,True,7,1.0,under_6h
DSR-00835,SEG-0062,landslide,86.1,28.8,1247,mountain,weathered_rock,good,1,national,0,44.74,high,0.56,1.0729,30383,133,rock,True,7,226.2,over_3days
DSR-00915,SEG-0055,landslide,150.4,37.5,1780,mountain,weathered_rock,fair,2,state,3,9.73,very_high,0.7143,6.5776,874,40,rock,True,7,6.0,6_24h
DSR-00946,SEG-0037,landslide,409.4,38.7,1405,mountain,weathered_rock,poor,2,state,3,68.38,high,0.691,0.9652,8657,87,earth,True,7,18.1,6_24h
DSR-00767,SEG-0061,landslide,290.2,24.2,386,mountain,weathered_rock,fair,2,national,4,53.47,high,0.5826,1.1969,432,26,rock,True,7,1.6,under_6h
DSR-00826,SEG-0024,landslide,76.9,22.5,923,mountain,weathered_rock,fair,2,national,4,51.06,high,0.5596,0.5484,2556,64,earth,True,7,3.9,under_6h
DSR-00896,SEG-0023,landslide,528.9,23.6,1061,mountain,weathered_rock,fair,2,national,0,27.48,moderate,0.546,1.0917,606,31,rock,True,7,1.7,under_6h
DSR-01096,SEG-0032,landslide,374.8,37.8,1224,mountain,weathered_rock,fair,2,state,6,50.5,high,0.6374,1.1089,20255,80,earth,True,7,80.8,over_3days
DSR-00871,SEG-0054,landslide,415.9,32.8,1727,mountain,weathered_rock,fair,2,state,4,16.34,high,0.6827,2.9376,11805,46,earth,True,7,63.5,1_3days
DSR-00944,SEG-0062,landslide,473.7,28.8,1247,mountain,weathered_rock,good,1,national,0,44.74,high,0.56,1.0729,486,21,rock,True,7,1.2,under_6h
DSR-00702,SEG-0062,landslide,541.3,28.8,1247,mountain,weathered_rock,good,1,national,0,44.74,high,0.56,1.0729,914,29,debris,True,7,4.5,under_6h
DSR-00870,SEG-0046,landslide,396.5,42.0,886,mountain,weathered_rock,fair,2,national,3,52.1,very_high,0.7002,1.2668,3013,34,debris,True,7,6.9,6_24h
DSR-00904,SEG-0060,landslide,415.1,40.2,620,mountain,weathered_rock,fair,2,national,3,60.75,very_high,0.7497,1.1193,367,30,debris,True,7,1.0,under_6h
DSR-01032,SEG-0047,landslide,174.5,27.7,1650,mountain,weathered_rock,fair,2,national,4,6.8,high,0.6569,10.2941,920,14,rock,True,7,3.4,under_6h
DSR-01981,SEG-0021,protest_blockade,83.4,30.0,794,mountain,weathered_rock,fair,2,national,4,46.0,high,0.5592,0.7826,0,0,none,True,7,23.9,6_24h
DSR-00956,SEG-0062,landslide,578.9,28.8,1247,mountain,weathered_rock,good,1,national,0,44.74,high,0.56,1.0729,329,23,debris,True,7,1.0,under_6h
DSR-01031,SEG-0060,landslide,32.6,40.2,620,mountain,weathered_rock,fair,2,national,3,60.75,very_high,0.7497,1.1193,2573,46,rock,True,7,26.2,1_3days
DSR-01039,SEG-0050,landslide,487.9,33.3,1250,mountain,weathered_rock,poor,1,national,4,14.76,very_high,0.7245,5.6233,1772,43,debris,True,7,3.0,under_6h
DSR-02296,SEG-0030,road_subsidence,288.1,33.9,642,mountain,weathered_rock,good,2,national,5,34.62,moderate,0.5294,0.751,0,0,none,True,7,117.2,over_3days
DSR-00715,SEG-0026,landslide,259.7,31.7,1319,mountain,weathered_rock,fair,2,national,2,35.84,high,0.6286,1.3672,306,12,rock,True,7,1.0,under_6h
DSR-01636,SEG-0034,fallen_tree,138.6,27.5,891,mountain,weathered_rock,poor,2,national,3,54.94,high,0.6405,1.0193,0,0,none,True,7,8.8,6_24h
DSR-00858,SEG-0027,landslide,146.5,33.3,1348,mountain,weathered_rock,fair,2,national,3,31.75,high,0.6513,1.5118,20038,123,earth,True,7,28.3,1_3days
DSR-00893,SEG-0015,landslide,861.5,28.7,701,mountain,weathered_rock,fair,2,national,4,75.53,high,0.6753,1.4431,790,29,debris,True,7,1.6,under_6h
DSR-00853,SEG-0047,landslide,37.0,27.7,1650,mountain,weathered_rock,fair,2,national,4,6.8,high,0.6569,10.2941,579,31,debris,True,7,1.0,under_6h
DSR-00820,SEG-0022,landslide,439.5,22.3,1252,mountain,weathered_rock,fair,2,national,3,19.5,high,0.5848,1.641,20311,105,rock,True,7,53.3,1_3days
DSR-00751,SEG-0035,landslide,482.8,24.0,1216,mountain,weathered_rock,poor,2,national,1,49.37,high,0.6147,1.1951,1998,51,rock,True,7,4.7,under_6h
DSR-02215,SEG-0051,flood,368.4,40.0,1250,mountain,weathered_rock,good,1,national,4,14.39,very_high,0.7423,3.0577,0,0,none,True,7,214.2,over_3days
DSR-00848,SEG-0051,landslide,559.4,40.0,1250,mountain,weathered_rock,good,1,national,4,14.39,very_high,0.7423,3.0577,1434,21,rock,True,7,9.5,6_24h
DSR-00977,SEG-0013,landslide,44.5,37.1,1496,mountain,weathered_rock,poor,2,national,5,35.74,very_high,0.7998,6.2115,56411,245,debris,True,7,74.1,over_3days
DSR-02203,SEG-0067,flood,203.4,17.3,231,hilly,lateritic,fair,1,state,2,38.22,moderate,0.4483,0.5233,0,0,none,True,7,137.2,over_3days
DSR-01017,SEG-0012,landslide,424.6,23.6,775,mountain,weathered_rock,fair,2,national,3,30.75,high,0.5759,1.5285,4080,66,rock,True,8,25.5,1_3days
DSR-00744,SEG-0013,landslide,282.6,37.1,1496,mountain,weathered_rock,poor,2,national,5,35.74,very_high,0.7998,6.2115,69,5,rock,True,8,1.0,under_6h
DSR-01978,SEG-0003,flood,342.1,2.1,54,plain,alluvial,fair,4,national,1,45.56,low,0.2534,0.0,0,0,none,True,8,143.0,over_3days
DSR-01010,SEG-0043,landslide,581.3,20.5,34,hilly,lateritic,poor,2,national,1,17.57,moderate,0.4617,0.9676,1329,27,rock,True,8,6.7,6_24h
DSR-02041,SEG-0054,accident_blockage,146.9,32.8,1727,mountain,weathered_rock,fair,2,state,4,16.34,high,0.6827,2.9376,0,0,none,True,8,25.7,1_3days
DSR-01005,SEG-0054,landslide,471.5,32.8,1727,mountain,weathered_rock,fair,2,state,4,16.34,high,0.6827,2.9376,6489,102,debris,True,8,37.3,1_3days
DSR-00907,SEG-0035,landslide,240.8,24.0,1216,mountain,weathered_rock,poor,2,national,1,49.37,high,0.6147,1.1951,793,17,debris,True,8,2.3,under_6h
DSR-00928,SEG-0060,landslide,485.1,40.2,620,mountain,weathered_rock,fair,2,national,3,60.75,very_high,0.7497,1.1193,6805,44,debris,True,8,11.5,6_24h
DSR-01086,SEG-0027,landslide,397.9,33.3,1348,mountain,weathered_rock,fair,2,national,3,31.75,high,0.6513,1.5118,757,15,earth,True,8,1.0,under_6h
DSR-01643,SEG-0007,road_subsidence,346.4,1.6,84,plain,alluvial,fair,4,national,2,116.18,low,0.2537,0.0,0,0,none,True,8,195.5,over_3days
DSR-00734,SEG-0053,landslide,66.8,22.5,1675,mountain,weathered_rock,good,2,state,2,6.97,high,0.5856,6.8867,6511,84,debris,True,8,69.1,1_3days
DSR-00819,SEG-0064,landslide,435.3,27.6,2731,mountain,weathered_rock,poor,1,national,1,66.29,very_high,0.7556,1.8706,35567,119,debris,True,8,80.3,over_3days
DSR-01871,SEG-0054,bridge_damage,260.0,32.8,1727,mountain,weathered_rock,fair,2,state,4,16.34,high,0.6827,2.9376,0,0,none,True,8,645.9,over_3days
DSR-00985,SEG-0064,landslide,82.7,27.6,2731,mountain,weathered_rock,poor,1,national,1,66.29,very_high,0.7556,1.8706,1104,33,debris,True,8,2.4,under_6h
DSR-01030,SEG-0052,landslide,594.9,37.0,1662,mountain,weathered_rock,poor,2,state,7,38.08,very_high,0.7503,2.2321,246,14,rock,True,8,2.3,under_6h
DSR-01066,SEG-0022,landslide,64.4,22.3,1252,mountain,weathered_rock,fair,2,national,3,19.5,high,0.5848,1.641,4375,73,rock,True,8,27.1,1_3days
DSR-01054,SEG-0011,landslide,411.3,5.7,112,plain,alluvial,fair,4,national,1,42.95,low,0.2769,0.0698,1663,24,earth,True,8,1.0,under_6h
DSR-01765,SEG-0010,fallen_tree,89.9,4.2,102,plain,alluvial,fair,4,national,1,60.63,low,0.3066,0.0165,0,0,none,True,8,19.9,6_24h
DSR-00922,SEG-0064,landslide,575.4,27.6,2731,mountain,weathered_rock,poor,1,national,1,66.29,very_high,0.7556,1.8706,1129,23,rock,True,8,3.5,under_6h
DSR-00784,SEG-0066,landslide,340.7,40.9,1099,mountain,weathered_rock,fair,1,state,1,40.68,very_high,0.7302,2.1141,23084,66,debris,True,8,201.2,over_3days
DSR-00822,SEG-0048,landslide,278.2,32.0,1650,mountain,weathered_rock,fair,2,national,0,15.63,high,0.6747,3.263,362,25,rock,True,8,2.6,under_6h
DSR-01090,SEG-0049,landslide,405.4,22.3,1450,mountain,weathered_rock,fair,1,national,1,20.47,high,0.6253,2.1006,978,25,earth,True,8,1.8,under_6h
DSR-02285,SEG-0071,fallen_tree,63.6,17.3,165,hilly,lateritic,fair,2,state,3,30.67,moderate,0.4198,0.5217,0,0,none,True,8,41.5,1_3days
DSR-00890,SEG-0061,landslide,610.0,24.2,386,mountain,weathered_rock,fair,2,national,4,53.47,high,0.5826,1.1969,10262,67,earth,True,8,24.9,1_3days
DSR-01021,SEG-0064,landslide,600.0,27.6,2731,mountain,weathered_rock,poor,1,national,1,66.29,very_high,0.7556,1.8706,8595,113,earth,True,8,10.0,6_24h
DSR-00994,SEG-0066,landslide,514.6,40.9,1099,mountain,weathered_rock,fair,1,state,1,40.68,very_high,0.7302,2.1141,4574,54,debris,True,8,49.8,1_3days
DSR-01889,SEG-0040,accident_blockage,189.5,11.0,60,hilly,lateritic,fair,2,national,0,29.41,moderate,0.3802,0.204,0,0,none,True,8,1.6,under_6h
DSR-00991,SEG-0024,landslide,303.7,22.5,923,mountain,weathered_rock,fair,2,national,4,51.06,high,0.5596,0.5484,9930,73,debris,True,8,6.3,6_24h
DSR-00981,SEG-0055,landslide,529.5,37.5,1780,mountain,weathered_rock,fair,2,state,3,9.73,very_high,0.7143,6.5776,1038,16,rock,True,8,7.8,6_24h
DSR-00984,SEG-0052,landslide,322.0,37.0,1662,mountain,weathered_rock,poor,2,state,7,38.08,very_high,0.7503,2.2321,2117,47,rock,True,8,12.8,6_24h
DSR-00720,SEG-0048,landslide,91.8,32.0,1650,mountain,weathered_rock,fair,2,national,0,15.63,high,0.6747,3.263,3839,72,debris,True,8,5.8,under_6h
DSR-00942,SEG-0069,landslide,144.0,20.0,352,mountain,weathered_rock,poor,1,state,5,43.86,high,0.564,1.1628,973,44,debris,True,8,5.7,under_6h
DSR-00844,SEG-0047,landslide,419.2,27.7,1650,mountain,weathered_rock,fair,2,national,4,6.8,high,0.6569,10.2941,3481,27,rock,True,8,7.7,6_24h
DSR-00816,SEG-0043,landslide,72.5,20.5,34,hilly,lateritic,poor,2,national,1,17.57,moderate,0.4617,0.9676,5141,81,rock,True,8,10.4,6_24h
DSR-00834,SEG-0015,landslide,444.5,28.7,701,mountain,weathered_rock,fair,2,national,4,75.53,high,0.6753,1.4431,85,16,debris,True,8,1.0,under_6h
DSR-00867,SEG-0048,landslide,426.6,32.0,1650,mountain,weathered_rock,fair,2,national,0,15.63,high,0.6747,3.263,17258,104,rock,True,8,62.0,1_3days
DSR-00695,SEG-0026,landslide,269.8,31.7,1319,mountain,weathered_rock,fair,2,national,2,35.84,high,0.6286,1.3672,1042,20,rock,True,8,4.8,under_6h
DSR-01098,SEG-0053,landslide,254.9,22.5,1675,mountain,weathered_rock,good,2,state,2,6.97,high,0.5856,6.8867,9159,119,rock,True,8,101.0,over_3days
DSR-00862,SEG-0025,landslide,24.8,39.3,1378,mountain,weathered_rock,good,2,national,7,49.09,high,0.6173,1.1204,2806,66,earth,True,8,6.1,6_24h
DSR-02188,SEG-0051,flood,307.0,40.0,1250,mountain,weathered_rock,good,1,national,4,14.39,very_high,0.7423,3.0577,0,0,none,True,8,48.3,1_3days
DSR-01917,SEG-0030,flood,559.4,33.9,642,mountain,weathered_rock,good,2,national,5,34.62,moderate,0.5294,0.751,0,0,none,True,8,233.3,over_3days
DSR-00953,SEG-0013,landslide,754.7,37.1,1496,mountain,weathered_rock,poor,2,national,5,35.74,very_high,0.7998,6.2115,890,28,debris,True,8,1.2,under_6h
DSR-01769,SEG-0059,bridge_damage,388.9,35.4,1092,mountain,weathered_rock,fair,2,national,7,61.83,very_high,0.7049,1.3586,0,0,none,True,8,1151.0,over_3days
DSR-00850,SEG-0025,landslide,311.9,39.3,1378,mountain,weathered_rock,good,2,national,7,49.09,high,0.6173,1.1204,713,16,debris,True,8,1.6,under_6h
DSR-00969,SEG-0068,landslide,231.1,40.7,433,mountain,weathered_rock,poor,1,state,4,66.95,high,0.6745,1.0157,34131,193,debris,True,8,134.8,over_3days
DSR-01026,SEG-0060,landslide,273.9,40.2,620,mountain,weathered_rock,fair,2,national,3,60.75,very_high,0.7497,1.1193,5352,66,rock,True,8,22.2,6_24h
DSR-00693,SEG-0051,landslide,474.7,40.0,1250,mountain,weathered_rock,good,1,national,4,14.39,very_high,0.7423,3.0577,4681,67,debris,True,8,14.9,6_24h
DSR-00747,SEG-0037,landslide,201.8,38.7,1405,mountain,weathered_rock,poor,2,state,3,68.38,high,0.691,0.9652,2806,56,earth,True,8,16.6,6_24h
DSR-00761,SEG-0028,landslide,84.3,34.8,1023,mountain,weathered_rock,good,2,national,7,46.71,high,0.5668,0.8349,3108,48,rock,True,8,7.2,6_24h
DSR-00963,SEG-0037,landslide,450.7,38.7,1405,mountain,weathered_rock,poor,2,state,3,68.38,high,0.691,0.9652,3723,45,debris,True,8,22.9,6_24h
DSR-01009,SEG-0066,landslide,390.3,40.9,1099,mountain,weathered_rock,fair,1,state,1,40.68,very_high,0.7302,2.1141,18592,53,debris,True,9,52.7,1_3days
DSR-01069,SEG-0015,landslide,725.9,28.7,701,mountain,weathered_rock,fair,2,national,4,75.53,high,0.6753,1.4431,1734,22,debris,True,9,3.4,under_6h
DSR-01837,SEG-0049,fallen_tree,18.0,22.3,1450,mountain,weathered_rock,fair,1,national,1,20.47,high,0.6253,2.1006,0,0,none,True,9,14.0,6_24h
DSR-00700,SEG-0047,landslide,172.2,27.7,1650,mountain,weathered_rock,fair,2,national,4,6.8,high,0.6569,10.2941,1209,39,debris,True,9,1.1,under_6h
DSR-00902,SEG-0049,landslide,1.7,22.3,1450,mountain,weathered_rock,fair,1,national,1,20.47,high,0.6253,2.1006,32177,195,debris,True,9,93.1,over_3days
DSR-00921,SEG-0037,landslide,469.7,38.7,1405,mountain,weathered_rock,poor,2,state,3,68.38,high,0.691,0.9652,1454,50,debris,True,9,13.0,6_24h
DSR-00924,SEG-0034,landslide,304.5,27.5,891,mountain,weathered_rock,poor,2,national,3,54.94,high,0.6405,1.0193,597,26,debris,True,9,1.6,under_6h
DSR-00898,SEG-0013,landslide,726.9,37.1,1496,mountain,weathered_rock,poor,2,national,5,35.74,very_high,0.7998,6.2115,84,7,earth,True,9,1.0,under_6h
DSR-00745,SEG-0037,landslide,399.8,38.7,1405,mountain,weathered_rock,poor,2,state,3,68.38,high,0.691,0.9652,668,28,earth,True,9,1.8,under_6h
DSR-00764,SEG-0050,landslide,515.6,33.3,1250,mountain,weathered_rock,poor,1,national,4,14.76,very_high,0.7245,5.6233,392,21,debris,True,9,1.0,under_6h
DSR-00786,SEG-0063,landslide,327.8,25.7,2415,mountain,weathered_rock,good,1,national,0,35.45,high,0.6573,1.7489,85834,239,rock,True,9,278.8,over_3days
DSR-01819,SEG-0018,bridge_damage,181.3,10.2,139,hilly,lateritic,poor,2,national,6,83.56,moderate,0.3867,0.2513,0,0,none,True,9,1121.4,over_3days
DSR-00992,SEG-0058,landslide,232.6,27.3,1002,mountain,weathered_rock,fair,2,national,3,55.82,high,0.626,0.842,338,27,rock,True,9,1.0,under_6h
DSR-00813,SEG-0066,landslide,377.0,40.9,1099,mountain,weathered_rock,fair,1,state,1,40.68,very_high,0.7302,2.1141,48891,198,debris,True,9,169.1,over_3days
DSR-00927,SEG-0032,landslide,223.3,37.8,1224,mountain,weathered_rock,fair,2,state,6,50.5,high,0.6374,1.1089,1355,21,rock,True,9,13.2,6_24h
DSR-00950,SEG-0022,landslide,109.0,22.3,1252,mountain,weathered_rock,fair,2,national,3,19.5,high,0.5848,1.641,669,27,rock,True,9,1.8,under_6h
DSR-00818,SEG-0065,landslide,48.1,24.2,1060,mountain,weathered_rock,fair,1,state,3,49.23,high,0.6127,1.1781,635,27,rock,True,9,3.9,under_6h
DSR-00838,SEG-0069,landslide,377.5,20.0,352,mountain,weathered_rock,poor,1,state,5,43.86,high,0.564,1.1628,13225,62,rock,True,9,180.6,over_3days
DSR-01015,SEG-0060,landslide,536.0,40.2,620,mountain,weathered_rock,fair,2,national,3,60.75,very_high,0.7497,1.1193,3040,41,rock,True,9,12.0,6_24h
DSR-00859,SEG-0064,landslide,562.7,27.6,2731,mountain,weathered_rock,poor,1,national,1,66.29,very_high,0.7556,1.8706,16796,89,earth,True,9,13.5,6_24h
DSR-01994,SEG-0051,protest_blockade,63.0,40.0,1250,mountain,weathered_rock,good,1,national,4,14.39,very_high,0.7423,3.0577,0,0,none,True,9,17.2,6_24h
DSR-01748,SEG-0046,protest_blockade,170.9,42.0,886,mountain,weathered_rock,fair,2,national,3,52.1,very_high,0.7002,1.2668,0,0,none,True,9,21.4,6_24h
DSR-00938,SEG-0014,landslide,424.6,24.6,1438,mountain,weathered_rock,fair,2,national,5,33.95,high,0.671,3.7408,3656,42,debris,True,9,5.8,under_6h
DSR-01001,SEG-0006,landslide,553.8,1.5,69,plain,alluvial,fair,4,national,0,33.98,low,0.268,0.0294,86064,210,rock,True,9,50.3,1_3days
DSR-00847,SEG-0015,landslide,331.8,28.7,701,mountain,weathered_rock,fair,2,national,4,75.53,high,0.6753,1.4431,4643,33,debris,True,9,4.1,under_6h
DSR-01103,SEG-0060,landslide,220.4,40.2,620,mountain,weathered_rock,fair,2,national,3,60.75,very_high,0.7497,1.1193,553,19,debris,True,9,1.0,under_6h
DSR-00934,SEG-0035,landslide,215.5,24.0,1216,mountain,weathered_rock,poor,2,national,1,49.37,high,0.6147,1.1951,1629,47,rock,True,9,3.7,under_6h
DSR-00891,SEG-0019,landslide,389.7,14.6,337,hilly,lateritic,good,2,national,0,41.98,moderate,0.4436,0.8814,908,34,earth,True,9,1.0,under_6h
DSR-01727,SEG-0021,accident_blockage,98.2,30.0,794,mountain,weathered_rock,fair,2,national,4,46.0,high,0.5592,0.7826,0,0,none,True,9,27.3,1_3days
DSR-00827,SEG-0065,landslide,149.9,24.2,1060,mountain,weathered_rock,fair,1,state,3,49.23,high,0.6127,1.1781,3610,44,earth,True,9,4.4,under_6h
DSR-00910,SEG-0036,landslide,87.5,38.8,1084,mountain,weathered_rock,good,2,national,0,48.29,high,0.5956,0.8905,25,8,earth,True,9,1.0,under_6h
DSR-01038,SEG-0054,landslide,582.3,32.8,1727,mountain,weathered_rock,fair,2,state,4,16.34,high,0.6827,2.9376,6005,96,earth,True,10,6.2,6_24h
DSR-00727,SEG-0022,landslide,490.2,22.3,1252,mountain,weathered_rock,fair,2,national,3,19.5,high,0.5848,1.641,955,32,debris,True,10,2.6,under_6h
DSR-00701,SEG-0046,landslide,495.4,42.0,886,mountain,weathered_rock,fair,2,national,3,52.1,very_high,0.7002,1.2668,2625,57,debris,True,10,2.1,under_6h
DSR-01067,SEG-0036,landslide,463.1,38.8,1084,mountain,weathered_rock,good,2,national,0,48.29,high,0.5956,0.8905,753,31,rock,True,10,2.0,under_6h
DSR-00876,SEG-0047,landslide,492.2,27.7,1650,mountain,weathered_rock,fair,2,national,4,6.8,high,0.6569,10.2941,3359,70,debris,True,10,13.2,6_24h
DSR-00750,SEG-0066,landslide,139.2,40.9,1099,mountain,weathered_rock,fair,1,state,1,40.68,very_high,0.7302,2.1141,2459,25,earth,True,10,7.8,6_24h
DSR-01927,SEG-0046,flood,277.0,42.0,886,mountain,weathered_rock,fair,2,national,3,52.1,very_high,0.7002,1.2668,0,0,none,True,10,85.3,over_3days
DSR-00728,SEG-0047,landslide,191.8,27.7,1650,mountain,weathered_rock,fair,2,national,4,6.8,high,0.6569,10.2941,1207,19,debris,True,10,7.1,6_24h
DSR-00959,SEG-0055,landslide,426.3,37.5,1780,mountain,weathered_rock,fair,2,state,3,9.73,very_high,0.7143,6.5776,6616,76,rock,True,10,42.2,1_3days
DSR-02070,SEG-0028,maintenance,53.9,34.8,1023,mountain,weathered_rock,good,2,national,7,46.71,high,0.5668,0.8349,0,0,none,True,11,36.3,1_3days
DSR-00894,SEG-0062,landslide,572.4,28.8,1247,mountain,weathered_rock,good,1,national,0,44.74,high,0.56,1.0729,29377,171,rock,True,11,68.3,1_3days
DSR-02282,SEG-0059,protest_blockade,110.4,35.4,1092,mountain,weathered_rock,fair,2,national,7,61.83,very_high,0.7049,1.3586,0,0,none,True,11,27.5,1_3days
DSR-01092,SEG-0068,landslide,292.5,40.7,433,mountain,weathered_rock,poor,1,state,4,66.95,high,0.6745,1.0157,1208,40,debris,True,12,4.3,under_6h
DSR-01798,SEG-0028,maintenance,32.8,34.8,1023,mountain,weathered_rock,good,2,national,7,46.71,high,0.5668,0.8349,0,0,none,True,12,60.0,1_3days
DSR-01050,SEG-0065,landslide,499.5,24.2,1060,mountain,weathered_rock,fair,1,state,3,49.23,high,0.6127,1.1781,7542,55,debris,True,12,17.3,6_24h
DSR-01462,SEG-0057,landslide,33.5,21.7,259,hilly,lateritic,fair,2,national,0,52.2,moderate,0.4661,0.4789,2300,51,rock,True,1,5.7,under_6h
DSR-01744,SEG-0065,maintenance,20.1,24.2,1060,mountain,weathered_rock,fair,1,state,3,49.23,high,0.6127,1.1781,0,0,none,True,1,6.3,6_24h
DSR-01239,SEG-0067,landslide,4.2,17.3,231,hilly,lateritic,fair,1,state,2,38.22,moderate,0.4483,0.5233,4218,40,earth,True,1,8.1,6_24h
DSR-02106,SEG-0069,maintenance,40.4,20.0,352,mountain,weathered_rock,poor,1,state,5,43.86,high,0.564,1.1628,0,0,none,True,1,22.8,6_24h
DSR-01249,SEG-0059,landslide,528.9,35.4,1092,mountain,weathered_rock,fair,2,national,7,61.83,very_high,0.7049,1.3586,106,6,earth,True,2,1.0,under_6h
DSR-01436,SEG-0068,landslide,75.4,40.7,433,mountain,weathered_rock,poor,1,state,4,66.95,high,0.6745,1.0157,1761,48,rock,True,2,8.8,6_24h
DSR-02246,SEG-0014,maintenance,8.4,24.6,1438,mountain,weathered_rock,fair,2,national,5,33.95,high,0.671,3.7408,0,0,none,True,3,62.9,1_3days
DSR-01386,SEG-0052,landslide,490.4,37.0,1662,mountain,weathered_rock,poor,2,state,7,38.08,very_high,0.7503,2.2321,1149,43,earth,True,3,2.2,under_6h
DSR-01165,SEG-0049,landslide,126.1,22.3,1450,mountain,weathered_rock,fair,1,national,1,20.47,high,0.6253,2.1006,2133,57,debris,True,3,5.3,under_6h
DSR-01403,SEG-0020,landslide,388.9,15.5,450,hilly,lateritic,fair,2,national,1,33.37,moderate,0.4853,0.7492,153,19,debris,True,3,1.0,under_6h
DSR-01315,SEG-0015,landslide,9.6,28.7,701,mountain,weathered_rock,fair,2,national,4,75.53,high,0.6753,1.4431,1069,34,debris,True,3,1.1,under_6h
DSR-01903,SEG-0018,accident_blockage,140.0,10.2,139,hilly,lateritic,poor,2,national,6,83.56,moderate,0.3867,0.2513,0,0,none,True,3,2.2,under_6h
DSR-01139,SEG-0059,landslide,190.4,35.4,1092,mountain,weathered_rock,fair,2,national,7,61.83,very_high,0.7049,1.3586,9892,42,rock,True,3,23.8,6_24h
DSR-01370,SEG-0042,landslide,302.4,9.1,45,hilly,lateritic,poor,2,national,3,16.18,moderate,0.4355,1.0507,867,30,rock,True,3,1.0,under_6h
DSR-01296,SEG-0025,landslide,286.7,39.3,1378,mountain,weathered_rock,good,2,national,7,49.09,high,0.6173,1.1204,1638,55,rock,True,3,3.4,under_6h
DSR-01487,SEG-0052,landslide,544.5,37.0,1662,mountain,weathered_rock,poor,2,state,7,38.08,very_high,0.7503,2.2321,2362,31,earth,True,3,5.0,under_6h
DSR-01192,SEG-0014,landslide,710.7,24.6,1438,mountain,weathered_rock,fair,2,national,5,33.95,high,0.671,3.7408,663,24,rock,True,3,1.4,under_6h
DSR-01964,SEG-0041,maintenance,23.7,16.2,52,hilly,lateritic,good,2,national,2,45.87,low,0.3125,0.3052,0,0,none,True,3,13.5,6_24h
DSR-01257,SEG-0034,landslide,195.3,27.5,891,mountain,weathered_rock,poor,2,national,3,54.94,high,0.6405,1.0193,24925,108,rock,True,4,64.6,1_3days
DSR-01179,SEG-0064,landslide,611.8,27.6,2731,mountain,weathered_rock,poor,1,national,1,66.29,very_high,0.7556,1.8706,86257,195,earth,True,4,140.9,over_3days
DSR-01271,SEG-0050,landslide,505.9,33.3,1250,mountain,weathered_rock,poor,1,national,4,14.76,very_high,0.7245,5.6233,2605,27,rock,True,4,3.5,under_6h
DSR-02179,SEG-0071,protest_blockade,47.8,17.3,165,hilly,lateritic,fair,2,state,3,30.67,moderate,0.4198,0.5217,0,0,none,True,4,33.6,1_3days
DSR-01150,SEG-0049,landslide,278.6,22.3,1450,mountain,weathered_rock,fair,1,national,1,20.47,high,0.6253,2.1006,1431,35,rock,True,4,3.8,under_6h
DSR-01330,SEG-0012,landslide,470.9,23.6,775,mountain,weathered_rock,fair,2,national,3,30.75,high,0.5759,1.5285,3338,35,earth,True,4,1.6,under_6h
DSR-01218,SEG-0069,landslide,84.1,20.0,352,mountain,weathered_rock,poor,1,state,5,43.86,high,0.564,1.1628,8126,109,debris,True,4,54.9,1_3days
DSR-01444,SEG-0060,landslide,171.3,40.2,620,mountain,weathered_rock,fair,2,national,3,60.75,very_high,0.7497,1.1193,18075,57,rock,True,4,51.2,1_3days
DSR-01460,SEG-0014,landslide,249.5,24.6,1438,mountain,weathered_rock,fair,2,national,5,33.95,high,0.671,3.7408,2938,45,earth,True,4,2.1,under_6h
DSR-01186,SEG-0071,landslide,155.0,17.3,165,hilly,lateritic,fair,2,state,3,30.67,moderate,0.4198,0.5217,839,29,rock,True,4,3.2,under_6h
DSR-01489,SEG-0055,landslide,152.4,37.5,1780,mountain,weathered_rock,fair,2,state,3,9.73,very_high,0.7143,6.5776,538,29,rock,True,4,1.0,under_6h
DSR-01603,SEG-0063,landslide,211.7,25.7,2415,mountain,weathered_rock,good,1,national,0,35.45,high,0.6573,1.7489,1469,51,earth,True,4,1.1,under_6h
DSR-02217,SEG-0058,fallen_tree,4.5,27.3,1002,mountain,weathered_rock,fair,2,national,3,55.82,high,0.626,0.842,0,0,none,True,4,1.8,under_6h
DSR-01117,SEG-0052,landslide,406.0,37.0,1662,mountain,weathered_rock,poor,2,state,7,38.08,very_high,0.7503,2.2321,674,33,rock,True,4,2.8,under_6h
DSR-01493,SEG-0064,landslide,134.2,27.6,2731,mountain,weathered_rock,poor,1,national,1,66.29,very_high,0.7556,1.8706,55621,127,earth,True,4,21.8,6_24h
DSR-01177,SEG-0071,landslide,125.0,17.3,165,hilly,lateritic,fair,2,state,3,30.67,moderate,0.4198,0.5217,314,20,earth,True,4,1.0,under_6h
DSR-01269,SEG-0035,landslide,586.9,24.0,1216,mountain,weathered_rock,poor,2,national,1,49.37,high,0.6147,1.1951,135,6,rock,True,4,1.0,under_6h
DSR-01447,SEG-0035,landslide,305.8,24.0,1216,mountain,weathered_rock,poor,2,national,1,49.37,high,0.6147,1.1951,12764,58,earth,True,4,9.2,6_24h
DSR-01465,SEG-0060,landslide,37.2,40.2,620,mountain,weathered_rock,fair,2,national,3,60.75,very_high,0.7497,1.1193,2639,28,rock,True,4,14.4,6_24h
DSR-01308,SEG-0037,landslide,254.5,38.7,1405,mountain,weathered_rock,poor,2,state,3,68.38,high,0.691,0.9652,34347,151,rock,True,4,483.6,over_3days
DSR-01862,SEG-0001,protest_blockade,72.4,4.2,87,plain,alluvial,good,4,national,1,216.84,low,0.2231,0.0,0,0,none,True,4,14.9,6_24h
DSR-02240,SEG-0070,protest_blockade,43.9,17.5,123,hilly,lateritic,good,2,state,2,93.38,low,0.3544,0.1606,0,0,none,True,4,38.9,1_3days
DSR-01344,SEG-0025,landslide,93.1,39.3,1378,mountain,weathered_rock,good,2,national,7,49.09,high,0.6173,1.1204,4951,58,debris,True,4,3.9,under_6h
DSR-01418,SEG-0025,landslide,547.2,39.3,1378,mountain,weathered_rock,good,2,national,7,49.09,high,0.6173,1.1204,2873,44,rock,True,4,8.5,6_24h
DSR-02013,SEG-0036,accident_blockage,27.8,38.8,1084,mountain,weathered_rock,good,2,national,0,48.29,high,0.5956,0.8905,0,0,none,True,4,20.5,6_24h
DSR-01789,SEG-0044,protest_blockade,20.8,3.8,23,plain,alluvial,good,2,national,2,50.09,low,0.2667,0.0399,0,0,none,True,4,2.0,under_6h
DSR-01632,SEG-0037,flood,332.7,38.7,1405,mountain,weathered_rock,poor,2,state,3,68.38,high,0.691,0.9652,0,0,none,True,4,321.4,over_3days
DSR-02258,SEG-0035,flood,401.2,24.0,1216,mountain,weathered_rock,poor,2,national,1,49.37,high,0.6147,1.1951,0,0,none,True,4,17.0,6_24h
DSR-01472,SEG-0032,landslide,129.9,37.8,1224,mountain,weathered_rock,fair,2,state,6,50.5,high,0.6374,1.1089,3101,70,rock,True,4,25.6,1_3days
DSR-01318,SEG-0062,landslide,274.3,28.8,1247,mountain,weathered_rock,good,1,national,0,44.74,high,0.56,1.0729,188,22,rock,True,4,1.2,under_6h
DSR-01253,SEG-0015,landslide,211.2,28.7,701,mountain,weathered_rock,fair,2,national,4,75.53,high,0.6753,1.4431,2763,54,earth,True,4,1.0,under_6h
DSR-02204,SEG-0054,flood,570.9,32.8,1727,mountain,weathered_rock,fair,2,state,4,16.34,high,0.6827,2.9376,0,0,none,True,4,28.8,1_3days
DSR-01321,SEG-0013,landslide,531.8,37.1,1496,mountain,weathered_rock,poor,2,national,5,35.74,very_high,0.7998,6.2115,7056,104,earth,True,4,4.7,under_6h
DSR-01900,SEG-0029,bridge_damage,373.4,21.4,1260,mountain,weathered_rock,good,2,national,3,44.14,moderate,0.5237,0.589,0,0,none,True,4,860.7,over_3days
DSR-01123,SEG-0013,landslide,667.8,37.1,1496,mountain,weathered_rock,poor,2,national,5,35.74,very_high,0.7998,6.2115,14253,127,debris,True,4,21.9,6_24h
DSR-01362,SEG-0053,landslide,330.0,22.5,1675,mountain,weathered_rock,good,2,state,2,6.97,high,0.5856,6.8867,10924,41,debris,True,4,41.0,1_3days
DSR-01324,SEG-0064,landslide,105.8,27.6,2731,mountain,weathered_rock,poor,1,national,1,66.29,very_high,0.7556,1.8706,2819,50,rock,True,5,9.0,6_24h
DSR-01535,SEG-0052,landslide,419.8,37.0,1662,mountain,weathered_rock,poor,2,state,7,38.08,very_high,0.7503,2.2321,862,34,debris,True,5,2.8,under_6h
DSR-01364,SEG-0013,landslide,482.5,37.1,1496,mountain,weathered_rock,poor,2,national,5,35.74,very_high,0.7998,6.2115,80,15,rock,True,5,1.0,under_6h
DSR-01587,SEG-0034,landslide,222.0,27.5,891,mountain,weathered_rock,poor,2,national,3,54.94,high,0.6405,1.0193,505,14,rock,True,5,1.0,under_6h
DSR-01500,SEG-0054,landslide,21.3,32.8,1727,mountain,weathered_rock,fair,2,state,4,16.34,high,0.6827,2.9376,2860,46,debris,True,5,11.3,6_24h
DSR-01425,SEG-0047,landslide,333.7,27.7,1650,mountain,weathered_rock,fair,2,national,4,6.8,high,0.6569,10.2941,6845,53,rock,True,5,36.5,1_3days
DSR-01138,SEG-0028,landslide,207.3,34.8,1023,mountain,weathered_rock,good,2,national,7,46.71,high,0.5668,0.8349,217,18,debris,True,5,1.0,under_6h
DSR-01169,SEG-0064,landslide,109.9,27.6,2731,mountain,weathered_rock,poor,1,national,1,66.29,very_high,0.7556,1.8706,3104,36,rock,True,5,11.9,6_24h
DSR-02270,SEG-0032,protest_blockade,64.3,37.8,1224,mountain,weathered_rock,fair,2,state,6,50.5,high,0.6374,1.1089,0,0,none,True,5,39.2,1_3days
DSR-01236,SEG-0060,landslide,284.9,40.2,620,mountain,weathered_rock,fair,2,national,3,60.75,very_high,0.7497,1.1193,254,21,debris,True,5,1.0,under_6h
DSR-01574,SEG-0014,landslide,917.3,24.6,1438,mountain,weathered_rock,fair,2,national,5,33.95,high,0.671,3.7408,2857,39,debris,True,5,2.8,under_6h
DSR-01147,SEG-0013,landslide,292.0,37.1,1496,mountain,weathered_rock,poor,2,national,5,35.74,very_high,0.7998,6.2115,7991,77,debris,True,5,32.9,1_3days
DSR-01473,SEG-0042,landslide,73.2,9.1,45,hilly,lateritic,poor,2,national,3,16.18,moderate,0.4355,1.0507,229,17,earth,True,5,1.0,under_6h
DSR-01980,SEG-0030,accident_blockage,112.0,33.9,642,mountain,weathered_rock,good,2,national,5,34.62,moderate,0.5294,0.751,0,0,none,True,5,9.6,6_24h
DSR-01481,SEG-0029,landslide,276.1,21.4,1260,mountain,weathered_rock,good,2,national,3,44.14,moderate,0.5237,0.589,54958,165,rock,True,5,114.9,over_3days
DSR-01619,SEG-0032,landslide,10.9,37.8,1224,mountain,weathered_rock,fair,2,state,6,50.5,high,0.6374,1.1089,570,36,rock,True,5,3.1,under_6h
DSR-01168,SEG-0058,landslide,211.1,27.3,1002,mountain,weathered_rock,fair,2,national,3,55.82,high,0.626,0.842,76,5,earth,True,5,1.0,under_6h
DSR-01391,SEG-0014,landslide,301.3,24.6,1438,mountain,weathered_rock,fair,2,national,5,33.95,high,0.671,3.7408,12393,64,debris,True,5,20.4,6_24h
DSR-01968,SEG-0007,fallen_tree,190.7,1.6,84,plain,alluvial,fair,4,national,2,116.18,low,0.2537,0.0,0,0,none,True,5,11.3,6_24h
DSR-01247,SEG-0029,landslide,586.3,21.4,1260,mountain,weathered_rock,good,2,national,3,44.14,moderate,0.5237,0.589,3673,60,earth,True,5,3.4,under_6h
DSR-01525,SEG-0068,landslide,161.8,40.7,433,mountain,weathered_rock,poor,1,state,4,66.95,high,0.6745,1.0157,215,15,rock,True,5,1.3,under_6h
DSR-01303,SEG-0027,landslide,240.7,33.3,1348,mountain,weathered_rock,fair,2,national,3,31.75,high,0.6513,1.5118,3820,43,rock,True,5,7.0,6_24h
DSR-01559,SEG-0047,landslide,373.1,27.7,1650,mountain,weathered_rock,fair,2,national,4,6.8,high,0.6569,10.2941,6811,79,rock,True,5,12.0,6_24h
DSR-02101,SEG-0070,bridge_damage,333.2,17.5,123,hilly,lateritic,good,2,state,2,93.38,low,0.3544,0.1606,0,0,none,True,5,523.6,over_3days
DSR-01488,SEG-0011,landslide,413.0,5.7,112,plain,alluvial,fair,4,national,1,42.95,low,0.2769,0.0698,686,36,earth,True,5,1.0,under_6h
DSR-01392,SEG-0037,landslide,320.1,38.7,1405,mountain,weathered_rock,poor,2,state,3,68.38,high,0.691,0.9652,77,5,earth,True,5,1.0,under_6h
DSR-01844,SEG-0037,accident_blockage,32.9,38.7,1405,mountain,weathered_rock,poor,2,state,3,68.38,high,0.691,0.9652,0,0,none,True,5,41.6,1_3days
DSR-01602,SEG-0051,landslide,69.6,40.0,1250,mountain,weathered_rock,good,1,national,4,14.39,very_high,0.7423,3.0577,11712,120,rock,True,5,36.3,1_3days
DSR-01111,SEG-0013,landslide,5.5,37.1,1496,mountain,weathered_rock,poor,2,national,5,35.74,very_high,0.7998,6.2115,1579,35,rock,True,5,2.5,under_6h
DSR-01441,SEG-0026,landslide,415.1,31.7,1319,mountain,weathered_rock,fair,2,national,2,35.84,high,0.6286,1.3672,301,25,debris,True,5,1.0,under_6h
DSR-01639,SEG-0042,flood,689.2,9.1,45,hilly,lateritic,poor,2,national,3,16.18,moderate,0.4355,1.0507,0,0,none,True,5,129.1,over_3days
DSR-01990,SEG-0070,flood,251.6,17.5,123,hilly,lateritic,good,2,state,2,93.38,low,0.3544,0.1606,0,0,none,True,5,327.7,over_3days
DSR-01264,SEG-0027,landslide,113.8,33.3,1348,mountain,weathered_rock,fair,2,national,3,31.75,high,0.6513,1.5118,503,15,earth,True,5,1.0,under_6h
DSR-01571,SEG-0046,landslide,435.4,42.0,886,mountain,weathered_rock,fair,2,national,3,52.1,very_high,0.7002,1.2668,2356,23,debris,True,5,4.5,under_6h
DSR-01575,SEG-0013,landslide,797.8,37.1,1496,mountain,weathered_rock,poor,2,national,5,35.74,very_high,0.7998,6.2115,5704,82,rock,True,5,17.2,6_24h
DSR-01297,SEG-0064,landslide,199.9,27.6,2731,mountain,weathered_rock,poor,1,national,1,66.29,very_high,0.7556,1.8706,2331,32,debris,True,5,3.2,under_6h
DSR-01203,SEG-0026,landslide,50.5,31.7,1319,mountain,weathered_rock,fair,2,national,2,35.84,high,0.6286,1.3672,500,16,rock,True,5,1.5,under_6h
DSR-01913,SEG-0022,fallen_tree,155.7,22.3,1252,mountain,weathered_rock,fair,2,national,3,19.5,high,0.5848,1.641,0,0,none,True,5,10.2,6_24h
DSR-01193,SEG-0052,landslide,29.9,37.0,1662,mountain,weathered_rock,poor,2,state,7,38.08,very_high,0.7503,2.2321,395,15,debris,True,5,1.0,under_6h
DSR-01148,SEG-0013,landslide,751.0,37.1,1496,mountain,weathered_rock,poor,2,national,5,35.74,very_high,0.7998,6.2115,930,35,rock,True,5,1.7,under_6h
DSR-01711,SEG-0028,protest_blockade,14.9,34.8,1023,mountain,weathered_rock,good,2,national,7,46.71,high,0.5668,0.8349,0,0,none,True,5,12.9,6_24h
DSR-01404,SEG-0054,landslide,35.7,32.8,1727,mountain,weathered_rock,fair,2,state,4,16.34,high,0.6827,2.9376,1198,44,rock,True,5,4.8,under_6h
DSR-01270,SEG-0034,landslide,407.3,27.5,891,mountain,weathered_rock,poor,2,national,3,54.94,high,0.6405,1.0193,954,23,debris,True,6,3.5,under_6h
DSR-01752,SEG-0014,flood,682.2,24.6,1438,mountain,weathered_rock,fair,2,national,5,33.95,high,0.671,3.7408,0,0,none,True,6,238.4,over_3days
DSR-01306,SEG-0032,landslide,508.2,37.8,1224,mountain,weathered_rock,fair,2,state,6,50.5,high,0.6374,1.1089,1278,39,earth,True,6,6.6,6_24h
DSR-01546,SEG-0050,landslide,508.9,33.3,1250,mountain,weathered_rock,poor,1,national,4,14.76,very_high,0.7245,5.6233,4792,36,rock,True,6,50.3,1_3days
DSR-01385,SEG-0014,landslide,269.7,24.6,1438,mountain,weathered_rock,fair,2,national,5,33.95,high,0.671,3.7408,23285,110,earth,True,6,29.0,1_3days
DSR-01279,SEG-0034,landslide,136.9,27.5,891,mountain,weathered_rock,poor,2,national,3,54.94,high,0.6405,1.0193,2005,46,debris,True,6,2.7,under_6h
DSR-01237,SEG-0050,landslide,160.9,33.3,1250,mountain,weathered_rock,poor,1,national,4,14.76,very_high,0.7245,5.6233,2155,28,debris,True,6,6.1,6_24h
DSR-01940,SEG-0016,road_subsidence,186.4,3.8,24,plain,alluvial,good,2,national,4,19.48,low,0.2584,0.0513,0,0,none,True,6,127.0,over_3days
DSR-01341,SEG-0058,landslide,2.2,27.3,1002,mountain,weathered_rock,fair,2,national,3,55.82,high,0.626,0.842,1507,18,rock,True,6,9.6,6_24h
DSR-01217,SEG-0052,landslide,175.6,37.0,1662,mountain,weathered_rock,poor,2,state,7,38.08,very_high,0.7503,2.2321,1196,28,earth,True,6,3.0,under_6h
DSR-01313,SEG-0052,landslide,471.9,37.0,1662,mountain,weathered_rock,poor,2,state,7,38.08,very_high,0.7503,2.2321,3099,31,rock,True,6,61.8,1_3days
DSR-01909,SEG-0021,protest_blockade,90.7,30.0,794,mountain,weathered_rock,fair,2,national,4,46.0,high,0.5592,0.7826,0,0,none,True,6,10.4,6_24h
DSR-01843,SEG-0037,flood,681.6,38.7,1405,mountain,weathered_rock,poor,2,state,3,68.38,high,0.691,0.9652,0,0,none,True,6,350.0,over_3days
DSR-01259,SEG-0013,landslide,311.0,37.1,1496,mountain,weathered_rock,poor,2,national,5,35.74,very_high,0.7998,6.2115,363,23,debris,True,6,1.7,under_6h
DSR-01335,SEG-0061,landslide,227.1,24.2,386,mountain,weathered_rock,fair,2,national,4,53.47,high,0.5826,1.1969,4062,28,rock,True,6,35.8,1_3days
DSR-01456,SEG-0025,landslide,40.7,39.3,1378,mountain,weathered_rock,good,2,national,7,49.09,high,0.6173,1.1204,1428,25,debris,True,6,1.9,under_6h
DSR-01107,SEG-0066,landslide,339.9,40.9,1099,mountain,weathered_rock,fair,1,state,1,40.68,very_high,0.7302,2.1141,94,13,rock,True,6,1.0,under_6h
DSR-01211,SEG-0050,landslide,380.0,33.3,1250,mountain,weathered_rock,poor,1,national,4,14.76,very_high,0.7245,5.6233,472,20,earth,True,6,4.0,under_6h
DSR-01242,SEG-0063,landslide,17.2,25.7,2415,mountain,weathered_rock,good,1,national,0,35.45,high,0.6573,1.7489,4867,51,debris,True,6,7.1,6_24h
DSR-01369,SEG-0026,landslide,145.6,31.7,1319,mountain,weathered_rock,fair,2,national,2,35.84,high,0.6286,1.3672,783,33,rock,True,6,1.6,under_6h
DSR-01202,SEG-0064,landslide,141.5,27.6,2731,mountain,weathered_rock,poor,1,national,1,66.29,very_high,0.7556,1.8706,4668,58,earth,True,6,6.9,6_24h
DSR-01185,SEG-0059,landslide,203.6,35.4,1092,mountain,weathered_rock,fair,2,national,7,61.83,very_high,0.7049,1.3586,6027,56,debris,True,6,8.7,6_24h
DSR-01446,SEG-0066,landslide,142.3,40.9,1099,mountain,weathered_rock,fair,1,state,1,40.68,very_high,0.7302,2.1141,4329,42,debris,True,6,23.3,6_24h
DSR-01617,SEG-0035,landslide,227.2,24.0,1216,mountain,weathered_rock,poor,2,national,1,49.37,high,0.6147,1.1951,309,28,rock,True,6,1.0,under_6h
DSR-01476,SEG-0041,landslide,72.7,16.2,52,hilly,lateritic,good,2,national,2,45.87,low,0.3125,0.3052,2891,50,earth,True,6,4.8,under_6h
DSR-01516,SEG-0032,landslide,38.7,37.8,1224,mountain,weathered_rock,fair,2,state,6,50.5,high,0.6374,1.1089,3173,39,rock,True,6,11.0,6_24h
DSR-01146,SEG-0064,landslide,407.5,27.6,2731,mountain,weathered_rock,poor,1,national,1,66.29,very_high,0.7556,1.8706,2576,44,debris,True,6,8.1,6_24h
DSR-01601,SEG-0056,landslide,204.6,13.0,259,hilly,lateritic,fair,2,national,2,94.3,low,0.3544,0.1273,226,23,earth,True,6,1.0,under_6h
DSR-01415,SEG-0014,landslide,254.7,24.6,1438,mountain,weathered_rock,fair,2,national,5,33.95,high,0.671,3.7408,553,29,rock,True,6,4.9,under_6h
DSR-01199,SEG-0064,landslide,20.2,27.6,2731,mountain,weathered_rock,poor,1,national,1,66.29,very_high,0.7556,1.8706,6874,78,rock,True,6,127.1,over_3days
DSR-01388,SEG-0050,landslide,355.1,33.3,1250,mountain,weathered_rock,poor,1,national,4,14.76,very_high,0.7245,5.6233,391,30,debris,True,6,1.0,under_6h
DSR-02143,SEG-0004,road_subsidence,224.7,3.7,55,plain,alluvial,good,4,national,0,44.45,low,0.2316,0.1125,0,0,none,True,6,29.2,1_3days
DSR-01498,SEG-0046,landslide,370.2,42.0,886,mountain,weathered_rock,fair,2,national,3,52.1,very_high,0.7002,1.2668,4245,58,rock,True,6,26.5,1_3days
DSR-01377,SEG-0051,landslide,445.6,40.0,1250,mountain,weathered_rock,good,1,national,4,14.39,very_high,0.7423,3.0577,1067,37,debris,True,6,2.7,under_6h
DSR-01467,SEG-0055,landslide,103.0,37.5,1780,mountain,weathered_rock,fair,2,state,3,9.73,very_high,0.7143,6.5776,1028,32,debris,True,6,4.7,under_6h
DSR-01899,SEG-0068,flood,497.7,40.7,433,mountain,weathered_rock,poor,1,state,4,66.95,high,0.6745,1.0157,0,0,none,True,6,219.0,over_3days
DSR-01921,SEG-0057,flood,459.0,21.7,259,hilly,lateritic,fair,2,national,0,52.2,moderate,0.4661,0.4789,0,0,none,True,6,212.4,over_3days
DSR-01398,SEG-0069,landslide,268.4,20.0,352,mountain,weathered_rock,poor,1,state,5,43.86,high,0.564,1.1628,30357,151,rock,True,6,306.3,over_3days
DSR-01442,SEG-0058,landslide,153.0,27.3,1002,mountain,weathered_rock,fair,2,national,3,55.82,high,0.626,0.842,1615,35,debris,True,6,4.0,under_6h
DSR-01310,SEG-0068,landslide,324.3,40.7,433,mountain,weathered_rock,poor,1,state,4,66.95,high,0.6745,1.0157,3874,52,earth,True,6,27.1,1_3days
DSR-01540,SEG-0035,landslide,365.4,24.0,1216,mountain,weathered_rock,poor,2,national,1,49.37,high,0.6147,1.1951,397,18,debris,True,6,1.0,under_6h
DSR-01592,SEG-0053,landslide,386.0,22.5,1675,mountain,weathered_rock,good,2,state,2,6.97,high,0.5856,6.8867,1162,40,earth,True,6,2.9,under_6h
DSR-01824,SEG-0054,flood,240.6,32.8,1727,mountain,weathered_rock,fair,2,state,4,16.34,high,0.6827,2.9376,0,0,none,True,6,295.7,over_3days
DSR-02278,SEG-0009,fallen_tree,116.9,2.4,93,plain,alluvial,good,4,national,0,50.33,low,0.2614,0.0397,0,0,none,True,6,5.3,under_6h
DSR-01485,SEG-0019,landslide,119.0,14.6,337,hilly,lateritic,good,2,national,0,41.98,moderate,0.4436,0.8814,881,28,earth,True,6,1.5,under_6h
DSR-01149,SEG-0018,landslide,560.8,10.2,139,hilly,lateritic,poor,2,national,6,83.56,moderate,0.3867,0.2513,4104,35,earth,True,6,7.4,6_24h
DSR-01160,SEG-0068,landslide,207.5,40.7,433,mountain,weathered_rock,poor,1,state,4,66.95,high,0.6745,1.0157,5044,79,rock,True,6,156.7,over_3days
DSR-01412,SEG-0054,landslide,450.9,32.8,1727,mountain,weathered_rock,fair,2,state,4,16.34,high,0.6827,2.9376,2117,35,earth,True,6,5.3,under_6h
DSR-01132,SEG-0062,landslide,610.3,28.8,1247,mountain,weathered_rock,good,1,national,0,44.74,high,0.56,1.0729,936,42,rock,True,6,4.3,under_6h
DSR-01387,SEG-0035,landslide,62.2,24.0,1216,mountain,weathered_rock,poor,2,national,1,49.37,high,0.6147,1.1951,16292,130,earth,True,6,12.5,6_24h
DSR-01503,SEG-0013,landslide,45.9,37.1,1496,mountain,weathered_rock,poor,2,national,5,35.74,very_high,0.7998,6.2115,185,12,earth,True,6,1.0,under_6h
DSR-01381,SEG-0047,landslide,321.6,27.7,1650,mountain,weathered_rock,fair,2,national,4,6.8,high,0.6569,10.2941,1227,20,earth,True,6,1.6,under_6h
DSR-01294,SEG-0032,landslide,157.8,37.8,1224,mountain,weathered_rock,fair,2,state,6,50.5,high,0.6374,1.1089,129,19,debris,True,6,1.0,under_6h
DSR-01511,SEG-0059,landslide,478.4,35.4,1092,mountain,weathered_rock,fair,2,national,7,61.83,very_high,0.7049,1.3586,476,10,rock,True,6,1.1,under_6h
DSR-01432,SEG-0046,landslide,227.8,42.0,886,mountain,weathered_rock,fair,2,national,3,52.1,very_high,0.7002,1.2668,307,21,earth,True,6,1.0,under_6h
DSR-01561,SEG-0042,landslide,25.0,9.1,45,hilly,lateritic,poor,2,national,3,16.18,moderate,0.4355,1.0507,1127,41,debris,True,6,2.9,under_6h
DSR-01384,SEG-0060,landslide,547.8,40.2,620,mountain,weathered_rock,fair,2,national,3,60.75,very_high,0.7497,1.1193,805,24,rock,True,6,2.8,under_6h
DSR-01965,SEG-0027,fallen_tree,174.4,33.3,1348,mountain,weathered_rock,fair,2,national,3,31.75,high,0.6513,1.5118,0,0,none,True,6,2.0,under_6h
DSR-01302,SEG-0046,landslide,427.6,42.0,886,mountain,weathered_rock,fair,2,national,3,52.1,very_high,0.7002,1.2668,157,12,debris,True,6,1.0,under_6h
DSR-01613,SEG-0047,landslide,565.8,27.7,1650,mountain,weathered_rock,fair,2,national,4,6.8,high,0.6569,10.2941,5385,51,rock,True,6,6.5,6_24h
DSR-01379,SEG-0032,landslide,529.6,37.8,1224,mountain,weathered_rock,fair,2,state,6,50.5,high,0.6374,1.1089,499,11,debris,True,6,2.1,under_6h
DSR-01682,SEG-0005,protest_blockade,42.1,2.7,57,plain,alluvial,good,4,national,2,97.15,low,0.2605,0.0206,0,0,none,True,6,24.1,1_3days
DSR-01245,SEG-0037,landslide,478.3,38.7,1405,mountain,weathered_rock,poor,2,state,3,68.38,high,0.691,0.9652,18798,62,rock,True,6,123.2,over_3days
DSR-01114,SEG-0064,landslide,400.6,27.6,2731,mountain,weathered_rock,poor,1,national,1,66.29,very_high,0.7556,1.8706,10450,58,earth,True,6,26.4,1_3days
DSR-02031,SEG-0048,fallen_tree,132.7,32.0,1650,mountain,weathered_rock,fair,2,national,0,15.63,high,0.6747,3.263,0,0,none,True,6,20.4,6_24h
DSR-01591,SEG-0057,landslide,614.4,21.7,259,hilly,lateritic,fair,2,national,0,52.2,moderate,0.4661,0.4789,31928,145,rock,True,6,56.5,1_3days
DSR-01337,SEG-0061,landslide,532.0,24.2,386,mountain,weathered_rock,fair,2,national,4,53.47,high,0.5826,1.1969,2518,61,earth,True,6,2.9,under_6h
DSR-01518,SEG-0051,landslide,169.4,40.0,1250,mountain,weathered_rock,good,1,national,4,14.39,very_high,0.7423,3.0577,39926,97,debris,True,6,72.8,over_3days
DSR-02085,SEG-0030,accident_blockage,1.5,33.9,642,mountain,weathered_rock,good,2,national,5,34.62,moderate,0.5294,0.751,0,0,none,True,6,13.3,6_24h
DSR-01181,SEG-0019,landslide,846.5,14.6,337,hilly,lateritic,good,2,national,0,41.98,moderate,0.4436,0.8814,9207,117,rock,True,6,12.6,6_24h
DSR-01896,SEG-0047,flood,534.5,27.7,1650,mountain,weathered_rock,fair,2,national,4,6.8,high,0.6569,10.2941,0,0,none,True,6,100.4,over_3days
DSR-01570,SEG-0023,landslide,54.1,23.6,1061,mountain,weathered_rock,fair,2,national,0,27.48,moderate,0.546,1.0917,296,12,earth,True,7,1.0,under_6h
DSR-01976,SEG-0056,protest_blockade,143.4,13.0,259,hilly,lateritic,fair,2,national,2,94.3,low,0.3544,0.1273,0,0,none,True,7,7.8,6_24h
DSR-02299,SEG-0022,fallen_tree,181.2,22.3,1252,mountain,weathered_rock,fair,2,national,3,19.5,high,0.5848,1.641,0,0,none,True,7,28.6,1_3days
DSR-01346,SEG-0012,landslide,333.5,23.6,775,mountain,weathered_rock,fair,2,national,3,30.75,high,0.5759,1.5285,25001,153,earth,True,7,25.7,1_3days
DSR-01482,SEG-0068,landslide,388.5,40.7,433,mountain,weathered_rock,poor,1,state,4,66.95,high,0.6745,1.0157,7214,77,rock,True,7,17.9,6_24h
DSR-01450,SEG-0034,landslide,200.5,27.5,891,mountain,weathered_rock,poor,2,national,3,54.94,high,0.6405,1.0193,45703,224,debris,True,7,48.6,1_3days
DSR-01167,SEG-0066,landslide,615.2,40.9,1099,mountain,weathered_rock,fair,1,state,1,40.68,very_high,0.7302,2.1141,976,46,earth,True,7,3.8,under_6h
DSR-01532,SEG-0061,landslide,370.6,24.2,386,mountain,weathered_rock,fair,2,national,4,53.47,high,0.5826,1.1969,854,16,earth,True,7,1.0,under_6h
DSR-01355,SEG-0054,landslide,120.3,32.8,1727,mountain,weathered_rock,fair,2,state,4,16.34,high,0.6827,2.9376,2928,72,debris,True,7,14.6,6_24h
DSR-01164,SEG-0061,landslide,327.6,24.2,386,mountain,weathered_rock,fair,2,national,4,53.47,high,0.5826,1.1969,979,18,debris,True,7,2.0,under_6h
DSR-01486,SEG-0020,landslide,277.4,15.5,450,hilly,lateritic,fair,2,national,1,33.37,moderate,0.4853,0.7492,14054,52,earth,True,7,12.8,6_24h
DSR-01408,SEG-0060,landslide,128.5,40.2,620,mountain,weathered_rock,fair,2,national,3,60.75,very_high,0.7497,1.1193,3887,34,rock,True,7,26.7,1_3days
DSR-02088,SEG-0012,road_subsidence,266.5,23.6,775,mountain,weathered_rock,fair,2,national,3,30.75,high,0.5759,1.5285,0,0,none,True,7,124.2,over_3days
DSR-01155,SEG-0035,landslide,89.2,24.0,1216,mountain,weathered_rock,poor,2,national,1,49.37,high,0.6147,1.1951,398,14,debris,True,7,1.0,under_6h
DSR-01339,SEG-0013,landslide,709.5,37.1,1496,mountain,weathered_rock,poor,2,national,5,35.74,very_high,0.7998,6.2115,1457,25,earth,True,7,1.8,under_6h
DSR-01353,SEG-0013,landslide,765.5,37.1,1496,mountain,weathered_rock,poor,2,national,5,35.74,very_high,0.7998,6.2115,8101,78,rock,True,7,28.5,1_3days
DSR-01515,SEG-0013,landslide,649.3,37.1,1496,mountain,weathered_rock,poor,2,national,5,35.74,very_high,0.7998,6.2115,4935,33,debris,True,7,10.9,6_24h
DSR-01547,SEG-0012,landslide,322.4,23.6,775,mountain,weathered_rock,fair,2,national,3,30.75,high,0.5759,1.5285,27844,137,rock,True,7,64.7,1_3days
DSR-01262,SEG-0021,landslide,446.5,30.0,794,mountain,weathered_rock,fair,2,national,4,46.0,high,0.5592,0.7826,15020,145,rock,True,7,10.5,6_24h
DSR-01584,SEG-0043,landslide,219.0,20.5,34,hilly,lateritic,poor,2,national,1,17.57,moderate,0.4617,0.9676,53729,162,rock,True,7,114.4,over_3days
DSR-01115,SEG-0013,landslide,194.6,37.1,1496,mountain,weathered_rock,poor,2,national,5,35.74,very_high,0.7998,6.2115,404,17,debris,True,7,1.0,under_6h
DSR-02078,SEG-0007,fallen_tree,32.1,1.6,84,plain,alluvial,fair,4,national,2,116.18,low,0.2537,0.0,0,0,none,True,7,25.0,1_3days
DSR-01659,SEG-0049,bridge_damage,256.3,22.3,1450,mountain,weathered_rock,fair,1,national,1,20.47,high,0.6253,2.1006,0,0,none,True,7,641.4,over_3days
DSR-01520,SEG-0037,landslide,280.4,38.7,1405,mountain,weathered_rock,poor,2,state,3,68.38,high,0.691,0.9652,26247,66,rock,True,7,203.9,over_3days
DSR-01457,SEG-0029,landslide,225.0,21.4,1260,mountain,weathered_rock,good,2,national,3,44.14,moderate,0.5237,0.589,12369,122,rock,True,7,28.3,1_3days
DSR-01396,SEG-0018,landslide,172.1,10.2,139,hilly,lateritic,poor,2,national,6,83.56,moderate,0.3867,0.2513,11692,117,rock,True,7,39.3,1_3days
DSR-01606,SEG-0066,landslide,369.9,40.9,1099,mountain,weathered_rock,fair,1,state,1,40.68,very_high,0.7302,2.1141,6484,75,debris,True,7,31.0,1_3days
DSR-01240,SEG-0052,landslide,382.9,37.0,1662,mountain,weathered_rock,poor,2,state,7,38.08,very_high,0.7503,2.2321,1047,29,earth,True,7,8.6,6_24h
DSR-01894,SEG-0064,fallen_tree,113.9,27.6,2731,mountain,weathered_rock,poor,1,national,1,66.29,very_high,0.7556,1.8706,0,0,none,True,7,21.9,6_24h
DSR-01382,SEG-0036,landslide,447.1,38.8,1084,mountain,weathered_rock,good,2,national,0,48.29,high,0.5956,0.8905,182,22,rock,True,7,1.0,under_6h
DSR-01426,SEG-0051,landslide,536.2,40.0,1250,mountain,weathered_rock,good,1,national,4,14.39,very_high,0.7423,3.0577,1911,38,rock,True,7,5.4,under_6h
DSR-01207,SEG-0014,landslide,267.8,24.6,1438,mountain,weathered_rock,fair,2,national,5,33.95,high,0.671,3.7408,427,25,rock,True,7,2.3,under_6h
DSR-01282,SEG-0052,landslide,446.8,37.0,1662,mountain,weathered_rock,poor,2,state,7,38.08,very_high,0.7503,2.2321,12985,95,earth,True,7,94.7,over_3days
DSR-01754,SEG-0052,flood,270.0,37.0,1662,mountain,weathered_rock,poor,2,state,7,38.08,very_high,0.7503,2.2321,0,0,none,True,7,382.7,over_3days
DSR-01307,SEG-0015,landslide,476.8,28.7,701,mountain,weathered_rock,fair,2,national,4,75.53,high,0.6753,1.4431,3159,25,rock,True,7,20.3,6_24h
DSR-01580,SEG-0013,landslide,753.3,37.1,1496,mountain,weathered_rock,poor,2,national,5,35.74,very_high,0.7998,6.2115,1829,43,debris,True,7,8.0,6_24h
DSR-01519,SEG-0052,landslide,433.2,37.0,1662,mountain,weathered_rock,poor,2,state,7,38.08,very_high,0.7503,2.2321,5520,46,earth,True,7,51.4,1_3days
DSR-02017,SEG-0058,flood,441.3,27.3,1002,mountain,weathered_rock,fair,2,national,3,55.82,high,0.626,0.842,0,0,none,True,7,76.9,over_3days
DSR-01232,SEG-0036,landslide,238.2,38.8,1084,mountain,weathered_rock,good,2,national,0,48.29,high,0.5956,0.8905,6891,58,debris,True,7,10.4,6_24h
DSR-01171,SEG-0069,landslide,80.1,20.0,352,mountain,weathered_rock,poor,1,state,5,43.86,high,0.564,1.1628,2071,57,rock,True,7,20.3,6_24h
DSR-01825,SEG-0058,fallen_tree,90.5,27.3,1002,mountain,weathered_rock,fair,2,national,3,55.82,high,0.626,0.842,0,0,none,True,7,27.5,1_3days
DSR-01252,SEG-0025,landslide,355.4,39.3,1378,mountain,weathered_rock,good,2,national,7,49.09,high,0.6173,1.1204,407,16,debris,True,7,2.6,under_6h
DSR-01589,SEG-0014,landslide,74.0,24.6,1438,mountain,weathered_rock,fair,2,national,5,33.95,high,0.671,3.7408,1779,42,earth,True,7,2.1,under_6h
DSR-01435,SEG-0015,landslide,488.6,28.7,701,mountain,weathered_rock,fair,2,national,4,75.53,high,0.6753,1.4431,25376,144,earth,True,7,84.2,over_3days
DSR-01153,SEG-0037,landslide,430.0,38.7,1405,mountain,weathered_rock,poor,2,state,3,68.38,high,0.691,0.9652,87,15,debris,True,7,1.0,under_6h
DSR-01250,SEG-0025,landslide,86.9,39.3,1378,mountain,weathered_rock,good,2,national,7,49.09,high,0.6173,1.1204,237,19,rock,True,7,1.1,under_6h
DSR-01514,SEG-0013,landslide,926.3,37.1,1496,mountain,weathered_rock,poor,2,national,5,35.74,very_high,0.7998,6.2115,3263,28,earth,True,7,5.0,under_6h
DSR-01194,SEG-0054,landslide,571.3,32.8,1727,mountain,weathered_rock,fair,2,state,4,16.34,high,0.6827,2.9376,2371,55,earth,True,7,8.2,6_24h
DSR-01453,SEG-0057,landslide,343.2,21.7,259,hilly,lateritic,fair,2,national,0,52.2,moderate,0.4661,0.4789,15498,109,earth,True,7,5.0,under_6h
DSR-01406,SEG-0026,landslide,597.5,31.7,1319,mountain,weathered_rock,fair,2,national,2,35.84,high,0.6286,1.3672,11551,67,debris,True,7,15.9,6_24h
DSR-01429,SEG-0012,landslide,540.0,23.6,775,mountain,weathered_rock,fair,2,national,3,30.75,high,0.5759,1.5285,372,20,debris,True,7,1.0,under_6h
DSR-01400,SEG-0027,landslide,31.4,33.3,1348,mountain,weathered_rock,fair,2,national,3,31.75,high,0.6513,1.5118,33752,133,rock,True,7,152.8,over_3days
DSR-01533,SEG-0065,landslide,126.6,24.2,1060,mountain,weathered_rock,fair,1,state,3,49.23,high,0.6127,1.1781,11979,79,debris,True,7,53.6,1_3days
DSR-01189,SEG-0039,landslide,18.4,21.4,36,hilly,lateritic,fair,2,national,7,41.19,moderate,0.4111,0.4613,6146,57,rock,True,7,8.4,6_24h
DSR-01615,SEG-0013,landslide,620.7,37.1,1496,mountain,weathered_rock,poor,2,national,5,35.74,very_high,0.7998,6.2115,5271,65,earth,True,7,6.7,6_24h
DSR-01190,SEG-0055,landslide,278.7,37.5,1780,mountain,weathered_rock,fair,2,state,3,9.73,very_high,0.7143,6.5776,21351,144,rock,True,7,282.5,over_3days
DSR-01212,SEG-0047,landslide,385.3,27.7,1650,mountain,weathered_rock,fair,2,national,4,6.8,high,0.6569,10.2941,281,22,earth,True,7,1.0,under_6h
DSR-01371,SEG-0065,landslide,147.4,24.2,1060,mountain,weathered_rock,fair,1,state,3,49.23,high,0.6127,1.1781,4281,68,earth,True,7,33.7,1_3days
DSR-01930,SEG-0069,protest_blockade,40.2,20.0,352,mountain,weathered_rock,poor,1,state,5,43.86,high,0.564,1.1628,0,0,none,True,7,56.8,1_3days
DSR-01413,SEG-0067,landslide,231.6,17.3,231,hilly,lateritic,fair,1,state,2,38.22,moderate,0.4483,0.5233,97477,261,debris,True,7,818.2,over_3days
DSR-01672,SEG-0044,road_subsidence,294.5,3.8,23,plain,alluvial,good,2,national,2,50.09,low,0.2667,0.0399,0,0,none,True,7,95.8,over_3days
DSR-01393,SEG-0025,landslide,57.2,39.3,1378,mountain,weathered_rock,good,2,national,7,49.09,high,0.6173,1.1204,2643,62,rock,True,7,8.8,6_24h
DSR-01205,SEG-0031,landslide,83.4,26.1,850,mountain,weathered_rock,fair,2,state,7,59.58,moderate,0.516,0.621,204,17,debris,True,7,1.2,under_6h
DSR-01374,SEG-0023,landslide,474.1,23.6,1061,mountain,weathered_rock,fair,2,national,0,27.48,moderate,0.546,1.0917,599,17,debris,True,7,1.6,under_6h
DSR-01644,SEG-0046,accident_blockage,45.5,42.0,886,mountain,weathered_rock,fair,2,national,3,52.1,very_high,0.7002,1.2668,0,0,none,True,7,23.4,6_24h
DSR-01235,SEG-0015,landslide,391.2,28.7,701,mountain,weathered_rock,fair,2,national,4,75.53,high,0.6753,1.4431,291,20,rock,True,7,1.4,under_6h
DSR-02190,SEG-0011,protest_blockade,37.6,5.7,112,plain,alluvial,fair,4,national,1,42.95,low,0.2769,0.0698,0,0,none,True,7,17.4,6_24h
DSR-01610,SEG-0026,landslide,324.1,31.7,1319,mountain,weathered_rock,fair,2,national,2,35.84,high,0.6286,1.3672,9223,42,rock,True,7,22.9,6_24h
DSR-01612,SEG-0035,landslide,543.6,24.0,1216,mountain,weathered_rock,poor,2,national,1,49.37,high,0.6147,1.1951,5779,92,debris,True,7,5.5,under_6h
DSR-01692,SEG-0033,bridge_damage,333.3,14.5,337,hilly,lateritic,good,2,national,1,68.93,low,0.3399,0.1596,0,0,none,True,8,902.4,over_3days
DSR-02183,SEG-0042,flood,486.4,9.1,45,hilly,lateritic,poor,2,national,3,16.18,moderate,0.4355,1.0507,0,0,none,True,8,23.2,6_24h
DSR-01320,SEG-0046,landslide,454.2,42.0,886,mountain,weathered_rock,fair,2,national,3,52.1,very_high,0.7002,1.2668,407,31,earth,True,8,1.0,under_6h
DSR-01238,SEG-0031,landslide,198.3,26.1,850,mountain,weathered_rock,fair,2,state,7,59.58,moderate,0.516,0.621,2170,52,earth,True,8,16.8,6_24h
DSR-01214,SEG-0046,landslide,322.0,42.0,886,mountain,weathered_rock,fair,2,national,3,52.1,very_high,0.7002,1.2668,23391,161,debris,True,8,39.7,1_3days
DSR-01605,SEG-0061,landslide,206.8,24.2,386,mountain,weathered_rock,fair,2,national,4,53.47,high,0.5826,1.1969,1230,18,earth,True,8,3.2,under_6h
DSR-01327,SEG-0024,landslide,533.4,22.5,923,mountain,weathered_rock,fair,2,national,4,51.06,high,0.5596,0.5484,6010,97,debris,True,8,11.5,6_24h
DSR-01536,SEG-0033,landslide,11.9,14.5,337,hilly,lateritic,good,2,national,1,68.93,low,0.3399,0.1596,4934,82,rock,True,8,9.6,6_24h
DSR-01461,SEG-0019,landslide,726.6,14.6,337,hilly,lateritic,good,2,national,0,41.98,moderate,0.4436,0.8814,5696,83,earth,True,8,8.6,6_24h
DSR-01204,SEG-0032,landslide,612.1,37.8,1224,mountain,weathered_rock,fair,2,state,6,50.5,high,0.6374,1.1089,658,30,debris,True,8,2.2,under_6h
DSR-01331,SEG-0063,landslide,47.7,25.7,2415,mountain,weathered_rock,good,1,national,0,35.45,high,0.6573,1.7489,2167,56,debris,True,8,7.3,6_24h
DSR-02028,SEG-0024,accident_blockage,172.2,22.5,923,mountain,weathered_rock,fair,2,national,4,51.06,high,0.5596,0.5484,0,0,none,True,8,12.1,6_24h
DSR-01530,SEG-0065,landslide,464.9,24.2,1060,mountain,weathered_rock,fair,1,state,3,49.23,high,0.6127,1.1781,243,19,debris,True,8,1.3,under_6h
DSR-01522,SEG-0054,landslide,365.2,32.8,1727,mountain,weathered_rock,fair,2,state,4,16.34,high,0.6827,2.9376,988,37,debris,True,8,9.1,6_24h
DSR-01563,SEG-0053,landslide,72.6,22.5,1675,mountain,weathered_rock,good,2,state,2,6.97,high,0.5856,6.8867,407,14,debris,True,8,2.6,under_6h
DSR-01599,SEG-0034,landslide,40.4,27.5,891,mountain,weathered_rock,poor,2,national,3,54.94,high,0.6405,1.0193,471,18,earth,True,8,1.0,under_6h
DSR-01431,SEG-0056,landslide,25.1,13.0,259,hilly,lateritic,fair,2,national,2,94.3,low,0.3544,0.1273,1627,33,earth,True,8,2.5,under_6h
DSR-01439,SEG-0013,landslide,854.8,37.1,1496,mountain,weathered_rock,poor,2,national,5,35.74,very_high,0.7998,6.2115,3137,25,rock,True,8,4.9,under_6h
DSR-02056,SEG-0055,flood,606.0,37.5,1780,mountain,weathered_rock,fair,2,state,3,9.73,very_high,0.7143,6.5776,0,0,none,True,8,346.6,over_3days
DSR-01215,SEG-0013,landslide,713.7,37.1,1496,mountain,weathered_rock,poor,2,national,5,35.74,very_high,0.7998,6.2115,10137,63,rock,True,8,16.7,6_24h
DSR-01918,SEG-0043,flood,253.1,20.5,34,hilly,lateritic,poor,2,national,1,17.57,moderate,0.4617,0.9676,0,0,none,True,8,196.4,over_3days
DSR-01128,SEG-0037,landslide,532.7,38.7,1405,mountain,weathered_rock,poor,2,state,3,68.38,high,0.691,0.9652,36352,99,rock,True,8,599.8,over_3days
DSR-01791,SEG-0069,flood,573.9,20.0,352,mountain,weathered_rock,poor,1,state,5,43.86,high,0.564,1.1628,0,0,none,True,8,138.9,over_3days
DSR-02111,SEG-0041,flood,247.2,16.2,52,hilly,lateritic,good,2,national,2,45.87,low,0.3125,0.3052,0,0,none,True,8,156.5,over_3days
DSR-01924,SEG-0014,fallen_tree,78.9,24.6,1438,mountain,weathered_rock,fair,2,national,5,33.95,high,0.671,3.7408,0,0,none,True,8,11.3,6_24h
DSR-01590,SEG-0047,landslide,181.7,27.7,1650,mountain,weathered_rock,fair,2,national,4,6.8,high,0.6569,10.2941,998,44,earth,True,8,2.0,under_6h
DSR-01573,SEG-0058,landslide,349.7,27.3,1002,mountain,weathered_rock,fair,2,national,3,55.82,high,0.626,0.842,654,14,rock,True,8,4.5,under_6h
DSR-01332,SEG-0035,landslide,333.9,24.0,1216,mountain,weathered_rock,poor,2,national,1,49.37,high,0.6147,1.1951,2041,35,debris,True,8,3.9,under_6h
DSR-01640,SEG-0011,fallen_tree,192.6,5.7,112,plain,alluvial,fair,4,national,1,42.95,low,0.2769,0.0698,0,0,none,True,8,21.2,6_24h
DSR-01349,SEG-0053,landslide,280.5,22.5,1675,mountain,weathered_rock,good,2,state,2,6.97,high,0.5856,6.8867,13018,85,rock,True,8,189.3,over_3days
DSR-01627,SEG-0029,accident_blockage,88.3,21.4,1260,mountain,weathered_rock,good,2,national,3,44.14,moderate,0.5237,0.589,0,0,none,True,8,10.4,6_24h
DSR-01716,SEG-0051,flood,686.7,40.0,1250,mountain,weathered_rock,good,1,national,4,14.39,very_high,0.7423,3.0577,0,0,none,True,8,89.2,over_3days
DSR-01422,SEG-0067,landslide,593.8,17.3,231,hilly,lateritic,fair,1,state,2,38.22,moderate,0.4483,0.5233,2947,54,earth,True,8,17.5,6_24h
DSR-01140,SEG-0065,landslide,408.3,24.2,1060,mountain,weathered_rock,fair,1,state,3,49.23,high,0.6127,1.1781,1426,28,rock,True,8,28.1,1_3days
DSR-01448,SEG-0059,landslide,66.0,35.4,1092,mountain,weathered_rock,fair,2,national,7,61.83,very_high,0.7049,1.3586,11466,111,debris,True,8,51.7,1_3days
DSR-01390,SEG-0025,landslide,350.0,39.3,1378,mountain,weathered_rock,good,2,national,7,49.09,high,0.6173,1.1204,416,29,earth,True,8,1.0,under_6h
DSR-01351,SEG-0050,landslide,314.8,33.3,1250,mountain,weathered_rock,poor,1,national,4,14.76,very_high,0.7245,5.6233,156,21,rock,True,8,1.0,under_6h
DSR-01564,SEG-0052,landslide,300.9,37.0,1662,mountain,weathered_rock,poor,2,state,7,38.08,very_high,0.7503,2.2321,2939,30,rock,True,8,39.3,1_3days
DSR-01290,SEG-0057,landslide,353.5,21.7,259,hilly,lateritic,fair,2,national,0,52.2,moderate,0.4661,0.4789,2027,26,rock,True,8,2.8,under_6h
DSR-01157,SEG-0048,landslide,292.5,32.0,1650,mountain,weathered_rock,fair,2,national,0,15.63,high,0.6747,3.263,40538,174,earth,True,8,112.6,over_3days
DSR-01256,SEG-0069,landslide,570.1,20.0,352,mountain,weathered_rock,poor,1,state,5,43.86,high,0.564,1.1628,4333,79,earth,True,8,20.9,6_24h
DSR-01410,SEG-0052,landslide,574.8,37.0,1662,mountain,weathered_rock,poor,2,state,7,38.08,very_high,0.7503,2.2321,7138,55,debris,True,8,23.0,6_24h
DSR-01737,SEG-0019,fallen_tree,163.6,14.6,337,hilly,lateritic,good,2,national,0,41.98,moderate,0.4436,0.8814,0,0,none,True,8,11.5,6_24h
DSR-01885,SEG-0039,accident_blockage,146.3,21.4,36,hilly,lateritic,fair,2,national,7,41.19,moderate,0.4111,0.4613,0,0,none,True,9,18.8,6_24h
DSR-01420,SEG-0069,landslide,109.1,20.0,352,mountain,weathered_rock,poor,1,state,5,43.86,high,0.564,1.1628,4353,51,rock,True,9,46.9,1_3days
DSR-01170,SEG-0046,landslide,422.9,42.0,886,mountain,weathered_rock,fair,2,national,3,52.1,very_high,0.7002,1.2668,2748,48,debris,True,9,1.9,under_6h
DSR-01183,SEG-0022,landslide,223.0,22.3,1252,mountain,weathered_rock,fair,2,national,3,19.5,high,0.5848,1.641,101,17,earth,True,9,1.0,under_6h
DSR-01469,SEG-0057,landslide,58.1,21.7,259,hilly,lateritic,fair,2,national,0,52.2,moderate,0.4661,0.4789,422,21,earth,True,9,1.0,under_6h
DSR-01208,SEG-0015,landslide,341.1,28.7,701,mountain,weathered_rock,fair,2,national,4,75.53,high,0.6753,1.4431,1575,48,rock,True,9,4.6,under_6h
DSR-01329,SEG-0022,landslide,378.3,22.3,1252,mountain,weathered_rock,fair,2,national,3,19.5,high,0.5848,1.641,9555,94,earth,True,9,11.5,6_24h
DSR-01822,SEG-0036,flood,483.3,38.8,1084,mountain,weathered_rock,good,2,national,0,48.29,high,0.5956,0.8905,0,0,none,True,9,155.4,over_3days
DSR-01145,SEG-0054,landslide,349.9,32.8,1727,mountain,weathered_rock,fair,2,state,4,16.34,high,0.6827,2.9376,5557,75,rock,True,9,23.2,6_24h
DSR-01272,SEG-0014,landslide,617.0,24.6,1438,mountain,weathered_rock,fair,2,national,5,33.95,high,0.671,3.7408,3760,56,rock,True,9,13.0,6_24h
DSR-01358,SEG-0066,landslide,148.9,40.9,1099,mountain,weathered_rock,fair,1,state,1,40.68,very_high,0.7302,2.1141,6237,69,earth,True,9,35.1,1_3days
DSR-01689,SEG-0004,accident_blockage,116.5,3.7,55,plain,alluvial,good,4,national,0,44.45,low,0.2316,0.1125,0,0,none,True,9,8.8,6_24h
DSR-01550,SEG-0057,landslide,321.8,21.7,259,hilly,lateritic,fair,2,national,0,52.2,moderate,0.4661,0.4789,4157,66,debris,True,9,2.4,under_6h
DSR-01357,SEG-0064,landslide,150.4,27.6,2731,mountain,weathered_rock,poor,1,national,1,66.29,very_high,0.7556,1.8706,1375,33,rock,True,9,9.0,6_24h
DSR-01596,SEG-0065,landslide,173.7,24.2,1060,mountain,weathered_rock,fair,1,state,3,49.23,high,0.6127,1.1781,3571,37,rock,True,9,39.4,1_3days
DSR-01380,SEG-0035,landslide,92.8,24.0,1216,mountain,weathered_rock,poor,2,national,1,49.37,high,0.6147,1.1951,134,11,earth,True,9,1.0,under_6h
DSR-02100,SEG-0033,flood,565.0,14.5,337,hilly,lateritic,good,2,national,1,68.93,low,0.3399,0.1596,0,0,none,True,9,145.9,over_3days
DSR-01121,SEG-0059,landslide,243.0,35.4,1092,mountain,weathered_rock,fair,2,national,7,61.83,very_high,0.7049,1.3586,12227,82,rock,True,9,45.7,1_3days
DSR-01142,SEG-0023,landslide,121.8,23.6,1061,mountain,weathered_rock,fair,2,national,0,27.48,moderate,0.546,1.0917,20013,121,rock,True,9,56.7,1_3days
DSR-01129,SEG-0046,landslide,431.0,42.0,886,mountain,weathered_rock,fair,2,national,3,52.1,very_high,0.7002,1.2668,5327,89,debris,True,9,5.8,under_6h
DSR-01278,SEG-0046,landslide,597.0,42.0,886,mountain,weathered_rock,fair,2,national,3,52.1,very_high,0.7002,1.2668,21810,109,rock,True,9,92.7,over_3days
DSR-01555,SEG-0060,landslide,156.7,40.2,620,mountain,weathered_rock,fair,2,national,3,60.75,very_high,0.7497,1.1193,306,23,rock,True,9,1.4,under_6h
DSR-01383,SEG-0039,landslide,399.0,21.4,36,hilly,lateritic,fair,2,national,7,41.19,moderate,0.4111,0.4613,8474,51,rock,True,9,18.5,6_24h
DSR-01174,SEG-0066,landslide,319.0,40.9,1099,mountain,weathered_rock,fair,1,state,1,40.68,very_high,0.7302,2.1141,997,26,rock,True,9,5.4,under_6h
DSR-01877,SEG-0063,flood,507.5,25.7,2415,mountain,weathered_rock,good,1,national,0,35.45,high,0.6573,1.7489,0,0,none,True,9,139.8,over_3days
DSR-01283,SEG-0019,landslide,331.0,14.6,337,hilly,lateritic,good,2,national,0,41.98,moderate,0.4436,0.8814,2337,26,rock,True,9,4.7,under_6h
DSR-01430,SEG-0061,landslide,116.0,24.2,386,mountain,weathered_rock,fair,2,national,4,53.47,high,0.5826,1.1969,2646,54,debris,True,9,8.7,6_24h
DSR-01266,SEG-0026,landslide,69.5,31.7,1319,mountain,weathered_rock,fair,2,national,2,35.84,high,0.6286,1.3672,36050,178,debris,True,9,64.6,1_3days
DSR-01526,SEG-0046,landslide,194.0,42.0,886,mountain,weathered_rock,fair,2,national,3,52.1,very_high,0.7002,1.2668,4360,31,earth,True,9,3.2,under_6h
DSR-01134,SEG-0015,landslide,547.3,28.7,701,mountain,weathered_rock,fair,2,national,4,75.53,high,0.6753,1.4431,5383,93,earth,True,9,4.3,under_6h
DSR-01622,SEG-0028,landslide,483.8,34.8,1023,mountain,weathered_rock,good,2,national,7,46.71,high,0.5668,0.8349,87748,306,rock,True,9,524.5,over_3days
DSR-01776,SEG-0012,protest_blockade,96.2,23.6,775,mountain,weathered_rock,fair,2,national,3,30.75,high,0.5759,1.5285,0,0,none,True,9,9.8,6_24h
DSR-01414,SEG-0031,landslide,111.2,26.1,850,mountain,weathered_rock,fair,2,state,7,59.58,moderate,0.516,0.621,60941,217,rock,True,9,657.6,over_3days
DSR-02199,SEG-0066,protest_blockade,58.7,40.9,1099,mountain,weathered_rock,fair,1,state,1,40.68,very_high,0.7302,2.1141,0,0,none,True,9,26.9,1_3days
DSR-01222,SEG-0069,landslide,406.6,20.0,352,mountain,weathered_rock,poor,1,state,5,43.86,high,0.564,1.1628,11921,89,earth,True,9,29.9,1_3days
DSR-01273,SEG-0061,landslide,364.5,24.2,386,mountain,weathered_rock,fair,2,national,4,53.47,high,0.5826,1.1969,9509,107,rock,True,10,11.0,6_24h
DSR-02112,SEG-0001,bridge_damage,214.1,4.2,87,plain,alluvial,good,4,national,1,216.84,low,0.2231,0.0,0,0,none,True,10,776.9,over_3days
DSR-01159,SEG-0068,landslide,474.3,40.7,433,mountain,weathered_rock,poor,1,state,4,66.95,high,0.6745,1.0157,3713,63,rock,True,10,34.6,1_3days
DSR-01348,SEG-0028,landslide,156.8,34.8,1023,mountain,weathered_rock,good,2,national,7,46.71,high,0.5668,0.8349,5346,83,debris,True,10,3.8,under_6h
DSR-01611,SEG-0053,landslide,125.6,22.5,1675,mountain,weathered_rock,good,2,state,2,6.97,high,0.5856,6.8867,206,21,debris,True,10,1.0,under_6h
DSR-01119,SEG-0052,landslide,406.3,37.0,1662,mountain,weathered_rock,poor,2,state,7,38.08,very_high,0.7503,2.2321,7345,47,debris,True,10,10.5,6_24h
DSR-01566,SEG-0013,landslide,831.3,37.1,1496,mountain,weathered_rock,poor,2,national,5,35.74,very_high,0.7998,6.2115,11504,41,earth,True,10,8.6,6_24h
DSR-01317,SEG-0015,landslide,295.0,28.7,701,mountain,weathered_rock,fair,2,national,4,75.53,high,0.6753,1.4431,81,13,earth,True,10,1.0,under_6h
DSR-01233,SEG-0064,landslide,576.5,27.6,2731,mountain,weathered_rock,poor,1,national,1,66.29,very_high,0.7556,1.8706,69402,265,rock,True,10,409.8,over_3days
DSR-01158,SEG-0051,landslide,163.9,40.0,1250,mountain,weathered_rock,good,1,national,4,14.39,very_high,0.7423,3.0577,3742,72,rock,True,10,7.3,6_24h
DSR-01609,SEG-0029,landslide,109.6,21.4,1260,mountain,weathered_rock,good,2,national,3,44.14,moderate,0.5237,0.589,4765,44,rock,True,10,9.9,6_24h
DSR-01312,SEG-0026,landslide,413.5,31.7,1319,mountain,weathered_rock,fair,2,national,2,35.84,high,0.6286,1.3672,102078,312,debris,True,10,138.7,over_3days
DSR-01277,SEG-0053,landslide,53.6,22.5,1675,mountain,weathered_rock,good,2,state,2,6.97,high,0.5856,6.8867,427,14,rock,True,10,3.0,under_6h
DSR-01105,SEG-0055,landslide,550.4,37.5,1780,mountain,weathered_rock,fair,2,state,3,9.73,very_high,0.7143,6.5776,4091,77,debris,True,10,9.2,6_24h
DSR-01698,SEG-0042,protest_blockade,81.9,9.1,45,hilly,lateritic,poor,2,national,3,16.18,moderate,0.4355,1.0507,0,0,none,True,10,3.1,under_6h
DSR-01143,SEG-0047,landslide,555.7,27.7,1650,mountain,weathered_rock,fair,2,national,4,6.8,high,0.6569,10.2941,187,22,debris,True,11,1.0,under_6h
DSR-01528,SEG-0064,landslide,450.0,27.6,2731,mountain,weathered_rock,poor,1,national,1,66.29,very_high,0.7556,1.8706,8740,72,debris,True,11,16.8,6_24h
DSR-02257,SEG-0008,maintenance,12.2,5.3,90,plain,alluvial,fair,4,national,0,36.12,low,0.3133,0.0277,0,0,none,True,12,31.0,1_3days
DSR-01690,SEG-0042,maintenance,37.4,9.1,45,hilly,lateritic,poor,2,national,3,16.18,moderate,0.4355,1.0507,0,0,none,True,12,17.5,6_24h
DSR-01625,SEG-0025,maintenance,9.6,39.3,1378,mountain,weathered_rock,good,2,national,7,49.09,high,0.6173,1.1204,0,0,none,True,12,18.5,6_24h
DSR-01938,SEG-0035,maintenance,1.9,24.0,1216,mountain,weathered_rock,poor,2,national,1,49.37,high,0.6147,1.1951,0,0,none,True,12,34.2,1_3days
DSR-01560,SEG-0015,landslide,372.1,28.7,701,mountain,weathered_rock,fair,2,national,4,75.53,high,0.6753,1.4431,385,19,rock,True,1,1.0,under_6h
DSR-01124,SEG-0066,landslide,157.4,40.9,1099,mountain,weathered_rock,fair,1,state,1,40.68,very_high,0.7302,2.1141,3211,56,earth,True,1,13.3,6_24h
DSR-01973,SEG-0037,maintenance,51.5,38.7,1405,mountain,weathered_rock,poor,2,state,3,68.38,high,0.691,0.9652,0,0,none,True,1,21.3,6_24h
DSR-01847,SEG-0044,maintenance,11.1,3.8,23,plain,alluvial,good,2,national,2,50.09,low,0.2667,0.0399,0,0,none,True,1,32.2,1_3days
DSR-01926,SEG-0063,maintenance,39.2,25.7,2415,mountain,weathered_rock,good,1,national,0,35.45,high,0.6573,1.7489,0,0,none,True,1,38.8,1_3days
DSR-01173,SEG-0013,landslide,338.5,37.1,1496,mountain,weathered_rock,poor,2,national,5,35.74,very_high,0.7998,6.2115,4130,62,debris,True,1,7.5,6_24h
DSR-01667,SEG-0012,maintenance,56.0,23.6,775,mountain,weathered_rock,fair,2,national,3,30.75,high,0.5759,1.5285,0,0,none,True,1,53.1,1_3days
DSR-01470,SEG-0069,landslide,139.9,20.0,352,mountain,weathered_rock,poor,1,state,5,43.86,high,0.564,1.1628,808,20,earth,True,2,1.6,under_6h
DSR-01419,SEG-0051,landslide,410.7,40.0,1250,mountain,weathered_rock,good,1,national,4,14.39,very_high,0.7423,3.0577,5186,83,debris,True,2,9.4,6_24h
DSR-01359,SEG-0057,landslide,468.3,21.7,259,hilly,lateritic,fair,2,national,0,52.2,moderate,0.4661,0.4789,1260,44,earth,True,2,1.0,under_6h
DSR-01309,SEG-0055,landslide,446.7,37.5,1780,mountain,weathered_rock,fair,2,state,3,9.73,very_high,0.7143,6.5776,101,16,rock,True,2,1.0,under_6h
DSR-02242,SEG-0014,maintenance,54.7,24.6,1438,mountain,weathered_rock,fair,2,national,5,33.95,high,0.671,3.7408,0,0,none,True,3,69.4,1_3days
DSR-02275,SEG-0020,flood,606.9,15.5,450,hilly,lateritic,fair,2,national,1,33.37,moderate,0.4853,0.7492,0,0,none,True,3,124.7,over_3days
DSR-02084,SEG-0004,fallen_tree,14.2,3.7,55,plain,alluvial,good,4,national,0,44.45,low,0.2316,0.1125,0,0,none,True,3,18.9,6_24h
DSR-01131,SEG-0043,landslide,401.4,20.5,34,hilly,lateritic,poor,2,national,1,17.57,moderate,0.4617,0.9676,1045,36,debris,True,3,2.3,under_6h
DSR-01151,SEG-0013,landslide,239.0,37.1,1496,mountain,weathered_rock,poor,2,national,5,35.74,very_high,0.7998,6.2115,2659,57,rock,True,3,3.5,under_6h
DSR-01521,SEG-0012,landslide,296.6,23.6,775,mountain,weathered_rock,fair,2,national,3,30.75,high,0.5759,1.5285,1170,41,debris,True,3,1.0,under_6h
DSR-01423,SEG-0022,landslide,66.5,22.3,1252,mountain,weathered_rock,fair,2,national,3,19.5,high,0.5848,1.641,435,32,earth,True,3,1.0,under_6h
DSR-02142,SEG-0029,maintenance,4.4,21.4,1260,mountain,weathered_rock,good,2,national,3,44.14,moderate,0.5237,0.589,0,0,none,True,3,19.2,6_24h
DSR-01325,SEG-0047,landslide,499.9,27.7,1650,mountain,weathered_rock,fair,2,national,4,6.8,high,0.6569,10.2941,1029,23,debris,True,3,1.2,under_6h
DSR-01746,SEG-0044,accident_blockage,131.0,3.8,23,plain,alluvial,good,2,national,2,50.09,low,0.2667,0.0399,0,0,none,True,3,27.3,1_3days
DSR-01914,SEG-0010,bridge_damage,185.5,4.2,102,plain,alluvial,fair,4,national,1,60.63,low,0.3066,0.0165,0,0,none,True,3,644.6,over_3days
DSR-01411,SEG-0047,landslide,180.3,27.7,1650,mountain,weathered_rock,fair,2,national,4,6.8,high,0.6569,10.2941,1129,48,earth,True,4,1.0,under_6h
DSR-01175,SEG-0021,landslide,384.9,30.0,794,mountain,weathered_rock,fair,2,national,4,46.0,high,0.5592,0.7826,601,19,debris,True,4,1.0,under_6h
DSR-01334,SEG-0015,landslide,13.7,28.7,701,mountain,weathered_rock,fair,2,national,4,75.53,high,0.6753,1.4431,2671,30,rock,True,4,5.0,under_6h
DSR-01265,SEG-0070,landslide,362.5,17.5,123,hilly,lateritic,good,2,state,2,93.38,low,0.3544,0.1606,5324,36,earth,True,4,7.0,6_24h
DSR-01583,SEG-0030,landslide,367.7,33.9,642,mountain,weathered_rock,good,2,national,5,34.62,moderate,0.5294,0.751,101,11,debris,True,4,1.0,under_6h
DSR-01118,SEG-0028,landslide,100.0,34.8,1023,mountain,weathered_rock,good,2,national,7,46.71,high,0.5668,0.8349,449,28,rock,True,4,1.0,under_6h
DSR-01616,SEG-0031,landslide,136.8,26.1,850,mountain,weathered_rock,fair,2,state,7,59.58,moderate,0.516,0.621,77,15,rock,True,4,1.0,under_6h
DSR-01133,SEG-0054,landslide,240.0,32.8,1727,mountain,weathered_rock,fair,2,state,4,16.34,high,0.6827,2.9376,1720,38,debris,True,4,5.8,under_6h
DSR-01356,SEG-0041,landslide,23.2,16.2,52,hilly,lateritic,good,2,national,2,45.87,low,0.3125,0.3052,886,36,debris,True,4,1.0,under_6h
DSR-01424,SEG-0065,landslide,199.2,24.2,1060,mountain,weathered_rock,fair,1,state,3,49.23,high,0.6127,1.1781,468,26,rock,True,4,6.9,6_24h
DSR-01407,SEG-0028,landslide,272.7,34.8,1023,mountain,weathered_rock,good,2,national,7,46.71,high,0.5668,0.8349,6391,70,rock,True,4,18.5,6_24h
DSR-01241,SEG-0032,landslide,225.2,37.8,1224,mountain,weathered_rock,fair,2,state,6,50.5,high,0.6374,1.1089,51316,123,debris,True,4,176.2,over_3days
DSR-01475,SEG-0023,landslide,480.6,23.6,1061,mountain,weathered_rock,fair,2,national,0,27.48,moderate,0.546,1.0917,587,20,debris,True,4,1.0,under_6h
DSR-01231,SEG-0060,landslide,260.0,40.2,620,mountain,weathered_rock,fair,2,national,3,60.75,very_high,0.7497,1.1193,1321,35,earth,True,4,1.0,under_6h
DSR-02108,SEG-0070,protest_blockade,28.1,17.5,123,hilly,lateritic,good,2,state,2,93.38,low,0.3544,0.1606,0,0,none,True,4,29.8,1_3days
DSR-01872,SEG-0002,bridge_damage,370.7,4.4,53,plain,alluvial,good,4,national,3,47.71,low,0.2701,0.021,0,0,none,True,4,675.5,over_3days
DSR-01549,SEG-0057,landslide,536.1,21.7,259,hilly,lateritic,fair,2,national,0,52.2,moderate,0.4661,0.4789,3383,50,rock,True,4,2.3,under_6h
DSR-01507,SEG-0034,landslide,579.3,27.5,891,mountain,weathered_rock,poor,2,national,3,54.94,high,0.6405,1.0193,17231,147,debris,True,4,27.7,1_3days
DSR-01916,SEG-0046,fallen_tree,121.2,42.0,886,mountain,weathered_rock,fair,2,national,3,52.1,very_high,0.7002,1.2668,0,0,none,True,4,25.6,1_3days
DSR-02129,SEG-0014,flood,236.5,24.6,1438,mountain,weathered_rock,fair,2,national,5,33.95,high,0.671,3.7408,0,0,none,True,4,67.1,1_3days
DSR-01206,SEG-0049,landslide,431.4,22.3,1450,mountain,weathered_rock,fair,1,national,1,20.47,high,0.6253,2.1006,90,9,earth,True,4,1.0,under_6h
DSR-01502,SEG-0013,landslide,780.0,37.1,1496,mountain,weathered_rock,poor,2,national,5,35.74,very_high,0.7998,6.2115,183,11,debris,True,4,1.0,under_6h
DSR-01463,SEG-0015,landslide,401.3,28.7,701,mountain,weathered_rock,fair,2,national,4,75.53,high,0.6753,1.4431,34152,106,earth,True,4,25.8,1_3days
DSR-01326,SEG-0014,landslide,331.3,24.6,1438,mountain,weathered_rock,fair,2,national,5,33.95,high,0.671,3.7408,40108,85,debris,True,4,64.5,1_3days
DSR-01593,SEG-0059,landslide,71.3,35.4,1092,mountain,weathered_rock,fair,2,national,7,61.83,very_high,0.7049,1.3586,558,26,earth,True,4,1.0,under_6h
DSR-01352,SEG-0013,landslide,831.8,37.1,1496,mountain,weathered_rock,poor,2,national,5,35.74,very_high,0.7998,6.2115,2801,29,earth,True,4,4.0,under_6h
DSR-01745,SEG-0059,flood,385.6,35.4,1092,mountain,weathered_rock,fair,2,national,7,61.83,very_high,0.7049,1.3586,0,0,none,True,4,91.1,over_3days
DSR-01276,SEG-0021,landslide,522.4,30.0,794,mountain,weathered_rock,fair,2,national,4,46.0,high,0.5592,0.7826,1033,20,rock,True,5,2.3,under_6h
DSR-01373,SEG-0023,landslide,553.6,23.6,1061,mountain,weathered_rock,fair,2,national,0,27.48,moderate,0.546,1.0917,2391,59,debris,True,5,5.6,under_6h
DSR-01108,SEG-0066,landslide,294.6,40.9,1099,mountain,weathered_rock,fair,1,state,1,40.68,very_high,0.7302,2.1141,467,33,debris,True,5,2.8,under_6h
DSR-01246,SEG-0062,landslide,614.5,28.8,1247,mountain,weathered_rock,good,1,national,0,44.74,high,0.56,1.0729,1763,34,debris,True,5,6.4,6_24h
DSR-01275,SEG-0012,landslide,6.0,23.6,775,mountain,weathered_rock,fair,2,national,3,30.75,high,0.5759,1.5285,810,28,rock,True,5,1.0,under_6h
DSR-01354,SEG-0015,landslide,444.3,28.7,701,mountain,weathered_rock,fair,2,national,4,75.53,high,0.6753,1.4431,1792,40,rock,True,5,13.6,6_24h
DSR-01600,SEG-0013,landslide,840.1,37.1,1496,mountain,weathered_rock,poor,2,national,5,35.74,very_high,0.7998,6.2115,2458,21,rock,True,5,7.6,6_24h
DSR-01807,SEG-0010,flood,394.7,4.2,102,plain,alluvial,fair,4,national,1,60.63,low,0.3066,0.0165,0,0,none,True,5,33.1,1_3days
DSR-02174,SEG-0070,protest_blockade,86.4,17.5,123,hilly,lateritic,good,2,state,2,93.38,low,0.3544,0.1606,0,0,none,True,5,42.4,1_3days
DSR-01221,SEG-0067,landslide,135.0,17.3,231,hilly,lateritic,fair,1,state,2,38.22,moderate,0.4483,0.5233,6149,33,debris,True,5,30.3,1_3days
DSR-01740,SEG-0055,protest_blockade,144.2,37.5,1780,mountain,weathered_rock,fair,2,state,3,9.73,very_high,0.7143,6.5776,0,0,none,True,5,57.7,1_3days
DSR-01372,SEG-0035,landslide,171.3,24.0,1216,mountain,weathered_rock,poor,2,national,1,49.37,high,0.6147,1.1951,603,33,debris,True,5,1.7,under_6h
DSR-01582,SEG-0048,landslide,442.9,32.0,1650,mountain,weathered_rock,fair,2,national,0,15.63,high,0.6747,3.263,38845,169,rock,True,5,403.6,over_3days
DSR-01226,SEG-0036,landslide,439.8,38.8,1084,mountain,weathered_rock,good,2,national,0,48.29,high,0.5956,0.8905,6743,55,debris,True,5,10.9,6_24h
DSR-01538,SEG-0019,landslide,830.8,14.6,337,hilly,lateritic,good,2,national,0,41.98,moderate,0.4436,0.8814,2181,37,debris,True,5,5.3,under_6h
DSR-01433,SEG-0014,landslide,79.3,24.6,1438,mountain,weathered_rock,fair,2,national,5,33.95,high,0.671,3.7408,19638,133,debris,True,5,39.4,1_3days
DSR-01248,SEG-0021,landslide,308.9,30.0,794,mountain,weathered_rock,fair,2,national,4,46.0,high,0.5592,0.7826,57,7,debris,True,5,1.0,under_6h
DSR-01375,SEG-0013,landslide,668.8,37.1,1496,mountain,weathered_rock,poor,2,national,5,35.74,very_high,0.7998,6.2115,391,27,debris,True,5,1.1,under_6h
DSR-01251,SEG-0014,landslide,624.1,24.6,1438,mountain,weathered_rock,fair,2,national,5,33.95,high,0.671,3.7408,203,9,debris,True,5,1.0,under_6h
DSR-02157,SEG-0004,flood,484.2,3.7,55,plain,alluvial,good,4,national,0,44.45,low,0.2316,0.1125,0,0,none,True,5,44.0,1_3days
DSR-01136,SEG-0034,landslide,499.3,27.5,891,mountain,weathered_rock,poor,2,national,3,54.94,high,0.6405,1.0193,690,34,rock,True,5,2.3,under_6h
DSR-01184,SEG-0031,landslide,558.3,26.1,850,mountain,weathered_rock,fair,2,state,7,59.58,moderate,0.516,0.621,720,28,earth,True,5,1.5,under_6h
DSR-01401,SEG-0041,landslide,444.6,16.2,52,hilly,lateritic,good,2,national,2,45.87,low,0.3125,0.3052,1472,27,rock,True,5,7.7,6_24h
DSR-02024,SEG-0018,bridge_damage,118.7,10.2,139,hilly,lateritic,poor,2,national,6,83.56,moderate,0.3867,0.2513,0,0,none,True,5,888.6,over_3days
DSR-01454,SEG-0034,landslide,122.0,27.5,891,mountain,weathered_rock,poor,2,national,3,54.94,high,0.6405,1.0193,1051,26,rock,True,5,1.7,under_6h
DSR-01361,SEG-0050,landslide,269.4,33.3,1250,mountain,weathered_rock,poor,1,national,4,14.76,very_high,0.7245,5.6233,699,25,debris,True,5,2.2,under_6h
DSR-01506,SEG-0036,landslide,305.5,38.8,1084,mountain,weathered_rock,good,2,national,0,48.29,high,0.5956,0.8905,435,19,debris,True,5,1.2,under_6h
DSR-01172,SEG-0027,landslide,406.3,33.3,1348,mountain,weathered_rock,fair,2,national,3,31.75,high,0.6513,1.5118,781,30,earth,True,5,1.0,under_6h
DSR-01228,SEG-0050,landslide,122.7,33.3,1250,mountain,weathered_rock,poor,1,national,4,14.76,very_high,0.7245,5.6233,1418,37,debris,True,5,6.3,6_24h
DSR-01141,SEG-0059,landslide,521.4,35.4,1092,mountain,weathered_rock,fair,2,national,7,61.83,very_high,0.7049,1.3586,248,14,debris,True,5,1.0,under_6h
DSR-01888,SEG-0038,road_subsidence,381.9,1.8,16,plain,alluvial,good,2,national,3,66.77,very_low,0.2089,0.03,0,0,none,True,5,35.2,1_3days
DSR-01567,SEG-0050,landslide,402.0,33.3,1250,mountain,weathered_rock,poor,1,national,4,14.76,very_high,0.7245,5.6233,970,35,earth,True,5,1.0,under_6h
DSR-01494,SEG-0065,landslide,553.6,24.2,1060,mountain,weathered_rock,fair,1,state,3,49.23,high,0.6127,1.1781,3239,72,rock,True,5,28.0,1_3days
DSR-02245,SEG-0043,flood,213.4,20.5,34,hilly,lateritic,poor,2,national,1,17.57,moderate,0.4617,0.9676,0,0,none,True,5,125.5,over_3days
DSR-01219,SEG-0029,landslide,179.5,21.4,1260,mountain,weathered_rock,good,2,national,3,44.14,moderate,0.5237,0.589,4371,77,debris,True,5,12.2,6_24h
DSR-01543,SEG-0059,landslide,508.5,35.4,1092,mountain,weathered_rock,fair,2,national,7,61.83,very_high,0.7049,1.3586,2522,32,debris,True,5,5.0,under_6h
DSR-01967,SEG-0031,flood,657.0,26.1,850,mountain,weathered_rock,fair,2,state,7,59.58,moderate,0.516,0.621,0,0,none,True,5,309.7,over_3days
DSR-01552,SEG-0037,landslide,27.9,38.7,1405,mountain,weathered_rock,poor,2,state,3,68.38,high,0.691,0.9652,453,29,debris,True,5,1.1,under_6h
DSR-01113,SEG-0055,landslide,43.1,37.5,1780,mountain,weathered_rock,fair,2,state,3,9.73,very_high,0.7143,6.5776,8676,44,debris,True,5,39.5,1_3days
DSR-01811,SEG-0035,bridge_damage,246.7,24.0,1216,mountain,weathered_rock,poor,2,national,1,49.37,high,0.6147,1.1951,0,0,none,True,6,153.8,over_3days
DSR-02192,SEG-0039,bridge_damage,262.6,21.4,36,hilly,lateritic,fair,2,national,7,41.19,moderate,0.4111,0.4613,0,0,none,True,6,268.3,over_3days
DSR-01772,SEG-0009,fallen_tree,144.3,2.4,93,plain,alluvial,good,4,national,0,50.33,low,0.2614,0.0397,0,0,none,True,6,8.5,6_24h
DSR-01452,SEG-0060,landslide,580.0,40.2,620,mountain,weathered_rock,fair,2,national,3,60.75,very_high,0.7497,1.1193,1246,43,earth,True,6,1.5,under_6h
DSR-01336,SEG-0015,landslide,578.6,28.7,701,mountain,weathered_rock,fair,2,national,4,75.53,high,0.6753,1.4431,522,26,rock,True,6,1.2,under_6h
DSR-01597,SEG-0060,landslide,73.6,40.2,620,mountain,weathered_rock,fair,2,national,3,60.75,very_high,0.7497,1.1193,1251,38,earth,True,6,1.9,under_6h
DSR-01154,SEG-0058,landslide,15.5,27.3,1002,mountain,weathered_rock,fair,2,national,3,55.82,high,0.626,0.842,47701,214,debris,True,6,140.2,over_3days
DSR-01223,SEG-0059,landslide,249.1,35.4,1092,mountain,weathered_rock,fair,2,national,7,61.83,very_high,0.7049,1.3586,757,17,rock,True,6,3.5,under_6h
DSR-01459,SEG-0014,landslide,623.5,24.6,1438,mountain,weathered_rock,fair,2,national,5,33.95,high,0.671,3.7408,350,24,earth,True,6,1.0,under_6h
DSR-02105,SEG-0062,protest_blockade,108.0,28.8,1247,mountain,weathered_rock,good,1,national,0,44.74,high,0.56,1.0729,0,0,none,True,6,23.7,6_24h
DSR-01893,SEG-0053,road_subsidence,234.9,22.5,1675,mountain,weathered_rock,good,2,state,2,6.97,high,0.5856,6.8867,0,0,none,True,6,246.5,over_3days
DSR-01427,SEG-0031,landslide,538.8,26.1,850,mountain,weathered_rock,fair,2,state,7,59.58,moderate,0.516,0.621,17215,149,rock,True,6,192.7,over_3days
DSR-01445,SEG-0050,landslide,358.6,33.3,1250,mountain,weathered_rock,poor,1,national,4,14.76,very_high,0.7245,5.6233,31697,153,rock,True,6,270.8,over_3days
DSR-02022,SEG-0047,flood,462.4,27.7,1650,mountain,weathered_rock,fair,2,national,4,6.8,high,0.6569,10.2941,0,0,none,True,6,46.9,1_3days
DSR-01961,SEG-0001,road_subsidence,335.0,4.2,87,plain,alluvial,good,4,national,1,216.84,low,0.2231,0.0,0,0,none,True,6,67.0,1_3days
DSR-01366,SEG-0022,landslide,321.3,22.3,1252,mountain,weathered_rock,fair,2,national,3,19.5,high,0.5848,1.641,473,29,debris,True,6,1.0,under_6h
DSR-01579,SEG-0048,landslide,157.8,32.0,1650,mountain,weathered_rock,fair,2,national,0,15.63,high,0.6747,3.263,2055,55,debris,True,6,9.8,6_24h
DSR-01713,SEG-0018,bridge_damage,368.5,10.2,139,hilly,lateritic,poor,2,national,6,83.56,moderate,0.3867,0.2513,0,0,none,True,6,799.2,over_3days
DSR-01116,SEG-0035,landslide,445.7,24.0,1216,mountain,weathered_rock,poor,2,national,1,49.37,high,0.6147,1.1951,577,36,rock,True,6,2.1,under_6h
DSR-01569,SEG-0060,landslide,266.6,40.2,620,mountain,weathered_rock,fair,2,national,3,60.75,very_high,0.7497,1.1193,76,7,earth,True,6,1.0,under_6h
DSR-01293,SEG-0015,landslide,0.1,28.7,701,mountain,weathered_rock,fair,2,national,4,75.53,high,0.6753,1.4431,1629,27,rock,True,6,6.4,6_24h
DSR-01594,SEG-0062,landslide,437.8,28.8,1247,mountain,weathered_rock,good,1,national,0,44.74,high,0.56,1.0729,250,10,earth,True,6,1.0,under_6h
DSR-01125,SEG-0063,landslide,470.6,25.7,2415,mountain,weathered_rock,good,1,national,0,35.45,high,0.6573,1.7489,9455,69,debris,True,6,15.7,6_24h
DSR-02023,SEG-0056,protest_blockade,121.6,13.0,259,hilly,lateritic,fair,2,national,2,94.3,low,0.3544,0.1273,0,0,none,True,6,20.6,6_24h
DSR-01120,SEG-0066,landslide,97.1,40.9,1099,mountain,weathered_rock,fair,1,state,1,40.68,very_high,0.7302,2.1141,1912,42,rock,True,6,12.5,6_24h
DSR-01345,SEG-0015,landslide,302.7,28.7,701,mountain,weathered_rock,fair,2,national,4,75.53,high,0.6753,1.4431,734,19,debris,True,6,1.4,under_6h
DSR-01676,SEG-0035,fallen_tree,69.8,24.0,1216,mountain,weathered_rock,poor,2,national,1,49.37,high,0.6147,1.1951,0,0,none,True,6,9.7,6_24h
DSR-01541,SEG-0015,landslide,36.2,28.7,701,mountain,weathered_rock,fair,2,national,4,75.53,high,0.6753,1.4431,353,25,rock,True,6,1.5,under_6h
DSR-01417,SEG-0046,landslide,346.3,42.0,886,mountain,weathered_rock,fair,2,national,3,52.1,very_high,0.7002,1.2668,3516,39,debris,True,6,7.5,6_24h
DSR-01915,SEG-0064,protest_blockade,53.0,27.6,2731,mountain,weathered_rock,poor,1,national,1,66.29,very_high,0.7556,1.8706,0,0,none,True,6,5.7,under_6h
DSR-01188,SEG-0046,landslide,164.4,42.0,886,mountain,weathered_rock,fair,2,national,3,52.1,very_high,0.7002,1.2668,12494,57,rock,True,6,42.6,1_3days
DSR-01702,SEG-0044,fallen_tree,22.7,3.8,23,plain,alluvial,good,2,national,2,50.09,low,0.2667,0.0399,0,0,none,True,6,6.5,6_24h
DSR-01163,SEG-0033,landslide,393.9,14.5,337,hilly,lateritic,good,2,national,1,68.93,low,0.3399,0.1596,50,9,earth,True,6,1.0,under_6h
DSR-01112,SEG-0071,landslide,541.0,17.3,165,hilly,lateritic,fair,2,state,3,30.67,moderate,0.4198,0.5217,532,18,earth,True,6,1.0,under_6h
DSR-02048,SEG-0051,flood,443.2,40.0,1250,mountain,weathered_rock,good,1,national,4,14.39,very_high,0.7423,3.0577,0,0,none,True,6,95.0,over_3days
DSR-02061,SEG-0053,fallen_tree,134.5,22.5,1675,mountain,weathered_rock,good,2,state,2,6.97,high,0.5856,6.8867,0,0,none,True,6,39.6,1_3days
DSR-01553,SEG-0026,landslide,489.6,31.7,1319,mountain,weathered_rock,fair,2,national,2,35.84,high,0.6286,1.3672,11434,122,debris,True,6,10.1,6_24h
DSR-01368,SEG-0046,landslide,276.3,42.0,886,mountain,weathered_rock,fair,2,national,3,52.1,very_high,0.7002,1.2668,117,16,debris,True,6,1.0,under_6h
DSR-01350,SEG-0031,landslide,85.7,26.1,850,mountain,weathered_rock,fair,2,state,7,59.58,moderate,0.516,0.621,4613,29,earth,True,6,17.9,6_24h
DSR-01284,SEG-0029,landslide,292.1,21.4,1260,mountain,weathered_rock,good,2,national,3,44.14,moderate,0.5237,0.589,104,14,rock,True,6,1.0,under_6h
DSR-01291,SEG-0013,landslide,5.1,37.1,1496,mountain,weathered_rock,poor,2,national,5,35.74,very_high,0.7998,6.2115,2834,63,rock,True,6,6.9,6_24h
DSR-01191,SEG-0022,landslide,188.9,22.3,1252,mountain,weathered_rock,fair,2,national,3,19.5,high,0.5848,1.641,719,40,debris,True,6,1.1,under_6h
DSR-01243,SEG-0015,landslide,320.1,28.7,701,mountain,weathered_rock,fair,2,national,4,75.53,high,0.6753,1.4431,2446,26,rock,True,6,5.6,under_6h
DSR-01863,SEG-0022,protest_blockade,199.1,22.3,1252,mountain,weathered_rock,fair,2,national,3,19.5,high,0.5848,1.641,0,0,none,True,6,7.1,6_24h
DSR-01197,SEG-0061,landslide,434.0,24.2,386,mountain,weathered_rock,fair,2,national,4,53.47,high,0.5826,1.1969,9082,87,rock,True,6,32.3,1_3days
DSR-02159,SEG-0013,accident_blockage,165.7,37.1,1496,mountain,weathered_rock,poor,2,national,5,35.74,very_high,0.7998,6.2115,0,0,none,True,6,13.2,6_24h
DSR-01614,SEG-0058,landslide,423.0,27.3,1002,mountain,weathered_rock,fair,2,national,3,55.82,high,0.626,0.842,526,23,rock,True,6,5.8,under_6h
DSR-01492,SEG-0034,landslide,532.2,27.5,891,mountain,weathered_rock,poor,2,national,3,54.94,high,0.6405,1.0193,398,14,rock,True,6,2.1,under_6h
DSR-01517,SEG-0051,landslide,262.0,40.0,1250,mountain,weathered_rock,good,1,national,4,14.39,very_high,0.7423,3.0577,1105,42,debris,True,6,2.3,under_6h
DSR-01399,SEG-0050,landslide,195.8,33.3,1250,mountain,weathered_rock,poor,1,national,4,14.76,very_high,0.7245,5.6233,16271,120,debris,True,6,68.1,1_3days
DSR-01122,SEG-0062,landslide,401.1,28.8,1247,mountain,weathered_rock,good,1,national,0,44.74,high,0.56,1.0729,6443,31,debris,True,6,10.3,6_24h
DSR-01180,SEG-0046,landslide,250.3,42.0,886,mountain,weathered_rock,fair,2,national,3,52.1,very_high,0.7002,1.2668,312,23,debris,True,6,1.0,under_6h
DSR-01554,SEG-0025,landslide,537.4,39.3,1378,mountain,weathered_rock,good,2,national,7,49.09,high,0.6173,1.1204,1897,61,debris,True,6,3.9,under_6h
DSR-01363,SEG-0048,landslide,308.9,32.0,1650,mountain,weathered_rock,fair,2,national,0,15.63,high,0.6747,3.263,1250,48,debris,True,6,1.5,under_6h
DSR-01509,SEG-0070,landslide,126.2,17.5,123,hilly,lateritic,good,2,state,2,93.38,low,0.3544,0.1606,1315,32,rock,True,6,8.2,6_24h
DSR-01135,SEG-0015,landslide,625.8,28.7,701,mountain,weathered_rock,fair,2,national,4,75.53,high,0.6753,1.4431,8390,50,rock,True,6,18.8,6_24h
DSR-01286,SEG-0013,landslide,673.9,37.1,1496,mountain,weathered_rock,poor,2,national,5,35.74,very_high,0.7998,6.2115,6551,45,rock,True,6,34.4,1_3days
DSR-01397,SEG-0035,landslide,116.9,24.0,1216,mountain,weathered_rock,poor,2,national,1,49.37,high,0.6147,1.1951,83653,140,rock,True,6,304.2,over_3days
DSR-01137,SEG-0005,landslide,393.2,2.7,57,plain,alluvial,good,4,national,2,97.15,low,0.2605,0.0206,344,23,earth,True,6,1.0,under_6h
DSR-01484,SEG-0051,landslide,222.9,40.0,1250,mountain,weathered_rock,good,1,national,4,14.39,very_high,0.7423,3.0577,2388,36,earth,True,6,7.5,6_24h
DSR-01641,SEG-0034,protest_blockade,105.6,27.5,891,mountain,weathered_rock,poor,2,national,3,54.94,high,0.6405,1.0193,0,0,none,True,6,15.8,6_24h
DSR-01956,SEG-0065,flood,190.5,24.2,1060,mountain,weathered_rock,fair,1,state,3,49.23,high,0.6127,1.1781,0,0,none,True,6,305.8,over_3days
DSR-01762,SEG-0009,road_subsidence,67.3,2.4,93,plain,alluvial,good,4,national,0,50.33,low,0.2614,0.0397,0,0,none,True,6,93.0,over_3days
DSR-01891,SEG-0053,road_subsidence,157.5,22.5,1675,mountain,weathered_rock,good,2,state,2,6.97,high,0.5856,6.8867,0,0,none,True,6,127.0,over_3days
DSR-01483,SEG-0051,landslide,551.9,40.0,1250,mountain,weathered_rock,good,1,national,4,14.39,very_high,0.7423,3.0577,692,19,rock,True,6,10.0,6_24h
DSR-01510,SEG-0046,landslide,584.4,42.0,886,mountain,weathered_rock,fair,2,national,3,52.1,very_high,0.7002,1.2668,3226,72,debris,True,6,4.0,under_6h
DSR-01210,SEG-0013,landslide,33.3,37.1,1496,mountain,weathered_rock,poor,2,national,5,35.74,very_high,0.7998,6.2115,2171,65,rock,True,6,7.7,6_24h
DSR-01455,SEG-0047,landslide,525.6,27.7,1650,mountain,weathered_rock,fair,2,national,4,6.8,high,0.6569,10.2941,1628,44,rock,True,6,5.6,under_6h
DSR-01478,SEG-0062,landslide,405.6,28.8,1247,mountain,weathered_rock,good,1,national,0,44.74,high,0.56,1.0729,3997,72,rock,True,6,21.9,6_24h
DSR-01234,SEG-0047,landslide,200.7,27.7,1650,mountain,weathered_rock,fair,2,national,4,6.8,high,0.6569,10.2941,526,20,earth,True,6,1.2,under_6h
DSR-01760,SEG-0041,road_subsidence,238.8,16.2,52,hilly,lateritic,good,2,national,2,45.87,low,0.3125,0.3052,0,0,none,True,6,80.3,over_3days
DSR-01497,SEG-0066,landslide,434.3,40.9,1099,mountain,weathered_rock,fair,1,state,1,40.68,very_high,0.7302,2.1141,791,25,rock,True,6,9.0,6_24h
DSR-01873,SEG-0053,flood,279.6,22.5,1675,mountain,weathered_rock,good,2,state,2,6.97,high,0.5856,6.8867,0,0,none,True,6,398.8,over_3days
DSR-01534,SEG-0021,landslide,521.1,30.0,794,mountain,weathered_rock,fair,2,national,4,46.0,high,0.5592,0.7826,2387,40,debris,True,6,2.2,under_6h
DSR-01395,SEG-0050,landslide,110.3,33.3,1250,mountain,weathered_rock,poor,1,national,4,14.76,very_high,0.7245,5.6233,27265,172,earth,True,6,34.7,1_3days
DSR-01929,SEG-0018,flood,593.8,10.2,139,hilly,lateritic,poor,2,national,6,83.56,moderate,0.3867,0.2513,0,0,none,True,6,128.8,over_3days
DSR-01687,SEG-0031,fallen_tree,82.4,26.1,850,mountain,weathered_rock,fair,2,state,7,59.58,moderate,0.516,0.621,0,0,none,True,6,26.9,1_3days
DSR-01545,SEG-0004,landslide,592.8,3.7,55,plain,alluvial,good,4,national,0,44.45,low,0.2316,0.1125,1409,20,earth,True,7,1.0,under_6h
DSR-01604,SEG-0053,landslide,344.3,22.5,1675,mountain,weathered_rock,good,2,state,2,6.97,high,0.5856,6.8867,209,13,rock,True,7,3.2,under_6h
DSR-01449,SEG-0013,landslide,61.8,37.1,1496,mountain,weathered_rock,poor,2,national,5,35.74,very_high,0.7998,6.2115,2189,39,debris,True,7,1.6,under_6h
DSR-01268,SEG-0025,landslide,604.0,39.3,1378,mountain,weathered_rock,good,2,national,7,49.09,high,0.6173,1.1204,2079,31,rock,True,7,10.9,6_24h
DSR-01316,SEG-0062,landslide,267.6,28.8,1247,mountain,weathered_rock,good,1,national,0,44.74,high,0.56,1.0729,462,14,earth,True,7,1.0,under_6h
DSR-01477,SEG-0046,landslide,185.1,42.0,886,mountain,weathered_rock,fair,2,national,3,52.1,very_high,0.7002,1.2668,11004,88,rock,True,7,32.6,1_3days
DSR-01314,SEG-0071,landslide,551.0,17.3,165,hilly,lateritic,fair,2,state,3,30.67,moderate,0.4198,0.5217,12682,111,earth,True,7,46.8,1_3days
DSR-01551,SEG-0025,landslide,359.1,39.3,1378,mountain,weathered_rock,good,2,national,7,49.09,high,0.6173,1.1204,620,37,earth,True,7,1.0,under_6h
DSR-01451,SEG-0037,landslide,246.8,38.7,1405,mountain,weathered_rock,poor,2,state,3,68.38,high,0.691,0.9652,9668,72,debris,True,7,38.3,1_3days
DSR-01389,SEG-0051,landslide,74.1,40.0,1250,mountain,weathered_rock,good,1,national,4,14.39,very_high,0.7423,3.0577,16194,98,rock,True,7,88.1,over_3days
DSR-01794,SEG-0064,fallen_tree,53.7,27.6,2731,mountain,weathered_rock,poor,1,national,1,66.29,very_high,0.7556,1.8706,0,0,none,True,7,27.0,1_3days
DSR-01220,SEG-0012,landslide,20.0,23.6,775,mountain,weathered_rock,fair,2,national,3,30.75,high,0.5759,1.5285,4121,44,rock,True,7,15.7,6_24h
DSR-01504,SEG-0014,landslide,823.5,24.6,1438,mountain,weathered_rock,fair,2,national,5,33.95,high,0.671,3.7408,4186,83,earth,True,7,12.7,6_24h
DSR-01598,SEG-0046,landslide,505.3,42.0,886,mountain,weathered_rock,fair,2,national,3,52.1,very_high,0.7002,1.2668,1942,23,debris,True,7,10.2,6_24h
DSR-01466,SEG-0013,landslide,803.4,37.1,1496,mountain,weathered_rock,poor,2,national,5,35.74,very_high,0.7998,6.2115,405,12,debris,True,7,1.4,under_6h
DSR-01723,SEG-0004,bridge_damage,192.8,3.7,55,plain,alluvial,good,4,national,0,44.45,low,0.2316,0.1125,0,0,none,True,7,546.1,over_3days
DSR-01376,SEG-0057,landslide,486.2,21.7,259,hilly,lateritic,fair,2,national,0,52.2,moderate,0.4661,0.4789,619,28,earth,True,7,1.0,under_6h
DSR-02126,SEG-0068,road_subsidence,71.4,40.7,433,mountain,weathered_rock,poor,1,state,4,66.95,high,0.6745,1.0157,0,0,none,True,7,819.8,over_3days
DSR-01565,SEG-0064,landslide,280.8,27.6,2731,mountain,weathered_rock,poor,1,national,1,66.29,very_high,0.7556,1.8706,12778,77,earth,True,7,17.9,6_24h
DSR-01527,SEG-0059,landslide,261.1,35.4,1092,mountain,weathered_rock,fair,2,national,7,61.83,very_high,0.7049,1.3586,2875,29,rock,True,7,29.3,1_3days
DSR-02233,SEG-0012,flood,462.3,23.6,775,mountain,weathered_rock,fair,2,national,3,30.75,high,0.5759,1.5285,0,0,none,True,7,194.2,over_3days
DSR-01829,SEG-0011,road_subsidence,294.2,5.7,112,plain,alluvial,fair,4,national,1,42.95,low,0.2769,0.0698,0,0,none,True,7,145.9,over_3days
DSR-01409,SEG-0061,landslide,175.5,24.2,386,mountain,weathered_rock,fair,2,national,4,53.47,high,0.5826,1.1969,16969,72,debris,True,7,34.5,1_3days
DSR-01267,SEG-0059,landslide,385.9,35.4,1092,mountain,weathered_rock,fair,2,national,7,61.83,very_high,0.7049,1.3586,705,32,rock,True,7,2.3,under_6h
DSR-01156,SEG-0015,landslide,375.6,28.7,701,mountain,weathered_rock,fair,2,national,4,75.53,high,0.6753,1.4431,136,17,earth,True,7,1.0,under_6h
DSR-01548,SEG-0066,landslide,232.4,40.9,1099,mountain,weathered_rock,fair,1,state,1,40.68,very_high,0.7302,2.1141,3656,38,rock,True,7,26.7,1_3days
DSR-01866,SEG-0029,bridge_damage,293.6,21.4,1260,mountain,weathered_rock,good,2,national,3,44.14,moderate,0.5237,0.589,0,0,none,True,7,644.9,over_3days
DSR-01437,SEG-0062,landslide,485.0,28.8,1247,mountain,weathered_rock,good,1,national,0,44.74,high,0.56,1.0729,1890,29,earth,True,7,2.7,under_6h
DSR-01127,SEG-0013,landslide,867.6,37.1,1496,mountain,weathered_rock,poor,2,national,5,35.74,very_high,0.7998,6.2115,1023,26,rock,True,7,3.0,under_6h
DSR-01178,SEG-0063,landslide,352.0,25.7,2415,mountain,weathered_rock,good,1,national,0,35.45,high,0.6573,1.7489,496,27,rock,True,7,2.9,under_6h
DSR-01620,SEG-0059,landslide,201.9,35.4,1092,mountain,weathered_rock,fair,2,national,7,61.83,very_high,0.7049,1.3586,1381,40,debris,True,7,3.7,under_6h
DSR-01588,SEG-0053,landslide,463.8,22.5,1675,mountain,weathered_rock,good,2,state,2,6.97,high,0.5856,6.8867,1275,18,debris,True,7,2.8,under_6h
DSR-02155,SEG-0004,bridge_damage,61.5,3.7,55,plain,alluvial,good,4,national,0,44.45,low,0.2316,0.1125,0,0,none,True,7,650.9,over_3days
DSR-01523,SEG-0065,landslide,277.8,24.2,1060,mountain,weathered_rock,fair,1,state,3,49.23,high,0.6127,1.1781,4375,77,debris,True,7,28.5,1_3days
DSR-01618,SEG-0028,landslide,509.7,34.8,1023,mountain,weathered_rock,good,2,national,7,46.71,high,0.5668,0.8349,11952,118,rock,True,7,55.1,1_3days
DSR-01827,SEG-0066,bridge_damage,181.8,40.9,1099,mountain,weathered_rock,fair,1,state,1,40.68,very_high,0.7302,2.1141,0,0,none,True,7,396.0,over_3days
DSR-01216,SEG-0034,landslide,597.2,27.5,891,mountain,weathered_rock,poor,2,national,3,54.94,high,0.6405,1.0193,175,21,rock,True,7,1.0,under_6h
DSR-01300,SEG-0064,landslide,237.0,27.6,2731,mountain,weathered_rock,poor,1,national,1,66.29,very_high,0.7556,1.8706,1399,47,debris,True,7,3.9,under_6h
DSR-01813,SEG-0007,fallen_tree,162.9,1.6,84,plain,alluvial,fair,4,national,2,116.18,low,0.2537,0.0,0,0,none,True,7,26.3,1_3days
DSR-01110,SEG-0053,landslide,612.1,22.5,1675,mountain,weathered_rock,good,2,state,2,6.97,high,0.5856,6.8867,34365,86,debris,True,7,90.4,over_3days
DSR-01360,SEG-0022,landslide,129.7,22.3,1252,mountain,weathered_rock,fair,2,national,3,19.5,high,0.5848,1.641,1360,19,debris,True,7,7.7,6_24h
DSR-01196,SEG-0029,landslide,260.7,21.4,1260,mountain,weathered_rock,good,2,national,3,44.14,moderate,0.5237,0.589,25,5,rock,True,7,1.0,under_6h
DSR-01578,SEG-0037,landslide,415.6,38.7,1405,mountain,weathered_rock,poor,2,state,3,68.38,high,0.691,0.9652,94,16,debris,True,7,1.0,under_6h
DSR-01299,SEG-0051,landslide,420.5,40.0,1250,mountain,weathered_rock,good,1,national,4,14.39,very_high,0.7423,3.0577,207,17,rock,True,7,1.0,under_6h
DSR-01797,SEG-0071,flood,289.6,17.3,165,hilly,lateritic,fair,2,state,3,30.67,moderate,0.4198,0.5217,0,0,none,True,7,286.6,over_3days
DSR-02019,SEG-0048,road_subsidence,105.2,32.0,1650,mountain,weathered_rock,fair,2,national,0,15.63,high,0.6747,3.263,0,0,none,True,7,113.6,over_3days
DSR-01556,SEG-0025,landslide,561.0,39.3,1378,mountain,weathered_rock,good,2,national,7,49.09,high,0.6173,1.1204,6454,51,debris,True,7,5.1,under_6h
DSR-01803,SEG-0053,accident_blockage,159.5,22.5,1675,mountain,weathered_rock,good,2,state,2,6.97,high,0.5856,6.8867,0,0,none,True,7,23.0,6_24h
DSR-01227,SEG-0054,landslide,79.5,32.8,1727,mountain,weathered_rock,fair,2,state,4,16.34,high,0.6827,2.9376,2768,59,debris,True,7,18.6,6_24h
DSR-01162,SEG-0023,landslide,493.2,23.6,1061,mountain,weathered_rock,fair,2,national,0,27.48,moderate,0.546,1.0917,2693,44,rock,True,7,11.2,6_24h
DSR-01495,SEG-0022,landslide,499.1,22.3,1252,mountain,weathered_rock,fair,2,national,3,19.5,high,0.5848,1.641,226,16,earth,True,7,1.0,under_6h
DSR-01479,SEG-0036,landslide,439.3,38.8,1084,mountain,weathered_rock,good,2,national,0,48.29,high,0.5956,0.8905,1742,26,earth,True,7,3.1,under_6h
DSR-01340,SEG-0066,landslide,62.3,40.9,1099,mountain,weathered_rock,fair,1,state,1,40.68,very_high,0.7302,2.1141,10923,43,debris,True,7,64.3,1_3days
DSR-02288,SEG-0062,bridge_damage,136.3,28.8,1247,mountain,weathered_rock,good,1,national,0,44.74,high,0.56,1.0729,0,0,none,True,7,199.0,over_3days
DSR-01577,SEG-0018,landslide,545.0,10.2,139,hilly,lateritic,poor,2,national,6,83.56,moderate,0.3867,0.2513,8033,46,earth,True,7,24.5,1_3days
DSR-01176,SEG-0063,landslide,613.6,25.7,2415,mountain,weathered_rock,good,1,national,0,35.45,high,0.6573,1.7489,6804,96,rock,True,7,28.2,1_3days
DSR-01311,SEG-0015,landslide,920.0,28.7,701,mountain,weathered_rock,fair,2,national,4,75.53,high,0.6753,1.4431,52051,80,earth,True,7,102.1,over_3days
DSR-01531,SEG-0062,landslide,594.6,28.8,1247,mountain,weathered_rock,good,1,national,0,44.74,high,0.56,1.0729,1555,33,rock,True,7,13.5,6_24h
DSR-01224,SEG-0065,landslide,547.4,24.2,1060,mountain,weathered_rock,fair,1,state,3,49.23,high,0.6127,1.1781,5463,92,rock,True,7,59.9,1_3days
DSR-01428,SEG-0058,landslide,234.3,27.3,1002,mountain,weathered_rock,fair,2,national,3,55.82,high,0.626,0.842,3154,65,debris,True,7,2.4,under_6h
DSR-01865,SEG-0045,accident_blockage,41.0,1.7,23,plain,alluvial,good,2,national,0,23.28,low,0.2326,0.043,0,0,none,True,7,21.2,6_24h
DSR-01585,SEG-0055,landslide,297.5,37.5,1780,mountain,weathered_rock,fair,2,state,3,9.73,very_high,0.7143,6.5776,297,14,rock,True,7,5.1,under_6h
DSR-01607,SEG-0065,landslide,157.7,24.2,1060,mountain,weathered_rock,fair,1,state,3,49.23,high,0.6127,1.1781,227,23,rock,True,7,2.8,under_6h
DSR-01254,SEG-0066,landslide,558.5,40.9,1099,mountain,weathered_rock,fair,1,state,1,40.68,very_high,0.7302,2.1141,6982,60,earth,True,7,43.6,1_3days
DSR-01182,SEG-0012,landslide,558.5,23.6,775,mountain,weathered_rock,fair,2,national,3,30.75,high,0.5759,1.5285,46439,163,earth,True,7,72.7,over_3days
DSR-01166,SEG-0027,landslide,173.7,33.3,1348,mountain,weathered_rock,fair,2,national,3,31.75,high,0.6513,1.5118,6810,40,debris,True,7,17.7,6_24h
DSR-01323,SEG-0037,landslide,354.6,38.7,1405,mountain,weathered_rock,poor,2,state,3,68.38,high,0.691,0.9652,6549,76,rock,True,7,73.9,over_3days
DSR-01343,SEG-0069,landslide,605.8,20.0,352,mountain,weathered_rock,poor,1,state,5,43.86,high,0.564,1.1628,1096,39,rock,True,8,36.1,1_3days
DSR-01305,SEG-0067,landslide,64.4,17.3,231,hilly,lateritic,fair,1,state,2,38.22,moderate,0.4483,0.5233,10234,78,earth,True,8,26.2,1_3days
DSR-01458,SEG-0014,landslide,127.1,24.6,1438,mountain,weathered_rock,fair,2,national,5,33.95,high,0.671,3.7408,2982,54,earth,True,8,7.2,6_24h
DSR-01229,SEG-0037,landslide,29.4,38.7,1405,mountain,weathered_rock,poor,2,state,3,68.38,high,0.691,0.9652,3923,63,debris,True,8,16.6,6_24h
DSR-01281,SEG-0014,landslide,562.0,24.6,1438,mountain,weathered_rock,fair,2,national,5,33.95,high,0.671,3.7408,1071,42,debris,True,8,1.9,under_6h
DSR-01201,SEG-0065,landslide,68.4,24.2,1060,mountain,weathered_rock,fair,1,state,3,49.23,high,0.6127,1.1781,711,20,rock,True,8,17.4,6_24h
DSR-01701,SEG-0010,protest_blockade,55.6,4.2,102,plain,alluvial,fair,4,national,1,60.63,low,0.3066,0.0165,0,0,none,True,8,22.3,6_24h
DSR-01434,SEG-0014,landslide,643.7,24.6,1438,mountain,weathered_rock,fair,2,national,5,33.95,high,0.671,3.7408,2383,28,earth,True,8,3.1,under_6h
DSR-01342,SEG-0060,landslide,556.4,40.2,620,mountain,weathered_rock,fair,2,national,3,60.75,very_high,0.7497,1.1193,498,19,debris,True,8,2.0,under_6h
DSR-01405,SEG-0029,landslide,578.9,21.4,1260,mountain,weathered_rock,good,2,national,3,44.14,moderate,0.5237,0.589,854,21,debris,True,8,1.3,under_6h
DSR-01244,SEG-0059,landslide,170.8,35.4,1092,mountain,weathered_rock,fair,2,national,7,61.83,very_high,0.7049,1.3586,1155,42,earth,True,8,1.3,under_6h
DSR-01421,SEG-0018,landslide,153.9,10.2,139,hilly,lateritic,poor,2,national,6,83.56,moderate,0.3867,0.2513,83,7,debris,True,8,1.0,under_6h
DSR-01365,SEG-0064,landslide,507.1,27.6,2731,mountain,weathered_rock,poor,1,national,1,66.29,very_high,0.7556,1.8706,2033,27,rock,True,8,14.6,6_24h
DSR-01289,SEG-0048,landslide,508.9,32.0,1650,mountain,weathered_rock,fair,2,national,0,15.63,high,0.6747,3.263,2864,57,rock,True,8,7.8,6_24h
DSR-01652,SEG-0071,accident_blockage,10.7,17.3,165,hilly,lateritic,fair,2,state,3,30.67,moderate,0.4198,0.5217,0,0,none,True,8,7.6,6_24h
DSR-01542,SEG-0026,landslide,51.3,31.7,1319,mountain,weathered_rock,fair,2,national,2,35.84,high,0.6286,1.3672,142,9,debris,True,8,1.0,under_6h
DSR-01292,SEG-0064,landslide,463.5,27.6,2731,mountain,weathered_rock,poor,1,national,1,66.29,very_high,0.7556,1.8706,1069,33,debris,True,8,6.4,6_24h
DSR-01501,SEG-0063,landslide,518.4,25.7,2415,mountain,weathered_rock,good,1,national,0,35.45,high,0.6573,1.7489,3594,63,rock,True,8,10.3,6_24h
DSR-01464,SEG-0037,landslide,215.4,38.7,1405,mountain,weathered_rock,poor,2,state,3,68.38,high,0.691,0.9652,193,23,debris,True,8,1.0,under_6h
DSR-01274,SEG-0064,landslide,329.9,27.6,2731,mountain,weathered_rock,poor,1,national,1,66.29,very_high,0.7556,1.8706,254,16,earth,True,8,1.0,under_6h
DSR-01301,SEG-0012,landslide,431.2,23.6,775,mountain,weathered_rock,fair,2,national,3,30.75,high,0.5759,1.5285,8996,54,rock,True,8,24.4,1_3days
DSR-01508,SEG-0055,landslide,132.0,37.5,1780,mountain,weathered_rock,fair,2,state,3,9.73,very_high,0.7143,6.5776,3198,25,rock,True,8,18.5,6_24h
DSR-01537,SEG-0055,landslide,401.4,37.5,1780,mountain,weathered_rock,fair,2,state,3,9.73,very_high,0.7143,6.5776,3389,56,debris,True,8,5.1,under_6h
DSR-01161,SEG-0017,landslide,535.0,6.0,54,plain,alluvial,good,2,national,0,111.76,low,0.2804,0.0358,1560,40,earth,True,8,1.0,under_6h
DSR-01480,SEG-0052,landslide,370.2,37.0,1662,mountain,weathered_rock,poor,2,state,7,38.08,very_high,0.7503,2.2321,61,5,rock,True,8,1.0,under_6h
DSR-01402,SEG-0058,landslide,390.8,27.3,1002,mountain,weathered_rock,fair,2,national,3,55.82,high,0.626,0.842,3518,80,rock,True,8,13.0,6_24h
DSR-01706,SEG-0035,road_subsidence,227.5,24.0,1216,mountain,weathered_rock,poor,2,national,1,49.37,high,0.6147,1.1951,0,0,none,True,8,245.7,over_3days
DSR-01512,SEG-0028,landslide,165.4,34.8,1023,mountain,weathered_rock,good,2,national,7,46.71,high,0.5668,0.8349,45839,90,rock,True,8,147.2,over_3days
DSR-01261,SEG-0064,landslide,261.1,27.6,2731,mountain,weathered_rock,poor,1,national,1,66.29,very_high,0.7556,1.8706,10397,117,rock,True,8,49.1,1_3days
DSR-01333,SEG-0059,landslide,268.3,35.4,1092,mountain,weathered_rock,fair,2,national,7,61.83,very_high,0.7049,1.3586,35652,66,debris,True,8,50.8,1_3days
DSR-01902,SEG-0015,fallen_tree,122.6,28.7,701,mountain,weathered_rock,fair,2,national,4,75.53,high,0.6753,1.4431,0,0,none,True,8,18.7,6_24h
DSR-01285,SEG-0055,landslide,14.0,37.5,1780,mountain,weathered_rock,fair,2,state,3,9.73,very_high,0.7143,6.5776,58,8,rock,True,8,1.2,under_6h
DSR-01576,SEG-0032,landslide,446.7,37.8,1224,mountain,weathered_rock,fair,2,state,6,50.5,high,0.6374,1.1089,1008,37,rock,True,8,24.6,1_3days
DSR-01621,SEG-0014,landslide,803.4,24.6,1438,mountain,weathered_rock,fair,2,national,5,33.95,high,0.671,3.7408,23457,157,earth,True,8,62.0,1_3days
DSR-01209,SEG-0013,landslide,748.8,37.1,1496,mountain,weathered_rock,poor,2,national,5,35.74,very_high,0.7998,6.2115,8726,100,rock,True,8,31.3,1_3days
DSR-01187,SEG-0035,landslide,595.8,24.0,1216,mountain,weathered_rock,poor,2,national,1,49.37,high,0.6147,1.1951,756,22,earth,True,8,1.8,under_6h
DSR-01280,SEG-0013,landslide,316.5,37.1,1496,mountain,weathered_rock,poor,2,national,5,35.74,very_high,0.7998,6.2115,1196,49,rock,True,8,3.7,under_6h
DSR-01198,SEG-0066,landslide,125.4,40.9,1099,mountain,weathered_rock,fair,1,state,1,40.68,very_high,0.7302,2.1141,10427,62,rock,True,8,292.7,over_3days
DSR-02027,SEG-0005,accident_blockage,70.1,2.7,57,plain,alluvial,good,4,national,2,97.15,low,0.2605,0.0206,0,0,none,True,8,22.6,6_24h
DSR-01304,SEG-0037,landslide,29.1,38.7,1405,mountain,weathered_rock,poor,2,state,3,68.38,high,0.691,0.9652,168,21,debris,True,8,1.0,under_6h
DSR-01505,SEG-0026,landslide,474.6,31.7,1319,mountain,weathered_rock,fair,2,national,2,35.84,high,0.6286,1.3672,3996,77,debris,True,8,11.0,6_24h
DSR-01288,SEG-0013,landslide,910.0,37.1,1496,mountain,weathered_rock,poor,2,national,5,35.74,very_high,0.7998,6.2115,10790,108,debris,True,8,14.2,6_24h
DSR-01499,SEG-0015,landslide,907.3,28.7,701,mountain,weathered_rock,fair,2,national,4,75.53,high,0.6753,1.4431,1557,54,rock,True,8,4.3,under_6h
DSR-01195,SEG-0061,landslide,282.8,24.2,386,mountain,weathered_rock,fair,2,national,4,53.47,high,0.5826,1.1969,1425,33,earth,True,8,2.4,under_6h
DSR-01347,SEG-0013,landslide,706.2,37.1,1496,mountain,weathered_rock,poor,2,national,5,35.74,very_high,0.7998,6.2115,2100,32,rock,True,8,12.6,6_24h
DSR-01558,SEG-0058,landslide,334.9,27.3,1002,mountain,weathered_rock,fair,2,national,3,55.82,high,0.626,0.842,938,26,rock,True,8,1.6,under_6h
DSR-01319,SEG-0049,landslide,151.2,22.3,1450,mountain,weathered_rock,fair,1,national,1,20.47,high,0.6253,2.1006,1962,32,rock,True,8,13.9,6_24h
DSR-01586,SEG-0070,landslide,89.9,17.5,123,hilly,lateritic,good,2,state,2,93.38,low,0.3544,0.1606,17494,129,rock,True,8,85.8,over_3days
DSR-01471,SEG-0037,landslide,435.0,38.7,1405,mountain,weathered_rock,poor,2,state,3,68.38,high,0.691,0.9652,1324,22,rock,True,8,12.7,6_24h
DSR-01513,SEG-0026,landslide,189.9,31.7,1319,mountain,weathered_rock,fair,2,national,2,35.84,high,0.6286,1.3672,1230,36,earth,True,8,1.0,under_6h
DSR-01287,SEG-0063,landslide,188.5,25.7,2415,mountain,weathered_rock,good,1,national,0,35.45,high,0.6573,1.7489,560,13,earth,True,8,2.2,under_6h
DSR-01440,SEG-0005,landslide,420.6,2.7,57,plain,alluvial,good,4,national,2,97.15,low,0.2605,0.0206,803,20,earth,True,9,1.0,under_6h
DSR-01213,SEG-0014,landslide,213.6,24.6,1438,mountain,weathered_rock,fair,2,national,5,33.95,high,0.671,3.7408,959,46,earth,True,9,1.0,under_6h
DSR-01595,SEG-0023,landslide,175.5,23.6,1061,mountain,weathered_rock,fair,2,national,0,27.48,moderate,0.546,1.0917,21504,61,debris,True,9,28.2,1_3days
DSR-02266,SEG-0051,fallen_tree,20.5,40.0,1250,mountain,weathered_rock,good,1,national,4,14.39,very_high,0.7423,3.0577,0,0,none,True,9,8.5,6_24h
DSR-02160,SEG-0063,flood,400.0,25.7,2415,mountain,weathered_rock,good,1,national,0,35.45,high,0.6573,1.7489,0,0,none,True,9,138.7,over_3days
DSR-01826,SEG-0006,protest_blockade,175.8,1.5,69,plain,alluvial,fair,4,national,0,33.98,low,0.268,0.0294,0,0,none,True,9,4.7,under_6h
DSR-02122,SEG-0064,fallen_tree,190.5,27.6,2731,mountain,weathered_rock,poor,1,national,1,66.29,very_high,0.7556,1.8706,0,0,none,True,9,12.5,6_24h
DSR-01378,SEG-0046,landslide,124.2,42.0,886,mountain,weathered_rock,fair,2,national,3,52.1,very_high,0.7002,1.2668,2300,25,rock,True,9,6.0,6_24h
DSR-01628,SEG-0046,accident_blockage,162.4,42.0,886,mountain,weathered_rock,fair,2,national,3,52.1,very_high,0.7002,1.2668,0,0,none,True,9,22.5,6_24h
DSR-01544,SEG-0069,landslide,126.2,20.0,352,mountain,weathered_rock,poor,1,state,5,43.86,high,0.564,1.1628,17713,150,debris,True,9,104.5,over_3days
DSR-01897,SEG-0049,flood,635.2,22.3,1450,mountain,weathered_rock,fair,1,national,1,20.47,high,0.6253,2.1006,0,0,none,True,9,60.0,1_3days
DSR-01328,SEG-0023,landslide,516.3,23.6,1061,mountain,weathered_rock,fair,2,national,0,27.48,moderate,0.546,1.0917,1773,28,rock,True,9,3.7,under_6h
DSR-01818,SEG-0052,fallen_tree,42.5,37.0,1662,mountain,weathered_rock,poor,2,state,7,38.08,very_high,0.7503,2.2321,0,0,none,True,9,3.3,under_6h
DSR-01416,SEG-0035,landslide,435.3,24.0,1216,mountain,weathered_rock,poor,2,national,1,49.37,high,0.6147,1.1951,620,26,earth,True,9,1.0,under_6h
DSR-01581,SEG-0062,landslide,295.8,28.8,1247,mountain,weathered_rock,good,1,national,0,44.74,high,0.56,1.0729,8931,66,debris,True,9,11.2,6_24h
DSR-01260,SEG-0029,landslide,68.2,21.4,1260,mountain,weathered_rock,good,2,national,3,44.14,moderate,0.5237,0.589,5084,44,rock,True,9,4.5,under_6h
DSR-01490,SEG-0065,landslide,501.3,24.2,1060,mountain,weathered_rock,fair,1,state,3,49.23,high,0.6127,1.1781,434,19,rock,True,9,2.1,under_6h
DSR-01225,SEG-0068,landslide,292.6,40.7,433,mountain,weathered_rock,poor,1,state,4,66.95,high,0.6745,1.0157,4117,30,debris,True,9,29.1,1_3days
DSR-01338,SEG-0067,landslide,467.9,17.3,231,hilly,lateritic,fair,1,state,2,38.22,moderate,0.4483,0.5233,836,15,rock,True,9,7.9,6_24h
DSR-01801,SEG-0025,fallen_tree,26.2,39.3,1378,mountain,weathered_rock,good,2,national,7,49.09,high,0.6173,1.1204,0,0,none,True,9,8.5,6_24h
DSR-01263,SEG-0014,landslide,84.3,24.6,1438,mountain,weathered_rock,fair,2,national,5,33.95,high,0.671,3.7408,2138,59,rock,True,9,6.8,6_24h
DSR-01443,SEG-0019,landslide,443.5,14.6,337,hilly,lateritic,good,2,national,0,41.98,moderate,0.4436,0.8814,2207,62,rock,True,9,5.0,under_6h
DSR-01496,SEG-0034,landslide,67.0,27.5,891,mountain,weathered_rock,poor,2,national,3,54.94,high,0.6405,1.0193,2655,45,earth,True,9,10.6,6_24h
DSR-01756,SEG-0041,fallen_tree,131.4,16.2,52,hilly,lateritic,good,2,national,2,45.87,low,0.3125,0.3052,0,0,none,True,9,10.9,6_24h
DSR-01298,SEG-0060,landslide,572.7,40.2,620,mountain,weathered_rock,fair,2,national,3,60.75,very_high,0.7497,1.1193,1806,40,debris,True,9,2.8,under_6h
DSR-02035,SEG-0048,flood,540.2,32.0,1650,mountain,weathered_rock,fair,2,national,0,15.63,high,0.6747,3.263,0,0,none,True,9,138.8,over_3days
DSR-01230,SEG-0024,landslide,147.4,22.5,923,mountain,weathered_rock,fair,2,national,4,51.06,high,0.5596,0.5484,5084,65,rock,True,9,12.8,6_24h
DSR-01608,SEG-0018,landslide,92.9,10.2,139,hilly,lateritic,poor,2,national,6,83.56,moderate,0.3867,0.2513,6079,87,rock,True,9,22.8,6_24h
DSR-01144,SEG-0018,landslide,225.1,10.2,139,hilly,lateritic,poor,2,national,6,83.56,moderate,0.3867,0.2513,640,24,debris,True,9,1.0,under_6h
DSR-01126,SEG-0044,landslide,64.5,3.8,23,plain,alluvial,good,2,national,2,50.09,low,0.2667,0.0399,30787,124,rock,True,9,45.5,1_3days
DSR-02221,SEG-0001,protest_blockade,176.0,4.2,87,plain,alluvial,good,4,national,1,216.84,low,0.2231,0.0,0,0,none,True,9,27.3,1_3days
DSR-01152,SEG-0065,landslide,358.2,24.2,1060,mountain,weathered_rock,fair,1,state,3,49.23,high,0.6127,1.1781,518,17,debris,True,9,2.1,under_6h
DSR-01474,SEG-0051,landslide,277.9,40.0,1250,mountain,weathered_rock,good,1,national,4,14.39,very_high,0.7423,3.0577,306,13,rock,True,9,1.0,under_6h
DSR-01562,SEG-0066,landslide,361.4,40.9,1099,mountain,weathered_rock,fair,1,state,1,40.68,very_high,0.7302,2.1141,3767,33,debris,True,10,16.9,6_24h
DSR-01322,SEG-0032,landslide,498.5,37.8,1224,mountain,weathered_rock,fair,2,state,6,50.5,high,0.6374,1.1089,1674,25,debris,True,10,3.8,under_6h
DSR-01130,SEG-0025,landslide,354.8,39.3,1378,mountain,weathered_rock,good,2,national,7,49.09,high,0.6173,1.1204,25,7,debris,True,10,1.0,under_6h
DSR-01200,SEG-0044,landslide,338.6,3.8,23,plain,alluvial,good,2,national,2,50.09,low,0.2667,0.0399,1540,23,earth,True,10,1.0,under_6h
DSR-01759,SEG-0027,flood,363.3,33.3,1348,mountain,weathered_rock,fair,2,national,3,31.75,high,0.6513,1.5118,0,0,none,True,10,113.8,over_3days
DSR-01557,SEG-0029,landslide,531.8,21.4,1260,mountain,weathered_rock,good,2,national,3,44.14,moderate,0.5237,0.589,4305,82,debris,True,10,4.4,under_6h
DSR-01491,SEG-0015,landslide,448.0,28.7,701,mountain,weathered_rock,fair,2,national,4,75.53,high,0.6753,1.4431,965,41,debris,True,10,1.2,under_6h
DSR-01572,SEG-0060,landslide,383.7,40.2,620,mountain,weathered_rock,fair,2,national,3,60.75,very_high,0.7497,1.1193,2670,53,rock,True,10,4.2,under_6h
DSR-02239,SEG-0002,protest_blockade,17.9,4.4,53,plain,alluvial,good,4,national,3,47.71,low,0.2701,0.021,0,0,none,True,10,20.1,6_24h
DSR-01109,SEG-0059,landslide,144.9,35.4,1092,mountain,weathered_rock,fair,2,national,7,61.83,very_high,0.7049,1.3586,517,12,debris,True,10,1.0,under_6h
DSR-01524,SEG-0035,landslide,455.9,24.0,1216,mountain,weathered_rock,poor,2,national,1,49.37,high,0.6147,1.1951,1356,50,rock,True,10,1.1,under_6h
DSR-01529,SEG-0012,landslide,148.1,23.6,775,mountain,weathered_rock,fair,2,national,3,30.75,high,0.5759,1.5285,1592,34,rock,True,10,1.5,under_6h
DSR-01258,SEG-0015,landslide,140.0,28.7,701,mountain,weathered_rock,fair,2,national,4,75.53,high,0.6753,1.4431,10311,47,rock,True,10,50.1,1_3days
DSR-02200,SEG-0053,bridge_damage,291.7,22.5,1675,mountain,weathered_rock,good,2,state,2,6.97,high,0.5856,6.8867,0,0,none,True,10,1565.8,over_3days
DSR-01438,SEG-0013,landslide,103.3,37.1,1496,mountain,weathered_rock,poor,2,national,5,35.74,very_high,0.7998,6.2115,650,31,rock,True,10,1.0,under_6h
DSR-01255,SEG-0062,landslide,494.0,28.8,1247,mountain,weathered_rock,good,1,national,0,44.74,high,0.56,1.0729,1687,49,earth,True,10,1.0,under_6h
DSR-01106,SEG-0050,landslide,209.0,33.3,1250,mountain,weathered_rock,poor,1,national,4,14.76,very_high,0.7245,5.6233,4942,71,rock,True,10,26.9,1_3days
DSR-01933,SEG-0002,protest_blockade,14.0,4.4,53,plain,alluvial,good,4,national,3,47.71,low,0.2701,0.021,0,0,none,True,10,6.0,6_24h
DSR-01539,SEG-0015,landslide,501.7,28.7,701,mountain,weathered_rock,fair,2,national,4,75.53,high,0.6753,1.4431,911,39,debris,True,10,1.0,under_6h
DSR-01468,SEG-0048,landslide,266.4,32.0,1650,mountain,weathered_rock,fair,2,national,0,15.63,high,0.6747,3.263,1813,51,rock,True,10,2.9,under_6h
DSR-01367,SEG-0064,landslide,131.5,27.6,2731,mountain,weathered_rock,poor,1,national,1,66.29,very_high,0.7556,1.8706,118,8,earth,True,11,1.0,under_6h
DSR-01568,SEG-0025,landslide,129.3,39.3,1378,mountain,weathered_rock,good,2,national,7,49.09,high,0.6173,1.1204,482,29,debris,True,11,1.0,under_6h
DSR-02136,SEG-0005,maintenance,24.4,2.7,57,plain,alluvial,good,4,national,2,97.15,low,0.2605,0.0206,0,0,none,True,11,22.7,6_24h
DSR-01394,SEG-0064,landslide,239.1,27.6,2731,mountain,weathered_rock,poor,1,national,1,66.29,very_high,0.7556,1.8706,405,24,rock,True,11,1.5,under_6h
DSR-02065,SEG-0006,fallen_tree,194.6,1.5,69,plain,alluvial,fair,4,national,0,33.98,low,0.268,0.0294,0,0,none,True,12,28.0,1_3days
DSR-01761,SEG-0052,maintenance,1.7,37.0,1662,mountain,weathered_rock,poor,2,state,7,38.08,very_high,0.7503,2.2321,0,0,none,True,12,94.3,over_3days
DSR-02225,SEG-0041,maintenance,8.5,16.2,52,hilly,lateritic,good,2,national,2,45.87,low,0.3125,0.3052,0,0,none,True,12,56.9,1_3days
DSR-01796,SEG-0047,maintenance,50.2,27.7,1650,mountain,weathered_rock,fair,2,national,4,6.8,high,0.6569,10.2941,0,0,none,True,12,8.6,6_24h
DSR-01295,SEG-0064,landslide,49.3,27.6,2731,mountain,weathered_rock,poor,1,national,1,66.29,very_high,0.7556,1.8706,9533,93,debris,True,12,4.5,under_6h
