landslide_id,event_date,fiscal_period,state_code,district_id,district_name,segment_id,highway_code,latitude,longitude,landslide_type,trigger,material,lithology,land_use,volume_m3,runout_distance_m,slope_angle_deg,elevation_m,rainfall_72h_mm,fatalities,injuries,houses_damaged,road_blocked,blockage_duration_hours,severity,source
LS-00001,2015-09-20,2015-16,ML,D-ML-01,East Khasi Hills,SEG-0014,NH-6,25.52765,91.9838,translational_slide,rainfall,rock,sandstone_shale,jhum_cultivation,7475,71,32.1,1438,759.8,0,0,4,True,10.4,moderate,SDMA
LS-00002,2016-06-12,2015-16,NL,D-NL-02,Dimapur,SEG-0021,NH-2,25.80799,93.87535,rotational_slide,seismic,earth,quartzite,barren,5972,69,36.3,794,40.9,0,0,0,False,0.0,moderate,NDMA
LS-00003,2016-07-25,2015-16,AR,D-AR-03,West Kameng,SEG-0064,NH-13-W,27.32956,92.30937,rotational_slide,anthropogenic_cut,earth,phyllite,jhum_cultivation,3208,51,31.6,2731,118.2,0,0,4,True,8.8,moderate,PWD-field
LS-00004,2015-07-08,2015-16,MZ,D-MZ-01,Aizawl,SEG-0037,NH-302,23.57517,93.10269,rotational_slide,rainfall,earth,sandstone_shale,settlement,1960,48,48.7,1405,477.3,0,0,4,True,13.0,moderate,GSI-NLSM
LS-00005,2016-01-05,2015-16,NL,D-NL-03,Mokokchung,SEG-0027,NH-29,26.29828,94.75514,translational_slide,rainfall,rock,gneiss,agriculture,1599,38,38.5,1348,364.8,0,0,5,True,1.5,minor,NDMA
LS-00006,2015-06-23,2015-16,AR,D-AR-09,Dibang Valley,SEG-0066,NH-315,27.94499,96.10981,rotational_slide,rainfall,earth,sandstone_shale,road_cut,1323,51,46.0,1099,603.6,0,0,0,False,0.0,minor,NDMA
LS-00007,2015-01-19,2015-16,AR,D-AR-09,Dibang Valley,SEG-0066,NH-315,28.00239,96.04638,rockfall,anthropogenic_cut,rock,sandstone_shale,jhum_cultivation,2114,21,49.1,1099,76.5,0,0,1,True,18.0,moderate,GSI-NLSM
LS-00008,2016-07-20,2015-16,SK,D-SK-01,Gangtok,SEG-0048,NH-10,27.27898,88.54898,rotational_slide,rainfall,earth,phyllite,settlement,261,22,29.7,1650,577.5,0,0,3,False,0.0,minor,GSI-NLSM
LS-00009,2016-07-25,2015-16,ML,D-ML-01,East Khasi Hills,SEG-0013,NH-6,25.65752,91.88313,mudslide,rainfall,earth,sandstone_shale,barren,62,11,42.6,1496,517.6,0,0,3,False,0.0,minor,SDMA
LS-00010,2015-07-03,2015-16,TR,D-TR-01,West Tripura,SEG-0039,NH-8,24.02434,91.53538,translational_slide,rainfall,rock,siltstone,road_cut,4774,86,30.3,36,144.1,0,0,3,False,0.0,moderate,GSI-NLSM
LS-00011,2016-07-28,2015-16,MZ,D-MZ-01,Aizawl,SEG-0035,NH-306,23.65578,92.74748,debris_flow,rainfall,debris,phyllite,road_cut,12706,67,26.9,1216,368.8,0,0,2,True,19.2,moderate,GSI-NLSM
LS-00012,2015-09-21,2015-16,AS,D-AS-11,Sivasagar,SEG-0010,NH-27,27.35088,94.83649,rotational_slide,rainfall,earth,laterite,barren,8359,103,16.9,102,211.2,5,10,4,False,0.0,catastrophic,PWD-field
LS-00013,2016-07-22,2015-16,AR,D-AR-01,Papum Pare,SEG-0058,NH-13,27.32401,93.71444,rockfall,rainfall,rock,gneiss,agriculture,4194,67,28.6,1002,499.6,0,0,5,False,0.0,moderate,GSI-NLSM
LS-00014,2015-02-28,2015-16,NL,D-NL-01,Kohima,SEG-0025,NH-29,25.92518,94.20103,mudslide,rainfall,earth,sandstone_shale,agriculture,1243,16,43.6,1378,168.2,1,2,2,False,0.0,major,PWD-field
LS-00015,2016-06-22,2015-16,NL,D-NL-01,Kohima,SEG-0022,NH-2,25.61786,94.11722,rotational_slide,rainfall,earth,phyllite,agriculture,359,17,35.5,1252,593.5,0,0,0,True,1.0,minor,NDMA
LS-00016,2015-07-11,2015-16,MN,D-MN-04,Tamenglong,SEG-0029,NH-37,24.94405,93.43573,debris_flow,rainfall,debris,sandstone_shale,jhum_cultivation,2513,23,37.3,1260,381.3,0,0,0,True,5.8,moderate,GSI-NLSM
LS-00017,2015-07-22,2015-16,AR,D-AR-06,West Siang,SEG-0060,NH-13,28.01112,94.33384,translational_slide,rainfall,rock,schist,barren,14145,67,47.3,620,128.3,0,0,2,False,0.0,moderate,GSI-NLSM
LS-00018,2016-06-17,2015-16,SK,D-SK-03,Namchi,SEG-0053,NH-510,27.15325,88.34851,translational_slide,rainfall,rock,schist,barren,269,8,31.7,1675,609.1,0,0,5,True,3.7,minor,SDMA
LS-00019,2015-06-15,2015-16,MN,D-MN-02,Churachandpur,SEG-0031,NH-2-S,24.75839,93.90751,translational_slide,rainfall,rock,phyllite,jhum_cultivation,14027,122,31.6,850,410.3,0,0,1,True,190.5,major,GSI-NLSM
LS-00020,2016-07-09,2015-16,ML,D-ML-01,East Khasi Hills,SEG-0013,NH-6,25.61553,91.89815,debris_flow,rainfall,debris,quartzite,forest,1719,19,53.1,1496,342.8,0,0,4,True,2.1,minor,GSI-NLSM
LS-00021,2016-06-09,2015-16,ML,D-ML-02,West Jaintia Hills,SEG-0015,NH-6,25.09953,92.44447,debris_flow,rainfall,debris,sandstone_shale,agriculture,5638,42,37.9,701,854.2,0,0,2,True,4.2,moderate,PWD-field
LS-00022,2015-05-18,2015-16,AS,D-AS-10,Bongaigaon,SEG-0018,NH-27-SPUR,25.97501,90.48938,debris_flow,rainfall,debris,sandstone_shale,jhum_cultivation,27353,146,8.5,139,472.2,0,0,23,True,15.2,major,GSI-NLSM
LS-00023,2016-07-12,2015-16,MZ,D-MZ-04,Kolasib,SEG-0034,NH-306,23.86171,92.70289,rockfall,rainfall,rock,schist,agriculture,1059,23,34.6,891,299.3,0,0,0,True,8.6,moderate,NDMA
LS-00024,2016-06-24,2015-16,SK,D-SK-01,Gangtok,SEG-0047,NH-10,27.20096,88.52334,translational_slide,rainfall,rock,schist,settlement,1046,21,30.0,1650,351.5,0,0,6,False,0.0,minor,PWD-field
LS-00025,2015-06-11,2015-16,SK,D-SK-03,Namchi,SEG-0054,NH-510,27.21444,88.3062,rotational_slide,rainfall,earth,gneiss,jhum_cultivation,704,30,45.6,1727,237.1,0,0,2,True,2.9,minor,NDMA
LS-00026,2016-09-28,2015-16,MN,D-MN-02,Churachandpur,SEG-0031,NH-2-S,24.65868,93.84561,translational_slide,anthropogenic_cut,rock,quartzite,settlement,307,21,37.4,850,8.4,0,0,0,True,1.9,minor,NDMA
LS-00027,2016-06-02,2015-16,AR,D-AR-03,West Kameng,SEG-0064,NH-13-W,27.35093,92.29588,translational_slide,rainfall,rock,schist,agriculture,6182,86,36.8,2731,515.4,0,0,0,False,0.0,moderate,GSI-NLSM
LS-00028,2015-07-06,2015-16,AS,D-AS-08,Karbi Anglong,SEG-0068,NH-27-DH,25.68152,93.1529,translational_slide,rainfall,rock,schist,settlement,985,31,45.0,433,414.5,0,0,2,False,0.0,minor,SDMA
LS-00029,2016-07-09,2015-16,MN,D-MN-02,Churachandpur,SEG-0031,NH-2-S,24.57623,93.81731,rockfall,rainfall,rock,quartzite,forest,962,29,27.1,850,303.1,0,0,1,True,7.1,moderate,NDMA
LS-00030,2016-11-20,2015-16,AR,D-AR-03,West Kameng,SEG-0064,NH-13-W,27.54657,91.93668,debris_flow,rainfall,debris,sandstone_shale,jhum_cultivation,865,24,34.0,2731,210.6,0,0,6,True,1.8,minor,GSI-NLSM
LS-00031,2015-03-08,2015-16,AR,D-AR-09,Dibang Valley,SEG-0066,NH-315,28.04348,95.97011,debris_flow,rainfall,debris,schist,barren,97,8,47.4,1099,556.9,0,0,2,False,0.0,minor,PWD-field
LS-00032,2015-08-05,2015-16,AS,D-AS-09,Sonitpur,SEG-0056,NH-15,26.79857,93.10483,mudslide,rainfall,earth,sandstone_shale,road_cut,1282,45,20.5,259,552.7,0,0,6,True,1.3,minor,GSI-NLSM
LS-00033,2016-09-01,2015-16,MZ,D-MZ-05,Serchhip,SEG-0036,NH-306,23.24408,92.82649,debris_flow,rainfall,debris,quartzite,jhum_cultivation,11881,49,52.6,1084,460.2,0,0,1,False,0.0,moderate,SDMA
LS-00034,2015-05-07,2015-16,MN,D-MN-04,Tamenglong,SEG-0030,NH-37,24.8262,92.84774,rotational_slide,rainfall,earth,gneiss,jhum_cultivation,4272,41,43.2,642,450.8,0,0,1,True,10.9,moderate,GSI-NLSM
LS-00035,2016-09-18,2015-16,AS,D-AS-08,Karbi Anglong,SEG-0068,NH-27-DH,25.39663,93.06835,translational_slide,rainfall,rock,sandstone_shale,forest,1549,20,54.6,433,477.4,0,0,0,True,10.6,moderate,PWD-field
LS-00036,2016-06-12,2015-16,AS,D-AS-07,Dima Hasao,SEG-0069,NH-27-DH,24.97719,92.87757,rockfall,rainfall,rock,quartzite,agriculture,1317,52,25.2,352,173.7,0,0,2,True,23.2,moderate,SDMA
LS-00037,2015-07-12,2015-16,AS,D-AS-08,Karbi Anglong,SEG-0068,NH-27-DH,25.38466,93.07549,rockfall,rainfall,rock,sandstone_shale,barren,26054,95,53.1,433,160.3,2,10,6,True,369.1,major,GSI-NLSM
LS-00038,2016-05-04,2015-16,ML,D-ML-02,West Jaintia Hills,SEG-0015,NH-6,24.94084,92.53995,rockfall,rainfall,rock,sandstone_shale,jhum_cultivation,2667,69,41.9,701,744.4,0,0,5,True,7.2,moderate,GSI-NLSM
LS-00039,2016-06-16,2015-16,MZ,D-MZ-01,Aizawl,SEG-0035,NH-306,23.49885,92.79278,debris_flow,rainfall,debris,quartzite,agriculture,6468,59,23.8,1216,385.0,0,0,3,False,0.0,moderate,SDMA
LS-00040,2015-06-28,2015-16,AR,D-AR-06,West Siang,SEG-0060,NH-13,28.14059,94.74643,rockfall,toe_erosion,rock,schist,forest,5390,54,38.6,620,30.4,0,0,3,True,23.0,moderate,SDMA
LS-00041,2015-07-12,2015-16,AR,D-AR-04,Lower Subansiri,SEG-0059,NH-13,27.94726,94.18276,debris_flow,rainfall,debris,quartzite,jhum_cultivation,2659,32,49.6,1092,541.1,0,0,3,True,15.5,moderate,GSI-NLSM
LS-00042,2015-07-16,2015-16,AS,D-AS-08,Karbi Anglong,SEG-0068,NH-27-DH,25.66898,93.15243,debris_flow,rainfall,debris,quartzite,jhum_cultivation,4022,42,49.7,433,123.7,0,0,3,False,0.0,moderate,PWD-field
LS-00043,2015-07-02,2015-16,SK,D-SK-02,Mangan,SEG-0050,NH-310,27.55622,88.59056,rockfall,rainfall,rock,gneiss,jhum_cultivation,2309,39,37.2,1250,397.9,0,0,1,True,11.6,moderate,GSI-NLSM
LS-00044,2015-06-24,2015-16,TR,D-TR-02,North Tripura,SEG-0042,NH-8,24.32314,92.03327,rotational_slide,seismic,earth,phyllite,jhum_cultivation,498,30,16.4,45,121.9,0,0,1,True,1.0,minor,NDMA
LS-00045,2016-07-12,2015-16,SK,D-SK-03,Namchi,SEG-0054,NH-510,27.18605,88.33258,debris_flow,rainfall,debris,schist,jhum_cultivation,1617,52,29.2,1727,591.7,0,0,2,False,0.0,minor,NDMA
LS-00046,2015-07-25,2015-16,SK,D-SK-02,Mangan,SEG-0050,NH-310,27.54221,88.55911,mudslide,rainfall,earth,phyllite,settlement,3615,62,39.4,1250,176.6,0,0,1,True,7.2,moderate,PWD-field
LS-00047,2015-08-15,2015-16,ML,D-ML-01,East Khasi Hills,SEG-0014,NH-6,25.46748,92.14576,rotational_slide,anthropogenic_cut,earth,quartzite,forest,9267,73,39.7,1438,62.2,0,0,2,True,9.8,moderate,GSI-NLSM
LS-00048,2016-08-25,2015-16,NL,D-NL-01,Kohima,SEG-0022,NH-2,25.5811,94.12301,earth_flow,rainfall,earth,sandstone_shale,jhum_cultivation,468,18,32.1,1252,520.0,0,0,4,True,1.0,minor,SDMA
LS-00049,2016-05-17,2015-16,MN,D-MN-01,Imphal West,SEG-0032,NH-2-S,24.96243,94.20461,debris_flow,rainfall,debris,phyllite,barren,1276,27,50.3,1224,543.9,0,0,3,False,0.0,minor,PWD-field
LS-00050,2016-08-08,2015-16,MN,D-MN-02,Churachandpur,SEG-0031,NH-2-S,24.6675,93.86406,earth_flow,rainfall,earth,quartzite,settlement,10424,63,32.8,850,452.4,0,0,6,False,0.0,moderate,NDMA
LS-00051,2016-09-26,2015-16,SK,D-SK-01,Gangtok,SEG-0052,NH-510,27.28782,88.54599,debris_flow,rainfall,debris,quartzite,forest,54,11,40.1,1662,555.8,0,0,1,True,1.0,minor,GSI-NLSM
LS-00052,2016-05-20,2015-16,ML,D-ML-01,East Khasi Hills,SEG-0014,NH-6,25.53025,92.02733,rockfall,rainfall,rock,schist,barren,50675,92,38.2,1438,356.3,0,0,4,True,103.2,major,NDMA
LS-00053,2015-05-12,2015-16,MN,D-MN-02,Churachandpur,SEG-0031,NH-2-S,24.4075,93.72671,debris_flow,rainfall,debris,phyllite,settlement,366,29,41.1,850,579.1,0,0,6,False,0.0,minor,NDMA
LS-00054,2016-06-04,2015-16,ML,D-ML-01,East Khasi Hills,SEG-0013,NH-6,25.70691,91.89362,earth_flow,rainfall,earth,sandstone_shale,forest,16250,102,41.7,1496,498.5,0,0,0,False,0.0,moderate,GSI-NLSM
LS-00055,2015-06-21,2015-16,AS,D-AS-06,Cachar,SEG-0033,NH-306,24.50947,92.72803,debris_flow,rainfall,debris,laterite,barren,4709,54,15.8,337,427.5,0,0,5,False,0.0,moderate,NDMA
LS-00056,2016-05-25,2015-16,NL,D-NL-03,Mokokchung,SEG-0027,NH-29,26.30324,94.72923,translational_slide,rainfall,rock,phyllite,jhum_cultivation,32,5,36.5,1348,556.1,0,0,4,False,0.0,minor,SDMA
LS-00057,2016-07-20,2015-16,MZ,D-MZ-01,Aizawl,SEG-0035,NH-306,23.43471,92.81584,rockfall,rainfall,rock,phyllite,agriculture,1067,42,27.5,1216,335.3,0,0,4,True,5.9,minor,NDMA
LS-00058,2015-09-10,2015-16,TR,D-TR-03,Dhalai,SEG-0041,NH-8,23.98738,91.86764,translational_slide,rainfall,rock,phyllite,forest,1874,51,13.3,52,335.9,0,0,0,True,4.9,minor,PWD-field
LS-00059,2015-06-04,2015-16,SK,D-SK-01,Gangtok,SEG-0048,NH-10,27.24115,88.51607,rotational_slide,rainfall,earth,gneiss,barren,2462,24,41.9,1650,172.4,0,0,0,True,6.6,moderate,NDMA
LS-00060,2015-06-05,2015-16,ML,D-ML-04,East Garo Hills,SEG-0020,NH-27-SPUR,25.45768,90.62637,rockfall,toe_erosion,rock,siltstone,settlement,1115,36,22.2,450,100.2,0,0,6,True,2.5,minor,GSI-NLSM
LS-00061,2016-07-05,2015-16,NL,D-NL-04,Wokha,SEG-0026,NH-29,26.10693,94.28409,debris_flow,rainfall,debris,quartzite,road_cut,829,22,43.7,1319,563.3,0,0,0,True,3.8,minor,GSI-NLSM
LS-00062,2015-06-18,2015-16,MN,D-MN-02,Churachandpur,SEG-0031,NH-2-S,24.53001,93.78846,debris_flow,rainfall,debris,schist,road_cut,856,27,35.9,850,293.9,0,0,1,True,2.1,minor,GSI-NLSM
LS-00063,2016-04-21,2015-16,AR,D-AR-07,Lohit,SEG-0067,NH-315,27.75419,95.98381,translational_slide,rainfall,rock,laterite,road_cut,747,41,19.0,231,387.2,0,0,6,False,0.0,minor,SDMA
LS-00064,2015-05-04,2015-16,TR,D-TR-04,South Tripura,SEG-0038,NH-8,23.51209,91.38483,translational_slide,rainfall,rock,siltstone,forest,447,13,8,16,590.9,0,0,0,True,1.0,minor,GSI-NLSM
LS-00065,2015-03-27,2015-16,AS,D-AS-07,Dima Hasao,SEG-0069,NH-27-DH,25.01534,92.91394,debris_flow,rainfall,debris,gneiss,road_cut,5867,67,35.6,352,427.8,5,15,5,True,18.9,catastrophic,PWD-field
LS-00066,2016-08-18,2015-16,AR,D-AR-07,Lohit,SEG-0067,NH-315,27.76248,95.99568,mudslide,rainfall,earth,laterite,forest,1663,36,26.3,231,461.1,0,0,3,True,5.3,minor,SDMA
LS-00067,2016-05-07,2015-16,ML,D-ML-01,East Khasi Hills,SEG-0014,NH-6,25.50837,92.06655,debris_flow,rainfall,debris,gneiss,settlement,2558,68,39.7,1438,536.0,0,0,6,True,3.6,moderate,NDMA
LS-00068,2015-04-13,2015-16,SK,D-SK-01,Gangtok,SEG-0049,NH-310,27.46,88.5585,rotational_slide,anthropogenic_cut,earth,schist,jhum_cultivation,1406,43,30.5,1450,68.6,0,0,5,False,0.0,minor,SDMA
LS-00069,2016-05-24,2015-16,ML,D-ML-04,East Garo Hills,SEG-0020,NH-27-SPUR,25.27617,90.62406,rotational_slide,toe_erosion,earth,phyllite,barren,204,15,23.9,450,63.7,0,0,5,True,1.0,minor,PWD-field
LS-00070,2016-06-04,2015-16,MZ,D-MZ-01,Aizawl,SEG-0037,NH-302,23.6551,92.90541,translational_slide,rainfall,rock,sandstone_shale,agriculture,3898,56,48.8,1405,184.8,0,0,1,True,33.6,moderate,NDMA
LS-00071,2015-08-05,2015-16,AS,D-AS-07,Dima Hasao,SEG-0069,NH-27-DH,25.12801,92.99061,debris_flow,rainfall,debris,phyllite,jhum_cultivation,1294,30,16.2,352,166.4,0,0,5,False,0.0,minor,SDMA
LS-00072,2015-03-02,2015-16,SK,D-SK-01,Gangtok,SEG-0052,NH-510,27.31477,88.56639,rotational_slide,rainfall,earth,quartzite,settlement,1842,52,35.2,1662,197.9,0,0,0,True,3.0,minor,NDMA
LS-00073,2015-09-23,2015-16,SK,D-SK-04,Gyalshing,SEG-0055,NH-510,27.30699,88.24914,rockfall,rainfall,rock,phyllite,agriculture,484,12,35.6,1780,212.9,0,0,0,True,4.1,minor,GSI-NLSM
LS-00074,2016-10-14,2015-16,MZ,D-MZ-01,Aizawl,SEG-0035,NH-306,23.66141,92.73159,rockfall,rainfall,rock,sandstone_shale,settlement,2619,24,27.0,1216,564.7,0,0,0,True,4.1,moderate,GSI-NLSM
LS-00075,2016-07-06,2015-16,AR,D-AR-03,West Kameng,SEG-0064,NH-13-W,27.3152,92.33021,translational_slide,rainfall,rock,phyllite,road_cut,2312,61,27.7,2731,215.1,0,0,3,False,0.0,moderate,PWD-field
LS-00076,2015-09-16,2015-16,AR,D-AR-03,West Kameng,SEG-0064,NH-13-W,27.3224,92.33386,mudslide,rainfall,earth,quartzite,road_cut,1004,25,33.0,2731,249.9,0,0,3,True,3.3,minor,SDMA
LS-00077,2015-06-24,2015-16,SK,D-SK-02,Mangan,SEG-0050,NH-310,27.54829,88.58254,debris_flow,rainfall,debris,schist,barren,889,44,38.4,1250,461.8,0,0,3,True,3.0,minor,GSI-NLSM
LS-00078,2015-02-24,2015-16,AS,D-AS-02,Nagaon,SEG-0070,NH-36,26.3011,92.76708,mudslide,toe_erosion,earth,laterite,forest,141,10,27.6,123,88.4,1,3,1,True,1.0,major,NDMA
LS-00079,2015-07-17,2015-16,ML,D-ML-01,East Khasi Hills,SEG-0013,NH-6,25.78361,91.87846,translational_slide,rainfall,rock,sandstone_shale,jhum_cultivation,710,16,33.3,1496,270.4,0,0,6,True,2.8,minor,GSI-NLSM
LS-00080,2016-07-27,2015-16,AS,D-AS-07,Dima Hasao,SEG-0069,NH-27-DH,25.03254,92.91926,rotational_slide,toe_erosion,earth,schist,road_cut,15148,48,23.9,352,71.6,0,0,5,True,117.3,major,GSI-NLSM
LS-00081,2016-07-11,2015-16,SK,D-SK-01,Gangtok,SEG-0048,NH-10,27.25394,88.51726,debris_flow,rainfall,debris,sandstone_shale,road_cut,4869,77,37.8,1650,555.5,0,0,0,True,13.9,moderate,NDMA
LS-00082,2016-04-21,2015-16,AS,D-AS-08,Karbi Anglong,SEG-0068,NH-27-DH,25.5086,93.10589,debris_flow,rainfall,debris,gneiss,agriculture,963,21,53.9,433,434.9,0,0,4,True,2.2,minor,GSI-NLSM
LS-00083,2015-03-21,2015-16,ML,D-ML-01,East Khasi Hills,SEG-0014,NH-6,25.49579,92.06773,mudslide,rainfall,earth,quartzite,road_cut,522,14,27.6,1438,445.9,0,0,5,True,1.0,minor,SDMA
LS-00084,2015-09-05,2015-16,ML,D-ML-01,East Khasi Hills,SEG-0014,NH-6,25.48551,92.13231,rotational_slide,seismic,earth,schist,settlement,47850,179,28.7,1438,115.7,0,0,8,True,103.4,major,PWD-field
LS-00085,2016-03-23,2015-16,TR,D-TR-03,Dhalai,SEG-0041,NH-8,24.24732,91.99222,debris_flow,rainfall,debris,phyllite,agriculture,669,35,15.6,52,379.8,0,0,2,True,1.0,minor,SDMA
LS-00086,2016-06-02,2015-16,AR,D-AR-01,Papum Pare,SEG-0058,NH-13,27.26369,93.69114,debris_flow,seismic,debris,phyllite,agriculture,2470,25,38.3,1002,85.8,0,0,5,True,8.5,moderate,NDMA
LS-00087,2015-05-17,2015-16,NL,D-NL-01,Kohima,SEG-0025,NH-29,26.02901,94.236,rockfall,rainfall,rock,sandstone_shale,barren,2158,27,48.8,1378,391.9,0,0,0,False,0.0,moderate,SDMA
LS-00088,2015-09-15,2015-16,AS,D-AS-09,Sonitpur,SEG-0062,NH-13-W,26.82019,92.72835,debris_flow,rainfall,debris,sandstone_shale,jhum_cultivation,7426,96,35.6,1247,314.5,0,0,3,True,5.5,moderate,SDMA
LS-00089,2016-07-06,2015-16,SK,D-SK-01,Gangtok,SEG-0049,NH-310,27.45926,88.56364,debris_flow,toe_erosion,debris,phyllite,forest,118,6,23.3,1450,87.6,0,0,4,True,1.0,minor,GSI-NLSM
LS-00090,2016-06-01,2015-16,ML,D-ML-01,East Khasi Hills,SEG-0013,NH-6,25.70135,91.88319,debris_flow,rainfall,debris,sandstone_shale,barren,1855,39,49.3,1496,886.7,0,0,4,True,3.8,minor,GSI-NLSM
LS-00091,2016-08-26,2015-16,ML,D-ML-01,East Khasi Hills,SEG-0013,NH-6,25.85187,91.88631,debris_flow,anthropogenic_cut,debris,sandstone_shale,barren,8048,56,37.4,1496,130.8,0,0,1,False,0.0,moderate,GSI-NLSM
LS-00092,2015-08-27,2015-16,ML,D-ML-01,East Khasi Hills,SEG-0013,NH-6,25.72153,91.88884,mudslide,anthropogenic_cut,earth,schist,road_cut,169,11,48.3,1496,61.9,0,0,3,True,1.0,minor,GSI-NLSM
LS-00093,2016-08-17,2015-16,ML,D-ML-01,East Khasi Hills,SEG-0013,NH-6,25.62695,91.88326,rockfall,rainfall,rock,schist,jhum_cultivation,3614,34,52.6,1496,806.5,0,0,6,True,17.0,moderate,PWD-field
LS-00094,2015-04-10,2015-16,MZ,D-MZ-04,Kolasib,SEG-0034,NH-306,24.17064,92.68264,debris_flow,rainfall,debris,gneiss,forest,674,28,29.9,891,214.7,0,0,1,True,1.3,minor,GSI-NLSM
LS-00095,2016-07-25,2015-16,ML,D-ML-01,East Khasi Hills,SEG-0013,NH-6,25.62938,91.88187,debris_flow,rainfall,debris,quartzite,agriculture,21414,103,51.2,1496,450.6,0,0,2,False,0.0,moderate,GSI-NLSM
LS-00096,2015-10-04,2015-16,AR,D-AR-05,East Siang,SEG-0065,NH-315,28.12638,95.75218,debris_flow,rainfall,debris,quartzite,settlement,1177,42,36.2,1060,134.6,0,0,3,True,4.7,minor,GSI-NLSM
LS-00097,2015-04-04,2015-16,AR,D-AR-09,Dibang Valley,SEG-0066,NH-315,28.05286,95.95889,rockfall,toe_erosion,rock,schist,forest,659,38,53.5,1099,43.2,0,0,2,False,0.0,minor,GSI-NLSM
LS-00098,2016-06-28,2015-16,SK,D-SK-03,Namchi,SEG-0054,NH-510,27.21666,88.32539,translational_slide,anthropogenic_cut,rock,schist,road_cut,38,10,41.0,1727,132.6,0,0,2,False,0.0,minor,NDMA
LS-00099,2015-07-21,2015-16,SK,D-SK-01,Gangtok,SEG-0052,NH-510,27.18403,88.40083,rockfall,rainfall,rock,quartzite,barren,8626,62,39.4,1662,593.0,0,0,2,True,75.7,major,GSI-NLSM
LS-00100,2016-06-28,2015-16,AR,D-AR-01,Papum Pare,SEG-0058,NH-13,27.27491,93.69712,rockfall,rainfall,rock,gneiss,settlement,4125,58,39.5,1002,281.6,0,0,4,False,0.0,moderate,GSI-NLSM
LS-00101,2016-08-01,2015-16,NL,D-NL-01,Kohima,SEG-0022,NH-2,25.57953,94.12359,rockfall,rainfall,rock,schist,jhum_cultivation,4846,69,21.5,1252,442.6,0,0,5,True,18.4,moderate,GSI-NLSM
LS-00102,2016-06-13,2015-16,WB,D-WB-01,Siliguri,SEG-0046,NH-10,27.09054,88.49871,debris_flow,anthropogenic_cut,debris,phyllite,road_cut,3007,56,49.1,886,91.4,0,0,2,False,0.0,moderate,SDMA
LS-00103,2016-07-11,2015-16,ML,D-ML-01,East Khasi Hills,SEG-0013,NH-6,25.86324,91.88067,rockfall,rainfall,rock,sandstone_shale,settlement,3637,73,52.6,1496,450.9,0,0,6,True,22.9,moderate,PWD-field
LS-00104,2016-05-23,2015-16,ML,D-ML-01,East Khasi Hills,SEG-0014,NH-6,25.49717,92.08686,debris_flow,rainfall,debris,schist,jhum_cultivation,2518,68,26.5,1438,881.9,0,0,4,True,4.4,moderate,SDMA
LS-00105,2016-08-26,2015-16,AR,D-AR-05,East Siang,SEG-0065,NH-315,28.10519,95.57663,translational_slide,rainfall,rock,gneiss,agriculture,407,21,36.8,1060,405.8,0,0,6,False,0.0,minor,NDMA
LS-00106,2016-02-12,2015-16,MN,D-MN-02,Churachandpur,SEG-0031,NH-2-S,24.51754,93.76714,rockfall,rainfall,rock,gneiss,agriculture,6152,44,34.9,850,542.4,0,0,3,True,19.5,moderate,PWD-field
LS-00107,2016-06-17,2015-16,TR,D-TR-01,West Tripura,SEG-0039,NH-8,23.96876,91.46829,mudslide,rainfall,earth,laterite,forest,958,15,30.1,36,219.9,2,6,1,False,0.0,major,SDMA
LS-00108,2016-08-15,2015-16,SK,D-SK-01,Gangtok,SEG-0048,NH-10,27.26374,88.52677,rockfall,seismic,rock,quartzite,road_cut,913,16,34.8,1650,15.6,0,0,4,False,0.0,minor,GSI-NLSM
LS-00109,2016-09-09,2015-16,MZ,D-MZ-01,Aizawl,SEG-0037,NH-302,23.60997,92.99725,debris_flow,rainfall,debris,gneiss,settlement,9138,54,49.3,1405,549.9,0,0,3,False,0.0,moderate,GSI-NLSM
LS-00110,2016-05-08,2015-16,MN,D-MN-01,Imphal West,SEG-0028,NH-37,24.89863,93.7372,debris_flow,toe_erosion,debris,phyllite,agriculture,35521,177,36.2,1023,77.1,0,0,14,True,134.8,major,GSI-NLSM
LS-00111,2016-06-17,2015-16,AR,D-AR-03,West Kameng,SEG-0063,NH-13-W,27.18594,92.49332,debris_flow,toe_erosion,debris,gneiss,jhum_cultivation,2050,32,39.4,2415,29.6,0,0,6,True,6.4,moderate,PWD-field
LS-00112,2016-06-25,2015-16,AS,D-AS-08,Karbi Anglong,SEG-0068,NH-27-DH,25.63367,93.14438,mudslide,rainfall,earth,schist,settlement,7109,45,52.3,433,445.2,0,0,2,False,0.0,moderate,SDMA
LS-00113,2015-08-22,2015-16,AR,D-AR-05,East Siang,SEG-0065,NH-315,28.10502,95.69303,rotational_slide,rainfall,earth,phyllite,forest,939,43,23.8,1060,432.1,0,0,2,False,0.0,minor,SDMA
LS-00114,2016-06-19,2015-16,ML,D-ML-02,West Jaintia Hills,SEG-0015,NH-6,24.99939,92.49756,debris_flow,rainfall,debris,gneiss,settlement,15102,68,31.6,701,193.2,0,0,3,True,25.9,moderate,GSI-NLSM
LS-00115,2015-09-17,2015-16,SK,D-SK-04,Gyalshing,SEG-0055,NH-510,27.35622,88.224,rockfall,toe_erosion,rock,gneiss,barren,1683,47,34.5,1780,35.8,0,0,1,True,8.5,moderate,GSI-NLSM
LS-00116,2015-09-05,2015-16,SK,D-SK-04,Gyalshing,SEG-0055,NH-510,27.30305,88.26332,debris_flow,rainfall,debris,gneiss,barren,4307,77,40.0,1780,517.0,0,0,2,False,0.0,moderate,GSI-NLSM
LS-00117,2015-07-18,2015-16,AR,D-AR-01,Papum Pare,SEG-0058,NH-13,27.44448,93.78403,debris_flow,rainfall,debris,sandstone_shale,barren,610,30,38.1,1002,165.6,0,0,1,True,1.2,minor,NDMA
LS-00118,2015-10-26,2015-16,ML,D-ML-01,East Khasi Hills,SEG-0013,NH-6,25.66193,91.89432,translational_slide,rainfall,rock,sandstone_shale,agriculture,7499,84,48.1,1496,484.5,0,0,4,False,0.0,moderate,GSI-NLSM
LS-00119,2016-05-17,2015-16,TR,D-TR-04,South Tripura,SEG-0038,NH-8,23.41263,91.4086,debris_flow,rainfall,debris,laterite,road_cut,4419,35,8,16,256.9,0,0,3,True,5.0,moderate,GSI-NLSM
LS-00120,2015-07-13,2015-16,ML,D-ML-01,East Khasi Hills,SEG-0013,NH-6,25.68377,91.88651,debris_flow,rainfall,debris,schist,settlement,154,21,35.8,1496,292.6,0,0,3,True,1.0,minor,GSI-NLSM
LS-00121,2015-07-17,2015-16,AS,D-AS-06,Cachar,SEG-0033,NH-306,24.6658,92.74412,rotational_slide,rainfall,earth,sandstone_shale,settlement,2405,28,22.0,337,418.1,9,27,0,False,0.0,catastrophic,GSI-NLSM
LS-00122,2016-09-13,2015-16,ML,D-ML-01,East Khasi Hills,SEG-0014,NH-6,25.48572,92.10421,debris_flow,rainfall,debris,gneiss,road_cut,4710,56,29.6,1438,563.4,0,0,3,False,0.0,moderate,GSI-NLSM
LS-00123,2016-10-13,2015-16,MZ,D-MZ-04,Kolasib,SEG-0034,NH-306,24.10205,92.69159,debris_flow,rainfall,debris,schist,settlement,6203,83,34.5,891,258.9,0,0,3,True,6.0,moderate,NDMA
LS-00124,2015-02-27,2015-16,SK,D-SK-04,Gyalshing,SEG-0055,NH-510,27.30326,88.25126,rotational_slide,rainfall,earth,gneiss,barren,3396,52,35.4,1780,533.2,0,0,4,True,6.8,moderate,GSI-NLSM
LS-00125,2015-04-22,2015-16,MZ,D-MZ-04,Kolasib,SEG-0034,NH-306,23.87343,92.70392,rockfall,rainfall,rock,sandstone_shale,jhum_cultivation,1715,57,33.5,891,220.3,0,0,3,True,2.6,minor,GSI-NLSM
LS-00126,2016-08-22,2015-16,MZ,D-MZ-04,Kolasib,SEG-0034,NH-306,24.0184,92.70426,rockfall,rainfall,rock,sandstone_shale,road_cut,123,17,29.7,891,145.9,0,0,5,False,0.0,minor,NDMA
LS-00127,2016-06-14,2015-16,MZ,D-MZ-01,Aizawl,SEG-0037,NH-302,23.68124,92.81779,translational_slide,rainfall,rock,phyllite,barren,1678,44,42.3,1405,501.9,0,0,4,False,0.0,minor,PWD-field
LS-00128,2016-07-27,2015-16,NL,D-NL-02,Dimapur,SEG-0021,NH-2,25.76355,93.96928,rockfall,rainfall,rock,sandstone_shale,barren,4394,66,43.7,794,125.2,0,0,6,False,0.0,moderate,GSI-NLSM
LS-00129,2016-10-02,2015-16,MZ,D-MZ-05,Serchhip,SEG-0036,NH-306,23.12065,92.79133,debris_flow,rainfall,debris,gneiss,road_cut,5101,93,52.6,1084,552.9,0,0,2,True,5.1,moderate,SDMA
LS-00130,2015-06-02,2015-16,ML,D-ML-01,East Khasi Hills,SEG-0014,NH-6,25.50768,92.07335,rockfall,anthropogenic_cut,rock,quartzite,forest,1328,46,40.1,1438,101.5,0,0,2,False,0.0,minor,NDMA
LS-00131,2015-10-23,2015-16,ML,D-ML-02,West Jaintia Hills,SEG-0015,NH-6,25.1252,92.42578,debris_flow,rainfall,debris,gneiss,jhum_cultivation,185,14,27.0,701,847.7,0,0,2,False,0.0,minor,SDMA
LS-00132,2015-11-11,2015-16,ML,D-ML-01,East Khasi Hills,SEG-0014,NH-6,25.54025,91.9834,mudslide,rainfall,earth,sandstone_shale,road_cut,3486,66,40.1,1438,243.3,0,0,3,False,0.0,moderate,GSI-NLSM
LS-00133,2015-07-26,2015-16,MZ,D-MZ-01,Aizawl,SEG-0035,NH-306,23.40069,92.81456,debris_flow,rainfall,debris,gneiss,road_cut,1711,58,37.8,1216,158.8,2,0,1,False,0.0,major,GSI-NLSM
LS-00134,2015-05-23,2015-16,ML,D-ML-01,East Khasi Hills,SEG-0013,NH-6,25.84527,91.88198,translational_slide,anthropogenic_cut,rock,schist,road_cut,25,8,52.7,1496,129.0,0,0,4,True,1.0,minor,GSI-NLSM
LS-00135,2015-04-12,2015-16,SK,D-SK-01,Gangtok,SEG-0052,NH-510,27.19264,88.41944,rotational_slide,seismic,earth,schist,forest,1458,52,43.0,1662,11.4,0,0,6,True,7.1,moderate,SDMA
LS-00136,2015-05-03,2015-16,MN,D-MN-01,Imphal West,SEG-0032,NH-2-S,24.84678,93.98662,rockfall,rainfall,rock,phyllite,road_cut,116,16,35.7,1224,276.1,0,0,3,False,0.0,minor,GSI-NLSM
LS-00137,2016-09-04,2015-16,SK,D-SK-04,Gyalshing,SEG-0055,NH-510,27.30354,88.25953,debris_flow,rainfall,debris,phyllite,agriculture,570,31,40.0,1780,237.0,0,0,2,False,0.0,minor,NDMA
LS-00138,2016-04-14,2015-16,AS,D-AS-06,Cachar,SEG-0033,NH-306,24.59218,92.74712,rockfall,rainfall,rock,sandstone_shale,road_cut,9645,54,22.0,337,445.8,0,0,5,False,0.0,moderate,GSI-NLSM
LS-00139,2016-08-17,2015-16,AR,D-AR-06,West Siang,SEG-0061,NH-13,28.0735,95.2685,translational_slide,rainfall,rock,quartzite,road_cut,77797,242,22.9,386,214.1,0,4,21,True,608.4,major,SDMA
LS-00140,2015-09-08,2015-16,MN,D-MN-01,Imphal West,SEG-0028,NH-37,24.89686,93.74624,debris_flow,rainfall,debris,quartzite,settlement,1455,17,49.6,1023,514.8,0,0,5,False,0.0,minor,GSI-NLSM
LS-00141,2016-05-20,2015-16,AS,D-AS-07,Dima Hasao,SEG-0069,NH-27-DH,25.05092,92.92239,rotational_slide,rainfall,earth,sandstone_shale,settlement,655,36,35.7,352,170.9,0,0,3,True,1.9,minor,GSI-NLSM
LS-00142,2016-09-04,2015-16,ML,D-ML-01,East Khasi Hills,SEG-0014,NH-6,25.4697,92.16706,debris_flow,rainfall,debris,quartzite,agriculture,245,22,22.6,1438,266.6,0,0,4,True,1.0,minor,NDMA
LS-00143,2015-06-01,2015-16,ML,D-ML-01,East Khasi Hills,SEG-0013,NH-6,25.87981,91.87159,translational_slide,rainfall,rock,sandstone_shale,barren,8423,105,51.4,1496,912.4,0,0,4,True,26.6,moderate,SDMA
LS-00144,2015-03-28,2015-16,SK,D-SK-02,Mangan,SEG-0050,NH-310,27.52544,88.56801,debris_flow,rainfall,debris,quartzite,forest,944,37,48.2,1250,415.4,0,0,2,False,0.0,minor,PWD-field
LS-00145,2016-05-02,2015-16,AR,D-AR-06,West Siang,SEG-0060,NH-13,28.0778,94.55429,debris_flow,rainfall,debris,schist,road_cut,12079,70,46.7,620,495.0,0,0,2,True,38.7,moderate,NDMA
LS-00146,2015-10-25,2015-16,MN,D-MN-04,Tamenglong,SEG-0030,NH-37,24.81868,93.03304,translational_slide,rainfall,rock,phyllite,forest,37262,114,49.8,642,232.8,0,0,7,True,88.8,major,GSI-NLSM
LS-00147,2016-05-15,2015-16,MZ,D-MZ-01,Aizawl,SEG-0037,NH-302,23.55962,93.10755,debris_flow,rainfall,debris,quartzite,forest,264,18,41.1,1405,500.1,0,0,4,False,0.0,minor,GSI-NLSM
LS-00148,2015-06-24,2015-16,SK,D-SK-04,Gyalshing,SEG-0055,NH-510,27.3416,88.22331,debris_flow,rainfall,debris,gneiss,barren,581,22,35.8,1780,285.0,0,0,3,False,0.0,minor,NDMA
LS-00149,2016-07-23,2015-16,SK,D-SK-01,Gangtok,SEG-0052,NH-510,27.141,88.34304,rockfall,rainfall,rock,sandstone_shale,agriculture,473,17,45.5,1662,581.2,0,0,3,False,0.0,minor,SDMA
LS-00150,2015-07-02,2015-16,AS,D-AS-07,Dima Hasao,SEG-0069,NH-27-DH,24.86008,92.81447,rotational_slide,rainfall,earth,sandstone_shale,settlement,2265,30,16.7,352,304.5,0,0,1,False,0.0,moderate,GSI-NLSM
LS-00151,2016-06-01,2015-16,AS,D-AS-08,Karbi Anglong,SEG-0068,NH-27-DH,25.3369,93.06271,rockfall,rainfall,rock,schist,barren,8753,58,41.0,433,470.4,0,0,5,True,145.3,major,GSI-NLSM
LS-00152,2016-10-14,2015-16,SK,D-SK-01,Gangtok,SEG-0048,NH-10,27.33595,88.59068,translational_slide,rainfall,rock,sandstone_shale,road_cut,12335,68,29.2,1650,303.6,0,0,5,True,13.2,moderate,GSI-NLSM
LS-00153,2016-04-26,2015-16,NL,D-NL-02,Dimapur,SEG-0021,NH-2,25.84306,93.83238,mudslide,rainfall,earth,quartzite,jhum_cultivation,571,20,34.1,794,192.3,0,0,5,True,1.0,minor,NDMA
LS-00154,2016-06-05,2015-16,MN,D-MN-01,Imphal West,SEG-0032,NH-2-S,24.90628,94.11771,debris_flow,toe_erosion,debris,gneiss,barren,4878,42,44.2,1224,118.6,0,0,6,False,0.0,moderate,NDMA
LS-00155,2015-09-06,2015-16,AR,D-AR-03,West Kameng,SEG-0064,NH-13-W,27.52623,91.96037,debris_flow,anthropogenic_cut,debris,quartzite,forest,150,16,38.2,2731,53.8,0,0,0,True,1.0,minor,PWD-field
LS-00156,2016-07-11,2015-16,SK,D-SK-01,Gangtok,SEG-0047,NH-10,27.21372,88.51315,translational_slide,anthropogenic_cut,rock,schist,road_cut,8971,98,42.5,1650,103.8,0,0,1,False,0.0,moderate,NDMA
LS-00157,2015-04-20,2015-16,SK,D-SK-01,Gangtok,SEG-0052,NH-510,27.13679,88.33568,rockfall,rainfall,rock,sandstone_shale,forest,2077,25,41.9,1662,362.9,0,0,0,False,0.0,moderate,GSI-NLSM
LS-00158,2015-08-23,2015-16,NL,D-NL-04,Wokha,SEG-0026,NH-29,26.26875,94.44406,rotational_slide,anthropogenic_cut,earth,phyllite,agriculture,1579,40,40.0,1319,94.4,0,0,2,False,0.0,minor,SDMA
LS-00159,2016-09-17,2015-16,AR,D-AR-05,East Siang,SEG-0065,NH-315,28.08401,95.49999,rockfall,rainfall,rock,phyllite,settlement,421,12,22.9,1060,456.6,0,0,5,True,2.3,minor,GSI-NLSM
LS-00160,2015-08-10,2015-16,NL,D-NL-02,Dimapur,SEG-0021,NH-2,25.87373,93.79061,rockfall,rainfall,rock,quartzite,settlement,429,27,41.9,794,473.6,0,0,0,True,2.0,minor,SDMA
LS-00161,2015-06-23,2015-16,SK,D-SK-01,Gangtok,SEG-0047,NH-10,27.17854,88.52352,rockfall,rainfall,rock,gneiss,barren,2310,40,34.7,1650,254.0,0,0,6,False,0.0,moderate,GSI-NLSM
LS-00162,2016-08-09,2015-16,ML,D-ML-01,East Khasi Hills,SEG-0013,NH-6,25.80133,91.87991,translational_slide,rainfall,rock,quartzite,settlement,1997,48,38.0,1496,314.6,0,0,4,True,11.9,moderate,GSI-NLSM
LS-00163,2015-10-13,2015-16,WB,D-WB-01,Siliguri,SEG-0046,NH-10,27.03505,88.47988,debris_flow,rainfall,debris,phyllite,road_cut,2863,61,53.4,886,174.1,0,0,1,False,0.0,moderate,SDMA
LS-00164,2015-07-03,2015-16,MN,D-MN-01,Imphal West,SEG-0028,NH-37,24.87638,93.80629,rotational_slide,rainfall,earth,phyllite,forest,6620,56,45.9,1023,410.0,0,0,1,False,0.0,moderate,GSI-NLSM
LS-00165,2015-08-11,2015-16,ML,D-ML-02,West Jaintia Hills,SEG-0015,NH-6,25.35675,92.27305,rockfall,anthropogenic_cut,rock,quartzite,agriculture,1818,45,37.1,701,120.6,0,0,6,True,8.1,moderate,GSI-NLSM
LS-00166,2016-07-19,2015-16,SK,D-SK-01,Gangtok,SEG-0052,NH-510,27.27436,88.51258,translational_slide,rainfall,rock,sandstone_shale,agriculture,6961,67,33.9,1662,377.2,0,0,4,True,125.4,major,PWD-field
LS-00167,2016-04-12,2015-16,MN,D-MN-01,Imphal West,SEG-0028,NH-37,24.86603,93.81544,rockfall,rainfall,rock,quartzite,settlement,3144,34,41.3,1023,350.9,0,0,4,True,8.5,moderate,GSI-NLSM
LS-00168,2015-08-26,2015-16,NL,D-NL-04,Wokha,SEG-0026,NH-29,26.20228,94.37488,debris_flow,toe_erosion,debris,quartzite,forest,6723,86,37.9,1319,137.5,0,0,2,False,0.0,moderate,GSI-NLSM
LS-00169,2016-04-20,2015-16,ML,D-ML-03,West Garo Hills,SEG-0019,NH-27-SPUR,25.50204,90.53806,translational_slide,rainfall,rock,siltstone,barren,21042,151,12.9,337,554.2,0,0,3,True,38.1,moderate,PWD-field
LS-00170,2016-08-21,2015-16,SK,D-SK-04,Gyalshing,SEG-0055,NH-510,27.33446,88.2484,translational_slide,rainfall,rock,gneiss,forest,670,15,34.2,1780,359.5,0,0,2,True,4.1,minor,NDMA
LS-00171,2015-07-05,2015-16,MN,D-MN-05,Senapati,SEG-0023,NH-2,25.38632,94.06333,debris_flow,rainfall,debris,sandstone_shale,barren,26370,155,23.7,1061,422.5,0,3,16,True,73.1,major,GSI-NLSM
LS-00172,2016-01-27,2015-16,ML,D-ML-01,East Khasi Hills,SEG-0014,NH-6,25.50865,92.06099,debris_flow,rainfall,debris,phyllite,road_cut,2224,35,38.2,1438,229.4,0,0,2,False,0.0,moderate,GSI-NLSM
LS-00173,2016-07-16,2015-16,AR,D-AR-06,West Siang,SEG-0061,NH-13,28.14766,94.91823,translational_slide,rainfall,rock,quartzite,forest,1719,22,29.9,386,365.5,0,0,2,True,5.2,minor,PWD-field
LS-00174,2015-08-06,2015-16,ML,D-ML-01,East Khasi Hills,SEG-0013,NH-6,25.7385,91.89002,debris_flow,rainfall,debris,schist,jhum_cultivation,3340,65,35.1,1496,904.3,0,0,2,True,6.2,moderate,GSI-NLSM
LS-00175,2015-05-23,2015-16,AR,D-AR-06,West Siang,SEG-0060,NH-13,28.0032,94.27652,debris_flow,anthropogenic_cut,debris,phyllite,road_cut,1144,15,42.7,620,36.3,0,0,1,True,4.2,minor,PWD-field
LS-00176,2015-08-25,2015-16,NL,D-NL-04,Wokha,SEG-0026,NH-29,26.26227,94.43918,debris_flow,rainfall,debris,schist,settlement,16437,67,35.6,1319,446.2,0,0,1,False,0.0,moderate,NDMA
LS-00177,2016-03-03,2015-16,NL,D-NL-03,Mokokchung,SEG-0027,NH-29,26.28624,94.73871,debris_flow,rainfall,debris,phyllite,road_cut,3881,57,32.1,1348,348.7,0,0,2,False,0.0,moderate,SDMA
LS-00178,2016-06-09,2015-16,SK,D-SK-02,Mangan,SEG-0050,NH-310,27.51126,88.54743,rockfall,rainfall,rock,sandstone_shale,agriculture,607,21,40.2,1250,242.5,0,0,4,False,0.0,minor,SDMA
LS-00179,2015-09-01,2015-16,ML,D-ML-01,East Khasi Hills,SEG-0013,NH-6,25.79838,91.88988,rockfall,rainfall,rock,phyllite,barren,1598,38,38.1,1496,605.0,0,0,3,False,0.0,minor,SDMA
LS-00180,2016-06-05,2015-16,MZ,D-MZ-04,Kolasib,SEG-0034,NH-306,23.78447,92.71852,rockfall,rainfall,rock,sandstone_shale,forest,2716,39,33.4,891,173.4,0,0,6,True,8.9,moderate,GSI-NLSM
LS-00181,2015-05-03,2015-16,ML,D-ML-01,East Khasi Hills,SEG-0013,NH-6,25.81961,91.87358,debris_flow,rainfall,debris,quartzite,agriculture,3374,69,38.3,1496,745.3,0,0,0,True,3.0,moderate,GSI-NLSM
LS-00182,2016-06-13,2015-16,ML,D-ML-02,West Jaintia Hills,SEG-0015,NH-6,24.92543,92.54995,debris_flow,seismic,debris,phyllite,agriculture,3267,41,34.4,701,1.2,0,0,6,False,0.0,moderate,GSI-NLSM
LS-00183,2015-05-12,2015-16,ML,D-ML-01,East Khasi Hills,SEG-0014,NH-6,25.5244,92.03734,rotational_slide,rainfall,earth,quartzite,forest,136590,176,39.1,1438,294.3,0,1,25,True,125.9,major,NDMA
LS-00184,2015-05-10,2015-16,AR,D-AR-06,West Siang,SEG-0061,NH-13,28.12733,94.99416,debris_flow,rainfall,debris,sandstone_shale,jhum_cultivation,324,20,29.0,386,181.8,0,0,3,True,1.0,minor,NDMA
LS-00185,2015-06-09,2015-16,MZ,D-MZ-01,Aizawl,SEG-0037,NH-302,23.51312,93.21754,rockfall,rainfall,rock,schist,road_cut,3675,44,38.1,1405,455.7,0,0,1,False,0.0,moderate,GSI-NLSM
LS-00186,2015-08-08,2015-16,SK,D-SK-02,Mangan,SEG-0050,NH-310,27.56655,88.59009,debris_flow,rainfall,debris,phyllite,forest,24330,162,47.0,1250,537.2,0,0,3,False,0.0,moderate,GSI-NLSM
LS-00187,2015-07-28,2015-16,MZ,D-MZ-04,Kolasib,SEG-0034,NH-306,24.15266,92.68263,debris_flow,rainfall,debris,schist,jhum_cultivation,54,5,41.9,891,498.6,0,0,3,False,0.0,minor,NDMA
LS-00188,2015-06-19,2015-16,AR,D-AR-06,West Siang,SEG-0061,NH-13,28.11491,95.06956,debris_flow,rainfall,debris,schist,road_cut,40052,210,30.6,386,205.4,5,13,30,True,143.8,catastrophic,GSI-NLSM
LS-00189,2015-08-25,2015-16,ML,D-ML-01,East Khasi Hills,SEG-0013,NH-6,25.83535,91.87913,rockfall,rainfall,rock,gneiss,jhum_cultivation,839,29,51.8,1496,585.6,0,0,0,True,1.8,minor,PWD-field
LS-00190,2016-06-04,2015-16,SK,D-SK-01,Gangtok,SEG-0052,NH-510,27.26752,88.51395,debris_flow,rainfall,debris,quartzite,agriculture,1033,46,36.0,1662,220.7,0,0,6,True,9.1,moderate,GSI-NLSM
LS-00191,2015-06-17,2015-16,NL,D-NL-04,Wokha,SEG-0026,NH-29,26.2893,94.4873,rotational_slide,rainfall,earth,schist,barren,4694,62,29.3,1319,600.7,0,0,1,False,0.0,moderate,SDMA
LS-00192,2016-08-20,2015-16,ML,D-ML-02,West Jaintia Hills,SEG-0015,NH-6,25.31459,92.29035,debris_flow,rainfall,debris,schist,settlement,181,10,29.9,701,752.4,0,0,6,False,0.0,minor,GSI-NLSM
LS-00193,2015-08-11,2015-16,ML,D-ML-02,West Jaintia Hills,SEG-0015,NH-6,24.94963,92.54532,rockfall,rainfall,rock,gneiss,road_cut,16801,142,31.3,701,420.9,0,0,4,True,52.4,moderate,PWD-field
LS-00194,2016-05-08,2015-16,AR,D-AR-05,East Siang,SEG-0065,NH-315,28.08112,95.43965,rockfall,rainfall,rock,phyllite,agriculture,461,25,23.6,1060,557.3,0,0,4,True,3.9,minor,SDMA
LS-00195,2016-04-10,2015-16,WB,D-WB-01,Siliguri,SEG-0046,NH-10,26.80915,88.42966,debris_flow,anthropogenic_cut,debris,phyllite,forest,1064,21,54.6,886,65.0,0,0,1,False,0.0,minor,GSI-NLSM
LS-00196,2015-08-18,2015-16,SK,D-SK-03,Namchi,SEG-0054,NH-510,27.21946,88.30493,debris_flow,anthropogenic_cut,debris,sandstone_shale,jhum_cultivation,574,20,45.5,1727,123.3,1,3,0,False,0.0,major,PWD-field
LS-00197,2015-05-10,2015-16,MZ,D-MZ-05,Serchhip,SEG-0036,NH-306,23.24874,92.83225,translational_slide,rainfall,rock,gneiss,barren,1464,20,39.1,1084,302.3,0,0,1,True,2.8,minor,GSI-NLSM
LS-00198,2016-08-07,2015-16,ML,D-ML-02,West Jaintia Hills,SEG-0015,NH-6,25.22443,92.34877,debris_flow,rainfall,debris,quartzite,settlement,1739,32,39.6,701,475.1,0,0,1,False,0.0,minor,GSI-NLSM
LS-00199,2016-07-05,2015-16,ML,D-ML-02,West Jaintia Hills,SEG-0015,NH-6,24.9699,92.52275,debris_flow,rainfall,debris,gneiss,forest,9165,105,27.7,701,796.3,0,0,5,True,14.0,moderate,SDMA
LS-00200,2016-07-06,2015-16,AR,D-AR-06,West Siang,SEG-0060,NH-13,28.02148,94.32236,rockfall,rainfall,rock,gneiss,jhum_cultivation,1122,30,43.6,620,361.3,0,0,0,False,0.0,minor,SDMA
LS-00201,2016-06-03,2015-16,AR,D-AR-05,East Siang,SEG-0065,NH-315,28.10002,95.55951,debris_flow,rainfall,debris,quartzite,jhum_cultivation,7365,57,25.9,1060,131.8,0,0,0,True,54.2,moderate,GSI-NLSM
LS-00202,2016-06-10,2015-16,AS,D-AS-09,Sonitpur,SEG-0062,NH-13-W,26.90772,92.68492,debris_flow,rainfall,debris,sandstone_shale,agriculture,2282,51,38.1,1247,323.1,0,0,3,True,6.3,moderate,PWD-field
LS-00203,2015-07-23,2015-16,SK,D-SK-01,Gangtok,SEG-0052,NH-510,27.21864,88.45568,mudslide,rainfall,earth,sandstone_shale,agriculture,9319,89,52.5,1662,410.6,0,0,6,False,0.0,moderate,SDMA
LS-00204,2015-06-21,2015-16,MN,D-MN-05,Senapati,SEG-0024,NH-2,25.2058,94.01083,debris_flow,rainfall,debris,gneiss,settlement,46249,171,37.4,923,246.7,0,3,22,True,128.4,major,GSI-NLSM
LS-00205,2016-08-27,2015-16,TR,D-TR-02,North Tripura,SEG-0042,NH-8,24.3269,92.07284,translational_slide,toe_erosion,rock,siltstone,barren,4051,78,8.0,45,16.4,0,0,2,True,7.1,moderate,NDMA
LS-00206,2015-09-28,2015-16,MN,D-MN-05,Senapati,SEG-0024,NH-2,25.18458,94.01406,rockfall,anthropogenic_cut,rock,sandstone_shale,barren,9834,68,24.7,923,95.9,0,0,1,False,0.0,moderate,NDMA
LS-00207,2016-09-12,2015-16,MZ,D-MZ-04,Kolasib,SEG-0034,NH-306,23.98232,92.6892,translational_slide,rainfall,rock,gneiss,forest,9580,51,37.5,891,510.2,0,0,1,True,13.9,moderate,GSI-NLSM
LS-00208,2015-08-24,2015-16,AR,D-AR-03,West Kameng,SEG-0064,NH-13-W,27.49506,92.01138,debris_flow,anthropogenic_cut,debris,schist,barren,3568,51,25.7,2731,75.1,0,0,2,False,0.0,moderate,NDMA
LS-00209,2015-08-04,2015-16,MZ,D-MZ-04,Kolasib,SEG-0034,NH-306,23.83301,92.70175,rockfall,rainfall,rock,gneiss,jhum_cultivation,4111,38,24.8,891,434.2,0,0,1,True,25.8,moderate,NDMA
LS-00210,2015-10-14,2015-16,ML,D-ML-01,East Khasi Hills,SEG-0014,NH-6,25.55981,91.94443,debris_flow,rainfall,debris,phyllite,barren,1214,44,25.6,1438,693.6,0,0,1,True,2.0,minor,NDMA
LS-00211,2015-07-01,2015-16,AS,D-AS-09,Sonitpur,SEG-0062,NH-13-W,26.71976,92.76903,rockfall,rainfall,rock,phyllite,road_cut,63,12,34.3,1247,543.0,0,0,1,True,1.0,minor,SDMA
LS-00212,2016-07-12,2015-16,AS,D-AS-01,Kamrup Metropolitan,SEG-0012,NH-6,25.92208,91.86214,rockfall,rainfall,rock,quartzite,settlement,1551,32,26.9,775,339.5,2,4,0,True,7.7,major,NDMA
LS-00213,2015-08-14,2015-16,AR,D-AR-04,Lower Subansiri,SEG-0059,NH-13,27.90805,94.14591,translational_slide,toe_erosion,rock,sandstone_shale,settlement,34660,68,49.6,1092,65.5,0,0,24,True,226.7,major,SDMA
LS-00214,2016-03-18,2015-16,MN,D-MN-04,Tamenglong,SEG-0030,NH-37,24.8125,92.92977,rockfall,rainfall,rock,sandstone_shale,road_cut,1132,17,32.5,642,367.6,0,0,4,False,0.0,minor,NDMA
LS-00215,2016-05-23,2015-16,AR,D-AR-03,West Kameng,SEG-0063,NH-13-W,27.05506,92.59669,mudslide,rainfall,earth,phyllite,road_cut,4052,38,39.2,2415,249.6,0,0,1,True,2.2,moderate,SDMA
LS-00216,2015-06-12,2015-16,ML,D-ML-01,East Khasi Hills,SEG-0013,NH-6,25.82641,91.89176,rockfall,rainfall,rock,phyllite,settlement,26,9,43.4,1496,191.7,2,0,5,False,0.0,major,SDMA
LS-00217,2015-10-05,2015-16,MN,D-MN-05,Senapati,SEG-0024,NH-2,24.88903,93.94197,rockfall,rainfall,rock,sandstone_shale,barren,2641,39,26.3,923,598.6,0,0,6,True,6.6,moderate,PWD-field
LS-00218,2015-07-16,2015-16,NL,D-NL-04,Wokha,SEG-0026,NH-29,26.22992,94.41658,debris_flow,rainfall,debris,gneiss,settlement,338,16,29.6,1319,516.7,0,0,3,True,1.0,minor,NDMA
LS-00219,2015-08-04,2015-16,AR,D-AR-03,West Kameng,SEG-0063,NH-13-W,27.08795,92.58504,earth_flow,rainfall,earth,quartzite,agriculture,21635,97,28.7,2415,576.0,0,0,2,False,0.0,moderate,GSI-NLSM
LS-00220,2015-09-16,2015-16,ML,D-ML-01,East Khasi Hills,SEG-0014,NH-6,25.51188,92.03834,rockfall,rainfall,rock,phyllite,road_cut,10250,87,38.9,1438,372.7,0,0,0,True,27.1,moderate,SDMA
LS-00221,2015-08-01,2015-16,AR,D-AR-01,Papum Pare,SEG-0058,NH-13,27.1507,93.64043,rockfall,rainfall,rock,phyllite,settlement,38393,218,39.2,1002,538.5,1,4,13,True,227.9,major,SDMA
LS-00222,2016-08-04,2015-16,AS,D-AS-02,Nagaon,SEG-0070,NH-36,25.99276,93.21073,translational_slide,rainfall,rock,phyllite,settlement,3809,54,19.9,123,558.0,0,0,0,True,11.4,moderate,NDMA
LS-00223,2016-04-01,2015-16,MZ,D-MZ-01,Aizawl,SEG-0037,NH-302,23.62823,92.92948,earth_flow,rainfall,earth,gneiss,road_cut,120,18,40.2,1405,451.1,0,0,4,True,1.0,minor,PWD-field
LS-00224,2016-08-04,2015-16,MN,D-MN-04,Tamenglong,SEG-0030,NH-37,24.80315,93.02505,translational_slide,rainfall,rock,sandstone_shale,forest,3262,73,36.6,642,347.0,0,0,3,True,13.3,moderate,GSI-NLSM
LS-00225,2016-06-21,2015-16,AS,D-AS-02,Nagaon,SEG-0070,NH-36,26.28785,92.78644,rockfall,rainfall,rock,siltstone,agriculture,1483,53,22.2,123,420.2,0,0,0,True,18.0,moderate,PWD-field
LS-00226,2016-08-03,2015-16,ML,D-ML-02,West Jaintia Hills,SEG-0015,NH-6,24.99736,92.50669,rotational_slide,rainfall,earth,sandstone_shale,barren,1962,41,39.3,701,915.1,0,0,1,False,0.0,minor,SDMA
LS-00227,2016-03-22,2015-16,SK,D-SK-01,Gangtok,SEG-0052,NH-510,27.21511,88.44813,debris_flow,rainfall,debris,gneiss,jhum_cultivation,505,27,50.2,1662,485.5,0,0,5,True,1.0,minor,NDMA
LS-00228,2015-09-12,2015-16,ML,D-ML-01,East Khasi Hills,SEG-0013,NH-6,25.77745,91.89187,debris_flow,rainfall,debris,quartzite,agriculture,1661,34,38.3,1496,712.8,0,0,2,False,0.0,minor,GSI-NLSM
LS-00229,2016-10-07,2015-16,AS,D-AS-07,Dima Hasao,SEG-0069,NH-27-DH,25.08664,92.9661,debris_flow,rainfall,debris,quartzite,settlement,1066,36,30.5,352,450.8,0,0,4,False,0.0,minor,SDMA
LS-00230,2016-07-15,2015-16,TR,D-TR-03,Dhalai,SEG-0041,NH-8,24.17013,91.94837,rotational_slide,rainfall,earth,sandstone_shale,agriculture,1484,35,14.9,52,535.8,0,0,2,False,0.0,minor,PWD-field
LS-00231,2016-07-11,2015-16,AR,D-AR-05,East Siang,SEG-0065,NH-315,28.0693,95.40924,mudslide,rainfall,earth,schist,forest,650,35,24.5,1060,338.6,0,0,6,True,2.8,minor,PWD-field
LS-00232,2015-08-04,2015-16,AR,D-AR-06,West Siang,SEG-0060,NH-13,28.1337,94.71151,debris_flow,rainfall,debris,sandstone_shale,jhum_cultivation,1716,51,42.3,620,242.7,0,0,0,False,0.0,minor,GSI-NLSM
LS-00233,2015-05-05,2015-16,MN,D-MN-02,Churachandpur,SEG-0031,NH-2-S,24.66626,93.8508,rockfall,rainfall,rock,gneiss,road_cut,730,25,27.4,850,150.3,0,0,6,True,7.7,moderate,PWD-field
LS-00234,2015-06-25,2015-16,AS,D-AS-07,Dima Hasao,SEG-0069,NH-27-DH,25.08875,92.96574,rockfall,rainfall,rock,schist,jhum_cultivation,1043,41,18.7,352,301.7,0,0,5,False,0.0,minor,SDMA
LS-00235,2015-08-20,2015-16,SK,D-SK-02,Mangan,SEG-0050,NH-310,27.53166,88.572,mudslide,rainfall,earth,gneiss,settlement,12862,135,30.0,1250,289.5,0,0,2,False,0.0,moderate,GSI-NLSM
LS-00236,2016-07-26,2015-16,SK,D-SK-02,Mangan,SEG-0051,NH-310,27.63516,88.67684,earth_flow,toe_erosion,earth,schist,jhum_cultivation,1414,44,50.4,1250,119.5,0,0,5,False,0.0,minor,SDMA
LS-00237,2016-06-10,2015-16,MN,D-MN-01,Imphal West,SEG-0032,NH-2-S,24.9272,94.14243,rotational_slide,rainfall,earth,sandstone_shale,agriculture,1125,21,34.8,1224,555.5,0,0,4,True,3.3,minor,SDMA
LS-00238,2015-03-19,2015-16,MN,D-MN-05,Senapati,SEG-0023,NH-2,25.37579,94.07332,rotational_slide,rainfall,earth,phyllite,road_cut,4412,31,29.8,1061,164.7,0,0,3,True,2.2,moderate,PWD-field
LS-00239,2016-08-07,2015-16,MZ,D-MZ-05,Serchhip,SEG-0036,NH-306,23.18768,92.81162,mudslide,rainfall,earth,gneiss,forest,660,29,36.7,1084,265.5,0,0,0,True,1.0,minor,GSI-NLSM
LS-00240,2015-06-27,2015-16,MN,D-MN-04,Tamenglong,SEG-0029,NH-37,24.93357,93.40514,rotational_slide,toe_erosion,earth,schist,agriculture,18622,54,22.8,1260,45.1,0,0,6,False,0.0,moderate,GSI-NLSM
LS-00241,2015-06-11,2015-16,SK,D-SK-01,Gangtok,SEG-0052,NH-510,27.19922,88.43672,debris_flow,rainfall,debris,phyllite,settlement,1944,34,48.8,1662,358.0,0,0,5,True,12.4,moderate,SDMA
LS-00242,2016-07-04,2015-16,AR,D-AR-07,Lohit,SEG-0067,NH-315,27.7575,96.00334,rotational_slide,rainfall,earth,phyllite,forest,351,28,20.2,231,417.3,0,0,5,True,1.3,minor,SDMA
LS-00243,2015-04-10,2015-16,ML,D-ML-02,West Jaintia Hills,SEG-0015,NH-6,25.28734,92.32025,translational_slide,rainfall,rock,schist,agriculture,3524,59,44.5,701,375.6,0,0,3,False,0.0,moderate,PWD-field
LS-00244,2015-07-18,2015-16,SK,D-SK-02,Mangan,SEG-0050,NH-310,27.5671,88.60081,translational_slide,rainfall,rock,sandstone_shale,jhum_cultivation,557,15,46.2,1250,186.3,0,0,2,False,0.0,minor,PWD-field
LS-00245,2015-06-08,2015-16,SK,D-SK-02,Mangan,SEG-0050,NH-310,27.54338,88.58023,rockfall,toe_erosion,rock,phyllite,forest,4921,45,38.3,1250,126.6,0,0,6,False,0.0,moderate,GSI-NLSM
LS-00246,2015-04-15,2015-16,AR,D-AR-04,Lower Subansiri,SEG-0059,NH-13,27.68557,93.93876,debris_flow,rainfall,debris,sandstone_shale,forest,1350,27,46.4,1092,583.6,0,0,3,False,0.0,minor,PWD-field
LS-00247,2015-08-23,2015-16,MZ,D-MZ-01,Aizawl,SEG-0037,NH-302,23.6937,92.80041,rockfall,rainfall,rock,phyllite,barren,147,12,35.8,1405,598.6,0,0,0,True,1.0,minor,NDMA
LS-00248,2015-05-12,2015-16,ML,D-ML-02,West Jaintia Hills,SEG-0015,NH-6,25.03261,92.48727,debris_flow,rainfall,debris,quartzite,barren,4822,85,37.5,701,676.4,0,0,2,True,7.7,moderate,PWD-field
LS-00249,2016-05-13,2015-16,AR,D-AR-04,Lower Subansiri,SEG-0059,NH-13,27.79041,94.04387,mudslide,rainfall,earth,phyllite,settlement,137,19,50.2,1092,323.6,0,0,0,True,1.0,minor,PWD-field
LS-00250,2016-09-24,2015-16,ML,D-ML-01,East Khasi Hills,SEG-0014,NH-6,25.51123,92.04681,translational_slide,rainfall,rock,gneiss,road_cut,43,5,31.2,1438,400.8,0,0,4,False,0.0,minor,GSI-NLSM
LS-00251,2016-05-22,2015-16,AR,D-AR-09,Dibang Valley,SEG-0066,NH-315,28.09834,95.87663,earth_flow,rainfall,earth,schist,barren,13245,84,44.4,1099,295.4,0,0,6,False,0.0,moderate,SDMA
LS-00252,2015-10-23,2015-16,SK,D-SK-02,Mangan,SEG-0051,NH-310,27.61592,88.66172,debris_flow,rainfall,debris,schist,road_cut,13266,136,42.6,1250,552.3,0,0,4,True,25.6,moderate,PWD-field
LS-00253,2016-08-06,2015-16,TR,D-TR-03,Dhalai,SEG-0041,NH-8,24.04057,91.90608,rotational_slide,anthropogenic_cut,earth,phyllite,road_cut,667,34,23.0,52,137.6,0,0,1,False,0.0,minor,PWD-field
LS-00254,2016-09-27,2015-16,SK,D-SK-04,Gyalshing,SEG-0055,NH-510,27.35363,88.23472,debris_flow,rainfall,debris,schist,forest,20684,64,39.3,1780,379.7,0,0,4,True,82.9,major,PWD-field
LS-00255,2015-05-04,2015-16,AR,D-AR-06,West Siang,SEG-0060,NH-13,28.12108,94.62804,debris_flow,rainfall,debris,gneiss,barren,345,16,55.1,620,179.2,0,0,6,False,0.0,minor,SDMA
LS-00256,2015-06-10,2015-16,AS,D-AS-01,Kamrup Metropolitan,SEG-0012,NH-6,26.08085,91.78221,translational_slide,rainfall,rock,schist,settlement,1830,19,30.8,775,382.8,0,0,1,False,0.0,minor,PWD-field
LS-00257,2015-09-03,2015-16,AR,D-AR-03,West Kameng,SEG-0064,NH-13-W,27.43847,92.13606,debris_flow,anthropogenic_cut,debris,phyllite,settlement,1240,36,32.6,2731,91.2,0,0,5,False,0.0,minor,NDMA
LS-00258,2015-04-12,2015-16,AR,D-AR-09,Dibang Valley,SEG-0066,NH-315,28.0062,96.03021,debris_flow,rainfall,debris,phyllite,forest,2381,25,48.8,1099,446.6,0,0,2,True,3.6,moderate,GSI-NLSM
LS-00259,2015-09-26,2015-16,SK,D-SK-04,Gyalshing,SEG-0055,NH-510,27.32983,88.23897,debris_flow,rainfall,debris,gneiss,jhum_cultivation,9379,77,45.7,1780,228.8,0,0,3,True,22.4,moderate,GSI-NLSM
LS-00260,2016-06-03,2015-16,NL,D-NL-01,Kohima,SEG-0025,NH-29,25.99274,94.22995,debris_flow,rainfall,debris,quartzite,agriculture,1827,24,36.1,1378,380.2,0,0,1,True,3.4,minor,PWD-field
LS-00261,2015-08-14,2015-16,ML,D-ML-02,West Jaintia Hills,SEG-0015,NH-6,25.11587,92.42874,translational_slide,rainfall,rock,schist,road_cut,1733,21,32.5,701,632.3,0,0,1,False,0.0,minor,SDMA
LS-00262,2015-07-18,2015-16,ML,D-ML-01,East Khasi Hills,SEG-0013,NH-6,25.69809,91.89355,rotational_slide,rainfall,earth,gneiss,settlement,580,13,49.2,1496,358.6,0,0,5,False,0.0,minor,GSI-NLSM
LS-00263,2015-09-21,2015-16,MN,D-MN-01,Imphal West,SEG-0032,NH-2-S,24.88783,94.07113,debris_flow,rainfall,debris,sandstone_shale,settlement,5549,70,38.0,1224,613.8,0,0,4,True,21.5,moderate,SDMA
LS-00264,2016-09-01,2015-16,SK,D-SK-01,Gangtok,SEG-0052,NH-510,27.17189,88.40937,rockfall,rainfall,rock,quartzite,settlement,2647,45,39.2,1662,234.0,0,0,1,True,18.2,moderate,SDMA
LS-00265,2015-05-01,2015-16,AR,D-AR-04,Lower Subansiri,SEG-0059,NH-13,27.73232,93.99272,rockfall,rainfall,rock,sandstone_shale,forest,984,35,36.4,1092,282.5,0,0,5,True,3.2,minor,GSI-NLSM
LS-00266,2015-07-01,2015-16,ML,D-ML-01,East Khasi Hills,SEG-0014,NH-6,25.5279,92.03238,rockfall,rainfall,rock,gneiss,jhum_cultivation,8033,77,38.4,1438,836.0,0,0,6,True,33.2,moderate,GSI-NLSM
LS-00267,2015-05-23,2015-16,MZ,D-MZ-01,Aizawl,SEG-0035,NH-306,23.40764,92.82468,rockfall,rainfall,rock,gneiss,agriculture,1755,31,36.3,1216,295.7,0,0,3,False,0.0,minor,GSI-NLSM
LS-00268,2016-09-19,2015-16,ML,D-ML-03,West Garo Hills,SEG-0019,NH-27-SPUR,25.50396,90.29579,debris_flow,rainfall,debris,laterite,agriculture,200,14,16.2,337,440.3,2,4,2,True,1.0,major,GSI-NLSM
LS-00269,2015-08-22,2015-16,MZ,D-MZ-01,Aizawl,SEG-0035,NH-306,23.60405,92.7473,debris_flow,rainfall,debris,sandstone_shale,barren,52016,215,32.6,1216,430.9,0,0,4,True,74.4,major,PWD-field
LS-00270,2015-05-11,2015-16,AS,D-AS-08,Karbi Anglong,SEG-0068,NH-27-DH,25.40131,93.06998,translational_slide,toe_erosion,rock,gneiss,agriculture,167,8,52.8,433,128.1,0,0,3,True,3.2,minor,NDMA
LS-00271,2015-07-13,2015-16,AS,D-AS-07,Dima Hasao,SEG-0069,NH-27-DH,25.04763,92.92634,rockfall,seismic,rock,quartzite,jhum_cultivation,15668,114,23.4,352,43.0,0,0,3,True,150.2,major,NDMA
LS-00272,2016-06-08,2015-16,AR,D-AR-06,West Siang,SEG-0061,NH-13,28.09308,95.18763,rotational_slide,anthropogenic_cut,earth,gneiss,forest,174,19,36.9,386,112.9,0,0,3,True,1.0,minor,PWD-field
LS-00273,2016-07-21,2015-16,ML,D-ML-01,East Khasi Hills,SEG-0014,NH-6,25.46873,92.17228,debris_flow,rainfall,debris,quartzite,agriculture,1215,47,23.6,1438,700.0,0,0,6,True,1.3,minor,SDMA
LS-00274,2015-07-14,2015-16,AR,D-AR-03,West Kameng,SEG-0064,NH-13-W,27.53617,91.95099,earth_flow,rainfall,earth,schist,road_cut,20203,53,35.9,2731,495.9,0,0,2,True,44.2,moderate,NDMA
LS-00275,2015-08-27,2015-16,AS,D-AS-08,Karbi Anglong,SEG-0068,NH-27-DH,25.3188,93.05253,debris_flow,rainfall,debris,sandstone_shale,road_cut,405,18,48.6,433,211.5,0,0,0,False,0.0,minor,GSI-NLSM
LS-00276,2015-09-28,2015-16,SK,D-SK-01,Gangtok,SEG-0048,NH-10,27.31132,88.58126,debris_flow,rainfall,debris,quartzite,settlement,4567,47,32.4,1650,356.0,0,0,6,True,6.1,moderate,GSI-NLSM
LS-00277,2017-05-01,2017-18,AR,D-AR-03,West Kameng,SEG-0064,NH-13-W,27.44471,92.10268,rockfall,rainfall,rock,phyllite,settlement,3120,63,40.8,2731,549.3,0,0,0,False,0.0,moderate,SDMA
LS-00278,2018-01-27,2017-18,MZ,D-MZ-05,Serchhip,SEG-0036,NH-306,22.93366,92.74922,mudslide,rainfall,earth,sandstone_shale,agriculture,1235,38,41.7,1084,529.4,0,0,6,True,1.6,minor,GSI-NLSM
LS-00279,2017-06-14,2017-18,AR,D-AR-01,Papum Pare,SEG-0057,NH-15,27.14568,93.79259,earth_flow,seismic,earth,siltstone,forest,21260,144,20.2,259,44.1,0,0,2,True,36.0,moderate,SDMA
LS-00280,2018-06-09,2017-18,MZ,D-MZ-01,Aizawl,SEG-0037,NH-302,23.66652,92.88934,debris_flow,anthropogenic_cut,debris,phyllite,barren,763,23,53.1,1405,80.9,0,0,2,False,0.0,minor,NDMA
LS-00281,2018-05-05,2017-18,AR,D-AR-03,West Kameng,SEG-0063,NH-13-W,27.17973,92.49903,debris_flow,seismic,debris,phyllite,agriculture,385,28,32.7,2415,84.5,0,0,3,True,1.2,minor,SDMA
LS-00282,2018-05-26,2017-18,MN,D-MN-05,Senapati,SEG-0024,NH-2,25.22896,94.00586,translational_slide,rainfall,rock,phyllite,forest,91,7,32.1,923,272.8,0,0,1,True,1.0,minor,PWD-field
LS-00283,2018-07-12,2017-18,AR,D-AR-01,Papum Pare,SEG-0057,NH-15,27.21012,94.05588,mudslide,rainfall,earth,laterite,forest,11183,65,36.9,259,409.0,0,0,5,False,0.0,moderate,GSI-NLSM
LS-00284,2018-06-16,2017-18,AS,D-AS-07,Dima Hasao,SEG-0069,NH-27-DH,24.93679,92.85503,rockfall,rainfall,rock,sandstone_shale,forest,1532,34,18.6,352,120.9,0,0,5,False,0.0,minor,SDMA
LS-00285,2017-09-09,2017-18,NL,D-NL-01,Kohima,SEG-0022,NH-2,25.59403,94.10618,debris_flow,toe_erosion,debris,phyllite,forest,1458,34,31.2,1252,110.9,0,0,4,False,0.0,minor,PWD-field
LS-00286,2018-08-17,2017-18,TR,D-TR-01,West Tripura,SEG-0039,NH-8,23.92092,91.40673,debris_flow,rainfall,debris,laterite,forest,566,17,25.9,36,279.7,0,0,2,False,0.0,minor,NDMA
LS-00287,2017-09-06,2017-18,SK,D-SK-01,Gangtok,SEG-0047,NH-10,27.18917,88.51488,debris_flow,anthropogenic_cut,debris,sandstone_shale,road_cut,803,20,40.0,1650,85.5,0,0,6,False,0.0,minor,PWD-field
LS-00288,2017-05-08,2017-18,SK,D-SK-03,Namchi,SEG-0053,NH-510,27.13642,88.33009,rockfall,rainfall,rock,phyllite,settlement,230,23,21.3,1675,542.7,0,0,1,True,3.4,minor,GSI-NLSM
LS-00289,2017-08-19,2017-18,AS,D-AS-08,Karbi Anglong,SEG-0068,NH-27-DH,25.68997,93.14491,debris_flow,rainfall,debris,sandstone_shale,settlement,70,9,56.3,433,425.0,0,0,3,False,0.0,minor,PWD-field
LS-00290,2017-08-22,2017-18,NL,D-NL-03,Mokokchung,SEG-0027,NH-29,26.30665,94.55912,rotational_slide,rainfall,earth,quartzite,barren,1749,50,37.6,1348,556.8,0,0,6,False,0.0,minor,NDMA
LS-00291,2018-07-10,2017-18,NL,D-NL-04,Wokha,SEG-0026,NH-29,26.28525,94.46685,debris_flow,rainfall,debris,phyllite,settlement,862,13,43.2,1319,344.6,0,0,3,False,0.0,minor,GSI-NLSM
LS-00292,2018-07-25,2017-18,AS,D-AS-01,Kamrup Metropolitan,SEG-0012,NH-6,25.99031,91.82975,rockfall,rainfall,rock,gneiss,agriculture,1601,46,24.8,775,394.2,0,0,5,True,7.7,moderate,NDMA
LS-00293,2018-08-28,2017-18,SK,D-SK-03,Namchi,SEG-0053,NH-510,27.13679,88.34659,rotational_slide,rainfall,earth,phyllite,barren,3096,61,33.5,1675,541.0,0,0,2,False,0.0,moderate,NDMA
LS-00294,2018-04-06,2017-18,SK,D-SK-02,Mangan,SEG-0050,NH-310,27.52095,88.55884,translational_slide,toe_erosion,rock,schist,settlement,107,11,37.6,1250,111.7,0,0,2,True,1.0,minor,PWD-field
LS-00295,2017-10-28,2017-18,MN,D-MN-01,Imphal West,SEG-0032,NH-2-S,24.89151,94.06556,translational_slide,rainfall,rock,quartzite,agriculture,13188,133,51.5,1224,139.0,0,0,4,True,87.8,major,GSI-NLSM
LS-00296,2017-06-18,2017-18,NL,D-NL-02,Dimapur,SEG-0021,NH-2,25.73989,94.00355,mudslide,anthropogenic_cut,earth,schist,forest,5365,43,28.5,794,56.2,0,0,5,True,5.9,moderate,GSI-NLSM
LS-00297,2017-07-14,2017-18,ML,D-ML-01,East Khasi Hills,SEG-0014,NH-6,25.51371,92.05517,translational_slide,rainfall,rock,gneiss,barren,2009,23,32.4,1438,352.7,0,0,1,True,8.4,moderate,GSI-NLSM
LS-00298,2017-06-16,2017-18,SK,D-SK-02,Mangan,SEG-0050,NH-310,27.52685,88.55071,rockfall,toe_erosion,rock,schist,barren,342,19,31.6,1250,22.6,0,0,2,True,1.4,minor,SDMA
LS-00299,2018-08-04,2017-18,NL,D-NL-02,Dimapur,SEG-0021,NH-2,25.70616,94.07023,rotational_slide,rainfall,earth,phyllite,forest,501,19,44.2,794,556.2,0,0,0,True,1.0,minor,GSI-NLSM
LS-00300,2017-04-25,2017-18,MZ,D-MZ-05,Serchhip,SEG-0036,NH-306,23.12223,92.79238,debris_flow,rainfall,debris,sandstone_shale,barren,505,23,49.5,1084,477.4,0,0,2,True,1.0,minor,GSI-NLSM
LS-00301,2018-05-05,2017-18,MN,D-MN-02,Churachandpur,SEG-0031,NH-2-S,24.65046,93.86016,rotational_slide,rainfall,earth,quartzite,agriculture,3796,51,40.9,850,420.7,0,0,3,False,0.0,moderate,PWD-field
LS-00302,2017-10-25,2017-18,AR,D-AR-03,West Kameng,SEG-0064,NH-13-W,27.30483,92.33105,translational_slide,rainfall,rock,schist,forest,3146,61,25.5,2731,369.6,0,0,3,True,2.9,moderate,PWD-field
LS-00303,2018-06-04,2017-18,NL,D-NL-01,Kohima,SEG-0025,NH-29,26.02275,94.23472,debris_flow,rainfall,debris,phyllite,forest,2418,24,40.8,1378,604.2,0,0,4,False,0.0,moderate,GSI-NLSM
LS-00304,2018-10-04,2017-18,SK,D-SK-01,Gangtok,SEG-0052,NH-510,27.31638,88.5729,translational_slide,rainfall,rock,phyllite,road_cut,23570,133,41.1,1662,236.9,0,0,6,True,95.1,major,GSI-NLSM
LS-00305,2018-07-07,2017-18,AS,D-AS-09,Sonitpur,SEG-0062,NH-13-W,26.81759,92.72502,debris_flow,rainfall,debris,schist,settlement,5870,53,40.1,1247,600.6,0,0,5,False,0.0,moderate,GSI-NLSM
LS-00306,2018-08-05,2017-18,ML,D-ML-02,West Jaintia Hills,SEG-0015,NH-6,25.30264,92.30411,translational_slide,rainfall,rock,schist,road_cut,2122,42,32.2,701,285.2,0,0,2,True,14.3,moderate,GSI-NLSM
LS-00307,2018-09-08,2017-18,SK,D-SK-02,Mangan,SEG-0051,NH-310,27.65419,88.707,debris_flow,rainfall,debris,schist,forest,1053,26,52.8,1250,567.1,0,0,4,True,2.9,minor,GSI-NLSM
LS-00308,2018-09-03,2017-18,ML,D-ML-04,East Garo Hills,SEG-0020,NH-27-SPUR,25.26928,90.62734,rockfall,rainfall,rock,phyllite,agriculture,3459,44,12.4,450,540.1,0,0,3,False,0.0,moderate,SDMA
LS-00309,2018-03-05,2017-18,AR,D-AR-04,Lower Subansiri,SEG-0059,NH-13,27.8895,94.13933,rockfall,rainfall,rock,sandstone_shale,agriculture,5667,54,34.9,1092,481.8,0,0,4,True,14.0,moderate,GSI-NLSM
LS-00310,2018-08-12,2017-18,ML,D-ML-01,East Khasi Hills,SEG-0014,NH-6,25.52023,92.04301,rotational_slide,rainfall,earth,sandstone_shale,jhum_cultivation,1843,21,29.5,1438,220.4,0,0,2,False,0.0,minor,NDMA
LS-00311,2018-07-28,2017-18,SK,D-SK-01,Gangtok,SEG-0048,NH-10,27.28252,88.53999,debris_flow,rainfall,debris,quartzite,forest,602,22,34.7,1650,249.7,0,0,5,True,1.0,minor,GSI-NLSM
LS-00312,2017-09-21,2017-18,AR,D-AR-03,West Kameng,SEG-0063,NH-13-W,27.08829,92.56473,translational_slide,rainfall,rock,gneiss,settlement,860,18,22.1,2415,170.2,0,0,6,False,0.0,minor,GSI-NLSM
LS-00313,2018-06-11,2017-18,AR,D-AR-03,West Kameng,SEG-0063,NH-13-W,27.04602,92.62356,debris_flow,rainfall,debris,phyllite,jhum_cultivation,1740,54,31.7,2415,451.5,0,0,3,True,3.8,minor,GSI-NLSM
LS-00314,2017-06-05,2017-18,ML,D-ML-01,East Khasi Hills,SEG-0013,NH-6,25.75414,91.89126,rockfall,rainfall,rock,gneiss,settlement,3310,76,36.0,1496,419.0,0,0,4,False,0.0,moderate,GSI-NLSM
LS-00315,2017-04-07,2017-18,AR,D-AR-06,West Siang,SEG-0061,NH-13,28.09619,95.14618,rockfall,anthropogenic_cut,rock,phyllite,barren,2356,35,24.6,386,4.2,0,0,3,False,0.0,moderate,NDMA
LS-00316,2017-08-24,2017-18,AR,D-AR-03,West Kameng,SEG-0064,NH-13-W,27.42205,92.15613,debris_flow,anthropogenic_cut,debris,schist,forest,1570,26,34.9,2731,91.4,0,0,1,False,0.0,minor,NDMA
LS-00317,2017-09-20,2017-18,ML,D-ML-01,East Khasi Hills,SEG-0014,NH-6,25.50184,92.07732,rockfall,seismic,rock,quartzite,settlement,614,27,35.0,1438,113.9,0,0,3,True,1.1,minor,SDMA
LS-00318,2017-04-15,2017-18,AR,D-AR-03,West Kameng,SEG-0064,NH-13-W,27.49608,92.03182,debris_flow,rainfall,debris,phyllite,settlement,4473,27,43.0,2731,169.7,0,0,5,True,10.6,moderate,GSI-NLSM
LS-00319,2018-06-05,2017-18,ML,D-ML-02,West Jaintia Hills,SEG-0015,NH-6,25.35667,92.26003,translational_slide,rainfall,rock,schist,jhum_cultivation,16582,58,39.4,701,495.4,0,0,5,False,0.0,moderate,PWD-field
LS-00320,2018-02-27,2017-18,NL,D-NL-03,Mokokchung,SEG-0027,NH-29,26.30431,94.63448,rockfall,toe_erosion,rock,schist,road_cut,623,15,45.2,1348,48.4,0,0,0,True,1.9,minor,NDMA
LS-00321,2018-08-11,2017-18,ML,D-ML-01,East Khasi Hills,SEG-0013,NH-6,25.80007,91.87547,rockfall,rainfall,rock,schist,agriculture,1654,22,45.2,1496,609.2,0,0,6,True,9.3,moderate,PWD-field
LS-00322,2018-06-10,2017-18,SK,D-SK-01,Gangtok,SEG-0047,NH-10,27.20012,88.5262,debris_flow,rainfall,debris,quartzite,barren,40967,140,38.4,1650,241.5,0,3,34,True,79.9,major,SDMA
LS-00323,2017-07-19,2017-18,ML,D-ML-01,East Khasi Hills,SEG-0014,NH-6,25.50453,92.08748,debris_flow,anthropogenic_cut,debris,gneiss,barren,2111,27,26.1,1438,97.7,0,0,3,True,1.8,moderate,NDMA
LS-00324,2017-07-05,2017-18,MN,D-MN-01,Imphal West,SEG-0032,NH-2-S,24.89162,94.0613,earth_flow,rainfall,earth,schist,barren,2634,43,39.0,1224,612.1,0,0,6,False,0.0,moderate,GSI-NLSM
LS-00325,2018-08-19,2017-18,MN,D-MN-01,Imphal West,SEG-0028,NH-37,24.91681,93.65962,translational_slide,anthropogenic_cut,rock,sandstone_shale,agriculture,523,34,36.5,1023,129.4,0,0,4,True,1.3,minor,PWD-field
LS-00326,2018-09-18,2017-18,ML,D-ML-01,East Khasi Hills,SEG-0013,NH-6,25.7963,91.88336,debris_flow,anthropogenic_cut,debris,phyllite,road_cut,635,29,36.7,1496,85.3,0,0,5,False,0.0,minor,GSI-NLSM
LS-00327,2017-05-27,2017-18,MZ,D-MZ-04,Kolasib,SEG-0034,NH-306,24.03287,92.70183,rockfall,rainfall,rock,sandstone_shale,forest,820,40,37.5,891,217.2,0,0,3,False,0.0,minor,GSI-NLSM
LS-00328,2017-09-16,2017-18,NL,D-NL-03,Mokokchung,SEG-0027,NH-29,26.28029,94.74933,debris_flow,rainfall,debris,gneiss,agriculture,833,20,49.1,1348,210.5,0,0,3,False,0.0,minor,NDMA
LS-00329,2017-06-11,2017-18,SK,D-SK-04,Gyalshing,SEG-0055,NH-510,27.32601,88.24723,rockfall,rainfall,rock,gneiss,road_cut,640,20,36.8,1780,535.1,0,0,5,True,2.1,minor,NDMA
LS-00330,2017-08-01,2017-18,SK,D-SK-02,Mangan,SEG-0050,NH-310,27.52657,88.54504,mudslide,rainfall,earth,schist,barren,608,12,31.2,1250,174.3,0,0,5,False,0.0,minor,GSI-NLSM
LS-00331,2018-07-14,2017-18,AR,D-AR-04,Lower Subansiri,SEG-0059,NH-13,27.73942,94.00907,debris_flow,anthropogenic_cut,debris,phyllite,jhum_cultivation,2254,24,43.2,1092,95.8,0,0,2,False,0.0,moderate,SDMA
LS-00332,2017-04-05,2017-18,NL,D-NL-01,Kohima,SEG-0025,NH-29,25.86911,94.16831,translational_slide,anthropogenic_cut,rock,sandstone_shale,agriculture,504,17,49.9,1378,0.1,0,0,2,True,1.0,minor,NDMA
LS-00333,2018-07-25,2017-18,NL,D-NL-01,Kohima,SEG-0025,NH-29,25.80416,94.15366,debris_flow,rainfall,debris,schist,forest,118,9,39.6,1378,215.3,0,0,0,False,0.0,minor,NDMA
LS-00334,2018-05-14,2017-18,AS,D-AS-07,Dima Hasao,SEG-0069,NH-27-DH,24.97467,92.88042,mudslide,rainfall,earth,schist,settlement,1065,27,16.4,352,261.7,0,0,0,True,1.5,minor,SDMA
LS-00335,2018-06-07,2017-18,ML,D-ML-01,East Khasi Hills,SEG-0013,NH-6,25.81809,91.893,rockfall,rainfall,rock,sandstone_shale,barren,4394,71,53.0,1496,796.2,0,0,3,True,11.3,moderate,PWD-field
LS-00336,2017-08-08,2017-18,SK,D-SK-04,Gyalshing,SEG-0055,NH-510,27.36261,88.22792,debris_flow,rainfall,debris,quartzite,agriculture,2713,66,34.1,1780,353.5,0,0,3,True,16.3,moderate,NDMA
LS-00337,2018-06-05,2017-18,NL,D-NL-03,Mokokchung,SEG-0027,NH-29,26.29722,94.73913,rockfall,rainfall,rock,phyllite,settlement,139,13,45.6,1348,570.0,0,0,6,False,0.0,minor,SDMA
LS-00338,2017-05-17,2017-18,AR,D-AR-01,Papum Pare,SEG-0057,NH-15,27.17746,93.91803,debris_flow,rainfall,debris,phyllite,road_cut,3512,60,19.0,259,614.9,0,0,5,True,2.8,moderate,PWD-field
LS-00339,2018-06-11,2017-18,ML,D-ML-01,East Khasi Hills,SEG-0014,NH-6,25.53033,92.019,rockfall,rainfall,rock,sandstone_shale,barren,1055,34,22.6,1438,822.9,0,0,1,False,0.0,minor,PWD-field
LS-00340,2017-08-09,2017-18,SK,D-SK-01,Gangtok,SEG-0048,NH-10,27.29476,88.57643,rotational_slide,rainfall,earth,sandstone_shale,forest,451,17,36.3,1650,588.1,0,0,3,True,1.0,minor,GSI-NLSM
LS-00341,2018-03-20,2017-18,SK,D-SK-01,Gangtok,SEG-0049,NH-310,27.424,88.56879,debris_flow,rainfall,debris,quartzite,settlement,416,10,29.6,1450,399.2,0,0,0,False,0.0,minor,PWD-field
LS-00342,2017-04-09,2017-18,AR,D-AR-09,Dibang Valley,SEG-0066,NH-315,28.04005,95.98333,earth_flow,rainfall,earth,quartzite,jhum_cultivation,2052,57,37.7,1099,471.3,0,0,3,True,3.1,moderate,NDMA
LS-00343,2018-07-05,2017-18,ML,D-ML-01,East Khasi Hills,SEG-0013,NH-6,25.74699,91.88654,translational_slide,rainfall,rock,schist,agriculture,118,5,44.3,1496,205.4,0,0,3,True,1.0,minor,GSI-NLSM
LS-00344,2018-09-25,2017-18,MN,D-MN-01,Imphal West,SEG-0032,NH-2-S,24.96467,94.21544,debris_flow,anthropogenic_cut,debris,gneiss,settlement,60493,172,48.8,1224,6.5,0,3,37,True,215.4,major,GSI-NLSM
LS-00345,2017-06-19,2017-18,SK,D-SK-03,Namchi,SEG-0053,NH-510,27.14234,88.32602,rotational_slide,rainfall,earth,schist,barren,157,16,35.4,1675,365.8,0,0,2,True,1.0,minor,PWD-field
LS-00346,2017-10-03,2017-18,TR,D-TR-02,North Tripura,SEG-0043,NH-8,24.38845,92.21637,mudslide,toe_erosion,earth,laterite,barren,1003,42,32.1,34,31.1,0,0,2,False,0.0,minor,PWD-field
LS-00347,2018-06-17,2017-18,ML,D-ML-01,East Khasi Hills,SEG-0013,NH-6,25.68411,91.88765,translational_slide,toe_erosion,rock,schist,forest,860,35,35.1,1496,121.9,0,0,4,False,0.0,minor,SDMA
LS-00348,2018-08-08,2017-18,WB,D-WB-01,Siliguri,SEG-0046,NH-10,26.89385,88.44537,rockfall,rainfall,rock,phyllite,agriculture,1498,31,53.7,886,191.7,0,0,6,False,0.0,minor,GSI-NLSM
LS-00349,2017-02-20,2017-18,AS,D-AS-07,Dima Hasao,SEG-0069,NH-27-DH,25.0381,92.91086,rockfall,rainfall,rock,schist,jhum_cultivation,295,12,35.5,352,362.4,0,0,5,True,2.2,minor,PWD-field
LS-00350,2017-05-24,2017-18,SK,D-SK-01,Gangtok,SEG-0047,NH-10,27.1997,88.51118,mudslide,rainfall,earth,phyllite,agriculture,231,24,23.8,1650,555.3,0,0,4,True,1.0,minor,GSI-NLSM
LS-00351,2018-06-26,2017-18,SK,D-SK-02,Mangan,SEG-0050,NH-310,27.53928,88.57017,debris_flow,rainfall,debris,quartzite,jhum_cultivation,3199,51,29.5,1250,222.2,0,0,5,False,0.0,moderate,SDMA
LS-00352,2018-07-27,2017-18,NL,D-NL-03,Mokokchung,SEG-0027,NH-29,26.2933,94.71482,debris_flow,rainfall,debris,quartzite,settlement,80,10,46.1,1348,194.3,0,0,0,True,1.0,minor,SDMA
LS-00353,2017-09-23,2017-18,AR,D-AR-04,Lower Subansiri,SEG-0059,NH-13,27.82485,94.0875,rockfall,anthropogenic_cut,rock,phyllite,agriculture,31129,110,49.7,1092,108.3,0,1,25,True,33.0,major,NDMA
LS-00354,2018-07-22,2017-18,AR,D-AR-05,East Siang,SEG-0065,NH-315,28.12919,95.76526,mudslide,rainfall,earth,phyllite,settlement,96,11,21.6,1060,162.0,0,0,5,True,1.0,minor,GSI-NLSM
LS-00355,2017-04-03,2017-18,ML,D-ML-02,West Jaintia Hills,SEG-0015,NH-6,25.2513,92.33817,rotational_slide,anthropogenic_cut,earth,quartzite,agriculture,2624,52,28.0,701,28.9,0,0,4,False,0.0,moderate,NDMA
LS-00356,2018-06-20,2017-18,TR,D-TR-01,West Tripura,SEG-0039,NH-8,23.99321,91.49708,earth_flow,rainfall,earth,siltstone,settlement,1187,43,20.0,36,378.0,0,0,3,True,1.0,minor,SDMA
LS-00357,2018-04-25,2017-18,MN,D-MN-04,Tamenglong,SEG-0030,NH-37,24.80887,93.01338,debris_flow,anthropogenic_cut,debris,quartzite,road_cut,271,21,31.0,642,119.7,0,0,5,True,1.0,minor,GSI-NLSM
LS-00358,2018-07-12,2017-18,AS,D-AS-08,Karbi Anglong,SEG-0068,NH-27-DH,25.28124,93.05146,mudslide,rainfall,earth,phyllite,settlement,80166,246,54.1,433,129.7,2,1,38,True,367.3,major,GSI-NLSM
LS-00359,2018-05-07,2017-18,MN,D-MN-04,Tamenglong,SEG-0030,NH-37,24.8293,92.85245,rotational_slide,rainfall,earth,phyllite,agriculture,467,12,30.7,642,281.2,0,0,4,True,1.0,minor,GSI-NLSM
LS-00360,2017-07-21,2017-18,NL,D-NL-04,Wokha,SEG-0026,NH-29,26.20545,94.36398,rotational_slide,rainfall,earth,sandstone_shale,jhum_cultivation,1918,44,38.5,1319,391.1,0,0,6,True,6.6,moderate,NDMA
LS-00361,2017-07-15,2017-18,AR,D-AR-01,Papum Pare,SEG-0057,NH-15,27.14994,93.84223,rotational_slide,rainfall,earth,phyllite,road_cut,1480,45,21.1,259,458.9,0,0,0,True,1.2,minor,GSI-NLSM
LS-00362,2018-06-27,2017-18,AS,D-AS-08,Karbi Anglong,SEG-0068,NH-27-DH,25.56237,93.11467,debris_flow,rainfall,debris,quartzite,forest,826,39,42.9,433,252.8,0,0,4,True,3.6,minor,NDMA
LS-00363,2018-09-19,2017-18,AR,D-AR-04,Lower Subansiri,SEG-0059,NH-13,27.9028,94.13624,rockfall,rainfall,rock,sandstone_shale,settlement,1404,21,32.5,1092,358.7,0,0,4,False,0.0,minor,PWD-field
LS-00364,2018-06-13,2017-18,MZ,D-MZ-01,Aizawl,SEG-0035,NH-306,23.47167,92.80144,translational_slide,rainfall,rock,phyllite,agriculture,107,12,23.2,1216,323.7,0,0,4,True,1.0,minor,NDMA
LS-00365,2018-02-12,2017-18,ML,D-ML-01,East Khasi Hills,SEG-0014,NH-6,25.53503,92.00956,debris_flow,rainfall,debris,phyllite,agriculture,1989,22,38.2,1438,325.4,0,0,6,False,0.0,minor,GSI-NLSM
LS-00366,2018-03-20,2017-18,AR,D-AR-09,Dibang Valley,SEG-0066,NH-315,28.03146,95.98625,rockfall,rainfall,rock,phyllite,road_cut,18295,91,54.0,1099,457.4,0,0,2,False,0.0,moderate,GSI-NLSM
LS-00367,2018-08-06,2017-18,SK,D-SK-01,Gangtok,SEG-0047,NH-10,27.20686,88.51459,debris_flow,rainfall,debris,schist,barren,35300,142,30.9,1650,279.9,0,4,9,True,30.8,major,GSI-NLSM
LS-00368,2017-04-10,2017-18,NL,D-NL-02,Dimapur,SEG-0021,NH-2,25.73696,94.02561,debris_flow,rainfall,debris,phyllite,jhum_cultivation,335,9,29.3,794,609.0,0,0,0,False,0.0,minor,GSI-NLSM
LS-00369,2018-06-23,2017-18,ML,D-ML-03,West Garo Hills,SEG-0019,NH-27-SPUR,25.51162,90.32435,earth_flow,rainfall,earth,phyllite,road_cut,82,9,28.1,337,366.9,0,0,1,True,1.0,minor,GSI-NLSM
LS-00370,2018-08-27,2017-18,ML,D-ML-02,West Jaintia Hills,SEG-0015,NH-6,25.00108,92.49772,rockfall,rainfall,rock,quartzite,road_cut,7389,66,31.0,701,729.4,0,0,0,True,33.2,moderate,GSI-NLSM
LS-00371,2017-08-26,2017-18,AR,D-AR-03,West Kameng,SEG-0064,NH-13-W,27.43857,92.13347,rotational_slide,rainfall,earth,quartzite,agriculture,4827,71,41.2,2731,417.2,0,0,4,True,9.3,moderate,GSI-NLSM
LS-00372,2017-06-05,2017-18,AS,D-AS-02,Nagaon,SEG-0070,NH-36,25.91399,93.30682,rotational_slide,toe_erosion,earth,sandstone_shale,settlement,916,28,19.2,123,19.0,0,0,4,False,0.0,minor,SDMA
LS-00373,2018-05-19,2017-18,MZ,D-MZ-04,Kolasib,SEG-0034,NH-306,23.80643,92.70772,rockfall,rainfall,rock,quartzite,barren,1001,27,32.2,891,390.5,0,0,2,True,2.2,minor,GSI-NLSM
LS-00374,2018-08-13,2017-18,ML,D-ML-02,West Jaintia Hills,SEG-0015,NH-6,25.18502,92.37452,debris_flow,rainfall,debris,gneiss,agriculture,614,18,41.5,701,541.6,0,0,2,True,1.4,minor,SDMA
LS-00375,2017-09-02,2017-18,AS,D-AS-09,Sonitpur,SEG-0062,NH-13-W,26.84309,92.71878,translational_slide,seismic,rock,schist,barren,1804,30,25.6,1247,57.5,0,0,2,True,6.3,moderate,NDMA
LS-00376,2017-07-21,2017-18,TR,D-TR-03,Dhalai,SEG-0040,NH-8,23.97721,91.76685,mudslide,rainfall,earth,phyllite,road_cut,29061,181,13.4,60,529.5,0,0,18,True,32.8,major,GSI-NLSM
LS-00377,2017-06-03,2017-18,MZ,D-MZ-01,Aizawl,SEG-0037,NH-302,23.67771,92.85955,rockfall,anthropogenic_cut,rock,schist,agriculture,4472,41,44.7,1405,11.5,0,0,1,False,0.0,moderate,GSI-NLSM
LS-00378,2018-06-24,2017-18,AS,D-AS-08,Karbi Anglong,SEG-0068,NH-27-DH,25.4163,93.08499,rotational_slide,rainfall,earth,gneiss,agriculture,3064,67,43.6,433,437.7,0,0,4,True,17.6,moderate,GSI-NLSM
LS-00379,2017-04-15,2017-18,AR,D-AR-03,West Kameng,SEG-0063,NH-13-W,27.14877,92.5222,mudslide,rainfall,earth,sandstone_shale,agriculture,5119,37,36.7,2415,296.6,0,0,0,True,5.1,moderate,SDMA
LS-00380,2018-06-19,2017-18,NL,D-NL-04,Wokha,SEG-0026,NH-29,26.13339,94.31625,debris_flow,rainfall,debris,phyllite,barren,1642,35,40.4,1319,436.0,0,0,6,True,2.1,minor,GSI-NLSM
LS-00381,2018-10-17,2017-18,MZ,D-MZ-04,Kolasib,SEG-0034,NH-306,23.82107,92.70816,debris_flow,rainfall,debris,phyllite,jhum_cultivation,943,35,27.6,891,356.0,0,0,3,True,1.0,minor,GSI-NLSM
LS-00382,2018-08-19,2017-18,SK,D-SK-01,Gangtok,SEG-0052,NH-510,27.30039,88.56509,debris_flow,rainfall,debris,phyllite,forest,2298,51,43.4,1662,242.6,0,0,4,False,0.0,moderate,GSI-NLSM
LS-00383,2017-05-16,2017-18,MN,D-MN-01,Imphal West,SEG-0032,NH-2-S,24.91102,94.10701,debris_flow,rainfall,debris,phyllite,agriculture,1219,51,42.1,1224,166.1,0,0,5,False,0.0,minor,SDMA
LS-00384,2018-07-06,2017-18,MN,D-MN-01,Imphal West,SEG-0028,NH-37,24.84129,93.86872,debris_flow,seismic,debris,schist,agriculture,2813,30,40.7,1023,57.4,0,0,5,False,0.0,moderate,NDMA
LS-00385,2018-07-04,2017-18,MN,D-MN-05,Senapati,SEG-0024,NH-2,25.03533,93.98046,translational_slide,rainfall,rock,phyllite,agriculture,2032,25,29.9,923,152.5,0,0,1,False,0.0,moderate,PWD-field
LS-00386,2018-11-26,2017-18,TR,D-TR-03,Dhalai,SEG-0040,NH-8,24.01298,91.70604,rotational_slide,rainfall,earth,siltstone,agriculture,3805,34,16.8,60,211.6,0,0,3,False,0.0,moderate,GSI-NLSM
LS-00387,2018-05-15,2017-18,SK,D-SK-03,Namchi,SEG-0054,NH-510,27.2693,88.2842,rotational_slide,rainfall,earth,sandstone_shale,settlement,914,14,33.0,1727,527.6,0,0,5,True,3.0,minor,PWD-field
LS-00388,2018-07-24,2017-18,SK,D-SK-01,Gangtok,SEG-0052,NH-510,27.21276,88.45121,rockfall,rainfall,rock,quartzite,jhum_cultivation,1289,40,41.1,1662,204.9,0,0,6,True,5.3,minor,SDMA
LS-00389,2018-07-25,2017-18,ML,D-ML-01,East Khasi Hills,SEG-0014,NH-6,25.54509,92.00076,mudslide,rainfall,earth,quartzite,jhum_cultivation,80,6,25.2,1438,224.3,0,0,1,True,1.0,minor,PWD-field
LS-00390,2018-07-23,2017-18,NL,D-NL-03,Mokokchung,SEG-0027,NH-29,26.30939,94.60844,debris_flow,rainfall,debris,sandstone_shale,settlement,1136,46,35.0,1348,162.9,0,0,3,True,2.2,minor,GSI-NLSM
LS-00391,2018-07-17,2017-18,SK,D-SK-01,Gangtok,SEG-0047,NH-10,27.21534,88.50822,rockfall,rainfall,rock,phyllite,barren,1392,36,26.1,1650,548.8,18,18,1,True,15.3,catastrophic,GSI-NLSM
LS-00392,2018-06-05,2017-18,MZ,D-MZ-01,Aizawl,SEG-0037,NH-302,23.66376,92.86931,rockfall,rainfall,rock,sandstone_shale,agriculture,1048,36,48.7,1405,603.5,0,0,5,False,0.0,minor,SDMA
LS-00393,2017-07-04,2017-18,AR,D-AR-04,Lower Subansiri,SEG-0059,NH-13,27.82875,94.0757,rockfall,rainfall,rock,schist,forest,254,24,42.6,1092,506.8,0,0,6,False,0.0,minor,NDMA
LS-00394,2018-09-15,2017-18,MZ,D-MZ-01,Aizawl,SEG-0037,NH-302,23.66726,92.84741,debris_flow,rainfall,debris,quartzite,road_cut,176,22,42.9,1405,561.3,1,2,1,False,0.0,major,GSI-NLSM
LS-00395,2018-07-07,2017-18,AS,D-AS-08,Karbi Anglong,SEG-0068,NH-27-DH,25.37453,93.07022,translational_slide,rainfall,rock,sandstone_shale,jhum_cultivation,1624,31,38.9,433,150.0,0,0,3,True,31.1,moderate,GSI-NLSM
LS-00396,2017-08-19,2017-18,ML,D-ML-03,West Garo Hills,SEG-0019,NH-27-SPUR,25.51007,90.2881,translational_slide,rainfall,rock,laterite,jhum_cultivation,3789,62,26.1,337,860.9,0,0,6,True,8.9,moderate,GSI-NLSM
LS-00397,2018-08-21,2017-18,AR,D-AR-06,West Siang,SEG-0061,NH-13,28.11599,95.11602,mudslide,rainfall,earth,gneiss,agriculture,1630,41,37.9,386,469.6,0,0,1,False,0.0,minor,GSI-NLSM
LS-00398,2018-07-01,2017-18,MZ,D-MZ-01,Aizawl,SEG-0037,NH-302,23.60161,93.00161,rockfall,rainfall,rock,quartzite,agriculture,132,6,53.5,1405,457.3,0,0,6,True,1.0,minor,GSI-NLSM
LS-00399,2017-08-21,2017-18,MN,D-MN-02,Churachandpur,SEG-0031,NH-2-S,24.50274,93.77076,debris_flow,rainfall,debris,gneiss,barren,912,29,27.2,850,496.3,0,0,6,False,0.0,minor,NDMA
LS-00400,2018-08-01,2017-18,ML,D-ML-01,East Khasi Hills,SEG-0014,NH-6,25.47218,92.12335,debris_flow,rainfall,debris,quartzite,road_cut,471,31,28.4,1438,279.0,0,0,3,True,1.6,minor,NDMA
LS-00401,2017-11-18,2017-18,SK,D-SK-03,Namchi,SEG-0054,NH-510,27.21398,88.31036,rockfall,toe_erosion,rock,sandstone_shale,jhum_cultivation,7291,48,29.5,1727,30.4,0,0,6,True,19.3,moderate,PWD-field
LS-00402,2017-09-02,2017-18,SK,D-SK-01,Gangtok,SEG-0052,NH-510,27.27769,88.51502,debris_flow,rainfall,debris,quartzite,road_cut,2585,68,34.7,1662,530.0,0,0,0,False,0.0,moderate,PWD-field
LS-00403,2017-06-22,2017-18,AR,D-AR-04,Lower Subansiri,SEG-0059,NH-13,27.65585,93.94057,rockfall,rainfall,rock,gneiss,agriculture,98,12,41.3,1092,541.5,0,0,2,True,1.0,minor,GSI-NLSM
LS-00404,2018-03-14,2017-18,AS,D-AS-07,Dima Hasao,SEG-0069,NH-27-DH,25.06531,92.95187,debris_flow,toe_erosion,debris,quartzite,settlement,653,26,35.2,352,129.0,0,0,0,False,0.0,minor,GSI-NLSM
LS-00405,2017-06-13,2017-18,ML,D-ML-01,East Khasi Hills,SEG-0013,NH-6,25.62761,91.88552,earth_flow,rainfall,earth,gneiss,forest,1451,46,35.6,1496,664.0,0,0,0,True,2.1,minor,GSI-NLSM
LS-00406,2017-07-23,2017-18,ML,D-ML-01,East Khasi Hills,SEG-0013,NH-6,25.85475,91.88012,debris_flow,rainfall,debris,quartzite,barren,1984,30,38.7,1496,649.7,0,0,6,True,2.7,minor,GSI-NLSM
LS-00407,2018-09-09,2017-18,SK,D-SK-04,Gyalshing,SEG-0055,NH-510,27.34598,88.23597,debris_flow,rainfall,debris,schist,barren,8141,64,43.4,1780,163.0,0,0,5,False,0.0,moderate,NDMA
LS-00408,2018-06-03,2017-18,AS,D-AS-09,Sonitpur,SEG-0062,NH-13-W,26.65954,92.78256,rotational_slide,rainfall,earth,phyllite,barren,681,39,43.5,1247,475.3,0,0,5,False,0.0,minor,GSI-NLSM
LS-00409,2018-09-09,2017-18,NL,D-NL-01,Kohima,SEG-0025,NH-29,25.82117,94.15487,rotational_slide,rainfall,earth,quartzite,jhum_cultivation,1733,51,45.7,1378,247.5,0,0,2,True,1.2,minor,GSI-NLSM
LS-00410,2018-06-13,2017-18,TR,D-TR-02,North Tripura,SEG-0042,NH-8,24.34482,92.07599,mudslide,rainfall,earth,laterite,jhum_cultivation,3194,53,11.9,45,269.5,0,0,4,True,4.8,moderate,NDMA
LS-00411,2018-08-16,2017-18,SK,D-SK-02,Mangan,SEG-0050,NH-310,27.53622,88.54699,debris_flow,anthropogenic_cut,debris,phyllite,settlement,1590,40,32.4,1250,137.8,0,0,5,True,2.9,minor,NDMA
LS-00412,2017-09-22,2017-18,SK,D-SK-02,Mangan,SEG-0051,NH-310,27.63979,88.67255,rockfall,rainfall,rock,gneiss,settlement,1505,28,38.3,1250,377.6,0,0,4,True,7.6,moderate,GSI-NLSM
LS-00413,2017-07-02,2017-18,MN,D-MN-02,Churachandpur,SEG-0031,NH-2-S,24.6354,93.83431,rockfall,rainfall,rock,quartzite,agriculture,10189,50,27.6,850,511.8,0,0,0,True,187.2,major,NDMA
LS-00414,2018-07-09,2017-18,ML,D-ML-01,East Khasi Hills,SEG-0014,NH-6,25.50364,92.05257,rockfall,rainfall,rock,schist,road_cut,7305,76,30.6,1438,362.6,0,0,1,True,13.9,moderate,PWD-field
LS-00415,2018-04-03,2017-18,AR,D-AR-09,Dibang Valley,SEG-0066,NH-315,27.963,96.08382,rockfall,rainfall,rock,phyllite,settlement,181,8,48.6,1099,373.5,0,0,3,False,0.0,minor,GSI-NLSM
LS-00416,2018-06-04,2017-18,NL,D-NL-02,Dimapur,SEG-0021,NH-2,25.69867,94.05655,debris_flow,anthropogenic_cut,debris,schist,forest,3207,51,33.9,794,101.6,0,0,5,True,5.0,moderate,NDMA
LS-00417,2018-08-07,2017-18,AR,D-AR-06,West Siang,SEG-0061,NH-13,28.14983,94.88775,translational_slide,rainfall,rock,gneiss,forest,1974,34,28.0,386,468.6,0,0,1,False,0.0,minor,GSI-NLSM
LS-00418,2018-07-01,2017-18,SK,D-SK-01,Gangtok,SEG-0052,NH-510,27.21988,88.45602,translational_slide,anthropogenic_cut,rock,gneiss,agriculture,605,20,47.1,1662,122.5,0,0,2,True,5.7,minor,SDMA
LS-00419,2018-10-06,2017-18,SK,D-SK-03,Namchi,SEG-0054,NH-510,27.25093,88.28153,debris_flow,rainfall,debris,phyllite,jhum_cultivation,8166,51,44.2,1727,534.5,0,0,2,False,0.0,moderate,PWD-field
LS-00420,2017-05-14,2017-18,ML,D-ML-01,East Khasi Hills,SEG-0013,NH-6,25.61271,91.88459,debris_flow,rainfall,debris,sandstone_shale,agriculture,4728,74,40.5,1496,292.2,0,0,6,True,5.7,moderate,GSI-NLSM
LS-00421,2017-05-04,2017-18,MN,D-MN-04,Tamenglong,SEG-0029,NH-37,24.95388,93.45356,debris_flow,toe_erosion,debris,sandstone_shale,settlement,4100,70,18.5,1260,133.0,0,0,5,True,6.5,moderate,GSI-NLSM
LS-00422,2018-04-11,2017-18,AR,D-AR-04,Lower Subansiri,SEG-0059,NH-13,27.88961,94.13605,debris_flow,rainfall,debris,sandstone_shale,jhum_cultivation,506,21,35.1,1092,202.2,0,0,5,False,0.0,minor,PWD-field
LS-00423,2018-07-12,2017-18,WB,D-WB-01,Siliguri,SEG-0046,NH-10,27.12856,88.52125,debris_flow,anthropogenic_cut,debris,quartzite,barren,223054,376,40.2,886,48.4,0,4,24,True,302.1,catastrophic,GSI-NLSM
LS-00424,2017-07-07,2017-18,ML,D-ML-01,East Khasi Hills,SEG-0013,NH-6,25.84867,91.89151,rotational_slide,rainfall,earth,schist,forest,59,6,43.1,1496,403.9,0,0,2,True,1.0,minor,GSI-NLSM
LS-00425,2018-03-26,2017-18,AR,D-AR-04,Lower Subansiri,SEG-0059,NH-13,27.84711,94.0964,rockfall,rainfall,rock,schist,jhum_cultivation,1089,39,34.6,1092,614.9,0,0,5,False,0.0,minor,GSI-NLSM
LS-00426,2017-08-26,2017-18,AS,D-AS-01,Kamrup Metropolitan,SEG-0012,NH-6,26.07709,91.78314,debris_flow,rainfall,debris,sandstone_shale,forest,93,15,25.8,775,174.2,0,0,2,True,1.0,minor,SDMA
LS-00427,2018-07-14,2017-18,MN,D-MN-05,Senapati,SEG-0023,NH-2,25.36405,94.071,mudslide,rainfall,earth,schist,agriculture,9732,99,26.3,1061,180.9,0,0,2,False,0.0,moderate,GSI-NLSM
LS-00428,2018-07-26,2017-18,NL,D-NL-01,Kohima,SEG-0025,NH-29,26.0422,94.24328,rockfall,rainfall,rock,schist,barren,583,28,36.4,1378,540.4,0,0,2,False,0.0,minor,NDMA
LS-00429,2018-02-19,2017-18,ML,D-ML-01,East Khasi Hills,SEG-0013,NH-6,25.78137,91.88867,translational_slide,rainfall,rock,gneiss,road_cut,21980,149,36.5,1496,441.0,0,0,4,False,0.0,moderate,GSI-NLSM
LS-00430,2018-04-14,2017-18,AR,D-AR-01,Papum Pare,SEG-0057,NH-15,27.10232,93.68683,rotational_slide,rainfall,earth,siltstone,settlement,1698,50,23.1,259,558.1,5,5,4,False,0.0,catastrophic,GSI-NLSM
LS-00431,2017-05-04,2017-18,AS,D-AS-01,Kamrup Metropolitan,SEG-0012,NH-6,26.00117,91.81951,rotational_slide,toe_erosion,earth,gneiss,road_cut,895,37,26.9,775,100.7,0,0,1,False,0.0,minor,GSI-NLSM
LS-00432,2018-07-27,2017-18,AR,D-AR-03,West Kameng,SEG-0064,NH-13-W,27.39999,92.18442,earth_flow,rainfall,earth,phyllite,barren,301,20,33.0,2731,133.5,0,0,5,True,1.0,minor,GSI-NLSM
LS-00433,2018-06-14,2017-18,SK,D-SK-03,Namchi,SEG-0053,NH-510,27.12079,88.3369,rotational_slide,anthropogenic_cut,earth,gneiss,agriculture,755,18,27.5,1675,63.0,0,0,3,False,0.0,minor,GSI-NLSM
LS-00434,2017-05-20,2017-18,ML,D-ML-01,East Khasi Hills,SEG-0013,NH-6,25.64111,91.89151,translational_slide,anthropogenic_cut,rock,schist,jhum_cultivation,2760,39,53.0,1496,77.4,0,0,1,False,0.0,moderate,SDMA
LS-00435,2018-07-28,2017-18,MN,D-MN-01,Imphal West,SEG-0028,NH-37,24.87775,93.78225,debris_flow,rainfall,debris,sandstone_shale,settlement,2280,22,37.5,1023,594.8,0,0,4,True,3.4,moderate,GSI-NLSM
LS-00436,2018-06-27,2017-18,ML,D-ML-01,East Khasi Hills,SEG-0013,NH-6,25.6918,91.88999,mudslide,rainfall,earth,phyllite,forest,1049,32,36.8,1496,251.1,9,27,6,True,3.2,catastrophic,GSI-NLSM
LS-00437,2017-06-16,2017-18,AR,D-AR-06,West Siang,SEG-0061,NH-13,28.13432,94.96581,translational_slide,rainfall,rock,gneiss,barren,4709,39,23.0,386,587.5,0,0,2,False,0.0,moderate,NDMA
LS-00438,2017-03-25,2017-18,AR,D-AR-04,Lower Subansiri,SEG-0059,NH-13,27.67762,93.93482,debris_flow,seismic,debris,gneiss,settlement,4284,73,34.6,1092,17.9,0,0,0,True,3.8,moderate,GSI-NLSM
LS-00439,2018-07-21,2017-18,SK,D-SK-01,Gangtok,SEG-0048,NH-10,27.30601,88.56327,mudslide,rainfall,earth,schist,barren,12773,105,42.0,1650,616.3,0,0,6,True,25.4,moderate,PWD-field
LS-00440,2018-06-05,2017-18,MZ,D-MZ-01,Aizawl,SEG-0037,NH-302,23.50707,93.22636,rockfall,rainfall,rock,schist,forest,2858,41,41.0,1405,331.4,0,0,1,False,0.0,moderate,PWD-field
LS-00441,2017-09-20,2017-18,AR,D-AR-03,West Kameng,SEG-0064,NH-13-W,27.52555,91.96012,debris_flow,rainfall,debris,quartzite,road_cut,1277,37,37.5,2731,347.5,0,0,3,False,0.0,minor,PWD-field
LS-00442,2017-05-06,2017-18,AR,D-AR-03,West Kameng,SEG-0064,NH-13-W,27.42565,92.12998,rockfall,anthropogenic_cut,rock,phyllite,road_cut,11502,54,27.9,2731,94.0,0,0,4,True,67.4,moderate,SDMA
LS-00443,2018-09-17,2017-18,AR,D-AR-09,Dibang Valley,SEG-0066,NH-315,28.08518,95.89279,translational_slide,rainfall,rock,phyllite,jhum_cultivation,38,5,55.9,1099,296.9,0,0,6,False,0.0,minor,PWD-field
LS-00444,2018-08-24,2017-18,AR,D-AR-06,West Siang,SEG-0060,NH-13,28.01231,94.31137,mudslide,rainfall,earth,gneiss,barren,34,7,36.8,620,159.9,0,0,1,True,1.0,minor,GSI-NLSM
LS-00445,2018-05-28,2017-18,SK,D-SK-01,Gangtok,SEG-0052,NH-510,27.31752,88.58242,rotational_slide,rainfall,earth,quartzite,barren,4168,50,49.2,1662,415.2,0,0,6,False,0.0,moderate,PWD-field
LS-00446,2017-10-15,2017-18,SK,D-SK-01,Gangtok,SEG-0047,NH-10,27.23102,88.51426,rockfall,rainfall,rock,gneiss,road_cut,6560,98,39.4,1650,602.2,0,0,5,False,0.0,moderate,GSI-NLSM
LS-00447,2018-05-02,2017-18,SK,D-SK-01,Gangtok,SEG-0048,NH-10,27.25403,88.50622,debris_flow,rainfall,debris,quartzite,agriculture,445,30,36.6,1650,574.9,0,0,5,True,1.0,minor,GSI-NLSM
LS-00448,2018-07-09,2017-18,SK,D-SK-03,Namchi,SEG-0054,NH-510,27.26744,88.27378,rockfall,rainfall,rock,quartzite,road_cut,33134,79,33.3,1727,315.6,0,2,36,True,267.8,major,GSI-NLSM
LS-00449,2018-09-28,2017-18,MN,D-MN-01,Imphal West,SEG-0032,NH-2-S,24.89173,94.06688,mudslide,rainfall,earth,sandstone_shale,road_cut,252,10,41.7,1224,545.4,0,0,3,False,0.0,minor,SDMA
LS-00450,2018-07-24,2017-18,ML,D-ML-03,West Garo Hills,SEG-0019,NH-27-SPUR,25.49044,90.58681,mudslide,rainfall,earth,sandstone_shale,settlement,262,12,13.6,337,262.7,0,0,0,True,1.0,minor,NDMA
LS-00451,2017-06-04,2017-18,MN,D-MN-01,Imphal West,SEG-0028,NH-37,24.82738,93.89603,rotational_slide,rainfall,earth,gneiss,barren,410,32,31.6,1023,609.7,0,0,5,True,1.0,minor,GSI-NLSM
LS-00452,2018-05-09,2017-18,AR,D-AR-06,West Siang,SEG-0061,NH-13,28.12049,95.079,debris_flow,rainfall,debris,quartzite,barren,18851,69,38.1,386,149.9,0,0,0,True,21.6,moderate,GSI-NLSM
LS-00453,2018-06-04,2017-18,AR,D-AR-03,West Kameng,SEG-0064,NH-13-W,27.41605,92.14604,mudslide,anthropogenic_cut,earth,schist,barren,831,32,42.0,2731,96.0,0,0,4,True,1.3,minor,PWD-field
LS-00454,2018-07-17,2017-18,AR,D-AR-06,West Siang,SEG-0061,NH-13,28.13687,94.94985,debris_flow,rainfall,debris,sandstone_shale,barren,26551,155,35.5,386,236.3,0,3,8,True,32.0,major,SDMA
LS-00455,2017-08-26,2017-18,MN,D-MN-01,Imphal West,SEG-0028,NH-37,24.88567,93.77989,rockfall,seismic,rock,schist,barren,2250,40,38.3,1023,7.6,0,0,1,False,0.0,moderate,GSI-NLSM
LS-00456,2018-04-21,2017-18,MZ,D-MZ-04,Kolasib,SEG-0034,NH-306,23.81868,92.7019,debris_flow,rainfall,debris,schist,road_cut,65601,235,32.5,891,258.7,0,3,19,True,106.4,major,GSI-NLSM
LS-00457,2017-06-04,2017-18,ML,D-ML-01,East Khasi Hills,SEG-0013,NH-6,25.86385,91.87296,rockfall,rainfall,rock,sandstone_shale,road_cut,834,21,38.7,1496,213.4,0,0,0,True,2.3,minor,GSI-NLSM
LS-00458,2018-09-28,2017-18,NL,D-NL-03,Mokokchung,SEG-0027,NH-29,26.28747,94.80135,debris_flow,rainfall,debris,quartzite,road_cut,1478,52,42.6,1348,208.1,0,0,5,True,2.1,minor,SDMA
LS-00459,2018-06-27,2017-18,AR,D-AR-09,Dibang Valley,SEG-0066,NH-315,28.02193,95.99031,rockfall,anthropogenic_cut,rock,schist,road_cut,98,14,37.2,1099,61.3,0,0,0,False,0.0,minor,SDMA
LS-00460,2017-07-07,2017-18,SK,D-SK-01,Gangtok,SEG-0052,NH-510,27.22267,88.45085,earth_flow,rainfall,earth,quartzite,road_cut,351,16,48.5,1662,347.7,0,0,2,False,0.0,minor,GSI-NLSM
LS-00461,2018-08-02,2017-18,MZ,D-MZ-04,Kolasib,SEG-0034,NH-306,23.97484,92.70376,rotational_slide,rainfall,earth,gneiss,barren,662,21,25.3,891,148.1,0,0,5,True,1.0,minor,NDMA
LS-00462,2017-01-28,2017-18,SK,D-SK-02,Mangan,SEG-0051,NH-310,27.67532,88.73035,rockfall,rainfall,rock,gneiss,settlement,1296,22,50.6,1250,369.8,0,0,4,False,0.0,minor,PWD-field
LS-00463,2018-06-14,2017-18,AS,D-AS-07,Dima Hasao,SEG-0069,NH-27-DH,24.90529,92.82547,translational_slide,rainfall,rock,sandstone_shale,jhum_cultivation,285,26,21.8,352,230.9,0,0,1,True,4.1,minor,GSI-NLSM
LS-00464,2018-08-23,2017-18,SK,D-SK-02,Mangan,SEG-0050,NH-310,27.5641,88.6032,rotational_slide,rainfall,earth,phyllite,jhum_cultivation,8011,36,36.2,1250,543.0,0,0,1,False,0.0,moderate,NDMA
LS-00465,2017-08-20,2017-18,ML,D-ML-01,East Khasi Hills,SEG-0013,NH-6,25.69881,91.89373,debris_flow,rainfall,debris,phyllite,barren,550,18,37.4,1496,399.9,0,0,4,False,0.0,minor,NDMA
LS-00466,2018-09-26,2017-18,ML,D-ML-01,East Khasi Hills,SEG-0013,NH-6,25.6169,91.89945,rockfall,rainfall,rock,schist,barren,690,13,39.8,1496,556.9,1,1,0,False,0.0,major,GSI-NLSM
LS-00467,2017-05-07,2017-18,AR,D-AR-06,West Siang,SEG-0060,NH-13,28.13295,94.68202,translational_slide,rainfall,rock,phyllite,forest,5583,52,45.8,620,283.6,0,0,0,False,0.0,moderate,NDMA
LS-00468,2018-11-06,2017-18,ML,D-ML-01,East Khasi Hills,SEG-0013,NH-6,25.8743,91.87188,rotational_slide,rainfall,earth,gneiss,forest,8350,92,42.2,1496,339.0,0,0,5,True,9.6,moderate,NDMA
LS-00469,2017-08-13,2017-18,SK,D-SK-01,Gangtok,SEG-0052,NH-510,27.14995,88.36012,debris_flow,anthropogenic_cut,debris,quartzite,settlement,1797,31,49.5,1662,66.8,0,0,0,True,6.0,minor,NDMA
LS-00470,2018-04-12,2017-18,SK,D-SK-01,Gangtok,SEG-0049,NH-310,27.39513,88.57649,debris_flow,anthropogenic_cut,debris,gneiss,settlement,71,5,23.1,1450,98.9,0,0,0,True,1.0,minor,PWD-field
LS-00471,2018-04-23,2017-18,AR,D-AR-03,West Kameng,SEG-0064,NH-13-W,27.36606,92.26756,rockfall,rainfall,rock,schist,road_cut,42,6,41.5,2731,150.5,0,0,5,True,1.0,minor,GSI-NLSM
LS-00472,2017-07-24,2017-18,SK,D-SK-01,Gangtok,SEG-0049,NH-310,27.40404,88.58688,rotational_slide,rainfall,earth,sandstone_shale,jhum_cultivation,4780,80,37.9,1450,488.4,0,0,5,True,6.4,moderate,GSI-NLSM
LS-00473,2018-07-17,2017-18,AS,D-AS-09,Sonitpur,SEG-0062,NH-13-W,26.66235,92.78857,rockfall,rainfall,rock,phyllite,agriculture,27011,154,42.5,1247,500.7,0,3,22,True,106.2,major,NDMA
LS-00474,2017-07-24,2017-18,SK,D-SK-01,Gangtok,SEG-0052,NH-510,27.21982,88.44486,mudslide,rainfall,earth,phyllite,barren,2018,36,45.8,1662,344.9,0,0,3,True,2.0,moderate,NDMA
LS-00475,2018-05-04,2017-18,AR,D-AR-09,Dibang Valley,SEG-0066,NH-315,27.97667,96.09218,debris_flow,rainfall,debris,gneiss,agriculture,406,27,43.4,1099,162.7,2,0,6,False,0.0,major,NDMA
LS-00476,2018-10-14,2017-18,AR,D-AR-06,West Siang,SEG-0060,NH-13,28.14366,94.72593,translational_slide,anthropogenic_cut,rock,schist,jhum_cultivation,776,25,41.1,620,72.5,0,0,1,False,0.0,minor,SDMA
LS-00477,2017-09-16,2017-18,MN,D-MN-02,Churachandpur,SEG-0031,NH-2-S,24.73981,93.90224,rockfall,anthropogenic_cut,rock,quartzite,agriculture,1463,55,35.8,850,33.6,0,0,5,False,0.0,minor,SDMA
LS-00478,2018-05-16,2017-18,AS,D-AS-08,Karbi Anglong,SEG-0071,NH-36,25.89727,93.65837,rotational_slide,anthropogenic_cut,earth,laterite,forest,9600,66,24.2,165,73.0,0,0,1,True,17.2,moderate,GSI-NLSM
LS-00479,2017-08-13,2017-18,ML,D-ML-01,East Khasi Hills,SEG-0013,NH-6,25.81262,91.89252,rotational_slide,rainfall,earth,schist,forest,1005,31,37.6,1496,278.8,0,0,3,True,2.1,minor,GSI-NLSM
LS-00480,2018-08-16,2017-18,SK,D-SK-01,Gangtok,SEG-0052,NH-510,27.1949,88.41964,debris_flow,rainfall,debris,quartzite,jhum_cultivation,567,17,44.5,1662,534.4,0,0,0,False,0.0,minor,GSI-NLSM
LS-00481,2017-08-05,2017-18,ML,D-ML-01,East Khasi Hills,SEG-0013,NH-6,25.79207,91.87485,translational_slide,rainfall,rock,schist,agriculture,3327,56,51.8,1496,870.5,0,0,2,False,0.0,moderate,GSI-NLSM
LS-00482,2018-06-09,2017-18,SK,D-SK-03,Namchi,SEG-0054,NH-510,27.24903,88.28462,translational_slide,rainfall,rock,phyllite,barren,5646,40,45.6,1727,538.7,0,0,4,False,0.0,moderate,GSI-NLSM
LS-00483,2018-07-03,2017-18,AR,D-AR-06,West Siang,SEG-0061,NH-13,28.14469,94.8694,debris_flow,toe_erosion,debris,phyllite,road_cut,47662,184,30.4,386,73.3,0,2,22,True,73.1,major,GSI-NLSM
LS-00484,2017-07-22,2017-18,SK,D-SK-02,Mangan,SEG-0050,NH-310,27.57774,88.59481,debris_flow,rainfall,debris,sandstone_shale,jhum_cultivation,1441,46,45.3,1250,212.7,0,0,0,True,2.4,minor,SDMA
LS-00485,2018-07-12,2017-18,AR,D-AR-09,Dibang Valley,SEG-0066,NH-315,28.048,95.97059,rockfall,rainfall,rock,quartzite,jhum_cultivation,989,41,48.9,1099,391.9,0,0,4,False,0.0,minor,PWD-field
LS-00486,2018-06-11,2017-18,SK,D-SK-01,Gangtok,SEG-0052,NH-510,27.14242,88.37158,rotational_slide,rainfall,earth,schist,jhum_cultivation,147,7,47.5,1662,259.9,0,0,6,False,0.0,minor,SDMA
LS-00487,2018-07-11,2017-18,NL,D-NL-02,Dimapur,SEG-0021,NH-2,25.79678,93.92082,translational_slide,rainfall,rock,sandstone_shale,jhum_cultivation,126,15,35.9,794,325.8,0,0,6,True,1.0,minor,NDMA
LS-00488,2017-05-17,2017-18,AR,D-AR-05,East Siang,SEG-0065,NH-315,28.07554,95.43918,debris_flow,rainfall,debris,sandstone_shale,road_cut,107,6,32.6,1060,188.3,0,0,6,False,0.0,minor,GSI-NLSM
LS-00489,2018-09-16,2017-18,NL,D-NL-01,Kohima,SEG-0025,NH-29,25.87829,94.18551,translational_slide,rainfall,rock,schist,road_cut,327,24,52.0,1378,550.5,0,0,4,True,1.0,minor,NDMA
LS-00490,2018-07-14,2017-18,NL,D-NL-01,Kohima,SEG-0022,NH-2,25.59421,94.11054,debris_flow,rainfall,debris,phyllite,jhum_cultivation,382,19,34.9,1252,398.3,0,0,6,False,0.0,minor,NDMA
LS-00491,2017-07-15,2017-18,MN,D-MN-04,Tamenglong,SEG-0029,NH-37,24.90374,93.32829,rockfall,rainfall,rock,gneiss,settlement,765,25,19.2,1260,324.9,0,0,2,False,0.0,minor,SDMA
LS-00492,2018-06-20,2017-18,AR,D-AR-05,East Siang,SEG-0065,NH-315,28.07265,95.40163,debris_flow,toe_erosion,debris,sandstone_shale,road_cut,1424,22,23.7,1060,95.1,0,0,6,False,0.0,minor,PWD-field
LS-00493,2018-08-08,2017-18,NL,D-NL-04,Wokha,SEG-0026,NH-29,26.17569,94.36123,debris_flow,rainfall,debris,phyllite,barren,8170,88,45.0,1319,151.4,0,0,6,False,0.0,moderate,SDMA
LS-00494,2018-04-15,2017-18,MN,D-MN-05,Senapati,SEG-0024,NH-2,25.12469,94.00417,rockfall,rainfall,rock,phyllite,settlement,289,15,23.9,923,411.5,0,0,3,False,0.0,minor,GSI-NLSM
LS-00495,2017-09-21,2017-18,MZ,D-MZ-01,Aizawl,SEG-0035,NH-306,23.61923,92.74403,rockfall,rainfall,rock,sandstone_shale,jhum_cultivation,776,22,30.4,1216,270.8,0,0,3,False,0.0,minor,NDMA
LS-00496,2017-04-14,2017-18,SK,D-SK-03,Namchi,SEG-0054,NH-510,27.23574,88.28973,debris_flow,rainfall,debris,gneiss,road_cut,18760,159,48.3,1727,244.1,0,0,3,False,0.0,moderate,PWD-field
LS-00497,2018-08-05,2017-18,AR,D-AR-09,Dibang Valley,SEG-0066,NH-315,27.98254,96.06717,rotational_slide,rainfall,earth,gneiss,settlement,2727,28,50.1,1099,236.2,0,0,1,False,0.0,moderate,GSI-NLSM
LS-00498,2017-08-28,2017-18,AS,D-AS-01,Kamrup Metropolitan,SEG-0012,NH-6,25.98488,91.82049,rotational_slide,rainfall,earth,phyllite,barren,4156,77,21.8,775,569.2,0,0,0,False,0.0,moderate,SDMA
LS-00499,2018-06-12,2017-18,AR,D-AR-04,Lower Subansiri,SEG-0059,NH-13,27.74694,94.01712,rotational_slide,rainfall,earth,gneiss,forest,6373,86,50.6,1092,531.3,0,0,6,True,8.0,moderate,PWD-field
LS-00500,2017-10-20,2017-18,AR,D-AR-06,West Siang,SEG-0061,NH-13,28.14802,94.90278,debris_flow,rainfall,debris,quartzite,settlement,13427,116,38.5,386,271.6,0,0,1,False,0.0,moderate,NDMA
LS-00501,2018-05-06,2017-18,AR,D-AR-05,East Siang,SEG-0065,NH-315,28.10104,95.60493,rockfall,anthropogenic_cut,rock,sandstone_shale,jhum_cultivation,307,12,31.0,1060,6.3,0,0,2,True,2.8,minor,SDMA
LS-00502,2018-08-06,2017-18,AR,D-AR-01,Papum Pare,SEG-0058,NH-13,27.17542,93.64067,rotational_slide,rainfall,earth,sandstone_shale,barren,1444,27,29.9,1002,298.0,0,0,4,True,2.1,minor,NDMA
LS-00503,2017-07-25,2017-18,MZ,D-MZ-05,Serchhip,SEG-0036,NH-306,22.93098,92.75168,rotational_slide,anthropogenic_cut,earth,phyllite,settlement,3872,73,50.7,1084,70.0,0,0,4,False,0.0,moderate,GSI-NLSM
LS-00504,2017-09-19,2017-18,MN,D-MN-01,Imphal West,SEG-0028,NH-37,24.83133,93.87298,debris_flow,rainfall,debris,schist,barren,650,33,39.1,1023,370.8,0,0,0,False,0.0,minor,PWD-field
LS-00505,2018-06-23,2017-18,MZ,D-MZ-04,Kolasib,SEG-0034,NH-306,23.83985,92.70362,translational_slide,rainfall,rock,gneiss,road_cut,618,31,29.5,891,162.2,0,0,5,True,2.2,minor,GSI-NLSM
LS-00506,2018-07-19,2017-18,ML,D-ML-01,East Khasi Hills,SEG-0013,NH-6,25.66803,91.8807,debris_flow,rainfall,debris,sandstone_shale,jhum_cultivation,861,22,51.7,1496,239.4,0,0,3,True,1.9,minor,GSI-NLSM
LS-00507,2018-09-08,2017-18,AR,D-AR-07,Lohit,SEG-0067,NH-315,27.75248,95.99795,rotational_slide,rainfall,earth,laterite,forest,624,19,30.8,231,468.4,0,0,0,True,1.0,minor,PWD-field
LS-00508,2017-07-09,2017-18,NL,D-NL-02,Dimapur,SEG-0021,NH-2,25.72019,94.02139,rockfall,rainfall,rock,sandstone_shale,jhum_cultivation,3264,58,40.3,794,582.4,0,0,4,True,13.5,moderate,NDMA
LS-00509,2017-07-12,2017-18,ML,D-ML-02,West Jaintia Hills,SEG-0015,NH-6,25.26857,92.31958,debris_flow,anthropogenic_cut,debris,schist,road_cut,2920,52,31.7,701,36.0,0,0,1,False,0.0,moderate,PWD-field
LS-00510,2017-09-17,2017-18,SK,D-SK-02,Mangan,SEG-0050,NH-310,27.54961,88.58203,rockfall,rainfall,rock,schist,jhum_cultivation,998,46,30.2,1250,233.7,0,0,5,True,4.2,minor,NDMA
LS-00511,2017-08-09,2017-18,SK,D-SK-02,Mangan,SEG-0050,NH-310,27.54281,88.56733,rockfall,anthropogenic_cut,rock,sandstone_shale,road_cut,163,10,41.4,1250,92.1,0,0,4,True,1.0,minor,GSI-NLSM
LS-00512,2018-06-26,2017-18,MZ,D-MZ-01,Aizawl,SEG-0037,NH-302,23.54528,93.13658,translational_slide,rainfall,rock,sandstone_shale,road_cut,184,9,40.3,1405,268.8,0,0,3,True,2.5,minor,SDMA
LS-00513,2017-07-11,2017-18,MN,D-MN-05,Senapati,SEG-0024,NH-2,25.05032,93.97882,earth_flow,rainfall,earth,schist,barren,1146,33,27.9,923,320.7,0,0,3,False,0.0,minor,GSI-NLSM
LS-00514,2018-03-05,2017-18,ML,D-ML-04,East Garo Hills,SEG-0020,NH-27-SPUR,25.25841,90.62112,translational_slide,rainfall,rock,laterite,jhum_cultivation,1473,55,15.3,450,436.2,0,0,2,False,0.0,minor,SDMA
LS-00515,2018-06-12,2017-18,MZ,D-MZ-01,Aizawl,SEG-0037,NH-302,23.7012,92.79905,rockfall,anthropogenic_cut,rock,schist,agriculture,881,15,43.7,1405,26.0,0,0,5,False,0.0,minor,GSI-NLSM
LS-00516,2018-08-03,2017-18,MN,D-MN-05,Senapati,SEG-0024,NH-2,25.13237,93.99793,debris_flow,anthropogenic_cut,debris,gneiss,forest,1250,17,24.4,923,10.8,0,0,5,True,4.6,minor,NDMA
LS-00517,2018-05-20,2017-18,ML,D-ML-01,East Khasi Hills,SEG-0013,NH-6,25.83999,91.89213,mudslide,rainfall,earth,gneiss,road_cut,3933,53,44.9,1496,459.6,0,0,5,True,2.4,moderate,NDMA
LS-00518,2018-07-14,2017-18,AS,D-AS-08,Karbi Anglong,SEG-0068,NH-27-DH,25.54864,93.11849,translational_slide,anthropogenic_cut,rock,phyllite,road_cut,148,7,41.3,433,57.5,2,2,5,False,0.0,major,PWD-field
LS-00519,2017-07-27,2017-18,WB,D-WB-01,Siliguri,SEG-0046,NH-10,26.7969,88.42024,rockfall,rainfall,rock,gneiss,forest,475,24,56.9,886,162.1,0,0,0,True,2.8,minor,NDMA
LS-00520,2018-06-09,2017-18,ML,D-ML-02,West Jaintia Hills,SEG-0015,NH-6,24.93345,92.54915,rockfall,rainfall,rock,gneiss,road_cut,242,12,33.2,701,337.5,0,0,3,False,0.0,minor,GSI-NLSM
LS-00521,2017-09-22,2017-18,ML,D-ML-02,West Jaintia Hills,SEG-0015,NH-6,25.20185,92.37217,translational_slide,rainfall,rock,phyllite,road_cut,1236,47,33.6,701,900.0,0,0,5,False,0.0,minor,GSI-NLSM
LS-00522,2018-07-19,2017-18,AR,D-AR-09,Dibang Valley,SEG-0066,NH-315,28.05662,95.94277,debris_flow,rainfall,debris,sandstone_shale,barren,678,38,37.0,1099,178.1,0,0,2,True,5.7,minor,NDMA
LS-00523,2018-06-09,2017-18,MN,D-MN-01,Imphal West,SEG-0032,NH-2-S,24.86005,93.99801,debris_flow,rainfall,debris,quartzite,barren,650,33,49.6,1224,326.7,0,0,3,True,2.1,minor,GSI-NLSM
LS-00524,2017-08-01,2017-18,AR,D-AR-06,West Siang,SEG-0061,NH-13,28.09757,95.15648,rockfall,rainfall,rock,gneiss,agriculture,4205,42,24.3,386,321.9,1,1,3,True,34.9,major,SDMA
LS-00525,2018-06-04,2017-18,ML,D-ML-02,West Jaintia Hills,SEG-0015,NH-6,24.99936,92.51207,debris_flow,rainfall,debris,phyllite,barren,4232,46,38.0,701,411.2,0,0,4,True,7.9,moderate,SDMA
LS-00526,2017-07-12,2017-18,AR,D-AR-03,West Kameng,SEG-0064,NH-13-W,27.48987,92.03,debris_flow,anthropogenic_cut,debris,gneiss,jhum_cultivation,47351,120,41.3,2731,139.9,0,2,34,True,115.6,major,SDMA
LS-00527,2017-07-06,2017-18,AR,D-AR-06,West Siang,SEG-0061,NH-13,28.14597,94.93931,rotational_slide,rainfall,earth,quartzite,jhum_cultivation,4613,82,24.9,386,466.8,0,0,4,True,7.3,moderate,PWD-field
LS-00528,2017-05-08,2017-18,MN,D-MN-01,Imphal West,SEG-0028,NH-37,24.8847,93.74924,rotational_slide,rainfall,earth,phyllite,road_cut,19902,86,32.4,1023,422.5,0,0,6,True,18.7,moderate,NDMA
LS-00529,2018-07-18,2017-18,AR,D-AR-09,Dibang Valley,SEG-0066,NH-315,27.98363,96.06063,translational_slide,rainfall,rock,phyllite,agriculture,45343,72,37.7,1099,351.1,0,0,19,True,476.3,major,SDMA
LS-00530,2018-09-09,2017-18,AR,D-AR-06,West Siang,SEG-0061,NH-13,28.14782,94.90213,rockfall,rainfall,rock,gneiss,agriculture,21262,104,35.4,386,568.5,0,0,3,True,44.0,moderate,PWD-field
LS-00531,2018-06-07,2017-18,MN,D-MN-02,Churachandpur,SEG-0031,NH-2-S,24.67322,93.85044,translational_slide,rainfall,rock,gneiss,settlement,201,13,36.0,850,208.0,0,0,4,True,1.4,minor,NDMA
LS-00532,2018-06-08,2017-18,SK,D-SK-02,Mangan,SEG-0050,NH-310,27.53343,88.55507,debris_flow,rainfall,debris,phyllite,road_cut,14750,84,35.8,1250,200.9,3,3,5,False,0.0,major,GSI-NLSM
LS-00533,2018-07-23,2017-18,ML,D-ML-01,East Khasi Hills,SEG-0014,NH-6,25.5035,92.07046,debris_flow,rainfall,debris,gneiss,settlement,1106,35,38.2,1438,459.6,0,0,2,False,0.0,minor,GSI-NLSM
LS-00534,2017-06-19,2017-18,AR,D-AR-04,Lower Subansiri,SEG-0059,NH-13,27.77439,94.03205,debris_flow,rainfall,debris,schist,barren,1858,56,38.0,1092,331.9,0,0,5,True,2.9,minor,GSI-NLSM
LS-00535,2018-07-16,2017-18,AR,D-AR-09,Dibang Valley,SEG-0066,NH-315,28.05235,95.95304,rockfall,toe_erosion,rock,schist,jhum_cultivation,330,18,37.0,1099,93.2,0,0,0,True,3.4,minor,GSI-NLSM
LS-00536,2018-08-09,2017-18,MZ,D-MZ-04,Kolasib,SEG-0034,NH-306,24.1732,92.68056,debris_flow,rainfall,debris,quartzite,settlement,203,21,43.2,891,391.6,0,0,3,False,0.0,minor,GSI-NLSM
LS-00537,2018-04-09,2017-18,AR,D-AR-07,Lohit,SEG-0067,NH-315,27.70997,95.94938,mudslide,rainfall,earth,sandstone_shale,road_cut,233,12,17.7,231,556.1,0,0,3,False,0.0,minor,PWD-field
LS-00538,2018-04-16,2017-18,NL,D-NL-04,Wokha,SEG-0026,NH-29,26.26627,94.44217,debris_flow,rainfall,debris,gneiss,barren,3250,67,33.1,1319,357.9,0,0,0,False,0.0,moderate,SDMA
LS-00539,2017-12-18,2017-18,ML,D-ML-01,East Khasi Hills,SEG-0014,NH-6,25.48864,92.10489,debris_flow,rainfall,debris,gneiss,road_cut,113,6,38.9,1438,354.1,0,0,5,True,1.0,minor,PWD-field
LS-00540,2017-05-17,2017-18,ML,D-ML-01,East Khasi Hills,SEG-0014,NH-6,25.51779,92.04399,rotational_slide,rainfall,earth,sandstone_shale,forest,4326,45,32.2,1438,664.1,0,0,0,True,5.6,moderate,GSI-NLSM
LS-00541,2017-10-13,2017-18,ML,D-ML-02,West Jaintia Hills,SEG-0015,NH-6,25.09234,92.43392,rotational_slide,rainfall,earth,phyllite,settlement,365,16,28.0,701,787.2,0,0,2,False,0.0,minor,NDMA
LS-00542,2018-07-23,2017-18,ML,D-ML-01,East Khasi Hills,SEG-0014,NH-6,25.50568,92.09306,translational_slide,rainfall,rock,gneiss,barren,1773,24,29.2,1438,378.3,0,0,1,True,6.6,moderate,SDMA
LS-00543,2018-06-26,2017-18,SK,D-SK-03,Namchi,SEG-0053,NH-510,27.15561,88.34718,debris_flow,rainfall,debris,quartzite,settlement,953,18,37.8,1675,495.5,0,0,6,False,0.0,minor,PWD-field
LS-00544,2017-07-21,2017-18,AR,D-AR-03,West Kameng,SEG-0063,NH-13-W,27.09403,92.56917,debris_flow,rainfall,debris,phyllite,jhum_cultivation,10515,52,25.4,2415,252.0,0,0,1,False,0.0,moderate,NDMA
LS-00545,2018-10-25,2017-18,AR,D-AR-04,Lower Subansiri,SEG-0059,NH-13,27.79014,94.04425,debris_flow,rainfall,debris,quartzite,barren,271,14,31.8,1092,584.8,0,0,4,True,1.0,minor,SDMA
LS-00546,2018-06-01,2017-18,AS,D-AS-10,Bongaigaon,SEG-0018,NH-27-SPUR,25.7777,90.3692,translational_slide,anthropogenic_cut,rock,sandstone_shale,barren,32223,135,14.2,139,54.0,0,0,25,True,63.1,major,PWD-field
LS-00547,2017-05-13,2017-18,ML,D-ML-01,East Khasi Hills,SEG-0013,NH-6,25.84697,91.89195,translational_slide,rainfall,rock,phyllite,agriculture,2497,32,35.9,1496,585.5,0,0,3,False,0.0,moderate,NDMA
LS-00548,2017-09-06,2017-18,ML,D-ML-01,East Khasi Hills,SEG-0013,NH-6,25.77423,91.87904,debris_flow,rainfall,debris,quartzite,barren,3601,60,33.8,1496,396.4,0,0,2,True,8.8,moderate,SDMA
LS-00549,2018-10-21,2017-18,SK,D-SK-04,Gyalshing,SEG-0055,NH-510,27.35702,88.2348,rotational_slide,anthropogenic_cut,earth,sandstone_shale,road_cut,706,35,33.7,1780,69.7,0,0,0,False,0.0,minor,NDMA
LS-00550,2018-08-19,2017-18,MN,D-MN-01,Imphal West,SEG-0032,NH-2-S,24.85937,94.02508,rockfall,rainfall,rock,sandstone_shale,forest,1269,49,47.7,1224,563.4,0,0,3,True,14.2,moderate,NDMA
LS-00551,2018-04-12,2017-18,MN,D-MN-01,Imphal West,SEG-0032,NH-2-S,24.8634,94.01296,rockfall,rainfall,rock,schist,road_cut,174,12,51.9,1224,174.8,0,0,3,False,0.0,minor,GSI-NLSM
LS-00552,2018-07-13,2017-18,MN,D-MN-05,Senapati,SEG-0024,NH-2,25.07626,93.99078,rockfall,seismic,rock,gneiss,settlement,66042,150,29.1,923,27.2,0,3,37,True,299.9,major,SDMA
LS-00553,2017-06-06,2017-18,AR,D-AR-01,Papum Pare,SEG-0057,NH-15,27.15296,93.86004,earth_flow,rainfall,earth,sandstone_shale,road_cut,5615,58,34.6,259,556.4,0,0,4,True,17.7,moderate,PWD-field
LS-00554,2017-06-03,2017-18,AR,D-AR-03,West Kameng,SEG-0063,NH-13-W,27.15777,92.51789,rockfall,rainfall,rock,quartzite,settlement,147985,274,29.5,2415,207.2,0,1,14,True,632.6,major,NDMA
LS-00555,2018-07-08,2017-18,AR,D-AR-03,West Kameng,SEG-0063,NH-13-W,27.09215,92.56068,rockfall,rainfall,rock,phyllite,barren,16777,104,22.4,2415,425.3,0,0,3,False,0.0,moderate,PWD-field
LS-00556,2018-05-17,2017-18,SK,D-SK-01,Gangtok,SEG-0052,NH-510,27.30769,88.56425,debris_flow,rainfall,debris,quartzite,barren,447,10,49.3,1662,334.5,0,0,6,True,2.3,minor,GSI-NLSM
LS-00557,2018-09-22,2017-18,MN,D-MN-01,Imphal West,SEG-0032,NH-2-S,24.99818,94.2857,rockfall,rainfall,rock,sandstone_shale,settlement,934,20,50.4,1224,504.3,0,0,2,False,0.0,minor,SDMA
LS-00558,2017-05-13,2017-18,AS,D-AS-09,Sonitpur,SEG-0062,NH-13-W,26.72255,92.75774,debris_flow,rainfall,debris,sandstone_shale,jhum_cultivation,1191,27,34.0,1247,259.5,0,0,2,True,1.1,minor,NDMA
LS-00559,2018-06-16,2017-18,AS,D-AS-01,Kamrup Metropolitan,SEG-0012,NH-6,26.01073,91.81506,rockfall,rainfall,rock,quartzite,jhum_cultivation,53657,224,31.5,775,373.8,0,2,13,False,0.0,major,SDMA
LS-00560,2017-08-14,2017-18,AR,D-AR-09,Dibang Valley,SEG-0066,NH-315,28.06442,95.94242,rockfall,rainfall,rock,sandstone_shale,jhum_cultivation,587,33,55.3,1099,161.7,0,0,2,True,5.2,minor,PWD-field
LS-00561,2018-07-28,2017-18,AR,D-AR-04,Lower Subansiri,SEG-0059,NH-13,27.58967,93.86835,rockfall,rainfall,rock,quartzite,settlement,1197,37,49.8,1092,197.2,0,0,3,False,0.0,minor,NDMA
LS-00562,2017-05-19,2017-18,ML,D-ML-03,West Garo Hills,SEG-0019,NH-27-SPUR,25.49837,90.49974,debris_flow,rainfall,debris,sandstone_shale,jhum_cultivation,8395,93,24.9,337,661.6,0,0,4,True,8.3,moderate,PWD-field
LS-00563,2018-07-01,2017-18,SK,D-SK-02,Mangan,SEG-0050,NH-310,27.51998,88.54327,rockfall,rainfall,rock,phyllite,barren,1004,18,37.5,1250,152.2,0,0,1,False,0.0,minor,GSI-NLSM
LS-00564,2018-07-09,2017-18,SK,D-SK-03,Namchi,SEG-0054,NH-510,27.22513,88.31835,earth_flow,rainfall,earth,schist,settlement,21294,60,35.2,1727,582.0,0,0,3,True,34.9,moderate,PWD-field
LS-00565,2017-01-14,2017-18,ML,D-ML-01,East Khasi Hills,SEG-0014,NH-6,25.55341,91.94231,rockfall,rainfall,rock,schist,forest,5137,30,21.1,1438,183.7,0,0,2,True,14.8,moderate,SDMA
LS-00566,2017-05-16,2017-18,ML,D-ML-01,East Khasi Hills,SEG-0014,NH-6,25.49415,92.11744,earth_flow,anthropogenic_cut,earth,schist,barren,792,36,32.3,1438,113.5,0,0,0,False,0.0,minor,SDMA
LS-00567,2018-07-22,2017-18,MZ,D-MZ-01,Aizawl,SEG-0037,NH-302,23.52189,93.21095,translational_slide,anthropogenic_cut,rock,quartzite,barren,480,15,38.1,1405,17.9,9,18,4,True,8.7,catastrophic,NDMA
LS-00568,2017-04-27,2017-18,ML,D-ML-01,East Khasi Hills,SEG-0014,NH-6,25.56243,91.93691,translational_slide,anthropogenic_cut,rock,phyllite,settlement,190,23,30.6,1438,82.3,0,0,0,False,0.0,minor,PWD-field
LS-00569,2018-05-28,2017-18,ML,D-ML-01,East Khasi Hills,SEG-0013,NH-6,25.63769,91.90047,translational_slide,rainfall,rock,quartzite,forest,4183,64,49.4,1496,927.3,0,0,3,False,0.0,moderate,PWD-field
LS-00570,2018-03-24,2017-18,SK,D-SK-03,Namchi,SEG-0054,NH-510,27.19875,88.31875,rotational_slide,rainfall,earth,phyllite,settlement,594,27,36.8,1727,228.5,0,0,2,True,1.0,minor,PWD-field
LS-00571,2017-08-04,2017-18,SK,D-SK-03,Namchi,SEG-0053,NH-510,27.13196,88.33167,debris_flow,rainfall,debris,sandstone_shale,agriculture,361,17,33.7,1675,388.1,0,0,4,False,0.0,minor,GSI-NLSM
LS-00572,2018-05-22,2017-18,NL,D-NL-03,Mokokchung,SEG-0027,NH-29,26.31303,94.65577,translational_slide,toe_erosion,rock,schist,agriculture,808,26,37.4,1348,82.3,0,0,4,False,0.0,minor,PWD-field
LS-00573,2018-09-02,2017-18,ML,D-ML-01,East Khasi Hills,SEG-0013,NH-6,25.81802,91.88479,debris_flow,anthropogenic_cut,debris,schist,barren,4249,35,33.3,1496,83.5,0,0,6,True,9.1,moderate,SDMA
LS-00574,2017-04-03,2017-18,ML,D-ML-02,West Jaintia Hills,SEG-0015,NH-6,25.01297,92.4918,debris_flow,rainfall,debris,schist,settlement,1085,17,32.1,701,438.6,0,0,3,False,0.0,minor,GSI-NLSM
LS-00575,2018-07-13,2017-18,AR,D-AR-06,West Siang,SEG-0061,NH-13,28.09157,95.23594,debris_flow,rainfall,debris,quartzite,jhum_cultivation,5051,39,32.5,386,193.3,0,0,2,True,10.9,moderate,PWD-field
LS-00576,2017-05-17,2017-18,ML,D-ML-02,West Jaintia Hills,SEG-0015,NH-6,25.01884,92.47794,earth_flow,anthropogenic_cut,earth,quartzite,barren,1808,54,41.7,701,101.7,0,0,1,False,0.0,minor,PWD-field
LS-00577,2018-06-22,2017-18,MN,D-MN-05,Senapati,SEG-0024,NH-2,25.11505,93.99329,debris_flow,rainfall,debris,phyllite,settlement,6705,51,26.6,923,483.4,0,0,4,False,0.0,moderate,NDMA
LS-00578,2018-06-14,2017-18,ML,D-ML-01,East Khasi Hills,SEG-0014,NH-6,25.48746,92.10853,debris_flow,rainfall,debris,quartzite,barren,246,8,40.0,1438,531.6,0,0,3,True,1.0,minor,PWD-field
LS-00579,2018-07-17,2017-18,SK,D-SK-01,Gangtok,SEG-0047,NH-10,27.21511,88.508,rockfall,rainfall,rock,schist,road_cut,1189,27,23.8,1650,443.2,0,0,4,False,0.0,minor,GSI-NLSM
LS-00580,2017-08-26,2017-18,ML,D-ML-01,East Khasi Hills,SEG-0013,NH-6,25.75338,91.87771,mudslide,rainfall,earth,phyllite,road_cut,38935,214,41.8,1496,627.8,1,2,40,True,84.3,major,NDMA
LS-00581,2018-06-18,2017-18,MZ,D-MZ-04,Kolasib,SEG-0034,NH-306,23.86081,92.70043,debris_flow,anthropogenic_cut,debris,quartzite,agriculture,172,12,40.7,891,16.9,0,0,4,True,1.0,minor,PWD-field
LS-00582,2017-04-02,2017-18,TR,D-TR-03,Dhalai,SEG-0040,NH-8,23.95101,91.82055,translational_slide,rainfall,rock,siltstone,jhum_cultivation,1686,19,8.6,60,266.4,0,0,4,True,3.8,minor,GSI-NLSM
LS-00583,2017-05-23,2017-18,SK,D-SK-02,Mangan,SEG-0050,NH-310,27.59388,88.62714,rotational_slide,rainfall,earth,phyllite,barren,1400,23,43.8,1250,248.6,0,0,6,False,0.0,minor,GSI-NLSM
LS-00584,2018-04-11,2017-18,MN,D-MN-01,Imphal West,SEG-0028,NH-37,24.89745,93.73178,debris_flow,rainfall,debris,sandstone_shale,barren,9274,62,46.0,1023,331.6,0,0,6,True,13.7,moderate,SDMA
LS-00585,2017-06-04,2017-18,MN,D-MN-01,Imphal West,SEG-0032,NH-2-S,24.97028,94.21662,rotational_slide,seismic,earth,quartzite,road_cut,1852,21,47.6,1224,133.1,0,0,0,False,0.0,minor,SDMA
LS-00586,2017-07-22,2017-18,ML,D-ML-01,East Khasi Hills,SEG-0013,NH-6,25.71389,91.89652,rotational_slide,rainfall,earth,schist,barren,11828,96,47.3,1496,924.3,0,0,3,True,21.7,moderate,PWD-field
LS-00587,2017-03-07,2017-18,AS,D-AS-07,Dima Hasao,SEG-0069,NH-27-DH,25.13156,92.9964,translational_slide,rainfall,rock,sandstone_shale,agriculture,1062,17,30.6,352,460.4,0,0,6,False,0.0,minor,GSI-NLSM
LS-00588,2017-11-09,2017-18,ML,D-ML-03,West Garo Hills,SEG-0019,NH-27-SPUR,25.49953,90.35824,rotational_slide,anthropogenic_cut,earth,phyllite,forest,12997,129,12.4,337,117.1,0,0,5,False,0.0,moderate,SDMA
LS-00589,2018-06-15,2017-18,AR,D-AR-04,Lower Subansiri,SEG-0059,NH-13,27.60924,93.87866,debris_flow,anthropogenic_cut,debris,schist,jhum_cultivation,469,33,42.9,1092,25.2,0,0,0,False,0.0,minor,GSI-NLSM
LS-00590,2018-08-21,2017-18,SK,D-SK-02,Mangan,SEG-0050,NH-310,27.52539,88.56839,debris_flow,rainfall,debris,quartzite,barren,9135,79,36.7,1250,579.9,0,0,3,True,26.7,moderate,GSI-NLSM
LS-00591,2017-05-05,2017-18,AR,D-AR-04,Lower Subansiri,SEG-0059,NH-13,27.82113,94.07087,rotational_slide,rainfall,earth,gneiss,barren,2815,67,38.0,1092,198.9,2,6,0,True,4.7,major,NDMA
LS-00592,2017-11-10,2017-18,AR,D-AR-01,Papum Pare,SEG-0058,NH-13,27.15688,93.63773,debris_flow,rainfall,debris,sandstone_shale,forest,5475,78,27.0,1002,560.0,0,0,3,True,5.8,moderate,GSI-NLSM
LS-00593,2017-05-04,2017-18,ML,D-ML-01,East Khasi Hills,SEG-0013,NH-6,25.87271,91.88975,mudslide,rainfall,earth,quartzite,barren,132,10,37.3,1496,746.0,0,0,3,False,0.0,minor,GSI-NLSM
LS-00594,2017-06-03,2017-18,AR,D-AR-09,Dibang Valley,SEG-0066,NH-315,28.10097,95.86537,translational_slide,rainfall,rock,schist,road_cut,1715,50,37.4,1099,143.0,0,0,5,True,31.6,moderate,PWD-field
LS-00595,2018-09-06,2017-18,WB,D-WB-01,Siliguri,SEG-0046,NH-10,26.80211,88.42428,mudslide,rainfall,earth,phyllite,forest,5425,61,55.7,886,615.0,0,0,2,True,4.2,moderate,SDMA
LS-00596,2017-10-09,2017-18,MN,D-MN-01,Imphal West,SEG-0032,NH-2-S,25.02303,94.31567,rockfall,anthropogenic_cut,rock,quartzite,barren,15831,143,42.4,1224,45.6,0,0,4,False,0.0,moderate,SDMA
LS-00597,2017-07-01,2017-18,AR,D-AR-04,Lower Subansiri,SEG-0059,NH-13,27.59368,93.86347,rotational_slide,rainfall,earth,gneiss,jhum_cultivation,3144,67,47.9,1092,613.0,0,0,4,True,6.4,moderate,SDMA
LS-00598,2017-07-16,2017-18,ML,D-ML-01,East Khasi Hills,SEG-0013,NH-6,25.86144,91.87215,translational_slide,anthropogenic_cut,rock,quartzite,agriculture,10920,89,42.8,1496,125.9,0,0,1,False,0.0,moderate,GSI-NLSM
LS-00599,2017-05-25,2017-18,AS,D-AS-09,Sonitpur,SEG-0062,NH-13-W,26.88256,92.68643,debris_flow,toe_erosion,debris,sandstone_shale,forest,1452,37,27.6,1247,11.8,0,0,2,True,3.4,minor,GSI-NLSM
LS-00600,2017-09-08,2017-18,SK,D-SK-04,Gyalshing,SEG-0055,NH-510,27.34422,88.23732,translational_slide,rainfall,rock,gneiss,barren,7971,98,33.7,1780,258.7,0,0,1,False,0.0,moderate,NDMA
LS-00601,2017-08-19,2017-18,SK,D-SK-03,Namchi,SEG-0054,NH-510,27.23338,88.30815,rotational_slide,rainfall,earth,quartzite,road_cut,11799,78,33.5,1727,261.5,0,0,4,True,59.1,moderate,GSI-NLSM
LS-00602,2018-05-16,2017-18,MN,D-MN-04,Tamenglong,SEG-0030,NH-37,24.81283,92.89977,translational_slide,rainfall,rock,sandstone_shale,road_cut,8292,66,31.4,642,463.9,0,0,3,False,0.0,moderate,PWD-field
LS-00603,2018-06-22,2017-18,NL,D-NL-04,Wokha,SEG-0026,NH-29,26.2783,94.47627,debris_flow,rainfall,debris,gneiss,jhum_cultivation,1984,53,35.6,1319,263.0,0,0,6,False,0.0,minor,SDMA
LS-00604,2017-08-05,2017-18,AS,D-AS-08,Karbi Anglong,SEG-0068,NH-27-DH,25.51135,93.10761,mudslide,rainfall,earth,gneiss,forest,58326,136,54.3,433,135.7,0,1,0,True,343.5,major,PWD-field
LS-00605,2018-09-03,2017-18,AS,D-AS-09,Sonitpur,SEG-0056,NH-15,26.70195,92.92114,translational_slide,rainfall,rock,sandstone_shale,jhum_cultivation,4638,75,11.0,259,605.9,0,0,4,False,0.0,moderate,NDMA
LS-00606,2018-07-10,2017-18,AR,D-AR-09,Dibang Valley,SEG-0066,NH-315,28.0237,96.00414,rockfall,toe_erosion,rock,phyllite,road_cut,473,21,55.4,1099,21.6,0,0,4,False,0.0,minor,NDMA
LS-00607,2018-06-11,2017-18,ML,D-ML-02,West Jaintia Hills,SEG-0015,NH-6,24.94987,92.53369,debris_flow,rainfall,debris,phyllite,agriculture,631,17,33.3,701,857.3,0,0,3,False,0.0,minor,SDMA
LS-00608,2017-04-01,2017-18,ML,D-ML-01,East Khasi Hills,SEG-0013,NH-6,25.67997,91.88622,rockfall,rainfall,rock,quartzite,settlement,3607,63,47.1,1496,222.3,1,0,6,True,14.2,major,PWD-field
LS-00609,2018-07-15,2017-18,ML,D-ML-01,East Khasi Hills,SEG-0014,NH-6,25.4666,92.15704,rotational_slide,rainfall,earth,phyllite,jhum_cultivation,3359,50,27.8,1438,626.5,0,0,3,False,0.0,moderate,NDMA
LS-00610,2018-06-13,2017-18,ML,D-ML-01,East Khasi Hills,SEG-0014,NH-6,25.51131,92.04435,rotational_slide,rainfall,earth,gneiss,barren,1411,54,30.7,1438,192.5,0,0,4,False,0.0,minor,PWD-field
LS-00611,2017-06-08,2017-18,MZ,D-MZ-04,Kolasib,SEG-0034,NH-306,24.13003,92.68877,debris_flow,rainfall,debris,gneiss,jhum_cultivation,5602,69,29.4,891,178.2,0,0,0,False,0.0,moderate,GSI-NLSM
LS-00612,2018-06-11,2017-18,AR,D-AR-03,West Kameng,SEG-0064,NH-13-W,27.36841,92.24419,rockfall,rainfall,rock,schist,forest,4526,59,31.1,2731,561.1,3,9,3,True,39.1,major,SDMA
LS-00613,2017-02-10,2017-18,SK,D-SK-01,Gangtok,SEG-0049,NH-310,27.47321,88.54696,debris_flow,seismic,debris,gneiss,barren,86,6,33.3,1450,90.4,0,0,3,True,1.0,minor,SDMA
LS-00614,2018-06-26,2017-18,AR,D-AR-06,West Siang,SEG-0061,NH-13,28.10696,95.16569,translational_slide,rainfall,rock,phyllite,barren,2172,63,36.7,386,147.1,0,0,1,False,0.0,moderate,GSI-NLSM
LS-00615,2017-06-01,2017-18,AS,D-AS-08,Karbi Anglong,SEG-0068,NH-27-DH,25.5501,93.11061,rotational_slide,anthropogenic_cut,earth,schist,agriculture,162,9,41.3,433,102.5,0,0,3,True,1.0,minor,GSI-NLSM
LS-00616,2018-06-25,2017-18,SK,D-SK-04,Gyalshing,SEG-0055,NH-510,27.35179,88.23279,translational_slide,rainfall,rock,quartzite,forest,227,23,45.4,1780,208.2,0,0,5,False,0.0,minor,GSI-NLSM
LS-00617,2017-06-26,2017-18,MN,D-MN-02,Churachandpur,SEG-0031,NH-2-S,24.47457,93.76542,debris_flow,rainfall,debris,phyllite,agriculture,171,14,23.3,850,354.9,0,0,3,True,1.2,minor,GSI-NLSM
LS-00618,2018-05-04,2017-18,SK,D-SK-01,Gangtok,SEG-0047,NH-10,27.2077,88.51347,translational_slide,toe_erosion,rock,gneiss,agriculture,533,24,37.6,1650,36.2,0,0,0,True,1.0,minor,SDMA
LS-00619,2018-07-12,2017-18,TR,D-TR-01,West Tripura,SEG-0039,NH-8,23.91355,91.38817,debris_flow,rainfall,debris,siltstone,forest,1452,34,23.7,36,465.2,0,0,4,True,3.8,minor,SDMA
LS-00620,2018-07-02,2017-18,SK,D-SK-01,Gangtok,SEG-0049,NH-310,27.41574,88.57257,rockfall,rainfall,rock,gneiss,settlement,11106,78,25.9,1450,170.6,0,0,1,True,43.9,moderate,NDMA
LS-00621,2018-06-11,2017-18,MN,D-MN-01,Imphal West,SEG-0032,NH-2-S,24.90398,94.08129,rotational_slide,rainfall,earth,schist,barren,2005,60,45.6,1224,539.9,2,4,2,True,8.9,major,SDMA
LS-00622,2017-04-11,2017-18,AR,D-AR-03,West Kameng,SEG-0064,NH-13-W,27.35333,92.27459,translational_slide,rainfall,rock,schist,road_cut,215,13,25.9,2731,348.9,0,0,5,True,1.0,minor,NDMA
LS-00623,2017-04-14,2017-18,AR,D-AR-06,West Siang,SEG-0060,NH-13,28.05699,94.45929,rockfall,rainfall,rock,quartzite,barren,554,15,50.9,620,586.5,0,0,2,False,0.0,minor,NDMA
LS-00624,2017-07-07,2017-18,TR,D-TR-01,West Tripura,SEG-0039,NH-8,23.88268,91.36079,translational_slide,seismic,rock,phyllite,forest,462,28,19.8,36,120.3,2,6,3,True,1.2,major,GSI-NLSM
LS-00625,2017-08-17,2017-18,MZ,D-MZ-05,Serchhip,SEG-0036,NH-306,23.12895,92.79974,debris_flow,rainfall,debris,gneiss,forest,1510,41,40.0,1084,258.6,0,0,4,False,0.0,minor,GSI-NLSM
LS-00626,2017-09-04,2017-18,AR,D-AR-03,West Kameng,SEG-0063,NH-13-W,27.15289,92.52933,rockfall,rainfall,rock,phyllite,agriculture,5462,70,41.4,2415,342.6,0,0,1,True,6.7,moderate,GSI-NLSM
LS-00627,2017-07-23,2017-18,MZ,D-MZ-04,Kolasib,SEG-0034,NH-306,23.86987,92.70595,rockfall,rainfall,rock,quartzite,road_cut,292,26,31.6,891,315.0,0,0,0,True,1.5,minor,PWD-field
LS-00628,2017-07-28,2017-18,MZ,D-MZ-01,Aizawl,SEG-0035,NH-306,23.52432,92.77941,mudslide,rainfall,earth,sandstone_shale,road_cut,153,15,33.1,1216,201.8,0,0,1,True,1.0,minor,GSI-NLSM
LS-00629,2018-03-01,2017-18,AR,D-AR-05,East Siang,SEG-0065,NH-315,28.115,95.6646,debris_flow,toe_erosion,debris,sandstone_shale,barren,25292,67,30.2,1060,120.4,9,0,27,True,84.9,catastrophic,GSI-NLSM
LS-00630,2017-08-15,2017-18,NL,D-NL-02,Dimapur,SEG-0021,NH-2,25.70241,94.05722,rockfall,toe_erosion,rock,schist,forest,3580,38,29.5,794,106.8,0,0,5,True,12.3,moderate,GSI-NLSM
LS-00631,2018-05-05,2017-18,AS,D-AS-02,Nagaon,SEG-0070,NH-36,26.25057,92.83644,debris_flow,rainfall,debris,siltstone,settlement,755,18,14.5,123,250.5,0,0,6,True,2.5,minor,NDMA
LS-00632,2017-03-28,2017-18,SK,D-SK-03,Namchi,SEG-0053,NH-510,27.11506,88.33672,debris_flow,anthropogenic_cut,debris,gneiss,settlement,4382,57,29.2,1675,8.5,0,0,2,True,13.2,moderate,NDMA
LS-00633,2017-06-11,2017-18,MZ,D-MZ-04,Kolasib,SEG-0034,NH-306,23.88087,92.69708,translational_slide,rainfall,rock,quartzite,forest,2244,36,42.3,891,574.9,0,0,4,True,7.8,moderate,PWD-field
LS-00634,2018-06-23,2017-18,AS,D-AS-01,Kamrup Metropolitan,SEG-0012,NH-6,26.02153,91.81042,translational_slide,rainfall,rock,quartzite,settlement,517,28,29.2,775,592.8,0,0,1,True,2.2,minor,PWD-field
LS-00635,2017-05-19,2017-18,WB,D-WB-01,Siliguri,SEG-0046,NH-10,26.86873,88.43705,debris_flow,anthropogenic_cut,debris,quartzite,road_cut,7124,34,40.9,886,93.4,0,0,3,True,6.5,moderate,GSI-NLSM
LS-00636,2017-05-02,2017-18,ML,D-ML-01,East Khasi Hills,SEG-0013,NH-6,25.84389,91.88187,rockfall,rainfall,rock,schist,forest,2757,41,41.3,1496,789.5,0,0,2,False,0.0,moderate,GSI-NLSM
LS-00637,2017-07-28,2017-18,TR,D-TR-02,North Tripura,SEG-0042,NH-8,24.32932,92.04583,translational_slide,anthropogenic_cut,rock,sandstone_shale,settlement,1015,45,24.0,45,63.5,0,0,0,True,2.0,minor,NDMA
LS-00638,2017-07-05,2017-18,NL,D-NL-01,Kohima,SEG-0025,NH-29,25.71419,94.12256,debris_flow,rainfall,debris,phyllite,barren,6664,44,44.2,1378,233.0,0,0,6,False,0.0,moderate,GSI-NLSM
LS-00639,2018-08-12,2017-18,SK,D-SK-04,Gyalshing,SEG-0055,NH-510,27.36798,88.21576,rotational_slide,rainfall,earth,sandstone_shale,forest,8547,96,50.5,1780,351.3,0,0,4,False,0.0,moderate,GSI-NLSM
LS-00640,2018-07-24,2017-18,ML,D-ML-01,East Khasi Hills,SEG-0014,NH-6,25.56255,91.94137,rockfall,rainfall,rock,quartzite,barren,5021,60,33.9,1438,899.1,0,0,4,True,11.2,moderate,SDMA
LS-00641,2018-11-27,2017-18,MN,D-MN-04,Tamenglong,SEG-0030,NH-37,24.8235,92.95819,debris_flow,toe_erosion,debris,sandstone_shale,forest,3458,62,33.8,642,30.7,0,0,0,True,3.0,moderate,PWD-field
LS-00642,2018-09-17,2017-18,ML,D-ML-01,East Khasi Hills,SEG-0014,NH-6,25.48286,92.13301,debris_flow,anthropogenic_cut,debris,gneiss,jhum_cultivation,2095,25,38.4,1438,54.0,0,0,3,True,2.1,moderate,SDMA
LS-00643,2017-07-16,2017-18,MN,D-MN-01,Imphal West,SEG-0032,NH-2-S,24.95988,94.21064,rockfall,rainfall,rock,quartzite,agriculture,59,13,36.0,1224,422.0,0,0,6,False,0.0,minor,GSI-NLSM
LS-00644,2017-05-09,2017-18,ML,D-ML-02,West Jaintia Hills,SEG-0015,NH-6,25.1301,92.4073,translational_slide,rainfall,rock,quartzite,agriculture,1604,38,42.5,701,342.4,0,0,6,True,3.3,minor,GSI-NLSM
LS-00645,2018-08-06,2017-18,AR,D-AR-09,Dibang Valley,SEG-0066,NH-315,27.93991,96.13307,debris_flow,rainfall,debris,schist,road_cut,50475,171,40.3,1099,397.4,0,1,22,True,437.9,major,GSI-NLSM
LS-00646,2018-05-09,2017-18,AR,D-AR-03,West Kameng,SEG-0064,NH-13-W,27.40611,92.17939,rockfall,rainfall,rock,sandstone_shale,forest,3178,53,26.4,2731,358.4,0,0,5,False,0.0,moderate,GSI-NLSM
LS-00647,2018-07-17,2017-18,ML,D-ML-01,East Khasi Hills,SEG-0013,NH-6,25.7383,91.88526,translational_slide,rainfall,rock,schist,forest,907,17,48.6,1496,417.0,0,0,6,True,3.1,minor,GSI-NLSM
LS-00648,2017-05-20,2017-18,AR,D-AR-07,Lohit,SEG-0067,NH-315,27.85905,96.10974,debris_flow,rainfall,debris,sandstone_shale,barren,2788,55,28.8,231,228.1,0,0,2,False,0.0,moderate,GSI-NLSM
LS-00649,2018-06-02,2017-18,SK,D-SK-01,Gangtok,SEG-0048,NH-10,27.28382,88.54142,translational_slide,rainfall,rock,gneiss,barren,2233,47,45.7,1650,265.9,0,0,3,True,6.8,moderate,GSI-NLSM
LS-00650,2017-05-08,2017-18,AR,D-AR-06,West Siang,SEG-0060,NH-13,28.03697,94.37711,mudslide,anthropogenic_cut,earth,schist,jhum_cultivation,1303,52,38.8,620,18.4,0,0,3,True,1.0,minor,SDMA
LS-00651,2018-07-03,2017-18,SK,D-SK-01,Gangtok,SEG-0052,NH-510,27.2353,88.49617,rockfall,rainfall,rock,gneiss,jhum_cultivation,248,12,44.2,1662,178.1,0,0,1,True,1.6,minor,GSI-NLSM
LS-00652,2018-08-03,2017-18,MZ,D-MZ-05,Serchhip,SEG-0036,NH-306,23.15265,92.80326,rotational_slide,rainfall,earth,schist,forest,4890,38,48.5,1084,541.1,0,0,2,True,4.4,moderate,NDMA
LS-00653,2018-04-22,2017-18,ML,D-ML-01,East Khasi Hills,SEG-0013,NH-6,25.82269,91.88597,rockfall,rainfall,rock,sandstone_shale,settlement,1328,53,51.0,1496,828.3,0,0,1,True,3.3,minor,NDMA
LS-00654,2018-03-05,2017-18,ML,D-ML-01,East Khasi Hills,SEG-0014,NH-6,25.54745,91.97203,rotational_slide,rainfall,earth,gneiss,jhum_cultivation,4038,34,33.0,1438,892.5,0,0,4,False,0.0,moderate,SDMA
LS-00655,2018-07-08,2017-18,ML,D-ML-01,East Khasi Hills,SEG-0013,NH-6,25.70114,91.89436,mudslide,rainfall,earth,gneiss,forest,2480,21,52.0,1496,544.1,0,0,5,False,0.0,moderate,GSI-NLSM
LS-00656,2018-05-09,2017-18,SK,D-SK-01,Gangtok,SEG-0052,NH-510,27.21969,88.47114,debris_flow,rainfall,debris,sandstone_shale,agriculture,4799,45,41.9,1662,351.6,0,0,0,True,46.8,moderate,GSI-NLSM
LS-00657,2017-08-19,2017-18,AS,D-AS-01,Kamrup Metropolitan,SEG-0012,NH-6,26.02233,91.79554,rockfall,rainfall,rock,gneiss,jhum_cultivation,934,33,30.7,775,343.6,0,0,5,True,9.0,moderate,NDMA
LS-00658,2018-10-15,2017-18,SK,D-SK-04,Gyalshing,SEG-0055,NH-510,27.3426,88.23229,debris_flow,rainfall,debris,gneiss,jhum_cultivation,443,30,33.9,1780,302.6,0,0,6,True,1.0,minor,GSI-NLSM
LS-00659,2018-08-28,2017-18,AR,D-AR-03,West Kameng,SEG-0064,NH-13-W,27.31133,92.33086,rotational_slide,seismic,earth,sandstone_shale,jhum_cultivation,18664,96,30.8,2731,120.0,0,0,0,True,55.4,moderate,SDMA
LS-00660,2018-06-07,2017-18,NL,D-NL-03,Mokokchung,SEG-0027,NH-29,26.28876,94.74881,debris_flow,rainfall,debris,sandstone_shale,settlement,1722,25,31.9,1348,360.1,0,0,6,False,0.0,minor,GSI-NLSM
LS-00661,2018-08-17,2017-18,NL,D-NL-01,Kohima,SEG-0025,NH-29,25.75118,94.13634,rotational_slide,rainfall,earth,quartzite,road_cut,6096,82,46.6,1378,532.8,0,0,3,False,0.0,moderate,NDMA
LS-00662,2017-06-07,2017-18,AS,D-AS-01,Kamrup Metropolitan,SEG-0012,NH-6,26.08003,91.77851,rockfall,rainfall,rock,sandstone_shale,settlement,5735,73,36.3,775,501.5,0,0,3,True,15.0,moderate,NDMA
LS-00663,2018-09-20,2017-18,ML,D-ML-01,East Khasi Hills,SEG-0013,NH-6,25.60785,91.89451,rockfall,rainfall,rock,sandstone_shale,road_cut,1233,45,51.8,1496,810.1,0,0,2,False,0.0,minor,SDMA
LS-00664,2018-09-08,2017-18,AR,D-AR-04,Lower Subansiri,SEG-0059,NH-13,27.69291,93.96242,earth_flow,rainfall,earth,phyllite,settlement,2316,38,32.8,1092,126.9,0,0,2,False,0.0,moderate,PWD-field
LS-00665,2018-10-03,2017-18,AR,D-AR-09,Dibang Valley,SEG-0066,NH-315,28.1105,95.86673,debris_flow,rainfall,debris,gneiss,road_cut,15276,50,55.0,1099,188.6,0,0,0,False,0.0,moderate,GSI-NLSM
LS-00666,2018-10-28,2017-18,AR,D-AR-05,East Siang,SEG-0065,NH-315,28.07658,95.40759,translational_slide,rainfall,rock,schist,agriculture,2092,54,39.1,1060,541.8,0,0,6,True,9.8,moderate,SDMA
LS-00667,2018-07-23,2017-18,MZ,D-MZ-05,Serchhip,SEG-0036,NH-306,23.10847,92.79963,debris_flow,rainfall,debris,sandstone_shale,jhum_cultivation,7055,89,38.7,1084,588.6,0,0,6,False,0.0,moderate,SDMA
LS-00668,2018-06-24,2017-18,AS,D-AS-09,Sonitpur,SEG-0062,NH-13-W,26.74379,92.74754,debris_flow,seismic,debris,schist,barren,186,23,33.3,1247,91.0,0,0,0,True,1.0,minor,PWD-field
LS-00669,2017-06-11,2017-18,MN,D-MN-02,Churachandpur,SEG-0031,NH-2-S,24.48366,93.75525,debris_flow,rainfall,debris,quartzite,jhum_cultivation,505,11,28.7,850,226.4,0,0,5,True,2.5,minor,GSI-NLSM
LS-00670,2017-05-12,2017-18,SK,D-SK-01,Gangtok,SEG-0052,NH-510,27.26672,88.50372,rockfall,rainfall,rock,quartzite,road_cut,10924,68,40.2,1662,183.9,1,2,6,True,218.4,major,GSI-NLSM
LS-00671,2017-05-20,2017-18,ML,D-ML-01,East Khasi Hills,SEG-0013,NH-6,25.77862,91.87598,debris_flow,seismic,debris,phyllite,settlement,276,20,44.7,1496,51.5,0,0,4,True,1.0,minor,GSI-NLSM
LS-00672,2019-05-25,2019-20,AR,D-AR-03,West Kameng,SEG-0064,NH-13-W,27.31969,92.32178,translational_slide,anthropogenic_cut,rock,schist,road_cut,44842,189,33.7,2731,24.0,0,1,37,False,0.0,major,SDMA
LS-00673,2019-03-25,2019-20,SK,D-SK-01,Gangtok,SEG-0048,NH-10,27.29589,88.55835,rockfall,rainfall,rock,quartzite,settlement,539,11,28.4,1650,469.6,0,0,0,False,0.0,minor,PWD-field
LS-00674,2019-08-18,2019-20,NL,D-NL-04,Wokha,SEG-0026,NH-29,26.27754,94.45747,rockfall,rainfall,rock,gneiss,forest,4081,30,38.0,1319,240.8,0,0,0,True,8.8,moderate,GSI-NLSM
LS-00675,2020-04-08,2019-20,ML,D-ML-01,East Khasi Hills,SEG-0013,NH-6,25.83185,91.8917,rotational_slide,anthropogenic_cut,earth,schist,forest,199,9,35.1,1496,105.4,0,0,0,True,1.0,minor,GSI-NLSM
LS-00676,2020-06-15,2019-20,MN,D-MN-04,Tamenglong,SEG-0030,NH-37,24.80158,93.07201,debris_flow,anthropogenic_cut,debris,phyllite,barren,367,21,46.3,642,4.7,0,0,2,True,1.4,minor,SDMA
LS-00677,2020-07-21,2019-20,AR,D-AR-03,West Kameng,SEG-0064,NH-13-W,27.2949,92.37169,debris_flow,rainfall,debris,quartzite,jhum_cultivation,8154,103,28.0,2731,424.7,0,0,0,False,0.0,moderate,NDMA
LS-00678,2019-06-24,2019-20,AR,D-AR-05,East Siang,SEG-0065,NH-315,28.11455,95.62698,debris_flow,toe_erosion,debris,phyllite,road_cut,1336,44,20.3,1060,50.9,0,0,5,False,0.0,minor,NDMA
LS-00679,2019-09-13,2019-20,ML,D-ML-01,East Khasi Hills,SEG-0013,NH-6,25.71082,91.88523,debris_flow,rainfall,debris,sandstone_shale,road_cut,11246,72,51.6,1496,301.4,0,0,2,False,0.0,moderate,NDMA
LS-00680,2019-01-08,2019-20,AR,D-AR-01,Papum Pare,SEG-0058,NH-13,27.49421,93.80513,debris_flow,rainfall,debris,phyllite,settlement,19026,131,23.9,1002,432.1,0,0,0,False,0.0,moderate,NDMA
LS-00681,2019-03-14,2019-20,TR,D-TR-02,North Tripura,SEG-0043,NH-8,24.40915,92.2776,rotational_slide,rainfall,earth,siltstone,forest,42,7,25.0,34,519.6,0,0,6,True,1.0,minor,PWD-field
LS-00682,2020-08-05,2019-20,AS,D-AS-01,Kamrup Metropolitan,SEG-0012,NH-6,26.07219,91.77833,debris_flow,toe_erosion,debris,phyllite,agriculture,4915,43,27.6,775,58.8,0,0,5,True,10.4,moderate,NDMA
LS-00683,2020-08-11,2019-20,SK,D-SK-01,Gangtok,SEG-0049,NH-310,27.35938,88.59416,rockfall,rainfall,rock,quartzite,forest,2869,61,24.3,1450,472.7,0,0,2,False,0.0,moderate,NDMA
LS-00684,2020-08-11,2019-20,SK,D-SK-03,Namchi,SEG-0054,NH-510,27.21026,88.32794,earth_flow,rainfall,earth,sandstone_shale,forest,809,28,35.4,1727,429.7,0,0,3,False,0.0,minor,PWD-field
LS-00685,2019-07-06,2019-20,MN,D-MN-02,Churachandpur,SEG-0031,NH-2-S,24.44325,93.73069,rotational_slide,rainfall,earth,sandstone_shale,forest,66160,144,32.2,850,400.8,0,4,26,False,0.0,major,SDMA
LS-00686,2019-06-20,2019-20,MN,D-MN-04,Tamenglong,SEG-0029,NH-37,24.85898,93.23382,debris_flow,rainfall,debris,gneiss,road_cut,2893,64,23.1,1260,259.3,0,0,2,False,0.0,moderate,GSI-NLSM
LS-00687,2019-07-05,2019-20,NL,D-NL-01,Kohima,SEG-0025,NH-29,25.92269,94.19768,debris_flow,rainfall,debris,phyllite,agriculture,24147,62,52.5,1378,551.7,0,0,0,True,35.1,moderate,PWD-field
LS-00688,2019-08-17,2019-20,MZ,D-MZ-04,Kolasib,SEG-0034,NH-306,23.80343,92.70432,translational_slide,rainfall,rock,gneiss,agriculture,411,15,26.6,891,146.8,0,0,4,True,1.6,minor,GSI-NLSM
LS-00689,2020-08-15,2019-20,AR,D-AR-09,Dibang Valley,SEG-0066,NH-315,27.95058,96.10411,translational_slide,rainfall,rock,phyllite,road_cut,1072,46,38.3,1099,405.4,0,0,2,False,0.0,minor,NDMA
LS-00690,2020-07-25,2019-20,NL,D-NL-04,Wokha,SEG-0026,NH-29,26.22336,94.41321,rockfall,rainfall,rock,phyllite,barren,2708,27,28.2,1319,503.4,0,0,5,True,8.7,moderate,NDMA
LS-00691,2019-07-20,2019-20,SK,D-SK-02,Mangan,SEG-0050,NH-310,27.59411,88.62312,translational_slide,rainfall,rock,sandstone_shale,forest,2187,29,36.9,1250,477.5,0,0,0,False,0.0,moderate,GSI-NLSM
LS-00692,2019-09-12,2019-20,AR,D-AR-03,West Kameng,SEG-0064,NH-13-W,27.35893,92.27085,debris_flow,rainfall,debris,sandstone_shale,settlement,2122,45,41.0,2731,512.1,0,0,6,True,5.6,moderate,GSI-NLSM
LS-00693,2020-10-15,2019-20,ML,D-ML-01,East Khasi Hills,SEG-0013,NH-6,25.85339,91.87567,rockfall,rainfall,rock,phyllite,barren,1430,52,42.4,1496,185.8,0,0,5,False,0.0,minor,NDMA
LS-00694,2019-03-10,2019-20,ML,D-ML-01,East Khasi Hills,SEG-0013,NH-6,25.80417,91.88693,rotational_slide,rainfall,earth,quartzite,forest,482,14,44.3,1496,779.6,0,0,0,True,1.0,minor,PWD-field
LS-00695,2019-05-05,2019-20,AR,D-AR-06,West Siang,SEG-0060,NH-13,28.04634,94.43199,rockfall,anthropogenic_cut,rock,gneiss,settlement,6869,32,50.7,620,20.4,0,0,4,False,0.0,moderate,SDMA
LS-00696,2019-05-05,2019-20,SK,D-SK-01,Gangtok,SEG-0049,NH-310,27.40995,88.57856,debris_flow,rainfall,debris,sandstone_shale,road_cut,818,42,31.3,1450,279.7,0,0,1,True,1.5,minor,GSI-NLSM
LS-00697,2020-10-17,2019-20,SK,D-SK-02,Mangan,SEG-0050,NH-310,27.55992,88.57974,debris_flow,rainfall,debris,phyllite,agriculture,777,23,31.9,1250,615.2,0,0,6,True,1.5,minor,GSI-NLSM
LS-00698,2019-09-13,2019-20,SK,D-SK-01,Gangtok,SEG-0047,NH-10,27.18811,88.51838,translational_slide,rainfall,rock,gneiss,jhum_cultivation,1265,25,27.6,1650,363.1,0,0,1,True,5.3,minor,NDMA
LS-00699,2020-06-06,2019-20,NL,D-NL-03,Mokokchung,SEG-0027,NH-29,26.32105,94.55427,mudslide,rainfall,earth,schist,jhum_cultivation,148,15,49.3,1348,207.8,0,0,4,False,0.0,minor,SDMA
LS-00700,2020-06-17,2019-20,ML,D-ML-01,East Khasi Hills,SEG-0013,NH-6,25.76016,91.88192,rockfall,rainfall,rock,gneiss,settlement,817,17,40.7,1496,203.7,0,0,6,False,0.0,minor,GSI-NLSM
LS-00701,2019-07-09,2019-20,ML,D-ML-03,West Garo Hills,SEG-0019,NH-27-SPUR,25.50115,90.34353,rotational_slide,rainfall,earth,sandstone_shale,agriculture,7056,93,28.3,337,308.7,0,0,1,True,15.3,moderate,SDMA
LS-00702,2020-10-26,2019-20,ML,D-ML-01,East Khasi Hills,SEG-0013,NH-6,25.64954,91.89813,debris_flow,rainfall,debris,phyllite,agriculture,61770,248,33.8,1496,700.7,0,2,13,True,30.6,major,GSI-NLSM
LS-00703,2020-06-15,2019-20,SK,D-SK-01,Gangtok,SEG-0049,NH-310,27.38708,88.57512,debris_flow,anthropogenic_cut,debris,gneiss,road_cut,352,12,20.0,1450,29.6,0,0,5,True,1.0,minor,NDMA
LS-00704,2020-07-16,2019-20,ML,D-ML-01,East Khasi Hills,SEG-0013,NH-6,25.81147,91.8749,debris_flow,rainfall,debris,phyllite,forest,11057,115,37.9,1496,412.3,0,0,2,False,0.0,moderate,NDMA
LS-00705,2019-06-12,2019-20,SK,D-SK-02,Mangan,SEG-0050,NH-310,27.59672,88.63355,rockfall,rainfall,rock,phyllite,agriculture,133,16,31.7,1250,396.5,0,0,6,True,1.0,minor,PWD-field
LS-00706,2020-08-03,2019-20,AS,D-AS-02,Nagaon,SEG-0070,NH-36,26.06792,93.07613,debris_flow,rainfall,debris,siltstone,agriculture,2330,50,31.8,123,497.3,0,0,1,False,0.0,moderate,NDMA
LS-00707,2020-07-20,2019-20,SK,D-SK-01,Gangtok,SEG-0048,NH-10,27.2784,88.53954,rockfall,rainfall,rock,schist,agriculture,21390,72,38.4,1650,217.3,0,0,0,False,0.0,moderate,GSI-NLSM
LS-00708,2019-07-12,2019-20,SK,D-SK-04,Gyalshing,SEG-0055,NH-510,27.2945,88.24728,debris_flow,toe_erosion,debris,schist,settlement,849,13,52.2,1780,21.3,0,0,2,True,1.7,minor,NDMA
LS-00709,2019-08-25,2019-20,WB,D-WB-01,Siliguri,SEG-0046,NH-10,26.96563,88.46886,debris_flow,rainfall,debris,phyllite,agriculture,443,26,42.9,886,428.2,0,0,6,False,0.0,minor,GSI-NLSM
LS-00710,2020-05-07,2019-20,AS,D-AS-09,Sonitpur,SEG-0062,NH-13-W,26.68079,92.77339,rockfall,toe_erosion,rock,phyllite,jhum_cultivation,2154,27,28.0,1247,5.2,0,0,3,True,7.0,moderate,GSI-NLSM
LS-00711,2019-10-11,2019-20,AR,D-AR-03,West Kameng,SEG-0063,NH-13-W,27.12059,92.53661,debris_flow,rainfall,debris,quartzite,settlement,2079,58,32.6,2415,210.7,0,0,6,True,3.5,moderate,PWD-field
LS-00712,2019-09-10,2019-20,SK,D-SK-03,Namchi,SEG-0054,NH-510,27.27381,88.26698,translational_slide,rainfall,rock,phyllite,agriculture,462,25,47.6,1727,160.9,0,0,5,False,0.0,minor,GSI-NLSM
LS-00713,2020-07-24,2019-20,AR,D-AR-09,Dibang Valley,SEG-0066,NH-315,28.07308,95.9165,rotational_slide,rainfall,earth,gneiss,agriculture,726,14,41.4,1099,366.1,0,0,0,False,0.0,minor,GSI-NLSM
LS-00714,2020-09-19,2019-20,AR,D-AR-07,Lohit,SEG-0067,NH-315,27.83861,96.08164,rockfall,seismic,rock,siltstone,agriculture,831,21,14.5,231,126.2,0,0,6,True,5.3,minor,GSI-NLSM
LS-00715,2019-08-21,2019-20,ML,D-ML-01,East Khasi Hills,SEG-0013,NH-6,25.80374,91.87568,translational_slide,anthropogenic_cut,rock,gneiss,jhum_cultivation,152,12,38.2,1496,78.1,0,0,5,True,1.0,minor,GSI-NLSM
LS-00716,2020-07-26,2019-20,AR,D-AR-03,West Kameng,SEG-0064,NH-13-W,27.45339,92.0933,debris_flow,rainfall,debris,phyllite,forest,4421,78,40.5,2731,333.6,0,0,6,False,0.0,moderate,GSI-NLSM
LS-00717,2019-10-14,2019-20,ML,D-ML-01,East Khasi Hills,SEG-0013,NH-6,25.70523,91.88509,rockfall,rainfall,rock,quartzite,forest,196,8,50.6,1496,220.1,0,0,4,False,0.0,minor,PWD-field
LS-00718,2019-06-08,2019-20,AS,D-AS-08,Karbi Anglong,SEG-0068,NH-27-DH,25.40546,93.07138,rockfall,anthropogenic_cut,rock,gneiss,road_cut,865,27,47.5,433,3.1,0,0,6,False,0.0,minor,GSI-NLSM
LS-00719,2019-07-21,2019-20,ML,D-ML-01,East Khasi Hills,SEG-0013,NH-6,25.71561,91.89688,rockfall,rainfall,rock,quartzite,forest,5060,81,38.8,1496,552.1,0,0,5,True,24.0,moderate,SDMA
LS-00720,2019-09-04,2019-20,SK,D-SK-02,Mangan,SEG-0050,NH-310,27.56561,88.59485,rotational_slide,rainfall,earth,quartzite,road_cut,26676,75,45.4,1250,416.2,0,0,23,True,41.5,major,PWD-field
LS-00721,2019-08-16,2019-20,AR,D-AR-01,Papum Pare,SEG-0058,NH-13,27.34079,93.73325,debris_flow,rainfall,debris,phyllite,jhum_cultivation,667,31,40.8,1002,363.8,0,0,4,True,2.0,minor,NDMA
LS-00722,2019-09-06,2019-20,AS,D-AS-09,Sonitpur,SEG-0062,NH-13-W,26.90874,92.67452,debris_flow,rainfall,debris,schist,road_cut,1839,45,42.6,1247,163.2,0,0,5,True,1.5,minor,PWD-field
LS-00723,2020-08-04,2019-20,SK,D-SK-01,Gangtok,SEG-0048,NH-10,27.30254,88.57475,rockfall,rainfall,rock,quartzite,forest,1748,44,45.3,1650,516.6,0,0,2,False,0.0,minor,GSI-NLSM
LS-00724,2020-08-09,2019-20,AS,D-AS-08,Karbi Anglong,SEG-0068,NH-27-DH,25.21615,93.03648,rotational_slide,rainfall,earth,schist,forest,76506,267,46.9,433,237.0,3,7,0,True,397.4,major,GSI-NLSM
LS-00725,2020-09-01,2019-20,ML,D-ML-01,East Khasi Hills,SEG-0014,NH-6,25.45642,92.16646,rockfall,rainfall,rock,quartzite,jhum_cultivation,1166,17,36.0,1438,645.8,0,0,0,True,2.1,minor,PWD-field
LS-00726,2020-07-23,2019-20,AR,D-AR-01,Papum Pare,SEG-0057,NH-15,27.13873,93.75602,debris_flow,rainfall,debris,sandstone_shale,road_cut,1607,48,36.9,259,483.6,0,0,0,True,2.1,minor,PWD-field
LS-00727,2019-06-19,2019-20,ML,D-ML-01,East Khasi Hills,SEG-0014,NH-6,25.52323,92.01135,mudslide,rainfall,earth,phyllite,jhum_cultivation,5658,30,22.6,1438,877.0,0,0,1,True,11.4,moderate,GSI-NLSM
LS-00728,2020-07-19,2019-20,MZ,D-MZ-01,Aizawl,SEG-0037,NH-302,23.67559,92.8484,rockfall,rainfall,rock,quartzite,barren,4114,62,40.1,1405,370.2,0,0,2,False,0.0,moderate,PWD-field
LS-00729,2019-10-09,2019-20,AR,D-AR-01,Papum Pare,SEG-0058,NH-13,27.26766,93.69104,translational_slide,toe_erosion,rock,gneiss,forest,3813,47,30.7,1002,69.7,3,3,6,False,0.0,major,GSI-NLSM
LS-00730,2020-06-14,2019-20,SK,D-SK-04,Gyalshing,SEG-0055,NH-510,27.3559,88.23431,rotational_slide,rainfall,earth,sandstone_shale,settlement,6550,52,41.0,1780,592.4,0,0,2,True,15.6,moderate,GSI-NLSM
LS-00731,2020-07-14,2019-20,MN,D-MN-05,Senapati,SEG-0024,NH-2,25.21024,94.006,debris_flow,rainfall,debris,schist,agriculture,10414,44,31.6,923,563.3,0,0,3,False,0.0,moderate,NDMA
LS-00732,2020-04-16,2019-20,AS,D-AS-06,Cachar,SEG-0033,NH-306,24.69892,92.76016,debris_flow,rainfall,debris,sandstone_shale,forest,460,10,11.1,337,484.9,0,0,2,True,1.0,minor,GSI-NLSM
LS-00733,2020-08-19,2019-20,AR,D-AR-05,East Siang,SEG-0065,NH-315,28.08983,95.50449,translational_slide,rainfall,rock,quartzite,road_cut,116,6,33.8,1060,481.3,0,0,1,False,0.0,minor,GSI-NLSM
LS-00734,2019-05-24,2019-20,SK,D-SK-02,Mangan,SEG-0051,NH-310,27.64785,88.70281,rockfall,rainfall,rock,phyllite,barren,1953,27,41.1,1250,489.0,0,0,3,True,5.8,minor,NDMA
LS-00735,2019-10-14,2019-20,SK,D-SK-01,Gangtok,SEG-0047,NH-10,27.21283,88.5144,debris_flow,rainfall,debris,phyllite,barren,508,22,43.0,1650,183.3,0,0,6,False,0.0,minor,SDMA
LS-00736,2019-09-12,2019-20,ML,D-ML-02,West Jaintia Hills,SEG-0015,NH-6,25.25495,92.32386,debris_flow,rainfall,debris,sandstone_shale,road_cut,265,25,28.6,701,333.7,0,0,6,True,1.0,minor,GSI-NLSM
LS-00737,2020-07-24,2019-20,SK,D-SK-03,Namchi,SEG-0054,NH-510,27.24849,88.29806,mudslide,rainfall,earth,sandstone_shale,barren,481,27,33.0,1727,526.6,0,0,0,False,0.0,minor,NDMA
LS-00738,2019-07-17,2019-20,AR,D-AR-07,Lohit,SEG-0067,NH-315,27.82031,96.07127,earth_flow,seismic,earth,phyllite,agriculture,1174,23,17.1,231,100.9,0,0,5,False,0.0,minor,NDMA
LS-00739,2020-05-24,2019-20,ML,D-ML-01,East Khasi Hills,SEG-0013,NH-6,25.8363,91.87994,debris_flow,rainfall,debris,phyllite,jhum_cultivation,2433,26,47.2,1496,656.3,0,0,2,False,0.0,moderate,GSI-NLSM
LS-00740,2020-06-18,2019-20,AS,D-AS-08,Karbi Anglong,SEG-0068,NH-27-DH,25.62477,93.14412,rockfall,rainfall,rock,sandstone_shale,settlement,603,34,38.6,433,612.1,0,0,3,False,0.0,minor,GSI-NLSM
LS-00741,2020-06-27,2019-20,MN,D-MN-04,Tamenglong,SEG-0029,NH-37,24.89,93.30752,debris_flow,anthropogenic_cut,debris,sandstone_shale,barren,191,14,24.6,1260,43.2,0,0,5,False,0.0,minor,PWD-field
LS-00742,2020-08-16,2019-20,ML,D-ML-01,East Khasi Hills,SEG-0013,NH-6,25.65158,91.8837,debris_flow,rainfall,debris,quartzite,forest,126,10,42.5,1496,516.9,0,0,3,True,1.0,minor,GSI-NLSM
LS-00743,2019-07-22,2019-20,MN,D-MN-01,Imphal West,SEG-0032,NH-2-S,24.90235,94.08848,earth_flow,toe_erosion,earth,gneiss,barren,4331,32,50.0,1224,134.8,0,0,6,False,0.0,moderate,SDMA
LS-00744,2019-04-18,2019-20,ML,D-ML-04,East Garo Hills,SEG-0020,NH-27-SPUR,25.46315,90.62625,mudslide,rainfall,earth,sandstone_shale,road_cut,902,30,17.2,450,313.4,5,5,6,False,0.0,catastrophic,GSI-NLSM
LS-00745,2019-06-22,2019-20,SK,D-SK-04,Gyalshing,SEG-0055,NH-510,27.3115,88.25436,rotational_slide,rainfall,earth,quartzite,settlement,2345,45,35.9,1780,391.7,0,0,3,False,0.0,moderate,NDMA
LS-00746,2020-10-15,2019-20,SK,D-SK-01,Gangtok,SEG-0052,NH-510,27.21261,88.45006,translational_slide,rainfall,rock,schist,jhum_cultivation,930,27,41.6,1662,479.7,0,0,2,True,6.4,moderate,SDMA
LS-00747,2019-08-08,2019-20,AS,D-AS-03,Jorhat,SEG-0009,NH-27,26.85795,94.41837,mudslide,seismic,earth,laterite,settlement,2586,23,8,93,29.7,0,0,6,True,1.6,moderate,PWD-field
LS-00748,2020-04-13,2019-20,ML,D-ML-01,East Khasi Hills,SEG-0013,NH-6,25.75635,91.88065,debris_flow,rainfall,debris,quartzite,settlement,566,19,33.3,1496,898.6,0,0,4,True,1.0,minor,PWD-field
LS-00749,2020-07-17,2019-20,ML,D-ML-01,East Khasi Hills,SEG-0013,NH-6,25.68511,91.88441,debris_flow,rainfall,debris,phyllite,jhum_cultivation,3392,38,33.6,1496,892.6,0,0,3,True,8.0,moderate,GSI-NLSM
LS-00750,2019-07-17,2019-20,AR,D-AR-03,West Kameng,SEG-0064,NH-13-W,27.52108,91.96472,rockfall,rainfall,rock,schist,barren,366,21,26.1,2731,551.3,0,0,2,False,0.0,minor,PWD-field
LS-00751,2020-07-11,2019-20,AS,D-AS-01,Kamrup Metropolitan,SEG-0012,NH-6,25.96516,91.83689,mudslide,rainfall,earth,phyllite,settlement,4410,65,30.1,775,193.3,0,0,0,False,0.0,moderate,GSI-NLSM
LS-00752,2020-08-14,2019-20,TR,D-TR-01,West Tripura,SEG-0039,NH-8,23.98137,91.4956,translational_slide,rainfall,rock,siltstone,road_cut,1630,35,34.5,36,538.4,0,0,6,False,0.0,minor,GSI-NLSM
LS-00753,2019-01-21,2019-20,NL,D-NL-01,Kohima,SEG-0025,NH-29,25.84634,94.17338,rockfall,toe_erosion,rock,quartzite,settlement,2606,62,42.4,1378,4.9,18,54,0,True,7.0,catastrophic,NDMA
LS-00754,2019-03-10,2019-20,SK,D-SK-03,Namchi,SEG-0053,NH-510,27.12361,88.33631,debris_flow,rainfall,debris,quartzite,jhum_cultivation,537,29,22.9,1675,412.5,0,0,1,True,3.6,minor,GSI-NLSM
LS-00755,2020-05-27,2019-20,MZ,D-MZ-01,Aizawl,SEG-0037,NH-302,23.54285,93.1423,rotational_slide,rainfall,earth,sandstone_shale,jhum_cultivation,203,9,41.6,1405,601.6,2,4,6,False,0.0,major,SDMA
LS-00756,2019-07-18,2019-20,NL,D-NL-01,Kohima,SEG-0025,NH-29,25.86168,94.17774,translational_slide,rainfall,rock,sandstone_shale,road_cut,3237,66,39.2,1378,303.6,0,0,1,True,16.7,moderate,PWD-field
LS-00757,2020-08-09,2019-20,MN,D-MN-01,Imphal West,SEG-0028,NH-37,24.93714,93.64378,translational_slide,rainfall,rock,sandstone_shale,jhum_cultivation,692,13,33.3,1023,333.7,0,0,3,True,3.6,minor,NDMA
LS-00758,2020-05-09,2019-20,SK,D-SK-01,Gangtok,SEG-0047,NH-10,27.22206,88.50118,debris_flow,rainfall,debris,quartzite,forest,254,23,41.2,1650,582.0,0,0,1,True,1.0,minor,GSI-NLSM
LS-00759,2020-08-22,2019-20,SK,D-SK-01,Gangtok,SEG-0047,NH-10,27.21172,88.51567,debris_flow,rainfall,debris,gneiss,forest,1556,24,33.7,1650,372.5,0,0,1,False,0.0,minor,GSI-NLSM
LS-00760,2020-03-06,2019-20,MN,D-MN-04,Tamenglong,SEG-0030,NH-37,24.82103,92.824,rotational_slide,rainfall,earth,quartzite,agriculture,2697,30,41.5,642,215.1,0,0,5,False,0.0,moderate,GSI-NLSM
LS-00761,2019-06-04,2019-20,AS,D-AS-08,Karbi Anglong,SEG-0071,NH-36,25.88715,93.66268,debris_flow,rainfall,debris,sandstone_shale,barren,497,22,31.6,165,260.5,0,0,2,False,0.0,minor,NDMA
LS-00762,2019-04-28,2019-20,MN,D-MN-01,Imphal West,SEG-0028,NH-37,24.91308,93.69297,rockfall,rainfall,rock,schist,jhum_cultivation,853,34,42.5,1023,475.8,0,0,5,False,0.0,minor,SDMA
LS-00763,2020-03-23,2019-20,MN,D-MN-01,Imphal West,SEG-0032,NH-2-S,24.9839,94.26049,debris_flow,rainfall,debris,gneiss,jhum_cultivation,5037,30,47.8,1224,153.6,0,0,5,False,0.0,moderate,PWD-field
LS-00764,2020-09-21,2019-20,AS,D-AS-08,Karbi Anglong,SEG-0068,NH-27-DH,25.39882,93.07505,rotational_slide,rainfall,earth,gneiss,settlement,3105,35,46.0,433,352.5,0,0,0,True,18.4,moderate,SDMA
LS-00765,2020-06-21,2019-20,MN,D-MN-02,Churachandpur,SEG-0031,NH-2-S,24.53899,93.78915,debris_flow,toe_erosion,debris,schist,agriculture,6004,89,30.2,850,32.5,0,0,5,True,18.2,moderate,NDMA
LS-00766,2019-08-14,2019-20,AR,D-AR-04,Lower Subansiri,SEG-0059,NH-13,27.78066,94.04289,translational_slide,rainfall,rock,phyllite,jhum_cultivation,311,21,42.6,1092,538.5,3,6,0,False,0.0,major,SDMA
LS-00767,2019-06-24,2019-20,MZ,D-MZ-01,Aizawl,SEG-0037,NH-302,23.54712,93.14887,translational_slide,seismic,rock,phyllite,barren,4627,81,43.0,1405,71.1,3,0,4,True,68.0,major,NDMA
LS-00768,2019-08-12,2019-20,MZ,D-MZ-01,Aizawl,SEG-0037,NH-302,23.51926,93.20789,rotational_slide,anthropogenic_cut,earth,quartzite,jhum_cultivation,779,39,47.8,1405,62.7,0,0,4,False,0.0,minor,GSI-NLSM
LS-00769,2020-07-15,2019-20,ML,D-ML-04,East Garo Hills,SEG-0020,NH-27-SPUR,25.39425,90.62676,debris_flow,rainfall,debris,laterite,road_cut,6350,85,13.1,450,723.4,0,0,2,False,0.0,moderate,GSI-NLSM
LS-00770,2019-08-09,2019-20,AS,D-AS-07,Dima Hasao,SEG-0069,NH-27-DH,24.9715,92.88629,rockfall,rainfall,rock,gneiss,settlement,1864,54,23.3,352,520.7,0,0,5,True,18.9,moderate,GSI-NLSM
LS-00771,2020-08-26,2019-20,SK,D-SK-01,Gangtok,SEG-0052,NH-510,27.25764,88.49483,debris_flow,rainfall,debris,quartzite,forest,2053,19,41.4,1662,421.5,0,0,1,True,10.5,moderate,GSI-NLSM
LS-00772,2019-09-15,2019-20,AR,D-AR-03,West Kameng,SEG-0063,NH-13-W,27.05363,92.6012,debris_flow,rainfall,debris,phyllite,jhum_cultivation,1655,22,36.5,2415,391.5,0,0,4,True,1.5,minor,GSI-NLSM
LS-00773,2019-06-24,2019-20,MZ,D-MZ-01,Aizawl,SEG-0037,NH-302,23.6455,92.91606,translational_slide,rainfall,rock,quartzite,settlement,15533,109,53.7,1405,585.5,0,0,2,False,0.0,moderate,GSI-NLSM
LS-00774,2019-07-22,2019-20,ML,D-ML-01,East Khasi Hills,SEG-0013,NH-6,25.80462,91.88393,translational_slide,rainfall,rock,sandstone_shale,agriculture,22500,136,34.8,1496,563.5,0,0,5,False,0.0,moderate,GSI-NLSM
LS-00775,2020-07-14,2019-20,AR,D-AR-06,West Siang,SEG-0060,NH-13,28.05303,94.42351,translational_slide,rainfall,rock,schist,agriculture,463,14,47.2,620,384.0,0,0,6,False,0.0,minor,GSI-NLSM
LS-00776,2020-06-10,2019-20,ML,D-ML-01,East Khasi Hills,SEG-0014,NH-6,25.47718,92.13692,rotational_slide,anthropogenic_cut,earth,sandstone_shale,forest,24469,110,26.9,1438,104.7,0,0,0,True,23.9,moderate,GSI-NLSM
LS-00777,2019-06-23,2019-20,AR,D-AR-09,Dibang Valley,SEG-0066,NH-315,28.06296,95.93841,rockfall,anthropogenic_cut,rock,schist,jhum_cultivation,76,7,41.0,1099,82.9,0,0,6,True,2.0,minor,NDMA
LS-00778,2020-09-06,2019-20,ML,D-ML-01,East Khasi Hills,SEG-0014,NH-6,25.55603,91.95918,rockfall,rainfall,rock,phyllite,agriculture,1429,35,26.1,1438,500.2,0,0,0,True,5.5,minor,PWD-field
LS-00779,2019-06-17,2019-20,AS,D-AS-08,Karbi Anglong,SEG-0071,NH-36,25.85145,93.50636,rotational_slide,anthropogenic_cut,earth,siltstone,forest,218,24,14.6,165,58.8,0,0,0,True,1.0,minor,NDMA
LS-00780,2020-07-16,2019-20,SK,D-SK-03,Namchi,SEG-0053,NH-510,27.15627,88.3445,translational_slide,rainfall,rock,phyllite,settlement,23203,107,20.1,1675,357.3,0,0,5,True,139.8,major,GSI-NLSM
LS-00781,2019-02-16,2019-20,AR,D-AR-07,Lohit,SEG-0067,NH-315,27.76522,95.99851,rotational_slide,rainfall,earth,laterite,jhum_cultivation,345,11,20.8,231,292.4,0,0,4,True,1.0,minor,NDMA
LS-00782,2019-07-09,2019-20,MN,D-MN-02,Churachandpur,SEG-0031,NH-2-S,24.44673,93.74006,debris_flow,rainfall,debris,quartzite,agriculture,16213,60,23.9,850,202.2,0,0,6,True,88.8,major,SDMA
LS-00783,2020-10-27,2019-20,SK,D-SK-04,Gyalshing,SEG-0055,NH-510,27.31851,88.24445,debris_flow,rainfall,debris,quartzite,settlement,369,24,51.1,1780,529.1,3,6,5,True,3.0,major,GSI-NLSM
LS-00784,2020-08-02,2019-20,SK,D-SK-04,Gyalshing,SEG-0055,NH-510,27.34949,88.22378,debris_flow,rainfall,debris,gneiss,jhum_cultivation,3530,69,39.5,1780,517.9,0,0,3,False,0.0,moderate,SDMA
LS-00785,2019-06-15,2019-20,AR,D-AR-01,Papum Pare,SEG-0058,NH-13,27.14221,93.62337,debris_flow,rainfall,debris,schist,forest,14273,56,35.1,1002,446.1,0,0,3,True,21.8,moderate,GSI-NLSM
LS-00786,2020-07-15,2019-20,AS,D-AS-09,Sonitpur,SEG-0056,NH-15,26.95652,93.37685,earth_flow,rainfall,earth,phyllite,settlement,8463,108,16.1,259,517.2,0,0,6,True,12.3,moderate,GSI-NLSM
LS-00787,2020-07-05,2019-20,MN,D-MN-04,Tamenglong,SEG-0030,NH-37,24.81116,92.96204,rockfall,rainfall,rock,gneiss,forest,564,35,35.9,642,506.0,0,0,5,True,1.7,minor,GSI-NLSM
LS-00788,2019-01-20,2019-20,ML,D-ML-04,East Garo Hills,SEG-0020,NH-27-SPUR,25.37017,90.62531,rotational_slide,rainfall,earth,phyllite,settlement,546,19,30.1,450,855.7,0,0,6,True,1.0,minor,SDMA
LS-00789,2020-07-05,2019-20,AS,D-AS-01,Kamrup Metropolitan,SEG-0012,NH-6,26.04816,91.78949,rotational_slide,rainfall,earth,phyllite,forest,1222,35,23.1,775,421.7,0,0,4,True,2.8,minor,NDMA
LS-00790,2019-02-17,2019-20,AR,D-AR-09,Dibang Valley,SEG-0066,NH-315,28.06335,95.93933,debris_flow,anthropogenic_cut,debris,quartzite,road_cut,9038,55,47.9,1099,74.2,0,0,6,False,0.0,moderate,GSI-NLSM
LS-00791,2020-09-27,2019-20,ML,D-ML-01,East Khasi Hills,SEG-0013,NH-6,25.65724,91.89387,rockfall,rainfall,rock,schist,jhum_cultivation,9212,84,48.7,1496,752.9,0,0,0,False,0.0,moderate,SDMA
LS-00792,2020-09-07,2019-20,AR,D-AR-09,Dibang Valley,SEG-0066,NH-315,28.10343,95.86278,earth_flow,rainfall,earth,quartzite,barren,2313,50,41.5,1099,498.9,2,2,0,True,4.0,major,GSI-NLSM
LS-00793,2020-08-24,2019-20,WB,D-WB-01,Siliguri,SEG-0046,NH-10,26.96401,88.4776,debris_flow,rainfall,debris,schist,road_cut,4769,78,50.6,886,157.4,0,0,4,False,0.0,moderate,SDMA
LS-00794,2020-09-20,2019-20,ML,D-ML-01,East Khasi Hills,SEG-0014,NH-6,25.47986,92.14295,debris_flow,rainfall,debris,schist,barren,19882,122,35.9,1438,527.2,0,0,2,True,12.1,moderate,GSI-NLSM
LS-00795,2020-09-25,2019-20,NL,D-NL-04,Wokha,SEG-0026,NH-29,26.28796,94.49139,debris_flow,rainfall,debris,phyllite,jhum_cultivation,1179,25,32.1,1319,467.1,0,0,3,False,0.0,minor,SDMA
LS-00796,2019-04-06,2019-20,ML,D-ML-01,East Khasi Hills,SEG-0013,NH-6,25.76504,91.88906,debris_flow,toe_erosion,debris,quartzite,agriculture,180,10,34.1,1496,109.3,0,0,1,False,0.0,minor,GSI-NLSM
LS-00797,2020-07-16,2019-20,MZ,D-MZ-01,Aizawl,SEG-0035,NH-306,23.47146,92.79526,debris_flow,rainfall,debris,phyllite,barren,1269,35,26.7,1216,264.9,0,0,5,True,1.3,minor,PWD-field
LS-00798,2020-07-22,2019-20,SK,D-SK-02,Mangan,SEG-0051,NH-310,27.61309,88.65787,debris_flow,rainfall,debris,schist,jhum_cultivation,169,9,46.9,1250,410.7,0,0,2,True,1.0,minor,NDMA
LS-00799,2020-09-02,2019-20,AR,D-AR-03,West Kameng,SEG-0063,NH-13-W,27.15628,92.5246,rockfall,rainfall,rock,quartzite,agriculture,5170,66,25.0,2415,303.7,0,0,1,False,0.0,moderate,NDMA
LS-00800,2020-08-09,2019-20,AR,D-AR-04,Lower Subansiri,SEG-0059,NH-13,27.7094,93.96757,rockfall,rainfall,rock,quartzite,settlement,3962,28,46.3,1092,612.3,0,0,6,False,0.0,moderate,SDMA
LS-00801,2020-04-15,2019-20,AS,D-AS-06,Cachar,SEG-0033,NH-306,24.69127,92.75983,translational_slide,rainfall,rock,laterite,road_cut,360,19,19.8,337,229.2,0,0,4,True,1.0,minor,GSI-NLSM
LS-00802,2020-05-11,2019-20,AR,D-AR-04,Lower Subansiri,SEG-0059,NH-13,27.90042,94.13007,rockfall,rainfall,rock,gneiss,forest,2909,41,35.5,1092,580.6,0,0,1,True,21.1,moderate,SDMA
LS-00803,2019-05-05,2019-20,SK,D-SK-02,Mangan,SEG-0050,NH-310,27.55211,88.56637,rotational_slide,rainfall,earth,schist,barren,4855,63,34.1,1250,516.0,0,0,0,False,0.0,moderate,GSI-NLSM
LS-00804,2019-07-23,2019-20,AS,D-AS-10,Bongaigaon,SEG-0018,NH-27-SPUR,25.60157,90.25532,translational_slide,rainfall,rock,phyllite,jhum_cultivation,354,30,25.7,139,219.7,0,0,3,True,1.0,minor,PWD-field
LS-00805,2019-06-10,2019-20,SK,D-SK-02,Mangan,SEG-0051,NH-310,27.65936,88.69896,rockfall,rainfall,rock,sandstone_shale,road_cut,2937,69,36.2,1250,549.4,0,0,4,True,5.8,moderate,PWD-field
LS-00806,2019-01-24,2019-20,ML,D-ML-01,East Khasi Hills,SEG-0013,NH-6,25.77568,91.89142,debris_flow,rainfall,debris,gneiss,settlement,4779,64,36.0,1496,657.5,0,0,5,False,0.0,moderate,GSI-NLSM
LS-00807,2020-09-21,2019-20,MZ,D-MZ-04,Kolasib,SEG-0034,NH-306,24.06176,92.68249,rockfall,rainfall,rock,sandstone_shale,forest,910,37,26.1,891,610.6,0,0,5,True,2.4,minor,SDMA
LS-00808,2019-07-06,2019-20,AR,D-AR-04,Lower Subansiri,SEG-0059,NH-13,27.61167,93.89434,mudslide,anthropogenic_cut,earth,gneiss,barren,1912,47,43.1,1092,75.6,0,0,6,True,1.9,minor,SDMA
LS-00809,2019-07-15,2019-20,MZ,D-MZ-01,Aizawl,SEG-0037,NH-302,23.62549,92.98631,translational_slide,anthropogenic_cut,rock,phyllite,jhum_cultivation,2012,42,43.1,1405,64.4,0,0,3,False,0.0,moderate,GSI-NLSM
LS-00810,2020-05-11,2019-20,AR,D-AR-03,West Kameng,SEG-0064,NH-13-W,27.30987,92.34649,debris_flow,rainfall,debris,quartzite,barren,11668,110,34.1,2731,370.6,0,0,4,False,0.0,moderate,GSI-NLSM
LS-00811,2020-06-07,2019-20,AS,D-AS-08,Karbi Anglong,SEG-0068,NH-27-DH,25.26334,93.03641,rockfall,rainfall,rock,gneiss,settlement,25,6,37.8,433,269.5,0,0,0,True,1.0,minor,GSI-NLSM
LS-00812,2020-07-26,2019-20,MZ,D-MZ-04,Kolasib,SEG-0034,NH-306,23.87167,92.70491,debris_flow,rainfall,debris,gneiss,settlement,3290,74,43.2,891,172.0,0,0,1,True,9.8,moderate,SDMA
LS-00813,2020-07-27,2019-20,SK,D-SK-04,Gyalshing,SEG-0055,NH-510,27.35599,88.21965,rockfall,anthropogenic_cut,rock,schist,barren,1397,44,48.2,1780,53.2,0,0,3,False,0.0,minor,SDMA
LS-00814,2019-04-15,2019-20,SK,D-SK-04,Gyalshing,SEG-0055,NH-510,27.35529,88.21795,earth_flow,rainfall,earth,schist,barren,627,15,41.8,1780,176.8,0,0,1,True,2.4,minor,GSI-NLSM
LS-00815,2020-10-08,2019-20,MN,D-MN-01,Imphal West,SEG-0032,NH-2-S,24.94362,94.16297,rotational_slide,rainfall,earth,schist,road_cut,3141,56,47.2,1224,137.8,0,0,2,False,0.0,moderate,PWD-field
LS-00816,2020-05-16,2019-20,MZ,D-MZ-01,Aizawl,SEG-0037,NH-302,23.63663,92.94377,debris_flow,toe_erosion,debris,quartzite,agriculture,2966,49,53.0,1405,47.1,0,0,2,True,21.3,moderate,GSI-NLSM
LS-00817,2019-06-06,2019-20,ML,D-ML-01,East Khasi Hills,SEG-0014,NH-6,25.55164,91.96248,mudslide,rainfall,earth,sandstone_shale,jhum_cultivation,6651,89,20.7,1438,865.8,0,0,1,False,0.0,moderate,SDMA
LS-00818,2019-07-19,2019-20,ML,D-ML-02,West Jaintia Hills,SEG-0015,NH-6,25.26675,92.32991,earth_flow,anthropogenic_cut,earth,phyllite,agriculture,1711,53,35.0,701,81.3,0,0,0,True,2.3,minor,PWD-field
LS-00819,2019-07-05,2019-20,ML,D-ML-02,West Jaintia Hills,SEG-0015,NH-6,25.2052,92.36964,rockfall,seismic,rock,phyllite,agriculture,616,26,36.2,701,134.3,0,0,1,True,1.2,minor,PWD-field
LS-00820,2019-05-07,2019-20,ML,D-ML-01,East Khasi Hills,SEG-0013,NH-6,25.65564,91.89678,rockfall,rainfall,rock,phyllite,agriculture,1062,37,50.1,1496,547.2,1,0,4,False,0.0,major,GSI-NLSM
LS-00821,2020-07-28,2019-20,MZ,D-MZ-04,Kolasib,SEG-0034,NH-306,24.05984,92.68741,debris_flow,rainfall,debris,sandstone_shale,jhum_cultivation,2551,32,29.9,891,168.4,0,0,1,True,3.9,moderate,NDMA
LS-00822,2019-05-24,2019-20,SK,D-SK-01,Gangtok,SEG-0049,NH-310,27.47081,88.55236,rockfall,rainfall,rock,schist,barren,165490,310,23.2,1450,446.6,0,4,4,True,892.6,major,SDMA
LS-00823,2020-08-03,2019-20,SK,D-SK-01,Gangtok,SEG-0048,NH-10,27.25562,88.53013,debris_flow,rainfall,debris,quartzite,forest,277,23,43.7,1650,610.3,0,0,3,True,1.0,minor,NDMA
LS-00824,2020-06-06,2019-20,SK,D-SK-01,Gangtok,SEG-0052,NH-510,27.28539,88.5419,debris_flow,anthropogenic_cut,debris,gneiss,jhum_cultivation,1179,47,36.2,1662,7.3,0,0,4,True,5.6,minor,PWD-field
LS-00825,2020-06-28,2019-20,MZ,D-MZ-01,Aizawl,SEG-0037,NH-302,23.57235,93.07519,rockfall,rainfall,rock,schist,road_cut,2086,27,48.7,1405,231.5,0,0,3,True,29.3,moderate,NDMA
LS-00826,2019-07-19,2019-20,MZ,D-MZ-05,Serchhip,SEG-0036,NH-306,23.10798,92.78889,translational_slide,toe_erosion,rock,sandstone_shale,settlement,4530,39,50.5,1084,37.7,3,6,1,True,11.9,major,GSI-NLSM
LS-00827,2020-02-12,2019-20,AR,D-AR-03,West Kameng,SEG-0064,NH-13-W,27.44096,92.11192,rotational_slide,rainfall,earth,gneiss,settlement,444,29,29.1,2731,183.7,0,0,4,True,1.0,minor,NDMA
LS-00828,2020-11-11,2019-20,MZ,D-MZ-05,Serchhip,SEG-0036,NH-306,22.98914,92.75563,debris_flow,rainfall,debris,sandstone_shale,road_cut,1429,30,47.5,1084,377.3,0,0,2,False,0.0,minor,GSI-NLSM
LS-00829,2019-10-08,2019-20,WB,D-WB-01,Siliguri,SEG-0046,NH-10,26.91955,88.4462,debris_flow,anthropogenic_cut,debris,gneiss,settlement,497,15,55.7,886,39.8,0,0,0,True,1.0,minor,PWD-field
LS-00830,2020-06-01,2019-20,ML,D-ML-01,East Khasi Hills,SEG-0014,NH-6,25.49103,92.12721,translational_slide,rainfall,rock,sandstone_shale,jhum_cultivation,4222,66,28.9,1438,421.2,1,3,1,True,18.9,major,NDMA
LS-00831,2020-04-07,2019-20,MN,D-MN-04,Tamenglong,SEG-0029,NH-37,24.8917,93.30672,debris_flow,toe_erosion,debris,quartzite,forest,914,22,20.8,1260,98.1,0,0,5,True,1.1,minor,GSI-NLSM
LS-00832,2019-09-07,2019-20,ML,D-ML-03,West Garo Hills,SEG-0019,NH-27-SPUR,25.51063,90.40406,translational_slide,rainfall,rock,sandstone_shale,road_cut,7292,63,27.5,337,372.4,0,0,0,False,0.0,moderate,SDMA
LS-00833,2020-09-18,2019-20,SK,D-SK-03,Namchi,SEG-0053,NH-510,27.14085,88.33117,debris_flow,rainfall,debris,sandstone_shale,agriculture,1610,19,38.3,1675,193.4,0,0,4,False,0.0,minor,SDMA
LS-00834,2019-05-04,2019-20,MN,D-MN-01,Imphal West,SEG-0028,NH-37,24.90868,93.66408,rockfall,rainfall,rock,schist,road_cut,4754,60,39.0,1023,586.8,0,0,4,True,15.4,moderate,PWD-field
LS-00835,2020-08-13,2019-20,AS,D-AS-07,Dima Hasao,SEG-0069,NH-27-DH,24.90781,92.83678,debris_flow,anthropogenic_cut,debris,sandstone_shale,jhum_cultivation,468,27,34.8,352,52.1,9,27,1,True,8.9,catastrophic,GSI-NLSM
LS-00836,2019-11-25,2019-20,SK,D-SK-01,Gangtok,SEG-0048,NH-10,27.30322,88.56311,earth_flow,rainfall,earth,phyllite,barren,218,20,39.1,1650,524.0,0,0,1,True,1.0,minor,GSI-NLSM
LS-00837,2019-09-28,2019-20,AR,D-AR-01,Papum Pare,SEG-0058,NH-13,27.3489,93.73452,earth_flow,rainfall,earth,quartzite,settlement,233,18,32.9,1002,556.2,0,0,2,False,0.0,minor,GSI-NLSM
LS-00838,2020-05-12,2019-20,NL,D-NL-03,Mokokchung,SEG-0027,NH-29,26.30129,94.68862,rotational_slide,rainfall,earth,schist,forest,365,9,46.9,1348,330.6,0,0,1,True,1.0,minor,NDMA
LS-00839,2019-07-23,2019-20,AR,D-AR-09,Dibang Valley,SEG-0066,NH-315,28.0268,95.98862,mudslide,rainfall,earth,quartzite,agriculture,9357,106,49.1,1099,610.5,0,0,1,False,0.0,moderate,PWD-field
LS-00840,2019-05-04,2019-20,ML,D-ML-01,East Khasi Hills,SEG-0013,NH-6,25.64086,91.89918,earth_flow,rainfall,earth,phyllite,settlement,2194,44,51.9,1496,739.2,0,0,0,True,2.2,moderate,GSI-NLSM
LS-00841,2019-07-15,2019-20,NL,D-NL-01,Kohima,SEG-0022,NH-2,25.59587,94.10861,rotational_slide,rainfall,earth,schist,barren,1421,20,29.1,1252,344.3,1,1,1,True,2.0,major,GSI-NLSM
LS-00842,2020-08-28,2019-20,AR,D-AR-03,West Kameng,SEG-0063,NH-13-W,27.13694,92.54327,rockfall,rainfall,rock,schist,agriculture,252,24,28.6,2415,433.9,0,0,5,False,0.0,minor,GSI-NLSM
LS-00843,2019-07-01,2019-20,ML,D-ML-01,East Khasi Hills,SEG-0013,NH-6,25.74585,91.88037,debris_flow,rainfall,debris,schist,barren,782,15,47.3,1496,206.3,0,0,4,True,1.6,minor,GSI-NLSM
LS-00844,2020-09-12,2019-20,SK,D-SK-01,Gangtok,SEG-0049,NH-310,27.3689,88.59866,rockfall,seismic,rock,quartzite,settlement,2847,23,29.2,1450,80.6,0,0,3,True,16.1,moderate,GSI-NLSM
LS-00845,2020-02-23,2019-20,AS,D-AS-01,Kamrup Metropolitan,SEG-0012,NH-6,26.06728,91.7784,debris_flow,anthropogenic_cut,debris,gneiss,jhum_cultivation,2534,65,22.3,775,79.1,0,0,6,False,0.0,moderate,GSI-NLSM
LS-00846,2019-06-13,2019-20,SK,D-SK-02,Mangan,SEG-0050,NH-310,27.57549,88.61064,rotational_slide,rainfall,earth,phyllite,jhum_cultivation,1285,46,41.5,1250,412.9,0,0,6,True,1.8,minor,GSI-NLSM
LS-00847,2019-04-27,2019-20,SK,D-SK-01,Gangtok,SEG-0047,NH-10,27.21746,88.50393,debris_flow,anthropogenic_cut,debris,sandstone_shale,settlement,932,15,29.0,1650,26.5,0,0,5,True,1.0,minor,NDMA
LS-00848,2020-06-18,2019-20,MZ,D-MZ-04,Kolasib,SEG-0034,NH-306,24.10188,92.6868,debris_flow,rainfall,debris,gneiss,settlement,3455,69,40.8,891,588.0,0,0,0,True,10.9,moderate,PWD-field
LS-00849,2020-07-22,2019-20,AS,D-AS-02,Nagaon,SEG-0070,NH-36,26.03581,93.14336,earth_flow,rainfall,earth,phyllite,road_cut,1878,45,27.5,123,499.0,0,0,3,False,0.0,minor,SDMA
LS-00850,2019-08-03,2019-20,SK,D-SK-02,Mangan,SEG-0051,NH-310,27.665,88.71472,debris_flow,rainfall,debris,phyllite,barren,10316,106,42.9,1250,131.4,0,0,1,True,37.8,moderate,PWD-field
LS-00851,2020-07-19,2019-20,AR,D-AR-09,Dibang Valley,SEG-0066,NH-315,28.05462,95.93759,rotational_slide,anthropogenic_cut,earth,schist,agriculture,6745,80,40.0,1099,134.5,0,0,5,True,16.8,moderate,GSI-NLSM
LS-00852,2019-04-24,2019-20,AR,D-AR-09,Dibang Valley,SEG-0066,NH-315,28.05212,95.9534,translational_slide,rainfall,rock,gneiss,settlement,30194,91,45.2,1099,336.4,0,2,0,True,269.1,major,NDMA
LS-00853,2020-07-20,2019-20,ML,D-ML-01,East Khasi Hills,SEG-0014,NH-6,25.50928,92.03197,rotational_slide,rainfall,earth,schist,forest,479,19,27.3,1438,861.6,0,0,4,True,1.0,minor,SDMA
LS-00854,2019-05-16,2019-20,ML,D-ML-02,West Jaintia Hills,SEG-0015,NH-6,25.20228,92.35801,debris_flow,rainfall,debris,sandstone_shale,jhum_cultivation,321,11,34.8,701,424.6,0,0,6,True,1.0,minor,PWD-field
LS-00855,2020-06-07,2019-20,ML,D-ML-01,East Khasi Hills,SEG-0014,NH-6,25.49317,92.10685,rockfall,anthropogenic_cut,rock,phyllite,forest,776,27,36.1,1438,64.9,0,0,3,True,5.5,minor,NDMA
LS-00856,2019-09-04,2019-20,NL,D-NL-01,Kohima,SEG-0025,NH-29,25.73534,94.1296,mudslide,seismic,earth,gneiss,barren,126,14,41.8,1378,94.4,0,0,1,True,1.0,minor,SDMA
LS-00857,2020-06-21,2019-20,AR,D-AR-03,West Kameng,SEG-0063,NH-13-W,27.23971,92.45678,rockfall,rainfall,rock,phyllite,jhum_cultivation,104,7,26.0,2415,385.7,0,0,1,True,1.0,minor,SDMA
LS-00858,2019-07-12,2019-20,AR,D-AR-04,Lower Subansiri,SEG-0059,NH-13,27.79872,94.06585,debris_flow,rainfall,debris,schist,road_cut,7717,108,45.2,1092,306.1,0,0,5,True,31.7,moderate,GSI-NLSM
LS-00859,2020-06-24,2019-20,AR,D-AR-05,East Siang,SEG-0065,NH-315,28.12376,95.77443,earth_flow,rainfall,earth,gneiss,forest,47758,104,22.7,1060,496.2,0,1,1,True,148.0,major,GSI-NLSM
LS-00860,2019-08-18,2019-20,AR,D-AR-06,West Siang,SEG-0061,NH-13,28.07672,95.26966,debris_flow,toe_erosion,debris,sandstone_shale,barren,475,20,39.9,386,107.6,0,0,2,True,1.0,minor,SDMA
LS-00861,2019-02-19,2019-20,ML,D-ML-01,East Khasi Hills,SEG-0014,NH-6,25.55494,91.96913,mudslide,rainfall,earth,sandstone_shale,forest,663,31,36.1,1438,790.9,0,0,0,False,0.0,minor,NDMA
LS-00862,2020-07-23,2019-20,AS,D-AS-07,Dima Hasao,SEG-0069,NH-27-DH,24.88404,92.80373,debris_flow,rainfall,debris,sandstone_shale,settlement,1363,53,20.1,352,380.5,0,0,0,False,0.0,minor,PWD-field
LS-00863,2020-04-16,2019-20,NL,D-NL-01,Kohima,SEG-0022,NH-2,25.6446,94.11702,rockfall,rainfall,rock,schist,jhum_cultivation,7264,100,38.2,1252,180.7,0,0,4,True,15.6,moderate,SDMA
LS-00864,2019-06-07,2019-20,AR,D-AR-03,West Kameng,SEG-0063,NH-13-W,27.18634,92.5062,mudslide,rainfall,earth,sandstone_shale,jhum_cultivation,452,11,41.2,2415,493.0,0,0,3,True,1.6,minor,GSI-NLSM
LS-00865,2019-07-17,2019-20,AR,D-AR-06,West Siang,SEG-0060,NH-13,28.05107,94.45418,debris_flow,rainfall,debris,sandstone_shale,road_cut,488,13,47.7,620,320.2,0,0,6,True,2.2,minor,PWD-field
LS-00866,2020-06-26,2019-20,MZ,D-MZ-05,Serchhip,SEG-0036,NH-306,22.92158,92.73687,debris_flow,rainfall,debris,sandstone_shale,jhum_cultivation,234,8,51.9,1084,219.3,0,0,5,False,0.0,minor,NDMA
LS-00867,2020-07-14,2019-20,ML,D-ML-02,West Jaintia Hills,SEG-0015,NH-6,25.35227,92.26288,rockfall,rainfall,rock,quartzite,barren,55891,80,36.3,701,416.8,0,3,25,True,400.5,major,PWD-field
LS-00868,2020-06-11,2019-20,SK,D-SK-04,Gyalshing,SEG-0055,NH-510,27.33293,88.24139,debris_flow,rainfall,debris,sandstone_shale,jhum_cultivation,3097,56,36.7,1780,421.8,0,0,0,False,0.0,moderate,GSI-NLSM
LS-00869,2020-06-17,2019-20,MZ,D-MZ-01,Aizawl,SEG-0037,NH-302,23.64716,92.89812,debris_flow,rainfall,debris,sandstone_shale,barren,3860,72,54.1,1405,309.4,0,0,4,True,13.7,moderate,GSI-NLSM
LS-00870,2020-05-16,2019-20,AR,D-AR-03,West Kameng,SEG-0064,NH-13-W,27.33046,92.31483,rockfall,anthropogenic_cut,rock,phyllite,barren,47069,218,42.7,2731,78.5,0,4,14,True,114.9,major,PWD-field
LS-00871,2019-07-08,2019-20,AR,D-AR-01,Papum Pare,SEG-0058,NH-13,27.27072,93.69313,rockfall,rainfall,rock,phyllite,agriculture,18217,52,23.6,1002,238.1,1,0,4,True,56.0,major,NDMA
LS-00872,2019-08-21,2019-20,NL,D-NL-02,Dimapur,SEG-0021,NH-2,25.76712,93.95704,translational_slide,anthropogenic_cut,rock,gneiss,road_cut,4074,75,40.8,794,70.0,0,0,5,True,6.6,moderate,SDMA
LS-00873,2020-10-04,2019-20,AR,D-AR-09,Dibang Valley,SEG-0066,NH-315,27.9501,96.09386,rockfall,rainfall,rock,schist,forest,2511,43,44.7,1099,356.3,0,0,3,True,20.7,moderate,GSI-NLSM
LS-00874,2019-04-19,2019-20,AR,D-AR-03,West Kameng,SEG-0064,NH-13-W,27.55026,91.91141,debris_flow,rainfall,debris,quartzite,jhum_cultivation,130,6,38.5,2731,469.6,0,0,0,False,0.0,minor,GSI-NLSM
LS-00875,2019-07-18,2019-20,WB,D-WB-01,Siliguri,SEG-0046,NH-10,26.90526,88.45497,translational_slide,anthropogenic_cut,rock,gneiss,agriculture,1430,45,51.1,886,28.4,0,0,4,True,5.4,minor,NDMA
LS-00876,2019-07-13,2019-20,AR,D-AR-03,West Kameng,SEG-0063,NH-13-W,27.19285,92.49209,earth_flow,rainfall,earth,sandstone_shale,settlement,340,12,31.5,2415,511.0,0,0,2,False,0.0,minor,SDMA
LS-00877,2020-06-08,2019-20,AR,D-AR-04,Lower Subansiri,SEG-0059,NH-13,27.75059,94.02292,rockfall,rainfall,rock,phyllite,road_cut,51,12,38.5,1092,488.8,0,0,5,True,1.0,minor,SDMA
LS-00878,2019-07-09,2019-20,NL,D-NL-03,Mokokchung,SEG-0027,NH-29,26.28328,94.78429,rockfall,rainfall,rock,quartzite,road_cut,1250,27,35.9,1348,478.7,2,6,4,False,0.0,major,GSI-NLSM
LS-00879,2020-06-01,2019-20,NL,D-NL-01,Kohima,SEG-0022,NH-2,25.58068,94.12331,debris_flow,rainfall,debris,gneiss,forest,8589,66,29.8,1252,587.0,0,0,6,True,18.0,moderate,PWD-field
LS-00880,2020-06-23,2019-20,ML,D-ML-03,West Garo Hills,SEG-0019,NH-27-SPUR,25.49182,90.53385,rockfall,rainfall,rock,siltstone,road_cut,11505,77,19.0,337,482.2,0,0,6,True,9.9,moderate,GSI-NLSM
LS-00881,2019-07-14,2019-20,SK,D-SK-04,Gyalshing,SEG-0055,NH-510,27.34431,88.2264,debris_flow,rainfall,debris,gneiss,forest,25652,80,43.3,1780,607.9,2,8,25,True,113.2,major,GSI-NLSM
LS-00882,2020-08-19,2019-20,AR,D-AR-06,West Siang,SEG-0061,NH-13,28.07647,95.27599,rockfall,anthropogenic_cut,rock,phyllite,jhum_cultivation,1725,18,33.5,386,140.0,0,0,1,True,5.3,minor,SDMA
LS-00883,2019-05-13,2019-20,AR,D-AR-01,Papum Pare,SEG-0058,NH-13,27.16335,93.65351,debris_flow,rainfall,debris,sandstone_shale,forest,6366,57,29.5,1002,371.9,0,0,5,False,0.0,moderate,SDMA
LS-00884,2019-07-01,2019-20,NL,D-NL-01,Kohima,SEG-0025,NH-29,25.87655,94.18674,mudslide,rainfall,earth,schist,road_cut,5154,67,44.6,1378,199.1,0,0,5,False,0.0,moderate,GSI-NLSM
LS-00885,2019-08-06,2019-20,SK,D-SK-01,Gangtok,SEG-0049,NH-310,27.43288,88.56431,translational_slide,rainfall,rock,schist,agriculture,31793,90,19.9,1450,318.1,0,4,29,True,111.2,major,NDMA
LS-00886,2020-09-02,2019-20,AR,D-AR-01,Papum Pare,SEG-0058,NH-13,27.15989,93.62947,rotational_slide,rainfall,earth,sandstone_shale,settlement,1856,40,31.3,1002,324.6,0,0,4,True,8.1,moderate,PWD-field
LS-00887,2019-11-18,2019-20,AR,D-AR-03,West Kameng,SEG-0064,NH-13-W,27.48792,92.0309,debris_flow,rainfall,debris,phyllite,road_cut,4790,43,42.0,2731,566.1,0,0,6,True,5.7,moderate,SDMA
LS-00888,2019-06-11,2019-20,SK,D-SK-01,Gangtok,SEG-0049,NH-310,27.41122,88.57771,rotational_slide,anthropogenic_cut,earth,quartzite,settlement,2781,43,28.9,1450,27.4,0,0,6,False,0.0,moderate,SDMA
LS-00889,2020-10-16,2019-20,TR,D-TR-02,North Tripura,SEG-0043,NH-8,24.37282,92.18147,debris_flow,rainfall,debris,sandstone_shale,road_cut,528,29,26.9,34,169.7,0,0,0,False,0.0,minor,GSI-NLSM
LS-00890,2019-09-25,2019-20,MN,D-MN-04,Tamenglong,SEG-0030,NH-37,24.8029,93.07348,translational_slide,rainfall,rock,schist,barren,327,19,31.8,642,488.6,0,0,1,True,1.0,minor,GSI-NLSM
LS-00891,2020-05-22,2019-20,SK,D-SK-01,Gangtok,SEG-0052,NH-510,27.14128,88.37235,translational_slide,rainfall,rock,sandstone_shale,road_cut,10689,83,48.8,1662,345.1,0,0,0,False,0.0,moderate,SDMA
LS-00892,2019-07-07,2019-20,MZ,D-MZ-01,Aizawl,SEG-0037,NH-302,23.55818,93.12776,translational_slide,rainfall,rock,sandstone_shale,forest,73,5,46.4,1405,448.8,0,0,5,False,0.0,minor,GSI-NLSM
LS-00893,2019-06-12,2019-20,ML,D-ML-01,East Khasi Hills,SEG-0013,NH-6,25.84806,91.87642,translational_slide,rainfall,rock,quartzite,agriculture,16685,72,46.7,1496,338.8,0,0,6,False,0.0,moderate,PWD-field
LS-00894,2019-05-25,2019-20,AS,D-AS-09,Sonitpur,SEG-0056,NH-15,26.68734,92.87983,mudslide,rainfall,earth,siltstone,settlement,4210,29,27.0,259,246.1,0,0,1,True,1.8,moderate,PWD-field
LS-00895,2020-08-07,2019-20,WB,D-WB-01,Siliguri,SEG-0046,NH-10,26.92904,88.45217,debris_flow,rainfall,debris,schist,road_cut,3095,28,56.7,886,472.5,0,0,5,True,8.9,moderate,NDMA
LS-00896,2019-09-24,2019-20,ML,D-ML-01,East Khasi Hills,SEG-0014,NH-6,25.46381,92.14481,rotational_slide,rainfall,earth,quartzite,settlement,27594,172,28.7,1438,639.9,0,3,9,True,38.3,major,SDMA
LS-00897,2019-07-07,2019-20,WB,D-WB-01,Siliguri,SEG-0046,NH-10,26.93903,88.45156,debris_flow,rainfall,debris,quartzite,road_cut,5432,37,43.1,886,522.6,0,0,2,True,6.4,moderate,GSI-NLSM
LS-00898,2020-08-07,2019-20,AR,D-AR-07,Lohit,SEG-0067,NH-315,27.824,96.07977,debris_flow,anthropogenic_cut,debris,siltstone,forest,482,32,29.5,231,82.0,0,0,6,True,2.2,minor,PWD-field
LS-00899,2019-06-06,2019-20,MZ,D-MZ-05,Serchhip,SEG-0036,NH-306,23.21525,92.82276,debris_flow,toe_erosion,debris,sandstone_shale,barren,45883,234,43.6,1084,7.4,0,0,7,True,65.0,major,SDMA
LS-00900,2020-07-14,2019-20,AR,D-AR-03,West Kameng,SEG-0063,NH-13-W,27.10937,92.5525,rockfall,anthropogenic_cut,rock,phyllite,barren,1789,57,30.3,2415,35.8,0,0,3,True,6.2,moderate,SDMA
LS-00901,2019-06-19,2019-20,AS,D-AS-10,Bongaigaon,SEG-0018,NH-27-SPUR,25.86851,90.41931,debris_flow,rainfall,debris,sandstone_shale,agriculture,174,8,8.3,139,442.8,1,1,1,False,0.0,major,PWD-field
LS-00902,2019-09-12,2019-20,AR,D-AR-03,West Kameng,SEG-0064,NH-13-W,27.52889,91.97675,translational_slide,rainfall,rock,sandstone_shale,jhum_cultivation,245,9,24.2,2731,264.8,0,0,2,True,1.4,minor,SDMA
LS-00903,2020-07-15,2019-20,ML,D-ML-01,East Khasi Hills,SEG-0013,NH-6,25.6415,91.89214,debris_flow,rainfall,debris,quartzite,barren,15090,91,44.8,1496,319.9,0,0,3,True,14.0,moderate,GSI-NLSM
LS-00904,2020-08-20,2019-20,AR,D-AR-06,West Siang,SEG-0061,NH-13,28.12175,95.05693,rockfall,anthropogenic_cut,rock,sandstone_shale,barren,50,5,30.9,386,138.9,0,0,0,False,0.0,minor,NDMA
LS-00905,2019-10-20,2019-20,MZ,D-MZ-01,Aizawl,SEG-0037,NH-302,23.63216,92.94519,rotational_slide,rainfall,earth,phyllite,barren,1219,29,37.1,1405,311.0,0,0,2,True,1.3,minor,NDMA
LS-00906,2019-07-12,2019-20,AR,D-AR-03,West Kameng,SEG-0064,NH-13-W,27.36634,92.25918,debris_flow,seismic,debris,quartzite,forest,4680,73,42.6,2731,84.1,0,0,1,False,0.0,moderate,GSI-NLSM
LS-00907,2019-07-03,2019-20,SK,D-SK-01,Gangtok,SEG-0048,NH-10,27.32938,88.58824,debris_flow,rainfall,debris,phyllite,settlement,1028,16,37.4,1650,286.0,0,0,1,True,1.5,minor,NDMA
LS-00908,2020-06-12,2019-20,AS,D-AS-08,Karbi Anglong,SEG-0068,NH-27-DH,25.44311,93.09228,rotational_slide,rainfall,earth,sandstone_shale,road_cut,1021,16,50.5,433,596.8,0,0,1,False,0.0,minor,GSI-NLSM
LS-00909,2020-07-09,2019-20,NL,D-NL-01,Kohima,SEG-0022,NH-2,25.66107,94.10487,translational_slide,rainfall,rock,gneiss,barren,2459,54,24.4,1252,552.6,0,0,0,True,7.4,moderate,GSI-NLSM
LS-00910,2019-10-11,2019-20,TR,D-TR-01,West Tripura,SEG-0039,NH-8,23.88191,91.34145,translational_slide,rainfall,rock,phyllite,road_cut,431,23,27.5,36,573.3,0,0,5,False,0.0,minor,SDMA
LS-00911,2019-07-05,2019-20,AS,D-AS-08,Karbi Anglong,SEG-0068,NH-27-DH,25.63132,93.14642,debris_flow,rainfall,debris,sandstone_shale,settlement,3600,46,50.3,433,582.5,0,0,1,False,0.0,moderate,GSI-NLSM
LS-00912,2020-02-11,2019-20,MN,D-MN-02,Churachandpur,SEG-0031,NH-2-S,24.53696,93.78414,mudslide,rainfall,earth,phyllite,road_cut,335,16,27.7,850,537.7,0,0,2,False,0.0,minor,PWD-field
LS-00913,2019-03-25,2019-20,SK,D-SK-01,Gangtok,SEG-0047,NH-10,27.22001,88.51421,rockfall,rainfall,rock,phyllite,forest,7734,47,40.4,1650,540.5,0,0,1,False,0.0,moderate,SDMA
LS-00914,2019-07-22,2019-20,SK,D-SK-02,Mangan,SEG-0050,NH-310,27.5455,88.57741,debris_flow,rainfall,debris,gneiss,road_cut,12063,104,37.5,1250,387.7,0,0,6,True,36.6,moderate,SDMA
LS-00915,2019-07-09,2019-20,AR,D-AR-09,Dibang Valley,SEG-0066,NH-315,27.99889,96.03104,translational_slide,rainfall,rock,quartzite,road_cut,932,42,46.3,1099,259.1,0,0,1,True,17.8,moderate,NDMA
LS-00916,2019-09-11,2019-20,ML,D-ML-01,East Khasi Hills,SEG-0013,NH-6,25.69357,91.87997,rockfall,rainfall,rock,quartzite,barren,84,14,48.7,1496,287.1,0,0,4,True,1.0,minor,GSI-NLSM
LS-00917,2020-05-19,2019-20,SK,D-SK-03,Namchi,SEG-0054,NH-510,27.2683,88.268,rotational_slide,anthropogenic_cut,earth,sandstone_shale,barren,675,31,32.0,1727,121.3,3,3,0,True,3.1,major,GSI-NLSM
LS-00918,2019-05-12,2019-20,ML,D-ML-01,East Khasi Hills,SEG-0013,NH-6,25.69002,91.88227,translational_slide,rainfall,rock,sandstone_shale,barren,504,25,38.9,1496,499.8,0,0,0,False,0.0,minor,PWD-field
LS-00919,2019-03-26,2019-20,MZ,D-MZ-04,Kolasib,SEG-0034,NH-306,24.11261,92.69567,translational_slide,rainfall,rock,schist,forest,40,7,24.9,891,358.7,0,0,5,False,0.0,minor,PWD-field
LS-00920,2020-08-17,2019-20,AR,D-AR-06,West Siang,SEG-0060,NH-13,28.01722,94.31717,rockfall,rainfall,rock,sandstone_shale,settlement,7280,47,44.6,620,276.1,0,0,6,True,27.4,moderate,PWD-field
LS-00921,2020-08-07,2019-20,AS,D-AS-01,Kamrup Metropolitan,SEG-0004,NH-27,26.34954,91.53054,earth_flow,rainfall,earth,alluvium,jhum_cultivation,133,19,12.7,55,457.2,0,0,1,True,1.0,minor,GSI-NLSM
LS-00922,2019-05-21,2019-20,SK,D-SK-01,Gangtok,SEG-0048,NH-10,27.27059,88.53433,translational_slide,rainfall,rock,phyllite,forest,2465,48,31.6,1650,570.7,0,0,4,False,0.0,moderate,PWD-field
LS-00923,2020-09-14,2019-20,AS,D-AS-07,Dima Hasao,SEG-0069,NH-27-DH,25.11232,92.98295,debris_flow,rainfall,debris,phyllite,jhum_cultivation,982,22,31.7,352,355.5,0,0,3,True,3.1,minor,PWD-field
LS-00924,2020-05-16,2019-20,AR,D-AR-03,West Kameng,SEG-0064,NH-13-W,27.38422,92.23077,debris_flow,anthropogenic_cut,debris,quartzite,settlement,646,19,40.1,2731,88.8,0,0,0,True,1.0,minor,PWD-field
LS-00925,2019-06-13,2019-20,SK,D-SK-01,Gangtok,SEG-0048,NH-10,27.24653,88.5068,debris_flow,rainfall,debris,phyllite,settlement,19792,144,31.6,1650,210.7,0,0,0,False,0.0,moderate,NDMA
LS-00926,2019-05-03,2019-20,ML,D-ML-01,East Khasi Hills,SEG-0014,NH-6,25.45548,92.18173,translational_slide,rainfall,rock,quartzite,jhum_cultivation,726,15,21.3,1438,407.1,0,0,3,True,1.0,minor,NDMA
LS-00927,2019-06-08,2019-20,ML,D-ML-01,East Khasi Hills,SEG-0014,NH-6,25.53488,92.00037,rockfall,anthropogenic_cut,rock,schist,settlement,824,29,21.4,1438,131.0,0,0,3,True,1.4,minor,SDMA
LS-00928,2019-10-21,2019-20,MN,D-MN-05,Senapati,SEG-0023,NH-2,25.46671,94.10897,earth_flow,rainfall,earth,sandstone_shale,road_cut,1415,38,36.1,1061,212.3,0,0,2,True,1.7,minor,GSI-NLSM
LS-00929,2020-08-22,2019-20,AR,D-AR-01,Papum Pare,SEG-0057,NH-15,27.12959,93.77635,debris_flow,rainfall,debris,sandstone_shale,forest,684,21,24.8,259,203.6,0,0,4,True,1.1,minor,PWD-field
LS-00930,2019-05-21,2019-20,ML,D-ML-01,East Khasi Hills,SEG-0013,NH-6,25.72131,91.88859,debris_flow,rainfall,debris,sandstone_shale,road_cut,4472,76,37.9,1496,334.8,0,0,2,False,0.0,moderate,NDMA
LS-00931,2020-06-20,2019-20,NL,D-NL-03,Mokokchung,SEG-0027,NH-29,26.29961,94.62658,rockfall,rainfall,rock,phyllite,barren,1094,39,33.4,1348,511.2,0,0,6,False,0.0,minor,GSI-NLSM
LS-00932,2020-08-13,2019-20,NL,D-NL-03,Mokokchung,SEG-0027,NH-29,26.31131,94.65636,rotational_slide,anthropogenic_cut,earth,gneiss,jhum_cultivation,63535,185,34.5,1348,104.9,0,1,40,True,72.4,major,GSI-NLSM
LS-00933,2019-08-26,2019-20,SK,D-SK-03,Namchi,SEG-0053,NH-510,27.16274,88.33553,debris_flow,rainfall,debris,phyllite,barren,127,8,36.5,1675,568.5,0,0,6,False,0.0,minor,PWD-field
LS-00934,2019-05-02,2019-20,ML,D-ML-01,East Khasi Hills,SEG-0013,NH-6,25.67676,91.88984,mudslide,rainfall,earth,gneiss,jhum_cultivation,1411,25,44.3,1496,789.1,0,0,3,True,1.3,minor,NDMA
LS-00935,2020-09-19,2019-20,AR,D-AR-05,East Siang,SEG-0065,NH-315,28.07835,95.41806,earth_flow,rainfall,earth,quartzite,barren,1675,38,34.5,1060,426.0,0,0,2,False,0.0,minor,GSI-NLSM
LS-00936,2019-05-02,2019-20,AS,D-AS-01,Kamrup Metropolitan,SEG-0012,NH-6,26.06359,91.78322,translational_slide,toe_erosion,rock,phyllite,road_cut,5565,86,21.6,775,46.6,0,0,4,True,13.1,moderate,NDMA
LS-00937,2019-05-27,2019-20,AS,D-AS-08,Karbi Anglong,SEG-0068,NH-27-DH,25.6194,93.1447,mudslide,rainfall,earth,schist,forest,3939,32,43.9,433,251.6,0,0,5,True,5.8,moderate,SDMA
LS-00938,2019-02-14,2019-20,AR,D-AR-03,West Kameng,SEG-0064,NH-13-W,27.46919,92.07249,rockfall,anthropogenic_cut,rock,sandstone_shale,agriculture,1212,47,34.1,2731,102.1,0,0,3,True,4.2,minor,PWD-field
LS-00939,2019-05-09,2019-20,NL,D-NL-01,Kohima,SEG-0025,NH-29,25.93441,94.19851,rockfall,rainfall,rock,schist,forest,4164,73,54.8,1378,445.7,0,0,3,True,14.6,moderate,GSI-NLSM
LS-00940,2019-05-09,2019-20,ML,D-ML-04,East Garo Hills,SEG-0020,NH-27-SPUR,25.28124,90.61818,rockfall,seismic,rock,laterite,barren,727,19,24.0,450,21.2,0,0,0,False,0.0,minor,NDMA
LS-00941,2019-08-01,2019-20,AR,D-AR-04,Lower Subansiri,SEG-0059,NH-13,27.76809,94.03452,rockfall,anthropogenic_cut,rock,schist,settlement,10747,124,34.8,1092,31.6,0,0,4,True,93.2,major,GSI-NLSM
LS-00942,2020-07-11,2019-20,AR,D-AR-05,East Siang,SEG-0065,NH-315,28.10145,95.53733,mudslide,rainfall,earth,schist,settlement,641,26,25.6,1060,172.9,0,0,6,True,3.3,minor,GSI-NLSM
LS-00943,2020-04-10,2019-20,ML,D-ML-01,East Khasi Hills,SEG-0013,NH-6,25.73881,91.88735,translational_slide,rainfall,rock,sandstone_shale,road_cut,2517,53,33.4,1496,258.8,0,0,2,True,5.2,moderate,GSI-NLSM
LS-00944,2020-06-14,2019-20,SK,D-SK-01,Gangtok,SEG-0052,NH-510,27.24333,88.48807,debris_flow,rainfall,debris,sandstone_shale,settlement,16102,103,39.1,1662,281.3,0,0,1,True,35.0,moderate,GSI-NLSM
LS-00945,2020-11-06,2019-20,AR,D-AR-03,West Kameng,SEG-0064,NH-13-W,27.54875,91.93686,rockfall,rainfall,rock,sandstone_shale,road_cut,55,13,34.2,2731,162.2,0,0,1,False,0.0,minor,GSI-NLSM
LS-00946,2019-05-02,2019-20,NL,D-NL-01,Kohima,SEG-0022,NH-2,25.61596,94.1151,debris_flow,rainfall,debris,quartzite,forest,312,25,34.3,1252,489.8,2,4,3,False,0.0,major,NDMA
LS-00947,2020-06-21,2019-20,SK,D-SK-01,Gangtok,SEG-0049,NH-310,27.43862,88.56684,translational_slide,rainfall,rock,gneiss,barren,3080,69,19.3,1450,378.3,0,0,0,False,0.0,moderate,NDMA
LS-00948,2019-05-19,2019-20,MZ,D-MZ-01,Aizawl,SEG-0035,NH-306,23.38107,92.83034,debris_flow,toe_erosion,debris,phyllite,forest,855,22,38.4,1216,104.2,0,0,1,True,1.9,minor,GSI-NLSM
LS-00949,2019-08-17,2019-20,SK,D-SK-01,Gangtok,SEG-0052,NH-510,27.30218,88.56209,translational_slide,toe_erosion,rock,phyllite,road_cut,6250,37,48.1,1662,24.2,0,0,4,True,78.8,major,GSI-NLSM
LS-00950,2019-10-19,2019-20,AR,D-AR-04,Lower Subansiri,SEG-0059,NH-13,27.64065,93.91718,debris_flow,rainfall,debris,schist,forest,2978,64,35.4,1092,222.2,0,0,6,False,0.0,moderate,PWD-field
LS-00951,2019-07-25,2019-20,AR,D-AR-05,East Siang,SEG-0065,NH-315,28.09489,95.48938,debris_flow,rainfall,debris,gneiss,settlement,1969,22,23.4,1060,217.0,0,0,5,True,20.3,moderate,SDMA
LS-00952,2020-08-04,2019-20,SK,D-SK-01,Gangtok,SEG-0047,NH-10,27.18958,88.52953,debris_flow,rainfall,debris,phyllite,jhum_cultivation,6238,62,29.7,1650,454.1,0,0,3,False,0.0,moderate,GSI-NLSM
LS-00953,2020-07-03,2019-20,ML,D-ML-02,West Jaintia Hills,SEG-0015,NH-6,25.12768,92.40632,rockfall,rainfall,rock,schist,agriculture,73621,238,41.2,701,556.8,0,4,0,True,408.1,major,NDMA
LS-00954,2020-08-27,2019-20,SK,D-SK-01,Gangtok,SEG-0047,NH-10,27.20265,88.52647,mudslide,rainfall,earth,sandstone_shale,forest,23885,99,41.8,1650,477.0,0,0,3,False,0.0,moderate,NDMA
LS-00955,2020-06-14,2019-20,SK,D-SK-04,Gyalshing,SEG-0055,NH-510,27.32386,88.24855,debris_flow,rainfall,debris,phyllite,forest,1231,41,38.9,1780,425.8,0,0,5,True,3.5,minor,NDMA
LS-00956,2020-07-15,2019-20,SK,D-SK-01,Gangtok,SEG-0048,NH-10,27.26532,88.5436,rockfall,rainfall,rock,gneiss,agriculture,2396,22,43.2,1650,580.2,0,0,6,True,9.9,moderate,GSI-NLSM
LS-00957,2019-08-01,2019-20,ML,D-ML-01,East Khasi Hills,SEG-0013,NH-6,25.66632,91.89668,rockfall,rainfall,rock,gneiss,jhum_cultivation,1099,46,37.1,1496,370.5,0,0,3,False,0.0,minor,NDMA
LS-00958,2020-10-12,2019-20,SK,D-SK-03,Namchi,SEG-0054,NH-510,27.28473,88.26883,debris_flow,rainfall,debris,quartzite,forest,986,18,37.0,1727,347.3,0,0,3,True,2.3,minor,NDMA
LS-00959,2019-05-17,2019-20,SK,D-SK-02,Mangan,SEG-0051,NH-310,27.62696,88.66826,rockfall,rainfall,rock,schist,agriculture,168,9,47.8,1250,348.9,2,0,0,True,1.4,major,GSI-NLSM
LS-00960,2020-09-15,2019-20,NL,D-NL-04,Wokha,SEG-0026,NH-29,26.29589,94.49098,debris_flow,rainfall,debris,gneiss,agriculture,37,9,37.0,1319,348.9,0,0,2,False,0.0,minor,SDMA
LS-00961,2019-06-05,2019-20,WB,D-WB-01,Siliguri,SEG-0046,NH-10,26.83959,88.41602,debris_flow,rainfall,debris,gneiss,forest,705,28,53.7,886,141.6,0,0,1,False,0.0,minor,NDMA
LS-00962,2019-08-08,2019-20,ML,D-ML-02,West Jaintia Hills,SEG-0015,NH-6,25.32093,92.29833,debris_flow,anthropogenic_cut,debris,quartzite,agriculture,6467,40,33.4,701,19.7,0,0,0,True,23.4,moderate,NDMA
LS-00963,2019-06-27,2019-20,SK,D-SK-02,Mangan,SEG-0051,NH-310,27.6233,88.6861,rockfall,rainfall,rock,phyllite,settlement,1552,18,38.0,1250,248.8,0,0,3,True,6.5,moderate,GSI-NLSM
LS-00964,2020-06-12,2019-20,AS,D-AS-07,Dima Hasao,SEG-0069,NH-27-DH,25.0039,92.88727,debris_flow,rainfall,debris,schist,road_cut,1364,22,32.2,352,360.5,0,0,1,True,7.2,moderate,GSI-NLSM
LS-00965,2019-06-28,2019-20,AS,D-AS-08,Karbi Anglong,SEG-0068,NH-27-DH,25.65092,93.14283,translational_slide,rainfall,rock,sandstone_shale,agriculture,2034,44,48.4,433,317.0,0,0,0,True,38.4,moderate,PWD-field
LS-00966,2019-08-26,2019-20,AR,D-AR-05,East Siang,SEG-0065,NH-315,28.10628,95.56699,debris_flow,rainfall,debris,schist,forest,408,27,35.9,1060,276.8,0,0,3,False,0.0,minor,GSI-NLSM
LS-00967,2020-01-03,2019-20,SK,D-SK-01,Gangtok,SEG-0047,NH-10,27.21351,88.51455,rockfall,rainfall,rock,sandstone_shale,forest,295,26,31.7,1650,449.4,3,6,5,True,1.3,major,GSI-NLSM
LS-00968,2020-08-15,2019-20,ML,D-ML-01,East Khasi Hills,SEG-0013,NH-6,25.65359,91.88362,rotational_slide,rainfall,earth,sandstone_shale,agriculture,1879,27,41.5,1496,703.4,0,0,5,True,3.9,minor,PWD-field
LS-00969,2019-07-08,2019-20,AR,D-AR-06,West Siang,SEG-0060,NH-13,27.99714,94.27211,debris_flow,toe_erosion,debris,schist,agriculture,3469,43,53.4,620,83.0,0,0,0,True,3.2,moderate,GSI-NLSM
LS-00970,2020-09-20,2019-20,MZ,D-MZ-04,Kolasib,SEG-0034,NH-306,23.97462,92.68982,debris_flow,rainfall,debris,phyllite,jhum_cultivation,11827,106,41.1,891,227.5,0,0,3,True,14.8,moderate,GSI-NLSM
LS-00971,2020-06-23,2019-20,ML,D-ML-01,East Khasi Hills,SEG-0014,NH-6,25.48274,92.12639,translational_slide,rainfall,rock,schist,road_cut,242,18,35.0,1438,404.9,0,0,0,True,1.1,minor,GSI-NLSM
LS-00972,2019-07-08,2019-20,SK,D-SK-01,Gangtok,SEG-0047,NH-10,27.2004,88.52284,mudslide,rainfall,earth,quartzite,agriculture,117,6,38.8,1650,349.8,0,0,3,False,0.0,minor,SDMA
LS-00973,2020-05-21,2019-20,AR,D-AR-04,Lower Subansiri,SEG-0059,NH-13,27.79483,94.06449,debris_flow,rainfall,debris,quartzite,forest,3966,83,36.6,1092,521.3,0,0,0,False,0.0,moderate,GSI-NLSM
LS-00974,2020-07-07,2019-20,SK,D-SK-01,Gangtok,SEG-0052,NH-510,27.265,88.52354,debris_flow,rainfall,debris,phyllite,settlement,630,31,51.6,1662,542.0,0,0,5,True,3.2,minor,GSI-NLSM
LS-00975,2020-11-17,2019-20,AS,D-AS-08,Karbi Anglong,SEG-0068,NH-27-DH,25.53228,93.1126,debris_flow,rainfall,debris,schist,jhum_cultivation,649,38,55.6,433,591.8,0,0,0,False,0.0,minor,SDMA
LS-00976,2020-08-18,2019-20,AS,D-AS-08,Karbi Anglong,SEG-0071,NH-36,25.84605,93.48921,debris_flow,rainfall,debris,laterite,settlement,12066,88,15.4,165,587.5,0,0,2,False,0.0,moderate,GSI-NLSM
LS-00977,2020-08-20,2019-20,AS,D-AS-08,Karbi Anglong,SEG-0068,NH-27-DH,25.66963,93.14665,rockfall,rainfall,rock,phyllite,jhum_cultivation,2285,47,42.1,433,381.9,0,0,2,False,0.0,moderate,NDMA
LS-00978,2019-04-21,2019-20,AR,D-AR-05,East Siang,SEG-0065,NH-315,28.10126,95.68026,debris_flow,rainfall,debris,schist,barren,27146,95,33.0,1060,247.0,0,0,16,True,93.0,major,GSI-NLSM
LS-00979,2019-07-11,2019-20,AR,D-AR-03,West Kameng,SEG-0064,NH-13-W,27.49246,92.02786,translational_slide,rainfall,rock,gneiss,road_cut,3015,70,30.7,2731,426.6,0,0,4,True,35.5,moderate,SDMA
LS-00980,2020-08-24,2019-20,SK,D-SK-03,Namchi,SEG-0053,NH-510,27.13489,88.32141,translational_slide,rainfall,rock,schist,barren,904,15,32.5,1675,334.3,2,6,4,True,7.9,major,SDMA
LS-00981,2020-07-13,2019-20,AR,D-AR-05,East Siang,SEG-0065,NH-315,28.10163,95.6779,debris_flow,toe_erosion,debris,gneiss,agriculture,572,14,38.9,1060,28.8,0,0,4,False,0.0,minor,PWD-field
LS-00982,2019-10-21,2019-20,AR,D-AR-09,Dibang Valley,SEG-0066,NH-315,28.06974,95.9195,debris_flow,rainfall,debris,schist,forest,2040,35,52.7,1099,432.8,0,0,6,False,0.0,moderate,GSI-NLSM
LS-00983,2019-08-17,2019-20,AR,D-AR-06,West Siang,SEG-0060,NH-13,28.07337,94.52867,earth_flow,rainfall,earth,sandstone_shale,barren,681,17,53.9,620,120.3,0,0,5,True,1.0,minor,GSI-NLSM
LS-00984,2020-06-04,2019-20,AR,D-AR-03,West Kameng,SEG-0063,NH-13-W,27.06483,92.60168,debris_flow,rainfall,debris,schist,road_cut,1490,27,37.8,2415,196.1,0,0,5,False,0.0,minor,SDMA
LS-00985,2019-06-14,2019-20,AR,D-AR-01,Papum Pare,SEG-0058,NH-13,27.15877,93.64355,rockfall,anthropogenic_cut,rock,sandstone_shale,agriculture,309,22,38.9,1002,46.7,0,0,6,True,1.3,minor,SDMA
LS-00986,2019-06-16,2019-20,AS,D-AS-09,Sonitpur,SEG-0056,NH-15,26.68146,92.89541,rotational_slide,rainfall,earth,phyllite,forest,1510,20,26.6,259,193.7,1,1,6,False,0.0,major,GSI-NLSM
LS-00987,2020-08-28,2019-20,MZ,D-MZ-01,Aizawl,SEG-0037,NH-302,23.52284,93.20515,debris_flow,rainfall,debris,quartzite,barren,89,16,51.4,1405,195.5,0,0,4,False,0.0,minor,NDMA
LS-00988,2019-07-16,2019-20,SK,D-SK-03,Namchi,SEG-0053,NH-510,27.14239,88.34072,translational_slide,rainfall,rock,sandstone_shale,forest,1141,40,27.7,1675,501.9,0,0,5,False,0.0,minor,GSI-NLSM
LS-00989,2019-07-11,2019-20,ML,D-ML-01,East Khasi Hills,SEG-0013,NH-6,25.63185,91.88584,translational_slide,rainfall,rock,gneiss,forest,9060,100,36.0,1496,594.6,0,0,4,True,37.2,moderate,PWD-field
LS-00990,2019-11-10,2019-20,AR,D-AR-01,Papum Pare,SEG-0057,NH-15,27.09494,93.66812,debris_flow,rainfall,debris,sandstone_shale,forest,1006,42,28.1,259,145.1,0,0,6,False,0.0,minor,SDMA
LS-00991,2020-06-28,2019-20,MN,D-MN-01,Imphal West,SEG-0032,NH-2-S,24.83983,93.97825,rockfall,rainfall,rock,quartzite,barren,1326,19,43.8,1224,352.0,1,3,2,False,0.0,major,GSI-NLSM
LS-00992,2019-06-27,2019-20,AR,D-AR-05,East Siang,SEG-0065,NH-315,28.10558,95.59588,mudslide,rainfall,earth,phyllite,road_cut,792,15,29.6,1060,468.2,0,0,0,False,0.0,minor,PWD-field
LS-00993,2020-03-10,2019-20,MZ,D-MZ-01,Aizawl,SEG-0037,NH-302,23.60744,92.99359,translational_slide,rainfall,rock,schist,jhum_cultivation,4254,53,53.6,1405,486.8,0,0,1,False,0.0,moderate,GSI-NLSM
LS-00994,2019-06-23,2019-20,AR,D-AR-03,West Kameng,SEG-0064,NH-13-W,27.46118,92.07699,mudslide,rainfall,earth,phyllite,jhum_cultivation,1130,45,33.6,2731,309.0,0,0,2,False,0.0,minor,GSI-NLSM
LS-00995,2019-06-03,2019-20,AR,D-AR-09,Dibang Valley,SEG-0066,NH-315,28.07354,95.90894,earth_flow,anthropogenic_cut,earth,sandstone_shale,road_cut,162,8,50.7,1099,127.6,0,0,3,True,1.0,minor,GSI-NLSM
LS-00996,2019-04-22,2019-20,AR,D-AR-06,West Siang,SEG-0060,NH-13,28.15693,94.74604,rockfall,rainfall,rock,phyllite,forest,1815,33,53.1,620,472.8,0,0,4,False,0.0,minor,GSI-NLSM
LS-00997,2019-06-18,2019-20,SK,D-SK-01,Gangtok,SEG-0047,NH-10,27.21168,88.49955,debris_flow,seismic,debris,phyllite,settlement,1425,33,26.3,1650,100.3,0,0,4,False,0.0,minor,PWD-field
LS-00998,2019-07-08,2019-20,AR,D-AR-03,West Kameng,SEG-0064,NH-13-W,27.54519,91.94073,rockfall,rainfall,rock,phyllite,barren,1878,35,32.0,2731,284.5,0,0,2,False,0.0,minor,GSI-NLSM
LS-00999,2019-08-17,2019-20,MZ,D-MZ-05,Serchhip,SEG-0036,NH-306,23.17783,92.81445,debris_flow,anthropogenic_cut,debris,phyllite,barren,16293,147,52.4,1084,77.7,0,0,0,False,0.0,moderate,NDMA
LS-01000,2019-07-19,2019-20,TR,D-TR-02,North Tripura,SEG-0042,NH-8,24.36632,92.13493,translational_slide,anthropogenic_cut,rock,laterite,forest,469,16,22.7,45,117.1,0,0,5,False,0.0,minor,GSI-NLSM
LS-01001,2020-05-12,2019-20,MZ,D-MZ-04,Kolasib,SEG-0034,NH-306,23.85946,92.6999,rockfall,rainfall,rock,gneiss,barren,247,15,36.9,891,224.0,0,0,5,True,1.0,minor,GSI-NLSM
LS-01002,2019-06-08,2019-20,SK,D-SK-02,Mangan,SEG-0051,NH-310,27.64711,88.7024,debris_flow,anthropogenic_cut,debris,phyllite,road_cut,720,14,50.6,1250,65.5,0,0,0,True,1.1,minor,NDMA
LS-01003,2019-08-02,2019-20,AR,D-AR-03,West Kameng,SEG-0064,NH-13-W,27.47617,92.04582,rockfall,toe_erosion,rock,phyllite,jhum_cultivation,3246,41,33.8,2731,55.0,0,0,4,False,0.0,moderate,PWD-field
LS-01004,2019-06-02,2019-20,ML,D-ML-01,East Khasi Hills,SEG-0013,NH-6,25.75347,91.88974,translational_slide,rainfall,rock,phyllite,road_cut,3736,63,48.1,1496,751.1,0,0,5,False,0.0,moderate,PWD-field
LS-01005,2019-10-10,2019-20,ML,D-ML-04,East Garo Hills,SEG-0020,NH-27-SPUR,25.3991,90.62159,debris_flow,rainfall,debris,laterite,jhum_cultivation,69116,238,29.4,450,920.4,0,2,19,True,35.0,major,SDMA
LS-01006,2020-05-01,2019-20,MN,D-MN-02,Churachandpur,SEG-0031,NH-2-S,24.63406,93.84182,rockfall,rainfall,rock,quartzite,settlement,824,14,36.7,850,277.9,0,0,2,True,6.3,moderate,NDMA
LS-01007,2019-06-21,2019-20,ML,D-ML-01,East Khasi Hills,SEG-0013,NH-6,25.81895,91.89019,rockfall,rainfall,rock,phyllite,forest,5541,32,40.3,1496,929.5,0,0,2,True,18.2,moderate,GSI-NLSM
LS-01008,2019-08-24,2019-20,MZ,D-MZ-04,Kolasib,SEG-0034,NH-306,24.0801,92.68339,debris_flow,seismic,debris,quartzite,road_cut,369,19,34.9,891,134.1,0,0,1,False,0.0,minor,GSI-NLSM
LS-01009,2020-08-16,2019-20,AR,D-AR-01,Papum Pare,SEG-0058,NH-13,27.49732,93.79733,rockfall,rainfall,rock,quartzite,settlement,1758,59,25.3,1002,219.9,0,0,0,True,12.1,moderate,GSI-NLSM
LS-01010,2019-01-08,2019-20,AR,D-AR-09,Dibang Valley,SEG-0066,NH-315,28.06127,95.94625,debris_flow,rainfall,debris,phyllite,road_cut,97,15,42.2,1099,362.9,0,0,0,True,1.0,minor,GSI-NLSM
LS-01011,2020-07-25,2019-20,MZ,D-MZ-05,Serchhip,SEG-0036,NH-306,23.13506,92.80922,rotational_slide,anthropogenic_cut,earth,quartzite,agriculture,238,17,47.7,1084,111.0,0,0,4,False,0.0,minor,GSI-NLSM
LS-01012,2019-07-14,2019-20,AR,D-AR-06,West Siang,SEG-0060,NH-13,28.13917,94.68207,translational_slide,rainfall,rock,phyllite,agriculture,837,34,42.7,620,449.4,0,0,5,True,4.0,minor,GSI-NLSM
LS-01013,2019-07-16,2019-20,ML,D-ML-01,East Khasi Hills,SEG-0013,NH-6,25.81749,91.87534,rockfall,rainfall,rock,sandstone_shale,jhum_cultivation,207,22,50.1,1496,483.8,0,0,6,True,1.0,minor,SDMA
LS-01014,2020-04-07,2019-20,SK,D-SK-04,Gyalshing,SEG-0055,NH-510,27.36118,88.22478,rotational_slide,rainfall,earth,schist,forest,1327,45,37.6,1780,364.1,0,0,5,False,0.0,minor,GSI-NLSM
LS-01015,2019-06-16,2019-20,AS,D-AS-09,Sonitpur,SEG-0056,NH-15,26.93345,93.31413,rotational_slide,rainfall,earth,sandstone_shale,forest,271,13,27.1,259,244.6,0,0,1,True,1.0,minor,GSI-NLSM
LS-01016,2019-06-05,2019-20,AR,D-AR-04,Lower Subansiri,SEG-0059,NH-13,27.7644,94.03198,rotational_slide,rainfall,earth,gneiss,agriculture,2147,25,34.8,1092,186.5,0,0,2,False,0.0,moderate,SDMA
LS-01017,2020-08-02,2019-20,ML,D-ML-01,East Khasi Hills,SEG-0013,NH-6,25.86371,91.87785,debris_flow,rainfall,debris,phyllite,road_cut,3587,59,36.7,1496,517.4,0,0,0,False,0.0,moderate,GSI-NLSM
LS-01018,2020-08-08,2019-20,SK,D-SK-03,Namchi,SEG-0054,NH-510,27.19479,88.3222,rotational_slide,rainfall,earth,gneiss,road_cut,701,17,44.7,1727,416.5,0,0,0,True,2.8,minor,SDMA
LS-01019,2019-11-16,2019-20,AR,D-AR-06,West Siang,SEG-0061,NH-13,28.0907,95.22287,debris_flow,rainfall,debris,quartzite,barren,1340,31,35.1,386,224.8,0,0,2,False,0.0,minor,SDMA
LS-01020,2020-10-13,2019-20,AS,D-AS-09,Sonitpur,SEG-0062,NH-13-W,26.97523,92.66448,earth_flow,anthropogenic_cut,earth,schist,jhum_cultivation,2809,24,33.4,1247,134.4,0,0,2,False,0.0,moderate,SDMA
LS-01021,2019-10-22,2019-20,ML,D-ML-01,East Khasi Hills,SEG-0014,NH-6,25.52995,91.98518,debris_flow,rainfall,debris,phyllite,barren,708,20,39.6,1438,629.2,0,0,6,False,0.0,minor,GSI-NLSM
LS-01022,2020-09-06,2019-20,AR,D-AR-06,West Siang,SEG-0060,NH-13,28.09695,94.55927,debris_flow,anthropogenic_cut,debris,gneiss,forest,1064,22,43.1,620,2.5,0,0,6,True,1.0,minor,SDMA
LS-01023,2020-05-23,2019-20,MN,D-MN-01,Imphal West,SEG-0032,NH-2-S,25.02173,94.30756,rockfall,anthropogenic_cut,rock,schist,forest,214,11,43.1,1224,3.7,0,0,5,True,1.9,minor,NDMA
LS-01024,2019-06-05,2019-20,AR,D-AR-09,Dibang Valley,SEG-0066,NH-315,28.03733,95.95937,rockfall,anthropogenic_cut,rock,quartzite,jhum_cultivation,12249,73,39.4,1099,123.8,0,0,3,True,118.2,major,SDMA
LS-01025,2019-06-17,2019-20,TR,D-TR-02,North Tripura,SEG-0042,NH-8,24.3465,92.09825,rotational_slide,rainfall,earth,sandstone_shale,road_cut,193,13,23.2,45,203.7,0,0,5,True,1.0,minor,GSI-NLSM
LS-01026,2020-09-04,2019-20,TR,D-TR-03,Dhalai,SEG-0041,NH-8,24.04468,91.89486,earth_flow,toe_erosion,earth,siltstone,barren,479,14,23.9,52,60.4,0,0,6,False,0.0,minor,PWD-field
LS-01027,2019-08-28,2019-20,NL,D-NL-01,Kohima,SEG-0025,NH-29,25.95369,94.20652,translational_slide,rainfall,rock,gneiss,agriculture,7943,37,53.3,1378,424.9,0,0,4,False,0.0,moderate,NDMA
LS-01028,2020-06-27,2019-20,AR,D-AR-06,West Siang,SEG-0060,NH-13,28.06287,94.45635,rockfall,rainfall,rock,schist,settlement,875,34,54.6,620,291.4,0,0,6,True,3.2,minor,PWD-field
LS-01029,2020-05-10,2019-20,AR,D-AR-03,West Kameng,SEG-0063,NH-13-W,27.0512,92.60204,rockfall,rainfall,rock,schist,jhum_cultivation,6563,57,30.0,2415,184.1,0,0,5,True,15.7,moderate,NDMA
LS-01030,2020-05-27,2019-20,ML,D-ML-01,East Khasi Hills,SEG-0014,NH-6,25.46499,92.16369,rockfall,rainfall,rock,phyllite,road_cut,10513,81,36.9,1438,890.1,0,0,4,False,0.0,moderate,PWD-field
LS-01031,2019-08-12,2019-20,TR,D-TR-03,Dhalai,SEG-0040,NH-8,24.01251,91.69643,debris_flow,rainfall,debris,sandstone_shale,barren,1812,40,21.0,60,372.2,0,0,4,True,2.8,minor,SDMA
LS-01032,2020-04-26,2019-20,ML,D-ML-01,East Khasi Hills,SEG-0014,NH-6,25.49171,92.12785,rockfall,toe_erosion,rock,quartzite,barren,187,15,31.2,1438,64.2,0,0,6,False,0.0,minor,PWD-field
LS-01033,2020-05-13,2019-20,MZ,D-MZ-01,Aizawl,SEG-0037,NH-302,23.51201,93.22168,rockfall,anthropogenic_cut,rock,sandstone_shale,forest,2012,22,39.9,1405,20.8,0,0,1,True,10.7,moderate,SDMA
LS-01034,2019-08-21,2019-20,ML,D-ML-03,West Garo Hills,SEG-0019,NH-27-SPUR,25.51425,90.35128,debris_flow,rainfall,debris,sandstone_shale,agriculture,270,26,26.3,337,396.7,0,0,2,False,0.0,minor,GSI-NLSM
LS-01035,2020-06-08,2019-20,ML,D-ML-02,West Jaintia Hills,SEG-0015,NH-6,25.15609,92.41152,earth_flow,rainfall,earth,phyllite,forest,1092,36,28.0,701,872.8,0,0,3,True,3.0,minor,GSI-NLSM
LS-01036,2020-05-18,2019-20,AR,D-AR-06,West Siang,SEG-0061,NH-13,28.15336,94.89478,translational_slide,rainfall,rock,schist,settlement,1711,55,22.9,386,334.7,0,0,3,True,4.9,minor,GSI-NLSM
LS-01037,2019-09-25,2019-20,MZ,D-MZ-05,Serchhip,SEG-0036,NH-306,23.21136,92.82722,debris_flow,anthropogenic_cut,debris,schist,jhum_cultivation,74,13,42.0,1084,24.4,0,0,4,True,1.0,minor,NDMA
LS-01038,2020-06-14,2019-20,SK,D-SK-01,Gangtok,SEG-0052,NH-510,27.26924,88.51671,debris_flow,rainfall,debris,schist,road_cut,841,34,45.2,1662,505.2,0,0,1,False,0.0,minor,NDMA
LS-01039,2019-07-16,2019-20,SK,D-SK-02,Mangan,SEG-0051,NH-310,27.62455,88.65254,debris_flow,rainfall,debris,phyllite,forest,570,31,37.3,1250,249.5,0,0,4,True,1.0,minor,SDMA
LS-01040,2019-07-06,2019-20,WB,D-WB-01,Siliguri,SEG-0046,NH-10,27.11277,88.50929,rotational_slide,rainfall,earth,phyllite,forest,255,12,51.7,886,450.3,0,0,1,False,0.0,minor,PWD-field
LS-01041,2019-06-05,2019-20,AR,D-AR-06,West Siang,SEG-0060,NH-13,28.13832,94.69999,translational_slide,rainfall,rock,sandstone_shale,agriculture,812,40,42.3,620,468.5,0,0,0,False,0.0,minor,SDMA
LS-01042,2019-07-17,2019-20,MZ,D-MZ-01,Aizawl,SEG-0035,NH-306,23.40738,92.81658,rotational_slide,anthropogenic_cut,earth,gneiss,jhum_cultivation,6546,75,34.7,1216,10.2,0,0,5,False,0.0,moderate,SDMA
LS-01043,2019-07-26,2019-20,ML,D-ML-01,East Khasi Hills,SEG-0013,NH-6,25.7222,91.88757,debris_flow,rainfall,debris,sandstone_shale,forest,1402,41,42.9,1496,807.3,0,0,2,True,2.2,minor,SDMA
LS-01044,2019-08-10,2019-20,MN,D-MN-05,Senapati,SEG-0023,NH-2,25.43485,94.09688,translational_slide,rainfall,rock,sandstone_shale,jhum_cultivation,4324,58,32.4,1061,138.6,0,0,3,True,9.7,moderate,GSI-NLSM
LS-01045,2020-03-12,2019-20,AS,D-AS-08,Karbi Anglong,SEG-0071,NH-36,25.88555,93.62916,rockfall,rainfall,rock,phyllite,barren,1834,50,30.7,165,492.3,0,0,1,False,0.0,minor,PWD-field
LS-01046,2020-07-15,2019-20,MZ,D-MZ-01,Aizawl,SEG-0037,NH-302,23.53015,93.18097,debris_flow,rainfall,debris,quartzite,jhum_cultivation,1562,36,41.7,1405,312.6,0,0,4,False,0.0,minor,PWD-field
LS-01047,2020-02-25,2019-20,AS,D-AS-07,Dima Hasao,SEG-0069,NH-27-DH,25.09936,92.96981,debris_flow,rainfall,debris,schist,road_cut,670,14,17.6,352,222.6,0,0,1,True,3.0,minor,GSI-NLSM
LS-01048,2020-06-12,2019-20,NL,D-NL-03,Mokokchung,SEG-0027,NH-29,26.3119,94.5524,debris_flow,rainfall,debris,phyllite,forest,461,13,42.7,1348,215.2,0,0,1,False,0.0,minor,PWD-field
LS-01049,2020-08-11,2019-20,SK,D-SK-03,Namchi,SEG-0054,NH-510,27.22114,88.30908,mudslide,rainfall,earth,gneiss,jhum_cultivation,1417,42,40.4,1727,503.8,0,0,0,True,5.2,minor,GSI-NLSM
LS-01050,2019-06-09,2019-20,ML,D-ML-01,East Khasi Hills,SEG-0013,NH-6,25.61868,91.88693,rockfall,rainfall,rock,gneiss,road_cut,127,12,42.7,1496,338.4,0,0,2,True,1.0,minor,GSI-NLSM
LS-01051,2020-09-22,2019-20,MZ,D-MZ-05,Serchhip,SEG-0036,NH-306,23.13217,92.79902,rockfall,rainfall,rock,phyllite,settlement,216,17,54.1,1084,397.0,0,0,0,True,1.0,minor,GSI-NLSM
LS-01052,2020-09-02,2019-20,AR,D-AR-05,East Siang,SEG-0065,NH-315,28.11305,95.66237,mudslide,rainfall,earth,gneiss,road_cut,1615,30,40.0,1060,180.9,0,0,6,True,6.2,moderate,NDMA
LS-01053,2020-06-01,2019-20,AR,D-AR-06,West Siang,SEG-0060,NH-13,28.08537,94.53522,rockfall,rainfall,rock,sandstone_shale,road_cut,2506,23,56.1,620,308.4,0,0,1,False,0.0,moderate,PWD-field
LS-01054,2020-08-28,2019-20,MN,D-MN-05,Senapati,SEG-0023,NH-2,25.34254,94.05127,translational_slide,rainfall,rock,quartzite,forest,555,25,37.7,1061,245.8,0,0,1,False,0.0,minor,GSI-NLSM
LS-01055,2019-07-26,2019-20,SK,D-SK-01,Gangtok,SEG-0047,NH-10,27.2221,88.50731,rockfall,rainfall,rock,gneiss,barren,1927,52,29.5,1650,386.7,0,0,2,True,6.5,moderate,SDMA
LS-01056,2019-07-16,2019-20,AS,D-AS-10,Bongaigaon,SEG-0018,NH-27-SPUR,26.0327,90.53706,mudslide,anthropogenic_cut,earth,siltstone,settlement,218,9,24.3,139,120.0,0,0,3,True,1.0,minor,GSI-NLSM
LS-01057,2020-06-08,2019-20,MZ,D-MZ-04,Kolasib,SEG-0034,NH-306,23.99126,92.68909,rockfall,anthropogenic_cut,rock,quartzite,forest,2984,48,40.5,891,28.0,1,0,3,True,12.6,major,NDMA
LS-01058,2020-07-20,2019-20,AR,D-AR-09,Dibang Valley,SEG-0066,NH-315,28.08406,95.89213,translational_slide,rainfall,rock,gneiss,road_cut,21324,84,47.6,1099,274.0,9,9,3,False,0.0,catastrophic,SDMA
LS-01059,2019-08-10,2019-20,SK,D-SK-03,Namchi,SEG-0053,NH-510,27.13252,88.32957,translational_slide,rainfall,rock,sandstone_shale,forest,2103,27,23.1,1675,130.9,0,0,0,False,0.0,moderate,GSI-NLSM
LS-01060,2019-07-01,2019-20,ML,D-ML-02,West Jaintia Hills,SEG-0015,NH-6,24.94233,92.53357,rockfall,anthropogenic_cut,rock,schist,settlement,2807,67,29.9,701,101.5,0,0,6,False,0.0,moderate,NDMA
LS-01061,2020-07-15,2019-20,SK,D-SK-02,Mangan,SEG-0051,NH-310,27.63764,88.67061,translational_slide,rainfall,rock,sandstone_shale,jhum_cultivation,135,17,39.1,1250,316.8,0,0,2,False,0.0,minor,GSI-NLSM
LS-01062,2019-07-20,2019-20,AR,D-AR-03,West Kameng,SEG-0063,NH-13-W,27.11305,92.56315,debris_flow,toe_erosion,debris,schist,forest,83620,132,39.3,2415,39.3,0,4,9,False,0.0,major,NDMA
LS-01063,2020-07-09,2019-20,MZ,D-MZ-01,Aizawl,SEG-0037,NH-302,23.67551,92.86551,rockfall,rainfall,rock,phyllite,road_cut,4684,55,40.2,1405,452.3,0,0,5,False,0.0,moderate,NDMA
LS-01064,2019-06-02,2019-20,MZ,D-MZ-05,Serchhip,SEG-0036,NH-306,23.06179,92.7766,debris_flow,rainfall,debris,quartzite,road_cut,653,14,42.0,1084,167.6,0,0,5,True,1.0,minor,SDMA
LS-01065,2019-02-12,2019-20,AS,D-AS-09,Sonitpur,SEG-0062,NH-13-W,26.97131,92.65966,rockfall,anthropogenic_cut,rock,phyllite,agriculture,1392,40,40.0,1247,106.7,0,0,0,True,2.7,minor,SDMA
LS-01066,2019-09-12,2019-20,ML,D-ML-01,East Khasi Hills,SEG-0013,NH-6,25.83519,91.88833,rockfall,toe_erosion,rock,gneiss,forest,3064,28,47.2,1496,96.1,0,0,6,False,0.0,moderate,PWD-field
LS-01067,2019-08-04,2019-20,SK,D-SK-03,Namchi,SEG-0054,NH-510,27.23745,88.29928,debris_flow,rainfall,debris,phyllite,road_cut,1001,26,32.8,1727,618.7,0,0,3,True,2.5,minor,GSI-NLSM
LS-01068,2020-07-16,2019-20,MZ,D-MZ-05,Serchhip,SEG-0036,NH-306,23.01447,92.75991,debris_flow,anthropogenic_cut,debris,sandstone_shale,settlement,629,36,49.8,1084,73.4,0,0,5,True,1.0,minor,GSI-NLSM
LS-01069,2020-01-21,2019-20,MZ,D-MZ-05,Serchhip,SEG-0036,NH-306,22.94323,92.7482,earth_flow,rainfall,earth,gneiss,settlement,327,10,37.7,1084,619.4,0,0,3,True,1.0,minor,PWD-field
LS-01070,2020-07-25,2019-20,AR,D-AR-06,West Siang,SEG-0060,NH-13,28.0619,94.48376,debris_flow,rainfall,debris,phyllite,forest,5266,89,42.0,620,580.2,0,0,2,False,0.0,moderate,SDMA
LS-01071,2020-05-09,2019-20,AR,D-AR-01,Papum Pare,SEG-0058,NH-13,27.4946,93.81707,translational_slide,rainfall,rock,phyllite,jhum_cultivation,1932,31,31.3,1002,272.7,3,6,5,False,0.0,major,GSI-NLSM
LS-01072,2020-06-04,2019-20,MN,D-MN-05,Senapati,SEG-0024,NH-2,25.02756,93.98195,translational_slide,rainfall,rock,gneiss,agriculture,6223,84,24.7,923,247.9,0,0,4,True,13.0,moderate,GSI-NLSM
LS-01073,2020-06-06,2019-20,AR,D-AR-01,Papum Pare,SEG-0058,NH-13,27.4916,93.80045,mudslide,rainfall,earth,phyllite,settlement,8073,101,25.0,1002,460.2,0,0,3,True,24.9,moderate,SDMA
LS-01074,2020-07-14,2019-20,ML,D-ML-01,East Khasi Hills,SEG-0013,NH-6,25.76159,91.88505,rockfall,rainfall,rock,schist,settlement,3657,73,48.9,1496,288.9,0,0,1,True,52.1,moderate,GSI-NLSM
LS-01075,2019-10-22,2019-20,SK,D-SK-04,Gyalshing,SEG-0055,NH-510,27.31152,88.23988,rotational_slide,rainfall,earth,sandstone_shale,forest,4882,66,41.6,1780,142.2,0,0,4,False,0.0,moderate,NDMA
LS-01076,2020-11-07,2019-20,SK,D-SK-04,Gyalshing,SEG-0055,NH-510,27.33629,88.2258,debris_flow,rainfall,debris,schist,jhum_cultivation,91877,199,43.2,1780,619.6,1,2,1,True,442.3,major,NDMA
LS-01077,2019-08-06,2019-20,AR,D-AR-03,West Kameng,SEG-0064,NH-13-W,27.53997,91.93559,translational_slide,rainfall,rock,sandstone_shale,barren,10453,74,43.0,2731,234.7,0,0,0,True,59.2,moderate,GSI-NLSM
LS-01078,2020-03-08,2019-20,ML,D-ML-01,East Khasi Hills,SEG-0014,NH-6,25.51533,92.04072,rockfall,rainfall,rock,phyllite,road_cut,1961,58,39.7,1438,443.2,0,0,2,True,5.5,minor,GSI-NLSM
LS-01079,2019-08-07,2019-20,ML,D-ML-01,East Khasi Hills,SEG-0014,NH-6,25.486,92.12977,rockfall,rainfall,rock,phyllite,settlement,2663,42,25.2,1438,516.4,0,0,0,True,21.6,moderate,SDMA
LS-01080,2020-06-26,2019-20,ML,D-ML-01,East Khasi Hills,SEG-0013,NH-6,25.78784,91.89418,translational_slide,rainfall,rock,gneiss,settlement,1211,30,37.7,1496,687.4,0,0,3,False,0.0,minor,SDMA
LS-01081,2019-03-26,2019-20,MN,D-MN-01,Imphal West,SEG-0032,NH-2-S,24.95025,94.16318,translational_slide,rainfall,rock,schist,jhum_cultivation,20838,135,51.6,1224,381.9,0,0,4,False,0.0,moderate,PWD-field
LS-01082,2020-08-14,2019-20,AR,D-AR-03,West Kameng,SEG-0064,NH-13-W,27.34241,92.29425,mudslide,rainfall,earth,phyllite,agriculture,4059,29,35.5,2731,175.7,0,0,3,True,7.4,moderate,GSI-NLSM
LS-01083,2020-05-13,2019-20,NL,D-NL-02,Dimapur,SEG-0021,NH-2,25.70193,94.06867,rotational_slide,rainfall,earth,quartzite,jhum_cultivation,710,20,34.8,794,412.6,0,0,5,False,0.0,minor,NDMA
LS-01084,2020-09-25,2019-20,NL,D-NL-04,Wokha,SEG-0026,NH-29,26.21437,94.39355,debris_flow,rainfall,debris,phyllite,barren,2682,25,45.8,1319,552.4,0,0,5,True,3.0,moderate,GSI-NLSM
LS-01085,2019-08-12,2019-20,SK,D-SK-02,Mangan,SEG-0050,NH-310,27.58546,88.60862,debris_flow,anthropogenic_cut,debris,schist,road_cut,1322,34,43.1,1250,121.9,0,0,6,True,5.1,minor,PWD-field
LS-01086,2020-08-03,2019-20,MZ,D-MZ-05,Serchhip,SEG-0036,NH-306,22.95452,92.749,mudslide,rainfall,earth,sandstone_shale,barren,649,18,50.4,1084,158.8,0,0,1,True,1.0,minor,NDMA
LS-01087,2020-09-24,2019-20,AR,D-AR-03,West Kameng,SEG-0063,NH-13-W,27.12124,92.55115,translational_slide,rainfall,rock,sandstone_shale,road_cut,2042,46,32.8,2415,268.8,0,0,2,False,0.0,moderate,GSI-NLSM
LS-01088,2020-07-28,2019-20,ML,D-ML-01,East Khasi Hills,SEG-0013,NH-6,25.61336,91.88672,rockfall,rainfall,rock,schist,jhum_cultivation,6305,51,53.0,1496,445.1,0,0,0,True,13.5,moderate,NDMA
LS-01089,2020-07-27,2019-20,MZ,D-MZ-01,Aizawl,SEG-0035,NH-306,23.63839,92.74778,mudslide,anthropogenic_cut,earth,gneiss,jhum_cultivation,1591,52,28.4,1216,129.8,0,0,5,True,2.1,minor,NDMA
LS-01090,2019-07-06,2019-20,MN,D-MN-02,Churachandpur,SEG-0031,NH-2-S,24.37735,93.71733,debris_flow,rainfall,debris,gneiss,agriculture,663,30,41.0,850,170.9,0,0,3,False,0.0,minor,PWD-field
LS-01091,2020-05-19,2019-20,ML,D-ML-01,East Khasi Hills,SEG-0013,NH-6,25.6984,91.89204,debris_flow,rainfall,debris,gneiss,barren,2718,65,41.9,1496,273.8,0,0,6,False,0.0,moderate,NDMA
LS-01092,2020-09-14,2019-20,MN,D-MN-05,Senapati,SEG-0023,NH-2,25.40038,94.07983,debris_flow,rainfall,debris,sandstone_shale,jhum_cultivation,6418,82,34.2,1061,201.3,0,0,4,True,9.3,moderate,PWD-field
LS-01093,2019-08-08,2019-20,ML,D-ML-01,East Khasi Hills,SEG-0013,NH-6,25.78792,91.88868,debris_flow,rainfall,debris,schist,settlement,469,20,33.4,1496,238.4,0,0,5,True,1.3,minor,GSI-NLSM
LS-01094,2020-08-28,2019-20,MN,D-MN-01,Imphal West,SEG-0032,NH-2-S,24.93033,94.14252,debris_flow,rainfall,debris,sandstone_shale,jhum_cultivation,346,28,53.6,1224,349.6,0,0,6,True,2.1,minor,GSI-NLSM
LS-01095,2020-06-09,2019-20,SK,D-SK-03,Namchi,SEG-0053,NH-510,27.13695,88.33429,rotational_slide,rainfall,earth,gneiss,settlement,24172,147,21.0,1675,134.0,1,0,6,False,0.0,major,NDMA
LS-01096,2019-07-10,2019-20,AS,D-AS-08,Karbi Anglong,SEG-0068,NH-27-DH,25.52048,93.11119,mudslide,rainfall,earth,phyllite,agriculture,140,12,51.3,433,418.1,0,0,2,False,0.0,minor,GSI-NLSM
LS-01097,2020-08-15,2019-20,AR,D-AR-06,West Siang,SEG-0061,NH-13,28.11055,95.09912,rockfall,rainfall,rock,sandstone_shale,agriculture,903,22,22.2,386,171.1,0,0,4,False,0.0,minor,PWD-field
LS-01098,2020-08-11,2019-20,NL,D-NL-01,Kohima,SEG-0025,NH-29,25.73015,94.13351,rockfall,anthropogenic_cut,rock,gneiss,barren,90995,180,50.6,1378,113.6,0,2,21,True,435.9,major,PWD-field
LS-01099,2019-06-27,2019-20,ML,D-ML-01,East Khasi Hills,SEG-0013,NH-6,25.84639,91.88543,rockfall,rainfall,rock,schist,settlement,1531,31,49.1,1496,769.1,0,0,4,True,5.4,minor,SDMA
LS-01100,2019-07-20,2019-20,ML,D-ML-01,East Khasi Hills,SEG-0013,NH-6,25.72284,91.88296,earth_flow,rainfall,earth,gneiss,barren,552,31,48.6,1496,219.1,0,0,0,True,1.0,minor,NDMA
LS-01101,2020-06-21,2019-20,SK,D-SK-02,Mangan,SEG-0051,NH-310,27.61053,88.65431,translational_slide,rainfall,rock,sandstone_shale,road_cut,3894,55,36.2,1250,615.0,0,0,4,True,14.2,moderate,GSI-NLSM
LS-01102,2020-07-14,2019-20,MN,D-MN-02,Churachandpur,SEG-0031,NH-2-S,24.73183,93.88903,translational_slide,rainfall,rock,gneiss,road_cut,986,45,33.7,850,124.7,0,0,4,True,8.4,moderate,PWD-field
LS-01103,2020-07-25,2019-20,AS,D-AS-09,Sonitpur,SEG-0062,NH-13-W,26.91573,92.68006,debris_flow,rainfall,debris,phyllite,forest,2092,21,29.2,1247,524.7,0,0,1,True,3.1,moderate,GSI-NLSM
LS-01104,2020-06-14,2019-20,AR,D-AR-06,West Siang,SEG-0060,NH-13,28.01831,94.30976,rockfall,rainfall,rock,phyllite,jhum_cultivation,168,14,52.1,620,372.0,0,0,4,True,1.2,minor,NDMA
LS-01105,2019-06-14,2019-20,SK,D-SK-04,Gyalshing,SEG-0055,NH-510,27.33538,88.23492,debris_flow,rainfall,debris,sandstone_shale,agriculture,1466,49,35.3,1780,359.4,0,0,2,True,4.8,minor,GSI-NLSM
LS-01106,2019-06-02,2019-20,AR,D-AR-06,West Siang,SEG-0060,NH-13,28.15287,94.7528,rockfall,toe_erosion,rock,schist,settlement,443,23,51.2,620,26.2,0,0,5,True,1.0,minor,GSI-NLSM
LS-01107,2019-08-11,2019-20,AR,D-AR-03,West Kameng,SEG-0064,NH-13-W,27.40385,92.16942,debris_flow,rainfall,debris,phyllite,barren,776,34,32.8,2731,138.2,0,0,2,True,1.4,minor,GSI-NLSM
LS-01108,2020-05-27,2019-20,ML,D-ML-01,East Khasi Hills,SEG-0013,NH-6,25.76108,91.88999,rockfall,rainfall,rock,phyllite,jhum_cultivation,3766,51,38.2,1496,331.8,0,0,2,True,12.0,moderate,GSI-NLSM
LS-01109,2020-08-18,2019-20,AR,D-AR-03,West Kameng,SEG-0063,NH-13-W,27.1583,92.52798,debris_flow,rainfall,debris,schist,agriculture,238,8,29.9,2415,391.1,0,0,2,False,0.0,minor,PWD-field
LS-01110,2019-09-28,2019-20,AS,D-AS-04,Dibrugarh,SEG-0011,NH-27,27.48141,95.24964,translational_slide,rainfall,rock,siltstone,road_cut,55,10,13.0,112,391.9,0,0,6,True,1.0,minor,PWD-field
LS-01111,2020-07-06,2019-20,SK,D-SK-01,Gangtok,SEG-0052,NH-510,27.20431,88.45767,translational_slide,rainfall,rock,phyllite,settlement,721,40,39.6,1662,163.2,0,0,6,True,5.5,minor,GSI-NLSM
LS-01112,2020-05-08,2019-20,MN,D-MN-01,Imphal West,SEG-0032,NH-2-S,24.97827,94.25118,debris_flow,rainfall,debris,phyllite,settlement,785,42,49.2,1224,162.1,0,0,1,True,1.8,minor,PWD-field
LS-01113,2020-07-20,2019-20,AR,D-AR-01,Papum Pare,SEG-0058,NH-13,27.25481,93.68915,rotational_slide,seismic,earth,sandstone_shale,agriculture,304,27,39.7,1002,68.4,0,0,0,True,1.0,minor,NDMA
LS-01114,2020-05-10,2019-20,ML,D-ML-01,East Khasi Hills,SEG-0013,NH-6,25.7631,91.88543,rockfall,rainfall,rock,quartzite,settlement,781,41,38.4,1496,536.2,0,0,3,True,1.3,minor,GSI-NLSM
LS-01115,2020-06-20,2019-20,SK,D-SK-03,Namchi,SEG-0053,NH-510,27.13561,88.33597,rockfall,rainfall,rock,quartzite,forest,575,21,33.2,1675,454.9,0,0,2,False,0.0,minor,GSI-NLSM
LS-01116,2020-07-15,2019-20,TR,D-TR-02,North Tripura,SEG-0043,NH-8,24.37987,92.20266,debris_flow,rainfall,debris,phyllite,road_cut,1286,33,32.1,34,438.9,0,0,3,True,1.2,minor,GSI-NLSM
LS-01117,2019-09-02,2019-20,NL,D-NL-01,Kohima,SEG-0025,NH-29,25.74557,94.13668,translational_slide,rainfall,rock,gneiss,jhum_cultivation,49403,206,42.4,1378,319.8,9,28,13,True,128.6,catastrophic,PWD-field
LS-01118,2020-08-09,2019-20,SK,D-SK-02,Mangan,SEG-0051,NH-310,27.61883,88.66576,rockfall,rainfall,rock,phyllite,jhum_cultivation,34966,187,54.1,1250,413.2,0,1,21,True,127.9,major,GSI-NLSM
LS-01119,2020-06-20,2019-20,SK,D-SK-03,Namchi,SEG-0054,NH-510,27.26245,88.27342,rockfall,rainfall,rock,sandstone_shale,agriculture,2672,40,30.2,1727,519.7,0,0,4,False,0.0,moderate,GSI-NLSM
LS-01120,2020-07-13,2019-20,NL,D-NL-03,Mokokchung,SEG-0027,NH-29,26.30855,94.56248,rockfall,rainfall,rock,quartzite,settlement,203,11,31.9,1348,476.8,0,0,3,True,1.0,minor,PWD-field
LS-01121,2019-06-26,2019-20,AR,D-AR-03,West Kameng,SEG-0063,NH-13-W,27.12146,92.55214,rockfall,rainfall,rock,gneiss,agriculture,3255,51,36.1,2415,532.9,0,0,2,False,0.0,moderate,GSI-NLSM
LS-01122,2019-06-07,2019-20,SK,D-SK-01,Gangtok,SEG-0052,NH-510,27.2709,88.52988,debris_flow,rainfall,debris,schist,jhum_cultivation,25,5,38.6,1662,456.2,0,0,0,True,1.0,minor,PWD-field
LS-01123,2020-08-22,2019-20,AR,D-AR-04,Lower Subansiri,SEG-0059,NH-13,27.63033,93.90397,debris_flow,rainfall,debris,sandstone_shale,road_cut,4357,54,36.6,1092,384.1,0,0,2,True,7.5,moderate,NDMA
LS-01124,2020-07-17,2019-20,SK,D-SK-01,Gangtok,SEG-0052,NH-510,27.13224,88.35355,rockfall,rainfall,rock,sandstone_shale,settlement,2058,43,51.8,1662,262.2,0,0,5,True,50.2,moderate,NDMA
LS-01125,2020-08-16,2019-20,WB,D-WB-01,Siliguri,SEG-0046,NH-10,27.08259,88.49771,rockfall,rainfall,rock,phyllite,agriculture,2078,49,56.4,886,182.4,0,0,4,False,0.0,moderate,PWD-field
LS-01126,2020-07-04,2019-20,AR,D-AR-04,Lower Subansiri,SEG-0059,NH-13,27.65048,93.91996,rotational_slide,rainfall,earth,schist,settlement,875,19,39.9,1092,329.1,0,0,2,True,1.0,minor,GSI-NLSM
LS-01127,2020-06-14,2019-20,ML,D-ML-01,East Khasi Hills,SEG-0013,NH-6,25.77351,91.88913,rockfall,rainfall,rock,gneiss,jhum_cultivation,25251,139,47.0,1496,699.8,0,3,37,True,54.4,major,GSI-NLSM
LS-01128,2020-06-05,2019-20,AS,D-AS-01,Kamrup Metropolitan,SEG-0017,NH-27-SPUR,26.16494,91.18296,mudslide,rainfall,earth,siltstone,barren,652,35,21.2,54,278.0,0,0,3,True,1.0,minor,GSI-NLSM
LS-01129,2020-04-07,2019-20,SK,D-SK-02,Mangan,SEG-0050,NH-310,27.59847,88.62204,translational_slide,rainfall,rock,quartzite,road_cut,3351,63,48.0,1250,570.2,0,0,0,True,6.4,moderate,NDMA
LS-01130,2019-01-26,2019-20,ML,D-ML-03,West Garo Hills,SEG-0019,NH-27-SPUR,25.50816,90.24824,translational_slide,rainfall,rock,laterite,forest,5282,76,26.4,337,423.0,0,0,4,True,8.3,moderate,SDMA
LS-01131,2020-07-17,2019-20,AS,D-AS-07,Dima Hasao,SEG-0069,NH-27-DH,24.91445,92.84426,rockfall,rainfall,rock,gneiss,jhum_cultivation,508,33,30.2,352,371.9,0,0,1,True,5.0,minor,NDMA
LS-01132,2019-07-06,2019-20,ML,D-ML-01,East Khasi Hills,SEG-0013,NH-6,25.86229,91.87681,rockfall,rainfall,rock,schist,agriculture,708,14,48.5,1496,302.6,0,0,1,True,2.5,minor,GSI-NLSM
LS-01133,2019-07-09,2019-20,AS,D-AS-09,Sonitpur,SEG-0062,NH-13-W,26.92468,92.68099,debris_flow,rainfall,debris,sandstone_shale,barren,57664,250,29.6,1247,511.8,5,13,22,True,328.2,catastrophic,PWD-field
LS-01134,2020-06-12,2019-20,ML,D-ML-02,West Jaintia Hills,SEG-0015,NH-6,25.24325,92.33478,mudslide,rainfall,earth,phyllite,barren,5968,32,44.0,701,447.7,0,0,2,True,11.8,moderate,GSI-NLSM
LS-01135,2019-10-09,2019-20,ML,D-ML-01,East Khasi Hills,SEG-0013,NH-6,25.79179,91.89161,rockfall,rainfall,rock,sandstone_shale,jhum_cultivation,325,18,48.4,1496,687.4,0,0,0,False,0.0,minor,GSI-NLSM
LS-01136,2020-07-10,2019-20,ML,D-ML-01,East Khasi Hills,SEG-0013,NH-6,25.67649,91.89217,mudslide,rainfall,earth,phyllite,road_cut,298,12,40.3,1496,215.1,0,0,5,False,0.0,minor,GSI-NLSM
LS-01137,2020-02-19,2019-20,SK,D-SK-02,Mangan,SEG-0050,NH-310,27.51913,88.53497,debris_flow,rainfall,debris,gneiss,forest,1153,21,36.1,1250,416.1,0,0,5,False,0.0,minor,GSI-NLSM
LS-01138,2020-09-21,2019-20,MZ,D-MZ-05,Serchhip,SEG-0036,NH-306,23.1286,92.80281,debris_flow,rainfall,debris,phyllite,settlement,936,14,49.8,1084,419.0,0,0,0,True,1.1,minor,SDMA
LS-01139,2019-08-06,2019-20,AR,D-AR-04,Lower Subansiri,SEG-0059,NH-13,27.7387,93.99983,rockfall,anthropogenic_cut,rock,phyllite,barren,4021,67,49.0,1092,66.7,0,0,3,False,0.0,moderate,NDMA
LS-01140,2019-05-13,2019-20,ML,D-ML-01,East Khasi Hills,SEG-0013,NH-6,25.78384,91.88808,rotational_slide,rainfall,earth,quartzite,barren,26329,156,36.4,1496,204.8,0,1,21,True,28.2,major,PWD-field
LS-01141,2019-08-03,2019-20,AS,D-AS-02,Nagaon,SEG-0070,NH-36,26.02881,93.15193,translational_slide,rainfall,rock,phyllite,settlement,5017,59,22.5,123,608.4,0,0,3,False,0.0,moderate,GSI-NLSM
LS-01142,2019-07-03,2019-20,AR,D-AR-06,West Siang,SEG-0060,NH-13,28.10541,94.59336,debris_flow,rainfall,debris,phyllite,forest,312,20,40.2,620,222.7,0,0,3,True,1.6,minor,NDMA
LS-01143,2019-06-06,2019-20,MN,D-MN-01,Imphal West,SEG-0028,NH-37,24.94972,93.60878,rockfall,rainfall,rock,phyllite,settlement,5080,63,35.6,1023,291.2,0,0,1,True,13.6,moderate,NDMA
LS-01144,2019-07-02,2019-20,MZ,D-MZ-01,Aizawl,SEG-0037,NH-302,23.6108,92.98798,debris_flow,rainfall,debris,gneiss,agriculture,1483,39,36.5,1405,566.0,0,0,6,False,0.0,minor,SDMA
LS-01145,2019-07-12,2019-20,AR,D-AR-01,Papum Pare,SEG-0058,NH-13,27.47644,93.80449,debris_flow,rainfall,debris,schist,agriculture,11085,72,24.4,1002,295.7,0,0,4,False,0.0,moderate,PWD-field
LS-01146,2019-08-12,2019-20,NL,D-NL-01,Kohima,SEG-0022,NH-2,25.60252,94.10331,translational_slide,rainfall,rock,gneiss,settlement,698,25,38.1,1252,290.3,0,0,0,False,0.0,minor,NDMA
LS-01147,2019-06-22,2019-20,WB,D-WB-01,Siliguri,SEG-0046,NH-10,26.9583,88.45666,rockfall,rainfall,rock,gneiss,road_cut,218,13,47.3,886,431.2,0,0,0,False,0.0,minor,NDMA
LS-01148,2020-09-16,2019-20,AS,D-AS-08,Karbi Anglong,SEG-0068,NH-27-DH,25.41403,93.07351,debris_flow,anthropogenic_cut,debris,quartzite,agriculture,1398,34,44.6,433,97.3,0,0,4,False,0.0,minor,NDMA
LS-01149,2019-05-06,2019-20,AS,D-AS-10,Bongaigaon,SEG-0018,NH-27-SPUR,25.57585,90.23958,rockfall,rainfall,rock,laterite,jhum_cultivation,58,11,12.7,139,426.6,0,0,3,False,0.0,minor,GSI-NLSM
LS-01150,2020-05-16,2019-20,NL,D-NL-01,Kohima,SEG-0025,NH-29,25.79743,94.15859,debris_flow,rainfall,debris,sandstone_shale,settlement,2436,63,44.4,1378,145.2,0,0,4,False,0.0,moderate,GSI-NLSM
LS-01151,2019-12-21,2019-20,AR,D-AR-03,West Kameng,SEG-0064,NH-13-W,27.30636,92.37707,translational_slide,rainfall,rock,sandstone_shale,barren,2545,63,27.0,2731,564.9,0,0,6,True,6.3,moderate,NDMA
LS-01152,2019-03-10,2019-20,SK,D-SK-04,Gyalshing,SEG-0055,NH-510,27.3538,88.23371,debris_flow,rainfall,debris,sandstone_shale,settlement,657,31,39.1,1780,359.2,0,0,1,True,3.4,minor,PWD-field
LS-01153,2020-09-28,2019-20,MN,D-MN-01,Imphal West,SEG-0032,NH-2-S,24.89731,94.09253,mudslide,rainfall,earth,quartzite,barren,2299,26,38.8,1224,280.3,0,0,0,False,0.0,moderate,GSI-NLSM
LS-01154,2019-07-01,2019-20,NL,D-NL-01,Kohima,SEG-0025,NH-29,25.92935,94.19108,rockfall,anthropogenic_cut,rock,phyllite,jhum_cultivation,820,17,41.8,1378,86.4,0,0,1,True,3.6,minor,SDMA
LS-01155,2019-04-04,2019-20,ML,D-ML-01,East Khasi Hills,SEG-0013,NH-6,25.63773,91.8923,rockfall,rainfall,rock,sandstone_shale,barren,2121,33,46.0,1496,768.4,0,0,4,True,2.6,moderate,NDMA
LS-01156,2020-09-07,2019-20,SK,D-SK-01,Gangtok,SEG-0048,NH-10,27.27352,88.53423,rotational_slide,toe_erosion,earth,schist,road_cut,7541,76,47.2,1650,43.9,0,0,5,True,6.9,moderate,SDMA
LS-01157,2019-06-01,2019-20,AR,D-AR-05,East Siang,SEG-0065,NH-315,28.11399,95.67417,debris_flow,rainfall,debris,quartzite,settlement,37,7,32.1,1060,181.8,0,0,4,False,0.0,minor,GSI-NLSM
LS-01158,2020-11-05,2019-20,MN,D-MN-04,Tamenglong,SEG-0030,NH-37,24.80618,93.07883,rotational_slide,rainfall,earth,gneiss,settlement,5101,81,45.5,642,123.4,0,0,4,True,3.3,moderate,SDMA
LS-01159,2020-06-28,2019-20,TR,D-TR-03,Dhalai,SEG-0041,NH-8,24.26678,92.00194,mudslide,rainfall,earth,siltstone,road_cut,891,39,12.5,52,586.6,0,0,6,False,0.0,minor,GSI-NLSM
LS-01160,2019-10-15,2019-20,ML,D-ML-04,East Garo Hills,SEG-0020,NH-27-SPUR,25.22052,90.62191,rotational_slide,rainfall,earth,siltstone,settlement,421,24,24.3,450,605.5,0,0,3,True,1.0,minor,GSI-NLSM
LS-01161,2020-03-20,2019-20,AS,D-AS-10,Bongaigaon,SEG-0018,NH-27-SPUR,25.95797,90.47638,rockfall,rainfall,rock,laterite,agriculture,1769,19,15.9,139,571.6,0,0,1,True,3.6,minor,SDMA
LS-01162,2019-04-21,2019-20,MN,D-MN-01,Imphal West,SEG-0032,NH-2-S,25.01875,94.31538,debris_flow,rainfall,debris,schist,forest,3558,32,35.4,1224,125.4,0,0,2,False,0.0,moderate,SDMA
LS-01163,2019-08-20,2019-20,SK,D-SK-02,Mangan,SEG-0050,NH-310,27.57796,88.59942,debris_flow,rainfall,debris,schist,forest,3276,54,46.2,1250,294.9,0,0,0,False,0.0,moderate,SDMA
LS-01164,2019-07-23,2019-20,ML,D-ML-02,West Jaintia Hills,SEG-0015,NH-6,25.35844,92.26388,mudslide,rainfall,earth,quartzite,agriculture,972,15,32.7,701,438.2,0,0,3,False,0.0,minor,NDMA
LS-01165,2020-06-18,2019-20,MN,D-MN-05,Senapati,SEG-0023,NH-2,25.42532,94.07913,rockfall,rainfall,rock,quartzite,road_cut,679,19,29.7,1061,297.9,0,0,4,True,1.0,minor,SDMA
LS-01166,2020-09-25,2019-20,AR,D-AR-09,Dibang Valley,SEG-0066,NH-315,28.08325,95.89839,earth_flow,rainfall,earth,gneiss,forest,6589,57,50.7,1099,272.5,0,0,5,True,50.2,moderate,PWD-field
LS-01167,2019-07-26,2019-20,SK,D-SK-01,Gangtok,SEG-0047,NH-10,27.20714,88.51081,debris_flow,rainfall,debris,phyllite,jhum_cultivation,4974,70,30.3,1650,287.1,0,0,5,True,4.3,moderate,GSI-NLSM
LS-01168,2019-09-21,2019-20,SK,D-SK-01,Gangtok,SEG-0049,NH-310,27.36223,88.59264,translational_slide,rainfall,rock,phyllite,agriculture,29483,77,32.8,1450,607.0,0,2,4,True,56.4,major,GSI-NLSM
LS-01169,2019-08-01,2019-20,NL,D-NL-03,Mokokchung,SEG-0027,NH-29,26.30557,94.67819,rotational_slide,rainfall,earth,gneiss,barren,3905,76,46.7,1348,291.0,0,0,1,True,9.2,moderate,PWD-field
LS-01170,2019-06-13,2019-20,MN,D-MN-01,Imphal West,SEG-0028,NH-37,24.85004,93.8544,earth_flow,rainfall,earth,schist,settlement,3168,36,31.8,1023,411.8,0,0,5,True,6.5,moderate,SDMA
LS-01171,2019-08-11,2019-20,AR,D-AR-03,West Kameng,SEG-0063,NH-13-W,27.19445,92.49847,debris_flow,rainfall,debris,quartzite,forest,7410,77,35.8,2415,157.8,0,0,2,False,0.0,moderate,GSI-NLSM
LS-01172,2020-04-07,2019-20,SK,D-SK-01,Gangtok,SEG-0049,NH-310,27.3598,88.59208,translational_slide,rainfall,rock,sandstone_shale,barren,418,23,27.8,1450,179.2,0,0,3,True,1.2,minor,PWD-field
LS-01173,2020-08-12,2019-20,SK,D-SK-03,Namchi,SEG-0053,NH-510,27.11738,88.32188,debris_flow,anthropogenic_cut,debris,sandstone_shale,settlement,905,22,32.9,1675,24.7,0,0,6,True,2.7,minor,GSI-NLSM
LS-01174,2020-08-16,2019-20,TR,D-TR-03,Dhalai,SEG-0041,NH-8,24.2111,91.96559,rockfall,rainfall,rock,phyllite,agriculture,107,11,25.2,52,495.2,0,0,2,False,0.0,minor,GSI-NLSM
LS-01175,2019-09-09,2019-20,TR,D-TR-02,North Tripura,SEG-0042,NH-8,24.34967,92.13319,debris_flow,rainfall,debris,phyllite,jhum_cultivation,1715,39,17.1,45,189.5,0,0,4,True,1.4,minor,GSI-NLSM
LS-01176,2020-08-24,2019-20,NL,D-NL-04,Wokha,SEG-0026,NH-29,26.27773,94.46733,rockfall,anthropogenic_cut,rock,phyllite,barren,220,8,43.5,1319,8.3,0,0,6,True,1.0,minor,GSI-NLSM
LS-01177,2019-08-18,2019-20,SK,D-SK-04,Gyalshing,SEG-0055,NH-510,27.34122,88.23259,debris_flow,rainfall,debris,schist,barren,1574,34,34.9,1780,297.1,0,0,4,True,3.9,minor,NDMA
LS-01178,2020-05-05,2019-20,ML,D-ML-01,East Khasi Hills,SEG-0013,NH-6,25.83118,91.87981,earth_flow,rainfall,earth,phyllite,settlement,1478,50,42.6,1496,461.1,0,0,1,False,0.0,minor,NDMA
LS-01179,2019-06-03,2019-20,SK,D-SK-03,Namchi,SEG-0053,NH-510,27.13357,88.32888,debris_flow,rainfall,debris,sandstone_shale,jhum_cultivation,440,22,32.2,1675,538.5,0,0,5,True,1.6,minor,GSI-NLSM
LS-01180,2020-07-21,2019-20,SK,D-SK-03,Namchi,SEG-0053,NH-510,27.13457,88.34387,earth_flow,rainfall,earth,schist,road_cut,10221,47,37.2,1675,355.8,0,0,1,True,22.2,moderate,GSI-NLSM
LS-01181,2019-05-04,2019-20,NL,D-NL-03,Mokokchung,SEG-0027,NH-29,26.3131,94.57586,mudslide,rainfall,earth,gneiss,settlement,2013,25,35.2,1348,156.0,0,0,3,True,1.4,moderate,PWD-field
LS-01182,2019-05-08,2019-20,ML,D-ML-02,West Jaintia Hills,SEG-0015,NH-6,25.39593,92.23287,rockfall,rainfall,rock,schist,agriculture,5245,44,34.3,701,926.5,0,0,4,False,0.0,moderate,NDMA
LS-01183,2020-09-19,2019-20,ML,D-ML-02,West Jaintia Hills,SEG-0015,NH-6,25.02297,92.48864,debris_flow,rainfall,debris,gneiss,forest,11352,82,35.4,701,297.9,0,0,4,False,0.0,moderate,NDMA
LS-01184,2019-07-26,2019-20,ML,D-ML-01,East Khasi Hills,SEG-0014,NH-6,25.53009,91.99412,debris_flow,rainfall,debris,sandstone_shale,agriculture,1721,30,40.5,1438,396.2,0,0,0,False,0.0,minor,PWD-field
LS-01185,2019-10-25,2019-20,AR,D-AR-06,West Siang,SEG-0061,NH-13,28.12197,95.00029,earth_flow,rainfall,earth,phyllite,road_cut,14044,108,34.0,386,148.1,0,0,6,True,11.3,moderate,GSI-NLSM
LS-01186,2019-10-21,2019-20,ML,D-ML-03,West Garo Hills,SEG-0019,NH-27-SPUR,25.50673,90.42327,rotational_slide,anthropogenic_cut,earth,laterite,forest,2391,47,29.9,337,23.1,0,0,2,False,0.0,moderate,GSI-NLSM
LS-01187,2019-06-25,2019-20,AR,D-AR-03,West Kameng,SEG-0063,NH-13-W,27.14409,92.53443,debris_flow,rainfall,debris,schist,settlement,1191,45,33.6,2415,367.6,0,0,4,False,0.0,minor,GSI-NLSM
LS-01188,2020-11-27,2019-20,ML,D-ML-03,West Garo Hills,SEG-0019,NH-27-SPUR,25.49556,90.433,debris_flow,rainfall,debris,laterite,road_cut,953,33,18.8,337,190.7,0,0,1,True,1.0,minor,NDMA
LS-01189,2020-03-05,2019-20,SK,D-SK-02,Mangan,SEG-0050,NH-310,27.59147,88.62462,rockfall,rainfall,rock,sandstone_shale,forest,472,24,32.8,1250,388.7,0,0,2,True,1.0,minor,SDMA
LS-01190,2019-04-18,2019-20,AR,D-AR-04,Lower Subansiri,SEG-0059,NH-13,27.73943,93.99947,translational_slide,rainfall,rock,quartzite,jhum_cultivation,2354,38,43.4,1092,326.0,0,0,6,False,0.0,moderate,GSI-NLSM
LS-01191,2020-06-26,2019-20,MN,D-MN-04,Tamenglong,SEG-0029,NH-37,24.93916,93.44685,rockfall,rainfall,rock,phyllite,settlement,402,23,26.5,1260,189.0,0,0,4,False,0.0,minor,GSI-NLSM
LS-01192,2019-06-09,2019-20,AR,D-AR-06,West Siang,SEG-0061,NH-13,28.10052,95.19672,debris_flow,rainfall,debris,schist,road_cut,7583,60,25.2,386,591.0,0,0,0,False,0.0,moderate,GSI-NLSM
LS-01193,2019-09-23,2019-20,NL,D-NL-02,Dimapur,SEG-0021,NH-2,25.72503,94.03345,debris_flow,rainfall,debris,gneiss,barren,55,9,34.0,794,298.7,3,0,2,False,0.0,major,GSI-NLSM
LS-01194,2020-09-14,2019-20,AR,D-AR-06,West Siang,SEG-0061,NH-13,28.1203,95.0563,debris_flow,rainfall,debris,quartzite,settlement,1243,51,31.6,386,207.5,0,0,5,False,0.0,minor,PWD-field
LS-01195,2022-07-07,2021-22,AS,D-AS-09,Sonitpur,SEG-0062,NH-13-W,26.85171,92.71438,translational_slide,rainfall,rock,gneiss,settlement,1826,48,25.9,1247,529.8,0,0,3,False,0.0,minor,SDMA
LS-01196,2022-08-28,2021-22,SK,D-SK-02,Mangan,SEG-0051,NH-310,27.66896,88.72551,debris_flow,rainfall,debris,gneiss,barren,4681,67,42.5,1250,474.7,0,0,3,True,14.9,moderate,NDMA
LS-01197,2021-06-12,2021-22,ML,D-ML-02,West Jaintia Hills,SEG-0015,NH-6,25.38231,92.23404,mudslide,rainfall,earth,quartzite,agriculture,49549,141,32.2,701,738.7,0,3,3,True,78.5,major,GSI-NLSM
LS-01198,2022-08-21,2021-22,NL,D-NL-04,Wokha,SEG-0026,NH-29,26.13188,94.31332,translational_slide,rainfall,rock,phyllite,road_cut,1042,20,46.7,1319,269.8,0,0,0,True,4.8,minor,GSI-NLSM
LS-01199,2021-06-01,2021-22,ML,D-ML-01,East Khasi Hills,SEG-0013,NH-6,25.62352,91.88254,rockfall,rainfall,rock,quartzite,forest,1522,51,51.6,1496,404.5,0,0,2,True,14.9,moderate,PWD-field
LS-01200,2021-08-11,2021-22,MN,D-MN-04,Tamenglong,SEG-0030,NH-37,24.83472,92.82031,mudslide,seismic,earth,gneiss,settlement,256,17,41.4,642,69.1,0,0,0,False,0.0,minor,NDMA
LS-01201,2022-02-22,2021-22,SK,D-SK-01,Gangtok,SEG-0052,NH-510,27.13691,88.35473,rotational_slide,rainfall,earth,sandstone_shale,forest,3719,34,51.2,1662,393.7,0,0,1,False,0.0,moderate,SDMA
LS-01202,2021-06-12,2021-22,AS,D-AS-01,Kamrup Metropolitan,SEG-0012,NH-6,26.03507,91.80624,rotational_slide,rainfall,earth,phyllite,agriculture,24252,122,21.6,775,216.8,0,0,2,True,28.0,moderate,SDMA
LS-01203,2021-07-18,2021-22,AR,D-AR-06,West Siang,SEG-0061,NH-13,28.08438,95.19124,rotational_slide,rainfall,earth,gneiss,road_cut,142,19,31.3,386,299.3,0,0,2,False,0.0,minor,PWD-field
LS-01204,2021-08-07,2021-22,SK,D-SK-02,Mangan,SEG-0050,NH-310,27.52419,88.55484,translational_slide,rainfall,rock,sandstone_shale,barren,4358,37,41.9,1250,147.5,0,0,6,True,18.5,moderate,PWD-field
LS-01205,2021-06-16,2021-22,SK,D-SK-01,Gangtok,SEG-0049,NH-310,27.44271,88.56573,rotational_slide,rainfall,earth,gneiss,settlement,26482,160,37.6,1450,499.0,0,1,2,True,97.1,major,GSI-NLSM
LS-01206,2022-09-03,2021-22,SK,D-SK-01,Gangtok,SEG-0047,NH-10,27.1959,88.51058,debris_flow,rainfall,debris,sandstone_shale,forest,1209,39,40.8,1650,172.2,0,0,3,True,1.1,minor,SDMA
LS-01207,2022-08-16,2021-22,WB,D-WB-01,Siliguri,SEG-0046,NH-10,27.05301,88.50195,rockfall,rainfall,rock,gneiss,settlement,16609,139,57.9,886,165.6,0,0,1,False,0.0,moderate,GSI-NLSM
LS-01208,2022-10-04,2021-22,WB,D-WB-01,Siliguri,SEG-0046,NH-10,27.02751,88.48511,debris_flow,rainfall,debris,gneiss,jhum_cultivation,2625,57,42.1,886,495.4,0,0,6,True,2.1,moderate,SDMA
LS-01209,2022-07-19,2021-22,AS,D-AS-09,Sonitpur,SEG-0062,NH-13-W,26.78907,92.73541,debris_flow,rainfall,debris,quartzite,jhum_cultivation,914,29,39.9,1247,541.3,0,0,3,True,4.5,minor,SDMA
LS-01210,2021-07-20,2021-22,AR,D-AR-05,East Siang,SEG-0065,NH-315,28.09022,95.51789,rockfall,anthropogenic_cut,rock,schist,barren,142,15,34.0,1060,7.4,0,0,1,True,2.1,minor,SDMA
LS-01211,2021-08-16,2021-22,AR,D-AR-05,East Siang,SEG-0065,NH-315,28.08946,95.56803,rockfall,rainfall,rock,quartzite,agriculture,8987,113,30.5,1060,416.8,18,0,5,True,226.6,catastrophic,GSI-NLSM
LS-01212,2022-04-16,2021-22,ML,D-ML-02,West Jaintia Hills,SEG-0015,NH-6,25.17041,92.38506,rockfall,rainfall,rock,quartzite,agriculture,828,31,39.0,701,659.2,0,0,4,False,0.0,minor,GSI-NLSM
LS-01213,2021-06-09,2021-22,NL,D-NL-02,Dimapur,SEG-0021,NH-2,25.74435,93.99619,translational_slide,rainfall,rock,quartzite,jhum_cultivation,29,5,37.1,794,453.7,0,0,1,False,0.0,minor,NDMA
LS-01214,2021-08-12,2021-22,NL,D-NL-03,Mokokchung,SEG-0027,NH-29,26.30521,94.59561,debris_flow,seismic,debris,gneiss,barren,3075,65,32.6,1348,77.1,1,2,1,True,10.1,major,PWD-field
LS-01215,2021-06-28,2021-22,ML,D-ML-01,East Khasi Hills,SEG-0013,NH-6,25.62396,91.90084,rotational_slide,rainfall,earth,sandstone_shale,barren,3151,35,42.3,1496,926.7,0,0,3,True,5.9,moderate,PWD-field
LS-01216,2022-07-04,2021-22,AR,D-AR-04,Lower Subansiri,SEG-0059,NH-13,27.88593,94.12437,rotational_slide,anthropogenic_cut,earth,schist,settlement,1666,43,47.0,1092,118.7,0,0,2,True,1.6,minor,GSI-NLSM
LS-01217,2021-07-26,2021-22,MN,D-MN-01,Imphal West,SEG-0028,NH-37,24.9018,93.71566,rockfall,rainfall,rock,phyllite,road_cut,7187,63,42.4,1023,285.9,0,0,6,True,23.3,moderate,PWD-field
LS-01218,2022-04-14,2021-22,AR,D-AR-09,Dibang Valley,SEG-0066,NH-315,28.05615,95.94028,debris_flow,rainfall,debris,quartzite,agriculture,9363,61,43.6,1099,268.6,0,0,6,True,36.4,moderate,GSI-NLSM
LS-01219,2021-04-28,2021-22,NL,D-NL-03,Mokokchung,SEG-0027,NH-29,26.31222,94.5707,rockfall,toe_erosion,rock,gneiss,forest,126,17,41.3,1348,30.1,0,0,2,True,1.0,minor,GSI-NLSM
LS-01220,2021-06-26,2021-22,MZ,D-MZ-04,Kolasib,SEG-0034,NH-306,24.04898,92.68842,debris_flow,rainfall,debris,quartzite,forest,4405,51,39.6,891,297.6,0,0,1,False,0.0,moderate,GSI-NLSM
LS-01221,2021-10-17,2021-22,NL,D-NL-01,Kohima,SEG-0025,NH-29,25.93869,94.19594,debris_flow,rainfall,debris,phyllite,agriculture,7583,42,39.1,1378,237.9,0,0,0,True,11.1,moderate,GSI-NLSM
LS-01222,2022-07-02,2021-22,AR,D-AR-01,Papum Pare,SEG-0058,NH-13,27.20593,93.66113,rotational_slide,rainfall,earth,quartzite,jhum_cultivation,210,24,33.8,1002,256.1,0,0,4,False,0.0,minor,PWD-field
LS-01223,2021-09-01,2021-22,NL,D-NL-04,Wokha,SEG-0026,NH-29,26.20106,94.37272,debris_flow,rainfall,debris,schist,agriculture,6369,68,44.9,1319,392.0,0,0,4,True,7.4,moderate,GSI-NLSM
LS-01224,2021-06-19,2021-22,SK,D-SK-01,Gangtok,SEG-0052,NH-510,27.25235,88.49766,debris_flow,rainfall,debris,schist,barren,4467,41,42.5,1662,522.4,0,0,1,False,0.0,moderate,NDMA
LS-01225,2022-07-18,2021-22,MZ,D-MZ-04,Kolasib,SEG-0034,NH-306,23.88559,92.71348,debris_flow,anthropogenic_cut,debris,quartzite,agriculture,532,29,35.8,891,111.4,0,0,5,False,0.0,minor,NDMA
LS-01226,2021-06-09,2021-22,SK,D-SK-03,Namchi,SEG-0053,NH-510,27.13544,88.33163,rockfall,rainfall,rock,schist,settlement,60,8,26.2,1675,434.6,0,0,1,False,0.0,minor,GSI-NLSM
LS-01227,2021-03-03,2021-22,SK,D-SK-04,Gyalshing,SEG-0055,NH-510,27.35224,88.22295,mudslide,rainfall,earth,quartzite,agriculture,5515,93,50.9,1780,402.3,0,0,6,True,6.3,moderate,NDMA
LS-01228,2021-03-27,2021-22,SK,D-SK-02,Mangan,SEG-0050,NH-310,27.54816,88.56751,debris_flow,rainfall,debris,schist,barren,96,5,29.6,1250,471.2,0,0,3,True,1.0,minor,GSI-NLSM
LS-01229,2022-11-15,2021-22,MZ,D-MZ-04,Kolasib,SEG-0034,NH-306,24.08053,92.68945,debris_flow,rainfall,debris,gneiss,forest,2541,54,25.8,891,430.6,0,0,1,False,0.0,moderate,NDMA
LS-01230,2022-09-10,2021-22,SK,D-SK-01,Gangtok,SEG-0048,NH-10,27.26412,88.5344,rotational_slide,rainfall,earth,schist,barren,1539,42,32.5,1650,205.6,0,0,0,False,0.0,minor,SDMA
LS-01231,2022-07-22,2021-22,NL,D-NL-04,Wokha,SEG-0026,NH-29,26.19027,94.37223,translational_slide,rainfall,rock,gneiss,forest,306,12,45.1,1319,259.7,0,0,6,True,1.0,minor,GSI-NLSM
LS-01232,2021-06-14,2021-22,ML,D-ML-01,East Khasi Hills,SEG-0014,NH-6,25.54168,91.96088,rockfall,anthropogenic_cut,rock,gneiss,forest,347,23,23.7,1438,3.9,0,0,4,False,0.0,minor,GSI-NLSM
LS-01233,2021-08-06,2021-22,SK,D-SK-02,Mangan,SEG-0050,NH-310,27.53333,88.55709,rockfall,seismic,rock,schist,barren,2025,37,33.9,1250,95.9,0,0,4,False,0.0,moderate,GSI-NLSM
LS-01234,2022-04-10,2021-22,AS,D-AS-10,Bongaigaon,SEG-0018,NH-27-SPUR,25.88521,90.43844,mudslide,rainfall,earth,laterite,settlement,323,29,8,139,230.8,0,0,0,True,1.0,minor,PWD-field
LS-01235,2021-03-07,2021-22,AS,D-AS-09,Sonitpur,SEG-0062,NH-13-W,26.90501,92.68744,rotational_slide,rainfall,earth,phyllite,road_cut,287,16,37.1,1247,152.5,0,0,3,False,0.0,minor,GSI-NLSM
LS-01236,2022-06-13,2021-22,AR,D-AR-06,West Siang,SEG-0060,NH-13,28.12269,94.65546,debris_flow,rainfall,debris,phyllite,jhum_cultivation,4577,70,42.4,620,570.5,0,0,2,True,19.4,moderate,GSI-NLSM
LS-01237,2021-07-20,2021-22,AR,D-AR-09,Dibang Valley,SEG-0066,NH-315,28.03969,95.98454,translational_slide,rainfall,rock,phyllite,road_cut,1751,36,37.5,1099,218.4,0,0,4,False,0.0,minor,GSI-NLSM
LS-01238,2022-06-23,2021-22,AR,D-AR-01,Papum Pare,SEG-0057,NH-15,27.16145,93.87074,translational_slide,rainfall,rock,sandstone_shale,forest,729,31,26.4,259,406.3,0,0,1,False,0.0,minor,PWD-field
LS-01239,2022-04-18,2021-22,AR,D-AR-01,Papum Pare,SEG-0058,NH-13,27.33966,93.72182,translational_slide,rainfall,rock,gneiss,forest,1455,50,42.9,1002,458.7,1,1,1,True,4.1,major,SDMA
LS-01240,2021-06-24,2021-22,ML,D-ML-01,East Khasi Hills,SEG-0013,NH-6,25.7044,91.88997,rotational_slide,rainfall,earth,schist,barren,6243,36,37.3,1496,400.0,0,0,4,True,5.9,moderate,GSI-NLSM
LS-01241,2022-08-18,2021-22,SK,D-SK-01,Gangtok,SEG-0048,NH-10,27.28132,88.54,debris_flow,seismic,debris,gneiss,settlement,3839,72,39.6,1650,91.8,0,0,2,True,5.8,moderate,GSI-NLSM
LS-01242,2022-06-26,2021-22,AS,D-AS-09,Sonitpur,SEG-0056,NH-15,26.87771,93.22963,rockfall,anthropogenic_cut,rock,siltstone,settlement,1277,25,11.9,259,139.2,0,0,2,False,0.0,minor,GSI-NLSM
LS-01243,2021-09-16,2021-22,ML,D-ML-02,West Jaintia Hills,SEG-0015,NH-6,25.19255,92.37136,rockfall,anthropogenic_cut,rock,quartzite,settlement,133,16,34.4,701,25.4,0,0,4,True,1.0,minor,SDMA
LS-01244,2022-07-16,2021-22,ML,D-ML-01,East Khasi Hills,SEG-0013,NH-6,25.8408,91.87958,translational_slide,rainfall,rock,gneiss,settlement,8412,115,38.7,1496,468.9,0,0,3,False,0.0,moderate,SDMA
LS-01245,2021-09-14,2021-22,TR,D-TR-02,North Tripura,SEG-0042,NH-8,24.34734,92.07824,mudslide,rainfall,earth,sandstone_shale,road_cut,316,22,19.6,45,478.0,0,0,5,True,1.0,minor,GSI-NLSM
LS-01246,2021-08-21,2021-22,SK,D-SK-03,Namchi,SEG-0053,NH-510,27.1595,88.35477,mudslide,rainfall,earth,phyllite,jhum_cultivation,24352,60,29.6,1675,437.4,0,0,2,False,0.0,moderate,PWD-field
LS-01247,2022-03-08,2021-22,TR,D-TR-01,West Tripura,SEG-0039,NH-8,23.95063,91.46221,mudslide,rainfall,earth,sandstone_shale,agriculture,1714,50,18.0,36,586.3,9,18,4,False,0.0,catastrophic,GSI-NLSM
LS-01248,2021-04-17,2021-22,ML,D-ML-03,West Garo Hills,SEG-0019,NH-27-SPUR,25.48601,90.56986,translational_slide,rainfall,rock,siltstone,settlement,31600,122,27.3,337,470.9,0,0,20,True,26.6,major,PWD-field
LS-01249,2021-08-22,2021-22,AR,D-AR-09,Dibang Valley,SEG-0066,NH-315,28.04821,95.97829,rockfall,toe_erosion,rock,sandstone_shale,barren,303,24,53.0,1099,115.7,0,0,2,True,2.2,minor,PWD-field
LS-01250,2021-10-21,2021-22,AS,D-AS-08,Karbi Anglong,SEG-0068,NH-27-DH,25.5293,93.1167,translational_slide,rainfall,rock,quartzite,agriculture,34326,201,41.4,433,160.9,0,3,4,True,345.7,major,PWD-field
LS-01251,2021-06-27,2021-22,AR,D-AR-03,West Kameng,SEG-0063,NH-13-W,27.03465,92.61636,debris_flow,rainfall,debris,phyllite,barren,17037,59,32.1,2415,555.2,0,0,1,True,36.1,moderate,GSI-NLSM
LS-01252,2022-10-03,2021-22,AS,D-AS-08,Karbi Anglong,SEG-0068,NH-27-DH,25.58276,93.11982,rotational_slide,rainfall,earth,schist,forest,17163,69,55.9,433,491.3,0,0,0,False,0.0,moderate,NDMA
LS-01253,2022-10-01,2021-22,NL,D-NL-01,Kohima,SEG-0022,NH-2,25.53343,94.12334,debris_flow,rainfall,debris,gneiss,barren,955,32,32.3,1252,490.2,0,0,2,True,2.6,minor,PWD-field
LS-01254,2022-10-18,2021-22,SK,D-SK-01,Gangtok,SEG-0047,NH-10,27.22434,88.4961,debris_flow,rainfall,debris,gneiss,road_cut,1207,19,31.4,1650,191.8,0,0,4,True,7.1,moderate,SDMA
LS-01255,2021-09-07,2021-22,AR,D-AR-03,West Kameng,SEG-0064,NH-13-W,27.35056,92.26519,debris_flow,rainfall,debris,phyllite,forest,1572,30,40.9,2731,330.9,0,0,6,True,1.8,minor,SDMA
LS-01256,2021-04-28,2021-22,NL,D-NL-04,Wokha,SEG-0026,NH-29,26.12499,94.28594,rotational_slide,rainfall,earth,sandstone_shale,agriculture,999,19,44.8,1319,233.3,0,0,3,True,1.0,minor,GSI-NLSM
LS-01257,2021-08-09,2021-22,MN,D-MN-05,Senapati,SEG-0023,NH-2,25.35315,94.06138,debris_flow,anthropogenic_cut,debris,schist,settlement,2475,35,33.3,1061,78.7,3,0,3,True,10.9,major,PWD-field
LS-01258,2022-07-23,2021-22,AS,D-AS-09,Sonitpur,SEG-0062,NH-13-W,26.88469,92.68806,translational_slide,rainfall,rock,schist,barren,411,15,31.0,1247,316.1,0,0,0,False,0.0,minor,PWD-field
LS-01259,2021-05-15,2021-22,AS,D-AS-08,Karbi Anglong,SEG-0071,NH-36,25.87929,93.62518,debris_flow,rainfall,debris,laterite,agriculture,5200,83,30.8,165,316.0,0,0,1,False,0.0,moderate,NDMA
LS-01260,2022-06-12,2021-22,SK,D-SK-02,Mangan,SEG-0051,NH-310,27.64586,88.70176,debris_flow,rainfall,debris,quartzite,barren,117,11,50.3,1250,347.8,0,0,0,True,1.0,minor,SDMA
LS-01261,2021-08-20,2021-22,AR,D-AR-04,Lower Subansiri,SEG-0059,NH-13,27.86196,94.10808,translational_slide,rainfall,rock,gneiss,jhum_cultivation,4114,26,35.8,1092,268.2,0,0,1,False,0.0,moderate,NDMA
LS-01262,2021-09-11,2021-22,MN,D-MN-01,Imphal West,SEG-0028,NH-37,24.92341,93.64783,debris_flow,rainfall,debris,gneiss,agriculture,22913,149,50.5,1023,406.3,0,0,3,False,0.0,moderate,PWD-field
LS-01263,2022-05-04,2021-22,ML,D-ML-02,West Jaintia Hills,SEG-0015,NH-6,25.00812,92.50228,rockfall,rainfall,rock,schist,jhum_cultivation,1207,40,35.3,701,529.6,0,0,3,False,0.0,minor,PWD-field
LS-01264,2021-11-02,2021-22,MN,D-MN-05,Senapati,SEG-0024,NH-2,25.17416,93.99635,rotational_slide,rainfall,earth,quartzite,jhum_cultivation,455,30,35.4,923,344.7,0,0,6,False,0.0,minor,PWD-field
LS-01265,2021-04-04,2021-22,MN,D-MN-01,Imphal West,SEG-0028,NH-37,24.86333,93.82069,debris_flow,rainfall,debris,phyllite,agriculture,2796,35,50.2,1023,365.8,0,0,3,False,0.0,moderate,GSI-NLSM
LS-01266,2022-05-20,2021-22,SK,D-SK-01,Gangtok,SEG-0048,NH-10,27.24947,88.52733,rockfall,anthropogenic_cut,rock,schist,barren,28318,62,38.5,1650,125.2,0,0,1,True,199.0,major,NDMA
LS-01267,2022-08-06,2021-22,SK,D-SK-03,Namchi,SEG-0053,NH-510,27.11599,88.32922,debris_flow,anthropogenic_cut,debris,gneiss,settlement,6511,84,19.9,1675,66.8,0,0,1,True,69.1,moderate,NDMA
LS-01268,2022-06-26,2021-22,ML,D-ML-03,West Garo Hills,SEG-0019,NH-27-SPUR,25.50155,90.44123,rotational_slide,toe_erosion,earth,siltstone,agriculture,10640,61,11.3,337,131.8,0,0,2,False,0.0,moderate,SDMA
LS-01269,2022-07-27,2021-22,SK,D-SK-01,Gangtok,SEG-0049,NH-310,27.38655,88.58908,rockfall,rainfall,rock,sandstone_shale,settlement,209,9,19.6,1450,298.4,0,0,2,False,0.0,minor,NDMA
LS-01270,2021-09-15,2021-22,AR,D-AR-09,Dibang Valley,SEG-0066,NH-315,27.96765,96.06939,rockfall,rainfall,rock,gneiss,forest,3597,63,45.3,1099,364.9,0,0,5,False,0.0,moderate,GSI-NLSM
LS-01271,2021-05-21,2021-22,NL,D-NL-01,Kohima,SEG-0022,NH-2,25.52843,94.11168,translational_slide,anthropogenic_cut,rock,sandstone_shale,road_cut,3799,47,34.0,1252,64.8,0,0,3,True,7.4,moderate,NDMA
LS-01272,2021-08-03,2021-22,ML,D-ML-01,East Khasi Hills,SEG-0014,NH-6,25.49629,92.08832,debris_flow,anthropogenic_cut,debris,schist,settlement,1522,26,38.2,1438,93.1,0,0,1,True,6.9,moderate,SDMA
LS-01273,2022-04-21,2021-22,AR,D-AR-03,West Kameng,SEG-0064,NH-13-W,27.44637,92.12052,debris_flow,rainfall,debris,sandstone_shale,agriculture,3493,48,30.9,2731,575.6,0,0,0,True,8.7,moderate,GSI-NLSM
LS-01274,2021-06-19,2021-22,MZ,D-MZ-01,Aizawl,SEG-0035,NH-306,23.53735,92.7675,translational_slide,toe_erosion,rock,phyllite,settlement,31424,94,35.4,1216,11.2,0,2,3,True,60.8,major,PWD-field
LS-01275,2021-08-01,2021-22,TR,D-TR-01,West Tripura,SEG-0039,NH-8,23.95374,91.45639,rotational_slide,rainfall,earth,sandstone_shale,road_cut,152,16,34.2,36,120.5,0,0,0,True,1.0,minor,GSI-NLSM
LS-01276,2021-07-08,2021-22,ML,D-ML-01,East Khasi Hills,SEG-0013,NH-6,25.75702,91.89176,debris_flow,anthropogenic_cut,debris,phyllite,settlement,9998,66,43.8,1496,41.8,0,0,2,True,26.9,moderate,GSI-NLSM
LS-01277,2021-06-05,2021-22,ML,D-ML-01,East Khasi Hills,SEG-0013,NH-6,25.63767,91.89098,debris_flow,rainfall,debris,schist,barren,3340,56,35.8,1496,210.7,0,0,5,True,3.9,moderate,NDMA
LS-01278,2022-04-04,2021-22,AR,D-AR-06,West Siang,SEG-0061,NH-13,28.13061,94.98207,debris_flow,rainfall,debris,schist,forest,29002,68,25.2,386,131.1,0,3,0,True,45.6,major,GSI-NLSM
LS-01279,2022-01-23,2021-22,NL,D-NL-01,Kohima,SEG-0025,NH-29,26.05587,94.24396,rockfall,rainfall,rock,schist,agriculture,1972,31,52.7,1378,606.8,0,0,1,False,0.0,minor,SDMA
LS-01280,2021-08-11,2021-22,ML,D-ML-01,East Khasi Hills,SEG-0014,NH-6,25.51338,92.07913,earth_flow,anthropogenic_cut,earth,schist,settlement,1299,29,31.0,1438,90.0,0,0,2,False,0.0,minor,GSI-NLSM
LS-01281,2021-06-06,2021-22,NL,D-NL-02,Dimapur,SEG-0021,NH-2,25.83333,93.84795,rotational_slide,rainfall,earth,quartzite,jhum_cultivation,1995,34,39.3,794,351.7,0,0,3,True,1.0,minor,PWD-field
LS-01282,2021-06-03,2021-22,SK,D-SK-04,Gyalshing,SEG-0055,NH-510,27.30686,88.26103,rockfall,anthropogenic_cut,rock,sandstone_shale,jhum_cultivation,4383,35,48.3,1780,63.3,0,0,3,False,0.0,moderate,PWD-field
LS-01283,2021-05-14,2021-22,AS,D-AS-09,Sonitpur,SEG-0062,NH-13-W,26.69354,92.78332,rockfall,rainfall,rock,gneiss,jhum_cultivation,2506,65,29.4,1247,598.3,0,0,1,False,0.0,moderate,NDMA
LS-01284,2022-07-05,2021-22,NL,D-NL-04,Wokha,SEG-0026,NH-29,26.20449,94.38581,mudslide,seismic,earth,schist,road_cut,2078,63,43.0,1319,109.4,0,0,1,False,0.0,moderate,SDMA
LS-01285,2022-07-07,2021-22,SK,D-SK-01,Gangtok,SEG-0052,NH-510,27.16344,88.39004,translational_slide,rainfall,rock,quartzite,road_cut,676,27,35.7,1662,445.0,0,0,6,False,0.0,minor,GSI-NLSM
LS-01286,2022-08-01,2021-22,ML,D-ML-01,East Khasi Hills,SEG-0013,NH-6,25.71978,91.88923,translational_slide,rainfall,rock,schist,forest,69,5,41.5,1496,282.6,0,0,5,True,1.0,minor,GSI-NLSM
LS-01287,2022-09-08,2021-22,MZ,D-MZ-01,Aizawl,SEG-0037,NH-302,23.53647,93.16321,rotational_slide,rainfall,earth,schist,settlement,668,28,39.7,1405,399.8,0,0,6,True,1.8,minor,SDMA
LS-01288,2022-04-16,2021-22,AR,D-AR-06,West Siang,SEG-0060,NH-13,28.00356,94.29616,translational_slide,rainfall,rock,gneiss,jhum_cultivation,900,40,36.7,620,257.1,0,0,1,False,0.0,minor,PWD-field
LS-01289,2021-08-03,2021-22,AR,D-AR-04,Lower Subansiri,SEG-0059,NH-13,27.62191,93.89072,debris_flow,rainfall,debris,schist,settlement,1131,25,45.2,1092,520.8,0,0,0,True,4.2,minor,SDMA
LS-01290,2022-08-28,2021-22,MZ,D-MZ-01,Aizawl,SEG-0037,NH-302,23.62503,92.98398,mudslide,rainfall,earth,gneiss,road_cut,2806,56,54.0,1405,201.8,0,0,4,True,16.6,moderate,NDMA
LS-01291,2022-07-01,2021-22,SK,D-SK-01,Gangtok,SEG-0048,NH-10,27.25351,88.51319,debris_flow,toe_erosion,debris,gneiss,forest,321,12,33.7,1650,95.2,0,0,4,True,1.0,minor,GSI-NLSM
LS-01292,2022-06-09,2021-22,MZ,D-MZ-01,Aizawl,SEG-0035,NH-306,23.53954,92.77942,rockfall,rainfall,rock,phyllite,road_cut,18249,128,22.9,1216,227.1,0,0,1,True,95.0,major,GSI-NLSM
LS-01293,2022-10-06,2021-22,AR,D-AR-09,Dibang Valley,SEG-0066,NH-315,27.95943,96.09658,mudslide,seismic,earth,gneiss,agriculture,2459,25,46.2,1099,139.2,0,0,6,True,7.8,moderate,PWD-field
LS-01294,2021-05-08,2021-22,SK,D-SK-02,Mangan,SEG-0050,NH-310,27.54106,88.57925,mudslide,rainfall,earth,sandstone_shale,barren,2028,29,34.9,1250,553.4,0,0,0,False,0.0,moderate,PWD-field
LS-01295,2022-07-26,2021-22,MZ,D-MZ-01,Aizawl,SEG-0035,NH-306,23.49374,92.79371,translational_slide,rainfall,rock,sandstone_shale,barren,1998,51,20.6,1216,482.8,0,0,4,True,4.7,minor,SDMA
LS-01296,2022-05-25,2021-22,SK,D-SK-03,Namchi,SEG-0053,NH-510,27.12588,88.32832,rotational_slide,rainfall,earth,quartzite,forest,352,19,37.6,1675,398.3,0,0,2,True,1.5,minor,PWD-field
LS-01297,2021-07-24,2021-22,MZ,D-MZ-01,Aizawl,SEG-0037,NH-302,23.53625,93.16044,debris_flow,rainfall,debris,sandstone_shale,settlement,2762,52,39.2,1405,171.3,0,0,4,True,10.0,moderate,GSI-NLSM
LS-01298,2022-05-26,2021-22,ML,D-ML-01,East Khasi Hills,SEG-0014,NH-6,25.51707,92.02773,mudslide,rainfall,earth,phyllite,road_cut,11944,68,39.1,1438,605.0,0,0,5,True,5.1,moderate,NDMA
LS-01299,2021-09-06,2021-22,SK,D-SK-01,Gangtok,SEG-0047,NH-10,27.21486,88.51138,debris_flow,rainfall,debris,phyllite,agriculture,31268,155,24.0,1650,126.1,0,4,30,True,147.6,major,GSI-NLSM
LS-01300,2021-06-02,2021-22,SK,D-SK-04,Gyalshing,SEG-0055,NH-510,27.33766,88.24853,mudslide,toe_erosion,earth,quartzite,barren,8008,110,52.4,1780,87.2,0,0,5,False,0.0,moderate,PWD-field
LS-01301,2022-06-06,2021-22,ML,D-ML-02,West Jaintia Hills,SEG-0015,NH-6,25.01453,92.48672,debris_flow,toe_erosion,debris,phyllite,agriculture,33986,89,24.8,701,120.4,0,0,9,True,69.3,major,SDMA
LS-01302,2021-08-07,2021-22,SK,D-SK-01,Gangtok,SEG-0047,NH-10,27.20763,88.51641,rotational_slide,rainfall,earth,quartzite,jhum_cultivation,215,8,43.0,1650,258.5,0,0,0,True,1.0,minor,PWD-field
LS-01303,2022-07-23,2021-22,AR,D-AR-03,West Kameng,SEG-0063,NH-13-W,27.18817,92.48247,mudslide,rainfall,earth,gneiss,road_cut,1485,33,29.0,2415,245.7,5,10,2,False,0.0,catastrophic,GSI-NLSM
LS-01304,2021-08-12,2021-22,SK,D-SK-04,Gyalshing,SEG-0055,NH-510,27.33694,88.23161,debris_flow,rainfall,debris,quartzite,agriculture,1847,23,48.1,1780,611.0,5,5,0,True,27.9,catastrophic,GSI-NLSM
LS-01305,2022-07-10,2021-22,MN,D-MN-04,Tamenglong,SEG-0029,NH-37,24.90527,93.33261,rotational_slide,toe_erosion,earth,gneiss,forest,7825,87,27.5,1260,85.3,0,0,1,True,12.1,moderate,PWD-field
LS-01306,2021-09-17,2021-22,AS,D-AS-07,Dima Hasao,SEG-0069,NH-27-DH,25.03105,92.92263,mudslide,rainfall,earth,schist,forest,287,24,35.8,352,526.0,0,0,0,False,0.0,minor,SDMA
LS-01307,2021-04-16,2021-22,AR,D-AR-09,Dibang Valley,SEG-0066,NH-315,28.04415,95.95676,debris_flow,rainfall,debris,schist,road_cut,4152,61,49.4,1099,393.8,0,0,1,True,7.9,moderate,GSI-NLSM
LS-01308,2021-05-16,2021-22,AR,D-AR-09,Dibang Valley,SEG-0066,NH-315,28.0463,95.96574,rotational_slide,rainfall,earth,phyllite,jhum_cultivation,236,18,43.2,1099,617.1,0,0,5,False,0.0,minor,NDMA
LS-01309,2022-08-28,2021-22,MN,D-MN-01,Imphal West,SEG-0028,NH-37,24.8545,93.81635,translational_slide,toe_erosion,rock,sandstone_shale,barren,3108,48,50.2,1023,84.3,0,0,2,True,7.2,moderate,GSI-NLSM
LS-01310,2021-06-04,2021-22,SK,D-SK-02,Mangan,SEG-0051,NH-310,27.67404,88.73157,debris_flow,rainfall,debris,sandstone_shale,road_cut,120,17,50.0,1250,428.7,0,0,1,True,1.0,minor,NDMA
LS-01311,2022-09-22,2021-22,ML,D-ML-03,West Garo Hills,SEG-0019,NH-27-SPUR,25.4946,90.4129,rockfall,rainfall,rock,laterite,road_cut,163,9,30.3,337,706.0,0,0,3,False,0.0,minor,SDMA
LS-01312,2021-06-13,2021-22,AR,D-AR-09,Dibang Valley,SEG-0066,NH-315,28.09546,95.88493,translational_slide,anthropogenic_cut,rock,schist,settlement,845,27,39.3,1099,1.3,0,0,4,True,5.1,minor,SDMA
LS-01313,2022-09-08,2021-22,SK,D-SK-02,Mangan,SEG-0050,NH-310,27.52966,88.56211,debris_flow,rainfall,debris,quartzite,forest,392,21,36.3,1250,515.6,0,0,5,True,1.0,minor,GSI-NLSM
LS-01314,2022-03-13,2021-22,NL,D-NL-04,Wokha,SEG-0026,NH-29,26.25695,94.45862,rockfall,rainfall,rock,sandstone_shale,road_cut,1667,24,34.5,1319,155.7,0,0,6,True,3.2,minor,PWD-field
LS-01315,2021-06-01,2021-22,SK,D-SK-01,Gangtok,SEG-0047,NH-10,27.18735,88.5318,debris_flow,rainfall,debris,schist,forest,4213,31,35.2,1650,200.7,1,3,6,False,0.0,major,NDMA
LS-01316,2021-07-24,2021-22,ML,D-ML-02,West Jaintia Hills,SEG-0015,NH-6,24.94415,92.55159,debris_flow,rainfall,debris,gneiss,settlement,798,31,38.3,701,854.7,0,0,3,False,0.0,minor,SDMA
LS-01317,2021-05-20,2021-22,ML,D-ML-01,East Khasi Hills,SEG-0013,NH-6,25.86419,91.87876,mudslide,rainfall,earth,phyllite,barren,6021,93,46.3,1496,524.7,0,0,5,True,5.0,moderate,GSI-NLSM
LS-01318,2021-07-21,2021-22,AR,D-AR-03,West Kameng,SEG-0064,NH-13-W,27.36562,92.2425,debris_flow,rainfall,debris,sandstone_shale,agriculture,101,11,43.2,2731,196.9,0,0,6,False,0.0,minor,SDMA
LS-01319,2021-06-28,2021-22,AS,D-AS-01,Kamrup Metropolitan,SEG-0012,NH-6,26.0358,91.78817,rockfall,rainfall,rock,sandstone_shale,road_cut,171,8,35.9,775,147.8,0,0,2,False,0.0,minor,PWD-field
LS-01320,2022-04-05,2021-22,TR,D-TR-03,Dhalai,SEG-0041,NH-8,24.10787,91.93435,rotational_slide,rainfall,earth,phyllite,road_cut,1726,34,24.8,52,257.1,0,0,5,False,0.0,minor,SDMA
LS-01321,2022-07-16,2021-22,AR,D-AR-06,West Siang,SEG-0061,NH-13,28.09893,95.19611,rockfall,rainfall,rock,quartzite,agriculture,432,26,30.1,386,290.2,0,0,2,True,1.6,minor,PWD-field
LS-01322,2021-07-13,2021-22,SK,D-SK-01,Gangtok,SEG-0049,NH-310,27.47604,88.54169,mudslide,rainfall,earth,schist,jhum_cultivation,317,26,35.7,1450,565.3,0,0,6,False,0.0,minor,GSI-NLSM
LS-01323,2022-03-07,2021-22,AR,D-AR-05,East Siang,SEG-0065,NH-315,28.12612,95.74762,mudslide,rainfall,earth,gneiss,road_cut,1472,53,26.4,1060,439.4,0,0,3,True,7.8,moderate,PWD-field
LS-01324,2021-06-22,2021-22,MN,D-MN-01,Imphal West,SEG-0028,NH-37,24.93981,93.60602,translational_slide,rainfall,rock,gneiss,jhum_cultivation,11351,116,40.6,1023,155.4,0,0,6,False,0.0,moderate,NDMA
LS-01325,2022-08-19,2021-22,AS,D-AS-07,Dima Hasao,SEG-0069,NH-27-DH,25.09066,92.96417,debris_flow,rainfall,debris,phyllite,agriculture,92,14,20.8,352,537.6,0,0,6,False,0.0,minor,NDMA
LS-01326,2022-05-27,2021-22,MZ,D-MZ-01,Aizawl,SEG-0035,NH-306,23.3769,92.82104,mudslide,toe_erosion,earth,gneiss,forest,1179,34,32.1,1216,112.6,0,0,6,True,1.5,minor,GSI-NLSM
LS-01327,2021-06-03,2021-22,MZ,D-MZ-01,Aizawl,SEG-0037,NH-302,23.63151,92.95927,debris_flow,rainfall,debris,sandstone_shale,road_cut,1461,38,36.9,1405,335.2,0,0,2,False,0.0,minor,NDMA
LS-01328,2022-06-27,2021-22,ML,D-ML-02,West Jaintia Hills,SEG-0015,NH-6,25.06678,92.45268,debris_flow,anthropogenic_cut,debris,schist,barren,2485,47,25.0,701,82.5,0,0,5,True,2.5,moderate,NDMA
LS-01329,2021-07-25,2021-22,AR,D-AR-06,West Siang,SEG-0060,NH-13,28.07543,94.49267,rotational_slide,rainfall,earth,schist,road_cut,241,20,49.4,620,538.9,0,0,4,False,0.0,minor,GSI-NLSM
LS-01330,2022-06-07,2021-22,TR,D-TR-01,West Tripura,SEG-0039,NH-8,23.90686,91.40252,translational_slide,rainfall,rock,siltstone,forest,417,20,25.9,36,442.9,0,0,5,True,2.5,minor,NDMA
LS-01331,2021-08-01,2021-22,SK,D-SK-02,Mangan,SEG-0050,NH-310,27.53491,88.57093,translational_slide,rainfall,rock,quartzite,road_cut,132,15,45.2,1250,142.8,0,0,2,True,1.0,minor,SDMA
LS-01332,2022-07-16,2021-22,AR,D-AR-06,West Siang,SEG-0061,NH-13,28.13514,94.98281,earth_flow,rainfall,earth,schist,settlement,7104,102,36.9,386,142.0,0,0,6,False,0.0,moderate,SDMA
LS-01333,2022-05-10,2021-22,AR,D-AR-03,West Kameng,SEG-0063,NH-13-W,27.09852,92.5663,debris_flow,seismic,debris,phyllite,road_cut,178,18,35.5,2415,24.1,0,0,3,True,1.0,minor,GSI-NLSM
LS-01334,2022-07-07,2021-22,WB,D-WB-01,Siliguri,SEG-0046,NH-10,26.78606,88.41797,earth_flow,rainfall,earth,quartzite,jhum_cultivation,1331,42,45.0,886,373.4,0,0,6,False,0.0,minor,PWD-field
LS-01335,2021-09-11,2021-22,ML,D-ML-01,East Khasi Hills,SEG-0013,NH-6,25.83205,91.88243,debris_flow,seismic,debris,quartzite,road_cut,109,11,51.4,1496,29.9,0,0,6,True,1.0,minor,GSI-NLSM
LS-01336,2021-07-20,2021-22,SK,D-SK-01,Gangtok,SEG-0047,NH-10,27.20063,88.51992,debris_flow,rainfall,debris,phyllite,jhum_cultivation,432,32,39.2,1650,440.6,0,0,6,True,2.1,minor,GSI-NLSM
LS-01337,2021-06-22,2021-22,WB,D-WB-01,Siliguri,SEG-0046,NH-10,27.00389,88.47472,rockfall,anthropogenic_cut,rock,schist,agriculture,1445,32,51.7,886,57.1,0,0,2,True,3.0,minor,GSI-NLSM
LS-01338,2022-05-21,2021-22,MZ,D-MZ-01,Aizawl,SEG-0035,NH-306,23.42647,92.81929,translational_slide,toe_erosion,rock,phyllite,barren,4064,53,30.3,1216,68.5,0,0,1,True,42.1,moderate,GSI-NLSM
LS-01339,2022-06-23,2021-22,ML,D-ML-03,West Garo Hills,SEG-0019,NH-27-SPUR,25.49721,90.57713,rotational_slide,toe_erosion,earth,sandstone_shale,settlement,23490,60,16.9,337,18.4,0,0,2,False,0.0,moderate,SDMA
LS-01340,2021-04-02,2021-22,AR,D-AR-03,West Kameng,SEG-0064,NH-13-W,27.37863,92.24582,rotational_slide,rainfall,earth,sandstone_shale,forest,2249,35,43.2,2731,194.9,0,0,3,False,0.0,moderate,GSI-NLSM
LS-01341,2021-07-22,2021-22,AR,D-AR-05,East Siang,SEG-0065,NH-315,28.10681,95.65719,translational_slide,rainfall,rock,quartzite,barren,480,14,29.0,1060,447.3,0,0,1,True,2.5,minor,SDMA
LS-01342,2022-08-20,2021-22,MZ,D-MZ-01,Aizawl,SEG-0035,NH-306,23.47381,92.80036,translational_slide,toe_erosion,rock,schist,barren,1252,51,31.4,1216,94.1,0,0,3,False,0.0,minor,PWD-field
LS-01343,2021-01-10,2021-22,SK,D-SK-02,Mangan,SEG-0050,NH-310,27.5308,88.53476,rockfall,rainfall,rock,quartzite,forest,95,15,32.4,1250,195.6,0,0,6,False,0.0,minor,PWD-field
LS-01344,2022-06-17,2021-22,MZ,D-MZ-05,Serchhip,SEG-0036,NH-306,22.99136,92.76624,translational_slide,rainfall,rock,quartzite,agriculture,347,16,47.7,1084,590.9,0,0,5,False,0.0,minor,PWD-field
LS-01345,2021-07-12,2021-22,SK,D-SK-01,Gangtok,SEG-0052,NH-510,27.21437,88.45156,rockfall,rainfall,rock,schist,road_cut,423,22,46.3,1662,501.5,0,0,1,False,0.0,minor,PWD-field
LS-01346,2021-08-26,2021-22,SK,D-SK-02,Mangan,SEG-0050,NH-310,27.52709,88.55171,rockfall,rainfall,rock,sandstone_shale,agriculture,4411,32,30.3,1250,134.7,0,0,2,True,15.0,moderate,PWD-field
LS-01347,2021-09-18,2021-22,AS,D-AS-12,Karimganj,SEG-0045,NH-8,24.87242,92.49071,rockfall,rainfall,rock,laterite,road_cut,762,34,14.8,23,369.7,0,0,1,False,0.0,minor,NDMA
LS-01348,2021-07-07,2021-22,SK,D-SK-03,Namchi,SEG-0054,NH-510,27.25139,88.29022,debris_flow,rainfall,debris,schist,road_cut,5997,46,41.5,1727,400.2,0,0,1,False,0.0,moderate,GSI-NLSM
LS-01349,2021-06-02,2021-22,AR,D-AR-04,Lower Subansiri,SEG-0059,NH-13,27.81793,94.07398,translational_slide,rainfall,rock,phyllite,agriculture,11732,123,37.3,1092,404.8,0,0,1,True,38.3,moderate,GSI-NLSM
LS-01350,2022-05-06,2021-22,WB,D-WB-01,Siliguri,SEG-0046,NH-10,27.02331,88.47129,debris_flow,anthropogenic_cut,debris,sandstone_shale,jhum_cultivation,82652,252,55.8,886,40.8,0,1,32,True,128.4,major,GSI-NLSM
LS-01351,2021-05-17,2021-22,ML,D-ML-01,East Khasi Hills,SEG-0014,NH-6,25.49643,92.07817,translational_slide,rainfall,rock,phyllite,forest,8363,47,37.1,1438,569.8,0,0,4,True,19.8,moderate,GSI-NLSM
LS-01352,2021-06-13,2021-22,SK,D-SK-04,Gyalshing,SEG-0055,NH-510,27.30459,88.24749,debris_flow,rainfall,debris,phyllite,agriculture,7023,106,50.0,1780,509.8,0,0,3,True,26.9,moderate,PWD-field
LS-01353,2022-08-12,2021-22,AR,D-AR-09,Dibang Valley,SEG-0066,NH-315,28.00373,96.04033,debris_flow,rainfall,debris,sandstone_shale,settlement,23084,66,53.4,1099,340.7,0,0,4,True,201.2,major,NDMA
LS-01354,2021-11-02,2021-22,ML,D-ML-02,West Jaintia Hills,SEG-0015,NH-6,24.96084,92.53298,rotational_slide,toe_erosion,earth,phyllite,jhum_cultivation,183,11,28.1,701,55.6,0,0,3,True,1.0,minor,SDMA
LS-01355,2022-07-08,2021-22,SK,D-SK-01,Gangtok,SEG-0047,NH-10,27.21268,88.51121,rotational_slide,rainfall,earth,phyllite,jhum_cultivation,11687,106,24.0,1650,314.3,0,0,0,False,0.0,moderate,GSI-NLSM
LS-01356,2022-09-10,2021-22,AR,D-AR-03,West Kameng,SEG-0063,NH-13-W,27.05407,92.60527,rockfall,rainfall,rock,quartzite,agriculture,85834,239,35.2,2415,327.8,0,2,40,True,278.8,major,GSI-NLSM
LS-01357,2021-06-25,2021-22,AR,D-AR-04,Lower Subansiri,SEG-0059,NH-13,27.75403,94.00493,translational_slide,rainfall,rock,sandstone_shale,forest,921,25,33.0,1092,496.4,0,0,5,False,0.0,minor,GSI-NLSM
LS-01358,2021-08-23,2021-22,SK,D-SK-01,Gangtok,SEG-0052,NH-510,27.15403,88.39435,debris_flow,rainfall,debris,sandstone_shale,forest,138,19,48.0,1662,602.2,0,0,3,True,1.0,minor,GSI-NLSM
LS-01359,2021-08-27,2021-22,SK,D-SK-04,Gyalshing,SEG-0055,NH-510,27.33254,88.23564,debris_flow,rainfall,debris,gneiss,barren,419,28,41.7,1780,527.3,0,0,3,True,1.0,minor,GSI-NLSM
LS-01360,2022-03-21,2021-22,ML,D-ML-01,East Khasi Hills,SEG-0013,NH-6,25.62969,91.88156,translational_slide,rainfall,rock,quartzite,settlement,1239,45,42.1,1496,354.6,0,0,1,False,0.0,minor,GSI-NLSM
LS-01361,2021-08-27,2021-22,SK,D-SK-02,Mangan,SEG-0050,NH-310,27.59148,88.6343,debris_flow,rainfall,debris,quartzite,barren,25,5,40.1,1250,222.2,0,0,1,False,0.0,minor,PWD-field
LS-01362,2022-06-13,2021-22,AR,D-AR-06,West Siang,SEG-0060,NH-13,28.11171,94.59989,translational_slide,rainfall,rock,gneiss,settlement,684,15,45.4,620,375.3,0,0,1,True,4.7,minor,GSI-NLSM
LS-01363,2021-12-21,2021-22,AR,D-AR-09,Dibang Valley,SEG-0066,NH-315,27.96482,96.09197,debris_flow,rainfall,debris,quartzite,agriculture,8410,44,50.2,1099,189.2,0,0,5,True,34.5,moderate,PWD-field
LS-01364,2021-10-01,2021-22,AS,D-AS-08,Karbi Anglong,SEG-0068,NH-27-DH,25.25771,93.04185,translational_slide,rainfall,rock,phyllite,agriculture,25,9,48.4,433,518.2,0,0,1,False,0.0,minor,GSI-NLSM
LS-01365,2022-09-09,2021-22,MN,D-MN-01,Imphal West,SEG-0028,NH-37,24.94686,93.61971,earth_flow,rainfall,earth,schist,forest,16270,92,35.2,1023,413.7,0,0,2,False,0.0,moderate,PWD-field
LS-01366,2022-06-09,2021-22,SK,D-SK-01,Gangtok,SEG-0049,NH-310,27.45732,88.5576,rotational_slide,toe_erosion,earth,gneiss,jhum_cultivation,388,11,25.9,1450,41.1,0,0,5,True,1.0,minor,SDMA
LS-01367,2021-06-06,2021-22,SK,D-SK-01,Gangtok,SEG-0052,NH-510,27.24763,88.49177,debris_flow,rainfall,debris,phyllite,forest,385,24,33.1,1662,530.5,0,0,5,False,0.0,minor,PWD-field
LS-01368,2022-07-28,2021-22,NL,D-NL-03,Mokokchung,SEG-0027,NH-29,26.29548,94.65671,debris_flow,rainfall,debris,schist,barren,1959,33,31.1,1348,125.0,0,0,0,False,0.0,minor,NDMA
LS-01369,2022-07-26,2021-22,SK,D-SK-03,Namchi,SEG-0053,NH-510,27.16106,88.35081,debris_flow,anthropogenic_cut,debris,sandstone_shale,forest,4536,70,37.2,1675,101.9,0,0,3,False,0.0,moderate,NDMA
LS-01370,2021-08-24,2021-22,NL,D-NL-02,Dimapur,SEG-0021,NH-2,25.73169,94.00824,mudslide,rainfall,earth,schist,agriculture,12342,89,27.1,794,555.7,0,0,4,False,0.0,moderate,SDMA
LS-01371,2021-06-12,2021-22,SK,D-SK-01,Gangtok,SEG-0049,NH-310,27.41625,88.5661,rockfall,rainfall,rock,phyllite,agriculture,1489,23,32.6,1450,302.6,0,0,1,True,9.3,moderate,NDMA
LS-01372,2022-06-16,2021-22,AR,D-AR-04,Lower Subansiri,SEG-0059,NH-13,27.83959,94.09883,debris_flow,rainfall,debris,phyllite,forest,595,34,49.8,1092,307.3,0,0,3,False,0.0,minor,SDMA
LS-01373,2021-09-23,2021-22,MN,D-MN-01,Imphal West,SEG-0032,NH-2-S,24.93199,94.14748,rotational_slide,rainfall,earth,phyllite,jhum_cultivation,631,30,37.5,1224,231.1,0,0,5,False,0.0,minor,NDMA
LS-01374,2021-07-02,2021-22,NL,D-NL-01,Kohima,SEG-0022,NH-2,25.59011,94.11608,rockfall,anthropogenic_cut,rock,sandstone_shale,barren,58,7,30.2,1252,122.7,0,0,3,True,1.0,minor,SDMA
LS-01375,2022-09-28,2021-22,SK,D-SK-01,Gangtok,SEG-0049,NH-310,27.41729,88.57727,rockfall,rainfall,rock,quartzite,settlement,988,27,37.7,1450,599.4,0,0,2,False,0.0,minor,PWD-field
LS-01376,2022-06-20,2021-22,AS,D-AS-08,Karbi Anglong,SEG-0068,NH-27-DH,25.50974,93.10517,rockfall,rainfall,rock,quartzite,settlement,14432,139,52.4,433,564.7,1,2,2,False,0.0,major,NDMA
LS-01377,2021-03-24,2021-22,ML,D-ML-01,East Khasi Hills,SEG-0014,NH-6,25.49084,92.10515,rockfall,rainfall,rock,quartzite,road_cut,1360,38,31.6,1438,468.1,0,0,6,False,0.0,minor,NDMA
LS-01378,2022-05-22,2021-22,MZ,D-MZ-01,Aizawl,SEG-0035,NH-306,23.59217,92.75816,mudslide,seismic,earth,quartzite,road_cut,5683,58,32.5,1216,120.4,0,0,0,False,0.0,moderate,SDMA
LS-01379,2022-05-07,2021-22,MZ,D-MZ-01,Aizawl,SEG-0035,NH-306,23.4863,92.79273,rockfall,rainfall,rock,sandstone_shale,jhum_cultivation,404,10,33.0,1216,192.6,0,0,6,True,2.5,minor,SDMA
LS-01380,2021-05-07,2021-22,NL,D-NL-01,Kohima,SEG-0022,NH-2,25.61278,94.11295,translational_slide,rainfall,rock,phyllite,barren,1195,47,25.1,1252,562.5,0,0,4,False,0.0,minor,GSI-NLSM
LS-01381,2022-06-19,2021-22,AS,D-AS-08,Karbi Anglong,SEG-0068,NH-27-DH,25.70405,93.15698,debris_flow,rainfall,debris,quartzite,barren,46720,212,50.6,433,333.2,0,2,4,True,223.3,major,PWD-field
LS-01382,2021-05-07,2021-22,NL,D-NL-04,Wokha,SEG-0026,NH-29,26.22644,94.40685,translational_slide,rainfall,rock,schist,settlement,271,24,40.7,1319,420.9,0,0,1,False,0.0,minor,GSI-NLSM
LS-01383,2022-02-19,2021-22,MZ,D-MZ-01,Aizawl,SEG-0035,NH-306,23.69557,92.72232,rockfall,seismic,rock,sandstone_shale,forest,288,17,38.4,1216,61.4,0,0,2,True,1.0,minor,GSI-NLSM
LS-01384,2021-03-03,2021-22,SK,D-SK-03,Namchi,SEG-0053,NH-510,27.14439,88.32937,rockfall,rainfall,rock,schist,jhum_cultivation,8027,105,31.5,1675,529.5,0,0,3,True,39.9,moderate,SDMA
LS-01385,2022-08-05,2021-22,ML,D-ML-01,East Khasi Hills,SEG-0014,NH-6,25.53085,91.99827,debris_flow,rainfall,debris,phyllite,agriculture,1343,34,22.8,1438,459.6,1,0,2,False,0.0,major,PWD-field
LS-01386,2022-06-20,2021-22,AS,D-AS-08,Karbi Anglong,SEG-0068,NH-27-DH,25.52706,93.10364,rockfall,rainfall,rock,quartzite,agriculture,379,21,42.1,433,488.1,0,0,4,True,4.9,minor,GSI-NLSM
LS-01387,2022-05-16,2021-22,ML,D-ML-01,East Khasi Hills,SEG-0014,NH-6,25.53122,92.01492,rockfall,rainfall,rock,sandstone_shale,barren,1369,44,23.0,1438,911.5,0,0,2,False,0.0,minor,NDMA
LS-01388,2022-05-16,2021-22,AR,D-AR-03,West Kameng,SEG-0064,NH-13-W,27.5529,91.90411,debris_flow,rainfall,debris,quartzite,jhum_cultivation,9290,46,33.8,2731,223.2,0,0,6,False,0.0,moderate,PWD-field
LS-01389,2021-06-02,2021-22,TR,D-TR-02,North Tripura,SEG-0042,NH-8,24.3453,92.11011,translational_slide,rainfall,rock,phyllite,forest,2545,32,8.3,45,515.2,0,0,2,True,15.7,moderate,SDMA
LS-01390,2021-06-24,2021-22,AS,D-AS-06,Cachar,SEG-0033,NH-306,24.67463,92.75888,mudslide,rainfall,earth,siltstone,settlement,4509,50,25.3,337,257.3,0,0,5,True,8.5,moderate,PWD-field
LS-01391,2021-03-18,2021-22,TR,D-TR-02,North Tripura,SEG-0042,NH-8,24.35264,92.14176,debris_flow,rainfall,debris,phyllite,settlement,4873,91,13.9,45,277.0,0,0,4,True,2.1,moderate,NDMA
LS-01392,2022-08-26,2021-22,ML,D-ML-02,West Jaintia Hills,SEG-0015,NH-6,24.96226,92.52855,debris_flow,rainfall,debris,sandstone_shale,road_cut,1440,24,37.9,701,752.2,0,0,2,False,0.0,minor,GSI-NLSM
LS-01393,2022-09-03,2021-22,AS,D-AS-07,Dima Hasao,SEG-0069,NH-27-DH,24.86145,92.79982,mudslide,seismic,earth,sandstone_shale,barren,608,38,19.2,352,15.3,0,0,4,False,0.0,minor,SDMA
LS-01394,2021-06-15,2021-22,AR,D-AR-05,East Siang,SEG-0065,NH-315,28.09215,95.6077,debris_flow,toe_erosion,debris,schist,jhum_cultivation,1962,55,27.3,1060,97.1,0,0,1,True,15.7,moderate,NDMA
LS-01395,2022-03-11,2021-22,SK,D-SK-02,Mangan,SEG-0051,NH-310,27.63102,88.68744,rotational_slide,rainfall,earth,schist,jhum_cultivation,3013,27,38.7,1250,438.5,0,0,6,False,0.0,moderate,GSI-NLSM
LS-01396,2022-04-25,2021-22,AR,D-AR-03,West Kameng,SEG-0064,NH-13-W,27.34151,92.28045,debris_flow,rainfall,debris,gneiss,agriculture,536,35,32.9,2731,461.7,0,0,3,True,1.0,minor,GSI-NLSM
LS-01397,2021-07-07,2021-22,SK,D-SK-01,Gangtok,SEG-0049,NH-310,27.34393,88.59171,rockfall,rainfall,rock,quartzite,forest,962,32,24.1,1450,271.1,0,0,1,True,9.0,moderate,GSI-NLSM
LS-01398,2022-06-11,2021-22,NL,D-NL-01,Kohima,SEG-0022,NH-2,25.52842,94.11416,translational_slide,rainfall,rock,quartzite,settlement,465,28,36.4,1252,394.6,0,0,0,True,3.2,minor,GSI-NLSM
LS-01399,2022-05-05,2021-22,ML,D-ML-01,East Khasi Hills,SEG-0014,NH-6,25.49485,92.10854,debris_flow,anthropogenic_cut,debris,quartzite,settlement,572,21,39.5,1438,61.0,0,0,6,True,1.7,minor,PWD-field
LS-01400,2021-07-12,2021-22,ML,D-ML-01,East Khasi Hills,SEG-0013,NH-6,25.72599,91.88541,debris_flow,rainfall,debris,sandstone_shale,jhum_cultivation,1027,24,41.4,1496,215.6,0,0,6,True,2.5,minor,PWD-field
LS-01401,2022-10-16,2021-22,MZ,D-MZ-04,Kolasib,SEG-0034,NH-306,24.00384,92.70325,debris_flow,anthropogenic_cut,debris,schist,agriculture,382,16,30.3,891,119.2,0,0,6,False,0.0,minor,PWD-field
LS-01402,2021-06-22,2021-22,MZ,D-MZ-01,Aizawl,SEG-0035,NH-306,23.57705,92.75252,rockfall,rainfall,rock,quartzite,barren,1573,45,37.0,1216,398.5,0,0,3,False,0.0,minor,SDMA
LS-01403,2022-06-28,2021-22,NL,D-NL-04,Wokha,SEG-0026,NH-29,26.22687,94.40609,debris_flow,rainfall,debris,quartzite,road_cut,36,6,31.8,1319,607.3,2,6,2,True,1.0,major,SDMA
LS-01404,2022-06-18,2021-22,ML,D-ML-01,East Khasi Hills,SEG-0014,NH-6,25.50146,92.08593,mudslide,rainfall,earth,gneiss,road_cut,435,12,23.5,1438,844.1,0,0,5,True,1.0,minor,PWD-field
LS-01405,2022-01-01,2021-22,SK,D-SK-03,Namchi,SEG-0053,NH-510,27.13847,88.34512,rockfall,toe_erosion,rock,quartzite,barren,32610,193,37.9,1675,32.0,0,4,25,True,173.6,major,PWD-field
LS-01406,2021-03-19,2021-22,SK,D-SK-02,Mangan,SEG-0050,NH-310,27.55072,88.59681,rockfall,anthropogenic_cut,rock,sandstone_shale,road_cut,417,26,42.2,1250,5.7,0,0,4,True,2.7,minor,PWD-field
LS-01407,2022-07-05,2021-22,WB,D-WB-01,Siliguri,SEG-0046,NH-10,27.14271,88.51819,debris_flow,anthropogenic_cut,debris,phyllite,settlement,69,6,51.1,886,112.8,0,0,4,True,1.0,minor,SDMA
LS-01408,2021-08-13,2021-22,AR,D-AR-03,West Kameng,SEG-0063,NH-13-W,27.07365,92.58512,rockfall,anthropogenic_cut,rock,schist,jhum_cultivation,229,11,26.6,2415,69.3,0,0,3,False,0.0,minor,PWD-field
LS-01409,2022-09-15,2021-22,AR,D-AR-09,Dibang Valley,SEG-0066,NH-315,27.97134,96.06302,debris_flow,rainfall,debris,quartzite,settlement,48891,198,42.6,1099,377.0,0,2,10,True,169.1,major,GSI-NLSM
LS-01410,2021-08-08,2021-22,MZ,D-MZ-04,Kolasib,SEG-0034,NH-306,24.05081,92.68538,rockfall,rainfall,rock,schist,agriculture,1871,46,31.1,891,411.3,0,0,1,False,0.0,minor,SDMA
LS-01411,2021-07-26,2021-22,AS,D-AS-01,Kamrup Metropolitan,SEG-0012,NH-6,26.11574,91.74094,debris_flow,anthropogenic_cut,debris,quartzite,agriculture,260,14,23.2,775,96.7,0,0,5,False,0.0,minor,NDMA
LS-01412,2022-05-04,2021-22,SK,D-SK-01,Gangtok,SEG-0047,NH-10,27.20001,88.52274,translational_slide,rainfall,rock,gneiss,forest,1597,44,25.4,1650,298.2,0,0,2,False,0.0,minor,GSI-NLSM
LS-01413,2021-07-06,2021-22,MN,D-MN-04,Tamenglong,SEG-0029,NH-37,24.86582,93.27257,mudslide,rainfall,earth,quartzite,barren,188,14,28.9,1260,381.3,0,0,1,True,1.0,minor,GSI-NLSM
LS-01414,2021-06-21,2021-22,ML,D-ML-01,East Khasi Hills,SEG-0013,NH-6,25.75393,91.88871,translational_slide,anthropogenic_cut,rock,sandstone_shale,road_cut,766,35,41.3,1496,84.3,3,3,6,True,3.6,major,GSI-NLSM
LS-01415,2022-08-21,2021-22,TR,D-TR-02,North Tripura,SEG-0043,NH-8,24.36968,92.17709,translational_slide,anthropogenic_cut,rock,phyllite,forest,5141,81,28.7,34,72.5,0,0,0,True,10.4,moderate,SDMA
LS-01416,2021-06-14,2021-22,ML,D-ML-04,East Garo Hills,SEG-0020,NH-27-SPUR,25.39194,90.62165,rotational_slide,rainfall,earth,siltstone,road_cut,471,33,17.1,450,820.1,0,0,3,True,1.0,minor,NDMA
LS-01417,2021-08-08,2021-22,ML,D-ML-02,West Jaintia Hills,SEG-0015,NH-6,24.96449,92.52768,translational_slide,rainfall,rock,gneiss,barren,9577,83,28.9,701,285.8,0,0,5,False,0.0,moderate,SDMA
LS-01418,2021-06-23,2021-22,NL,D-NL-02,Dimapur,SEG-0021,NH-2,25.86753,93.81346,debris_flow,seismic,debris,quartzite,jhum_cultivation,522,23,29.8,794,12.3,0,0,3,False,0.0,minor,PWD-field
LS-01419,2022-06-12,2021-22,AR,D-AR-01,Papum Pare,SEG-0058,NH-13,27.24905,93.68037,debris_flow,rainfall,debris,quartzite,agriculture,74,14,32.1,1002,285.2,0,0,5,False,0.0,minor,GSI-NLSM
LS-01420,2022-07-25,2021-22,MZ,D-MZ-04,Kolasib,SEG-0034,NH-306,24.09721,92.69738,debris_flow,rainfall,debris,sandstone_shale,jhum_cultivation,3310,72,33.5,891,382.8,0,0,4,False,0.0,moderate,PWD-field
LS-01421,2021-06-16,2021-22,AR,D-AR-09,Dibang Valley,SEG-0066,NH-315,27.94103,96.11161,rotational_slide,toe_erosion,earth,phyllite,agriculture,1675,51,44.1,1099,17.1,0,0,6,False,0.0,minor,GSI-NLSM
LS-01422,2022-09-16,2021-22,AR,D-AR-05,East Siang,SEG-0065,NH-315,28.09694,95.50261,rockfall,anthropogenic_cut,rock,phyllite,barren,635,27,31.5,1060,48.1,0,0,2,True,3.9,minor,NDMA
LS-01423,2022-08-07,2021-22,AR,D-AR-03,West Kameng,SEG-0064,NH-13-W,27.36364,92.23846,debris_flow,rainfall,debris,sandstone_shale,forest,35567,119,30.4,2731,435.3,5,13,0,True,80.3,catastrophic,PWD-field
LS-01424,2022-07-22,2021-22,AR,D-AR-04,Lower Subansiri,SEG-0059,NH-13,27.72645,93.994,rotational_slide,rainfall,earth,quartzite,jhum_cultivation,767,13,36.5,1092,557.9,0,0,6,False,0.0,minor,PWD-field
LS-01425,2022-07-26,2021-22,NL,D-NL-01,Kohima,SEG-0022,NH-2,25.61249,94.11878,rockfall,rainfall,rock,schist,settlement,20311,105,19.1,1252,439.5,0,0,3,True,53.3,moderate,PWD-field
LS-01426,2022-06-18,2021-22,AR,D-AR-05,East Siang,SEG-0065,NH-315,28.09677,95.56182,debris_flow,toe_erosion,debris,gneiss,jhum_cultivation,9035,81,20.7,1060,98.6,0,0,2,True,131.3,major,PWD-field
LS-01427,2021-09-17,2021-22,MN,D-MN-05,Senapati,SEG-0023,NH-2,25.39788,94.07108,mudslide,rainfall,earth,gneiss,road_cut,1337,20,37.4,1061,289.7,0,0,1,False,0.0,minor,NDMA
LS-01428,2022-08-12,2021-22,SK,D-SK-01,Gangtok,SEG-0048,NH-10,27.27603,88.53173,rockfall,rainfall,rock,quartzite,jhum_cultivation,362,25,42.9,1650,278.2,0,0,6,True,2.6,minor,GSI-NLSM
LS-01429,2021-06-15,2021-22,AR,D-AR-06,West Siang,SEG-0060,NH-13,28.02404,94.34642,rockfall,rainfall,rock,schist,agriculture,18436,87,36.7,620,420.0,0,0,5,False,0.0,moderate,PWD-field
LS-01430,2021-05-06,2021-22,SK,D-SK-01,Gangtok,SEG-0048,NH-10,27.31187,88.58244,debris_flow,rainfall,debris,quartzite,road_cut,3245,72,47.1,1650,212.6,0,0,0,False,0.0,moderate,PWD-field
LS-01431,2021-08-12,2021-22,MN,D-MN-04,Tamenglong,SEG-0030,NH-37,24.81037,92.99612,rockfall,anthropogenic_cut,rock,phyllite,road_cut,684,33,44.2,642,88.9,0,0,3,True,1.8,minor,SDMA
LS-01432,2022-03-28,2021-22,ML,D-ML-01,East Khasi Hills,SEG-0014,NH-6,25.4912,92.1182,debris_flow,rainfall,debris,gneiss,barren,512,19,39.4,1438,314.9,0,0,5,True,1.0,minor,PWD-field
LS-01433,2022-06-09,2021-22,AR,D-AR-06,West Siang,SEG-0060,NH-13,28.01571,94.31688,rockfall,rainfall,rock,schist,forest,6396,48,49.5,620,593.0,0,0,5,False,0.0,moderate,PWD-field
LS-01434,2021-07-10,2021-22,WB,D-WB-01,Siliguri,SEG-0046,NH-10,26.99186,88.46911,debris_flow,rainfall,debris,gneiss,barren,3081,71,57.9,886,323.3,0,0,5,True,2.8,moderate,NDMA
LS-01435,2022-04-09,2021-22,SK,D-SK-04,Gyalshing,SEG-0055,NH-510,27.31625,88.2376,rotational_slide,rainfall,earth,sandstone_shale,jhum_cultivation,707,39,44.3,1780,599.5,0,0,2,False,0.0,minor,SDMA
LS-01436,2021-08-26,2021-22,MZ,D-MZ-04,Kolasib,SEG-0034,NH-306,24.11516,92.68207,rockfall,rainfall,rock,sandstone_shale,jhum_cultivation,3118,59,24.9,891,200.1,0,0,6,False,0.0,moderate,GSI-NLSM
LS-01437,2022-07-16,2021-22,MN,D-MN-05,Senapati,SEG-0024,NH-2,25.21756,94.00755,rotational_slide,toe_erosion,earth,phyllite,settlement,2556,64,26.0,923,76.9,0,0,3,True,3.9,moderate,SDMA
LS-01438,2021-09-21,2021-22,NL,D-NL-04,Wokha,SEG-0026,NH-29,26.23288,94.41685,rotational_slide,rainfall,earth,schist,road_cut,628,18,36.6,1319,532.3,0,0,6,False,0.0,minor,SDMA
LS-01439,2022-09-27,2021-22,AR,D-AR-05,East Siang,SEG-0065,NH-315,28.1107,95.61406,mudslide,rainfall,earth,phyllite,settlement,3610,44,25.7,1060,149.9,0,0,3,True,4.4,moderate,NDMA
LS-01440,2022-05-20,2021-22,SK,D-SK-03,Namchi,SEG-0053,NH-510,27.16679,88.35494,debris_flow,rainfall,debris,sandstone_shale,barren,9279,45,37.4,1675,221.5,0,0,1,False,0.0,moderate,GSI-NLSM
LS-01441,2021-07-08,2021-22,SK,D-SK-01,Gangtok,SEG-0048,NH-10,27.24685,88.51409,rockfall,rainfall,rock,phyllite,settlement,3297,52,30.9,1650,311.8,0,0,3,False,0.0,moderate,GSI-NLSM
LS-01442,2022-06-05,2021-22,MN,D-MN-05,Senapati,SEG-0024,NH-2,25.01567,93.97877,translational_slide,rainfall,rock,quartzite,forest,539,31,26.9,923,221.7,1,2,6,True,2.2,major,GSI-NLSM
LS-01443,2021-08-20,2021-22,TR,D-TR-02,North Tripura,SEG-0043,NH-8,24.40965,92.28848,rotational_slide,rainfall,earth,sandstone_shale,jhum_cultivation,3552,41,33.3,34,564.9,0,0,6,True,3.9,moderate,SDMA
LS-01444,2022-07-12,2021-22,AS,D-AS-08,Karbi Anglong,SEG-0071,NH-36,25.88762,93.61691,debris_flow,anthropogenic_cut,debris,sandstone_shale,agriculture,392,28,18.5,165,0.9,1,1,1,True,2.9,major,NDMA
LS-01445,2021-04-12,2021-22,SK,D-SK-01,Gangtok,SEG-0047,NH-10,27.22097,88.49771,translational_slide,rainfall,rock,sandstone_shale,settlement,731,32,25.3,1650,203.9,0,0,2,False,0.0,minor,NDMA
LS-01446,2022-05-09,2021-22,ML,D-ML-02,West Jaintia Hills,SEG-0015,NH-6,24.96553,92.51407,mudslide,rainfall,earth,quartzite,agriculture,12140,91,32.3,701,249.6,0,0,6,True,13.3,moderate,NDMA
LS-01447,2022-06-10,2021-22,AR,D-AR-03,West Kameng,SEG-0064,NH-13-W,27.43644,92.10424,rotational_slide,rainfall,earth,sandstone_shale,jhum_cultivation,7873,66,31.2,2731,316.3,0,0,2,True,24.8,moderate,GSI-NLSM
LS-01448,2021-06-23,2021-22,AS,D-AS-10,Bongaigaon,SEG-0018,NH-27-SPUR,26.07182,90.56094,debris_flow,rainfall,debris,laterite,barren,1053,44,9.2,139,249.2,0,0,6,True,1.1,minor,PWD-field
LS-01449,2021-06-22,2021-22,ML,D-ML-04,East Garo Hills,SEG-0020,NH-27-SPUR,25.24617,90.62655,translational_slide,rainfall,rock,phyllite,road_cut,989,33,24.2,450,654.7,0,0,5,False,0.0,minor,GSI-NLSM
LS-01450,2022-08-21,2021-22,ML,D-ML-02,West Jaintia Hills,SEG-0015,NH-6,25.29374,92.30323,debris_flow,rainfall,debris,phyllite,jhum_cultivation,85,16,36.1,701,444.5,0,0,5,True,1.0,minor,GSI-NLSM
LS-01451,2022-07-15,2021-22,AS,D-AS-09,Sonitpur,SEG-0062,NH-13-W,26.83632,92.70809,translational_slide,seismic,rock,phyllite,road_cut,30383,133,36.4,1247,86.1,0,4,40,True,226.2,major,GSI-NLSM
LS-01452,2021-09-04,2021-22,AS,D-AS-10,Bongaigaon,SEG-0002,NH-27,26.38845,90.81584,earth_flow,rainfall,earth,alluvium,forest,2885,27,9.3,53,338.5,0,0,2,False,0.0,moderate,NDMA
LS-01453,2021-06-06,2021-22,WB,D-WB-01,Siliguri,SEG-0046,NH-10,26.93594,88.4513,rockfall,rainfall,rock,phyllite,jhum_cultivation,5022,66,41.8,886,348.9,1,0,3,False,0.0,major,GSI-NLSM
LS-01454,2022-06-09,2021-22,AR,D-AR-03,West Kameng,SEG-0064,NH-13-W,27.51511,91.98285,translational_slide,rainfall,rock,schist,road_cut,4117,52,34.8,2731,583.3,5,15,5,False,0.0,catastrophic,GSI-NLSM
LS-01455,2022-06-22,2021-22,NL,D-NL-03,Mokokchung,SEG-0027,NH-29,26.2922,94.7283,debris_flow,rainfall,debris,gneiss,agriculture,1092,39,35.9,1348,501.5,0,0,5,False,0.0,minor,GSI-NLSM
LS-01456,2022-07-14,2021-22,ML,D-ML-01,East Khasi Hills,SEG-0013,NH-6,25.67109,91.89802,rockfall,toe_erosion,rock,gneiss,forest,141,8,47.6,1496,60.2,0,0,6,True,1.0,minor,PWD-field
LS-01457,2021-06-21,2021-22,SK,D-SK-02,Mangan,SEG-0051,NH-310,27.66736,88.70314,rotational_slide,rainfall,earth,quartzite,forest,134,17,52.3,1250,586.2,0,0,1,True,1.0,minor,GSI-NLSM
LS-01458,2022-09-17,2021-22,AS,D-AS-07,Dima Hasao,SEG-0069,NH-27-DH,24.88006,92.80783,rockfall,rainfall,rock,sandstone_shale,settlement,13225,62,34.5,352,377.5,0,0,6,True,180.6,major,PWD-field
LS-01459,2021-08-26,2021-22,AR,D-AR-04,Lower Subansiri,SEG-0059,NH-13,27.71476,93.97438,rockfall,rainfall,rock,phyllite,barren,90,15,50.3,1092,127.2,0,0,4,False,0.0,minor,GSI-NLSM
LS-01460,2021-01-24,2021-22,ML,D-ML-01,East Khasi Hills,SEG-0013,NH-6,25.85908,91.88252,mudslide,rainfall,earth,gneiss,forest,1032,39,41.0,1496,735.3,0,0,1,True,1.0,minor,SDMA
LS-01461,2022-05-22,2021-22,MZ,D-MZ-01,Aizawl,SEG-0035,NH-306,23.67368,92.73004,mudslide,rainfall,earth,schist,settlement,2867,54,37.1,1216,362.0,0,0,2,False,0.0,moderate,SDMA
LS-01462,2021-08-19,2021-22,MN,D-MN-04,Tamenglong,SEG-0030,NH-37,24.81437,92.99742,mudslide,rainfall,earth,phyllite,agriculture,62,13,39.6,642,327.6,0,0,3,True,1.0,minor,GSI-NLSM
LS-01463,2022-06-07,2021-22,AR,D-AR-03,West Kameng,SEG-0063,NH-13-W,27.05214,92.61267,debris_flow,rainfall,debris,quartzite,forest,13786,111,24.2,2415,448.3,0,0,6,False,0.0,moderate,NDMA
LS-01464,2021-07-06,2021-22,ML,D-ML-01,East Khasi Hills,SEG-0013,NH-6,25.67418,91.88039,translational_slide,rainfall,rock,schist,forest,27227,144,35.2,1496,488.4,0,4,24,True,192.4,major,GSI-NLSM
LS-01465,2021-09-26,2021-22,MZ,D-MZ-01,Aizawl,SEG-0035,NH-306,23.61684,92.75187,debris_flow,rainfall,debris,sandstone_shale,agriculture,6534,70,20.6,1216,371.8,0,0,4,False,0.0,moderate,SDMA
LS-01466,2022-06-07,2021-22,MZ,D-MZ-01,Aizawl,SEG-0035,NH-306,23.57534,92.76001,translational_slide,rainfall,rock,quartzite,road_cut,13456,109,22.2,1216,248.4,0,0,6,False,0.0,moderate,PWD-field
LS-01467,2021-06-08,2021-22,AR,D-AR-06,West Siang,SEG-0061,NH-13,28.13957,94.97346,debris_flow,rainfall,debris,phyllite,agriculture,416,19,40.1,386,545.8,0,0,0,False,0.0,minor,NDMA
LS-01468,2021-05-25,2021-22,AR,D-AR-03,West Kameng,SEG-0063,NH-13-W,27.23672,92.44802,debris_flow,rainfall,debris,quartzite,agriculture,526,12,32.3,2415,495.7,0,0,2,True,1.0,minor,NDMA
LS-01469,2021-08-10,2021-22,NL,D-NL-04,Wokha,SEG-0026,NH-29,26.15133,94.3188,translational_slide,rainfall,rock,quartzite,road_cut,2712,52,33.4,1319,136.0,9,27,3,True,13.3,catastrophic,PWD-field
LS-01470,2022-08-20,2021-22,SK,D-SK-01,Gangtok,SEG-0047,NH-10,27.21441,88.51717,rockfall,rainfall,rock,phyllite,agriculture,3481,27,41.2,1650,419.2,0,0,4,True,7.7,moderate,PWD-field
LS-01471,2021-08-08,2021-22,AR,D-AR-06,West Siang,SEG-0061,NH-13,28.13875,94.96594,debris_flow,rainfall,debris,sandstone_shale,forest,878,14,29.2,386,390.9,0,0,3,True,2.6,minor,PWD-field
LS-01472,2022-07-07,2021-22,AR,D-AR-03,West Kameng,SEG-0064,NH-13-W,27.42404,92.16263,debris_flow,rainfall,debris,quartzite,agriculture,5095,66,42.6,2731,416.6,0,0,1,False,0.0,moderate,PWD-field
LS-01473,2021-10-19,2021-22,AS,D-AS-08,Karbi Anglong,SEG-0068,NH-27-DH,25.69188,93.16024,mudslide,rainfall,earth,sandstone_shale,road_cut,1810,56,39.8,433,156.7,1,2,0,False,0.0,major,PWD-field
LS-01474,2021-07-28,2021-22,WB,D-WB-01,Siliguri,SEG-0046,NH-10,26.98955,88.47887,debris_flow,rainfall,debris,phyllite,forest,30547,93,52.4,886,558.0,1,2,18,True,96.7,major,PWD-field
LS-01475,2022-09-23,2021-22,ML,D-ML-02,West Jaintia Hills,SEG-0015,NH-6,25.0875,92.43857,debris_flow,rainfall,debris,sandstone_shale,agriculture,4643,33,25.2,701,331.8,0,0,0,True,4.1,moderate,PWD-field
LS-01476,2022-07-28,2021-22,AR,D-AR-03,West Kameng,SEG-0063,NH-13-W,27.16456,92.50141,debris_flow,rainfall,debris,schist,road_cut,6762,82,31.8,2415,474.1,0,0,0,False,0.0,moderate,GSI-NLSM
LS-01477,2022-07-28,2021-22,SK,D-SK-02,Mangan,SEG-0051,NH-310,27.62751,88.66472,translational_slide,rainfall,rock,gneiss,settlement,1434,21,43.4,1250,559.4,0,0,4,True,9.5,moderate,GSI-NLSM
LS-01478,2021-06-07,2021-22,AR,D-AR-09,Dibang Valley,SEG-0066,NH-315,27.94581,96.12304,debris_flow,rainfall,debris,quartzite,forest,333,10,56.4,1099,190.8,0,0,0,True,4.9,minor,NDMA
LS-01479,2022-08-27,2021-22,NL,D-NL-01,Kohima,SEG-0025,NH-29,25.79191,94.15781,debris_flow,rainfall,debris,sandstone_shale,jhum_cultivation,713,16,44.8,1378,311.9,0,0,5,True,1.6,minor,GSI-NLSM
LS-01480,2022-04-25,2021-22,NL,D-NL-01,Kohima,SEG-0025,NH-29,25.92886,94.20944,debris_flow,rainfall,debris,sandstone_shale,forest,654,13,45.4,1378,499.0,1,2,2,True,1.7,major,NDMA
LS-01481,2021-06-19,2021-22,AS,D-AS-07,Dima Hasao,SEG-0069,NH-27-DH,25.0861,92.96706,rockfall,rainfall,rock,phyllite,forest,5047,31,19.1,352,337.4,0,0,5,True,34.3,moderate,NDMA
LS-01482,2022-07-24,2021-22,SK,D-SK-01,Gangtok,SEG-0047,NH-10,27.19835,88.51775,debris_flow,toe_erosion,debris,gneiss,settlement,579,31,25.2,1650,37.0,0,0,1,True,1.0,minor,NDMA
LS-01483,2021-07-06,2021-22,AR,D-AR-07,Lohit,SEG-0067,NH-315,27.78169,96.03518,rockfall,rainfall,rock,siltstone,settlement,4399,42,15.1,231,488.0,0,0,4,True,40.2,moderate,NDMA
LS-01484,2021-06-05,2021-22,AR,D-AR-01,Papum Pare,SEG-0058,NH-13,27.19917,93.6614,debris_flow,rainfall,debris,phyllite,barren,33963,85,25.1,1002,128.2,0,0,25,True,29.1,major,GSI-NLSM
LS-01485,2022-07-05,2021-22,ML,D-ML-01,East Khasi Hills,SEG-0013,NH-6,25.71278,91.88032,debris_flow,rainfall,debris,gneiss,agriculture,6608,103,34.5,1496,612.9,0,0,4,True,4.7,moderate,GSI-NLSM
LS-01486,2022-06-19,2021-22,MN,D-MN-04,Tamenglong,SEG-0029,NH-37,24.83519,93.20954,rotational_slide,rainfall,earth,gneiss,barren,171,9,31.7,1260,554.7,0,0,0,True,1.0,minor,GSI-NLSM
LS-01487,2022-07-23,2021-22,NL,D-NL-03,Mokokchung,SEG-0027,NH-29,26.30358,94.68488,rotational_slide,rainfall,earth,sandstone_shale,jhum_cultivation,20038,123,35.9,1348,146.5,9,0,3,True,28.3,catastrophic,GSI-NLSM
LS-01488,2022-09-18,2021-22,AR,D-AR-03,West Kameng,SEG-0064,NH-13-W,27.37254,92.23956,rotational_slide,rainfall,earth,quartzite,road_cut,16796,89,30.1,2731,562.7,0,0,6,True,13.5,moderate,PWD-field
LS-01489,2021-07-20,2021-22,ML,D-ML-01,East Khasi Hills,SEG-0013,NH-6,25.60221,91.88429,translational_slide,rainfall,rock,sandstone_shale,agriculture,803,36,48.6,1496,268.2,0,0,3,True,2.9,minor,GSI-NLSM
LS-01490,2021-05-03,2021-22,AS,D-AS-07,Dima Hasao,SEG-0069,NH-27-DH,24.97217,92.87341,rockfall,rainfall,rock,gneiss,settlement,1569,25,18.4,352,258.9,0,0,0,True,5.8,minor,GSI-NLSM
LS-01491,2022-08-25,2021-22,NL,D-NL-01,Kohima,SEG-0025,NH-29,25.84494,94.17535,mudslide,toe_erosion,earth,phyllite,road_cut,2806,66,39.6,1378,24.8,9,27,1,True,6.1,catastrophic,NDMA
LS-01492,2022-07-07,2021-22,NL,D-NL-01,Kohima,SEG-0022,NH-2,25.60965,94.12004,mudslide,rainfall,earth,gneiss,settlement,451,16,25.6,1252,490.7,0,0,6,True,1.0,minor,PWD-field
LS-01493,2021-06-19,2021-22,SK,D-SK-02,Mangan,SEG-0050,NH-310,27.56463,88.59722,debris_flow,rainfall,debris,gneiss,jhum_cultivation,735,33,41.9,1250,260.0,0,0,4,True,2.4,minor,SDMA
LS-01494,2022-09-11,2021-22,AS,D-AS-07,Dima Hasao,SEG-0069,NH-27-DH,25.05638,92.9334,debris_flow,rainfall,debris,phyllite,agriculture,909,20,26.8,352,611.1,0,0,2,False,0.0,minor,SDMA
LS-01495,2022-04-12,2021-22,TR,D-TR-02,North Tripura,SEG-0042,NH-8,24.35105,92.12902,translational_slide,rainfall,rock,laterite,forest,546,35,16.3,45,246.6,0,0,2,True,1.2,minor,GSI-NLSM
LS-01496,2022-05-02,2021-22,AR,D-AR-05,East Siang,SEG-0065,NH-315,28.07258,95.37948,debris_flow,rainfall,debris,gneiss,barren,19875,124,38.0,1060,379.9,0,0,0,True,82.8,major,GSI-NLSM
LS-01497,2022-08-06,2021-22,MZ,D-MZ-01,Aizawl,SEG-0035,NH-306,23.60782,92.75822,rotational_slide,rainfall,earth,schist,barren,338,24,35.5,1216,562.1,0,0,5,False,0.0,minor,PWD-field
LS-01498,2022-08-21,2021-22,SK,D-SK-01,Gangtok,SEG-0048,NH-10,27.29329,88.57598,rockfall,rainfall,rock,phyllite,road_cut,17258,104,37.7,1650,426.6,2,2,4,True,62.0,major,NDMA
LS-01499,2022-06-08,2021-22,MN,D-MN-02,Churachandpur,SEG-0031,NH-2-S,24.61866,93.82692,rockfall,rainfall,rock,schist,settlement,611,25,27.8,850,539.3,0,0,0,False,0.0,minor,PWD-field
LS-01500,2021-04-11,2021-22,ML,D-ML-02,West Jaintia Hills,SEG-0015,NH-6,24.95447,92.52558,rockfall,rainfall,rock,quartzite,road_cut,1247,48,43.5,701,764.8,0,0,0,True,1.6,minor,PWD-field
LS-01501,2022-06-01,2021-22,ML,D-ML-01,East Khasi Hills,SEG-0013,NH-6,25.69174,91.88069,translational_slide,rainfall,rock,sandstone_shale,agriculture,891,43,38.8,1496,897.9,0,0,2,True,3.9,minor,GSI-NLSM
LS-01502,2021-07-22,2021-22,MN,D-MN-01,Imphal West,SEG-0028,NH-37,24.95965,93.56144,rotational_slide,rainfall,earth,schist,barren,9868,112,40.5,1023,423.1,0,0,2,False,0.0,moderate,PWD-field
LS-01503,2021-04-26,2021-22,AR,D-AR-06,West Siang,SEG-0060,NH-13,28.11951,94.65433,translational_slide,rainfall,rock,quartzite,agriculture,3499,60,52.8,620,253.6,5,5,2,False,0.0,catastrophic,GSI-NLSM
LS-01504,2021-06-08,2021-22,ML,D-ML-04,East Garo Hills,SEG-0020,NH-27-SPUR,25.22608,90.62575,earth_flow,toe_erosion,earth,phyllite,barren,1594,34,14.8,450,87.5,0,0,6,False,0.0,minor,SDMA
LS-01505,2022-07-20,2021-22,WB,D-WB-01,Siliguri,SEG-0046,NH-10,26.77793,88.40048,debris_flow,rainfall,debris,sandstone_shale,settlement,3013,34,46.4,886,396.5,0,0,0,True,6.9,moderate,SDMA
LS-01506,2022-07-19,2021-22,SK,D-SK-03,Namchi,SEG-0054,NH-510,27.27817,88.26098,mudslide,rainfall,earth,schist,forest,11805,46,37.7,1727,415.9,0,0,3,True,63.5,moderate,GSI-NLSM
LS-01507,2021-08-10,2021-22,TR,D-TR-03,Dhalai,SEG-0041,NH-8,24.27125,91.99345,earth_flow,toe_erosion,earth,siltstone,barren,809,21,25.3,52,45.6,0,0,0,True,1.0,minor,NDMA
LS-01508,2021-06-11,2021-22,AS,D-AS-08,Karbi Anglong,SEG-0068,NH-27-DH,25.46224,93.09628,translational_slide,rainfall,rock,schist,barren,2366,45,52.7,433,259.1,0,0,3,True,34.1,moderate,NDMA
LS-01509,2021-06-16,2021-22,AR,D-AR-04,Lower Subansiri,SEG-0059,NH-13,27.87381,94.11153,translational_slide,rainfall,rock,quartzite,barren,5326,91,44.4,1092,473.8,0,0,1,True,21.6,moderate,SDMA
LS-01510,2021-05-28,2021-22,AR,D-AR-03,West Kameng,SEG-0063,NH-13-W,27.22791,92.44782,mudslide,toe_erosion,earth,quartzite,forest,7651,100,39.4,2415,48.9,0,0,3,True,7.3,moderate,PWD-field
LS-01511,2022-10-05,2021-22,SK,D-SK-01,Gangtok,SEG-0047,NH-10,27.22023,88.5108,debris_flow,rainfall,debris,schist,barren,3359,70,40.7,1650,492.2,2,4,4,True,13.2,major,SDMA
LS-01512,2021-04-07,2021-22,SK,D-SK-04,Gyalshing,SEG-0055,NH-510,27.32785,88.23674,rockfall,rainfall,rock,sandstone_shale,road_cut,37281,77,44.9,1780,348.9,0,1,22,True,343.4,major,GSI-NLSM
LS-01513,2021-06-27,2021-22,MZ,D-MZ-01,Aizawl,SEG-0037,NH-302,23.65011,92.9141,rockfall,rainfall,rock,phyllite,agriculture,565,15,48.1,1405,257.7,1,3,5,True,10.9,major,SDMA
LS-01514,2021-06-24,2021-22,AR,D-AR-06,West Siang,SEG-0061,NH-13,28.09077,95.20811,debris_flow,rainfall,debris,sandstone_shale,barren,4958,61,26.6,386,231.6,1,3,5,False,0.0,major,GSI-NLSM
LS-01515,2021-09-07,2021-22,MZ,D-MZ-05,Serchhip,SEG-0036,NH-306,22.92229,92.74299,rockfall,rainfall,rock,quartzite,road_cut,2088,52,38.8,1084,513.5,0,0,4,False,0.0,moderate,SDMA
LS-01516,2021-06-05,2021-22,ML,D-ML-01,East Khasi Hills,SEG-0013,NH-6,25.76447,91.88974,mudslide,rainfall,earth,quartzite,forest,697,17,47.8,1496,749.8,0,0,4,True,1.5,minor,SDMA
LS-01517,2021-08-14,2021-22,SK,D-SK-01,Gangtok,SEG-0052,NH-510,27.17318,88.41006,debris_flow,toe_erosion,debris,sandstone_shale,barren,18825,150,41.3,1662,102.5,0,0,2,True,87.6,major,NDMA
LS-01518,2022-07-01,2021-22,AS,D-AS-10,Bongaigaon,SEG-0018,NH-27-SPUR,26.10173,90.58325,earth_flow,seismic,earth,laterite,settlement,1511,33,26.0,139,28.5,0,0,6,False,0.0,minor,PWD-field
LS-01519,2022-07-05,2021-22,AR,D-AR-04,Lower Subansiri,SEG-0059,NH-13,27.80981,94.06182,rockfall,anthropogenic_cut,rock,phyllite,jhum_cultivation,3604,66,35.6,1092,60.3,0,0,2,False,0.0,moderate,PWD-field
LS-01520,2022-07-07,2021-22,SK,D-SK-04,Gyalshing,SEG-0055,NH-510,27.35499,88.2135,debris_flow,rainfall,debris,phyllite,jhum_cultivation,1945,30,52.7,1780,146.9,0,0,4,True,3.6,minor,SDMA
LS-01521,2021-07-14,2021-22,SK,D-SK-04,Gyalshing,SEG-0055,NH-510,27.31427,88.2371,debris_flow,rainfall,debris,gneiss,agriculture,6498,49,41.7,1780,365.2,0,0,3,False,0.0,moderate,SDMA
LS-01522,2021-07-21,2021-22,WB,D-WB-01,Siliguri,SEG-0046,NH-10,27.0404,88.48073,debris_flow,rainfall,debris,phyllite,barren,4537,58,42.2,886,572.2,0,0,6,True,8.9,moderate,GSI-NLSM
LS-01523,2021-05-01,2021-22,AS,D-AS-01,Kamrup Metropolitan,SEG-0012,NH-6,26.07326,91.77634,translational_slide,rainfall,rock,phyllite,forest,1431,26,36.3,775,469.5,0,0,4,True,6.3,moderate,GSI-NLSM
LS-01524,2021-09-21,2021-22,AR,D-AR-03,West Kameng,SEG-0063,NH-13-W,27.23591,92.45348,debris_flow,rainfall,debris,quartzite,jhum_cultivation,5510,70,36.6,2415,522.2,0,0,5,False,0.0,moderate,SDMA
LS-01525,2022-06-20,2021-22,SK,D-SK-01,Gangtok,SEG-0052,NH-510,27.23505,88.47638,earth_flow,rainfall,earth,phyllite,barren,860,31,39.0,1662,428.6,0,0,1,True,3.6,minor,GSI-NLSM
LS-01526,2021-07-27,2021-22,MZ,D-MZ-01,Aizawl,SEG-0035,NH-306,23.50782,92.78141,rotational_slide,anthropogenic_cut,earth,schist,road_cut,350,15,30.8,1216,82.1,0,0,6,False,0.0,minor,PWD-field
LS-01527,2022-10-23,2021-22,AR,D-AR-09,Dibang Valley,SEG-0066,NH-315,27.95907,96.09318,rotational_slide,rainfall,earth,schist,agriculture,472,12,53.3,1099,511.1,0,0,3,False,0.0,minor,NDMA
LS-01528,2021-07-05,2021-22,AR,D-AR-04,Lower Subansiri,SEG-0059,NH-13,27.76545,94.02631,rockfall,rainfall,rock,schist,settlement,5046,47,46.9,1092,537.5,0,0,4,True,14.1,moderate,GSI-NLSM
LS-01529,2021-09-19,2021-22,AS,D-AS-01,Kamrup Metropolitan,SEG-0012,NH-6,26.09582,91.75571,debris_flow,rainfall,debris,phyllite,forest,521,14,33.8,775,572.1,0,0,0,True,1.0,minor,NDMA
LS-01530,2022-06-17,2021-22,AS,D-AS-09,Sonitpur,SEG-0062,NH-13-W,26.67931,92.78663,debris_flow,rainfall,debris,gneiss,agriculture,1554,27,25.8,1247,346.0,0,0,3,True,5.5,minor,SDMA
LS-01531,2022-08-28,2021-22,AS,D-AS-03,Jorhat,SEG-0008,NH-27,26.67535,94.13583,rotational_slide,toe_erosion,earth,laterite,road_cut,316,23,8,90,13.5,0,0,1,False,0.0,minor,GSI-NLSM
LS-01532,2022-07-03,2021-22,SK,D-SK-02,Mangan,SEG-0051,NH-310,27.64439,88.67482,translational_slide,rainfall,rock,sandstone_shale,settlement,784,19,53.3,1250,548.7,0,0,3,True,2.8,minor,GSI-NLSM
LS-01533,2022-08-13,2021-22,AR,D-AR-01,Papum Pare,SEG-0057,NH-15,27.12022,93.72256,debris_flow,rainfall,debris,phyllite,barren,1508,19,24.0,259,409.5,0,0,5,False,0.0,minor,GSI-NLSM
LS-01534,2021-08-01,2021-22,AR,D-AR-03,West Kameng,SEG-0064,NH-13-W,27.31443,92.35634,debris_flow,rainfall,debris,quartzite,barren,470,17,26.2,2731,214.9,0,0,2,True,1.5,minor,SDMA
LS-01535,2021-10-17,2021-22,AR,D-AR-06,West Siang,SEG-0060,NH-13,28.12514,94.70319,debris_flow,rainfall,debris,sandstone_shale,jhum_cultivation,1149,42,43.6,620,609.9,0,0,5,False,0.0,minor,SDMA
LS-01536,2021-04-21,2021-22,MZ,D-MZ-01,Aizawl,SEG-0037,NH-302,23.56886,93.11192,debris_flow,rainfall,debris,schist,agriculture,583,26,43.9,1405,281.4,0,0,3,False,0.0,minor,GSI-NLSM
LS-01537,2022-08-14,2021-22,AR,D-AR-06,West Siang,SEG-0061,NH-13,28.13576,94.93787,mudslide,rainfall,earth,sandstone_shale,agriculture,10262,67,20.5,386,610.0,0,0,4,True,24.9,moderate,GSI-NLSM
LS-01538,2022-09-25,2021-22,ML,D-ML-03,West Garo Hills,SEG-0019,NH-27-SPUR,25.49411,90.54518,mudslide,rainfall,earth,sandstone_shale,jhum_cultivation,908,34,21.9,337,389.7,0,0,5,True,1.0,minor,GSI-NLSM
LS-01539,2021-05-28,2021-22,SK,D-SK-01,Gangtok,SEG-0049,NH-310,27.38696,88.58998,rockfall,rainfall,rock,sandstone_shale,barren,437,10,29.8,1450,502.5,1,0,4,False,0.0,major,GSI-NLSM
LS-01540,2022-07-05,2021-22,AR,D-AR-01,Papum Pare,SEG-0058,NH-13,27.42871,93.76725,rotational_slide,rainfall,earth,gneiss,jhum_cultivation,15089,108,37.1,1002,168.7,0,0,5,True,30.3,moderate,GSI-NLSM
LS-01541,2021-06-07,2021-22,SK,D-SK-02,Mangan,SEG-0050,NH-310,27.54811,88.56884,translational_slide,anthropogenic_cut,rock,quartzite,agriculture,104,14,38.3,1250,139.5,0,0,0,False,0.0,minor,GSI-NLSM
LS-01542,2022-07-24,2021-22,ML,D-ML-02,West Jaintia Hills,SEG-0015,NH-6,25.23085,92.34873,debris_flow,rainfall,debris,phyllite,barren,790,29,38.1,701,861.5,0,0,2,True,1.6,minor,GSI-NLSM
LS-01543,2022-11-05,2021-22,AS,D-AS-09,Sonitpur,SEG-0062,NH-13-W,26.73693,92.75148,rockfall,rainfall,rock,phyllite,forest,29377,171,30.4,1247,572.4,0,0,21,True,68.3,major,NDMA
LS-01544,2022-06-10,2021-22,SK,D-SK-03,Namchi,SEG-0054,NH-510,27.20919,88.31848,translational_slide,rainfall,rock,gneiss,settlement,1165,24,29.5,1727,149.3,0,0,1,True,7.9,moderate,GSI-NLSM
LS-01545,2022-07-17,2021-22,MN,D-MN-05,Senapati,SEG-0023,NH-2,25.34268,94.06309,rockfall,rainfall,rock,sandstone_shale,forest,606,31,33.9,1061,528.9,0,0,5,True,1.7,minor,GSI-NLSM
LS-01546,2021-09-28,2021-22,AS,D-AS-01,Kamrup Metropolitan,SEG-0012,NH-6,26.11291,91.76057,debris_flow,rainfall,debris,sandstone_shale,agriculture,1234,32,32.3,775,173.3,0,0,2,True,1.0,minor,GSI-NLSM
LS-01547,2022-09-08,2021-22,ML,D-ML-01,East Khasi Hills,SEG-0013,NH-6,25.85705,91.88004,rotational_slide,rainfall,earth,phyllite,barren,84,7,33.6,1496,726.9,0,0,0,True,1.0,minor,SDMA
LS-01548,2022-08-16,2021-22,SK,D-SK-01,Gangtok,SEG-0047,NH-10,27.21315,88.50995,debris_flow,rainfall,debris,sandstone_shale,road_cut,206,22,39.1,1650,459.7,0,0,0,False,0.0,minor,GSI-NLSM
LS-01549,2022-03-04,2021-22,AR,D-AR-04,Lower Subansiri,SEG-0059,NH-13,27.66044,93.93389,translational_slide,anthropogenic_cut,rock,sandstone_shale,agriculture,773,38,34.9,1092,28.1,0,0,3,True,1.5,minor,SDMA
LS-01550,2022-08-07,2021-22,WB,D-WB-01,Siliguri,SEG-0046,NH-10,27.02163,88.48216,translational_slide,rainfall,rock,quartzite,barren,9221,107,44.8,886,319.4,0,0,0,False,0.0,moderate,SDMA
LS-01551,2021-05-17,2021-22,NL,D-NL-04,Wokha,SEG-0026,NH-29,26.13002,94.31062,debris_flow,rainfall,debris,gneiss,barren,369,26,46.5,1319,309.2,0,0,4,True,1.0,minor,GSI-NLSM
LS-01552,2022-06-06,2021-22,ML,D-ML-01,East Khasi Hills,SEG-0014,NH-6,25.50498,92.07658,debris_flow,rainfall,debris,quartzite,agriculture,610,28,36.5,1438,507.0,0,0,3,True,1.0,minor,GSI-NLSM
LS-01553,2022-09-05,2021-22,SK,D-SK-01,Gangtok,SEG-0049,NH-310,27.44456,88.5473,debris_flow,anthropogenic_cut,debris,schist,forest,32177,195,33.2,1450,1.7,0,4,8,True,93.1,major,GSI-NLSM
LS-01554,2021-06-12,2021-22,SK,D-SK-03,Namchi,SEG-0053,NH-510,27.13436,88.33946,rockfall,seismic,rock,sandstone_shale,road_cut,114,10,36.2,1675,131.7,0,0,2,True,1.6,minor,GSI-NLSM
LS-01555,2022-08-08,2021-22,MN,D-MN-05,Senapati,SEG-0024,NH-2,24.97889,93.97175,rotational_slide,toe_erosion,earth,schist,barren,2153,36,26.7,923,88.9,0,0,6,False,0.0,moderate,GSI-NLSM
LS-01556,2022-07-20,2021-22,AR,D-AR-06,West Siang,SEG-0060,NH-13,28.13931,94.71165,debris_flow,rainfall,debris,gneiss,barren,367,30,42.9,620,415.1,0,0,0,True,1.0,minor,PWD-field
LS-01557,2021-02-02,2021-22,SK,D-SK-01,Gangtok,SEG-0047,NH-10,27.18221,88.53339,rotational_slide,rainfall,earth,quartzite,agriculture,89,8,30.5,1650,405.2,1,0,6,True,1.0,major,SDMA
LS-01558,2022-05-20,2021-22,ML,D-ML-02,West Jaintia Hills,SEG-0015,NH-6,25.08149,92.44357,mudslide,rainfall,earth,quartzite,road_cut,2898,22,40.1,701,535.2,0,0,3,True,2.3,moderate,GSI-NLSM
LS-01559,2021-07-01,2021-22,NL,D-NL-01,Kohima,SEG-0025,NH-29,25.72223,94.12283,mudslide,rainfall,earth,quartzite,settlement,710,24,37.8,1378,414.4,0,0,1,False,0.0,minor,SDMA
LS-01560,2022-08-03,2021-22,MZ,D-MZ-01,Aizawl,SEG-0035,NH-306,23.51729,92.77703,debris_flow,rainfall,debris,phyllite,agriculture,793,17,25.3,1216,240.8,0,0,2,True,2.3,minor,GSI-NLSM
LS-01561,2021-05-01,2021-22,SK,D-SK-02,Mangan,SEG-0051,NH-310,27.64668,88.68123,translational_slide,anthropogenic_cut,rock,schist,settlement,25,8,43.0,1250,15.5,0,0,2,True,1.0,minor,GSI-NLSM
LS-01562,2021-08-18,2021-22,WB,D-WB-01,Siliguri,SEG-0046,NH-10,26.77934,88.40611,translational_slide,rainfall,rock,schist,road_cut,1712,26,57.5,886,449.9,0,0,5,True,3.7,minor,SDMA
LS-01563,2022-09-28,2021-22,MZ,D-MZ-05,Serchhip,SEG-0036,NH-306,23.11474,92.79483,mudslide,seismic,earth,phyllite,jhum_cultivation,25,8,45.1,1084,87.5,0,0,3,True,1.0,minor,GSI-NLSM
LS-01564,2021-07-20,2021-22,AR,D-AR-03,West Kameng,SEG-0064,NH-13-W,27.50429,92.00754,debris_flow,rainfall,debris,sandstone_shale,settlement,647,26,39.8,2731,609.6,1,3,3,True,2.1,major,NDMA
LS-01565,2021-08-19,2021-22,AR,D-AR-06,West Siang,SEG-0060,NH-13,28.01294,94.27444,rockfall,rainfall,rock,phyllite,agriculture,1172,45,49.5,620,414.7,0,0,1,True,4.0,minor,SDMA
LS-01566,2021-11-21,2021-22,ML,D-ML-04,East Garo Hills,SEG-0020,NH-27-SPUR,25.30245,90.62155,debris_flow,rainfall,debris,sandstone_shale,road_cut,326,19,19.6,450,194.8,0,0,5,True,1.0,minor,NDMA
LS-01567,2022-06-01,2021-22,AR,D-AR-03,West Kameng,SEG-0064,NH-13-W,27.44798,92.09527,mudslide,toe_erosion,earth,sandstone_shale,jhum_cultivation,2606,24,27.4,2731,65.8,0,0,0,True,6.3,moderate,GSI-NLSM
LS-01568,2022-07-16,2021-22,SK,D-SK-04,Gyalshing,SEG-0055,NH-510,27.32901,88.23331,rockfall,rainfall,rock,gneiss,road_cut,874,40,46.8,1780,150.4,0,0,5,True,6.0,minor,GSI-NLSM
LS-01569,2021-08-11,2021-22,NL,D-NL-02,Dimapur,SEG-0021,NH-2,25.80729,93.88683,rotational_slide,rainfall,earth,phyllite,settlement,2545,47,39.3,794,153.2,0,0,3,True,4.2,moderate,SDMA
LS-01570,2021-07-12,2021-22,SK,D-SK-01,Gangtok,SEG-0048,NH-10,27.30621,88.5764,rotational_slide,rainfall,earth,phyllite,agriculture,3045,29,40.6,1650,152.5,0,0,3,False,0.0,moderate,GSI-NLSM
LS-01571,2021-07-15,2021-22,MN,D-MN-04,Tamenglong,SEG-0029,NH-37,24.88689,93.31773,rotational_slide,anthropogenic_cut,earth,sandstone_shale,road_cut,9133,92,18.9,1260,65.1,0,0,5,False,0.0,moderate,GSI-NLSM
LS-01572,2021-06-09,2021-22,SK,D-SK-02,Mangan,SEG-0050,NH-310,27.51792,88.54414,debris_flow,rainfall,debris,sandstone_shale,forest,1663,43,40.3,1250,455.3,0,0,6,True,4.3,minor,NDMA
LS-01573,2021-04-22,2021-22,AR,D-AR-03,West Kameng,SEG-0064,NH-13-W,27.43545,92.1282,translational_slide,anthropogenic_cut,rock,phyllite,forest,4068,38,30.9,2731,14.6,0,0,5,False,0.0,moderate,GSI-NLSM
LS-01574,2022-11-25,2021-22,SK,D-SK-02,Mangan,SEG-0050,NH-310,27.5641,88.60137,debris_flow,rainfall,debris,quartzite,road_cut,421,31,34.8,1250,246.7,0,0,2,False,0.0,minor,NDMA
LS-01575,2021-07-06,2021-22,AS,D-AS-08,Karbi Anglong,SEG-0068,NH-27-DH,25.55604,93.11057,mudslide,rainfall,earth,sandstone_shale,forest,408,13,55.1,433,158.1,0,0,5,False,0.0,minor,GSI-NLSM
LS-01576,2022-05-14,2021-22,AR,D-AR-04,Lower Subansiri,SEG-0059,NH-13,27.63574,93.91439,debris_flow,rainfall,debris,gneiss,agriculture,17503,75,48.2,1092,192.8,0,0,3,True,28.3,moderate,SDMA
LS-01577,2021-08-17,2021-22,AR,D-AR-04,Lower Subansiri,SEG-0059,NH-13,27.59422,93.86426,rockfall,rainfall,rock,gneiss,jhum_cultivation,1457,44,41.6,1092,370.9,0,0,4,False,0.0,minor,GSI-NLSM
LS-01578,2022-06-09,2021-22,AS,D-AS-08,Karbi Anglong,SEG-0068,NH-27-DH,25.39183,93.06562,mudslide,rainfall,earth,phyllite,settlement,919,28,47.4,433,472.5,0,0,0,True,7.5,moderate,GSI-NLSM
LS-01579,2022-09-17,2021-22,SK,D-SK-01,Gangtok,SEG-0049,NH-310,27.43491,88.57564,debris_flow,rainfall,debris,quartzite,jhum_cultivation,3773,35,37.1,1450,477.7,0,0,4,False,0.0,moderate,NDMA
LS-01580,2021-06-08,2021-22,ML,D-ML-04,East Garo Hills,SEG-0020,NH-27-SPUR,25.31051,90.62053,translational_slide,rainfall,rock,siltstone,settlement,6372,75,29.4,450,609.1,0,0,2,True,13.3,moderate,GSI-NLSM
LS-01581,2022-09-06,2021-22,MZ,D-MZ-01,Aizawl,SEG-0037,NH-302,23.58507,93.07111,debris_flow,rainfall,debris,sandstone_shale,road_cut,1454,50,40.6,1405,469.7,0,0,6,True,13.0,moderate,PWD-field
LS-01582,2022-05-05,2021-22,NL,D-NL-01,Kohima,SEG-0025,NH-29,26.01365,94.23502,rotational_slide,rainfall,earth,schist,road_cut,6538,35,52.3,1378,134.4,0,0,6,False,0.0,moderate,NDMA
LS-01583,2021-07-12,2021-22,MN,D-MN-04,Tamenglong,SEG-0030,NH-37,24.83174,92.85488,mudslide,anthropogenic_cut,earth,schist,settlement,6925,61,43.2,642,32.4,0,0,5,False,0.0,moderate,NDMA
LS-01584,2021-06-19,2021-22,SK,D-SK-01,Gangtok,SEG-0048,NH-10,27.27794,88.5482,rockfall,toe_erosion,rock,quartzite,agriculture,1888,36,41.6,1650,67.6,1,1,2,False,0.0,major,GSI-NLSM
LS-01585,2022-08-11,2021-22,AR,D-AR-03,West Kameng,SEG-0064,NH-13-W,27.37917,92.23543,translational_slide,rainfall,rock,phyllite,settlement,1129,23,38.7,2731,575.4,0,0,0,True,3.5,minor,SDMA
LS-01586,2022-05-23,2021-22,SK,D-SK-03,Namchi,SEG-0053,NH-510,27.15085,88.33947,mudslide,rainfall,earth,phyllite,settlement,11767,61,19.6,1675,169.6,0,0,0,True,54.5,moderate,PWD-field
LS-01587,2022-09-06,2021-22,MZ,D-MZ-04,Kolasib,SEG-0034,NH-306,24.07127,92.68769,debris_flow,rainfall,debris,phyllite,settlement,597,26,42.9,891,304.5,0,0,6,True,1.6,minor,PWD-field
LS-01588,2022-04-15,2021-22,ML,D-ML-01,East Khasi Hills,SEG-0014,NH-6,25.55538,91.96431,rockfall,toe_erosion,rock,phyllite,road_cut,115,7,38.9,1438,38.9,0,0,6,False,0.0,minor,SDMA
LS-01589,2021-07-26,2021-22,AR,D-AR-06,West Siang,SEG-0061,NH-13,28.14159,94.95466,rotational_slide,anthropogenic_cut,earth,quartzite,settlement,2324,49,31.6,386,105.0,0,0,3,False,0.0,moderate,GSI-NLSM
LS-01590,2021-06-21,2021-22,SK,D-SK-04,Gyalshing,SEG-0055,NH-510,27.34671,88.23286,translational_slide,rainfall,rock,sandstone_shale,forest,2248,66,38.5,1780,418.6,0,0,1,True,48.4,moderate,NDMA
LS-01591,2021-07-01,2021-22,SK,D-SK-02,Mangan,SEG-0050,NH-310,27.56406,88.59787,debris_flow,rainfall,debris,phyllite,jhum_cultivation,2620,51,41.1,1250,196.9,0,0,2,False,0.0,moderate,SDMA
LS-01592,2022-12-09,2021-22,MN,D-MN-01,Imphal West,SEG-0028,NH-37,24.94587,93.59963,rockfall,rainfall,rock,sandstone_shale,barren,1189,20,39.5,1023,525.7,0,0,5,False,0.0,minor,GSI-NLSM
LS-01593,2022-05-25,2021-22,MZ,D-MZ-01,Aizawl,SEG-0035,NH-306,23.43952,92.80728,rockfall,rainfall,rock,sandstone_shale,barren,448,26,24.3,1216,168.5,0,0,6,True,1.0,minor,GSI-NLSM
LS-01594,2022-09-15,2021-22,MN,D-MN-01,Imphal West,SEG-0032,NH-2-S,24.88214,94.07399,translational_slide,rainfall,rock,quartzite,barren,1355,21,43.2,1224,223.3,0,0,6,True,13.2,moderate,GSI-NLSM
LS-01595,2021-07-07,2021-22,ML,D-ML-01,East Khasi Hills,SEG-0013,NH-6,25.84059,91.87881,earth_flow,anthropogenic_cut,earth,sandstone_shale,road_cut,530,13,35.4,1496,113.6,0,0,5,False,0.0,minor,PWD-field
LS-01596,2022-08-03,2021-22,AR,D-AR-06,West Siang,SEG-0060,NH-13,28.03726,94.38907,debris_flow,rainfall,debris,quartzite,jhum_cultivation,6805,44,38.9,620,485.1,0,0,5,True,11.5,moderate,SDMA
LS-01597,2022-05-22,2021-22,AR,D-AR-01,Papum Pare,SEG-0058,NH-13,27.45231,93.78635,mudslide,rainfall,earth,phyllite,agriculture,2444,37,24.9,1002,479.2,0,0,0,False,0.0,moderate,SDMA
LS-01598,2022-05-18,2021-22,AR,D-AR-03,West Kameng,SEG-0064,NH-13-W,27.45202,92.08916,translational_slide,rainfall,rock,quartzite,settlement,69,10,23.6,2731,546.2,0,0,5,False,0.0,minor,PWD-field
LS-01599,2022-06-06,2021-22,MN,D-MN-05,Senapati,SEG-0023,NH-2,25.42942,94.08183,translational_slide,rainfall,rock,gneiss,barren,9773,85,29.5,1061,615.3,0,0,6,False,0.0,moderate,NDMA
LS-01600,2021-05-14,2021-22,ML,D-ML-01,East Khasi Hills,SEG-0013,NH-6,25.79124,91.88334,debris_flow,anthropogenic_cut,debris,gneiss,barren,715,20,43.1,1496,121.9,0,0,4,True,1.2,minor,GSI-NLSM
LS-01601,2021-05-21,2021-22,AS,D-AS-07,Dima Hasao,SEG-0069,NH-27-DH,24.98703,92.88746,debris_flow,rainfall,debris,sandstone_shale,barren,699,33,34.0,352,454.8,0,0,6,False,0.0,minor,NDMA
LS-01602,2021-05-09,2021-22,AR,D-AR-03,West Kameng,SEG-0063,NH-13-W,27.0653,92.5821,debris_flow,rainfall,debris,gneiss,forest,100,7,38.6,2415,382.5,0,0,3,False,0.0,minor,SDMA
LS-01603,2022-05-14,2021-22,MN,D-MN-04,Tamenglong,SEG-0030,NH-37,24.83006,92.84849,translational_slide,rainfall,rock,gneiss,agriculture,5934,99,31.8,642,500.3,0,0,3,False,0.0,moderate,NDMA
LS-01604,2021-06-13,2021-22,AR,D-AR-07,Lohit,SEG-0067,NH-315,27.71289,95.96637,debris_flow,seismic,debris,laterite,barren,6955,84,29.9,231,32.1,1,0,3,True,45.8,major,GSI-NLSM
LS-01605,2021-07-18,2021-22,SK,D-SK-03,Namchi,SEG-0054,NH-510,27.278,88.27485,rockfall,rainfall,rock,quartzite,road_cut,1596,26,29.6,1727,590.1,0,0,5,False,0.0,minor,NDMA
LS-01606,2021-09-28,2021-22,MN,D-MN-05,Senapati,SEG-0023,NH-2,25.40084,94.0855,debris_flow,rainfall,debris,quartzite,jhum_cultivation,470,15,38.5,1061,559.1,0,0,0,False,0.0,minor,NDMA
LS-01607,2021-07-25,2021-22,SK,D-SK-01,Gangtok,SEG-0048,NH-10,27.25712,88.52569,rockfall,seismic,rock,quartzite,agriculture,1703,47,37.8,1650,72.6,0,0,0,True,7.8,moderate,PWD-field
LS-01608,2021-07-24,2021-22,AS,D-AS-08,Karbi Anglong,SEG-0068,NH-27-DH,25.57913,93.13278,debris_flow,toe_erosion,debris,quartzite,road_cut,2303,39,41.0,433,59.8,0,0,4,True,9.7,moderate,GSI-NLSM
LS-01609,2021-07-06,2021-22,SK,D-SK-01,Gangtok,SEG-0052,NH-510,27.2308,88.47401,rotational_slide,rainfall,earth,gneiss,agriculture,1013,24,49.4,1662,191.5,0,0,2,True,3.5,minor,GSI-NLSM
LS-01610,2022-08-19,2021-22,MN,D-MN-01,Imphal West,SEG-0028,NH-37,24.84605,93.84244,debris_flow,rainfall,debris,phyllite,settlement,6812,70,43.7,1023,384.6,0,0,0,False,0.0,moderate,NDMA
LS-01611,2022-09-25,2021-22,MZ,D-MZ-01,Aizawl,SEG-0035,NH-306,23.46506,92.80447,translational_slide,rainfall,rock,sandstone_shale,forest,1629,47,27.8,1216,215.5,0,0,5,True,3.7,minor,GSI-NLSM
LS-01612,2022-06-03,2021-22,ML,D-ML-01,East Khasi Hills,SEG-0013,NH-6,25.86657,91.87232,debris_flow,toe_erosion,debris,phyllite,forest,832,42,51.4,1496,28.4,0,0,6,False,0.0,minor,SDMA
LS-01613,2021-05-23,2021-22,AR,D-AR-03,West Kameng,SEG-0064,NH-13-W,27.43677,92.12399,debris_flow,rainfall,debris,quartzite,road_cut,3860,52,38.7,2731,596.5,0,0,2,True,5.0,moderate,PWD-field
LS-01614,2021-09-16,2021-22,SK,D-SK-01,Gangtok,SEG-0052,NH-510,27.14727,88.36646,rockfall,rainfall,rock,quartzite,agriculture,1618,20,34.9,1662,431.6,0,0,2,False,0.0,minor,SDMA
LS-01615,2021-06-21,2021-22,AR,D-AR-03,West Kameng,SEG-0064,NH-13-W,27.54731,91.93918,translational_slide,anthropogenic_cut,rock,sandstone_shale,road_cut,3170,71,37.2,2731,101.9,0,0,1,True,21.8,moderate,GSI-NLSM
LS-01616,2021-09-20,2021-22,AS,D-AS-08,Karbi Anglong,SEG-0068,NH-27-DH,25.25932,93.04957,rockfall,rainfall,rock,sandstone_shale,barren,131,9,54.3,433,212.2,0,0,5,True,2.6,minor,GSI-NLSM
LS-01617,2022-03-17,2021-22,ML,D-ML-02,West Jaintia Hills,SEG-0015,NH-6,25.2681,92.32113,translational_slide,toe_erosion,rock,sandstone_shale,agriculture,3890,30,44.4,701,111.7,0,0,0,False,0.0,moderate,NDMA
LS-01618,2022-09-22,2021-22,ML,D-ML-01,East Khasi Hills,SEG-0014,NH-6,25.49225,92.1084,debris_flow,rainfall,debris,quartzite,forest,3656,42,23.5,1438,424.6,0,0,0,True,5.8,moderate,GSI-NLSM
LS-01619,2021-08-01,2021-22,AR,D-AR-09,Dibang Valley,SEG-0066,NH-315,28.01758,96.02053,debris_flow,rainfall,debris,quartzite,barren,176,11,39.4,1099,454.7,0,0,0,False,0.0,minor,PWD-field
LS-01620,2022-06-04,2021-22,AS,D-AS-08,Karbi Anglong,SEG-0071,NH-36,25.88713,93.61358,translational_slide,rainfall,rock,sandstone_shale,settlement,3797,80,32.0,165,502.5,0,0,3,True,6.3,moderate,GSI-NLSM
LS-01621,2021-05-09,2021-22,ML,D-ML-01,East Khasi Hills,SEG-0014,NH-6,25.56326,91.943,rotational_slide,rainfall,earth,quartzite,forest,110,18,30.9,1438,875.4,0,0,2,False,0.0,minor,PWD-field
LS-01622,2021-06-23,2021-22,WB,D-WB-01,Siliguri,SEG-0046,NH-10,26.76699,88.39693,translational_slide,rainfall,rock,sandstone_shale,settlement,2059,63,50.5,886,196.4,0,0,1,True,5.8,moderate,GSI-NLSM
LS-01623,2021-04-24,2021-22,MZ,D-MZ-01,Aizawl,SEG-0035,NH-306,23.39221,92.82332,rockfall,rainfall,rock,quartzite,road_cut,1610,41,26.6,1216,506.9,0,0,2,False,0.0,minor,GSI-NLSM
LS-01624,2021-06-25,2021-22,AR,D-AR-03,West Kameng,SEG-0063,NH-13-W,27.03578,92.62342,debris_flow,rainfall,debris,phyllite,jhum_cultivation,639,13,34.9,2415,394.8,2,4,2,False,0.0,major,PWD-field
LS-01625,2021-07-17,2021-22,ML,D-ML-01,East Khasi Hills,SEG-0014,NH-6,25.51141,92.05918,rockfall,rainfall,rock,quartzite,jhum_cultivation,3024,46,24.5,1438,612.9,0,0,4,False,0.0,moderate,SDMA
LS-01626,2021-05-14,2021-22,MN,D-MN-01,Imphal West,SEG-0032,NH-2-S,24.90553,94.10422,debris_flow,rainfall,debris,schist,forest,1070,31,50.0,1224,612.5,2,0,6,True,8.3,major,NDMA
LS-01627,2022-06-20,2021-22,ML,D-ML-04,East Garo Hills,SEG-0020,NH-27-SPUR,25.34575,90.61968,rotational_slide,rainfall,earth,siltstone,barren,326,25,29.6,450,768.5,0,0,6,False,0.0,minor,NDMA
LS-01628,2021-06-11,2021-22,NL,D-NL-04,Wokha,SEG-0026,NH-29,26.24777,94.41461,rockfall,rainfall,rock,schist,agriculture,245,25,28.3,1319,478.0,0,0,6,False,0.0,minor,GSI-NLSM
LS-01629,2022-08-20,2021-22,AS,D-AS-07,Dima Hasao,SEG-0069,NH-27-DH,25.09534,92.96267,debris_flow,rainfall,debris,phyllite,agriculture,973,44,23.3,352,144.0,0,0,4,True,5.7,minor,SDMA
LS-01630,2021-05-20,2021-22,AR,D-AR-03,West Kameng,SEG-0063,NH-13-W,27.03526,92.61511,translational_slide,anthropogenic_cut,rock,sandstone_shale,forest,2569,27,40.0,2415,94.3,0,0,5,True,7.5,moderate,PWD-field
LS-01631,2022-06-24,2021-22,NL,D-NL-04,Wokha,SEG-0026,NH-29,26.12122,94.29271,rotational_slide,rainfall,earth,quartzite,settlement,3879,52,30.5,1319,245.5,0,0,4,False,0.0,moderate,GSI-NLSM
LS-01632,2022-04-16,2021-22,ML,D-ML-02,West Jaintia Hills,SEG-0015,NH-6,24.94486,92.53326,translational_slide,toe_erosion,rock,sandstone_shale,settlement,1257,38,38.8,701,91.3,2,2,4,False,0.0,major,GSI-NLSM
LS-01633,2021-06-05,2021-22,SK,D-SK-03,Namchi,SEG-0054,NH-510,27.26161,88.28332,translational_slide,rainfall,rock,gneiss,forest,2484,57,43.2,1727,407.8,0,0,6,False,0.0,moderate,GSI-NLSM
LS-01634,2022-07-19,2021-22,AS,D-AS-09,Sonitpur,SEG-0062,NH-13-W,26.97013,92.64933,translational_slide,rainfall,rock,gneiss,settlement,486,21,36.3,1247,473.7,0,0,1,True,1.2,minor,GSI-NLSM
LS-01635,2021-05-10,2021-22,SK,D-SK-01,Gangtok,SEG-0049,NH-310,27.45992,88.56276,translational_slide,rainfall,rock,sandstone_shale,jhum_cultivation,12926,90,18.3,1450,598.1,0,0,6,True,43.1,moderate,NDMA
LS-01636,2022-04-23,2021-22,SK,D-SK-01,Gangtok,SEG-0052,NH-510,27.17948,88.41687,mudslide,rainfall,earth,quartzite,road_cut,252,17,40.7,1662,244.7,0,0,4,False,0.0,minor,GSI-NLSM
LS-01637,2022-07-16,2021-22,MZ,D-MZ-01,Aizawl,SEG-0037,NH-302,23.69951,92.79224,rotational_slide,rainfall,earth,phyllite,settlement,8657,87,53.3,1405,409.4,0,0,2,True,18.1,moderate,GSI-NLSM
LS-01638,2022-05-19,2021-22,ML,D-ML-01,East Khasi Hills,SEG-0013,NH-6,25.8138,91.87647,translational_slide,rainfall,rock,schist,road_cut,895,35,40.5,1496,645.0,0,0,4,True,1.0,minor,GSI-NLSM
LS-01639,2022-08-05,2021-22,AS,D-AS-08,Karbi Anglong,SEG-0068,NH-27-DH,25.52945,93.11555,translational_slide,rainfall,rock,gneiss,agriculture,258,23,38.8,433,317.3,0,0,4,False,0.0,minor,PWD-field
LS-01640,2022-07-23,2021-22,AS,D-AS-01,Kamrup Metropolitan,SEG-0012,NH-6,26.12155,91.7489,rockfall,rainfall,rock,schist,jhum_cultivation,152,7,39.3,775,196.2,0,0,1,False,0.0,minor,GSI-NLSM
LS-01641,2022-07-06,2021-22,AS,D-AS-01,Kamrup Metropolitan,SEG-0012,NH-6,26.06957,91.78544,debris_flow,anthropogenic_cut,debris,gneiss,road_cut,727,35,35.0,775,75.5,0,0,5,True,1.0,minor,NDMA
LS-01642,2021-05-11,2021-22,AS,D-AS-07,Dima Hasao,SEG-0069,NH-27-DH,24.99131,92.88564,rockfall,anthropogenic_cut,rock,quartzite,road_cut,2371,25,28.9,352,97.6,0,0,6,True,26.4,moderate,GSI-NLSM
LS-01643,2022-09-16,2021-22,NL,D-NL-01,Kohima,SEG-0022,NH-2,25.56635,94.11146,translational_slide,anthropogenic_cut,rock,sandstone_shale,jhum_cultivation,669,27,31.3,1252,109.0,0,0,3,True,1.8,minor,GSI-NLSM
LS-01644,2021-11-05,2021-22,SK,D-SK-01,Gangtok,SEG-0047,NH-10,27.23031,88.49951,debris_flow,toe_erosion,debris,sandstone_shale,agriculture,1526,47,26.7,1650,110.7,0,0,3,True,1.5,minor,GSI-NLSM
LS-01645,2022-05-16,2021-22,SK,D-SK-01,Gangtok,SEG-0047,NH-10,27.21425,88.50733,debris_flow,anthropogenic_cut,debris,quartzite,jhum_cultivation,289,9,34.1,1650,118.3,0,0,4,True,1.0,minor,GSI-NLSM
LS-01646,2022-06-28,2021-22,ML,D-ML-02,West Jaintia Hills,SEG-0015,NH-6,25.05992,92.45556,rotational_slide,rainfall,earth,phyllite,road_cut,4531,89,40.1,701,183.2,0,0,2,False,0.0,moderate,GSI-NLSM
LS-01647,2022-08-26,2021-22,ML,D-ML-01,East Khasi Hills,SEG-0013,NH-6,25.79353,91.89301,debris_flow,rainfall,debris,sandstone_shale,road_cut,890,28,51.1,1496,754.7,0,0,6,True,1.2,minor,GSI-NLSM
LS-01648,2022-05-25,2021-22,ML,D-ML-02,West Jaintia Hills,SEG-0015,NH-6,25.37399,92.25778,debris_flow,rainfall,debris,gneiss,forest,7964,74,37.8,701,754.8,0,0,3,True,13.2,moderate,SDMA
LS-01649,2022-06-17,2021-22,AS,D-AS-01,Kamrup Metropolitan,SEG-0017,NH-27-SPUR,26.15829,90.8091,debris_flow,rainfall,debris,alluvium,barren,8517,82,13.7,54,553.8,0,0,0,True,10.3,moderate,GSI-NLSM
LS-01650,2021-06-15,2021-22,SK,D-SK-01,Gangtok,SEG-0052,NH-510,27.20081,88.44392,mudslide,rainfall,earth,gneiss,settlement,239,23,37.5,1662,452.0,0,0,5,False,0.0,minor,GSI-NLSM
LS-01651,2022-07-21,2021-22,AS,D-AS-09,Sonitpur,SEG-0062,NH-13-W,26.91569,92.68757,debris_flow,rainfall,debris,phyllite,agriculture,329,23,35.3,1247,578.9,0,0,6,True,1.0,minor,SDMA
LS-01652,2022-06-26,2021-22,MN,D-MN-05,Senapati,SEG-0023,NH-2,25.3736,94.06401,debris_flow,rainfall,debris,gneiss,barren,6600,33,37.4,1061,458.7,0,0,0,True,13.5,moderate,GSI-NLSM
LS-01653,2021-07-07,2021-22,AR,D-AR-03,West Kameng,SEG-0064,NH-13-W,27.49719,92.02684,debris_flow,rainfall,debris,gneiss,settlement,9446,49,25.0,2731,537.2,0,0,6,True,22.4,moderate,GSI-NLSM
LS-01654,2021-05-26,2021-22,NL,D-NL-01,Kohima,SEG-0022,NH-2,25.611,94.1116,debris_flow,rainfall,debris,gneiss,jhum_cultivation,996,15,23.9,1252,234.8,0,0,3,False,0.0,minor,SDMA
LS-01655,2022-10-25,2021-22,SK,D-SK-04,Gyalshing,SEG-0055,NH-510,27.3162,88.25165,translational_slide,rainfall,rock,phyllite,settlement,6616,76,39.5,1780,426.3,0,0,2,True,42.2,moderate,SDMA
LS-01656,2021-09-25,2021-22,NL,D-NL-03,Mokokchung,SEG-0027,NH-29,26.30815,94.61683,debris_flow,rainfall,debris,schist,settlement,1208,29,41.3,1348,234.1,0,0,3,False,0.0,minor,PWD-field
LS-01657,2022-06-03,2021-22,ML,D-ML-02,West Jaintia Hills,SEG-0015,NH-6,24.96141,92.52061,rockfall,toe_erosion,rock,gneiss,forest,3998,68,27.0,701,17.7,0,0,0,True,37.9,moderate,GSI-NLSM
LS-01658,2022-01-25,2021-22,ML,D-ML-02,West Jaintia Hills,SEG-0015,NH-6,25.36954,92.25198,translational_slide,rainfall,rock,schist,barren,152,10,37.4,701,773.8,0,0,4,False,0.0,minor,GSI-NLSM
LS-01659,2021-07-01,2021-22,SK,D-SK-01,Gangtok,SEG-0049,NH-310,27.39603,88.58002,translational_slide,rainfall,rock,sandstone_shale,settlement,12664,45,24.1,1450,223.8,0,0,4,True,67.0,moderate,PWD-field
LS-01660,2021-10-25,2021-22,ML,D-ML-02,West Jaintia Hills,SEG-0015,NH-6,25.35382,92.27168,debris_flow,toe_erosion,debris,schist,settlement,3617,71,42.3,701,21.6,0,0,1,True,3.6,moderate,PWD-field
LS-01661,2022-08-28,2021-22,MZ,D-MZ-01,Aizawl,SEG-0037,NH-302,23.69465,92.77793,debris_flow,rainfall,debris,quartzite,forest,3723,45,50.2,1405,450.7,0,0,2,True,22.9,moderate,GSI-NLSM
LS-01662,2021-07-15,2021-22,SK,D-SK-03,Namchi,SEG-0054,NH-510,27.24704,88.28974,earth_flow,rainfall,earth,schist,forest,1026,47,29.3,1727,311.4,0,0,2,True,2.3,minor,PWD-field
LS-01663,2022-07-08,2021-22,ML,D-ML-03,West Garo Hills,SEG-0019,NH-27-SPUR,25.51285,90.32611,mudslide,rainfall,earth,siltstone,agriculture,7386,77,26.4,337,446.2,0,0,4,True,3.9,moderate,PWD-field
LS-01664,2021-08-13,2021-22,MN,D-MN-02,Churachandpur,SEG-0031,NH-2-S,24.47847,93.76534,rotational_slide,rainfall,earth,sandstone_shale,settlement,622,21,27.8,850,566.4,0,0,5,True,2.0,minor,GSI-NLSM
LS-01665,2021-08-06,2021-22,SK,D-SK-01,Gangtok,SEG-0052,NH-510,27.30416,88.57526,translational_slide,rainfall,rock,sandstone_shale,road_cut,345,23,38.6,1662,370.0,1,0,3,False,0.0,major,GSI-NLSM
LS-01666,2022-06-19,2021-22,ML,D-ML-01,East Khasi Hills,SEG-0014,NH-6,25.54428,91.99495,debris_flow,seismic,debris,sandstone_shale,settlement,781,29,26.1,1438,77.9,0,0,1,True,1.9,minor,NDMA
LS-01667,2022-06-14,2021-22,AR,D-AR-03,West Kameng,SEG-0064,NH-13-W,27.36424,92.25216,rockfall,rainfall,rock,phyllite,jhum_cultivation,237,11,43.4,2731,398.9,0,0,4,False,0.0,minor,GSI-NLSM
LS-01668,2022-04-01,2021-22,NL,D-NL-02,Dimapur,SEG-0021,NH-2,25.73586,94.0111,rockfall,anthropogenic_cut,rock,phyllite,settlement,8816,40,42.9,794,75.1,0,0,1,False,0.0,moderate,SDMA
LS-01669,2022-05-18,2021-22,NL,D-NL-03,Mokokchung,SEG-0027,NH-29,26.30284,94.58145,translational_slide,anthropogenic_cut,rock,quartzite,barren,2018,40,37.3,1348,100.8,0,0,0,False,0.0,moderate,NDMA
LS-01670,2021-06-20,2021-22,AR,D-AR-03,West Kameng,SEG-0064,NH-13-W,27.34085,92.3048,debris_flow,rainfall,debris,schist,road_cut,3889,62,41.6,2731,122.2,0,0,4,False,0.0,moderate,NDMA
LS-01671,2021-08-27,2021-22,AS,D-AS-09,Sonitpur,SEG-0062,NH-13-W,26.85215,92.70351,debris_flow,rainfall,debris,quartzite,barren,5443,79,25.1,1247,337.6,0,0,6,True,7.7,moderate,NDMA
LS-01672,2022-08-27,2021-22,AS,D-AS-08,Karbi Anglong,SEG-0068,NH-27-DH,25.68805,93.1528,debris_flow,rainfall,debris,sandstone_shale,settlement,34131,193,39.4,433,231.1,0,3,1,True,134.8,major,NDMA
LS-01673,2021-07-17,2021-22,ML,D-ML-01,East Khasi Hills,SEG-0013,NH-6,25.74406,91.87982,translational_slide,rainfall,rock,gneiss,jhum_cultivation,8739,74,35.5,1496,640.1,0,0,1,False,0.0,moderate,NDMA
LS-01674,2022-06-07,2021-22,AR,D-AR-03,West Kameng,SEG-0063,NH-13-W,27.0916,92.5809,rockfall,rainfall,rock,quartzite,settlement,4307,42,34.3,2415,495.4,0,0,2,True,22.6,moderate,SDMA
LS-01675,2021-07-16,2021-22,NL,D-NL-04,Wokha,SEG-0026,NH-29,26.24604,94.41718,translational_slide,rainfall,rock,phyllite,barren,17623,148,31.0,1319,138.8,0,0,0,True,232.4,major,GSI-NLSM
LS-01676,2022-06-18,2021-22,SK,D-SK-01,Gangtok,SEG-0047,NH-10,27.21018,88.51515,translational_slide,anthropogenic_cut,rock,schist,agriculture,268,27,33.2,1650,41.6,0,0,3,False,0.0,minor,SDMA
LS-01677,2022-09-10,2021-22,MN,D-MN-05,Senapati,SEG-0023,NH-2,25.42894,94.09382,rotational_slide,rainfall,earth,phyllite,jhum_cultivation,321,15,35.9,1061,202.9,0,0,1,False,0.0,minor,NDMA
LS-01678,2021-06-24,2021-22,AS,D-AS-02,Nagaon,SEG-0070,NH-36,25.95042,93.26444,translational_slide,anthropogenic_cut,rock,sandstone_shale,agriculture,1370,25,16.4,123,26.5,2,4,2,True,13.0,major,SDMA
LS-01679,2022-05-20,2021-22,ML,D-ML-03,West Garo Hills,SEG-0019,NH-27-SPUR,25.51455,90.34408,mudslide,rainfall,earth,phyllite,settlement,1463,23,21.2,337,534.3,0,0,0,True,1.0,minor,GSI-NLSM
LS-01680,2022-07-28,2021-22,TR,D-TR-02,North Tripura,SEG-0043,NH-8,24.37241,92.19879,debris_flow,rainfall,debris,siltstone,settlement,314,10,19.9,34,350.2,0,0,2,False,0.0,minor,GSI-NLSM
LS-01681,2022-07-26,2021-22,MN,D-MN-04,Tamenglong,SEG-0029,NH-37,24.89925,93.34297,rockfall,seismic,rock,sandstone_shale,barren,426,15,22.0,1260,135.0,0,0,6,False,0.0,minor,GSI-NLSM
LS-01682,2022-05-27,2021-22,ML,D-ML-01,East Khasi Hills,SEG-0013,NH-6,25.74104,91.88439,translational_slide,rainfall,rock,phyllite,agriculture,537,19,51.9,1496,679.4,0,0,3,False,0.0,minor,GSI-NLSM
LS-01683,2021-06-26,2021-22,ML,D-ML-02,West Jaintia Hills,SEG-0015,NH-6,25.12988,92.42357,earth_flow,toe_erosion,earth,quartzite,jhum_cultivation,2543,42,40.8,701,73.3,0,0,0,False,0.0,moderate,PWD-field
LS-01684,2021-08-17,2021-22,MZ,D-MZ-05,Serchhip,SEG-0036,NH-306,22.99027,92.76061,rotational_slide,rainfall,earth,phyllite,agriculture,44801,185,53.4,1084,264.7,0,1,12,True,132.3,major,NDMA
LS-01685,2021-06-22,2021-22,SK,D-SK-01,Gangtok,SEG-0052,NH-510,27.305,88.55972,debris_flow,anthropogenic_cut,debris,schist,jhum_cultivation,4564,80,41.8,1662,26.4,0,0,0,True,30.9,moderate,GSI-NLSM
LS-01686,2021-10-27,2021-22,AR,D-AR-03,West Kameng,SEG-0063,NH-13-W,27.13039,92.54125,translational_slide,anthropogenic_cut,rock,quartzite,barren,645,23,32.3,2415,15.0,0,0,3,True,2.2,minor,SDMA
LS-01687,2022-08-01,2021-22,NL,D-NL-04,Wokha,SEG-0026,NH-29,26.12235,94.2874,rockfall,rainfall,rock,gneiss,barren,2761,53,27.8,1319,514.2,0,0,2,False,0.0,moderate,GSI-NLSM
LS-01688,2022-03-17,2021-22,ML,D-ML-02,West Jaintia Hills,SEG-0015,NH-6,24.95673,92.53445,debris_flow,rainfall,debris,quartzite,agriculture,2903,47,25.0,701,551.5,0,0,6,False,0.0,moderate,SDMA
LS-01689,2022-07-24,2021-22,AR,D-AR-01,Papum Pare,SEG-0058,NH-13,27.43013,93.7737,rockfall,rainfall,rock,phyllite,settlement,5661,93,25.1,1002,605.0,0,0,6,False,0.0,moderate,GSI-NLSM
LS-01690,2022-07-28,2021-22,ML,D-ML-01,East Khasi Hills,SEG-0013,NH-6,25.76844,91.87793,debris_flow,anthropogenic_cut,debris,sandstone_shale,settlement,56411,245,45.7,1496,44.5,0,2,15,True,74.1,major,NDMA
LS-01691,2021-05-01,2021-22,AR,D-AR-03,West Kameng,SEG-0064,NH-13-W,27.47532,92.04437,translational_slide,anthropogenic_cut,rock,gneiss,settlement,5716,95,36.9,2731,71.8,0,0,0,False,0.0,moderate,NDMA
LS-01692,2021-04-12,2021-22,WB,D-WB-01,Siliguri,SEG-0046,NH-10,27.0822,88.49837,rockfall,rainfall,rock,phyllite,settlement,33512,88,57.7,886,246.2,0,1,29,False,0.0,major,GSI-NLSM
LS-01693,2021-09-21,2021-22,MN,D-MN-01,Imphal West,SEG-0032,NH-2-S,24.93809,94.1459,mudslide,rainfall,earth,schist,jhum_cultivation,999,21,44.1,1224,230.0,0,0,6,True,1.9,minor,SDMA
LS-01694,2021-05-27,2021-22,SK,D-SK-01,Gangtok,SEG-0047,NH-10,27.20684,88.5056,translational_slide,rainfall,rock,quartzite,forest,5313,55,39.4,1650,235.5,0,0,2,False,0.0,moderate,PWD-field
LS-01695,2022-07-11,2021-22,MN,D-MN-05,Senapati,SEG-0023,NH-2,25.47421,94.10216,debris_flow,rainfall,debris,phyllite,settlement,1426,22,31.6,1061,604.3,0,0,1,True,2.0,minor,SDMA
LS-01696,2021-06-28,2021-22,MZ,D-MZ-04,Kolasib,SEG-0034,NH-306,23.9578,92.69701,debris_flow,rainfall,debris,schist,jhum_cultivation,3093,37,32.1,891,160.6,0,0,2,False,0.0,moderate,GSI-NLSM
LS-01697,2021-03-22,2021-22,AR,D-AR-05,East Siang,SEG-0065,NH-315,28.07829,95.49212,translational_slide,rainfall,rock,phyllite,jhum_cultivation,476,29,30.7,1060,241.9,0,0,1,False,0.0,minor,NDMA
LS-01698,2021-09-04,2021-22,ML,D-ML-01,East Khasi Hills,SEG-0013,NH-6,25.81096,91.87632,rockfall,rainfall,rock,gneiss,forest,326,26,50.3,1496,284.9,0,0,5,True,1.0,minor,PWD-field
LS-01699,2021-07-23,2021-22,NL,D-NL-03,Mokokchung,SEG-0027,NH-29,26.28936,94.80451,rockfall,rainfall,rock,gneiss,forest,5229,90,34.3,1348,484.1,0,0,4,False,0.0,moderate,GSI-NLSM
LS-01700,2022-08-17,2021-22,SK,D-SK-04,Gyalshing,SEG-0055,NH-510,27.30886,88.25577,translational_slide,rainfall,rock,gneiss,barren,1038,16,50.2,1780,529.5,0,0,4,True,7.8,moderate,SDMA
LS-01701,2022-07-04,2021-22,TR,D-TR-02,North Tripura,SEG-0043,NH-8,24.3896,92.24191,mudslide,rainfall,earth,phyllite,jhum_cultivation,641,31,19.5,34,459.3,0,0,0,True,1.0,minor,SDMA
LS-01702,2021-06-04,2021-22,AS,D-AS-08,Karbi Anglong,SEG-0068,NH-27-DH,25.36566,93.07248,debris_flow,rainfall,debris,phyllite,road_cut,982,39,51.8,433,140.6,0,0,5,True,10.4,moderate,PWD-field
LS-01703,2022-08-18,2021-22,SK,D-SK-01,Gangtok,SEG-0052,NH-510,27.32361,88.58343,rockfall,rainfall,rock,sandstone_shale,barren,2117,47,42.4,1662,322.0,0,0,4,True,12.8,moderate,PWD-field
LS-01704,2022-08-08,2021-22,AR,D-AR-03,West Kameng,SEG-0064,NH-13-W,27.4343,92.13359,debris_flow,toe_erosion,debris,gneiss,agriculture,1104,33,30.7,2731,82.7,0,0,3,True,2.4,minor,PWD-field
LS-01705,2021-09-15,2021-22,ML,D-ML-01,East Khasi Hills,SEG-0013,NH-6,25.63213,91.89173,earth_flow,rainfall,earth,schist,road_cut,4305,77,39.2,1496,928.9,0,0,3,True,5.8,moderate,PWD-field
LS-01706,2021-05-10,2021-22,NL,D-NL-01,Kohima,SEG-0022,NH-2,25.65326,94.10095,translational_slide,toe_erosion,rock,phyllite,settlement,11240,43,21.5,1252,128.1,0,0,5,False,0.0,moderate,NDMA
LS-01707,2021-09-18,2021-22,AS,D-AS-10,Bongaigaon,SEG-0018,NH-27-SPUR,26.0423,90.53132,debris_flow,rainfall,debris,phyllite,barren,378,21,22.3,139,440.1,0,0,5,True,1.0,minor,PWD-field
LS-01708,2022-07-11,2021-22,TR,D-TR-03,Dhalai,SEG-0040,NH-8,23.98474,91.75436,translational_slide,rainfall,rock,sandstone_shale,agriculture,576,26,22.1,60,448.4,0,0,2,False,0.0,minor,PWD-field
LS-01709,2022-06-22,2021-22,ML,D-ML-01,East Khasi Hills,SEG-0013,NH-6,25.85917,91.8747,rotational_slide,rainfall,earth,gneiss,forest,837,34,40.3,1496,443.1,0,0,1,True,1.0,minor,PWD-field
LS-01710,2021-07-15,2021-22,SK,D-SK-03,Namchi,SEG-0054,NH-510,27.21194,88.30269,rockfall,rainfall,rock,gneiss,jhum_cultivation,921,33,41.5,1727,271.9,0,0,1,True,6.0,minor,PWD-field
LS-01711,2021-06-22,2021-22,SK,D-SK-03,Namchi,SEG-0053,NH-510,27.14903,88.32722,translational_slide,anthropogenic_cut,rock,quartzite,forest,18907,90,36.4,1675,113.4,0,0,2,True,152.8,major,GSI-NLSM
LS-01712,2022-08-17,2021-22,MN,D-MN-05,Senapati,SEG-0024,NH-2,25.03837,93.97453,debris_flow,rainfall,debris,gneiss,jhum_cultivation,9930,73,30.4,923,303.7,0,0,6,True,6.3,moderate,GSI-NLSM
LS-01713,2021-07-20,2021-22,MZ,D-MZ-01,Aizawl,SEG-0035,NH-306,23.54556,92.78419,rotational_slide,rainfall,earth,phyllite,road_cut,137,7,23.6,1216,560.2,0,0,4,False,0.0,minor,SDMA
LS-01714,2022-09-14,2021-22,AR,D-AR-01,Papum Pare,SEG-0058,NH-13,27.36543,93.74509,rockfall,rainfall,rock,gneiss,agriculture,338,27,24.3,1002,232.6,0,0,5,True,1.0,minor,GSI-NLSM
LS-01715,2021-05-10,2021-22,MN,D-MN-01,Imphal West,SEG-0032,NH-2-S,24.87124,94.04616,mudslide,rainfall,earth,phyllite,forest,3887,75,34.8,1224,260.4,0,0,2,True,10.7,moderate,PWD-field
LS-01716,2022-07-19,2021-22,MN,D-MN-02,Churachandpur,SEG-0031,NH-2-S,24.60724,93.82066,translational_slide,rainfall,rock,sandstone_shale,road_cut,1935,40,24.1,850,229.3,0,0,2,False,0.0,minor,GSI-NLSM
LS-01717,2022-04-19,2021-22,ML,D-ML-01,East Khasi Hills,SEG-0013,NH-6,25.67342,91.89636,rockfall,rainfall,rock,schist,road_cut,29565,170,52.3,1496,263.0,0,1,33,False,0.0,major,SDMA
LS-01718,2021-08-23,2021-22,ML,D-ML-03,West Garo Hills,SEG-0019,NH-27-SPUR,25.50466,90.43502,debris_flow,rainfall,debris,laterite,forest,11319,74,22.9,337,243.6,0,0,6,False,0.0,moderate,SDMA
LS-01719,2022-08-16,2021-22,AR,D-AR-09,Dibang Valley,SEG-0066,NH-315,28.05859,95.93533,debris_flow,rainfall,debris,gneiss,settlement,4574,54,51.4,1099,514.6,0,0,3,True,49.8,moderate,PWD-field
LS-01720,2022-04-25,2021-22,NL,D-NL-01,Kohima,SEG-0025,NH-29,25.833,94.15333,debris_flow,rainfall,debris,phyllite,jhum_cultivation,2774,48,36.7,1378,418.2,0,0,1,True,1.1,moderate,SDMA
LS-01721,2021-07-17,2021-22,AS,D-AS-08,Karbi Anglong,SEG-0068,NH-27-DH,25.56947,93.12746,debris_flow,rainfall,debris,sandstone_shale,barren,333,13,55.7,433,191.5,0,0,0,True,2.7,minor,GSI-NLSM
LS-01722,2022-08-15,2021-22,AR,D-AR-05,East Siang,SEG-0065,NH-315,28.08321,95.42144,rockfall,rainfall,rock,phyllite,barren,561,35,38.4,1060,280.3,0,0,2,False,0.0,minor,GSI-NLSM
LS-01723,2022-04-28,2021-22,NL,D-NL-01,Kohima,SEG-0025,NH-29,25.7535,94.13211,mudslide,toe_erosion,earth,quartzite,forest,5212,53,44.8,1378,45.9,0,0,2,True,3.1,moderate,GSI-NLSM
LS-01724,2021-05-13,2021-22,SK,D-SK-02,Mangan,SEG-0050,NH-310,27.56131,88.59549,rockfall,toe_erosion,rock,sandstone_shale,road_cut,2114,43,38.8,1250,11.4,0,0,2,True,11.7,moderate,GSI-NLSM
LS-01725,2022-06-07,2021-22,MN,D-MN-01,Imphal West,SEG-0032,NH-2-S,24.94195,94.14194,earth_flow,rainfall,earth,gneiss,agriculture,251,12,49.5,1224,393.7,0,0,0,False,0.0,minor,PWD-field
LS-01726,2022-07-12,2021-22,NL,D-NL-01,Kohima,SEG-0025,NH-29,25.74652,94.13949,debris_flow,anthropogenic_cut,debris,gneiss,agriculture,3789,58,43.2,1378,116.7,0,0,2,True,7.4,moderate,GSI-NLSM
LS-01727,2022-07-13,2021-22,AR,D-AR-09,Dibang Valley,SEG-0066,NH-315,28.03375,95.96758,translational_slide,rainfall,rock,sandstone_shale,barren,309,28,53.1,1099,309.1,0,0,5,False,0.0,minor,PWD-field
LS-01728,2021-06-12,2021-22,AS,D-AS-07,Dima Hasao,SEG-0069,NH-27-DH,24.95507,92.85944,translational_slide,anthropogenic_cut,rock,schist,road_cut,998,40,27.9,352,15.1,0,0,0,True,16.6,moderate,NDMA
LS-01729,2022-09-22,2021-22,AS,D-AS-02,Nagaon,SEG-0006,NH-27,26.54374,92.75051,translational_slide,rainfall,rock,siltstone,jhum_cultivation,86064,210,8.2,69,553.8,0,4,36,True,50.3,major,NDMA
LS-01730,2022-05-01,2021-22,SK,D-SK-02,Mangan,SEG-0051,NH-310,27.6447,88.6978,debris_flow,rainfall,debris,sandstone_shale,forest,29173,176,43.2,1250,389.8,0,3,21,True,105.8,major,NDMA
LS-01731,2021-09-02,2021-22,MZ,D-MZ-01,Aizawl,SEG-0035,NH-306,23.579,92.76151,rockfall,rainfall,rock,quartzite,road_cut,941,39,23.0,1216,438.4,0,0,4,False,0.0,minor,GSI-NLSM
LS-01732,2021-10-17,2021-22,SK,D-SK-01,Gangtok,SEG-0047,NH-10,27.2384,88.49488,translational_slide,rainfall,rock,quartzite,agriculture,1490,49,29.8,1650,273.7,0,0,1,False,0.0,minor,NDMA
LS-01733,2021-07-23,2021-22,AR,D-AR-09,Dibang Valley,SEG-0066,NH-315,28.00333,96.01788,mudslide,rainfall,earth,schist,road_cut,6859,91,43.4,1099,223.2,0,0,2,True,64.0,moderate,SDMA
LS-01734,2021-05-03,2021-22,ML,D-ML-01,East Khasi Hills,SEG-0014,NH-6,25.55066,91.95334,rockfall,rainfall,rock,gneiss,barren,7468,59,34.4,1438,382.1,0,0,1,False,0.0,moderate,GSI-NLSM
LS-01735,2022-07-04,2021-22,AR,D-AR-03,West Kameng,SEG-0064,NH-13-W,27.46172,92.09974,translational_slide,rainfall,rock,gneiss,agriculture,3358,57,25.6,2731,210.1,0,0,4,False,0.0,moderate,PWD-field
LS-01736,2021-06-08,2021-22,AS,D-AS-08,Karbi Anglong,SEG-0071,NH-36,25.88057,93.58929,earth_flow,rainfall,earth,siltstone,forest,1304,25,16.8,165,445.6,0,0,3,True,4.2,minor,GSI-NLSM
LS-01737,2021-07-09,2021-22,NL,D-NL-02,Dimapur,SEG-0021,NH-2,25.78982,93.91446,translational_slide,rainfall,rock,phyllite,road_cut,6149,99,31.3,794,347.3,0,0,0,False,0.0,moderate,SDMA
LS-01738,2021-08-27,2021-22,ML,D-ML-01,East Khasi Hills,SEG-0013,NH-6,25.78532,91.87658,debris_flow,rainfall,debris,gneiss,forest,873,16,33.8,1496,540.9,0,0,1,False,0.0,minor,NDMA
LS-01739,2022-07-13,2021-22,AR,D-AR-03,West Kameng,SEG-0063,NH-13-W,27.13616,92.52687,debris_flow,rainfall,debris,quartzite,jhum_cultivation,3934,30,38.3,2415,475.9,0,0,1,False,0.0,moderate,SDMA
LS-01740,2021-09-11,2021-22,AR,D-AR-03,West Kameng,SEG-0064,NH-13-W,27.32146,92.33,rotational_slide,rainfall,earth,quartzite,agriculture,1114,44,36.6,2731,525.6,0,0,4,False,0.0,minor,SDMA
LS-01741,2022-09-18,2021-22,SK,D-SK-01,Gangtok,SEG-0052,NH-510,27.18244,88.42008,translational_slide,rainfall,rock,gneiss,road_cut,317,12,52.7,1662,480.2,0,0,5,False,0.0,minor,NDMA
LS-01742,2022-05-20,2021-22,SK,D-SK-02,Mangan,SEG-0051,NH-310,27.67357,88.72473,rotational_slide,rainfall,earth,schist,barren,417,16,45.6,1250,230.5,0,0,6,False,0.0,minor,GSI-NLSM
LS-01743,2022-08-02,2021-22,SK,D-SK-03,Namchi,SEG-0054,NH-510,27.21596,88.31096,debris_flow,rainfall,debris,quartzite,agriculture,6489,102,29.2,1727,471.5,0,0,6,True,37.3,moderate,GSI-NLSM
LS-01744,2022-05-10,2021-22,SK,D-SK-03,Namchi,SEG-0054,NH-510,27.1859,88.33914,mudslide,rainfall,earth,phyllite,barren,197,7,44.3,1727,361.6,0,0,6,True,1.0,minor,GSI-NLSM
LS-01745,2021-06-19,2021-22,AS,D-AS-09,Sonitpur,SEG-0062,NH-13-W,26.88919,92.6862,mudslide,toe_erosion,earth,quartzite,settlement,454,24,37.2,1247,11.7,0,0,1,True,1.0,minor,GSI-NLSM
LS-01746,2021-06-22,2021-22,AR,D-AR-09,Dibang Valley,SEG-0066,NH-315,28.02182,95.99186,rockfall,rainfall,rock,gneiss,forest,364,23,39.9,1099,470.7,0,0,4,True,6.6,moderate,SDMA
LS-01747,2022-09-01,2021-22,AR,D-AR-09,Dibang Valley,SEG-0066,NH-315,27.94986,96.13568,debris_flow,rainfall,debris,schist,forest,18592,53,51.2,1099,390.3,0,0,2,True,52.7,moderate,GSI-NLSM
LS-01748,2021-06-20,2021-22,TR,D-TR-01,West Tripura,SEG-0039,NH-8,24.03622,91.55107,mudslide,rainfall,earth,laterite,jhum_cultivation,2627,66,29.2,36,356.4,0,0,1,False,0.0,moderate,GSI-NLSM
LS-01749,2022-08-02,2021-22,TR,D-TR-02,North Tripura,SEG-0043,NH-8,24.37981,92.21345,translational_slide,rainfall,rock,laterite,jhum_cultivation,1329,27,17.6,34,581.3,0,0,1,True,6.7,moderate,NDMA
LS-01750,2022-06-02,2021-22,ML,D-ML-04,East Garo Hills,SEG-0020,NH-27-SPUR,25.45919,90.61283,rotational_slide,anthropogenic_cut,earth,laterite,agriculture,210,19,22.5,450,72.2,0,0,3,True,1.0,minor,SDMA
LS-01751,2022-04-07,2021-22,ML,D-ML-01,East Khasi Hills,SEG-0013,NH-6,25.70037,91.89806,debris_flow,rainfall,debris,gneiss,settlement,31093,179,50.1,1496,234.6,0,2,4,True,50.1,major,NDMA
LS-01752,2021-05-06,2021-22,ML,D-ML-01,East Khasi Hills,SEG-0013,NH-6,25.80428,91.8862,debris_flow,rainfall,debris,quartzite,forest,706,13,47.7,1496,680.6,0,0,4,True,1.0,minor,SDMA
LS-01753,2022-07-11,2021-22,ML,D-ML-01,East Khasi Hills,SEG-0013,NH-6,25.63749,91.88576,translational_slide,toe_erosion,rock,sandstone_shale,jhum_cultivation,1106,16,47.9,1496,98.7,0,0,3,True,1.9,minor,GSI-NLSM
LS-01754,2021-08-10,2021-22,ML,D-ML-01,East Khasi Hills,SEG-0014,NH-6,25.4871,92.11822,debris_flow,rainfall,debris,gneiss,road_cut,619,26,40.2,1438,520.2,0,0,0,False,0.0,minor,PWD-field
LS-01755,2022-08-27,2021-22,SK,D-SK-02,Mangan,SEG-0050,NH-310,27.57715,88.62261,rockfall,toe_erosion,rock,quartzite,settlement,6454,35,36.5,1250,125.2,0,0,1,False,0.0,moderate,PWD-field
LS-01756,2022-09-18,2021-22,AR,D-AR-06,West Siang,SEG-0060,NH-13,28.10815,94.59408,translational_slide,rainfall,rock,sandstone_shale,forest,3040,41,48.6,620,536.0,0,0,3,True,12.0,moderate,NDMA
LS-01757,2021-06-18,2021-22,WB,D-WB-01,Siliguri,SEG-0046,NH-10,27.05988,88.48967,debris_flow,anthropogenic_cut,debris,phyllite,forest,638,33,38.6,886,86.1,0,0,3,True,1.9,minor,GSI-NLSM
LS-01758,2022-06-28,2021-22,WB,D-WB-01,Siliguri,SEG-0046,NH-10,26.8129,88.41713,translational_slide,rainfall,rock,quartzite,barren,235,20,39.3,886,189.7,0,0,2,False,0.0,minor,SDMA
LS-01759,2022-08-01,2021-22,AS,D-AS-01,Kamrup Metropolitan,SEG-0012,NH-6,25.96268,91.83661,rockfall,rainfall,rock,sandstone_shale,forest,4080,66,22.8,775,424.6,1,3,5,True,25.5,major,GSI-NLSM
LS-01760,2022-07-06,2021-22,SK,D-SK-02,Mangan,SEG-0051,NH-310,27.65056,88.70832,translational_slide,seismic,rock,quartzite,settlement,238,21,49.7,1250,34.1,0,0,0,True,1.5,minor,GSI-NLSM
LS-01761,2022-06-19,2021-22,ML,D-ML-01,East Khasi Hills,SEG-0013,NH-6,25.73911,91.88877,rotational_slide,rainfall,earth,schist,jhum_cultivation,4797,76,39.2,1496,868.4,0,0,2,True,6.1,moderate,NDMA
LS-01762,2021-06-26,2021-22,ML,D-ML-01,East Khasi Hills,SEG-0013,NH-6,25.74093,91.87994,debris_flow,rainfall,debris,phyllite,jhum_cultivation,2441,27,41.7,1496,214.9,0,0,3,False,0.0,moderate,PWD-field
LS-01763,2022-06-04,2021-22,SK,D-SK-03,Namchi,SEG-0053,NH-510,27.1564,88.34975,rotational_slide,rainfall,earth,phyllite,barren,184,9,27.7,1675,127.8,0,0,0,False,0.0,minor,GSI-NLSM
LS-01764,2022-06-06,2021-22,AR,D-AR-06,West Siang,SEG-0061,NH-13,28.08793,95.22269,rotational_slide,rainfall,earth,quartzite,agriculture,1419,41,26.0,386,455.9,0,0,5,True,1.9,minor,GSI-NLSM
LS-01765,2022-08-14,2021-22,AR,D-AR-03,West Kameng,SEG-0064,NH-13-W,27.36816,92.2484,rotational_slide,rainfall,earth,quartzite,jhum_cultivation,8595,113,40.2,2731,600.0,0,0,2,True,10.0,moderate,GSI-NLSM
LS-01766,2021-06-26,2021-22,AR,D-AR-05,East Siang,SEG-0065,NH-315,28.0733,95.40861,debris_flow,rainfall,debris,schist,agriculture,454,16,34.3,1060,147.1,0,0,5,True,2.8,minor,NDMA
LS-01767,2021-03-21,2021-22,AR,D-AR-03,West Kameng,SEG-0064,NH-13-W,27.50978,91.99284,mudslide,rainfall,earth,sandstone_shale,barren,14058,135,29.3,2731,264.0,0,0,2,True,12.5,moderate,GSI-NLSM
LS-01768,2022-08-03,2021-22,TR,D-TR-02,North Tripura,SEG-0042,NH-8,24.34556,92.07918,rotational_slide,rainfall,earth,sandstone_shale,forest,3310,68,8.1,45,133.4,0,0,3,False,0.0,moderate,GSI-NLSM
LS-01769,2021-08-22,2021-22,ML,D-ML-01,East Khasi Hills,SEG-0014,NH-6,25.46272,92.15851,rockfall,rainfall,rock,sandstone_shale,settlement,120,10,22.5,1438,358.3,0,0,2,True,1.0,minor,SDMA
LS-01770,2021-08-02,2021-22,ML,D-ML-04,East Garo Hills,SEG-0020,NH-27-SPUR,25.44154,90.61781,rotational_slide,rainfall,earth,siltstone,jhum_cultivation,10704,118,19.3,450,626.7,0,0,6,True,15.1,moderate,PWD-field
LS-01771,2022-07-15,2021-22,ML,D-ML-03,West Garo Hills,SEG-0019,NH-27-SPUR,25.49537,90.49866,rotational_slide,rainfall,earth,siltstone,forest,388,10,15.1,337,200.9,0,0,5,False,0.0,minor,SDMA
LS-01772,2022-07-21,2021-22,AS,D-AS-08,Karbi Anglong,SEG-0068,NH-27-DH,25.69179,93.16025,translational_slide,rainfall,rock,sandstone_shale,settlement,1564,52,38.7,433,194.9,0,0,1,False,0.0,minor,GSI-NLSM
LS-01773,2022-08-27,2021-22,AR,D-AR-06,West Siang,SEG-0060,NH-13,28.08282,94.51996,rockfall,rainfall,rock,quartzite,jhum_cultivation,5352,66,42.2,620,273.9,0,0,6,True,22.2,moderate,PWD-field
LS-01774,2022-05-12,2021-22,ML,D-ML-03,West Garo Hills,SEG-0019,NH-27-SPUR,25.49638,90.57746,rotational_slide,rainfall,earth,laterite,settlement,2136,36,14.9,337,644.1,0,0,5,True,4.5,moderate,GSI-NLSM
LS-01775,2022-06-25,2021-22,NL,D-NL-02,Dimapur,SEG-0021,NH-2,25.70905,94.06717,translational_slide,rainfall,rock,phyllite,settlement,676,19,33.1,794,199.8,0,0,2,False,0.0,minor,NDMA
LS-01776,2021-07-01,2021-22,AR,D-AR-09,Dibang Valley,SEG-0066,NH-315,27.94025,96.12964,translational_slide,rainfall,rock,schist,road_cut,325,26,41.8,1099,594.4,0,0,1,False,0.0,minor,PWD-field
LS-01777,2022-08-16,2021-22,WB,D-WB-01,Siliguri,SEG-0046,NH-10,27.07354,88.49533,translational_slide,rainfall,rock,gneiss,road_cut,31,6,50.3,886,374.0,0,0,6,False,0.0,minor,PWD-field
LS-01778,2022-04-18,2021-22,AS,D-AS-07,Dima Hasao,SEG-0069,NH-27-DH,24.98995,92.8939,rockfall,toe_erosion,rock,sandstone_shale,forest,1425,46,30.1,352,5.1,0,0,1,False,0.0,minor,NDMA
LS-01779,2021-11-19,2021-22,SK,D-SK-03,Namchi,SEG-0053,NH-510,27.15281,88.35248,rockfall,rainfall,rock,gneiss,settlement,3568,62,22.3,1675,202.6,0,0,4,False,0.0,moderate,GSI-NLSM
LS-01780,2021-07-25,2021-22,ML,D-ML-01,East Khasi Hills,SEG-0014,NH-6,25.54235,91.95372,rotational_slide,rainfall,earth,gneiss,road_cut,559,34,38.9,1438,403.0,0,0,4,False,0.0,minor,GSI-NLSM
LS-01781,2021-07-17,2021-22,AR,D-AR-04,Lower Subansiri,SEG-0059,NH-13,27.77575,94.03247,rockfall,rainfall,rock,schist,settlement,984,19,38.6,1092,498.4,0,0,2,True,3.2,minor,GSI-NLSM
LS-01782,2021-07-25,2021-22,MN,D-MN-01,Imphal West,SEG-0032,NH-2-S,24.84496,93.98113,rockfall,rainfall,rock,sandstone_shale,forest,1463,39,46.3,1224,392.4,0,0,1,True,10.0,moderate,GSI-NLSM
LS-01783,2022-08-08,2021-22,SK,D-SK-01,Gangtok,SEG-0052,NH-510,27.16663,88.40091,rockfall,rainfall,rock,quartzite,barren,246,14,46.8,1662,594.9,0,0,5,True,2.3,minor,PWD-field
LS-01784,2022-07-21,2021-22,AR,D-AR-06,West Siang,SEG-0060,NH-13,28.12792,94.70463,translational_slide,toe_erosion,rock,phyllite,jhum_cultivation,2573,46,38.9,620,32.6,0,0,5,True,26.2,moderate,NDMA
LS-01785,2021-05-19,2021-22,ML,D-ML-01,East Khasi Hills,SEG-0013,NH-6,25.63762,91.89292,debris_flow,rainfall,debris,quartzite,forest,2097,20,35.8,1496,214.1,0,0,3,False,0.0,moderate,PWD-field
LS-01786,2022-07-20,2021-22,SK,D-SK-01,Gangtok,SEG-0047,NH-10,27.19471,88.51944,rockfall,rainfall,rock,quartzite,barren,920,14,28.0,1650,174.5,0,0,6,True,3.4,minor,GSI-NLSM
LS-01787,2021-05-06,2021-22,AR,D-AR-06,West Siang,SEG-0061,NH-13,28.07683,95.27463,mudslide,rainfall,earth,quartzite,settlement,475,18,34.2,386,447.4,0,0,6,True,1.0,minor,SDMA
LS-01788,2022-04-26,2021-22,ML,D-ML-01,East Khasi Hills,SEG-0013,NH-6,25.59747,91.89852,debris_flow,seismic,debris,sandstone_shale,forest,1265,20,44.4,1496,18.8,0,0,0,True,1.3,minor,PWD-field
LS-01789,2022-05-19,2021-22,MN,D-MN-01,Imphal West,SEG-0028,NH-37,24.96323,93.56868,rockfall,anthropogenic_cut,rock,sandstone_shale,settlement,1249,36,33.5,1023,64.2,0,0,4,True,1.9,minor,GSI-NLSM
LS-01790,2021-09-27,2021-22,MZ,D-MZ-05,Serchhip,SEG-0036,NH-306,23.19393,92.82908,translational_slide,rainfall,rock,phyllite,barren,1059,30,54.1,1084,148.3,0,0,0,True,3.3,minor,PWD-field
LS-01791,2022-05-16,2021-22,AR,D-AR-01,Papum Pare,SEG-0058,NH-13,27.28694,93.70953,rotational_slide,rainfall,earth,gneiss,road_cut,13454,57,26.8,1002,476.2,0,0,2,False,0.0,moderate,NDMA
LS-01792,2022-06-21,2021-22,NL,D-NL-02,Dimapur,SEG-0021,NH-2,25.84566,93.8267,rotational_slide,anthropogenic_cut,earth,sandstone_shale,settlement,4750,38,38.3,794,110.8,0,0,4,True,4.5,moderate,SDMA
LS-01793,2022-10-01,2021-22,SK,D-SK-03,Namchi,SEG-0054,NH-510,27.23018,88.30759,rotational_slide,rainfall,earth,sandstone_shale,jhum_cultivation,6005,96,31.8,1727,582.3,0,0,1,True,6.2,moderate,PWD-field
LS-01794,2022-07-22,2021-22,SK,D-SK-02,Mangan,SEG-0050,NH-310,27.58576,88.6209,debris_flow,rainfall,debris,phyllite,barren,1772,43,41.0,1250,487.9,0,0,5,True,3.0,minor,GSI-NLSM
LS-01795,2021-07-26,2021-22,NL,D-NL-02,Dimapur,SEG-0021,NH-2,25.78325,93.94912,debris_flow,rainfall,debris,gneiss,road_cut,453,27,36.1,794,375.2,0,0,1,True,1.0,minor,GSI-NLSM
LS-01796,2021-04-09,2021-22,ML,D-ML-01,East Khasi Hills,SEG-0014,NH-6,25.49279,92.11462,rockfall,anthropogenic_cut,rock,sandstone_shale,settlement,920,32,30.9,1438,42.3,0,0,6,False,0.0,minor,SDMA
LS-01797,2022-06-13,2021-22,ML,D-ML-01,East Khasi Hills,SEG-0013,NH-6,25.75523,91.8864,debris_flow,rainfall,debris,schist,forest,173,8,46.3,1496,817.7,0,0,2,False,0.0,minor,GSI-NLSM
LS-01798,2022-07-06,2021-22,AR,D-AR-04,Lower Subansiri,SEG-0059,NH-13,27.61402,93.88001,mudslide,rainfall,earth,quartzite,road_cut,2346,36,43.9,1092,175.4,0,0,6,False,0.0,moderate,PWD-field
LS-01799,2022-08-06,2021-22,MN,D-MN-02,Churachandpur,SEG-0031,NH-2-S,24.72775,93.89573,mudslide,rainfall,earth,schist,road_cut,3059,74,24.3,850,197.1,0,0,3,False,0.0,moderate,SDMA
LS-01800,2022-05-03,2021-22,AS,D-AS-08,Karbi Anglong,SEG-0068,NH-27-DH,25.60384,93.13876,rockfall,rainfall,rock,gneiss,barren,98990,121,46.0,433,439.7,0,1,11,True,643.2,major,PWD-field
LS-01801,2021-09-16,2021-22,SK,D-SK-04,Gyalshing,SEG-0055,NH-510,27.31481,88.24851,debris_flow,rainfall,debris,gneiss,agriculture,11894,120,35.6,1780,512.5,0,0,1,True,45.6,moderate,GSI-NLSM
LS-01802,2022-09-22,2021-22,AR,D-AR-09,Dibang Valley,SEG-0066,NH-315,28.06832,95.93783,rockfall,rainfall,rock,schist,jhum_cultivation,2270,41,42.4,1099,382.0,0,0,5,False,0.0,moderate,PWD-field
LS-01803,2022-07-14,2021-22,SK,D-SK-02,Mangan,SEG-0050,NH-310,27.55567,88.58736,earth_flow,rainfall,earth,gneiss,forest,1654,54,39.5,1250,313.8,0,0,5,False,0.0,minor,SDMA
LS-01804,2022-09-26,2021-22,SK,D-SK-01,Gangtok,SEG-0049,NH-310,27.42544,88.56576,rotational_slide,rainfall,earth,sandstone_shale,road_cut,5188,51,30.5,1450,549.9,0,0,5,False,0.0,moderate,GSI-NLSM
LS-01805,2021-04-23,2021-22,MZ,D-MZ-05,Serchhip,SEG-0036,NH-306,23.13056,92.80824,rockfall,rainfall,rock,quartzite,settlement,58578,100,45.4,1084,467.9,0,3,6,True,145.8,major,GSI-NLSM
LS-01806,2022-05-22,2021-22,NL,D-NL-01,Kohima,SEG-0025,NH-29,26.03433,94.23815,translational_slide,rainfall,rock,schist,agriculture,6261,101,43.2,1378,336.1,0,0,2,False,0.0,moderate,NDMA
LS-01807,2021-06-08,2021-22,SK,D-SK-01,Gangtok,SEG-0047,NH-10,27.20952,88.51886,rockfall,rainfall,rock,sandstone_shale,agriculture,834,22,42.2,1650,598.6,0,0,6,False,0.0,minor,SDMA
LS-01808,2021-07-01,2021-22,MN,D-MN-04,Tamenglong,SEG-0030,NH-37,24.82859,92.87698,translational_slide,rainfall,rock,phyllite,agriculture,8314,44,48.5,642,459.8,0,0,1,False,0.0,moderate,PWD-field
LS-01809,2022-04-01,2021-22,MZ,D-MZ-05,Serchhip,SEG-0036,NH-306,23.10136,92.79781,debris_flow,rainfall,debris,phyllite,settlement,448,19,49.4,1084,373.3,0,0,3,True,1.0,minor,NDMA
LS-01810,2021-07-27,2021-22,NL,D-NL-03,Mokokchung,SEG-0027,NH-29,26.30772,94.61824,rotational_slide,rainfall,earth,gneiss,jhum_cultivation,465,18,42.0,1348,245.0,0,0,4,True,1.0,minor,PWD-field
LS-01811,2021-08-10,2021-22,AR,D-AR-06,West Siang,SEG-0060,NH-13,28.02328,94.31535,debris_flow,rainfall,debris,phyllite,forest,143,9,41.4,620,342.8,0,0,4,False,0.0,minor,SDMA
LS-01812,2021-08-21,2021-22,AS,D-AS-09,Sonitpur,SEG-0062,NH-13-W,26.74965,92.76001,debris_flow,rainfall,debris,schist,agriculture,1813,52,39.7,1247,151.7,0,0,4,True,4.0,minor,SDMA
LS-01813,2021-03-26,2021-22,AS,D-AS-02,Nagaon,SEG-0070,NH-36,25.88483,93.35448,rotational_slide,anthropogenic_cut,earth,laterite,jhum_cultivation,756,32,14.8,123,71.6,0,0,3,True,1.0,minor,NDMA
LS-01814,2022-07-09,2021-22,AR,D-AR-03,West Kameng,SEG-0064,NH-13-W,27.50786,92.00042,translational_slide,anthropogenic_cut,rock,sandstone_shale,barren,280,27,43.2,2731,34.9,0,0,3,True,2.0,minor,GSI-NLSM
LS-01815,2022-04-21,2021-22,SK,D-SK-01,Gangtok,SEG-0052,NH-510,27.21878,88.47218,rotational_slide,rainfall,earth,phyllite,road_cut,3143,65,48.0,1662,327.7,0,0,2,True,3.7,moderate,SDMA
LS-01816,2022-12-19,2021-22,AR,D-AR-05,East Siang,SEG-0065,NH-315,28.10821,95.66391,debris_flow,rainfall,debris,sandstone_shale,agriculture,7542,55,32.9,1060,499.5,0,0,4,True,17.3,moderate,PWD-field
LS-01817,2022-06-09,2021-22,ML,D-ML-01,East Khasi Hills,SEG-0013,NH-6,25.74308,91.87708,rotational_slide,rainfall,earth,schist,forest,1461,27,46.6,1496,766.8,0,0,6,True,3.1,minor,GSI-NLSM
LS-01818,2022-08-16,2021-22,SK,D-SK-02,Mangan,SEG-0050,NH-310,27.51723,88.54794,rotational_slide,toe_erosion,earth,phyllite,barren,687,20,37.6,1250,38.0,0,0,1,False,0.0,minor,NDMA
LS-01819,2022-06-14,2021-22,SK,D-SK-01,Gangtok,SEG-0049,NH-310,27.48927,88.54779,debris_flow,anthropogenic_cut,debris,quartzite,agriculture,11115,53,35.3,1450,96.7,0,0,5,True,41.9,moderate,PWD-field
LS-01820,2021-08-07,2021-22,ML,D-ML-02,West Jaintia Hills,SEG-0015,NH-6,25.01028,92.48952,debris_flow,rainfall,debris,sandstone_shale,agriculture,100,17,38.3,701,273.9,0,0,0,True,1.0,minor,GSI-NLSM
LS-01821,2021-08-05,2021-22,AS,D-AS-07,Dima Hasao,SEG-0069,NH-27-DH,25.0226,92.90763,rockfall,rainfall,rock,quartzite,agriculture,17099,74,33.7,352,216.3,0,0,5,False,0.0,moderate,NDMA
LS-01822,2022-04-10,2021-22,NL,D-NL-03,Mokokchung,SEG-0027,NH-29,26.31003,94.61498,rotational_slide,rainfall,earth,schist,settlement,10294,71,46.4,1348,174.5,0,0,1,False,0.0,moderate,PWD-field
LS-01823,2022-08-09,2021-22,AS,D-AS-04,Dibrugarh,SEG-0011,NH-27,27.46641,94.97242,mudslide,rainfall,earth,alluvium,road_cut,1663,24,13.0,112,411.3,0,0,3,True,1.0,minor,SDMA
LS-01824,2021-07-20,2021-22,MZ,D-MZ-01,Aizawl,SEG-0037,NH-302,23.66875,92.88314,debris_flow,rainfall,debris,schist,jhum_cultivation,259,11,52.5,1405,315.7,2,4,6,True,4.3,major,GSI-NLSM
LS-01825,2021-09-12,2021-22,SK,D-SK-01,Gangtok,SEG-0052,NH-510,27.19532,88.44512,debris_flow,rainfall,debris,sandstone_shale,settlement,1002,21,43.1,1662,607.1,0,0,1,True,2.7,minor,PWD-field
LS-01826,2021-06-20,2021-22,SK,D-SK-02,Mangan,SEG-0050,NH-310,27.57798,88.60858,rotational_slide,rainfall,earth,phyllite,forest,4005,78,45.8,1250,284.1,0,0,5,True,21.9,moderate,SDMA
LS-01827,2021-05-15,2021-22,NL,D-NL-04,Wokha,SEG-0026,NH-29,26.16364,94.34024,translational_slide,rainfall,rock,quartzite,jhum_cultivation,1863,59,41.3,1319,278.3,0,0,3,True,6.8,moderate,PWD-field
LS-01828,2021-07-07,2021-22,ML,D-ML-01,East Khasi Hills,SEG-0013,NH-6,25.71711,91.8914,rockfall,rainfall,rock,quartzite,jhum_cultivation,66,13,38.4,1496,317.1,0,0,6,False,0.0,minor,GSI-NLSM
LS-01829,2022-06-26,2021-22,SK,D-SK-01,Gangtok,SEG-0052,NH-510,27.20567,88.43979,mudslide,toe_erosion,earth,phyllite,jhum_cultivation,46505,159,42.5,1662,128.7,0,4,7,True,117.4,major,PWD-field
LS-01830,2021-04-15,2021-22,AR,D-AR-03,West Kameng,SEG-0063,NH-13-W,27.21568,92.45575,translational_slide,seismic,rock,schist,jhum_cultivation,4101,55,32.5,2415,15.8,0,0,2,True,7.3,moderate,GSI-NLSM
LS-01831,2021-06-19,2021-22,SK,D-SK-01,Gangtok,SEG-0047,NH-10,27.19379,88.52334,debris_flow,rainfall,debris,phyllite,road_cut,2290,65,26.6,1650,281.7,0,0,4,True,9.8,moderate,SDMA
LS-01832,2021-07-09,2021-22,TR,D-TR-01,West Tripura,SEG-0039,NH-8,24.02367,91.54482,debris_flow,rainfall,debris,phyllite,forest,1375,52,17.4,36,327.1,0,0,1,True,1.0,minor,NDMA
LS-01833,2021-07-13,2021-22,ML,D-ML-02,West Jaintia Hills,SEG-0015,NH-6,25.20347,92.35637,rockfall,rainfall,rock,gneiss,forest,37214,95,39.3,701,363.1,0,0,27,True,121.2,major,SDMA
LS-01834,2021-04-10,2021-22,ML,D-ML-01,East Khasi Hills,SEG-0013,NH-6,25.67718,91.88841,translational_slide,toe_erosion,rock,gneiss,forest,2097,56,52.8,1496,4.5,0,0,0,False,0.0,moderate,GSI-NLSM
LS-01835,2021-06-01,2021-22,AS,D-AS-08,Karbi Anglong,SEG-0071,NH-36,25.8824,93.61419,rockfall,seismic,rock,phyllite,settlement,1976,31,13.8,165,126.5,0,0,2,False,0.0,minor,GSI-NLSM
LS-01836,2021-06-16,2021-22,SK,D-SK-01,Gangtok,SEG-0052,NH-510,27.2425,88.49625,debris_flow,rainfall,debris,phyllite,forest,1096,17,44.0,1662,500.7,0,0,6,True,6.6,moderate,PWD-field
LS-01837,2022-06-01,2021-22,SK,D-SK-01,Gangtok,SEG-0047,NH-10,27.18667,88.52283,translational_slide,anthropogenic_cut,rock,schist,agriculture,7350,79,28.6,1650,62.3,0,0,4,True,16.7,moderate,GSI-NLSM
LS-01838,2022-08-09,2021-22,NL,D-NL-01,Kohima,SEG-0022,NH-2,25.66725,94.10492,rockfall,anthropogenic_cut,rock,schist,settlement,4375,73,31.1,1252,64.4,0,0,6,True,27.1,moderate,GSI-NLSM
LS-01839,2022-10-04,2021-22,MZ,D-MZ-05,Serchhip,SEG-0036,NH-306,23.11721,92.79354,rockfall,rainfall,rock,phyllite,jhum_cultivation,753,31,41.1,1084,463.1,0,0,0,True,2.0,minor,GSI-NLSM
LS-01840,2021-07-02,2021-22,SK,D-SK-03,Namchi,SEG-0054,NH-510,27.2032,88.32371,translational_slide,rainfall,rock,quartzite,barren,2947,46,47.2,1727,361.0,1,2,4,False,0.0,major,GSI-NLSM
LS-01841,2021-07-28,2021-22,SK,D-SK-03,Namchi,SEG-0053,NH-510,27.13776,88.32877,earth_flow,rainfall,earth,sandstone_shale,road_cut,2458,45,21.5,1675,218.3,0,0,1,False,0.0,moderate,NDMA
LS-01842,2022-05-11,2021-22,NL,D-NL-03,Mokokchung,SEG-0027,NH-29,26.30927,94.56531,translational_slide,toe_erosion,rock,gneiss,road_cut,340,27,43.3,1348,98.5,0,0,1,False,0.0,minor,GSI-NLSM
LS-01843,2021-06-27,2021-22,AS,D-AS-07,Dima Hasao,SEG-0069,NH-27-DH,25.0153,92.90352,translational_slide,rainfall,rock,gneiss,forest,13241,126,18.4,352,233.0,0,0,2,True,121.0,major,GSI-NLSM
LS-01844,2022-07-28,2021-22,AR,D-AR-06,West Siang,SEG-0060,NH-13,28.03612,94.35399,debris_flow,rainfall,debris,quartzite,forest,651,33,46.3,620,344.9,0,0,1,False,0.0,minor,NDMA
LS-01845,2022-09-01,2021-22,ML,D-ML-02,West Jaintia Hills,SEG-0015,NH-6,25.29598,92.30047,debris_flow,rainfall,debris,gneiss,barren,1734,22,28.2,701,725.9,0,0,5,True,3.4,minor,GSI-NLSM
LS-01846,2021-07-21,2021-22,MZ,D-MZ-05,Serchhip,SEG-0036,NH-306,22.93534,92.75245,rockfall,rainfall,rock,gneiss,agriculture,275,11,45.4,1084,617.0,0,0,3,False,0.0,minor,GSI-NLSM
LS-01847,2022-03-18,2021-22,MZ,D-MZ-05,Serchhip,SEG-0036,NH-306,23.1788,92.82561,translational_slide,rainfall,rock,gneiss,barren,1303,19,37.4,1084,476.1,0,0,4,True,3.6,minor,PWD-field
LS-01848,2021-08-11,2021-22,ML,D-ML-02,West Jaintia Hills,SEG-0015,NH-6,24.95446,92.54545,rockfall,rainfall,rock,phyllite,agriculture,41,6,38.2,701,372.3,0,0,5,True,1.0,minor,SDMA
LS-01849,2022-05-14,2021-22,AS,D-AS-07,Dima Hasao,SEG-0069,NH-27-DH,25.00803,92.91654,debris_flow,rainfall,debris,sandstone_shale,forest,870,26,22.5,352,193.1,0,0,0,True,3.2,minor,PWD-field
LS-01850,2021-07-04,2021-22,AS,D-AS-07,Dima Hasao,SEG-0069,NH-27-DH,25.02162,92.91601,rockfall,anthropogenic_cut,rock,quartzite,settlement,435,25,22.4,352,56.1,0,0,3,True,2.9,minor,GSI-NLSM
LS-01851,2022-06-13,2021-22,ML,D-ML-03,West Garo Hills,SEG-0019,NH-27-SPUR,25.50094,90.4413,rockfall,rainfall,rock,sandstone_shale,settlement,4856,39,10.8,337,830.1,0,0,3,False,0.0,moderate,NDMA
LS-01852,2021-07-28,2021-22,MN,D-MN-01,Imphal West,SEG-0028,NH-37,24.84221,93.882,debris_flow,rainfall,debris,phyllite,jhum_cultivation,38187,96,47.0,1023,294.6,0,3,40,True,105.5,major,PWD-field
LS-01853,2021-06-12,2021-22,NL,D-NL-02,Dimapur,SEG-0021,NH-2,25.81741,93.88212,earth_flow,rainfall,earth,quartzite,barren,6405,50,39.2,794,274.3,0,0,1,True,10.2,moderate,NDMA
LS-01854,2021-07-17,2021-22,AR,D-AR-06,West Siang,SEG-0060,NH-13,28.10832,94.58034,debris_flow,anthropogenic_cut,debris,schist,settlement,1531,18,50.9,620,43.9,0,0,5,True,3.6,minor,NDMA
LS-01855,2021-09-13,2021-22,MN,D-MN-01,Imphal West,SEG-0028,NH-37,24.94844,93.59861,rotational_slide,rainfall,earth,sandstone_shale,settlement,1120,19,39.0,1023,251.5,0,0,6,False,0.0,minor,NDMA
LS-01856,2021-06-02,2021-22,AS,D-AS-01,Kamrup Metropolitan,SEG-0012,NH-6,25.94173,91.84895,rotational_slide,rainfall,earth,schist,road_cut,502,21,37.1,775,200.7,0,0,4,True,1.0,minor,NDMA
LS-01857,2021-06-24,2021-22,NL,D-NL-03,Mokokchung,SEG-0027,NH-29,26.28924,94.75077,rotational_slide,rainfall,earth,gneiss,settlement,7503,76,46.3,1348,208.4,0,0,3,False,0.0,moderate,GSI-NLSM
LS-01858,2022-04-26,2021-22,ML,D-ML-01,East Khasi Hills,SEG-0013,NH-6,25.86609,91.8903,translational_slide,rainfall,rock,schist,settlement,9068,66,42.0,1496,657.4,0,0,5,False,0.0,moderate,SDMA
LS-01859,2021-04-28,2021-22,ML,D-ML-02,West Jaintia Hills,SEG-0015,NH-6,25.3687,92.26396,translational_slide,rainfall,rock,phyllite,jhum_cultivation,1234,45,28.8,701,823.0,0,0,1,True,1.6,minor,GSI-NLSM
LS-01860,2021-06-18,2021-22,AR,D-AR-06,West Siang,SEG-0061,NH-13,28.14429,94.88238,translational_slide,rainfall,rock,schist,barren,1033,18,24.8,386,220.3,0,0,6,True,7.2,moderate,GSI-NLSM
LS-01861,2021-06-27,2021-22,ML,D-ML-04,East Garo Hills,SEG-0020,NH-27-SPUR,25.42329,90.62417,translational_slide,rainfall,rock,phyllite,jhum_cultivation,843,41,22.3,450,215.6,0,0,5,True,1.7,minor,GSI-NLSM
LS-01862,2021-07-24,2021-22,ML,D-ML-01,East Khasi Hills,SEG-0014,NH-6,25.57039,91.94361,rockfall,rainfall,rock,schist,barren,36072,118,37.2,1438,258.7,0,0,22,True,190.8,major,NDMA
LS-01863,2022-06-20,2021-22,AR,D-AR-03,West Kameng,SEG-0064,NH-13-W,27.47605,92.05408,rockfall,rainfall,rock,schist,jhum_cultivation,1122,42,34.6,2731,174.5,0,0,6,True,5.2,minor,SDMA
LS-01864,2021-05-06,2021-22,AR,D-AR-03,West Kameng,SEG-0064,NH-13-W,27.505,91.98387,debris_flow,rainfall,debris,phyllite,agriculture,1480,35,39.0,2731,125.1,0,0,3,True,1.9,minor,NDMA
LS-01865,2022-02-13,2021-22,MN,D-MN-01,Imphal West,SEG-0032,NH-2-S,24.98992,94.26495,translational_slide,anthropogenic_cut,rock,gneiss,agriculture,7815,99,36.2,1224,129.8,0,0,2,True,37.6,moderate,GSI-NLSM
LS-01866,2021-09-20,2021-22,SK,D-SK-01,Gangtok,SEG-0048,NH-10,27.3211,88.58161,debris_flow,rainfall,debris,quartzite,barren,5662,50,41.7,1650,288.6,0,0,1,False,0.0,moderate,GSI-NLSM
LS-01867,2022-06-04,2021-22,WB,D-WB-01,Siliguri,SEG-0046,NH-10,27.11258,88.50236,debris_flow,anthropogenic_cut,debris,quartzite,road_cut,323,26,39.4,886,94.3,0,0,0,True,1.0,minor,NDMA
LS-01868,2022-08-03,2021-22,NL,D-NL-03,Mokokchung,SEG-0027,NH-29,26.2811,94.77572,rotational_slide,rainfall,earth,schist,jhum_cultivation,757,15,32.3,1348,397.9,0,0,0,True,1.0,minor,SDMA
LS-01869,2021-05-16,2021-22,ML,D-ML-03,West Garo Hills,SEG-0019,NH-27-SPUR,25.48844,90.52089,rotational_slide,rainfall,earth,siltstone,settlement,5462,56,16.5,337,814.1,0,0,5,True,4.0,moderate,PWD-field
LS-01870,2021-06-12,2021-22,ML,D-ML-01,East Khasi Hills,SEG-0014,NH-6,25.52511,92.03617,translational_slide,rainfall,rock,gneiss,road_cut,8558,49,39.5,1438,188.2,0,0,5,False,0.0,moderate,NDMA
LS-01871,2021-07-12,2021-22,MN,D-MN-04,Tamenglong,SEG-0030,NH-37,24.81566,92.88257,mudslide,rainfall,earth,phyllite,agriculture,1626,36,36.7,642,395.9,0,0,2,True,3.3,minor,GSI-NLSM
LS-01872,2021-12-19,2021-22,SK,D-SK-01,Gangtok,SEG-0047,NH-10,27.20037,88.51495,mudslide,anthropogenic_cut,earth,gneiss,jhum_cultivation,2592,34,25.4,1650,81.1,0,0,1,True,1.0,moderate,GSI-NLSM
LS-01873,2021-09-27,2021-22,WB,D-WB-01,Siliguri,SEG-0046,NH-10,26.76168,88.40783,debris_flow,rainfall,debris,gneiss,settlement,5020,72,40.0,886,298.5,0,0,0,False,0.0,moderate,SDMA
LS-01874,2022-08-12,2021-22,SK,D-SK-01,Gangtok,SEG-0049,NH-310,27.39486,88.57699,rotational_slide,rainfall,earth,gneiss,jhum_cultivation,978,25,27.8,1450,405.4,0,0,6,True,1.8,minor,GSI-NLSM
LS-01875,2021-07-16,2021-22,NL,D-NL-01,Kohima,SEG-0022,NH-2,25.62134,94.10964,rockfall,rainfall,rock,sandstone_shale,forest,1404,23,35.2,1252,364.2,0,0,5,False,0.0,minor,NDMA
LS-01876,2021-07-27,2021-22,AS,D-AS-09,Sonitpur,SEG-0062,NH-13-W,26.66549,92.79191,earth_flow,rainfall,earth,phyllite,road_cut,1988,24,30.9,1247,546.3,5,10,3,True,13.4,catastrophic,PWD-field
LS-01877,2022-07-09,2021-22,MN,D-MN-05,Senapati,SEG-0024,NH-2,25.15772,93.99614,rockfall,anthropogenic_cut,rock,schist,road_cut,1886,50,25.3,923,91.6,0,0,5,False,0.0,minor,GSI-NLSM
LS-01878,2021-05-15,2021-22,SK,D-SK-01,Gangtok,SEG-0047,NH-10,27.19095,88.51467,debris_flow,rainfall,debris,phyllite,forest,7995,84,23.8,1650,428.8,0,0,1,False,0.0,moderate,SDMA
LS-01879,2022-12-08,2021-22,AS,D-AS-08,Karbi Anglong,SEG-0068,NH-27-DH,25.59531,93.14086,debris_flow,rainfall,debris,gneiss,road_cut,1208,40,46.8,433,292.5,0,0,1,True,4.3,minor,PWD-field
LS-01880,2021-05-06,2021-22,ML,D-ML-01,East Khasi Hills,SEG-0013,NH-6,25.79555,91.88109,debris_flow,rainfall,debris,sandstone_shale,settlement,13680,111,51.5,1496,466.9,0,0,2,False,0.0,moderate,SDMA
LS-01881,2022-08-25,2021-22,NL,D-NL-01,Kohima,SEG-0025,NH-29,25.99894,94.22299,debris_flow,rainfall,debris,phyllite,road_cut,7181,106,54.7,1378,188.5,0,0,6,False,0.0,moderate,NDMA
LS-01882,2022-06-23,2021-22,WB,D-WB-01,Siliguri,SEG-0046,NH-10,26.95454,88.46292,rotational_slide,rainfall,earth,sandstone_shale,forest,7653,70,44.1,886,511.8,0,0,5,True,9.2,moderate,NDMA
LS-01883,2022-06-07,2021-22,AR,D-AR-03,West Kameng,SEG-0064,NH-13-W,27.33022,92.32845,translational_slide,rainfall,rock,phyllite,barren,27543,174,31.9,2731,486.7,0,4,31,True,81.2,major,PWD-field
LS-01884,2021-07-18,2021-22,TR,D-TR-02,North Tripura,SEG-0043,NH-8,24.41524,92.28631,translational_slide,rainfall,rock,siltstone,forest,814,13,31.5,34,578.3,0,0,6,True,2.4,minor,SDMA
LS-01885,2022-07-17,2021-22,AS,D-AS-08,Karbi Anglong,SEG-0068,NH-27-DH,25.52608,93.1149,translational_slide,rainfall,rock,sandstone_shale,settlement,638,23,38.1,433,542.4,0,0,3,False,0.0,minor,PWD-field
LS-01886,2022-07-17,2021-22,MN,D-MN-01,Imphal West,SEG-0032,NH-2-S,24.8831,94.06665,rotational_slide,rainfall,earth,sandstone_shale,agriculture,20255,80,48.3,1224,374.8,0,0,2,True,80.8,major,NDMA
LS-01887,2021-09-06,2021-22,NL,D-NL-04,Wokha,SEG-0026,NH-29,26.14533,94.31334,rockfall,rainfall,rock,sandstone_shale,barren,205,15,40.7,1319,417.1,0,0,5,True,1.0,minor,NDMA
LS-01888,2021-05-28,2021-22,SK,D-SK-02,Mangan,SEG-0050,NH-310,27.58043,88.607,rotational_slide,rainfall,earth,sandstone_shale,settlement,16864,131,35.7,1250,159.3,0,0,6,False,0.0,moderate,GSI-NLSM
LS-01889,2022-04-08,2021-22,AR,D-AR-06,West Siang,SEG-0061,NH-13,28.12987,95.00843,rotational_slide,rainfall,earth,sandstone_shale,agriculture,2210,26,27.9,386,272.9,0,0,2,False,0.0,moderate,GSI-NLSM
LS-01890,2022-08-22,2021-22,SK,D-SK-03,Namchi,SEG-0053,NH-510,27.12322,88.33216,rockfall,rainfall,rock,quartzite,barren,9159,119,26.5,1675,254.9,0,0,2,True,101.0,major,NDMA
LS-01891,2021-08-25,2021-22,SK,D-SK-04,Gyalshing,SEG-0055,NH-510,27.34441,88.23094,debris_flow,rainfall,debris,sandstone_shale,barren,130,7,48.8,1780,223.4,0,0,2,False,0.0,minor,SDMA
LS-01892,2022-01-27,2021-22,AR,D-AR-06,West Siang,SEG-0061,NH-13,28.08959,95.25446,rockfall,rainfall,rock,phyllite,agriculture,1139,21,40.1,386,369.2,0,0,2,False,0.0,minor,GSI-NLSM
LS-01893,2021-08-26,2021-22,MZ,D-MZ-01,Aizawl,SEG-0035,NH-306,23.49827,92.79284,debris_flow,anthropogenic_cut,debris,phyllite,settlement,1002,38,22.3,1216,24.0,0,0,2,True,1.0,minor,GSI-NLSM
LS-01894,2021-04-02,2021-22,NL,D-NL-02,Dimapur,SEG-0021,NH-2,25.77447,93.94084,debris_flow,rainfall,debris,phyllite,agriculture,235,10,31.7,794,213.5,0,0,3,True,1.0,minor,GSI-NLSM
LS-01895,2021-06-24,2021-22,MZ,D-MZ-01,Aizawl,SEG-0035,NH-306,23.55542,92.77311,debris_flow,rainfall,debris,schist,barren,1679,48,26.4,1216,158.0,0,0,4,False,0.0,minor,NDMA
LS-01896,2021-08-27,2021-22,AR,D-AR-04,Lower Subansiri,SEG-0059,NH-13,27.94212,94.18164,rockfall,rainfall,rock,gneiss,barren,2625,35,37.3,1092,382.4,1,0,5,False,0.0,major,NDMA
LS-01897,2021-05-10,2021-22,MN,D-MN-04,Tamenglong,SEG-0029,NH-37,24.87959,93.26472,rockfall,rainfall,rock,phyllite,forest,546,17,18.1,1260,325.9,0,0,4,False,0.0,minor,GSI-NLSM
LS-01898,2021-06-03,2021-22,ML,D-ML-02,West Jaintia Hills,SEG-0015,NH-6,24.93838,92.53706,rockfall,rainfall,rock,sandstone_shale,agriculture,1028,45,28.8,701,465.0,0,0,6,False,0.0,minor,PWD-field
LS-01899,2022-06-22,2021-22,SK,D-SK-02,Mangan,SEG-0050,NH-310,27.54645,88.56546,mudslide,rainfall,earth,phyllite,settlement,6975,93,47.0,1250,323.1,0,0,3,True,24.6,moderate,SDMA
LS-01900,2021-09-20,2021-22,ML,D-ML-01,East Khasi Hills,SEG-0013,NH-6,25.79942,91.88928,earth_flow,rainfall,earth,gneiss,jhum_cultivation,2030,26,49.3,1496,798.6,0,0,6,False,0.0,moderate,SDMA
LS-01901,2021-07-25,2021-22,MZ,D-MZ-01,Aizawl,SEG-0037,NH-302,23.59502,93.04701,rockfall,rainfall,rock,phyllite,forest,1972,20,36.1,1405,479.2,0,0,0,False,0.0,minor,GSI-NLSM
LS-01902,2022-07-17,2021-22,AR,D-AR-04,Lower Subansiri,SEG-0059,NH-13,27.74724,94.0037,rockfall,rainfall,rock,phyllite,forest,447,22,35.4,1092,514.5,2,0,5,False,0.0,major,GSI-NLSM
LS-01903,2021-08-27,2021-22,ML,D-ML-03,West Garo Hills,SEG-0019,NH-27-SPUR,25.50712,90.33561,rockfall,toe_erosion,rock,sandstone_shale,jhum_cultivation,2344,63,28.7,337,112.5,0,0,2,False,0.0,moderate,PWD-field
LS-01904,2021-07-08,2021-22,MN,D-MN-01,Imphal West,SEG-0028,NH-37,24.90419,93.71317,rockfall,rainfall,rock,gneiss,road_cut,7095,73,34.4,1023,400.5,0,0,2,True,39.3,moderate,NDMA
LS-01905,2022-09-24,2021-22,AR,D-AR-06,West Siang,SEG-0060,NH-13,28.01669,94.33368,debris_flow,rainfall,debris,gneiss,agriculture,553,19,43.8,620,220.4,0,0,6,True,1.0,minor,SDMA
LS-01906,2021-09-12,2021-22,AR,D-AR-09,Dibang Valley,SEG-0066,NH-315,27.98708,96.04804,debris_flow,rainfall,debris,gneiss,settlement,1039,16,46.4,1099,227.9,0,0,5,True,3.9,minor,SDMA
LS-01907,2023-10-27,2023-24,SK,D-SK-04,Gyalshing,SEG-0055,NH-510,27.35554,88.23274,debris_flow,rainfall,debris,phyllite,jhum_cultivation,4091,77,44.8,1780,550.4,0,0,3,True,9.2,moderate,SDMA
LS-01908,2024-10-24,2023-24,SK,D-SK-02,Mangan,SEG-0050,NH-310,27.58236,88.61724,rockfall,rainfall,rock,quartzite,barren,4942,71,44.9,1250,209.0,0,0,3,True,26.9,moderate,GSI-NLSM
LS-01909,2023-06-09,2023-24,AR,D-AR-09,Dibang Valley,SEG-0066,NH-315,27.93844,96.13508,rockfall,rainfall,rock,gneiss,jhum_cultivation,94,13,49.4,1099,339.9,0,0,1,True,1.0,minor,PWD-field
LS-01910,2024-05-04,2023-24,AR,D-AR-09,Dibang Valley,SEG-0066,NH-315,27.92709,96.13454,debris_flow,rainfall,debris,gneiss,forest,467,33,52.3,1099,294.6,0,0,0,True,2.8,minor,PWD-field
LS-01911,2023-06-21,2023-24,MZ,D-MZ-04,Kolasib,SEG-0034,NH-306,23.78784,92.71694,translational_slide,rainfall,rock,sandstone_shale,jhum_cultivation,7573,90,42.7,891,139.7,0,0,2,False,0.0,moderate,SDMA
LS-01912,2024-05-17,2023-24,AS,D-AS-01,Kamrup Metropolitan,SEG-0012,NH-6,26.02697,91.81709,rockfall,rainfall,rock,sandstone_shale,road_cut,1018,26,26.6,775,353.8,0,0,3,False,0.0,minor,GSI-NLSM
LS-01913,2024-10-12,2023-24,AR,D-AR-04,Lower Subansiri,SEG-0059,NH-13,27.8046,94.04987,debris_flow,rainfall,debris,sandstone_shale,agriculture,517,12,32.4,1092,144.9,0,0,5,True,1.0,minor,SDMA
LS-01914,2024-07-26,2023-24,AS,D-AS-01,Kamrup Metropolitan,SEG-0012,NH-6,26.06343,91.78136,debris_flow,rainfall,debris,schist,agriculture,3541,60,32.0,775,543.7,0,0,2,False,0.0,moderate,PWD-field
LS-01915,2023-09-05,2023-24,AR,D-AR-03,West Kameng,SEG-0063,NH-13-W,27.05641,92.5952,translational_slide,rainfall,rock,phyllite,jhum_cultivation,4419,34,22.0,2415,124.8,0,0,3,False,0.0,moderate,GSI-NLSM
LS-01916,2023-07-16,2023-24,SK,D-SK-01,Gangtok,SEG-0052,NH-510,27.27607,88.5182,debris_flow,anthropogenic_cut,debris,quartzite,barren,2829,31,51.6,1662,88.2,0,0,4,False,0.0,moderate,SDMA
LS-01917,2024-05-14,2023-24,ML,D-ML-01,East Khasi Hills,SEG-0013,NH-6,25.72099,91.88799,debris_flow,rainfall,debris,sandstone_shale,forest,9669,111,34.9,1496,899.4,0,0,3,False,0.0,moderate,SDMA
LS-01918,2023-06-13,2023-24,SK,D-SK-01,Gangtok,SEG-0048,NH-10,27.2729,88.53775,translational_slide,rainfall,rock,gneiss,road_cut,3727,34,32.5,1650,587.6,0,0,3,False,0.0,moderate,NDMA
LS-01919,2023-02-08,2023-24,SK,D-SK-01,Gangtok,SEG-0047,NH-10,27.22369,88.51295,rotational_slide,rainfall,earth,schist,agriculture,1161,40,35.4,1650,535.9,0,0,0,False,0.0,minor,NDMA
LS-01920,2024-07-18,2023-24,SK,D-SK-03,Namchi,SEG-0053,NH-510,27.14015,88.34401,debris_flow,rainfall,debris,quartzite,jhum_cultivation,34365,86,35.7,1675,612.1,0,0,32,True,90.4,major,GSI-NLSM
LS-01921,2024-07-14,2023-24,NL,D-NL-03,Mokokchung,SEG-0027,NH-29,26.30509,94.67898,rockfall,rainfall,rock,phyllite,road_cut,20535,154,49.3,1348,296.6,0,0,6,False,0.0,moderate,PWD-field
LS-01922,2023-03-18,2023-24,SK,D-SK-02,Mangan,SEG-0050,NH-310,27.58635,88.63577,translational_slide,rainfall,rock,gneiss,settlement,16117,82,34.8,1250,559.5,0,0,1,False,0.0,moderate,PWD-field
LS-01923,2024-07-26,2023-24,ML,D-ML-01,East Khasi Hills,SEG-0014,NH-6,25.52189,92.04174,rockfall,rainfall,rock,schist,agriculture,1557,19,39.3,1438,856.2,0,0,5,False,0.0,minor,SDMA
LS-01924,2023-05-19,2023-24,ML,D-ML-01,East Khasi Hills,SEG-0013,NH-6,25.65297,91.89325,translational_slide,anthropogenic_cut,rock,gneiss,settlement,1579,35,43.5,1496,5.5,0,0,0,True,2.5,minor,GSI-NLSM
LS-01925,2023-06-20,2023-24,ML,D-ML-04,East Garo Hills,SEG-0020,NH-27-SPUR,25.41374,90.61556,debris_flow,toe_erosion,debris,phyllite,jhum_cultivation,1154,26,21.0,450,99.6,0,0,5,False,0.0,minor,PWD-field
LS-01926,2024-06-12,2023-24,AS,D-AS-08,Karbi Anglong,SEG-0071,NH-36,25.87739,93.57931,earth_flow,rainfall,earth,phyllite,forest,532,18,28.8,165,541.0,0,0,3,True,1.0,minor,GSI-NLSM
LS-01927,2024-05-28,2023-24,SK,D-SK-04,Gyalshing,SEG-0055,NH-510,27.32499,88.25544,debris_flow,anthropogenic_cut,debris,schist,road_cut,8676,44,38.7,1780,43.1,0,0,3,True,39.5,moderate,SDMA
LS-01928,2023-06-25,2023-24,AR,D-AR-03,West Kameng,SEG-0064,NH-13-W,27.42862,92.1358,rotational_slide,rainfall,earth,quartzite,barren,10450,58,34.1,2731,400.6,0,0,2,True,26.4,moderate,NDMA
LS-01929,2023-07-07,2023-24,ML,D-ML-01,East Khasi Hills,SEG-0013,NH-6,25.74333,91.89338,debris_flow,rainfall,debris,gneiss,road_cut,404,17,47.9,1496,194.6,0,0,1,True,1.0,minor,GSI-NLSM
LS-01930,2024-06-07,2023-24,MZ,D-MZ-01,Aizawl,SEG-0035,NH-306,23.54368,92.76552,rockfall,rainfall,rock,gneiss,jhum_cultivation,577,36,26.4,1216,445.7,0,0,5,True,2.1,minor,NDMA
LS-01931,2023-09-18,2023-24,MN,D-MN-01,Imphal West,SEG-0032,NH-2-S,25.03547,94.32424,rockfall,toe_erosion,rock,gneiss,forest,852,25,36.7,1224,98.3,0,0,1,False,0.0,minor,NDMA
LS-01932,2023-07-11,2023-24,NL,D-NL-01,Kohima,SEG-0025,NH-29,26.03505,94.24171,rockfall,rainfall,rock,gneiss,forest,1057,47,48.8,1378,513.8,0,0,3,False,0.0,minor,GSI-NLSM
LS-01933,2023-04-10,2023-24,SK,D-SK-01,Gangtok,SEG-0052,NH-510,27.15803,88.38462,rockfall,rainfall,rock,sandstone_shale,forest,674,33,42.0,1662,406.0,0,0,0,True,2.8,minor,NDMA
LS-01934,2024-04-09,2023-24,MN,D-MN-01,Imphal West,SEG-0028,NH-37,24.84758,93.86045,rockfall,toe_erosion,rock,gneiss,agriculture,449,28,49.2,1023,100.0,0,0,0,True,1.0,minor,PWD-field
LS-01935,2024-07-06,2023-24,SK,D-SK-03,Namchi,SEG-0053,NH-510,27.1153,88.32474,earth_flow,rainfall,earth,sandstone_shale,jhum_cultivation,15315,73,25.6,1675,170.9,0,0,2,False,0.0,moderate,PWD-field
LS-01936,2023-10-13,2023-24,SK,D-SK-01,Gangtok,SEG-0052,NH-510,27.18809,88.42158,debris_flow,rainfall,debris,phyllite,settlement,7345,47,41.7,1662,406.3,0,0,3,True,10.5,moderate,GSI-NLSM
LS-01937,2024-06-09,2023-24,AR,D-AR-09,Dibang Valley,SEG-0066,NH-315,27.93122,96.139,rockfall,anthropogenic_cut,rock,phyllite,road_cut,1912,42,49.5,1099,97.1,0,0,5,True,12.5,moderate,PWD-field
LS-01938,2023-06-23,2023-24,MN,D-MN-05,Senapati,SEG-0023,NH-2,25.42177,94.09289,mudslide,rainfall,earth,schist,jhum_cultivation,74,8,34.0,1061,559.1,0,0,5,False,0.0,minor,GSI-NLSM
LS-01939,2023-09-19,2023-24,AR,D-AR-04,Lower Subansiri,SEG-0059,NH-13,27.59094,93.87384,translational_slide,rainfall,rock,sandstone_shale,settlement,12227,82,36.3,1092,243.0,0,0,0,True,45.7,moderate,SDMA
LS-01940,2024-06-18,2023-24,AS,D-AS-09,Sonitpur,SEG-0062,NH-13-W,26.84609,92.71734,debris_flow,rainfall,debris,sandstone_shale,road_cut,6443,31,39.0,1247,401.1,0,0,5,True,10.3,moderate,SDMA
LS-01941,2023-04-27,2023-24,ML,D-ML-01,East Khasi Hills,SEG-0013,NH-6,25.6583,91.88993,debris_flow,rainfall,debris,schist,barren,14253,127,43.6,1496,667.8,0,0,1,True,21.9,moderate,PWD-field
LS-01942,2023-05-04,2023-24,ML,D-ML-01,East Khasi Hills,SEG-0013,NH-6,25.67458,91.89197,debris_flow,anthropogenic_cut,debris,sandstone_shale,forest,1602,49,41.3,1496,11.9,0,0,3,False,0.0,minor,GSI-NLSM
LS-01943,2024-01-06,2023-24,AR,D-AR-09,Dibang Valley,SEG-0066,NH-315,28.0999,95.89276,mudslide,rainfall,earth,gneiss,road_cut,3211,56,38.6,1099,157.4,0,0,5,True,13.3,moderate,GSI-NLSM
LS-01944,2023-07-07,2023-24,AR,D-AR-03,West Kameng,SEG-0064,NH-13-W,27.339,92.29056,rotational_slide,anthropogenic_cut,earth,quartzite,jhum_cultivation,1398,26,29.2,2731,81.3,0,0,4,False,0.0,minor,NDMA
LS-01945,2023-06-24,2023-24,AR,D-AR-06,West Siang,SEG-0060,NH-13,28.00369,94.27044,rockfall,toe_erosion,rock,quartzite,barren,2945,39,55.2,620,135.1,0,0,2,False,0.0,moderate,SDMA
LS-01946,2024-06-09,2023-24,AR,D-AR-03,West Kameng,SEG-0063,NH-13-W,27.06577,92.59053,debris_flow,rainfall,debris,quartzite,jhum_cultivation,9455,69,40.5,2415,470.6,0,0,2,True,15.7,moderate,SDMA
LS-01947,2024-09-26,2023-24,AS,D-AS-12,Karimganj,SEG-0044,NH-8,24.61855,92.34028,translational_slide,toe_erosion,rock,laterite,jhum_cultivation,30787,124,16.8,23,64.5,0,2,12,True,45.5,major,PWD-field
LS-01948,2024-07-13,2023-24,ML,D-ML-01,East Khasi Hills,SEG-0013,NH-6,25.80752,91.87795,translational_slide,rainfall,rock,quartzite,settlement,1023,26,38.6,1496,867.6,0,0,3,True,3.0,minor,GSI-NLSM
LS-01949,2024-09-10,2023-24,AS,D-AS-09,Sonitpur,SEG-0062,NH-13-W,26.66797,92.79059,mudslide,rainfall,earth,sandstone_shale,jhum_cultivation,956,32,31.5,1247,459.7,0,0,0,False,0.0,minor,SDMA
LS-01950,2023-08-20,2023-24,MN,D-MN-05,Senapati,SEG-0024,NH-2,24.92113,93.96271,debris_flow,rainfall,debris,schist,barren,18636,107,29.5,923,382.0,0,0,2,False,0.0,moderate,NDMA
LS-01951,2023-07-18,2023-24,MN,D-MN-01,Imphal West,SEG-0028,NH-37,24.85551,93.84539,mudslide,rainfall,earth,schist,barren,941,14,48.3,1023,477.0,0,0,0,False,0.0,minor,GSI-NLSM
LS-01952,2023-08-12,2023-24,MZ,D-MZ-01,Aizawl,SEG-0037,NH-302,23.58776,93.06638,translational_slide,rainfall,rock,phyllite,road_cut,36352,99,45.5,1405,532.7,0,0,4,True,599.8,major,GSI-NLSM
LS-01953,2023-05-03,2023-24,ML,D-ML-03,West Garo Hills,SEG-0019,NH-27-SPUR,25.49745,90.51202,translational_slide,anthropogenic_cut,rock,phyllite,barren,1738,30,18.1,337,30.0,0,0,2,False,0.0,minor,NDMA
LS-01954,2024-07-26,2023-24,AR,D-AR-04,Lower Subansiri,SEG-0059,NH-13,27.88961,94.12842,rockfall,rainfall,rock,gneiss,jhum_cultivation,214,23,34.4,1092,335.6,0,0,5,False,0.0,minor,GSI-NLSM
LS-01955,2023-09-19,2023-24,WB,D-WB-01,Siliguri,SEG-0046,NH-10,26.9674,88.46717,debris_flow,rainfall,debris,phyllite,settlement,5327,89,44.9,886,431.0,0,0,0,True,5.8,moderate,NDMA
LS-01956,2024-10-03,2023-24,NL,D-NL-01,Kohima,SEG-0025,NH-29,25.82508,94.16496,debris_flow,rainfall,debris,gneiss,settlement,25,7,54.4,1378,354.8,0,0,4,True,1.0,minor,NDMA
LS-01957,2024-03-13,2023-24,TR,D-TR-02,North Tripura,SEG-0043,NH-8,24.38174,92.24639,debris_flow,rainfall,debris,laterite,settlement,1045,36,17.3,34,401.4,0,0,0,True,2.3,minor,NDMA
LS-01958,2024-07-21,2023-24,AS,D-AS-01,Kamrup Metropolitan,SEG-0012,NH-6,25.95342,91.84866,debris_flow,anthropogenic_cut,debris,sandstone_shale,road_cut,380,30,28.2,775,112.6,0,0,3,False,0.0,minor,PWD-field
LS-01959,2023-06-19,2023-24,AS,D-AS-09,Sonitpur,SEG-0062,NH-13-W,26.96672,92.66361,rockfall,rainfall,rock,phyllite,road_cut,936,42,42.8,1247,610.3,0,0,1,True,4.3,minor,GSI-NLSM
LS-01960,2024-04-12,2023-24,SK,D-SK-03,Namchi,SEG-0054,NH-510,27.20948,88.30507,debris_flow,rainfall,debris,schist,barren,1720,38,35.5,1727,240.0,0,0,4,True,5.8,minor,GSI-NLSM
LS-01961,2023-07-05,2023-24,MN,D-MN-01,Imphal West,SEG-0032,NH-2-S,24.86071,94.02129,debris_flow,rainfall,debris,quartzite,jhum_cultivation,1167,31,34.3,1224,258.4,0,0,5,False,0.0,minor,GSI-NLSM
LS-01962,2023-09-25,2023-24,ML,D-ML-02,West Jaintia Hills,SEG-0015,NH-6,24.97667,92.51888,rotational_slide,rainfall,earth,phyllite,road_cut,5383,93,42.6,701,547.3,0,0,1,True,4.3,moderate,PWD-field
LS-01963,2023-04-05,2023-24,AR,D-AR-04,Lower Subansiri,SEG-0059,NH-13,27.64746,93.92818,debris_flow,rainfall,debris,sandstone_shale,settlement,2148,32,50.1,1092,240.6,0,0,5,False,0.0,moderate,PWD-field
LS-01964,2024-06-21,2023-24,ML,D-ML-02,West Jaintia Hills,SEG-0015,NH-6,25.1822,92.37948,rockfall,rainfall,rock,gneiss,barren,8390,50,29.9,701,625.8,0,0,6,True,18.8,moderate,GSI-NLSM
LS-01965,2023-08-05,2023-24,AS,D-AS-08,Karbi Anglong,SEG-0068,NH-27-DH,25.50368,93.09934,debris_flow,seismic,debris,quartzite,barren,10791,119,45.1,433,106.5,0,0,6,False,0.0,moderate,GSI-NLSM
LS-01966,2023-08-19,2023-24,AS,D-AS-08,Karbi Anglong,SEG-0068,NH-27-DH,25.27236,93.04493,rockfall,seismic,rock,phyllite,forest,45,12,43.2,433,1.9,0,0,1,False,0.0,minor,GSI-NLSM
LS-01967,2024-07-02,2023-24,AR,D-AR-03,West Kameng,SEG-0063,NH-13-W,27.17614,92.49643,debris_flow,rainfall,debris,phyllite,settlement,3849,60,36.7,2415,296.5,0,0,6,False,0.0,moderate,SDMA
LS-01968,2024-05-15,2023-24,MZ,D-MZ-04,Kolasib,SEG-0034,NH-306,24.00019,92.69412,translational_slide,rainfall,rock,sandstone_shale,jhum_cultivation,690,34,28.6,891,499.3,0,0,2,True,2.3,minor,GSI-NLSM
LS-01969,2023-06-18,2023-24,SK,D-SK-01,Gangtok,SEG-0052,NH-510,27.26279,88.51206,debris_flow,anthropogenic_cut,debris,quartzite,barren,23866,100,41.9,1662,26.3,0,0,0,False,0.0,moderate,SDMA
LS-01970,2024-06-22,2023-24,AS,D-AS-01,Kamrup Metropolitan,SEG-0005,NH-27,26.2313,92.10308,rotational_slide,rainfall,earth,alluvium,jhum_cultivation,344,23,8,57,393.2,0,0,6,True,1.0,minor,PWD-field
LS-01971,2024-08-25,2023-24,AR,D-AR-05,East Siang,SEG-0065,NH-315,28.08091,95.3752,translational_slide,rainfall,rock,phyllite,forest,6798,47,35.1,1060,420.2,0,0,3,False,0.0,moderate,PWD-field
LS-01972,2023-05-08,2023-24,MN,D-MN-01,Imphal West,SEG-0028,NH-37,24.83832,93.90723,debris_flow,rainfall,debris,quartzite,road_cut,217,18,45.3,1023,207.3,0,0,0,True,1.0,minor,GSI-NLSM
LS-01973,2023-03-13,2023-24,AR,D-AR-04,Lower Subansiri,SEG-0059,NH-13,27.89296,94.12661,rockfall,rainfall,rock,sandstone_shale,settlement,9892,42,35.2,1092,190.4,0,0,2,True,23.8,moderate,NDMA
LS-01974,2023-06-03,2023-24,NL,D-NL-03,Mokokchung,SEG-0027,NH-29,26.31298,94.56792,debris_flow,anthropogenic_cut,debris,quartzite,settlement,4111,37,37.4,1348,58.7,0,0,4,False,0.0,moderate,PWD-field
LS-01975,2024-05-23,2023-24,AR,D-AR-06,West Siang,SEG-0060,NH-13,27.99599,94.26929,rotational_slide,anthropogenic_cut,earth,phyllite,agriculture,2152,42,52.0,620,105.9,0,0,4,False,0.0,moderate,NDMA
LS-01976,2024-06-26,2023-24,AR,D-AR-05,East Siang,SEG-0065,NH-315,28.09176,95.54189,debris_flow,seismic,debris,sandstone_shale,jhum_cultivation,1639,57,31.1,1060,16.2,0,0,6,False,0.0,minor,GSI-NLSM
LS-01977,2023-08-20,2023-24,AR,D-AR-05,East Siang,SEG-0065,NH-315,28.10025,95.58433,rockfall,rainfall,rock,quartzite,agriculture,1426,28,24.1,1060,408.3,0,0,4,True,28.1,moderate,GSI-NLSM
LS-01978,2024-05-22,2023-24,AR,D-AR-04,Lower Subansiri,SEG-0059,NH-13,27.84168,94.08864,debris_flow,rainfall,debris,schist,road_cut,248,14,38.9,1092,521.4,0,0,1,True,1.0,minor,PWD-field
LS-01979,2023-06-17,2023-24,AS,D-AS-08,Karbi Anglong,SEG-0068,NH-27-DH,25.24185,93.02542,rockfall,rainfall,rock,gneiss,forest,2180,60,39.5,433,352.2,0,0,1,False,0.0,moderate,GSI-NLSM
LS-01980,2024-09-20,2023-24,AR,D-AR-01,Papum Pare,SEG-0058,NH-13,27.42349,93.76886,translational_slide,rainfall,rock,sandstone_shale,road_cut,6752,84,31.5,1002,536.9,0,0,3,False,0.0,moderate,NDMA
LS-01981,2023-12-06,2023-24,SK,D-SK-01,Gangtok,SEG-0048,NH-10,27.32838,88.58063,debris_flow,rainfall,debris,schist,forest,1189,15,33.0,1650,208.0,0,0,0,False,0.0,minor,GSI-NLSM
LS-01982,2023-09-19,2023-24,MN,D-MN-05,Senapati,SEG-0023,NH-2,25.44268,94.09612,translational_slide,rainfall,rock,sandstone_shale,barren,20013,121,27.2,1061,121.8,0,0,2,True,56.7,moderate,GSI-NLSM
LS-01983,2024-08-16,2023-24,AR,D-AR-06,West Siang,SEG-0061,NH-13,28.07503,95.23852,debris_flow,rainfall,debris,schist,settlement,191,16,34.7,386,427.2,0,0,4,False,0.0,minor,GSI-NLSM
LS-01984,2023-11-02,2023-24,SK,D-SK-01,Gangtok,SEG-0047,NH-10,27.20158,88.51264,debris_flow,rainfall,debris,gneiss,settlement,187,22,39.4,1650,555.7,1,2,3,True,1.0,major,GSI-NLSM
LS-01985,2024-09-26,2023-24,AS,D-AS-10,Bongaigaon,SEG-0018,NH-27-SPUR,25.73944,90.34827,debris_flow,rainfall,debris,siltstone,settlement,640,24,22.1,139,225.1,0,0,2,True,1.0,minor,GSI-NLSM
LS-01986,2023-09-06,2023-24,SK,D-SK-03,Namchi,SEG-0054,NH-510,27.22584,88.29971,rockfall,rainfall,rock,schist,forest,5557,75,33.2,1727,349.9,0,0,5,True,23.2,moderate,NDMA
LS-01987,2023-06-12,2023-24,ML,D-ML-01,East Khasi Hills,SEG-0013,NH-6,25.68917,91.89287,debris_flow,rainfall,debris,phyllite,settlement,178,15,38.5,1496,474.0,0,0,0,False,0.0,minor,NDMA
LS-01988,2023-06-11,2023-24,AR,D-AR-03,West Kameng,SEG-0064,NH-13-W,27.44579,92.11911,debris_flow,rainfall,debris,quartzite,forest,2576,44,32.6,2731,407.5,0,0,6,True,8.1,moderate,NDMA
LS-01989,2023-05-10,2023-24,ML,D-ML-01,East Khasi Hills,SEG-0013,NH-6,25.70188,91.88362,debris_flow,rainfall,debris,schist,barren,7991,77,34.9,1496,292.0,0,0,1,True,32.9,moderate,GSI-NLSM
LS-01990,2023-05-27,2023-24,ML,D-ML-01,East Khasi Hills,SEG-0013,NH-6,25.86683,91.87901,debris_flow,rainfall,debris,phyllite,agriculture,1614,55,48.0,1496,595.0,0,0,2,False,0.0,minor,GSI-NLSM
LS-01991,2024-05-14,2023-24,WB,D-WB-01,Siliguri,SEG-0046,NH-10,27.03571,88.48994,rockfall,rainfall,rock,phyllite,jhum_cultivation,233,21,39.3,886,469.1,0,0,5,False,0.0,minor,GSI-NLSM
LS-01992,2023-05-27,2023-24,ML,D-ML-01,East Khasi Hills,SEG-0013,NH-6,25.83757,91.87437,rockfall,rainfall,rock,sandstone_shale,road_cut,930,35,41.4,1496,751.0,0,0,6,True,1.7,minor,PWD-field
LS-01993,2023-06-18,2023-24,AS,D-AS-10,Bongaigaon,SEG-0018,NH-27-SPUR,25.9018,90.45612,mudslide,rainfall,earth,phyllite,settlement,4104,35,9.3,139,560.8,0,0,1,True,7.4,moderate,GSI-NLSM
LS-01994,2023-04-03,2023-24,SK,D-SK-01,Gangtok,SEG-0049,NH-310,27.4734,88.53803,rockfall,rainfall,rock,sandstone_shale,settlement,1431,35,38.1,1450,278.6,0,0,2,True,3.8,minor,PWD-field
LS-01995,2024-04-02,2023-24,AR,D-AR-03,West Kameng,SEG-0063,NH-13-W,27.09328,92.56316,rockfall,rainfall,rock,sandstone_shale,forest,621,32,34.9,2415,349.0,0,0,5,False,0.0,minor,PWD-field
LS-01996,2024-03-15,2023-24,ML,D-ML-01,East Khasi Hills,SEG-0013,NH-6,25.76927,91.88897,rockfall,rainfall,rock,phyllite,road_cut,2659,57,43.7,1496,239.0,0,0,0,True,3.5,moderate,SDMA
LS-01997,2023-07-10,2023-24,ML,D-ML-01,East Khasi Hills,SEG-0013,NH-6,25.80149,91.88572,debris_flow,rainfall,debris,schist,jhum_cultivation,6397,92,37.4,1496,758.9,0,0,1,False,0.0,moderate,SDMA
LS-01998,2023-09-04,2023-24,AR,D-AR-06,West Siang,SEG-0061,NH-13,28.12787,94.98366,translational_slide,rainfall,rock,quartzite,forest,1106,37,24.8,386,258.7,0,0,5,False,0.0,minor,NDMA
LS-01999,2024-09-27,2023-24,AR,D-AR-05,East Siang,SEG-0065,NH-315,28.08173,95.48308,debris_flow,rainfall,debris,schist,agriculture,518,17,36.2,1060,358.2,0,0,6,True,2.1,minor,PWD-field
LS-02000,2023-07-18,2023-24,MZ,D-MZ-01,Aizawl,SEG-0037,NH-302,23.58565,93.03319,debris_flow,rainfall,debris,phyllite,forest,87,15,46.6,1405,430.0,0,0,3,True,1.0,minor,SDMA
LS-02001,2024-06-02,2023-24,AR,D-AR-01,Papum Pare,SEG-0058,NH-13,27.12673,93.63076,debris_flow,anthropogenic_cut,debris,phyllite,forest,47701,214,43.2,1002,15.5,0,1,21,True,140.2,major,SDMA
LS-02002,2023-07-04,2023-24,MZ,D-MZ-01,Aizawl,SEG-0035,NH-306,23.44293,92.80654,debris_flow,seismic,debris,phyllite,settlement,398,14,20.5,1216,89.2,0,0,2,True,1.0,minor,SDMA
LS-02003,2024-07-11,2023-24,ML,D-ML-02,West Jaintia Hills,SEG-0015,NH-6,25.32393,92.28372,rotational_slide,rainfall,earth,sandstone_shale,agriculture,136,17,34.0,701,375.6,0,0,0,True,1.0,minor,PWD-field
LS-02004,2024-08-07,2023-24,SK,D-SK-04,Gyalshing,SEG-0055,NH-510,27.34219,88.24002,rockfall,rainfall,rock,schist,settlement,1264,22,52.4,1780,178.9,0,0,2,False,0.0,minor,GSI-NLSM
LS-02005,2023-08-23,2023-24,SK,D-SK-01,Gangtok,SEG-0048,NH-10,27.27647,88.53815,rotational_slide,rainfall,earth,sandstone_shale,agriculture,40538,174,42.9,1650,292.5,2,5,19,True,112.6,major,NDMA
LS-02006,2023-07-08,2023-24,SK,D-SK-02,Mangan,SEG-0051,NH-310,27.65923,88.70348,mudslide,rainfall,earth,quartzite,barren,7041,51,41.8,1250,541.6,0,0,1,False,0.0,moderate,PWD-field
LS-02007,2023-10-21,2023-24,SK,D-SK-02,Mangan,SEG-0051,NH-310,27.65954,88.70371,rockfall,rainfall,rock,sandstone_shale,barren,3742,72,48.6,1250,163.9,0,0,0,True,7.3,moderate,GSI-NLSM
LS-02008,2023-10-07,2023-24,AS,D-AS-08,Karbi Anglong,SEG-0068,NH-27-DH,25.62546,93.13808,rockfall,rainfall,rock,sandstone_shale,jhum_cultivation,3713,63,52.0,433,474.3,0,0,0,True,34.6,moderate,PWD-field
LS-02009,2023-06-19,2023-24,AS,D-AS-08,Karbi Anglong,SEG-0068,NH-27-DH,25.45961,93.09218,rockfall,rainfall,rock,schist,settlement,5044,79,46.1,433,207.5,0,0,6,True,156.7,major,NDMA
LS-02010,2024-08-11,2023-24,AS,D-AS-01,Kamrup Metropolitan,SEG-0017,NH-27-SPUR,26.14918,91.38789,rotational_slide,rainfall,earth,alluvium,barren,1560,40,8,54,535.0,0,0,1,True,1.0,minor,SDMA
LS-02011,2024-07-22,2023-24,MN,D-MN-05,Senapati,SEG-0023,NH-2,25.42289,94.08637,rockfall,rainfall,rock,phyllite,road_cut,2693,44,28.0,1061,493.2,0,0,1,True,11.2,moderate,SDMA
LS-02012,2024-06-12,2023-24,AS,D-AS-06,Cachar,SEG-0033,NH-306,24.29088,92.6825,rotational_slide,rainfall,earth,siltstone,settlement,50,9,20.1,337,393.9,0,0,6,True,1.0,minor,GSI-NLSM
LS-02013,2023-07-21,2023-24,SK,D-SK-03,Namchi,SEG-0054,NH-510,27.20432,88.31796,earth_flow,rainfall,earth,quartzite,agriculture,3620,47,41.1,1727,305.3,0,0,4,False,0.0,moderate,GSI-NLSM
LS-02014,2023-07-02,2023-24,AR,D-AR-06,West Siang,SEG-0061,NH-13,28.15442,94.8766,debris_flow,rainfall,debris,quartzite,barren,979,18,30.8,386,327.6,0,0,3,True,2.0,minor,GSI-NLSM
LS-02015,2023-10-28,2023-24,SK,D-SK-01,Gangtok,SEG-0049,NH-310,27.44897,88.55971,debris_flow,rainfall,debris,phyllite,jhum_cultivation,9237,42,20.0,1450,368.7,0,0,0,False,0.0,moderate,NDMA
LS-02016,2023-03-05,2023-24,SK,D-SK-01,Gangtok,SEG-0049,NH-310,27.42216,88.57068,debris_flow,rainfall,debris,quartzite,road_cut,2133,57,28.0,1450,126.1,0,0,0,True,5.3,moderate,GSI-NLSM
LS-02017,2024-07-27,2023-24,NL,D-NL-03,Mokokchung,SEG-0027,NH-29,26.29448,94.68212,debris_flow,rainfall,debris,phyllite,forest,6810,40,37.8,1348,173.7,0,0,2,True,17.7,moderate,GSI-NLSM
LS-02018,2023-07-02,2023-24,AR,D-AR-09,Dibang Valley,SEG-0066,NH-315,27.94429,96.13078,mudslide,rainfall,earth,phyllite,agriculture,976,46,48.2,1099,615.2,0,0,5,True,3.8,minor,GSI-NLSM
LS-02019,2024-07-25,2023-24,SK,D-SK-01,Gangtok,SEG-0048,NH-10,27.26055,88.53427,rotational_slide,anthropogenic_cut,earth,gneiss,barren,612,13,46.4,1650,125.7,0,0,1,False,0.0,minor,SDMA
LS-02020,2023-05-12,2023-24,AR,D-AR-01,Papum Pare,SEG-0058,NH-13,27.18444,93.65437,rotational_slide,rainfall,earth,phyllite,agriculture,76,5,36.2,1002,211.1,0,0,0,True,1.0,minor,GSI-NLSM
LS-02021,2024-07-23,2023-24,ML,D-ML-01,East Khasi Hills,SEG-0013,NH-6,25.85584,91.88583,rotational_slide,rainfall,earth,sandstone_shale,settlement,802,27,39.1,1496,475.4,0,0,0,False,0.0,minor,GSI-NLSM
LS-02022,2023-05-08,2023-24,AR,D-AR-03,West Kameng,SEG-0064,NH-13-W,27.45825,92.07441,rockfall,anthropogenic_cut,rock,sandstone_shale,settlement,3104,36,24.8,2731,109.9,0,0,3,True,11.9,moderate,GSI-NLSM
LS-02023,2023-01-06,2023-24,AR,D-AR-07,Lohit,SEG-0067,NH-315,27.71374,95.9522,rockfall,rainfall,rock,siltstone,road_cut,5544,87,30.5,231,552.6,0,0,3,False,0.0,moderate,GSI-NLSM
LS-02024,2023-07-16,2023-24,SK,D-SK-02,Mangan,SEG-0050,NH-310,27.58566,88.63733,debris_flow,rainfall,debris,sandstone_shale,jhum_cultivation,2468,50,33.4,1250,537.6,0,0,5,False,0.0,moderate,GSI-NLSM
LS-02025,2024-06-04,2023-24,AR,D-AR-05,East Siang,SEG-0065,NH-315,28.08436,95.49674,debris_flow,rainfall,debris,schist,barren,180,11,31.8,1060,253.1,0,0,3,False,0.0,minor,NDMA
LS-02026,2023-09-03,2023-24,WB,D-WB-01,Siliguri,SEG-0046,NH-10,27.11403,88.50092,debris_flow,rainfall,debris,quartzite,forest,2748,48,49.1,886,422.9,0,0,0,True,1.9,moderate,NDMA
LS-02027,2023-04-01,2023-24,MZ,D-MZ-05,Serchhip,SEG-0036,NH-306,23.23619,92.82966,translational_slide,rainfall,rock,quartzite,forest,3195,29,47.8,1084,344.6,0,0,3,False,0.0,moderate,NDMA
LS-02028,2023-07-15,2023-24,AS,D-AS-07,Dima Hasao,SEG-0069,NH-27-DH,25.03252,92.92341,rockfall,toe_erosion,rock,quartzite,road_cut,2071,57,29.4,352,80.1,0,0,0,True,20.3,moderate,GSI-NLSM
LS-02029,2024-05-20,2023-24,NL,D-NL-03,Mokokchung,SEG-0027,NH-29,26.29992,94.6749,rotational_slide,rainfall,earth,phyllite,jhum_cultivation,781,30,44.3,1348,406.3,0,0,0,True,1.0,minor,NDMA
LS-02030,2024-01-26,2023-24,ML,D-ML-01,East Khasi Hills,SEG-0013,NH-6,25.78237,91.8775,debris_flow,rainfall,debris,quartzite,agriculture,4130,62,36.2,1496,338.5,0,0,4,True,7.5,moderate,GSI-NLSM
LS-02031,2023-09-22,2023-24,AR,D-AR-09,Dibang Valley,SEG-0066,NH-315,28.00627,96.03144,translational_slide,rainfall,rock,schist,agriculture,997,26,38.3,1099,319.0,0,0,2,True,5.4,minor,GSI-NLSM
LS-02032,2024-04-03,2023-24,NL,D-NL-02,Dimapur,SEG-0021,NH-2,25.713,94.05908,debris_flow,rainfall,debris,quartzite,agriculture,601,19,28.1,794,384.9,0,0,6,True,1.0,minor,GSI-NLSM
LS-02033,2024-08-16,2023-24,AS,D-AS-09,Sonitpur,SEG-0056,NH-15,26.85007,93.16731,mudslide,rainfall,earth,phyllite,barren,12257,64,20.2,259,216.4,0,0,5,False,0.0,moderate,GSI-NLSM
LS-02034,2024-07-24,2023-24,AR,D-AR-03,West Kameng,SEG-0063,NH-13-W,27.12689,92.53859,rockfall,rainfall,rock,phyllite,agriculture,6804,96,38.1,2415,613.6,0,0,4,True,28.2,moderate,NDMA
LS-02035,2023-05-28,2023-24,AR,D-AR-05,East Siang,SEG-0065,NH-315,28.1156,95.75727,debris_flow,rainfall,debris,gneiss,settlement,1267,45,23.9,1060,571.5,0,0,1,False,0.0,minor,GSI-NLSM
LS-02036,2023-09-28,2023-24,ML,D-ML-02,West Jaintia Hills,SEG-0015,NH-6,25.28759,92.29714,rockfall,rainfall,rock,quartzite,agriculture,1523,50,30.1,701,296.0,0,0,3,False,0.0,minor,GSI-NLSM
LS-02037,2023-07-07,2023-24,AR,D-AR-04,Lower Subansiri,SEG-0059,NH-13,27.70348,93.96022,mudslide,anthropogenic_cut,earth,quartzite,road_cut,711,28,44.9,1092,127.8,0,0,4,False,0.0,minor,SDMA
LS-02038,2023-07-09,2023-24,AS,D-AS-01,Kamrup Metropolitan,SEG-0012,NH-6,25.93033,91.86239,debris_flow,rainfall,debris,quartzite,barren,481,28,28.8,775,256.6,0,0,0,False,0.0,minor,PWD-field
LS-02039,2023-06-12,2023-24,AR,D-AR-09,Dibang Valley,SEG-0066,NH-315,27.99648,96.03984,rotational_slide,anthropogenic_cut,earth,gneiss,jhum_cultivation,7761,36,53.3,1099,134.6,0,0,1,False,0.0,moderate,GSI-NLSM
LS-02040,2023-04-12,2023-24,AS,D-AS-08,Karbi Anglong,SEG-0071,NH-36,25.85483,93.49664,mudslide,anthropogenic_cut,earth,siltstone,forest,314,20,26.4,165,125.0,0,0,4,True,1.0,minor,PWD-field
LS-02041,2023-03-08,2023-24,ML,D-ML-02,West Jaintia Hills,SEG-0015,NH-6,25.19737,92.36686,mudslide,rainfall,earth,schist,forest,15871,99,29.9,701,557.2,0,0,3,False,0.0,moderate,NDMA
LS-02042,2024-07-14,2023-24,AR,D-AR-03,West Kameng,SEG-0063,NH-13-W,27.0895,92.57063,rockfall,rainfall,rock,quartzite,forest,496,27,33.1,2415,352.0,0,0,6,True,2.9,minor,NDMA
LS-02043,2023-04-01,2023-24,AR,D-AR-03,West Kameng,SEG-0064,NH-13-W,27.47536,92.05361,mudslide,rainfall,earth,quartzite,forest,86257,195,36.6,2731,611.8,0,2,27,True,140.9,major,NDMA
LS-02044,2024-08-17,2023-24,AR,D-AR-06,West Siang,SEG-0061,NH-13,28.13897,94.96559,translational_slide,anthropogenic_cut,rock,quartzite,barren,1608,23,40.0,386,53.1,0,0,5,False,0.0,minor,NDMA
LS-02045,2024-09-11,2023-24,AR,D-AR-03,West Kameng,SEG-0064,NH-13-W,27.50391,91.99446,rockfall,rainfall,rock,gneiss,road_cut,4613,46,37.3,2731,348.5,0,0,3,False,0.0,moderate,NDMA
LS-02046,2024-06-20,2023-24,WB,D-WB-01,Siliguri,SEG-0046,NH-10,27.14675,88.51783,debris_flow,rainfall,debris,schist,settlement,312,23,54.8,886,250.3,5,15,1,True,1.0,catastrophic,SDMA
LS-02047,2023-06-28,2023-24,ML,D-ML-03,West Garo Hills,SEG-0019,NH-27-SPUR,25.50229,90.52302,translational_slide,rainfall,rock,sandstone_shale,settlement,9207,117,13.1,337,846.5,0,0,1,True,12.6,moderate,SDMA
LS-02048,2024-07-27,2023-24,AS,D-AS-01,Kamrup Metropolitan,SEG-0012,NH-6,26.11023,91.7448,mudslide,rainfall,earth,schist,jhum_cultivation,46439,163,35.7,775,558.5,0,1,21,True,72.7,major,GSI-NLSM
LS-02049,2024-08-10,2023-24,AR,D-AR-09,Dibang Valley,SEG-0066,NH-315,28.09042,95.90781,translational_slide,rainfall,rock,phyllite,forest,116,12,50.3,1099,510.0,0,0,5,False,0.0,minor,SDMA
LS-02050,2023-11-08,2023-24,SK,D-SK-04,Gyalshing,SEG-0055,NH-510,27.33148,88.24365,debris_flow,rainfall,debris,schist,agriculture,146,12,34.5,1780,605.2,0,0,4,False,0.0,minor,NDMA
LS-02051,2023-09-03,2023-24,NL,D-NL-01,Kohima,SEG-0022,NH-2,25.63818,94.10799,mudslide,rainfall,earth,phyllite,road_cut,101,17,30.4,1252,223.0,0,0,5,True,1.0,minor,SDMA
LS-02052,2023-07-17,2023-24,ML,D-ML-01,East Khasi Hills,SEG-0013,NH-6,25.87068,91.88196,translational_slide,rainfall,rock,schist,agriculture,145,9,44.4,1496,225.6,1,2,3,False,0.0,major,PWD-field
LS-02053,2024-05-15,2023-24,MN,D-MN-02,Churachandpur,SEG-0031,NH-2-S,24.38338,93.72175,mudslide,rainfall,earth,gneiss,jhum_cultivation,720,28,23.5,850,558.3,0,0,0,True,1.5,minor,GSI-NLSM
LS-02054,2024-06-17,2023-24,ML,D-ML-03,West Garo Hills,SEG-0019,NH-27-SPUR,25.49655,90.57255,debris_flow,rainfall,debris,phyllite,jhum_cultivation,2529,65,27.1,337,633.6,0,0,4,False,0.0,moderate,NDMA
LS-02055,2023-06-11,2023-24,AR,D-AR-04,Lower Subansiri,SEG-0059,NH-13,27.64719,93.92932,debris_flow,rainfall,debris,phyllite,forest,6027,56,33.1,1092,203.6,0,0,2,True,8.7,moderate,GSI-NLSM
LS-02056,2023-07-26,2023-24,SK,D-SK-01,Gangtok,SEG-0052,NH-510,27.16134,88.385,debris_flow,rainfall,debris,schist,road_cut,1712,47,47.0,1662,120.3,0,0,5,False,0.0,minor,GSI-NLSM
LS-02057,2023-06-07,2023-24,MZ,D-MZ-01,Aizawl,SEG-0037,NH-302,23.48629,93.27458,rockfall,rainfall,rock,quartzite,settlement,1108,43,51.6,1405,480.6,0,0,1,False,0.0,minor,GSI-NLSM
LS-02058,2023-04-07,2023-24,AS,D-AS-08,Karbi Anglong,SEG-0071,NH-36,25.86665,93.54489,translational_slide,rainfall,rock,siltstone,jhum_cultivation,839,29,17.1,165,155.0,0,0,3,True,3.2,minor,GSI-NLSM
LS-02059,2024-08-18,2023-24,MZ,D-MZ-01,Aizawl,SEG-0035,NH-306,23.46706,92.79347,mudslide,rainfall,earth,schist,agriculture,756,22,37.0,1216,595.8,0,0,4,True,1.8,minor,PWD-field
LS-02060,2024-06-11,2023-24,WB,D-WB-01,Siliguri,SEG-0046,NH-10,27.10624,88.51244,translational_slide,rainfall,rock,schist,agriculture,12494,57,53.3,886,164.4,0,0,3,True,42.6,moderate,SDMA
LS-02061,2023-07-22,2023-24,TR,D-TR-01,West Tripura,SEG-0039,NH-8,23.91115,91.39745,rockfall,anthropogenic_cut,rock,phyllite,barren,6146,57,17.6,36,18.4,0,0,5,True,8.4,moderate,SDMA
LS-02062,2024-09-24,2023-24,SK,D-SK-01,Gangtok,SEG-0047,NH-10,27.19299,88.52654,mudslide,rainfall,earth,phyllite,barren,312,26,30.6,1650,485.6,0,0,3,False,0.0,minor,PWD-field
LS-02063,2024-08-21,2023-24,AR,D-AR-06,West Siang,SEG-0060,NH-13,28.00898,94.31938,rockfall,rainfall,rock,quartzite,barren,3153,55,55.5,620,215.9,0,0,1,False,0.0,moderate,NDMA
LS-02064,2023-07-23,2023-24,SK,D-SK-04,Gyalshing,SEG-0055,NH-510,27.35555,88.23651,translational_slide,rainfall,rock,phyllite,jhum_cultivation,21351,144,53.3,1780,278.7,0,0,1,True,282.5,major,NDMA
LS-02065,2024-06-14,2023-24,NL,D-NL-01,Kohima,SEG-0022,NH-2,25.55769,94.11283,debris_flow,rainfall,debris,gneiss,settlement,719,40,36.7,1252,188.9,0,0,0,True,1.1,minor,GSI-NLSM
LS-02066,2023-03-23,2023-24,ML,D-ML-01,East Khasi Hills,SEG-0014,NH-6,25.53875,91.98264,rockfall,rainfall,rock,quartzite,agriculture,663,24,32.7,1438,710.7,0,0,6,True,1.4,minor,NDMA
LS-02067,2023-05-27,2023-24,SK,D-SK-01,Gangtok,SEG-0052,NH-510,27.1686,88.40535,debris_flow,seismic,debris,phyllite,forest,395,15,38.1,1662,29.9,0,0,6,True,1.0,minor,PWD-field
LS-02068,2023-05-26,2023-24,SK,D-SK-01,Gangtok,SEG-0047,NH-10,27.20183,88.50498,rockfall,toe_erosion,rock,quartzite,road_cut,916,29,36.2,1650,96.1,1,0,5,False,0.0,major,GSI-NLSM
LS-02069,2023-07-20,2023-24,SK,D-SK-03,Namchi,SEG-0054,NH-510,27.24803,88.3063,mudslide,rainfall,earth,schist,road_cut,2371,55,34.0,1727,571.3,0,0,4,True,8.2,moderate,PWD-field
LS-02070,2024-08-23,2023-24,AR,D-AR-06,West Siang,SEG-0061,NH-13,28.15893,94.85267,earth_flow,rainfall,earth,quartzite,barren,1425,33,28.3,386,282.8,0,0,0,True,2.4,minor,GSI-NLSM
LS-02071,2024-08-08,2023-24,TR,D-TR-01,West Tripura,SEG-0039,NH-8,23.98196,91.49454,debris_flow,rainfall,debris,sandstone_shale,road_cut,14808,116,32.0,36,346.5,0,0,0,False,0.0,moderate,SDMA
LS-02072,2024-07-19,2023-24,MN,D-MN-04,Tamenglong,SEG-0029,NH-37,24.90825,93.37224,rockfall,rainfall,rock,sandstone_shale,agriculture,25,5,33.9,1260,260.7,0,0,1,True,1.0,minor,GSI-NLSM
LS-02073,2024-06-15,2023-24,AR,D-AR-06,West Siang,SEG-0061,NH-13,28.08647,95.27457,rockfall,rainfall,rock,quartzite,road_cut,9082,87,22.8,386,434.0,0,0,6,True,32.3,moderate,NDMA
LS-02074,2024-08-19,2023-24,AR,D-AR-09,Dibang Valley,SEG-0066,NH-315,27.98654,96.04405,translational_slide,rainfall,rock,sandstone_shale,forest,10427,62,47.8,1099,125.4,1,0,1,True,292.7,major,GSI-NLSM
LS-02075,2023-06-13,2023-24,AR,D-AR-03,West Kameng,SEG-0064,NH-13-W,27.41757,92.15135,rockfall,toe_erosion,rock,quartzite,forest,6874,78,43.5,2731,20.2,2,6,6,True,127.1,major,GSI-NLSM
LS-02076,2024-08-21,2023-24,AR,D-AR-01,Papum Pare,SEG-0058,NH-13,27.12674,93.62776,translational_slide,rainfall,rock,quartzite,settlement,944,24,40.7,1002,489.7,0,0,5,False,0.0,minor,GSI-NLSM
LS-02077,2024-10-04,2023-24,AS,D-AS-12,Karimganj,SEG-0044,NH-8,24.67977,92.3446,earth_flow,rainfall,earth,siltstone,road_cut,1540,23,8,23,338.6,0,0,3,True,1.0,minor,NDMA
LS-02078,2023-07-19,2023-24,SK,D-SK-01,Gangtok,SEG-0052,NH-510,27.30535,88.561,debris_flow,rainfall,debris,phyllite,barren,11510,129,33.3,1662,134.6,0,0,3,False,0.0,moderate,SDMA
LS-02079,2024-08-04,2023-24,AR,D-AR-05,East Siang,SEG-0065,NH-315,28.10432,95.59977,rockfall,seismic,rock,gneiss,forest,711,20,24.8,1060,68.4,0,0,0,True,17.4,moderate,NDMA
LS-02080,2024-04-05,2023-24,AR,D-AR-03,West Kameng,SEG-0064,NH-13-W,27.31758,92.33903,debris_flow,rainfall,debris,phyllite,agriculture,142,9,26.7,2731,287.5,3,3,4,False,0.0,major,SDMA
LS-02081,2023-06-11,2023-24,AR,D-AR-03,West Kameng,SEG-0064,NH-13-W,27.34269,92.29005,earth_flow,rainfall,earth,phyllite,road_cut,4668,58,25.6,2731,141.5,0,0,2,True,6.9,moderate,SDMA
LS-02082,2023-05-25,2023-24,NL,D-NL-04,Wokha,SEG-0026,NH-29,26.23083,94.40437,rockfall,anthropogenic_cut,rock,quartzite,road_cut,500,16,38.8,1319,50.5,0,0,2,True,1.5,minor,GSI-NLSM
LS-02083,2024-08-27,2023-24,AS,D-AS-01,Kamrup Metropolitan,SEG-0012,NH-6,25.95329,91.84027,debris_flow,rainfall,debris,phyllite,road_cut,3894,46,35.4,775,466.3,0,0,6,False,0.0,moderate,GSI-NLSM
LS-02084,2023-08-06,2023-24,MN,D-MN-01,Imphal West,SEG-0032,NH-2-S,24.92822,94.13093,debris_flow,rainfall,debris,quartzite,barren,658,30,34.1,1224,612.1,0,0,6,True,2.2,minor,GSI-NLSM
LS-02085,2023-03-06,2023-24,ML,D-ML-01,East Khasi Hills,SEG-0014,NH-6,25.4909,92.12594,mudslide,rainfall,earth,quartzite,forest,3629,36,28.8,1438,760.4,0,0,3,False,0.0,moderate,GSI-NLSM
LS-02086,2024-06-17,2023-24,WB,D-WB-01,Siliguri,SEG-0046,NH-10,27.08731,88.49869,debris_flow,rainfall,debris,sandstone_shale,forest,56685,181,47.3,886,397.4,2,0,20,False,0.0,major,GSI-NLSM
LS-02087,2024-07-10,2023-24,SK,D-SK-03,Namchi,SEG-0053,NH-510,27.16224,88.34977,debris_flow,rainfall,debris,sandstone_shale,agriculture,1523,52,33.3,1675,425.8,0,0,4,False,0.0,minor,GSI-NLSM
LS-02088,2023-07-26,2023-24,MN,D-MN-02,Churachandpur,SEG-0031,NH-2-S,24.6408,93.83853,debris_flow,anthropogenic_cut,debris,sandstone_shale,settlement,204,17,26.7,850,83.4,0,0,6,True,1.2,minor,NDMA
LS-02089,2024-04-20,2023-24,SK,D-SK-01,Gangtok,SEG-0049,NH-310,27.38008,88.59413,mudslide,rainfall,earth,sandstone_shale,barren,90,9,30.8,1450,431.4,5,0,1,True,1.0,catastrophic,GSI-NLSM
LS-02090,2023-07-17,2023-24,MN,D-MN-01,Imphal West,SEG-0032,NH-2-S,25.02322,94.32339,translational_slide,rainfall,rock,quartzite,settlement,7930,52,37.9,1224,282.9,0,0,5,False,0.0,moderate,GSI-NLSM
LS-02091,2023-07-11,2023-24,ML,D-ML-01,East Khasi Hills,SEG-0014,NH-6,25.50221,92.06284,rockfall,rainfall,rock,quartzite,road_cut,427,25,22.8,1438,267.8,0,0,3,True,2.3,minor,SDMA
LS-02092,2023-09-04,2023-24,ML,D-ML-02,West Jaintia Hills,SEG-0015,NH-6,25.38658,92.22964,rockfall,rainfall,rock,quartzite,forest,1575,48,38.2,701,341.1,0,0,5,True,4.6,minor,GSI-NLSM
LS-02093,2024-08-17,2023-24,ML,D-ML-01,East Khasi Hills,SEG-0013,NH-6,25.75722,91.89134,rockfall,rainfall,rock,phyllite,agriculture,8726,100,42.0,1496,748.8,0,0,5,True,31.3,moderate,NDMA
LS-02094,2024-05-02,2023-24,TR,D-TR-01,West Tripura,SEG-0039,NH-8,23.93049,91.40082,debris_flow,rainfall,debris,laterite,settlement,9603,89,34.8,36,584.5,0,0,2,False,0.0,moderate,PWD-field
LS-02095,2024-06-24,2023-24,ML,D-ML-01,East Khasi Hills,SEG-0013,NH-6,25.67718,91.89308,rockfall,toe_erosion,rock,schist,forest,2171,65,51.9,1496,33.3,0,0,6,True,7.7,moderate,GSI-NLSM
LS-02096,2023-06-09,2023-24,SK,D-SK-02,Mangan,SEG-0050,NH-310,27.5798,88.61342,mudslide,rainfall,earth,schist,agriculture,472,20,42.8,1250,380.0,0,0,0,True,4.0,minor,NDMA
LS-02097,2023-07-24,2023-24,SK,D-SK-01,Gangtok,SEG-0047,NH-10,27.22829,88.51463,mudslide,rainfall,earth,sandstone_shale,jhum_cultivation,281,22,36.7,1650,385.3,0,0,2,True,1.0,minor,PWD-field
LS-02098,2024-09-02,2023-24,ML,D-ML-01,East Khasi Hills,SEG-0014,NH-6,25.51055,92.02546,rotational_slide,rainfall,earth,gneiss,agriculture,959,46,38.1,1438,213.6,0,0,6,True,1.0,minor,NDMA
LS-02099,2023-08-03,2023-24,WB,D-WB-01,Siliguri,SEG-0046,NH-10,26.89287,88.43324,debris_flow,rainfall,debris,sandstone_shale,forest,23391,161,55.9,886,322.0,0,0,0,True,39.7,moderate,GSI-NLSM
LS-02100,2023-07-03,2023-24,AS,D-AS-09,Sonitpur,SEG-0062,NH-13-W,26.95545,92.65564,translational_slide,toe_erosion,rock,phyllite,barren,1791,46,42.2,1247,33.3,0,0,0,False,0.0,minor,NDMA
LS-02101,2023-08-09,2023-24,ML,D-ML-01,East Khasi Hills,SEG-0013,NH-6,25.68553,91.88708,rockfall,rainfall,rock,gneiss,road_cut,10137,63,44.9,1496,713.7,0,0,3,True,16.7,moderate,NDMA
LS-02102,2024-07-17,2023-24,MZ,D-MZ-04,Kolasib,SEG-0034,NH-306,24.07946,92.68623,translational_slide,rainfall,rock,quartzite,settlement,175,21,28.7,891,597.2,0,0,1,True,1.0,minor,NDMA
LS-02103,2023-06-07,2023-24,SK,D-SK-01,Gangtok,SEG-0052,NH-510,27.31402,88.59089,rotational_slide,rainfall,earth,gneiss,jhum_cultivation,1196,28,38.3,1662,175.6,0,0,3,True,3.0,minor,PWD-field
LS-02104,2023-04-05,2023-24,AS,D-AS-07,Dima Hasao,SEG-0069,NH-27-DH,25.09529,92.9657,debris_flow,anthropogenic_cut,debris,sandstone_shale,barren,8126,109,27.6,352,84.1,0,0,1,True,54.9,moderate,SDMA
LS-02105,2024-05-24,2023-24,MN,D-MN-04,Tamenglong,SEG-0029,NH-37,24.93855,93.44297,debris_flow,rainfall,debris,quartzite,jhum_cultivation,4371,77,21.2,1260,179.5,0,0,4,True,12.2,moderate,PWD-field
LS-02106,2024-07-06,2023-24,AS,D-AS-01,Kamrup Metropolitan,SEG-0012,NH-6,25.98562,91.82582,translational_slide,anthropogenic_cut,rock,phyllite,settlement,4121,44,26.4,775,20.0,0,0,3,True,15.7,moderate,GSI-NLSM
LS-02107,2024-05-11,2023-24,AR,D-AR-07,Lohit,SEG-0067,NH-315,27.71766,95.95785,debris_flow,rainfall,debris,laterite,agriculture,6149,33,31.4,231,135.0,2,2,4,True,30.3,major,NDMA
LS-02108,2023-09-28,2023-24,AS,D-AS-07,Dima Hasao,SEG-0069,NH-27-DH,25.08097,92.96847,earth_flow,rainfall,earth,phyllite,forest,11921,89,23.7,352,406.6,0,0,2,True,29.9,moderate,GSI-NLSM
LS-02109,2024-06-03,2023-24,AR,D-AR-04,Lower Subansiri,SEG-0059,NH-13,27.87353,94.12973,translational_slide,rainfall,rock,gneiss,barren,757,17,41.7,1092,249.1,9,0,2,True,3.5,catastrophic,SDMA
LS-02110,2024-07-26,2023-24,AR,D-AR-05,East Siang,SEG-0065,NH-315,28.12663,95.75479,translational_slide,rainfall,rock,sandstone_shale,road_cut,5463,92,27.2,1060,547.4,0,0,3,True,59.9,moderate,SDMA
LS-02111,2024-09-19,2023-24,AS,D-AS-08,Karbi Anglong,SEG-0068,NH-27-DH,25.57809,93.11524,debris_flow,rainfall,debris,quartzite,jhum_cultivation,4117,30,43.2,433,292.6,0,0,6,True,29.1,moderate,NDMA
LS-02112,2024-11-23,2023-24,NL,D-NL-03,Mokokchung,SEG-0027,NH-29,26.31827,94.61552,mudslide,rainfall,earth,quartzite,barren,1246,33,44.4,1348,240.0,0,0,6,False,0.0,minor,SDMA
LS-02113,2024-07-27,2023-24,AS,D-AS-07,Dima Hasao,SEG-0069,NH-27-DH,24.86677,92.80695,debris_flow,rainfall,debris,gneiss,barren,2743,56,21.4,352,483.1,0,0,4,False,0.0,moderate,NDMA
LS-02114,2023-06-27,2023-24,ML,D-ML-01,East Khasi Hills,SEG-0013,NH-6,25.648,91.89604,debris_flow,rainfall,debris,quartzite,jhum_cultivation,176,7,51.4,1496,550.2,0,0,3,False,0.0,minor,GSI-NLSM
LS-02115,2024-05-12,2023-24,MZ,D-MZ-05,Serchhip,SEG-0036,NH-306,22.94429,92.74715,debris_flow,rainfall,debris,phyllite,forest,6743,55,48.6,1084,439.8,0,0,0,True,10.9,moderate,GSI-NLSM
LS-02116,2024-07-22,2023-24,SK,D-SK-03,Namchi,SEG-0054,NH-510,27.2637,88.28198,debris_flow,anthropogenic_cut,debris,phyllite,barren,2768,59,33.6,1727,79.5,0,0,1,True,18.6,moderate,GSI-NLSM
LS-02117,2024-04-21,2023-24,SK,D-SK-03,Namchi,SEG-0054,NH-510,27.21001,88.31175,debris_flow,rainfall,debris,gneiss,forest,125,15,33.8,1727,336.8,0,0,1,False,0.0,minor,SDMA
LS-02118,2024-05-20,2023-24,SK,D-SK-02,Mangan,SEG-0050,NH-310,27.53992,88.56555,debris_flow,rainfall,debris,sandstone_shale,forest,1418,37,42.4,1250,122.7,0,0,2,True,6.3,moderate,GSI-NLSM
LS-02119,2024-08-02,2023-24,MZ,D-MZ-01,Aizawl,SEG-0037,NH-302,23.58784,93.04971,debris_flow,seismic,debris,gneiss,road_cut,3923,63,40.5,1405,29.4,0,0,4,True,16.6,moderate,PWD-field
LS-02120,2024-06-27,2023-24,SK,D-SK-01,Gangtok,SEG-0048,NH-10,27.31073,88.58349,debris_flow,rainfall,debris,schist,settlement,4822,44,34.6,1650,363.7,0,0,0,False,0.0,moderate,NDMA
LS-02121,2024-09-23,2023-24,MN,D-MN-05,Senapati,SEG-0024,NH-2,25.18896,94.00462,rockfall,rainfall,rock,schist,agriculture,5084,65,37.6,923,147.4,0,0,5,True,12.8,moderate,SDMA
LS-02122,2024-04-16,2023-24,AR,D-AR-06,West Siang,SEG-0060,NH-13,28.15166,94.73887,rotational_slide,rainfall,earth,phyllite,agriculture,1321,35,42.6,620,260.0,0,0,6,True,1.0,minor,NDMA
LS-02123,2024-05-26,2023-24,AR,D-AR-03,West Kameng,SEG-0064,NH-13-W,27.462,92.0528,rockfall,rainfall,rock,phyllite,forest,6270,74,27.3,2731,134.6,0,0,3,False,0.0,moderate,PWD-field
LS-02124,2023-07-08,2023-24,AS,D-AS-09,Sonitpur,SEG-0062,NH-13-W,26.74394,92.75879,mudslide,rainfall,earth,phyllite,forest,2690,55,37.6,1247,145.6,0,0,4,False,0.0,moderate,NDMA
LS-02125,2024-05-01,2023-24,ML,D-ML-01,East Khasi Hills,SEG-0013,NH-6,25.67464,91.89915,rockfall,rainfall,rock,gneiss,settlement,362,22,36.9,1496,279.3,2,0,6,False,0.0,major,GSI-NLSM
LS-02126,2023-07-14,2023-24,MZ,D-MZ-05,Serchhip,SEG-0036,NH-306,23.06448,92.77689,debris_flow,rainfall,debris,schist,settlement,6891,58,40.6,1084,238.2,0,0,1,True,10.4,moderate,NDMA
LS-02127,2023-10-20,2023-24,AR,D-AR-03,West Kameng,SEG-0064,NH-13-W,27.54972,91.9249,translational_slide,rainfall,rock,quartzite,barren,69402,265,37.4,2731,576.5,0,3,37,True,409.8,major,PWD-field
LS-02128,2024-06-25,2023-24,SK,D-SK-01,Gangtok,SEG-0047,NH-10,27.22052,88.51699,earth_flow,rainfall,earth,phyllite,forest,526,20,23.8,1650,200.7,0,0,2,True,1.2,minor,GSI-NLSM
LS-02129,2023-07-27,2023-24,ML,D-ML-02,West Jaintia Hills,SEG-0015,NH-6,25.26834,92.31146,rockfall,rainfall,rock,phyllite,road_cut,291,20,34.5,701,391.2,0,0,3,True,1.4,minor,SDMA
LS-02130,2023-05-02,2023-24,ML,D-ML-01,East Khasi Hills,SEG-0014,NH-6,25.52638,92.03809,rotational_slide,rainfall,earth,sandstone_shale,agriculture,11960,44,35.3,1438,815.6,0,0,0,False,0.0,moderate,SDMA
LS-02131,2023-05-28,2023-24,MN,D-MN-01,Imphal West,SEG-0032,NH-2-S,24.96274,94.1894,rockfall,toe_erosion,rock,phyllite,road_cut,7220,34,44.8,1224,98.8,0,0,2,False,0.0,moderate,PWD-field
LS-02132,2023-10-01,2023-24,MN,D-MN-05,Senapati,SEG-0024,NH-2,24.96216,93.96483,rotational_slide,rainfall,earth,phyllite,road_cut,8100,86,29.4,923,614.8,0,0,2,False,0.0,moderate,NDMA
LS-02133,2023-05-09,2023-24,AR,D-AR-06,West Siang,SEG-0060,NH-13,28.11098,94.62518,debris_flow,rainfall,debris,phyllite,settlement,254,21,42.4,620,284.9,0,0,0,True,1.0,minor,GSI-NLSM
LS-02134,2023-06-06,2023-24,SK,D-SK-02,Mangan,SEG-0050,NH-310,27.54052,88.55878,debris_flow,rainfall,debris,gneiss,road_cut,2155,28,36.3,1250,160.9,0,0,6,True,6.1,moderate,PWD-field
LS-02135,2023-09-23,2023-24,WB,D-WB-01,Siliguri,SEG-0046,NH-10,26.90345,88.45128,rockfall,rainfall,rock,quartzite,jhum_cultivation,206,22,48.9,886,519.9,0,0,3,False,0.0,minor,GSI-NLSM
LS-02136,2024-08-16,2023-24,AR,D-AR-03,West Kameng,SEG-0064,NH-13-W,27.47945,92.03922,debris_flow,rainfall,debris,phyllite,barren,1117,30,35.0,2731,244.5,0,0,5,False,0.0,minor,GSI-NLSM
LS-02137,2023-08-02,2023-24,MN,D-MN-02,Churachandpur,SEG-0031,NH-2-S,24.43981,93.73582,rotational_slide,rainfall,earth,schist,agriculture,2170,52,40.3,850,198.3,0,0,0,True,16.8,moderate,NDMA
LS-02138,2023-06-27,2023-24,ML,D-ML-01,East Khasi Hills,SEG-0014,NH-6,25.50336,92.07517,debris_flow,rainfall,debris,sandstone_shale,settlement,150,9,33.2,1438,653.7,0,0,1,False,0.0,minor,SDMA
LS-02139,2023-01-11,2023-24,AR,D-AR-07,Lohit,SEG-0067,NH-315,27.68907,95.92929,rotational_slide,anthropogenic_cut,earth,laterite,barren,4218,40,25.0,231,4.2,0,0,4,True,8.1,moderate,PWD-field
LS-02140,2024-05-15,2023-24,WB,D-WB-01,Siliguri,SEG-0046,NH-10,26.89909,88.43402,rockfall,anthropogenic_cut,rock,sandstone_shale,barren,921,38,42.9,886,26.8,0,0,1,False,0.0,minor,GSI-NLSM
LS-02141,2023-07-10,2023-24,SK,D-SK-01,Gangtok,SEG-0052,NH-510,27.24141,88.48317,mudslide,rainfall,earth,sandstone_shale,road_cut,1047,29,37.2,1662,382.9,0,0,1,True,8.6,moderate,PWD-field
LS-02142,2024-08-10,2023-24,TR,D-TR-02,North Tripura,SEG-0043,NH-8,24.38975,92.22327,translational_slide,rainfall,rock,sandstone_shale,barren,3001,41,18.1,34,395.3,0,0,3,False,0.0,moderate,NDMA
LS-02143,2024-04-14,2023-24,MN,D-MN-01,Imphal West,SEG-0032,NH-2-S,24.86258,93.99575,debris_flow,rainfall,debris,phyllite,settlement,51316,123,42.9,1224,225.2,0,1,3,True,176.2,major,NDMA
LS-02144,2024-06-24,2023-24,MZ,D-MZ-01,Aizawl,SEG-0035,NH-306,23.65461,92.73813,rockfall,rainfall,rock,phyllite,barren,1501,34,36.1,1216,121.3,0,0,5,False,0.0,minor,GSI-NLSM
LS-02145,2023-06-10,2023-24,AR,D-AR-03,West Kameng,SEG-0063,NH-13-W,27.24135,92.43486,debris_flow,seismic,debris,gneiss,barren,4867,51,26.4,2415,17.2,0,0,6,True,7.1,moderate,NDMA
LS-02146,2023-09-27,2023-24,AS,D-AS-10,Bongaigaon,SEG-0018,NH-27-SPUR,25.96259,90.49892,mudslide,rainfall,earth,phyllite,jhum_cultivation,411,24,8.7,139,145.1,0,0,4,False,0.0,minor,NDMA
LS-02147,2024-06-14,2023-24,ML,D-ML-02,West Jaintia Hills,SEG-0015,NH-6,24.99727,92.50337,translational_slide,rainfall,rock,sandstone_shale,jhum_cultivation,2446,26,33.1,701,320.1,0,0,5,True,5.6,moderate,SDMA
LS-02148,2024-08-06,2023-24,AR,D-AR-04,Lower Subansiri,SEG-0059,NH-13,27.82507,94.07335,rotational_slide,rainfall,earth,schist,barren,1155,42,46.4,1092,170.8,0,0,3,True,1.3,minor,GSI-NLSM
LS-02149,2023-06-25,2023-24,MZ,D-MZ-01,Aizawl,SEG-0037,NH-302,23.70536,92.78014,rockfall,rainfall,rock,quartzite,agriculture,18798,62,40.2,1405,478.3,0,0,4,True,123.2,major,SDMA
LS-02150,2024-05-04,2023-24,AS,D-AS-09,Sonitpur,SEG-0062,NH-13-W,26.94645,92.67144,debris_flow,rainfall,debris,gneiss,agriculture,1763,34,32.1,1247,614.5,0,0,2,True,6.4,moderate,GSI-NLSM
LS-02151,2023-07-13,2023-24,ML,D-ML-01,East Khasi Hills,SEG-0014,NH-6,25.49763,92.1016,debris_flow,rainfall,debris,phyllite,settlement,134,16,30.2,1438,692.2,0,0,1,False,0.0,minor,GSI-NLSM
LS-02152,2024-07-20,2023-24,AR,D-AR-03,West Kameng,SEG-0063,NH-13-W,27.03864,92.60065,rotational_slide,rainfall,earth,schist,barren,12014,90,26.3,2415,393.0,0,0,3,False,0.0,moderate,PWD-field
LS-02153,2024-06-17,2023-24,SK,D-SK-01,Gangtok,SEG-0052,NH-510,27.1602,88.38165,rotational_slide,rainfall,earth,quartzite,agriculture,610,18,42.2,1662,474.1,0,0,3,False,0.0,minor,GSI-NLSM
LS-02154,2023-05-14,2023-24,MN,D-MN-04,Tamenglong,SEG-0029,NH-37,24.8683,93.2577,rotational_slide,rainfall,earth,gneiss,settlement,3673,60,23.3,1260,586.3,0,0,6,True,3.4,moderate,NDMA
LS-02155,2024-05-13,2023-24,NL,D-NL-02,Dimapur,SEG-0021,NH-2,25.81632,93.88178,debris_flow,rainfall,debris,schist,settlement,57,7,45.4,794,308.9,0,0,4,True,1.0,minor,GSI-NLSM
LS-02156,2024-06-04,2023-24,AR,D-AR-06,West Siang,SEG-0060,NH-13,27.99248,94.2667,debris_flow,anthropogenic_cut,debris,phyllite,settlement,15481,137,54.7,620,59.1,0,0,3,False,0.0,moderate,SDMA
LS-02157,2023-02-06,2023-24,AR,D-AR-04,Lower Subansiri,SEG-0059,NH-13,27.77711,94.0511,rotational_slide,rainfall,earth,gneiss,agriculture,106,6,47.0,1092,528.9,0,0,4,True,1.0,minor,SDMA
LS-02158,2023-07-19,2023-24,NL,D-NL-01,Kohima,SEG-0025,NH-29,25.96962,94.20572,rockfall,seismic,rock,schist,agriculture,237,19,52.1,1378,86.9,0,0,2,True,1.1,minor,NDMA
LS-02159,2023-07-02,2023-24,AR,D-AR-03,West Kameng,SEG-0063,NH-13-W,27.05346,92.60547,debris_flow,rainfall,debris,sandstone_shale,road_cut,699,32,22.7,2415,216.1,0,0,6,False,0.0,minor,GSI-NLSM
LS-02160,2024-05-13,2023-24,ML,D-ML-01,East Khasi Hills,SEG-0014,NH-6,25.53053,92.00702,debris_flow,rainfall,debris,phyllite,forest,203,9,40.4,1438,624.1,0,0,4,True,1.0,minor,NDMA
LS-02161,2023-07-16,2023-24,NL,D-NL-01,Kohima,SEG-0025,NH-29,25.81261,94.15696,debris_flow,rainfall,debris,quartzite,agriculture,407,16,36.2,1378,355.4,1,2,1,True,2.6,major,SDMA
LS-02162,2023-04-25,2023-24,ML,D-ML-02,West Jaintia Hills,SEG-0015,NH-6,25.12069,92.42578,mudslide,rainfall,earth,schist,forest,2763,54,26.8,701,211.2,0,0,1,True,1.0,moderate,NDMA
LS-02163,2024-07-27,2023-24,AR,D-AR-09,Dibang Valley,SEG-0066,NH-315,28.04744,95.97975,mudslide,rainfall,earth,phyllite,barren,6982,60,39.9,1099,558.5,0,0,6,True,43.6,moderate,GSI-NLSM
LS-02164,2024-10-23,2023-24,AS,D-AS-09,Sonitpur,SEG-0062,NH-13-W,26.71865,92.7533,mudslide,rainfall,earth,sandstone_shale,road_cut,1687,49,40.1,1247,494.0,0,0,1,True,1.0,minor,NDMA
LS-02165,2023-08-24,2023-24,AS,D-AS-07,Dima Hasao,SEG-0069,NH-27-DH,24.90678,92.83263,mudslide,rainfall,earth,quartzite,road_cut,4333,79,28.9,352,570.1,0,0,5,True,20.9,moderate,GSI-NLSM
LS-02166,2023-09-21,2023-24,AR,D-AR-05,East Siang,SEG-0065,NH-315,28.10732,95.64941,rockfall,rainfall,rock,schist,road_cut,903,37,27.5,1060,286.2,0,0,0,False,0.0,minor,NDMA
LS-02167,2023-09-26,2023-24,ML,D-ML-04,East Garo Hills,SEG-0020,NH-27-SPUR,25.32507,90.63005,rotational_slide,rainfall,earth,phyllite,settlement,5953,90,24.7,450,612.8,0,0,4,False,0.0,moderate,GSI-NLSM
LS-02168,2024-09-23,2023-24,AR,D-AR-09,Dibang Valley,SEG-0066,NH-315,28.02723,96.00945,translational_slide,rainfall,rock,quartzite,barren,457,10,55.9,1099,210.9,0,0,2,False,0.0,minor,GSI-NLSM
LS-02169,2023-04-01,2023-24,MZ,D-MZ-04,Kolasib,SEG-0034,NH-306,23.78004,92.72293,rockfall,rainfall,rock,gneiss,jhum_cultivation,24925,108,32.9,891,195.3,0,0,0,True,64.6,moderate,GSI-NLSM
LS-02170,2024-07-26,2023-24,ML,D-ML-01,East Khasi Hills,SEG-0014,NH-6,25.50805,92.06176,rockfall,anthropogenic_cut,rock,gneiss,settlement,186,7,39.2,1438,103.4,0,0,1,False,0.0,minor,NDMA
LS-02171,2023-10-10,2023-24,AS,D-AS-06,Cachar,SEG-0033,NH-306,24.72737,92.75898,debris_flow,rainfall,debris,sandstone_shale,settlement,3129,53,15.1,337,314.1,0,0,1,False,0.0,moderate,PWD-field
LS-02172,2024-10-20,2023-24,ML,D-ML-02,West Jaintia Hills,SEG-0015,NH-6,25.04876,92.47693,translational_slide,seismic,rock,gneiss,road_cut,10311,47,33.8,701,140.0,0,0,4,True,50.1,moderate,NDMA
LS-02173,2024-04-01,2023-24,AR,D-AR-04,Lower Subansiri,SEG-0059,NH-13,27.66435,93.93613,translational_slide,rainfall,rock,gneiss,barren,1722,39,42.5,1092,337.4,0,0,3,False,0.0,minor,NDMA
LS-02174,2024-07-03,2023-24,ML,D-ML-01,East Khasi Hills,SEG-0014,NH-6,25.51138,92.07893,rockfall,rainfall,rock,quartzite,settlement,109,12,35.2,1438,597.0,0,0,3,False,0.0,minor,GSI-NLSM
LS-02175,2024-08-23,2023-24,ML,D-ML-01,East Khasi Hills,SEG-0013,NH-6,25.83143,91.8793,debris_flow,rainfall,debris,sandstone_shale,settlement,1508,51,45.2,1496,617.3,0,0,0,False,0.0,minor,NDMA
LS-02176,2023-06-08,2023-24,ML,D-ML-01,East Khasi Hills,SEG-0013,NH-6,25.6134,91.88625,debris_flow,rainfall,debris,gneiss,agriculture,363,23,44.5,1496,311.0,0,0,2,True,1.7,minor,PWD-field
LS-02177,2024-09-16,2023-24,MN,D-MN-04,Tamenglong,SEG-0029,NH-37,24.88429,93.29759,translational_slide,toe_erosion,rock,sandstone_shale,agriculture,5084,44,28.2,1260,68.2,0,0,3,True,4.5,moderate,GSI-NLSM
LS-02178,2024-08-13,2023-24,AR,D-AR-03,West Kameng,SEG-0064,NH-13-W,27.31717,92.31949,rockfall,rainfall,rock,quartzite,road_cut,10397,117,28.9,2731,261.1,0,0,1,True,49.1,moderate,GSI-NLSM
LS-02179,2023-07-07,2023-24,NL,D-NL-02,Dimapur,SEG-0021,NH-2,25.75457,93.96802,rockfall,rainfall,rock,sandstone_shale,jhum_cultivation,15020,145,33.0,794,446.5,0,0,3,True,10.5,moderate,PWD-field
LS-02180,2024-09-20,2023-24,ML,D-ML-01,East Khasi Hills,SEG-0014,NH-6,25.56731,91.93061,rockfall,anthropogenic_cut,rock,quartzite,road_cut,2138,59,40.1,1438,84.3,0,0,5,True,6.8,moderate,PWD-field
LS-02181,2023-05-22,2023-24,NL,D-NL-03,Mokokchung,SEG-0027,NH-29,26.29912,94.67568,mudslide,toe_erosion,earth,gneiss,forest,503,15,42.1,1348,113.8,0,0,0,True,1.0,minor,GSI-NLSM
LS-02182,2023-06-26,2023-24,ML,D-ML-02,West Jaintia Hills,SEG-0015,NH-6,24.95316,92.52643,translational_slide,anthropogenic_cut,rock,quartzite,jhum_cultivation,13596,137,32.7,701,21.9,0,0,1,False,0.0,moderate,SDMA
LS-02183,2024-07-15,2023-24,SK,D-SK-01,Gangtok,SEG-0052,NH-510,27.24935,88.49981,rotational_slide,rainfall,earth,quartzite,agriculture,20237,131,48.1,1662,416.9,0,0,1,False,0.0,moderate,GSI-NLSM
LS-02184,2024-04-05,2023-24,AS,D-AS-02,Nagaon,SEG-0070,NH-36,26.25933,92.825,mudslide,rainfall,earth,siltstone,forest,5324,36,25.3,123,362.5,0,0,2,True,7.0,moderate,GSI-NLSM
LS-02185,2023-09-24,2023-24,NL,D-NL-04,Wokha,SEG-0026,NH-29,26.27326,94.4667,debris_flow,anthropogenic_cut,debris,schist,jhum_cultivation,36050,178,28.4,1319,69.5,3,2,27,True,64.6,major,SDMA
LS-02186,2023-09-26,2023-24,AR,D-AR-03,West Kameng,SEG-0064,NH-13-W,27.32296,92.31729,debris_flow,rainfall,debris,schist,road_cut,872,26,33.1,2731,427.3,0,0,3,False,0.0,minor,PWD-field
LS-02187,2024-07-10,2023-24,AR,D-AR-04,Lower Subansiri,SEG-0059,NH-13,27.71317,93.98837,rockfall,rainfall,rock,phyllite,jhum_cultivation,705,32,34.8,1092,385.9,0,0,5,True,2.3,minor,SDMA
LS-02188,2024-07-01,2023-24,NL,D-NL-01,Kohima,SEG-0025,NH-29,26.04664,94.24235,translational_slide,rainfall,rock,schist,road_cut,2079,31,50.4,1378,604.0,0,0,2,True,10.9,moderate,NDMA
LS-02189,2023-04-16,2023-24,MZ,D-MZ-01,Aizawl,SEG-0035,NH-306,23.60328,92.75043,translational_slide,rainfall,rock,quartzite,agriculture,135,6,29.3,1216,586.9,0,0,6,True,1.0,minor,GSI-NLSM
LS-02190,2023-06-01,2023-24,MZ,D-MZ-04,Kolasib,SEG-0034,NH-306,24.0951,92.68993,debris_flow,rainfall,debris,phyllite,barren,954,23,39.8,891,407.3,0,0,1,True,3.5,minor,GSI-NLSM
LS-02191,2023-04-02,2023-24,SK,D-SK-02,Mangan,SEG-0050,NH-310,27.59475,88.62961,rockfall,rainfall,rock,schist,forest,2605,27,38.9,1250,505.9,0,0,3,True,3.5,moderate,GSI-NLSM
LS-02192,2024-08-01,2023-24,AR,D-AR-01,Papum Pare,SEG-0058,NH-13,27.5059,93.80563,debris_flow,rainfall,debris,gneiss,jhum_cultivation,2883,70,24.1,1002,125.4,0,0,4,False,0.0,moderate,NDMA
LS-02193,2023-09-10,2023-24,ML,D-ML-01,East Khasi Hills,SEG-0014,NH-6,25.5176,92.02636,rockfall,rainfall,rock,sandstone_shale,barren,3760,56,40.5,1438,617.0,0,0,2,True,13.0,moderate,GSI-NLSM
LS-02194,2023-02-07,2023-24,AS,D-AS-12,Karimganj,SEG-0016,NH-6,24.8381,92.7421,mudslide,rainfall,earth,alluvium,jhum_cultivation,819,43,8,24,470.8,0,0,2,False,0.0,minor,NDMA
LS-02195,2023-10-02,2023-24,AR,D-AR-06,West Siang,SEG-0061,NH-13,28.14785,94.90949,rockfall,rainfall,rock,schist,barren,9509,107,20.4,386,364.5,0,0,0,True,11.0,moderate,GSI-NLSM
LS-02196,2024-07-17,2023-24,NL,D-NL-03,Mokokchung,SEG-0027,NH-29,26.30088,94.73399,translational_slide,rainfall,rock,schist,jhum_cultivation,1145,31,37.8,1348,354.1,0,0,5,False,0.0,minor,GSI-NLSM
LS-02197,2024-08-09,2023-24,AR,D-AR-03,West Kameng,SEG-0064,NH-13-W,27.50305,92.01094,rotational_slide,rainfall,earth,quartzite,settlement,254,16,27.8,2731,329.9,0,0,3,True,1.0,minor,SDMA
LS-02198,2023-09-23,2023-24,ML,D-ML-02,West Jaintia Hills,SEG-0015,NH-6,25.25042,92.33233,translational_slide,anthropogenic_cut,rock,schist,forest,20781,141,43.0,701,24.0,0,0,5,False,0.0,moderate,PWD-field
LS-02199,2024-08-09,2023-24,SK,D-SK-01,Gangtok,SEG-0047,NH-10,27.19461,88.51288,earth_flow,rainfall,earth,gneiss,agriculture,333,16,29.6,1650,544.3,0,0,6,False,0.0,minor,PWD-field
LS-02200,2024-05-04,2023-24,AS,D-AS-01,Kamrup Metropolitan,SEG-0012,NH-6,25.92413,91.86695,rockfall,anthropogenic_cut,rock,schist,forest,810,28,22.2,775,6.0,0,0,5,True,1.0,minor,GSI-NLSM
LS-02201,2024-05-01,2023-24,NL,D-NL-02,Dimapur,SEG-0021,NH-2,25.69537,94.07313,translational_slide,rainfall,rock,sandstone_shale,jhum_cultivation,1033,20,41.8,794,522.4,0,0,0,True,2.3,minor,GSI-NLSM
LS-02202,2023-10-27,2023-24,SK,D-SK-03,Namchi,SEG-0053,NH-510,27.11375,88.32377,translational_slide,toe_erosion,rock,gneiss,barren,427,14,37.4,1675,53.6,0,0,3,True,3.0,minor,SDMA
LS-02203,2024-07-01,2023-24,MZ,D-MZ-01,Aizawl,SEG-0037,NH-302,23.62438,92.94987,translational_slide,rainfall,rock,schist,settlement,119,12,47.1,1405,477.1,0,0,4,False,0.0,minor,PWD-field
LS-02204,2023-09-20,2023-24,WB,D-WB-01,Siliguri,SEG-0046,NH-10,26.77296,88.41315,rockfall,rainfall,rock,phyllite,barren,21810,109,45.1,886,597.0,0,0,2,True,92.7,major,GSI-NLSM
LS-02205,2023-06-05,2023-24,MZ,D-MZ-04,Kolasib,SEG-0034,NH-306,24.1517,92.67543,debris_flow,anthropogenic_cut,debris,schist,barren,2005,46,42.7,891,136.9,0,0,3,True,2.7,moderate,NDMA
LS-02206,2023-08-21,2023-24,AS,D-AS-08,Karbi Anglong,SEG-0071,NH-36,25.87299,93.62144,rotational_slide,rainfall,earth,sandstone_shale,barren,412,14,26.3,165,329.2,0,0,2,False,0.0,minor,GSI-NLSM
LS-02207,2024-08-18,2023-24,ML,D-ML-01,East Khasi Hills,SEG-0013,NH-6,25.60334,91.89466,translational_slide,rainfall,rock,phyllite,road_cut,1196,49,40.2,1496,316.5,0,0,0,True,3.7,minor,PWD-field
LS-02208,2024-08-04,2023-24,ML,D-ML-01,East Khasi Hills,SEG-0014,NH-6,25.49481,92.07797,debris_flow,rainfall,debris,sandstone_shale,settlement,1071,42,21.5,1438,562.0,0,0,4,True,1.9,minor,SDMA
LS-02209,2023-07-12,2023-24,SK,D-SK-01,Gangtok,SEG-0052,NH-510,27.22923,88.45513,rotational_slide,rainfall,earth,gneiss,jhum_cultivation,12985,95,37.6,1662,446.8,0,0,4,True,94.7,major,NDMA
LS-02210,2023-08-01,2023-24,SK,D-SK-01,Gangtok,SEG-0049,NH-310,27.4308,88.55703,debris_flow,rainfall,debris,schist,road_cut,25,5,21.8,1450,604.0,0,0,2,False,0.0,minor,GSI-NLSM
LS-02211,2024-07-28,2023-24,AS,D-AS-10,Bongaigaon,SEG-0018,NH-27-SPUR,26.0976,90.57842,translational_slide,rainfall,rock,phyllite,jhum_cultivation,180,16,12.3,139,361.2,0,0,2,False,0.0,minor,SDMA
LS-02212,2024-08-27,2023-24,AR,D-AR-06,West Siang,SEG-0060,NH-13,28.14131,94.69672,mudslide,rainfall,earth,quartzite,forest,4737,61,38.1,620,408.2,0,0,6,False,0.0,moderate,GSI-NLSM
LS-02213,2023-09-23,2023-24,ML,D-ML-03,West Garo Hills,SEG-0019,NH-27-SPUR,25.50869,90.37013,translational_slide,rainfall,rock,laterite,forest,2337,26,14.7,337,331.0,0,0,0,True,4.7,moderate,SDMA
LS-02214,2024-06-14,2023-24,MN,D-MN-04,Tamenglong,SEG-0029,NH-37,24.86307,93.25069,rockfall,rainfall,rock,quartzite,agriculture,104,14,20.0,1260,292.1,0,0,3,True,1.0,minor,GSI-NLSM
LS-02215,2024-08-15,2023-24,SK,D-SK-04,Gyalshing,SEG-0055,NH-510,27.32002,88.25583,translational_slide,anthropogenic_cut,rock,gneiss,road_cut,58,8,51.0,1780,14.0,0,0,1,True,1.2,minor,SDMA
LS-02216,2024-06-22,2023-24,ML,D-ML-01,East Khasi Hills,SEG-0013,NH-6,25.80752,91.88404,translational_slide,rainfall,rock,schist,forest,6551,45,50.3,1496,673.9,0,0,3,True,34.4,moderate,SDMA
LS-02217,2024-08-28,2023-24,AR,D-AR-03,West Kameng,SEG-0063,NH-13-W,27.1068,92.56342,mudslide,rainfall,earth,sandstone_shale,forest,560,13,27.7,2415,188.5,0,0,1,True,2.2,minor,SDMA
LS-02218,2024-08-21,2023-24,ML,D-ML-01,East Khasi Hills,SEG-0013,NH-6,25.82363,91.89318,debris_flow,rainfall,debris,sandstone_shale,jhum_cultivation,10790,108,50.0,1496,910.0,0,0,4,True,14.2,moderate,GSI-NLSM
LS-02219,2024-08-07,2023-24,SK,D-SK-01,Gangtok,SEG-0048,NH-10,27.25997,88.53096,rockfall,rainfall,rock,schist,barren,2864,57,43.1,1650,508.9,0,0,2,True,7.8,moderate,PWD-field
LS-02220,2024-05-03,2023-24,NL,D-NL-04,Wokha,SEG-0026,NH-29,26.24682,94.43089,earth_flow,rainfall,earth,quartzite,forest,247,14,33.3,1319,423.1,0,0,0,False,0.0,minor,NDMA
LS-02221,2023-08-23,2023-24,AR,D-AR-01,Papum Pare,SEG-0057,NH-15,27.19506,93.96959,rockfall,rainfall,rock,sandstone_shale,agriculture,2027,26,19.6,259,353.5,0,0,3,True,2.8,moderate,PWD-field
LS-02222,2023-06-19,2023-24,AR,D-AR-06,West Siang,SEG-0061,NH-13,28.08556,95.19803,rockfall,rainfall,rock,gneiss,forest,1396,23,39.6,386,386.5,0,0,3,False,0.0,minor,SDMA
LS-02223,2024-06-14,2023-24,ML,D-ML-01,East Khasi Hills,SEG-0013,NH-6,25.77462,91.88605,translational_slide,anthropogenic_cut,rock,schist,settlement,2834,63,34.8,1496,5.1,1,3,1,True,6.9,major,PWD-field
LS-02224,2024-08-07,2023-24,AR,D-AR-03,West Kameng,SEG-0064,NH-13-W,27.50273,92.02398,debris_flow,rainfall,debris,gneiss,forest,1069,33,30.8,2731,463.5,0,0,0,True,6.4,moderate,NDMA
LS-02225,2024-05-17,2023-24,SK,D-SK-01,Gangtok,SEG-0049,NH-310,27.41828,88.56924,earth_flow,toe_erosion,earth,schist,barren,1969,56,24.0,1450,109.0,0,0,3,False,0.0,minor,GSI-NLSM
LS-02226,2024-06-08,2023-24,ML,D-ML-02,West Jaintia Hills,SEG-0015,NH-6,25.33857,92.27216,translational_slide,seismic,rock,gneiss,jhum_cultivation,1629,27,31.8,701,0.1,0,0,1,True,6.4,moderate,NDMA
LS-02227,2023-06-20,2023-24,MN,D-MN-01,Imphal West,SEG-0032,NH-2-S,24.90828,94.11452,debris_flow,rainfall,debris,sandstone_shale,barren,129,19,47.5,1224,157.8,0,0,1,True,1.0,minor,GSI-NLSM
LS-02228,2024-10-02,2023-24,AR,D-AR-03,West Kameng,SEG-0064,NH-13-W,27.4245,92.15268,rockfall,rainfall,rock,schist,jhum_cultivation,1755,41,29.1,2731,280.6,0,0,5,False,0.0,minor,GSI-NLSM
LS-02229,2023-08-14,2023-24,NL,D-NL-04,Wokha,SEG-0026,NH-29,26.14107,94.31407,rockfall,rainfall,rock,quartzite,forest,3515,38,28.0,1319,417.2,0,0,3,False,0.0,moderate,GSI-NLSM
LS-02230,2024-06-18,2023-24,AR,D-AR-01,Papum Pare,SEG-0058,NH-13,27.1648,93.64506,rotational_slide,anthropogenic_cut,earth,sandstone_shale,forest,547,21,31.0,1002,9.0,0,0,0,False,0.0,minor,NDMA
LS-02231,2023-09-17,2023-24,ML,D-ML-01,East Khasi Hills,SEG-0013,NH-6,25.78231,91.88553,earth_flow,rainfall,earth,quartzite,agriculture,389,22,43.4,1496,377.2,0,0,0,False,0.0,minor,PWD-field
LS-02232,2024-12-26,2023-24,AR,D-AR-03,West Kameng,SEG-0064,NH-13-W,27.41981,92.17104,debris_flow,seismic,debris,schist,agriculture,9533,93,32.5,2731,49.3,0,0,0,True,4.5,moderate,GSI-NLSM
LS-02233,2023-03-18,2023-24,NL,D-NL-01,Kohima,SEG-0025,NH-29,26.05912,94.24097,translational_slide,rainfall,rock,schist,settlement,1638,55,46.0,1378,286.7,0,0,6,True,3.4,minor,NDMA
LS-02234,2023-05-25,2023-24,AR,D-AR-03,West Kameng,SEG-0064,NH-13-W,27.47944,92.04569,debris_flow,rainfall,debris,sandstone_shale,settlement,2331,32,36.5,2731,199.9,0,0,3,True,3.2,moderate,SDMA
LS-02235,2024-05-12,2023-24,MN,D-MN-01,Imphal West,SEG-0032,NH-2-S,24.88698,94.06042,earth_flow,rainfall,earth,quartzite,forest,1034,16,44.8,1224,242.5,0,0,2,False,0.0,minor,PWD-field
LS-02236,2024-09-22,2023-24,AR,D-AR-06,West Siang,SEG-0060,NH-13,28.02527,94.3256,debris_flow,rainfall,debris,sandstone_shale,agriculture,1806,40,53.3,620,572.7,0,0,2,True,2.8,minor,SDMA
LS-02237,2024-08-08,2023-24,AR,D-AR-03,West Kameng,SEG-0064,NH-13-W,27.533,91.9601,rotational_slide,rainfall,earth,sandstone_shale,forest,245,21,34.1,2731,446.9,0,0,3,False,0.0,minor,SDMA
LS-02238,2024-07-19,2023-24,SK,D-SK-02,Mangan,SEG-0051,NH-310,27.61817,88.65969,rockfall,rainfall,rock,quartzite,forest,207,17,51.4,1250,420.5,0,0,1,True,1.0,minor,GSI-NLSM
LS-02239,2024-07-17,2023-24,AR,D-AR-03,West Kameng,SEG-0064,NH-13-W,27.44199,92.12619,debris_flow,rainfall,debris,quartzite,settlement,1399,47,37.5,2731,237.0,0,0,2,True,3.9,minor,GSI-NLSM
LS-02240,2024-08-25,2023-24,MN,D-MN-04,Tamenglong,SEG-0029,NH-37,24.82454,93.17474,debris_flow,rainfall,debris,phyllite,agriculture,296,26,31.7,1260,363.6,0,0,4,False,0.0,minor,GSI-NLSM
LS-02241,2024-08-10,2023-24,AS,D-AS-01,Kamrup Metropolitan,SEG-0012,NH-6,25.98963,91.83434,translational_slide,rainfall,rock,sandstone_shale,jhum_cultivation,8996,54,38.1,775,431.2,0,0,2,True,24.4,moderate,GSI-NLSM
LS-02242,2024-07-10,2023-24,ML,D-ML-01,East Khasi Hills,SEG-0014,NH-6,25.53988,91.9754,rotational_slide,rainfall,earth,sandstone_shale,jhum_cultivation,835,17,31.8,1438,378.0,0,0,5,False,0.0,minor,PWD-field
LS-02243,2024-04-25,2023-24,AR,D-AR-01,Papum Pare,SEG-0057,NH-15,27.1139,93.72324,debris_flow,rainfall,debris,siltstone,forest,12670,62,29.1,259,531.6,0,0,4,False,0.0,moderate,NDMA
LS-02244,2023-06-22,2023-24,WB,D-WB-01,Siliguri,SEG-0046,NH-10,26.93407,88.44747,debris_flow,rainfall,debris,schist,barren,157,12,40.2,886,427.6,0,0,0,True,1.0,minor,GSI-NLSM
LS-02245,2023-05-15,2023-24,NL,D-NL-03,Mokokchung,SEG-0027,NH-29,26.30169,94.69613,translational_slide,rainfall,rock,sandstone_shale,barren,3820,43,35.3,1348,240.7,0,0,1,True,7.0,moderate,GSI-NLSM
LS-02246,2023-10-04,2023-24,ML,D-ML-01,East Khasi Hills,SEG-0014,NH-6,25.55157,91.98149,rockfall,toe_erosion,rock,phyllite,jhum_cultivation,1865,54,31.5,1438,0.5,0,0,1,False,0.0,minor,PWD-field
LS-02247,2024-08-20,2023-24,MZ,D-MZ-01,Aizawl,SEG-0037,NH-302,23.65291,92.87843,debris_flow,anthropogenic_cut,debris,schist,forest,168,21,47.0,1405,29.1,2,4,2,True,1.0,major,GSI-NLSM
LS-02248,2023-06-03,2023-24,AS,D-AS-01,Kamrup Metropolitan,SEG-0012,NH-6,26.04768,91.78838,debris_flow,anthropogenic_cut,debris,schist,agriculture,2464,22,30.8,775,102.8,0,0,3,False,0.0,moderate,PWD-field
LS-02249,2024-07-14,2023-24,MN,D-MN-04,Tamenglong,SEG-0030,NH-37,24.81285,93.0762,rotational_slide,anthropogenic_cut,earth,phyllite,forest,120,10,35.3,642,36.4,0,0,0,False,0.0,minor,NDMA
LS-02250,2024-05-28,2023-24,AR,D-AR-03,West Kameng,SEG-0064,NH-13-W,27.28722,92.38383,debris_flow,toe_erosion,debris,sandstone_shale,settlement,3833,59,25.1,2731,117.1,0,0,4,False,0.0,moderate,GSI-NLSM
LS-02251,2023-06-01,2023-24,AR,D-AR-05,East Siang,SEG-0065,NH-315,28.09385,95.49461,rockfall,anthropogenic_cut,rock,sandstone_shale,jhum_cultivation,3958,78,30.7,1060,87.9,0,0,6,False,0.0,moderate,NDMA
LS-02252,2024-06-21,2023-24,ML,D-ML-01,East Khasi Hills,SEG-0013,NH-6,25.74645,91.88342,debris_flow,anthropogenic_cut,debris,phyllite,road_cut,5710,74,44.6,1496,112.0,0,0,2,False,0.0,moderate,PWD-field
LS-02253,2024-08-01,2023-24,AR,D-AR-07,Lohit,SEG-0067,NH-315,27.85315,96.1014,earth_flow,anthropogenic_cut,earth,phyllite,jhum_cultivation,10234,78,19.3,231,64.4,0,0,3,True,26.2,moderate,GSI-NLSM
LS-02254,2023-06-03,2023-24,MN,D-MN-01,Imphal West,SEG-0032,NH-2-S,24.97494,94.22451,rotational_slide,rainfall,earth,phyllite,barren,1278,39,38.0,1224,508.2,0,0,6,True,6.6,moderate,PWD-field
LS-02255,2023-07-12,2023-24,ML,D-ML-02,West Jaintia Hills,SEG-0015,NH-6,25.00699,92.49999,rockfall,rainfall,rock,gneiss,road_cut,3159,25,41.6,701,476.8,0,0,4,True,20.3,moderate,SDMA
LS-02256,2024-05-22,2023-24,AS,D-AS-09,Sonitpur,SEG-0056,NH-15,27.03749,93.52274,rotational_slide,rainfall,earth,phyllite,jhum_cultivation,682,31,11.3,259,232.0,0,0,6,False,0.0,minor,PWD-field
LS-02257,2023-04-18,2023-24,MZ,D-MZ-01,Aizawl,SEG-0037,NH-302,23.61395,92.99015,translational_slide,rainfall,rock,quartzite,jhum_cultivation,34347,151,49.2,1405,254.5,1,0,14,True,483.6,major,GSI-NLSM
LS-02258,2024-02-26,2023-24,SK,D-SK-04,Gyalshing,SEG-0055,NH-510,27.32398,88.25047,translational_slide,rainfall,rock,phyllite,barren,101,16,35.1,1780,446.7,2,6,5,True,1.0,major,GSI-NLSM
LS-02259,2023-06-17,2023-24,AS,D-AS-08,Karbi Anglong,SEG-0068,NH-27-DH,25.45499,93.0947,mudslide,rainfall,earth,gneiss,barren,3874,52,43.7,433,324.3,0,0,1,True,27.1,moderate,GSI-NLSM
LS-02260,2024-09-05,2023-24,AR,D-AR-04,Lower Subansiri,SEG-0059,NH-13,27.8236,94.06128,debris_flow,rainfall,debris,sandstone_shale,agriculture,1389,32,42.6,1092,191.1,0,0,0,False,0.0,minor,SDMA
LS-02261,2024-07-25,2023-24,ML,D-ML-02,West Jaintia Hills,SEG-0015,NH-6,25.2,92.37894,earth_flow,rainfall,earth,gneiss,forest,52051,80,37.1,701,920.0,0,0,1,True,102.1,major,PWD-field
LS-02262,2023-10-25,2023-24,NL,D-NL-04,Wokha,SEG-0026,NH-29,26.22236,94.39318,debris_flow,rainfall,debris,phyllite,agriculture,102078,312,35.4,1319,413.5,0,2,21,True,138.7,major,NDMA
LS-02263,2023-09-08,2023-24,ML,D-ML-01,East Khasi Hills,SEG-0014,NH-6,25.54865,91.94544,debris_flow,rainfall,debris,sandstone_shale,jhum_cultivation,956,33,30.3,1438,854.2,0,0,6,False,0.0,minor,SDMA
LS-02264,2023-06-07,2023-24,SK,D-SK-01,Gangtok,SEG-0052,NH-510,27.20165,88.42978,translational_slide,rainfall,rock,gneiss,road_cut,3099,31,44.3,1662,471.9,0,0,6,True,61.8,moderate,NDMA
LS-02265,2024-08-01,2023-24,ML,D-ML-01,East Khasi Hills,SEG-0014,NH-6,25.53086,92.02399,mudslide,rainfall,earth,gneiss,barren,1258,16,30.0,1438,567.2,0,0,0,False,0.0,minor,PWD-field
LS-02266,2023-07-23,2023-24,WB,D-WB-01,Siliguri,SEG-0046,NH-10,27.03332,88.49628,debris_flow,rainfall,debris,sandstone_shale,jhum_cultivation,838,39,54.4,886,593.2,0,0,3,False,0.0,minor,PWD-field
LS-02267,2024-07-02,2023-24,AS,D-AS-08,Karbi Anglong,SEG-0071,NH-36,25.85541,93.49211,rotational_slide,rainfall,earth,phyllite,settlement,12682,111,15.5,165,551.0,0,0,5,True,46.8,moderate,GSI-NLSM
LS-02268,2023-03-06,2023-24,ML,D-ML-02,West Jaintia Hills,SEG-0015,NH-6,25.01156,92.48918,debris_flow,anthropogenic_cut,debris,schist,barren,1069,34,25.3,701,9.6,0,0,3,True,1.1,minor,SDMA
LS-02269,2023-06-15,2023-24,SK,D-SK-02,Mangan,SEG-0050,NH-310,27.54033,88.56524,debris_flow,anthropogenic_cut,debris,schist,forest,1585,19,42.3,1250,75.8,0,0,2,False,0.0,minor,SDMA
LS-02270,2024-07-02,2023-24,AS,D-AS-09,Sonitpur,SEG-0062,NH-13-W,26.88048,92.696,mudslide,rainfall,earth,sandstone_shale,barren,462,14,27.5,1247,267.6,0,0,0,True,1.0,minor,GSI-NLSM
LS-02271,2023-10-20,2023-24,ML,D-ML-02,West Jaintia Hills,SEG-0015,NH-6,25.35516,92.25711,rotational_slide,rainfall,earth,phyllite,settlement,81,13,25.0,701,295.0,0,0,4,True,1.0,minor,SDMA
LS-02272,2023-04-24,2023-24,AS,D-AS-09,Sonitpur,SEG-0062,NH-13-W,26.74673,92.75983,rockfall,rainfall,rock,quartzite,road_cut,188,22,41.3,1247,274.3,2,0,1,True,1.2,major,PWD-field
LS-02273,2024-06-07,2023-24,TR,D-TR-01,West Tripura,SEG-0039,NH-8,23.99624,91.49001,rotational_slide,rainfall,earth,phyllite,barren,873,30,18.3,36,352.0,0,0,2,False,0.0,minor,PWD-field
LS-02274,2024-08-24,2023-24,SK,D-SK-01,Gangtok,SEG-0049,NH-310,27.4119,88.57715,rockfall,rainfall,rock,sandstone_shale,road_cut,1962,32,27.4,1450,151.2,0,0,0,True,13.9,moderate,NDMA
LS-02275,2023-08-01,2023-24,WB,D-WB-01,Siliguri,SEG-0046,NH-10,26.93041,88.46058,mudslide,rainfall,earth,schist,jhum_cultivation,407,31,50.1,886,454.2,0,0,4,True,1.0,minor,NDMA
LS-02276,2024-05-03,2023-24,ML,D-ML-01,East Khasi Hills,SEG-0013,NH-6,25.69411,91.88135,debris_flow,rainfall,debris,sandstone_shale,road_cut,785,40,42.7,1496,490.0,0,0,0,False,0.0,minor,NDMA
LS-02277,2023-04-26,2023-24,ML,D-ML-01,East Khasi Hills,SEG-0013,NH-6,25.65194,91.88275,rotational_slide,rainfall,earth,sandstone_shale,road_cut,7056,104,48.3,1496,531.8,0,0,3,True,4.7,moderate,GSI-NLSM
LS-02278,2023-08-03,2023-24,ML,D-ML-01,East Khasi Hills,SEG-0014,NH-6,25.51868,92.04795,debris_flow,anthropogenic_cut,debris,gneiss,road_cut,490,24,27.3,1438,35.2,0,0,0,False,0.0,minor,GSI-NLSM
LS-02279,2023-09-26,2023-24,MN,D-MN-04,Tamenglong,SEG-0030,NH-37,24.82329,92.93273,debris_flow,toe_erosion,debris,quartzite,settlement,2280,25,32.0,642,83.1,0,0,4,False,0.0,moderate,GSI-NLSM
LS-02280,2024-10-01,2023-24,MN,D-MN-01,Imphal West,SEG-0032,NH-2-S,24.91851,94.11381,debris_flow,rainfall,debris,sandstone_shale,settlement,1674,25,43.5,1224,498.5,0,0,1,True,3.8,minor,NDMA
LS-02281,2024-07-28,2023-24,MZ,D-MZ-01,Aizawl,SEG-0037,NH-302,23.48851,93.27147,translational_slide,rainfall,rock,quartzite,jhum_cultivation,6549,76,49.1,1405,354.6,0,0,0,True,73.9,major,PWD-field
LS-02282,2023-06-03,2023-24,MN,D-MN-04,Tamenglong,SEG-0029,NH-37,24.94014,93.44606,translational_slide,rainfall,rock,schist,jhum_cultivation,1587,48,22.6,1260,138.3,3,6,3,False,0.0,major,NDMA
LS-02283,2023-07-15,2023-24,SK,D-SK-02,Mangan,SEG-0051,NH-310,27.6167,88.65114,rockfall,rainfall,rock,gneiss,forest,1950,33,42.3,1250,473.5,0,0,0,False,0.0,minor,SDMA
LS-02284,2024-08-07,2023-24,AS,D-AS-09,Sonitpur,SEG-0056,NH-15,26.80741,93.09711,rotational_slide,rainfall,earth,sandstone_shale,road_cut,2170,26,24.8,259,124.3,0,0,4,False,0.0,moderate,NDMA
LS-02285,2023-05-01,2023-24,AR,D-AR-03,West Kameng,SEG-0064,NH-13-W,27.29163,92.37348,rockfall,toe_erosion,rock,quartzite,forest,2819,50,24.7,2731,105.8,0,0,4,True,9.0,moderate,GSI-NLSM
LS-02286,2024-03-20,2023-24,SK,D-SK-01,Gangtok,SEG-0047,NH-10,27.21123,88.50464,debris_flow,rainfall,debris,schist,settlement,1029,23,28.2,1650,499.9,0,0,4,True,1.2,minor,GSI-NLSM
LS-02287,2024-04-24,2023-24,ML,D-ML-01,East Khasi Hills,SEG-0014,NH-6,25.5171,92.04575,debris_flow,rainfall,debris,schist,jhum_cultivation,40108,85,31.5,1438,331.3,0,3,25,True,64.5,major,SDMA
LS-02288,2023-08-04,2023-24,MN,D-MN-05,Senapati,SEG-0024,NH-2,24.88524,93.95815,debris_flow,rainfall,debris,phyllite,barren,6010,97,24.8,923,533.4,0,0,4,True,11.5,moderate,NDMA
LS-02289,2024-09-12,2023-24,MN,D-MN-05,Senapati,SEG-0023,NH-2,25.39576,94.07759,translational_slide,rainfall,rock,gneiss,settlement,1773,28,25.9,1061,516.3,0,0,4,True,3.7,minor,GSI-NLSM
LS-02290,2023-09-05,2023-24,NL,D-NL-01,Kohima,SEG-0022,NH-2,25.64237,94.11087,mudslide,rainfall,earth,sandstone_shale,settlement,9555,94,37.3,1252,378.3,0,0,6,True,11.5,moderate,NDMA
LS-02291,2023-04-04,2023-24,AS,D-AS-01,Kamrup Metropolitan,SEG-0012,NH-6,26.04489,91.80286,rotational_slide,rainfall,earth,sandstone_shale,road_cut,3338,35,38.2,775,470.9,0,0,4,True,1.6,moderate,GSI-NLSM
LS-02292,2024-06-08,2023-24,AS,D-AS-09,Sonitpur,SEG-0062,NH-13-W,26.96543,92.66071,rotational_slide,rainfall,earth,sandstone_shale,agriculture,271,10,43.7,1247,603.7,0,0,3,False,0.0,minor,PWD-field
LS-02293,2023-08-06,2023-24,AR,D-AR-03,West Kameng,SEG-0063,NH-13-W,27.09467,92.55369,debris_flow,anthropogenic_cut,debris,quartzite,road_cut,2167,56,39.8,2415,47.7,0,0,5,True,7.3,moderate,GSI-NLSM
LS-02294,2023-08-16,2023-24,MZ,D-MZ-01,Aizawl,SEG-0035,NH-306,23.65226,92.75035,debris_flow,rainfall,debris,schist,jhum_cultivation,2041,35,34.4,1216,333.9,0,0,4,True,3.9,moderate,NDMA
LS-02295,2024-08-15,2023-24,AR,D-AR-04,Lower Subansiri,SEG-0059,NH-13,27.74321,94.00864,debris_flow,rainfall,debris,phyllite,agriculture,35652,66,44.2,1092,268.3,0,1,35,True,50.8,major,SDMA
LS-02296,2024-06-21,2023-24,ML,D-ML-02,West Jaintia Hills,SEG-0015,NH-6,24.96736,92.52458,rotational_slide,rainfall,earth,phyllite,forest,490,20,41.1,701,299.7,0,0,2,False,0.0,minor,NDMA
LS-02297,2023-05-16,2023-24,TR,D-TR-01,West Tripura,SEG-0039,NH-8,23.88703,91.36201,debris_flow,rainfall,debris,siltstone,agriculture,15222,95,34.1,36,127.9,0,0,6,False,0.0,moderate,GSI-NLSM
LS-02298,2024-07-13,2023-24,MN,D-MN-04,Tamenglong,SEG-0030,NH-37,24.81127,92.96994,debris_flow,rainfall,debris,gneiss,agriculture,279,14,39.0,642,446.1,0,0,0,False,0.0,minor,NDMA
LS-02299,2024-04-05,2023-24,ML,D-ML-02,West Jaintia Hills,SEG-0015,NH-6,25.1055,92.43662,rockfall,toe_erosion,rock,gneiss,forest,2671,30,27.5,701,13.7,0,0,6,True,5.0,moderate,SDMA
LS-02300,2024-09-07,2023-24,SK,D-SK-02,Mangan,SEG-0050,NH-310,27.5198,88.54481,rockfall,anthropogenic_cut,rock,phyllite,settlement,1249,34,40.4,1250,115.8,0,0,6,False,0.0,minor,NDMA
LS-02301,2023-07-26,2023-24,MZ,D-MZ-04,Kolasib,SEG-0034,NH-306,24.0911,92.68944,debris_flow,rainfall,debris,sandstone_shale,road_cut,253,21,30.2,891,567.6,0,0,5,False,0.0,minor,PWD-field
LS-02302,2024-07-15,2023-24,NL,D-NL-03,Mokokchung,SEG-0027,NH-29,26.31741,94.56699,rockfall,toe_erosion,rock,gneiss,settlement,15427,53,31.5,1348,89.9,0,0,0,False,0.0,moderate,SDMA
LS-02303,2023-06-08,2023-24,AR,D-AR-06,West Siang,SEG-0061,NH-13,28.10707,95.12768,rockfall,rainfall,rock,phyllite,agriculture,4062,28,34.8,386,227.1,0,0,0,True,35.8,moderate,SDMA
LS-02304,2024-06-09,2023-24,AR,D-AR-09,Dibang Valley,SEG-0066,NH-315,28.03004,95.98765,rotational_slide,toe_erosion,earth,sandstone_shale,agriculture,684,13,42.6,1099,103.6,0,0,0,False,0.0,minor,PWD-field
LS-02305,2023-06-26,2023-24,AS,D-AS-08,Karbi Anglong,SEG-0068,NH-27-DH,25.34762,93.07142,rockfall,rainfall,rock,schist,jhum_cultivation,586,22,41.1,433,268.4,0,0,1,False,0.0,minor,GSI-NLSM
LS-02306,2024-05-16,2023-24,AS,D-AS-09,Sonitpur,SEG-0062,NH-13-W,26.86529,92.69736,mudslide,rainfall,earth,schist,settlement,3020,69,41.8,1247,566.4,0,0,3,False,0.0,moderate,GSI-NLSM
LS-02307,2024-06-02,2023-24,ML,D-ML-02,West Jaintia Hills,SEG-0015,NH-6,25.32109,92.29502,translational_slide,rainfall,rock,quartzite,settlement,522,26,41.7,701,578.6,0,0,4,True,1.2,minor,GSI-NLSM
LS-02308,2024-06-21,2023-24,AR,D-AR-01,Papum Pare,SEG-0058,NH-13,27.51009,93.81243,rockfall,rainfall,rock,sandstone_shale,barren,4130,44,35.2,1002,149.0,5,15,5,False,0.0,catastrophic,GSI-NLSM
LS-02309,2024-05-24,2023-24,SK,D-SK-01,Gangtok,SEG-0048,NH-10,27.26204,88.52455,rotational_slide,seismic,earth,gneiss,jhum_cultivation,123,12,45.8,1650,123.4,0,0,0,False,0.0,minor,PWD-field
LS-02310,2024-05-15,2023-24,SK,D-SK-02,Mangan,SEG-0050,NH-310,27.56816,88.59317,debris_flow,rainfall,debris,sandstone_shale,road_cut,1237,36,37.3,1250,404.8,0,0,0,False,0.0,minor,GSI-NLSM
LS-02311,2024-08-24,2023-24,AR,D-AR-01,Papum Pare,SEG-0058,NH-13,27.20964,93.65849,debris_flow,rainfall,debris,phyllite,settlement,5144,73,32.3,1002,157.0,0,0,3,False,0.0,moderate,GSI-NLSM
LS-02312,2023-06-27,2023-24,AR,D-AR-06,West Siang,SEG-0061,NH-13,28.08115,95.26777,mudslide,rainfall,earth,quartzite,forest,2518,61,39.0,386,532.0,0,0,0,True,2.9,moderate,GSI-NLSM
LS-02313,2024-07-23,2023-24,MN,D-MN-05,Senapati,SEG-0024,NH-2,25.20734,94.00751,rotational_slide,rainfall,earth,gneiss,agriculture,1383,31,38.0,923,327.3,0,0,2,False,0.0,minor,GSI-NLSM
LS-02314,2023-06-24,2023-24,ML,D-ML-03,West Garo Hills,SEG-0019,NH-27-SPUR,25.4941,90.54022,translational_slide,rainfall,rock,phyllite,jhum_cultivation,324,9,14.3,337,787.7,0,0,6,False,0.0,minor,GSI-NLSM
LS-02315,2023-09-17,2023-24,ML,D-ML-01,East Khasi Hills,SEG-0013,NH-6,25.79428,91.87994,rotational_slide,rainfall,earth,sandstone_shale,settlement,1300,20,34.8,1496,585.6,0,0,1,False,0.0,minor,PWD-field
LS-02316,2024-09-19,2023-24,AR,D-AR-07,Lohit,SEG-0067,NH-315,27.8211,96.07383,translational_slide,rainfall,rock,siltstone,barren,836,15,33.0,231,467.9,0,0,5,True,7.9,moderate,GSI-NLSM
LS-02317,2023-07-04,2023-24,ML,D-ML-01,East Khasi Hills,SEG-0013,NH-6,25.79371,91.88577,earth_flow,rainfall,earth,schist,agriculture,1457,25,36.3,1496,709.5,0,0,6,True,1.8,minor,NDMA
LS-02318,2024-07-23,2023-24,AR,D-AR-09,Dibang Valley,SEG-0066,NH-315,27.97515,96.06754,debris_flow,toe_erosion,debris,phyllite,barren,10923,43,43.8,1099,62.3,0,0,6,True,64.3,moderate,SDMA
LS-02319,2024-06-06,2023-24,NL,D-NL-04,Wokha,SEG-0026,NH-29,26.19256,94.3512,debris_flow,rainfall,debris,schist,forest,374,9,47.1,1319,427.8,0,0,5,False,0.0,minor,GSI-NLSM
LS-02320,2023-03-12,2023-24,WB,D-WB-01,Siliguri,SEG-0046,NH-10,26.98728,88.46475,rockfall,rainfall,rock,gneiss,jhum_cultivation,688,30,53.0,886,337.1,9,18,3,False,0.0,catastrophic,GSI-NLSM
LS-02321,2023-04-21,2023-24,AR,D-AR-04,Lower Subansiri,SEG-0059,NH-13,27.70327,93.97199,rockfall,rainfall,rock,sandstone_shale,forest,242,11,39.6,1092,505.8,0,0,3,False,0.0,minor,GSI-NLSM
LS-02322,2023-08-07,2023-24,AR,D-AR-06,West Siang,SEG-0060,NH-13,28.12881,94.71277,translational_slide,toe_erosion,rock,gneiss,road_cut,156,11,54.9,620,106.7,0,0,4,False,0.0,minor,GSI-NLSM
LS-02323,2023-06-07,2023-24,AR,D-AR-01,Papum Pare,SEG-0058,NH-13,27.22293,93.6784,rockfall,anthropogenic_cut,rock,phyllite,road_cut,1507,18,42.5,1002,2.2,0,0,6,True,9.6,moderate,GSI-NLSM
LS-02324,2024-08-06,2023-24,AR,D-AR-06,West Siang,SEG-0060,NH-13,28.07393,94.51918,debris_flow,rainfall,debris,schist,settlement,498,19,43.2,620,556.4,0,0,6,True,2.0,minor,NDMA
LS-02325,2024-05-13,2023-24,AR,D-AR-06,West Siang,SEG-0061,NH-13,28.13293,94.97925,debris_flow,rainfall,debris,phyllite,forest,2522,60,21.8,386,578.6,0,0,3,False,0.0,moderate,NDMA
LS-02326,2024-08-01,2023-24,AS,D-AS-07,Dima Hasao,SEG-0069,NH-27-DH,24.90837,92.84211,translational_slide,rainfall,rock,phyllite,road_cut,1096,39,18.0,352,605.8,0,0,1,True,36.1,moderate,PWD-field
LS-02327,2023-04-19,2023-24,NL,D-NL-01,Kohima,SEG-0025,NH-29,26.03055,94.23462,debris_flow,anthropogenic_cut,debris,sandstone_shale,jhum_cultivation,4951,58,48.7,1378,93.1,0,0,2,True,3.9,moderate,GSI-NLSM
LS-02328,2024-06-10,2023-24,ML,D-ML-02,West Jaintia Hills,SEG-0015,NH-6,25.14402,92.41286,debris_flow,rainfall,debris,gneiss,barren,734,19,32.5,701,302.7,0,0,5,True,1.4,minor,GSI-NLSM
LS-02329,2023-07-01,2023-24,AS,D-AS-01,Kamrup Metropolitan,SEG-0012,NH-6,26.11804,91.75209,rotational_slide,rainfall,earth,phyllite,jhum_cultivation,25001,153,34.4,775,333.5,0,3,14,True,25.7,major,SDMA
LS-02330,2024-08-23,2023-24,ML,D-ML-01,East Khasi Hills,SEG-0013,NH-6,25.6242,91.88237,translational_slide,rainfall,rock,sandstone_shale,settlement,2100,32,38.5,1496,706.2,0,0,0,True,12.6,moderate,GSI-NLSM
LS-02331,2023-09-27,2023-24,SK,D-SK-02,Mangan,SEG-0050,NH-310,27.53676,88.55576,debris_flow,rainfall,debris,schist,forest,29674,161,34.6,1250,235.4,1,4,30,False,0.0,major,PWD-field
LS-02332,2023-10-08,2023-24,MN,D-MN-01,Imphal West,SEG-0028,NH-37,24.92223,93.63555,debris_flow,rainfall,debris,schist,road_cut,5346,83,31.2,1023,156.8,0,0,1,True,3.8,moderate,GSI-NLSM
LS-02333,2023-08-17,2023-24,SK,D-SK-03,Namchi,SEG-0053,NH-510,27.1512,88.33967,rockfall,rainfall,rock,phyllite,barren,13018,85,37.0,1675,280.5,1,3,5,True,189.3,major,GSI-NLSM
LS-02334,2024-06-13,2023-24,MN,D-MN-02,Churachandpur,SEG-0031,NH-2-S,24.66334,93.86042,mudslide,toe_erosion,earth,gneiss,road_cut,4613,29,22.2,850,85.7,0,0,3,True,17.9,moderate,PWD-field
LS-02335,2023-08-22,2023-24,SK,D-SK-02,Mangan,SEG-0050,NH-310,27.57903,88.60593,translational_slide,rainfall,rock,gneiss,settlement,156,21,31.3,1250,314.8,0,0,3,True,1.0,minor,PWD-field
LS-02336,2024-10-05,2023-24,NL,D-NL-01,Kohima,SEG-0022,NH-2,25.51077,94.12336,rotational_slide,rainfall,earth,phyllite,settlement,2626,25,32.4,1252,158.6,0,0,5,False,0.0,moderate,PWD-field
LS-02337,2023-09-08,2023-24,ML,D-ML-01,East Khasi Hills,SEG-0014,NH-6,25.50426,92.07474,debris_flow,rainfall,debris,phyllite,road_cut,15931,68,20.6,1438,481.2,0,0,0,False,0.0,moderate,GSI-NLSM
LS-02338,2023-10-10,2023-24,AS,D-AS-06,Cachar,SEG-0033,NH-306,24.35312,92.69116,translational_slide,rainfall,rock,phyllite,agriculture,205,23,12.6,337,350.4,0,0,3,False,0.0,minor,NDMA
LS-02339,2024-08-12,2023-24,AR,D-AR-03,West Kameng,SEG-0064,NH-13-W,27.51308,91.96153,debris_flow,rainfall,debris,schist,road_cut,852,39,43.1,2731,309.4,0,0,1,False,0.0,minor,SDMA
LS-02340,2023-07-03,2023-24,AR,D-AR-03,West Kameng,SEG-0064,NH-13-W,27.37808,92.2273,rockfall,rainfall,rock,quartzite,barren,150,6,31.2,2731,497.4,0,0,2,False,0.0,minor,PWD-field
LS-02341,2023-02-13,2023-24,ML,D-ML-01,East Khasi Hills,SEG-0013,NH-6,25.8039,91.89243,translational_slide,rainfall,rock,phyllite,settlement,4092,63,49.8,1496,648.6,0,0,5,False,0.0,moderate,GSI-NLSM
LS-02342,2024-04-28,2023-24,ML,D-ML-01,East Khasi Hills,SEG-0013,NH-6,25.86492,91.88002,earth_flow,rainfall,earth,sandstone_shale,road_cut,2801,29,40.0,1496,831.8,0,0,1,True,4.0,moderate,GSI-NLSM
LS-02343,2023-07-20,2023-24,SK,D-SK-03,Namchi,SEG-0053,NH-510,27.16276,88.34987,rotational_slide,rainfall,earth,gneiss,agriculture,262,21,32.5,1675,322.7,0,0,4,False,0.0,minor,GSI-NLSM
LS-02344,2024-07-12,2023-24,SK,D-SK-01,Gangtok,SEG-0049,NH-310,27.41147,88.57242,rockfall,anthropogenic_cut,rock,gneiss,settlement,11116,97,25.1,1450,57.8,0,0,0,False,0.0,moderate,PWD-field
LS-02345,2023-07-04,2023-24,ML,D-ML-01,East Khasi Hills,SEG-0013,NH-6,25.70247,91.88703,rockfall,rainfall,rock,phyllite,barren,8101,78,37.4,1496,765.5,0,0,3,True,28.5,moderate,GSI-NLSM
LS-02346,2024-05-05,2023-24,ML,D-ML-02,West Jaintia Hills,SEG-0015,NH-6,25.17041,92.37933,translational_slide,rainfall,rock,sandstone_shale,forest,1792,40,29.7,701,444.3,0,0,0,True,13.6,moderate,PWD-field
LS-02347,2023-05-07,2023-24,SK,D-SK-02,Mangan,SEG-0050,NH-310,27.52222,88.54597,translational_slide,rainfall,rock,gneiss,road_cut,770,40,40.6,1250,332.9,0,0,0,False,0.0,minor,NDMA
LS-02348,2024-08-23,2023-24,AR,D-AR-09,Dibang Valley,SEG-0066,NH-315,28.04588,95.95891,debris_flow,anthropogenic_cut,debris,quartzite,forest,1411,19,42.7,1099,59.9,0,0,3,False,0.0,minor,NDMA
LS-02349,2023-02-16,2023-24,AS,D-AS-10,Bongaigaon,SEG-0018,NH-27-SPUR,25.59125,90.24994,earth_flow,seismic,earth,phyllite,jhum_cultivation,962,37,11.6,139,78.4,0,0,5,False,0.0,minor,NDMA
LS-02350,2023-06-17,2023-24,AS,D-AS-08,Karbi Anglong,SEG-0068,NH-27-DH,25.31291,93.05674,rotational_slide,toe_erosion,earth,gneiss,agriculture,144,20,46.0,433,130.5,0,0,3,False,0.0,minor,PWD-field
LS-02351,2023-06-14,2023-24,SK,D-SK-01,Gangtok,SEG-0052,NH-510,27.17839,88.38542,rotational_slide,rainfall,earth,schist,road_cut,1460,38,50.3,1662,418.1,0,0,3,False,0.0,minor,SDMA
LS-02352,2024-10-24,2023-24,AR,D-AR-03,West Kameng,SEG-0064,NH-13-W,27.30879,92.33463,debris_flow,rainfall,debris,sandstone_shale,settlement,9165,80,25.6,2731,401.9,0,0,3,False,0.0,moderate,PWD-field
LS-02353,2023-06-07,2023-24,AS,D-AS-01,Kamrup Metropolitan,SEG-0012,NH-6,26.03289,91.80745,translational_slide,rainfall,rock,quartzite,settlement,1455,43,38.2,775,440.4,0,0,3,False,0.0,minor,PWD-field
LS-02354,2023-07-02,2023-24,SK,D-SK-03,Namchi,SEG-0054,NH-510,27.22961,88.31105,debris_flow,toe_erosion,debris,phyllite,road_cut,2928,72,40.7,1727,120.3,0,0,6,True,14.6,moderate,PWD-field
LS-02355,2024-08-14,2023-24,MZ,D-MZ-01,Aizawl,SEG-0035,NH-306,23.634,92.74622,rotational_slide,rainfall,earth,schist,barren,143,9,21.5,1216,205.8,0,0,1,False,0.0,minor,GSI-NLSM
LS-02356,2024-04-12,2023-24,TR,D-TR-03,Dhalai,SEG-0041,NH-8,23.99764,91.87462,debris_flow,anthropogenic_cut,debris,sandstone_shale,settlement,886,36,18.7,52,23.2,0,0,2,True,1.0,minor,SDMA
LS-02357,2024-08-04,2023-24,MN,D-MN-01,Imphal West,SEG-0032,NH-2-S,24.8964,94.09688,mudslide,rainfall,earth,schist,agriculture,77324,261,41.3,1224,317.2,0,1,4,False,0.0,major,PWD-field
LS-02358,2023-09-14,2023-24,AR,D-AR-03,West Kameng,SEG-0064,NH-13-W,27.55084,91.91576,translational_slide,rainfall,rock,quartzite,forest,1375,33,33.7,2731,150.4,0,0,3,True,9.0,moderate,NDMA
LS-02359,2023-09-10,2023-24,AR,D-AR-09,Dibang Valley,SEG-0066,NH-315,28.07285,95.90272,rotational_slide,rainfall,earth,quartzite,road_cut,6237,69,45.1,1099,148.9,0,0,5,True,35.1,moderate,GSI-NLSM
LS-02360,2024-02-20,2023-24,AR,D-AR-01,Papum Pare,SEG-0057,NH-15,27.17882,93.92359,rotational_slide,rainfall,earth,sandstone_shale,agriculture,1260,44,27.4,259,468.3,0,0,4,True,1.0,minor,PWD-field
LS-02361,2024-09-09,2023-24,MZ,D-MZ-01,Aizawl,SEG-0035,NH-306,23.45374,92.79415,debris_flow,anthropogenic_cut,debris,gneiss,barren,3210,50,38.7,1216,7.4,0,0,5,False,0.0,moderate,GSI-NLSM
LS-02362,2024-07-22,2023-24,SK,D-SK-01,Gangtok,SEG-0048,NH-10,27.30524,88.58827,rockfall,rainfall,rock,phyllite,agriculture,16232,100,31.9,1650,596.1,0,0,4,False,0.0,moderate,SDMA
LS-02363,2024-05-25,2023-24,AR,D-AR-01,Papum Pare,SEG-0057,NH-15,27.1408,93.80168,rockfall,rainfall,rock,phyllite,settlement,2128,22,37.0,259,477.7,0,0,1,False,0.0,moderate,NDMA
LS-02364,2024-07-18,2023-24,NL,D-NL-01,Kohima,SEG-0022,NH-2,25.60231,94.10826,debris_flow,rainfall,debris,sandstone_shale,road_cut,1360,19,32.4,1252,129.7,0,0,2,True,7.7,moderate,SDMA
LS-02365,2024-05-18,2023-24,SK,D-SK-02,Mangan,SEG-0050,NH-310,27.52271,88.56177,debris_flow,rainfall,debris,schist,agriculture,699,25,33.1,1250,269.4,0,0,1,True,2.2,minor,NDMA
LS-02366,2023-04-28,2023-24,SK,D-SK-03,Namchi,SEG-0053,NH-510,27.15017,88.33344,debris_flow,rainfall,debris,schist,agriculture,10924,41,19.4,1675,330.0,0,0,5,True,41.0,moderate,PWD-field
LS-02367,2023-04-12,2023-24,MN,D-MN-02,Churachandpur,SEG-0031,NH-2-S,24.42985,93.72973,rotational_slide,rainfall,earth,phyllite,road_cut,177,12,38.8,850,391.4,0,0,4,False,0.0,minor,GSI-NLSM
LS-02368,2023-05-27,2023-24,AS,D-AS-01,Kamrup Metropolitan,SEG-0004,NH-27,26.31886,91.55755,rotational_slide,rainfall,earth,laterite,road_cut,50,8,18.2,55,264.0,0,0,3,False,0.0,minor,GSI-NLSM
LS-02369,2024-06-21,2023-24,SK,D-SK-01,Gangtok,SEG-0048,NH-10,27.25056,88.50253,debris_flow,rainfall,debris,phyllite,barren,1250,48,35.8,1650,308.9,0,0,4,True,1.5,minor,GSI-NLSM
LS-02370,2023-07-13,2023-24,SK,D-SK-01,Gangtok,SEG-0047,NH-10,27.21851,88.50458,debris_flow,rainfall,debris,gneiss,jhum_cultivation,3200,74,37.6,1650,370.7,0,0,4,False,0.0,moderate,GSI-NLSM
LS-02371,2024-06-16,2023-24,NL,D-NL-02,Dimapur,SEG-0021,NH-2,25.86828,93.79807,rockfall,rainfall,rock,quartzite,agriculture,6111,88,38.4,794,265.7,0,0,3,False,0.0,moderate,SDMA
LS-02372,2024-07-26,2023-24,AR,D-AR-01,Papum Pare,SEG-0058,NH-13,27.25997,93.68763,debris_flow,rainfall,debris,phyllite,barren,115,18,31.7,1002,144.2,0,0,2,False,0.0,minor,GSI-NLSM
LS-02373,2023-05-03,2023-24,ML,D-ML-01,East Khasi Hills,SEG-0013,NH-6,25.7161,91.89118,rockfall,rainfall,rock,schist,forest,80,15,51.9,1496,482.5,0,0,0,True,1.0,minor,PWD-field
LS-02374,2024-08-06,2023-24,AR,D-AR-03,West Kameng,SEG-0064,NH-13-W,27.39578,92.18957,rockfall,rainfall,rock,gneiss,forest,2033,27,42.8,2731,507.1,0,0,6,True,14.6,moderate,NDMA
LS-02375,2024-06-07,2023-24,NL,D-NL-01,Kohima,SEG-0022,NH-2,25.53558,94.12153,debris_flow,rainfall,debris,sandstone_shale,settlement,473,29,33.0,1252,321.3,0,0,5,True,1.0,minor,NDMA
LS-02376,2024-11-05,2023-24,AR,D-AR-03,West Kameng,SEG-0064,NH-13-W,27.39428,92.18425,mudslide,rainfall,earth,gneiss,agriculture,118,8,31.1,2731,131.5,0,0,1,True,1.0,minor,PWD-field
LS-02377,2023-07-25,2023-24,MZ,D-MZ-04,Kolasib,SEG-0034,NH-306,23.79442,92.71567,rockfall,anthropogenic_cut,rock,sandstone_shale,barren,130,16,27.4,891,92.1,0,0,0,False,0.0,minor,GSI-NLSM
LS-02378,2024-06-13,2023-24,WB,D-WB-01,Siliguri,SEG-0046,NH-10,27.05725,88.49256,debris_flow,rainfall,debris,gneiss,forest,117,16,54.9,886,276.3,0,0,1,True,1.0,minor,NDMA
LS-02379,2024-07-14,2023-24,AR,D-AR-03,West Kameng,SEG-0064,NH-13-W,27.37564,92.241,rockfall,rainfall,rock,phyllite,jhum_cultivation,1275,34,36.0,2731,439.1,0,0,3,False,0.0,minor,NDMA
LS-02380,2023-06-11,2023-24,NL,D-NL-04,Wokha,SEG-0026,NH-29,26.17978,94.35468,rockfall,rainfall,rock,schist,jhum_cultivation,783,33,31.5,1319,145.6,0,0,3,True,1.6,minor,NDMA
LS-02381,2023-03-14,2023-24,TR,D-TR-02,North Tripura,SEG-0042,NH-8,24.35332,92.1482,translational_slide,rainfall,rock,phyllite,barren,867,30,14.5,45,302.4,0,0,4,True,1.0,minor,PWD-field
LS-02382,2024-07-18,2023-24,TR,D-TR-02,North Tripura,SEG-0043,NH-8,24.39347,92.25894,debris_flow,rainfall,debris,sandstone_shale,agriculture,3253,67,17.5,34,511.1,0,0,1,False,0.0,moderate,GSI-NLSM
LS-02383,2023-07-24,2023-24,AR,D-AR-05,East Siang,SEG-0065,NH-315,28.12283,95.7607,rotational_slide,rainfall,earth,phyllite,forest,4281,68,32.3,1060,147.4,0,0,3,True,33.7,moderate,GSI-NLSM
LS-02384,2024-08-20,2023-24,SK,D-SK-01,Gangtok,SEG-0049,NH-310,27.48237,88.54207,rockfall,seismic,rock,quartzite,jhum_cultivation,83,13,36.1,1450,28.1,0,0,2,False,0.0,minor,GSI-NLSM
LS-02385,2024-05-12,2023-24,MZ,D-MZ-01,Aizawl,SEG-0035,NH-306,23.4007,92.82288,debris_flow,rainfall,debris,gneiss,forest,603,33,31.2,1216,171.3,0,0,0,True,1.7,minor,PWD-field
LS-02386,2024-05-02,2023-24,MN,D-MN-05,Senapati,SEG-0023,NH-2,25.43705,94.09046,debris_flow,rainfall,debris,quartzite,forest,2391,59,28.4,1061,553.6,0,0,1,True,5.6,moderate,PWD-field
LS-02387,2023-07-26,2023-24,MN,D-MN-05,Senapati,SEG-0023,NH-2,25.42386,94.09708,debris_flow,rainfall,debris,phyllite,forest,599,17,24.2,1061,474.1,0,0,2,True,1.6,minor,GSI-NLSM
LS-02388,2024-05-13,2023-24,ML,D-ML-01,East Khasi Hills,SEG-0013,NH-6,25.76122,91.88583,debris_flow,rainfall,debris,gneiss,agriculture,391,27,45.1,1496,668.8,0,0,3,True,1.1,minor,GSI-NLSM
LS-02389,2024-09-01,2023-24,NL,D-NL-01,Kohima,SEG-0025,NH-29,25.83145,94.1583,debris_flow,rainfall,debris,sandstone_shale,forest,9483,95,39.5,1378,175.8,1,0,3,False,0.0,major,GSI-NLSM
LS-02390,2024-07-08,2023-24,AR,D-AR-01,Papum Pare,SEG-0057,NH-15,27.21941,94.04102,rotational_slide,rainfall,earth,laterite,road_cut,619,28,33.6,259,486.2,0,0,3,True,1.0,minor,SDMA
LS-02391,2023-06-15,2023-24,SK,D-SK-02,Mangan,SEG-0051,NH-310,27.66016,88.70924,debris_flow,rainfall,debris,phyllite,jhum_cultivation,1067,37,40.1,1250,445.6,0,0,1,True,2.7,minor,GSI-NLSM
LS-02392,2024-09-09,2023-24,WB,D-WB-01,Siliguri,SEG-0046,NH-10,26.95936,88.45704,rockfall,rainfall,rock,schist,barren,2300,25,43.0,886,124.2,0,0,0,True,6.0,moderate,SDMA
LS-02393,2024-09-12,2023-24,NL,D-NL-02,Dimapur,SEG-0021,NH-2,25.86057,93.80498,mudslide,rainfall,earth,schist,settlement,1243,21,40.8,794,212.0,0,0,6,False,0.0,minor,SDMA
LS-02394,2023-06-24,2023-24,MN,D-MN-01,Imphal West,SEG-0032,NH-2-S,25.02423,94.29692,debris_flow,rainfall,debris,phyllite,forest,499,11,51.3,1224,529.6,0,0,6,True,2.1,minor,GSI-NLSM
LS-02395,2023-09-18,2023-24,MZ,D-MZ-01,Aizawl,SEG-0035,NH-306,23.40913,92.80859,rotational_slide,anthropogenic_cut,earth,sandstone_shale,settlement,134,11,37.6,1216,92.8,0,0,5,True,1.0,minor,SDMA
LS-02396,2023-06-20,2023-24,SK,D-SK-01,Gangtok,SEG-0047,NH-10,27.21029,88.51773,mudslide,rainfall,earth,phyllite,forest,1227,20,29.3,1650,321.6,0,0,2,True,1.6,minor,GSI-NLSM
LS-02397,2023-05-28,2023-24,NL,D-NL-03,Mokokchung,SEG-0027,NH-29,26.30986,94.60849,debris_flow,rainfall,debris,phyllite,barren,797,39,48.6,1348,363.9,0,0,1,False,0.0,minor,GSI-NLSM
LS-02398,2023-07-11,2023-24,MZ,D-MZ-05,Serchhip,SEG-0036,NH-306,23.18055,92.81302,rockfall,rainfall,rock,sandstone_shale,settlement,182,22,51.0,1084,447.1,2,4,6,True,1.0,major,GSI-NLSM
LS-02399,2023-09-22,2023-24,TR,D-TR-01,West Tripura,SEG-0039,NH-8,23.89643,91.38108,translational_slide,rainfall,rock,phyllite,forest,8474,51,32.4,36,399.0,0,0,2,True,18.5,moderate,SDMA
LS-02400,2023-06-22,2023-24,AR,D-AR-06,West Siang,SEG-0060,NH-13,28.08967,94.58995,translational_slide,rainfall,rock,gneiss,jhum_cultivation,805,24,37.1,620,547.8,0,0,4,True,2.8,minor,SDMA
LS-02401,2023-07-28,2023-24,AR,D-AR-03,West Kameng,SEG-0064,NH-13-W,27.33487,92.29362,rockfall,rainfall,rock,schist,agriculture,5908,67,29.4,2731,613.6,0,0,1,False,0.0,moderate,SDMA
LS-02402,2023-05-25,2023-24,SK,D-SK-02,Mangan,SEG-0050,NH-310,27.55529,88.58637,rockfall,anthropogenic_cut,rock,phyllite,barren,521,28,35.8,1250,120.2,0,0,6,False,0.0,minor,PWD-field
LS-02403,2023-06-04,2023-24,ML,D-ML-01,East Khasi Hills,SEG-0014,NH-6,25.50557,92.0765,earth_flow,rainfall,earth,quartzite,agriculture,23285,110,23.2,1438,269.7,0,0,4,True,29.0,moderate,SDMA
LS-02404,2023-03-03,2023-24,SK,D-SK-01,Gangtok,SEG-0052,NH-510,27.17003,88.38402,mudslide,rainfall,earth,gneiss,forest,1149,43,40.9,1662,490.4,0,0,3,True,2.2,minor,SDMA
LS-02405,2024-09-24,2023-24,NL,D-NL-01,Kohima,SEG-0025,NH-29,25.88901,94.18271,translational_slide,rainfall,rock,schist,barren,88,8,47.2,1378,513.0,0,0,5,False,0.0,minor,GSI-NLSM
LS-02406,2023-06-19,2023-24,MZ,D-MZ-01,Aizawl,SEG-0035,NH-306,23.38202,92.8241,rotational_slide,toe_erosion,earth,schist,jhum_cultivation,16292,130,36.2,1216,62.2,0,0,2,True,12.5,moderate,GSI-NLSM
LS-02407,2023-06-13,2023-24,SK,D-SK-02,Mangan,SEG-0050,NH-310,27.51579,88.55037,debris_flow,rainfall,debris,schist,barren,391,30,46.1,1250,355.1,0,0,0,True,1.0,minor,GSI-NLSM
LS-02408,2024-07-03,2023-24,SK,D-SK-02,Mangan,SEG-0051,NH-310,27.61569,88.64473,translational_slide,anthropogenic_cut,rock,phyllite,jhum_cultivation,16194,98,42.7,1250,74.1,0,0,3,True,88.1,major,PWD-field
LS-02409,2024-06-18,2023-24,AR,D-AR-01,Papum Pare,SEG-0057,NH-15,27.16241,93.89509,debris_flow,rainfall,debris,siltstone,forest,3173,26,29.2,259,263.1,0,0,1,False,0.0,moderate,GSI-NLSM
LS-02410,2023-08-21,2023-24,NL,D-NL-01,Kohima,SEG-0025,NH-29,25.79008,94.15395,rotational_slide,rainfall,earth,phyllite,agriculture,416,29,45.7,1378,350.0,0,0,5,True,1.0,minor,NDMA
LS-02411,2023-05-13,2023-24,ML,D-ML-01,East Khasi Hills,SEG-0014,NH-6,25.53516,91.98332,debris_flow,rainfall,debris,gneiss,jhum_cultivation,12393,64,29.6,1438,301.3,0,0,4,True,20.4,moderate,NDMA
LS-02412,2023-10-28,2023-24,SK,D-SK-01,Gangtok,SEG-0048,NH-10,27.31229,88.59147,debris_flow,rainfall,debris,quartzite,barren,594,31,35.3,1650,218.9,0,0,3,False,0.0,minor,PWD-field
LS-02413,2023-05-16,2023-24,MZ,D-MZ-01,Aizawl,SEG-0037,NH-302,23.54425,93.17647,mudslide,rainfall,earth,sandstone_shale,barren,77,5,36.7,1405,320.1,0,0,2,True,1.0,minor,NDMA
LS-02414,2023-07-26,2023-24,NL,D-NL-01,Kohima,SEG-0025,NH-29,25.96385,94.21991,rockfall,toe_erosion,rock,gneiss,agriculture,2643,62,54.4,1378,57.2,0,0,0,True,8.8,moderate,GSI-NLSM
LS-02415,2024-03-15,2023-24,ML,D-ML-01,East Khasi Hills,SEG-0014,NH-6,25.52473,92.02269,debris_flow,anthropogenic_cut,debris,gneiss,forest,3173,32,21.4,1438,133.0,0,0,2,False,0.0,moderate,NDMA
LS-02416,2024-11-17,2023-24,AR,D-AR-03,West Kameng,SEG-0064,NH-13-W,27.31373,92.34156,translational_slide,rainfall,rock,phyllite,jhum_cultivation,405,24,29.0,2731,239.1,0,0,0,True,1.5,minor,PWD-field
LS-02417,2024-06-27,2023-24,SK,D-SK-02,Mangan,SEG-0050,NH-310,27.53317,88.54937,mudslide,anthropogenic_cut,earth,gneiss,settlement,27265,172,48.2,1250,110.3,0,1,15,True,34.7,major,GSI-NLSM
LS-02418,2023-07-10,2023-24,AS,D-AS-10,Bongaigaon,SEG-0018,NH-27-SPUR,25.70312,90.31825,translational_slide,rainfall,rock,laterite,agriculture,11692,117,9.8,139,172.1,0,0,3,True,39.3,moderate,GSI-NLSM
LS-02419,2024-06-22,2023-24,MZ,D-MZ-01,Aizawl,SEG-0035,NH-306,23.59133,92.75979,rockfall,toe_erosion,rock,phyllite,settlement,83653,140,31.0,1216,116.9,0,3,3,True,304.2,major,GSI-NLSM
LS-02420,2024-05-27,2023-24,MN,D-MN-05,Senapati,SEG-0023,NH-2,25.44619,94.10377,mudslide,rainfall,earth,sandstone_shale,forest,159,15,25.3,1061,195.5,0,0,0,False,0.0,minor,SDMA
LS-02421,2024-08-08,2023-24,SK,D-SK-02,Mangan,SEG-0050,NH-310,27.55256,88.57601,debris_flow,rainfall,debris,sandstone_shale,agriculture,400,30,36.3,1250,296.9,0,0,4,False,0.0,minor,PWD-field
LS-02422,2024-08-15,2023-24,ML,D-ML-01,East Khasi Hills,SEG-0014,NH-6,25.46939,92.13998,rotational_slide,rainfall,earth,quartzite,forest,36,5,22.2,1438,191.0,0,0,1,False,0.0,minor,GSI-NLSM
LS-02423,2024-07-03,2023-24,MN,D-MN-05,Senapati,SEG-0024,NH-2,24.92346,93.94916,translational_slide,anthropogenic_cut,rock,schist,agriculture,818,29,20.1,923,30.1,0,0,1,False,0.0,minor,SDMA
LS-02424,2023-06-16,2023-24,AS,D-AS-07,Dima Hasao,SEG-0069,NH-27-DH,25.09056,92.96861,rockfall,rainfall,rock,schist,agriculture,30357,151,21.0,352,268.4,0,0,19,True,306.3,major,NDMA
LS-02425,2023-06-09,2023-24,SK,D-SK-01,Gangtok,SEG-0049,NH-310,27.36205,88.59574,translational_slide,rainfall,rock,schist,barren,3233,39,29.2,1450,318.3,0,0,5,False,0.0,moderate,GSI-NLSM
LS-02426,2023-07-14,2023-24,AR,D-AR-03,West Kameng,SEG-0064,NH-13-W,27.36162,92.2563,debris_flow,rainfall,debris,sandstone_shale,settlement,71,6,36.2,2731,524.6,0,0,5,False,0.0,minor,GSI-NLSM
LS-02427,2023-05-06,2023-24,ML,D-ML-01,East Khasi Hills,SEG-0014,NH-6,25.48678,92.12637,debris_flow,rainfall,debris,gneiss,barren,5374,63,40.5,1438,550.0,3,9,1,False,0.0,major,GSI-NLSM
LS-02428,2024-06-18,2023-24,SK,D-SK-02,Mangan,SEG-0050,NH-310,27.55661,88.57389,debris_flow,rainfall,debris,sandstone_shale,jhum_cultivation,16271,120,30.3,1250,195.8,0,0,1,True,68.1,moderate,SDMA
LS-02429,2023-07-20,2023-24,NL,D-NL-03,Mokokchung,SEG-0027,NH-29,26.298,94.6174,rockfall,seismic,rock,phyllite,road_cut,33752,133,43.3,1348,31.4,0,1,17,True,152.8,major,GSI-NLSM
LS-02430,2024-05-17,2023-24,TR,D-TR-03,Dhalai,SEG-0041,NH-8,24.03226,91.88696,translational_slide,rainfall,rock,sandstone_shale,settlement,1472,27,31.5,52,444.6,0,0,1,True,7.7,moderate,GSI-NLSM
LS-02431,2024-07-23,2023-24,MZ,D-MZ-01,Aizawl,SEG-0037,NH-302,23.70643,92.76786,rockfall,rainfall,rock,schist,settlement,407,27,53.3,1405,338.9,0,0,1,False,0.0,minor,GSI-NLSM
LS-02432,2024-08-12,2023-24,AR,D-AR-01,Papum Pare,SEG-0058,NH-13,27.41739,93.76745,translational_slide,rainfall,rock,sandstone_shale,barren,3518,80,27.3,1002,390.8,0,0,6,True,13.0,moderate,PWD-field
LS-02433,2023-03-06,2023-24,ML,D-ML-04,East Garo Hills,SEG-0020,NH-27-SPUR,25.28388,90.62341,debris_flow,rainfall,debris,laterite,jhum_cultivation,153,19,11.7,450,388.9,0,0,4,True,1.0,minor,NDMA
LS-02434,2024-02-09,2023-24,AR,D-AR-06,West Siang,SEG-0061,NH-13,28.09263,95.17755,debris_flow,rainfall,debris,sandstone_shale,agriculture,255,12,32.6,386,189.5,0,0,2,False,0.0,minor,SDMA
LS-02435,2023-05-28,2023-24,SK,D-SK-03,Namchi,SEG-0054,NH-510,27.23225,88.30337,rockfall,anthropogenic_cut,rock,gneiss,road_cut,1198,44,33.2,1727,35.7,9,0,2,True,4.8,catastrophic,SDMA
LS-02436,2023-05-27,2023-24,SK,D-SK-02,Mangan,SEG-0051,NH-310,27.6425,88.68735,rockfall,rainfall,rock,sandstone_shale,settlement,324,18,41.2,1250,480.6,0,0,5,False,0.0,minor,GSI-NLSM
LS-02437,2024-08-06,2023-24,MN,D-MN-04,Tamenglong,SEG-0029,NH-37,24.86131,93.24991,debris_flow,rainfall,debris,quartzite,forest,854,21,24.2,1260,578.9,1,0,1,True,1.3,major,GSI-NLSM
LS-02438,2023-07-20,2023-24,NL,D-NL-04,Wokha,SEG-0026,NH-29,26.24422,94.42746,debris_flow,rainfall,debris,sandstone_shale,road_cut,11551,67,44.3,1319,597.5,0,0,3,True,15.9,moderate,GSI-NLSM
LS-02439,2024-04-14,2023-24,MN,D-MN-01,Imphal West,SEG-0028,NH-37,24.84561,93.87331,rockfall,rainfall,rock,gneiss,barren,6391,70,41.8,1023,272.7,0,0,0,True,18.5,moderate,NDMA
LS-02440,2023-07-03,2023-24,AR,D-AR-06,West Siang,SEG-0060,NH-13,28.10142,94.60601,rockfall,toe_erosion,rock,quartzite,barren,3887,34,52.3,620,128.5,0,0,6,True,26.7,moderate,GSI-NLSM
LS-02441,2024-07-10,2023-24,AR,D-AR-06,West Siang,SEG-0061,NH-13,28.16291,94.85226,debris_flow,rainfall,debris,phyllite,barren,16969,72,35.2,386,175.5,0,0,1,True,34.5,moderate,NDMA
LS-02442,2023-06-14,2023-24,TR,D-TR-02,North Tripura,SEG-0043,NH-8,24.39453,92.2352,rockfall,anthropogenic_cut,rock,phyllite,agriculture,1208,23,16.6,34,41.1,0,0,5,False,0.0,minor,GSI-NLSM
LS-02443,2023-08-25,2023-24,SK,D-SK-01,Gangtok,SEG-0052,NH-510,27.2878,88.54023,debris_flow,rainfall,debris,schist,forest,7138,55,50.2,1662,574.8,0,0,0,True,23.0,moderate,PWD-field
LS-02444,2024-04-01,2023-24,SK,D-SK-01,Gangtok,SEG-0047,NH-10,27.20969,88.5049,mudslide,rainfall,earth,gneiss,jhum_cultivation,1129,48,30.5,1650,180.3,0,0,6,True,1.0,minor,NDMA
LS-02445,2024-02-23,2023-24,MN,D-MN-05,Senapati,SEG-0023,NH-2,25.44137,94.09176,debris_flow,anthropogenic_cut,debris,sandstone_shale,road_cut,848,42,19.8,1061,42.9,0,0,3,False,0.0,minor,GSI-NLSM
LS-02446,2023-06-19,2023-24,SK,D-SK-03,Namchi,SEG-0054,NH-510,27.23475,88.30457,rotational_slide,rainfall,earth,phyllite,road_cut,2117,35,39.6,1727,450.9,0,0,6,True,5.3,moderate,GSI-NLSM
LS-02447,2024-10-03,2023-24,MZ,D-MZ-04,Kolasib,SEG-0034,NH-306,23.90922,92.70154,translational_slide,rainfall,rock,phyllite,road_cut,18548,62,38.6,891,250.7,0,0,5,False,0.0,moderate,NDMA
LS-02448,2023-07-25,2023-24,AR,D-AR-07,Lohit,SEG-0067,NH-315,27.74887,95.97375,debris_flow,rainfall,debris,laterite,forest,97477,261,19.2,231,231.6,0,1,38,True,818.2,major,GSI-NLSM
LS-02449,2023-09-27,2023-24,MN,D-MN-02,Churachandpur,SEG-0031,NH-2-S,24.69273,93.87182,translational_slide,toe_erosion,rock,phyllite,forest,60941,217,27.9,850,111.2,0,1,34,True,657.6,major,SDMA
LS-02450,2023-06-12,2023-24,ML,D-ML-01,East Khasi Hills,SEG-0014,NH-6,25.55343,91.95574,rockfall,rainfall,rock,schist,road_cut,553,29,31.7,1438,254.7,0,0,6,True,4.9,minor,SDMA
LS-02451,2023-09-03,2023-24,TR,D-TR-03,Dhalai,SEG-0040,NH-8,24.00815,91.73395,debris_flow,rainfall,debris,phyllite,forest,505,35,16.3,60,300.5,0,0,4,False,0.0,minor,GSI-NLSM
LS-02452,2023-10-17,2023-24,MZ,D-MZ-04,Kolasib,SEG-0034,NH-306,23.79828,92.70538,debris_flow,rainfall,debris,quartzite,settlement,577,19,25.6,891,203.8,0,0,5,False,0.0,minor,NDMA
LS-02453,2024-09-13,2023-24,MZ,D-MZ-01,Aizawl,SEG-0035,NH-306,23.62927,92.74874,mudslide,rainfall,earth,schist,jhum_cultivation,620,26,37.4,1216,435.3,0,0,3,True,1.0,minor,GSI-NLSM
LS-02454,2024-10-07,2023-24,AR,D-AR-03,West Kameng,SEG-0064,NH-13-W,27.39055,92.20309,debris_flow,anthropogenic_cut,debris,sandstone_shale,agriculture,14217,75,26.4,2731,90.5,0,0,1,False,0.0,moderate,GSI-NLSM
LS-02455,2024-09-23,2023-24,MN,D-MN-05,Senapati,SEG-0023,NH-2,25.32109,94.03891,translational_slide,rainfall,rock,schist,barren,4922,34,36.0,1061,305.2,0,0,3,False,0.0,moderate,NDMA
LS-02456,2023-04-07,2023-24,SK,D-SK-02,Mangan,SEG-0050,NH-310,27.51628,88.53416,debris_flow,rainfall,debris,sandstone_shale,jhum_cultivation,3396,61,45.5,1250,224.7,0,0,5,False,0.0,moderate,SDMA
LS-02457,2024-08-02,2023-24,SK,D-SK-04,Gyalshing,SEG-0055,NH-510,27.3035,88.2576,rockfall,rainfall,rock,gneiss,settlement,629,14,34.0,1780,371.8,0,0,6,False,0.0,minor,NDMA
LS-02458,2024-06-10,2023-24,WB,D-WB-01,Siliguri,SEG-0046,NH-10,26.92164,88.4549,debris_flow,rainfall,debris,gneiss,road_cut,3516,39,45.0,886,346.3,0,0,2,True,7.5,moderate,PWD-field
LS-02459,2023-04-19,2023-24,NL,D-NL-01,Kohima,SEG-0025,NH-29,25.83901,94.16336,rockfall,rainfall,rock,gneiss,barren,2873,44,41.2,1378,547.2,0,0,6,True,8.5,moderate,GSI-NLSM
LS-02460,2024-02-12,2023-24,SK,D-SK-02,Mangan,SEG-0051,NH-310,27.65443,88.71628,debris_flow,rainfall,debris,gneiss,agriculture,5186,83,46.0,1250,410.7,0,0,3,True,9.4,moderate,NDMA
LS-02461,2024-08-16,2023-24,SK,D-SK-02,Mangan,SEG-0051,NH-310,27.6753,88.72856,translational_slide,rainfall,rock,gneiss,jhum_cultivation,2444,65,39.7,1250,521.6,0,0,6,False,0.0,moderate,PWD-field
LS-02462,2023-09-01,2023-24,AS,D-AS-07,Dima Hasao,SEG-0069,NH-27-DH,24.92558,92.83748,translational_slide,anthropogenic_cut,rock,phyllite,barren,4353,51,29.1,352,109.1,0,0,1,True,46.9,moderate,PWD-field
LS-02463,2024-07-17,2023-24,AR,D-AR-06,West Siang,SEG-0061,NH-13,28.1184,95.02891,rockfall,seismic,rock,quartzite,agriculture,405,29,39.2,386,138.9,0,0,1,False,0.0,minor,NDMA
LS-02464,2024-08-06,2023-24,AS,D-AS-10,Bongaigaon,SEG-0018,NH-27-SPUR,26.03385,90.52979,debris_flow,rainfall,debris,phyllite,barren,83,7,18.1,139,153.9,0,0,5,True,1.0,minor,GSI-NLSM
LS-02465,2023-08-19,2023-24,AR,D-AR-07,Lohit,SEG-0067,NH-315,27.74142,95.97918,earth_flow,rainfall,earth,sandstone_shale,settlement,2947,54,24.6,231,593.8,0,0,2,True,17.5,moderate,SDMA
LS-02466,2024-03-18,2023-24,NL,D-NL-01,Kohima,SEG-0022,NH-2,25.62448,94.10409,rotational_slide,anthropogenic_cut,earth,phyllite,agriculture,435,32,27.5,1252,66.5,0,0,4,True,1.0,minor,GSI-NLSM
LS-02467,2024-04-14,2023-24,AR,D-AR-05,East Siang,SEG-0065,NH-315,28.08239,95.5137,rockfall,rainfall,rock,gneiss,agriculture,468,26,25.9,1060,199.2,0,0,0,True,6.9,moderate,NDMA
LS-02468,2024-07-13,2023-24,AR,D-AR-04,Lower Subansiri,SEG-0059,NH-13,27.81641,94.0714,translational_slide,rainfall,rock,quartzite,agriculture,17253,116,41.0,1092,388.1,0,0,4,False,0.0,moderate,GSI-NLSM
LS-02469,2023-05-07,2023-24,SK,D-SK-01,Gangtok,SEG-0047,NH-10,27.22154,88.51893,translational_slide,rainfall,rock,sandstone_shale,jhum_cultivation,6845,53,31.2,1650,333.7,0,0,1,True,36.5,moderate,NDMA
LS-02470,2023-07-11,2023-24,SK,D-SK-02,Mangan,SEG-0051,NH-310,27.67972,88.7371,rockfall,rainfall,rock,gneiss,forest,1911,38,48.5,1250,536.2,0,0,2,True,5.4,minor,PWD-field
LS-02471,2023-09-25,2023-24,ML,D-ML-01,East Khasi Hills,SEG-0013,NH-6,25.68798,91.88992,debris_flow,rainfall,debris,gneiss,barren,20608,79,44.9,1496,573.3,0,0,5,False,0.0,moderate,PWD-field
LS-02472,2024-06-05,2023-24,MN,D-MN-02,Churachandpur,SEG-0031,NH-2-S,24.59563,93.83054,rockfall,rainfall,rock,sandstone_shale,jhum_cultivation,17215,149,33.8,850,538.8,0,0,3,True,192.7,major,PWD-field
LS-02473,2024-07-26,2023-24,AR,D-AR-01,Papum Pare,SEG-0058,NH-13,27.3323,93.72125,debris_flow,rainfall,debris,quartzite,road_cut,3154,65,24.4,1002,234.3,0,0,5,True,2.4,moderate,GSI-NLSM
LS-02474,2024-09-25,2023-24,MZ,D-MZ-01,Aizawl,SEG-0035,NH-306,23.64855,92.7516,debris_flow,rainfall,debris,quartzite,forest,8914,74,28.1,1216,136.5,0,0,2,False,0.0,moderate,GSI-NLSM
LS-02475,2024-06-19,2023-24,AS,D-AS-03,Jorhat,SEG-0009,NH-27,26.7927,94.27714,earth_flow,rainfall,earth,laterite,forest,2704,69,8,93,600.8,0,0,3,False,0.0,moderate,SDMA
LS-02476,2023-07-20,2023-24,AS,D-AS-01,Kamrup Metropolitan,SEG-0012,NH-6,26.04443,91.79972,debris_flow,rainfall,debris,sandstone_shale,barren,372,20,24.7,775,540.0,0,0,2,True,1.0,minor,SDMA
LS-02477,2024-06-21,2023-24,AS,D-AS-08,Karbi Anglong,SEG-0068,NH-27-DH,25.59311,93.12776,debris_flow,rainfall,debris,phyllite,forest,124,17,40.3,433,293.8,0,0,0,False,0.0,minor,SDMA
LS-02478,2023-09-24,2023-24,AR,D-AR-06,West Siang,SEG-0061,NH-13,28.15688,94.88837,debris_flow,anthropogenic_cut,debris,quartzite,jhum_cultivation,2646,54,29.1,386,116.0,0,0,2,True,8.7,moderate,GSI-NLSM
LS-02479,2023-08-07,2023-24,AS,D-AS-09,Sonitpur,SEG-0056,NH-15,26.85706,93.20347,mudslide,anthropogenic_cut,earth,phyllite,forest,1627,33,27.6,259,25.1,0,0,3,True,2.5,minor,PWD-field
LS-02480,2023-06-21,2023-24,WB,D-WB-01,Siliguri,SEG-0046,NH-10,26.87107,88.431,rotational_slide,rainfall,earth,schist,agriculture,307,21,53.2,886,227.8,0,0,1,True,1.0,minor,GSI-NLSM
LS-02481,2024-06-24,2023-24,AS,D-AS-08,Karbi Anglong,SEG-0068,NH-27-DH,25.33294,93.06397,translational_slide,rainfall,rock,schist,settlement,122,13,45.7,433,124.8,0,0,6,False,0.0,minor,GSI-NLSM
LS-02482,2024-05-12,2023-24,ML,D-ML-01,East Khasi Hills,SEG-0014,NH-6,25.51026,92.05684,debris_flow,toe_erosion,debris,sandstone_shale,settlement,19638,133,32.6,1438,79.3,0,0,5,True,39.4,moderate,SDMA
LS-02483,2024-08-05,2023-24,ML,D-ML-01,East Khasi Hills,SEG-0014,NH-6,25.47312,92.16678,rotational_slide,rainfall,earth,phyllite,barren,2383,28,32.2,1438,643.7,0,0,5,True,3.1,moderate,GSI-NLSM
LS-02484,2023-07-17,2023-24,ML,D-ML-02,West Jaintia Hills,SEG-0015,NH-6,24.94319,92.53764,mudslide,rainfall,earth,sandstone_shale,settlement,25376,144,35.6,701,488.6,0,4,32,True,84.2,major,PWD-field
LS-02485,2023-02-26,2023-24,AS,D-AS-08,Karbi Anglong,SEG-0068,NH-27-DH,25.33443,93.06994,translational_slide,seismic,rock,schist,jhum_cultivation,1761,48,39.6,433,75.4,0,0,4,True,8.8,moderate,NDMA
LS-02486,2023-10-17,2023-24,AS,D-AS-01,Kamrup Metropolitan,SEG-0012,NH-6,25.95174,91.84824,rockfall,rainfall,rock,schist,jhum_cultivation,19131,116,22.9,775,525.0,0,0,6,False,0.0,moderate,SDMA
LS-02487,2024-06-17,2023-24,TR,D-TR-03,Dhalai,SEG-0041,NH-8,24.17291,91.95342,debris_flow,rainfall,debris,sandstone_shale,forest,25,9,23.6,52,439.3,0,0,5,False,0.0,minor,GSI-NLSM
LS-02488,2024-07-04,2023-24,NL,D-NL-02,Dimapur,SEG-0021,NH-2,25.70516,94.06167,rotational_slide,anthropogenic_cut,earth,quartzite,agriculture,859,23,39.4,794,25.2,0,0,0,False,0.0,minor,SDMA
LS-02489,2024-07-13,2023-24,AS,D-AS-09,Sonitpur,SEG-0062,NH-13-W,26.80493,92.72284,earth_flow,rainfall,earth,schist,jhum_cultivation,1890,29,44.2,1247,485.0,0,0,3,True,2.7,minor,GSI-NLSM
LS-02490,2024-10-20,2023-24,ML,D-ML-01,East Khasi Hills,SEG-0013,NH-6,25.72063,91.89339,translational_slide,toe_erosion,rock,phyllite,jhum_cultivation,650,31,34.4,1496,103.3,0,0,5,True,1.0,minor,GSI-NLSM
LS-02491,2024-06-03,2023-24,AS,D-AS-01,Kamrup Metropolitan,SEG-0012,NH-6,25.95996,91.84214,debris_flow,rainfall,debris,sandstone_shale,agriculture,12090,112,35.7,775,225.9,0,0,1,False,0.0,moderate,GSI-NLSM
LS-02492,2023-08-07,2023-24,ML,D-ML-01,East Khasi Hills,SEG-0013,NH-6,25.75083,91.89074,translational_slide,rainfall,rock,quartzite,jhum_cultivation,3137,25,40.4,1496,854.8,0,0,5,True,4.9,moderate,PWD-field
LS-02493,2024-09-01,2023-24,AS,D-AS-01,Kamrup Metropolitan,SEG-0005,NH-27,26.22484,92.11803,earth_flow,rainfall,earth,siltstone,barren,803,20,8,57,420.6,0,0,6,True,1.0,minor,GSI-NLSM
LS-02494,2023-05-19,2023-24,NL,D-NL-04,Wokha,SEG-0026,NH-29,26.15497,94.32611,debris_flow,rainfall,debris,schist,forest,301,25,35.1,1319,415.1,0,0,0,True,1.0,minor,SDMA
LS-02495,2023-06-16,2023-24,AR,D-AR-01,Papum Pare,SEG-0058,NH-13,27.33589,93.71477,debris_flow,rainfall,debris,quartzite,settlement,1615,35,43.1,1002,153.0,0,0,3,True,4.0,minor,GSI-NLSM
LS-02496,2023-05-06,2023-24,ML,D-ML-03,West Garo Hills,SEG-0019,NH-27-SPUR,25.4946,90.52625,translational_slide,rainfall,rock,phyllite,road_cut,216,19,16.7,337,532.2,2,6,1,False,0.0,major,GSI-NLSM
LS-02497,2024-09-04,2023-24,SK,D-SK-01,Gangtok,SEG-0047,NH-10,27.21241,88.52356,translational_slide,rainfall,rock,phyllite,agriculture,455,24,28.7,1650,212.0,0,0,3,False,0.0,minor,NDMA
LS-02498,2024-09-21,2023-24,ML,D-ML-03,West Garo Hills,SEG-0019,NH-27-SPUR,25.49387,90.48747,translational_slide,rainfall,rock,sandstone_shale,forest,2207,62,19.6,337,443.5,1,2,3,True,5.0,major,GSI-NLSM
LS-02499,2023-04-06,2023-24,AR,D-AR-06,West Siang,SEG-0060,NH-13,28.09022,94.57893,rockfall,rainfall,rock,quartzite,road_cut,18075,57,36.2,620,171.3,0,0,1,True,51.2,moderate,NDMA
LS-02500,2024-06-05,2023-24,SK,D-SK-02,Mangan,SEG-0050,NH-310,27.55709,88.58569,translational_slide,rainfall,rock,gneiss,agriculture,31697,153,47.4,1250,358.6,3,11,20,True,270.8,major,PWD-field
LS-02501,2023-05-18,2023-24,TR,D-TR-02,North Tripura,SEG-0042,NH-8,24.34609,92.14092,rockfall,rainfall,rock,phyllite,settlement,993,23,13.6,45,599.4,0,0,4,False,0.0,minor,PWD-field
LS-02502,2023-07-04,2023-24,AR,D-AR-09,Dibang Valley,SEG-0066,NH-315,28.03683,95.96121,translational_slide,rainfall,rock,phyllite,agriculture,166,7,45.3,1099,162.5,1,0,2,False,0.0,major,PWD-field
LS-02503,2023-06-11,2023-24,AR,D-AR-09,Dibang Valley,SEG-0066,NH-315,27.99292,96.05488,debris_flow,rainfall,debris,sandstone_shale,forest,4329,42,46.1,1099,142.3,0,0,5,True,23.3,moderate,PWD-field
LS-02504,2023-04-17,2023-24,MZ,D-MZ-01,Aizawl,SEG-0035,NH-306,23.39593,92.81547,rotational_slide,rainfall,earth,quartzite,road_cut,12764,58,30.5,1216,305.8,0,0,5,True,9.2,moderate,GSI-NLSM
LS-02505,2024-07-08,2023-24,AR,D-AR-06,West Siang,SEG-0061,NH-13,28.10171,95.13502,rotational_slide,seismic,earth,phyllite,settlement,9240,59,21.9,386,18.7,0,0,4,False,0.0,moderate,GSI-NLSM
LS-02506,2024-06-07,2023-24,SK,D-SK-01,Gangtok,SEG-0048,NH-10,27.31765,88.56979,debris_flow,rainfall,debris,schist,agriculture,1080,27,37.6,1650,226.1,0,0,3,False,0.0,minor,PWD-field
LS-02507,2024-06-01,2023-24,AS,D-AS-02,Nagaon,SEG-0070,NH-36,25.96112,93.24777,rotational_slide,rainfall,earth,laterite,jhum_cultivation,4618,34,29.1,123,360.7,0,0,5,False,0.0,moderate,GSI-NLSM
LS-02508,2023-08-21,2023-24,AR,D-AR-04,Lower Subansiri,SEG-0059,NH-13,27.80597,94.06674,debris_flow,toe_erosion,debris,schist,road_cut,11466,111,34.7,1092,66.0,0,0,6,True,51.7,moderate,SDMA
LS-02509,2023-06-19,2023-24,ML,D-ML-01,East Khasi Hills,SEG-0013,NH-6,25.79527,91.88151,debris_flow,rainfall,debris,sandstone_shale,barren,6949,93,52.3,1496,387.7,2,0,1,False,0.0,major,GSI-NLSM
LS-02510,2024-07-01,2023-24,ML,D-ML-01,East Khasi Hills,SEG-0013,NH-6,25.86327,91.88396,debris_flow,anthropogenic_cut,debris,schist,agriculture,2189,39,33.6,1496,61.8,0,0,5,True,1.6,moderate,GSI-NLSM
LS-02511,2023-05-17,2023-24,AR,D-AR-06,West Siang,SEG-0061,NH-13,28.11417,95.0518,rotational_slide,rainfall,earth,schist,agriculture,12303,69,27.0,386,357.6,0,0,3,False,0.0,moderate,GSI-NLSM
LS-02512,2023-08-10,2023-24,ML,D-ML-01,East Khasi Hills,SEG-0014,NH-6,25.52167,92.00899,translational_slide,rainfall,rock,phyllite,settlement,1875,33,31.2,1438,584.7,0,0,5,False,0.0,minor,SDMA
LS-02513,2023-07-02,2023-24,MZ,D-MZ-04,Kolasib,SEG-0034,NH-306,23.81184,92.71928,debris_flow,rainfall,debris,sandstone_shale,road_cut,45703,224,37.6,891,200.5,0,1,16,True,48.6,major,PWD-field
LS-02514,2024-07-03,2023-24,MZ,D-MZ-01,Aizawl,SEG-0037,NH-302,23.48909,93.27149,debris_flow,rainfall,debris,schist,road_cut,9668,72,35.0,1405,246.8,0,0,6,True,38.3,moderate,GSI-NLSM
LS-02515,2024-04-13,2023-24,AR,D-AR-03,West Kameng,SEG-0064,NH-13-W,27.5149,91.99677,mudslide,rainfall,earth,gneiss,forest,1853,39,29.3,2731,393.2,0,0,0,False,0.0,minor,GSI-NLSM
LS-02516,2024-08-28,2023-24,ML,D-ML-01,East Khasi Hills,SEG-0014,NH-6,25.529,91.99537,rockfall,rainfall,rock,phyllite,jhum_cultivation,17158,71,21.4,1438,400.0,0,0,6,False,0.0,moderate,PWD-field
LS-02517,2024-06-02,2023-24,AR,D-AR-06,West Siang,SEG-0060,NH-13,28.10485,94.59447,mudslide,rainfall,earth,quartzite,settlement,1246,43,38.7,620,580.0,0,0,1,True,1.5,minor,NDMA
LS-02518,2023-07-20,2023-24,AR,D-AR-01,Papum Pare,SEG-0057,NH-15,27.18112,93.94798,rotational_slide,rainfall,earth,phyllite,jhum_cultivation,15498,109,33.5,259,343.2,0,0,6,True,5.0,moderate,GSI-NLSM
LS-02519,2024-05-18,2023-24,MZ,D-MZ-04,Kolasib,SEG-0034,NH-306,24.01031,92.69995,rockfall,rainfall,rock,sandstone_shale,road_cut,1051,26,35.5,891,122.0,0,0,6,True,1.7,minor,GSI-NLSM
LS-02520,2023-08-05,2023-24,NL,D-NL-01,Kohima,SEG-0025,NH-29,25.96057,94.21753,rotational_slide,rainfall,earth,gneiss,forest,579,18,41.6,1378,276.1,0,0,4,False,0.0,minor,PWD-field
LS-02521,2023-03-08,2023-24,AR,D-AR-04,Lower Subansiri,SEG-0059,NH-13,27.80367,94.07233,debris_flow,rainfall,debris,quartzite,agriculture,55,11,37.6,1092,180.9,0,0,3,False,0.0,minor,NDMA
LS-02522,2024-06-25,2023-24,SK,D-SK-01,Gangtok,SEG-0047,NH-10,27.21054,88.50845,translational_slide,rainfall,rock,sandstone_shale,road_cut,1628,44,37.9,1650,525.6,0,0,5,True,5.6,minor,NDMA
LS-02523,2024-12-15,2023-24,SK,D-SK-02,Mangan,SEG-0051,NH-310,27.62349,88.68322,rockfall,rainfall,rock,sandstone_shale,agriculture,930,30,42.2,1250,585.6,0,0,6,False,0.0,minor,NDMA
LS-02524,2023-06-09,2023-24,NL,D-NL-01,Kohima,SEG-0025,NH-29,26.05433,94.23513,debris_flow,anthropogenic_cut,debris,phyllite,forest,1428,25,46.5,1378,40.7,0,0,4,True,1.9,minor,PWD-field
LS-02525,2024-07-16,2023-24,MN,D-MN-05,Senapati,SEG-0024,NH-2,24.99785,93.98126,debris_flow,rainfall,debris,schist,road_cut,1161,43,38.4,923,199.6,0,0,1,False,0.0,minor,NDMA
LS-02526,2023-05-05,2023-24,NL,D-NL-02,Dimapur,SEG-0021,NH-2,25.84127,93.83765,mudslide,rainfall,earth,gneiss,agriculture,5530,68,27.9,794,590.7,0,0,3,False,0.0,moderate,GSI-NLSM
LS-02527,2023-07-09,2023-24,MN,D-MN-04,Tamenglong,SEG-0029,NH-37,24.95206,93.4444,rockfall,rainfall,rock,phyllite,jhum_cultivation,12369,122,21.4,1260,225.0,0,0,5,True,28.3,moderate,SDMA
LS-02528,2024-08-02,2023-24,ML,D-ML-01,East Khasi Hills,SEG-0014,NH-6,25.49485,92.08826,mudslide,anthropogenic_cut,earth,schist,barren,2982,54,20.9,1438,127.1,0,0,3,True,7.2,moderate,SDMA
LS-02529,2023-02-06,2023-24,AR,D-AR-03,West Kameng,SEG-0063,NH-13-W,27.03338,92.61978,debris_flow,rainfall,debris,sandstone_shale,road_cut,7248,38,27.8,2415,273.0,0,0,5,False,0.0,moderate,SDMA
LS-02530,2024-09-10,2023-24,AR,D-AR-03,West Kameng,SEG-0064,NH-13-W,27.47629,92.0305,rotational_slide,rainfall,earth,schist,settlement,19148,101,43.0,2731,356.8,0,0,0,False,0.0,moderate,GSI-NLSM
LS-02531,2023-06-20,2023-24,MN,D-MN-05,Senapati,SEG-0024,NH-2,24.97639,93.9591,debris_flow,rainfall,debris,phyllite,barren,159,16,21.5,923,448.6,0,0,3,False,0.0,minor,GSI-NLSM
LS-02532,2024-06-03,2023-24,ML,D-ML-01,East Khasi Hills,SEG-0014,NH-6,25.50725,92.04761,rotational_slide,rainfall,earth,gneiss,forest,350,24,25.7,1438,623.5,0,0,6,True,1.0,minor,PWD-field
LS-02533,2023-06-26,2023-24,AR,D-AR-03,West Kameng,SEG-0064,NH-13-W,27.5201,91.96702,debris_flow,rainfall,debris,schist,settlement,3345,64,38.4,2731,563.0,0,0,5,False,0.0,moderate,PWD-field
LS-02534,2024-07-14,2023-24,ML,D-ML-02,West Jaintia Hills,SEG-0015,NH-6,25.38683,92.22732,translational_slide,rainfall,rock,schist,road_cut,2985,58,41.5,701,253.8,0,0,3,False,0.0,moderate,GSI-NLSM
LS-02535,2023-04-06,2023-24,ML,D-ML-01,East Khasi Hills,SEG-0014,NH-6,25.5511,91.92887,mudslide,rainfall,earth,sandstone_shale,barren,2938,45,31.5,1438,249.5,0,0,1,True,2.1,moderate,SDMA
LS-02536,2024-07-15,2023-24,MN,D-MN-05,Senapati,SEG-0023,NH-2,25.33667,94.0578,debris_flow,rainfall,debris,schist,forest,497,23,34.4,1061,454.8,0,0,2,False,0.0,minor,PWD-field
LS-02537,2023-05-08,2023-24,AR,D-AR-03,West Kameng,SEG-0063,NH-13-W,27.1484,92.52176,mudslide,rainfall,earth,schist,jhum_cultivation,2385,31,28.8,2415,537.1,0,0,6,False,0.0,moderate,SDMA
LS-02538,2023-08-05,2023-24,ML,D-ML-03,West Garo Hills,SEG-0019,NH-27-SPUR,25.51497,90.32898,rotational_slide,rainfall,earth,sandstone_shale,barren,5696,83,25.2,337,726.6,0,0,1,True,8.6,moderate,NDMA
LS-02539,2023-01-04,2023-24,AR,D-AR-01,Papum Pare,SEG-0057,NH-15,27.17664,93.90169,translational_slide,toe_erosion,rock,laterite,settlement,2300,51,23.5,259,33.5,0,0,4,True,5.7,moderate,PWD-field
LS-02540,2024-04-24,2023-24,ML,D-ML-02,West Jaintia Hills,SEG-0015,NH-6,25.02865,92.48092,rotational_slide,rainfall,earth,gneiss,road_cut,34152,106,36.9,701,401.3,0,4,3,True,25.8,major,GSI-NLSM
LS-02541,2024-09-16,2023-24,NL,D-NL-02,Dimapur,SEG-0021,NH-2,25.86234,93.80026,rockfall,rainfall,rock,sandstone_shale,jhum_cultivation,17043,63,35.5,794,391.7,1,3,4,False,0.0,major,SDMA
LS-02542,2024-08-09,2023-24,MZ,D-MZ-01,Aizawl,SEG-0037,NH-302,23.6568,92.90369,debris_flow,rainfall,debris,phyllite,agriculture,193,23,45.0,1405,215.4,0,0,4,True,1.0,minor,GSI-NLSM
LS-02543,2023-04-17,2023-24,AR,D-AR-06,West Siang,SEG-0060,NH-13,28.01418,94.32927,translational_slide,seismic,rock,phyllite,road_cut,2639,28,49.6,620,37.2,0,0,5,True,14.4,moderate,PWD-field
LS-02544,2024-07-07,2023-24,ML,D-ML-01,East Khasi Hills,SEG-0013,NH-6,25.65332,91.89945,debris_flow,rainfall,debris,schist,agriculture,405,12,51.8,1496,803.4,0,0,3,True,1.4,minor,PWD-field
LS-02545,2023-07-13,2023-24,TR,D-TR-02,North Tripura,SEG-0042,NH-8,24.34566,92.09334,rockfall,rainfall,rock,phyllite,agriculture,2970,40,13.6,45,251.6,0,0,0,False,0.0,moderate,SDMA
LS-02546,2023-06-15,2023-24,SK,D-SK-04,Gyalshing,SEG-0055,NH-510,27.30225,88.24413,debris_flow,seismic,debris,sandstone_shale,jhum_cultivation,1028,32,35.2,1780,103.0,0,0,4,True,4.7,minor,GSI-NLSM
LS-02547,2024-09-08,2023-24,ML,D-ML-01,East Khasi Hills,SEG-0013,NH-6,25.66249,91.90016,rockfall,rainfall,rock,quartzite,settlement,13344,73,48.7,1496,398.3,0,0,2,False,0.0,moderate,GSI-NLSM
LS-02548,2024-10-28,2023-24,SK,D-SK-01,Gangtok,SEG-0048,NH-10,27.27431,88.52676,rockfall,rainfall,rock,sandstone_shale,forest,1813,51,45.9,1650,266.4,0,0,1,True,2.9,minor,SDMA
LS-02549,2023-07-27,2023-24,MN,D-MN-01,Imphal West,SEG-0032,NH-2-S,24.97533,94.20649,debris_flow,rainfall,debris,phyllite,barren,545,34,51.4,1224,445.5,0,0,1,False,0.0,minor,SDMA
LS-02550,2024-09-02,2023-24,AS,D-AS-07,Dima Hasao,SEG-0069,NH-27-DH,24.92302,92.83127,earth_flow,rainfall,earth,quartzite,barren,997,38,22.8,352,332.3,0,0,4,False,0.0,minor,NDMA
LS-02551,2023-09-04,2023-24,AR,D-AR-01,Papum Pare,SEG-0057,NH-15,27.11893,93.75056,earth_flow,toe_erosion,earth,sandstone_shale,settlement,422,21,22.0,259,58.1,0,0,6,True,1.0,minor,SDMA
LS-02552,2023-05-05,2023-24,NL,D-NL-01,Kohima,SEG-0025,NH-29,25.8242,94.1699,rotational_slide,anthropogenic_cut,earth,schist,settlement,6865,60,35.3,1378,30.9,0,0,0,False,0.0,moderate,PWD-field
LS-02553,2024-10-14,2023-24,ML,D-ML-02,West Jaintia Hills,SEG-0015,NH-6,25.03483,92.46409,rockfall,anthropogenic_cut,rock,quartzite,agriculture,764,40,36.3,701,89.6,0,0,2,False,0.0,minor,GSI-NLSM
LS-02554,2023-06-13,2023-24,AR,D-AR-06,West Siang,SEG-0061,NH-13,28.14029,94.93575,debris_flow,toe_erosion,debris,schist,settlement,10250,95,21.1,386,127.8,0,0,2,False,0.0,moderate,GSI-NLSM
LS-02555,2023-08-03,2023-24,ML,D-ML-01,East Khasi Hills,SEG-0014,NH-6,25.48009,92.13624,debris_flow,rainfall,debris,quartzite,barren,31770,152,21.3,1438,518.9,0,4,11,False,0.0,major,SDMA
LS-02556,2024-02-04,2023-24,AS,D-AS-07,Dima Hasao,SEG-0069,NH-27-DH,25.11354,92.97848,earth_flow,rainfall,earth,gneiss,forest,808,20,26.3,352,139.9,0,0,2,True,1.6,minor,PWD-field
LS-02557,2024-08-26,2023-24,MZ,D-MZ-01,Aizawl,SEG-0037,NH-302,23.53024,93.18014,translational_slide,rainfall,rock,schist,jhum_cultivation,1324,22,50.5,1405,435.0,0,0,6,True,12.7,moderate,GSI-NLSM
LS-02558,2023-04-24,2023-24,MN,D-MN-01,Imphal West,SEG-0032,NH-2-S,24.8861,94.05847,rockfall,anthropogenic_cut,rock,phyllite,agriculture,3101,70,39.8,1224,129.9,0,0,0,True,25.6,moderate,NDMA
LS-02559,2023-06-25,2023-24,WB,D-WB-01,Siliguri,SEG-0046,NH-10,26.8952,88.44714,debris_flow,rainfall,debris,quartzite,agriculture,737,39,44.8,886,567.8,0,0,2,False,0.0,minor,NDMA
LS-02560,2023-05-10,2023-24,TR,D-TR-02,North Tripura,SEG-0042,NH-8,24.31978,92.04445,mudslide,anthropogenic_cut,earth,siltstone,jhum_cultivation,229,17,24.1,45,73.2,0,0,6,True,1.0,minor,SDMA
LS-02561,2023-07-25,2023-24,ML,D-ML-04,East Garo Hills,SEG-0020,NH-27-SPUR,25.30062,90.63059,rockfall,rainfall,rock,laterite,jhum_cultivation,3829,66,15.5,450,596.0,0,0,1,False,0.0,moderate,SDMA
LS-02562,2024-09-28,2023-24,SK,D-SK-02,Mangan,SEG-0051,NH-310,27.67234,88.72128,translational_slide,rainfall,rock,phyllite,agriculture,306,13,47.7,1250,277.9,0,0,3,True,1.0,minor,PWD-field
LS-02563,2024-04-15,2023-24,MN,D-MN-05,Senapati,SEG-0023,NH-2,25.44433,94.10034,debris_flow,rainfall,debris,gneiss,settlement,587,20,38.3,1061,480.6,0,0,6,True,1.0,minor,PWD-field
LS-02564,2023-06-11,2023-24,TR,D-TR-03,Dhalai,SEG-0041,NH-8,24.16926,91.95384,mudslide,anthropogenic_cut,earth,laterite,barren,2891,50,23.2,52,72.7,0,0,4,True,4.8,moderate,NDMA
LS-02565,2024-05-02,2023-24,ML,D-ML-02,West Jaintia Hills,SEG-0015,NH-6,25.17715,92.3737,earth_flow,rainfall,earth,sandstone_shale,settlement,3168,25,30.0,701,471.6,0,0,2,False,0.0,moderate,SDMA
LS-02566,2024-07-02,2023-24,WB,D-WB-01,Siliguri,SEG-0046,NH-10,26.85522,88.42577,translational_slide,rainfall,rock,schist,barren,11004,88,51.8,886,185.1,0,0,1,True,32.6,moderate,SDMA
LS-02567,2023-07-09,2023-24,ML,D-ML-02,West Jaintia Hills,SEG-0015,NH-6,25.18062,92.38712,debris_flow,rainfall,debris,phyllite,forest,908,43,44.5,701,897.0,0,0,6,False,0.0,minor,GSI-NLSM
LS-02568,2024-06-25,2023-24,AS,D-AS-09,Sonitpur,SEG-0062,NH-13-W,26.87396,92.69573,rockfall,rainfall,rock,phyllite,road_cut,3997,72,27.2,1247,405.6,0,0,0,True,21.9,moderate,GSI-NLSM
LS-02569,2024-07-23,2023-24,MZ,D-MZ-05,Serchhip,SEG-0036,NH-306,23.15939,92.80007,rotational_slide,rainfall,earth,phyllite,settlement,1742,26,37.5,1084,439.3,0,0,3,True,3.1,minor,SDMA
LS-02570,2023-08-28,2023-24,AR,D-AR-03,West Kameng,SEG-0064,NH-13-W,27.34179,92.26884,translational_slide,rainfall,rock,quartzite,forest,1445,31,24.5,2731,192.7,0,0,6,False,0.0,minor,SDMA
LS-02571,2024-09-19,2023-24,SK,D-SK-03,Namchi,SEG-0054,NH-510,27.18667,88.33001,translational_slide,rainfall,rock,sandstone_shale,settlement,261,9,41.1,1727,349.5,0,0,1,False,0.0,minor,GSI-NLSM
LS-02572,2024-08-12,2023-24,SK,D-SK-01,Gangtok,SEG-0052,NH-510,27.26106,88.5069,rockfall,rainfall,rock,phyllite,jhum_cultivation,61,5,40.7,1662,370.2,0,0,2,True,1.0,minor,SDMA
LS-02573,2024-08-09,2023-24,AR,D-AR-06,West Siang,SEG-0061,NH-13,28.13083,94.97123,rockfall,rainfall,rock,schist,barren,3103,71,23.1,386,480.4,0,0,2,False,0.0,moderate,NDMA
LS-02574,2024-08-20,2023-24,AR,D-AR-01,Papum Pare,SEG-0057,NH-15,27.17644,93.92029,mudslide,rainfall,earth,sandstone_shale,barren,5899,82,30.4,259,390.2,0,0,2,False,0.0,moderate,GSI-NLSM
LS-02575,2023-05-11,2023-24,MN,D-MN-04,Tamenglong,SEG-0029,NH-37,24.85313,93.22613,translational_slide,rainfall,rock,gneiss,agriculture,54958,165,35.8,1260,276.1,0,1,11,True,114.9,major,SDMA
LS-02576,2023-08-10,2023-24,ML,D-ML-02,West Jaintia Hills,SEG-0015,NH-6,25.14242,92.4111,mudslide,rainfall,earth,phyllite,barren,154,12,43.7,701,661.9,0,0,2,False,0.0,minor,GSI-NLSM
LS-02577,2023-06-24,2023-24,SK,D-SK-02,Mangan,SEG-0050,NH-310,27.55619,88.5719,rockfall,rainfall,rock,schist,road_cut,269,23,40.9,1250,281.6,0,0,1,False,0.0,minor,SDMA
LS-02578,2023-07-01,2023-24,AS,D-AS-08,Karbi Anglong,SEG-0068,NH-27-DH,25.223,93.01998,translational_slide,rainfall,rock,schist,agriculture,7214,77,48.1,433,388.5,0,0,0,True,17.9,moderate,PWD-field
LS-02579,2024-06-23,2023-24,SK,D-SK-02,Mangan,SEG-0051,NH-310,27.67722,88.7289,rockfall,rainfall,rock,schist,forest,692,19,53.3,1250,551.9,0,0,2,True,10.0,moderate,PWD-field
LS-02580,2024-06-22,2023-24,SK,D-SK-02,Mangan,SEG-0051,NH-310,27.63759,88.66754,rotational_slide,rainfall,earth,quartzite,agriculture,2388,36,36.9,1250,222.9,0,0,0,True,7.5,moderate,PWD-field
LS-02581,2023-06-18,2023-24,ML,D-ML-03,West Garo Hills,SEG-0019,NH-27-SPUR,25.48687,90.5597,mudslide,toe_erosion,earth,phyllite,agriculture,881,28,29.4,337,119.0,0,0,2,True,1.5,minor,GSI-NLSM
LS-02582,2023-07-03,2023-24,ML,D-ML-04,East Garo Hills,SEG-0020,NH-27-SPUR,25.29125,90.62386,mudslide,rainfall,earth,phyllite,forest,14054,52,28.0,450,277.4,0,0,2,True,12.8,moderate,PWD-field
LS-02583,2023-09-08,2023-24,AR,D-AR-06,West Siang,SEG-0061,NH-13,28.09569,95.13387,rotational_slide,rainfall,earth,gneiss,road_cut,70,5,26.2,386,612.8,0,0,1,False,0.0,minor,GSI-NLSM
LS-02584,2023-03-22,2023-24,SK,D-SK-01,Gangtok,SEG-0052,NH-510,27.23241,88.45988,rotational_slide,rainfall,earth,phyllite,forest,2362,31,39.2,1662,544.5,0,0,3,True,5.0,moderate,PWD-field
LS-02585,2023-05-16,2023-24,AS,D-AS-04,Dibrugarh,SEG-0011,NH-27,27.47205,95.05355,mudslide,rainfall,earth,laterite,settlement,686,36,15.9,112,413.0,0,0,2,True,1.0,minor,GSI-NLSM
LS-02586,2024-05-13,2023-24,NL,D-NL-01,Kohima,SEG-0025,NH-29,25.88498,94.17549,rotational_slide,rainfall,earth,phyllite,road_cut,1068,30,47.2,1378,330.6,0,0,0,False,0.0,minor,GSI-NLSM
LS-02587,2023-08-16,2023-24,SK,D-SK-01,Gangtok,SEG-0048,NH-10,27.2964,88.56767,rockfall,rainfall,rock,gneiss,agriculture,425,10,31.3,1650,195.8,0,0,5,False,0.0,minor,GSI-NLSM
LS-02588,2023-04-07,2023-24,SK,D-SK-04,Gyalshing,SEG-0055,NH-510,27.32877,88.23519,rockfall,rainfall,rock,gneiss,settlement,538,29,49.6,1780,152.4,0,0,0,True,1.0,minor,NDMA
LS-02589,2024-09-18,2023-24,AR,D-AR-05,East Siang,SEG-0065,NH-315,28.11962,95.79189,translational_slide,rainfall,rock,quartzite,agriculture,434,19,31.6,1060,501.3,0,0,3,True,2.1,minor,NDMA
LS-02590,2023-07-05,2023-24,AR,D-AR-07,Lohit,SEG-0067,NH-315,27.74771,95.98032,debris_flow,rainfall,debris,laterite,barren,6030,44,30.6,231,188.9,0,0,0,False,0.0,moderate,GSI-NLSM
LS-02591,2024-10-07,2023-24,ML,D-ML-02,West Jaintia Hills,SEG-0015,NH-6,24.97792,92.51452,debris_flow,rainfall,debris,phyllite,road_cut,965,41,29.6,701,448.0,0,0,6,True,1.2,minor,GSI-NLSM
LS-02592,2023-09-21,2023-24,ML,D-ML-01,East Khasi Hills,SEG-0013,NH-6,25.81998,91.88703,translational_slide,anthropogenic_cut,rock,gneiss,agriculture,4164,57,47.2,1496,3.0,2,0,5,False,0.0,major,SDMA
LS-02593,2023-10-02,2023-24,MN,D-MN-04,Tamenglong,SEG-0030,NH-37,24.8174,92.92189,rockfall,rainfall,rock,schist,agriculture,1599,56,46.7,642,322.4,0,0,3,False,0.0,minor,GSI-NLSM
LS-02594,2024-06-17,2023-24,MZ,D-MZ-04,Kolasib,SEG-0034,NH-306,24.14651,92.68121,rockfall,rainfall,rock,gneiss,jhum_cultivation,398,14,28.6,891,532.2,0,0,0,True,2.1,minor,GSI-NLSM
LS-02595,2024-06-10,2023-24,MN,D-MN-05,Senapati,SEG-0024,NH-2,24.98166,93.97442,rockfall,rainfall,rock,phyllite,barren,424,24,33.9,923,459.1,0,0,3,False,0.0,minor,PWD-field
LS-02596,2023-09-02,2023-24,ML,D-ML-02,West Jaintia Hills,SEG-0015,NH-6,25.31337,92.29733,rockfall,rainfall,rock,quartzite,agriculture,4031,26,27.7,701,906.4,0,0,2,False,0.0,moderate,PWD-field
LS-02597,2024-06-23,2023-24,SK,D-SK-01,Gangtok,SEG-0047,NH-10,27.20791,88.50731,mudslide,rainfall,earth,quartzite,forest,181,7,38.8,1650,398.0,0,0,4,False,0.0,minor,PWD-field
LS-02598,2023-07-07,2023-24,SK,D-SK-01,Gangtok,SEG-0047,NH-10,27.20584,88.5224,translational_slide,rainfall,rock,schist,forest,20943,109,31.4,1650,460.4,0,0,5,False,0.0,moderate,GSI-NLSM
LS-02599,2024-08-22,2023-24,AR,D-AR-01,Papum Pare,SEG-0058,NH-13,27.43324,93.78262,debris_flow,rainfall,debris,schist,road_cut,384,11,34.4,1002,210.6,0,0,3,False,0.0,minor,GSI-NLSM
LS-02600,2023-04-10,2023-24,AR,D-AR-03,West Kameng,SEG-0064,NH-13-W,27.4146,92.15976,rotational_slide,toe_erosion,earth,schist,agriculture,55621,127,38.7,2731,134.2,0,1,26,True,21.8,major,PWD-field
LS-02601,2024-10-05,2023-24,MZ,D-MZ-01,Aizawl,SEG-0037,NH-302,23.60165,93.04779,rockfall,toe_erosion,rock,schist,road_cut,5177,61,54.5,1405,82.2,0,0,4,False,0.0,moderate,PWD-field
LS-02602,2024-06-13,2023-24,ML,D-ML-01,East Khasi Hills,SEG-0014,NH-6,25.54322,91.98216,debris_flow,rainfall,debris,phyllite,jhum_cultivation,4229,31,27.1,1438,605.3,0,0,6,False,0.0,moderate,SDMA
LS-02603,2023-09-05,2023-24,AR,D-AR-03,West Kameng,SEG-0063,NH-13-W,27.21373,92.47092,debris_flow,toe_erosion,debris,sandstone_shale,settlement,488,11,40.4,2415,21.5,0,0,6,False,0.0,minor,GSI-NLSM
LS-02604,2024-08-16,2023-24,SK,D-SK-01,Gangtok,SEG-0048,NH-10,27.27975,88.55828,rotational_slide,rainfall,earth,phyllite,agriculture,1119,26,40.7,1650,175.9,0,0,2,False,0.0,minor,SDMA
LS-02605,2023-08-18,2023-24,AS,D-AS-01,Kamrup Metropolitan,SEG-0012,NH-6,26.10608,91.75382,mudslide,rainfall,earth,gneiss,settlement,703,31,27.3,775,522.1,0,0,5,False,0.0,minor,GSI-NLSM
LS-02606,2024-06-25,2023-24,AS,D-AS-08,Karbi Anglong,SEG-0071,NH-36,25.87877,93.55318,mudslide,rainfall,earth,laterite,barren,37,6,27.3,165,257.1,0,0,3,False,0.0,minor,SDMA
LS-02607,2024-05-23,2023-24,AR,D-AR-05,East Siang,SEG-0065,NH-315,28.11249,95.69985,rockfall,rainfall,rock,sandstone_shale,settlement,3239,72,30.7,1060,553.6,0,0,1,True,28.0,moderate,GSI-NLSM
LS-02608,2024-07-22,2023-24,NL,D-NL-01,Kohima,SEG-0022,NH-2,25.61105,94.11221,earth_flow,rainfall,earth,gneiss,barren,226,16,36.5,1252,499.1,0,0,6,True,1.0,minor,GSI-NLSM
LS-02609,2024-09-21,2023-24,MZ,D-MZ-04,Kolasib,SEG-0034,NH-306,23.85033,92.70047,mudslide,anthropogenic_cut,earth,quartzite,jhum_cultivation,2655,45,25.3,891,67.0,3,6,2,True,10.6,major,PWD-field
LS-02610,2024-06-26,2023-24,AR,D-AR-09,Dibang Valley,SEG-0066,NH-315,28.1044,95.86174,translational_slide,rainfall,rock,gneiss,road_cut,791,25,45.0,1099,434.3,0,0,1,True,9.0,moderate,PWD-field
LS-02611,2023-06-14,2023-24,WB,D-WB-01,Siliguri,SEG-0046,NH-10,26.89934,88.43992,rockfall,rainfall,rock,gneiss,forest,4245,58,47.4,886,370.2,0,0,6,True,26.5,moderate,GSI-NLSM
LS-02612,2023-04-09,2023-24,SK,D-SK-01,Gangtok,SEG-0049,NH-310,27.45054,88.55378,debris_flow,rainfall,debris,phyllite,barren,851,22,34.8,1450,207.0,0,0,6,False,0.0,minor,PWD-field
LS-02613,2024-08-22,2023-24,ML,D-ML-02,West Jaintia Hills,SEG-0015,NH-6,25.33459,92.2799,rockfall,rainfall,rock,gneiss,jhum_cultivation,1557,54,43.5,701,907.3,0,0,0,True,4.3,minor,PWD-field
LS-02614,2023-07-23,2023-24,ML,D-ML-01,East Khasi Hills,SEG-0013,NH-6,25.74693,91.88301,debris_flow,rainfall,debris,quartzite,agriculture,733,35,43.8,1496,401.7,0,0,0,False,0.0,minor,NDMA
LS-02615,2023-05-05,2023-24,SK,D-SK-03,Namchi,SEG-0054,NH-510,27.27541,88.28033,debris_flow,anthropogenic_cut,debris,sandstone_shale,settlement,2860,46,30.7,1727,21.3,0,0,0,True,11.3,moderate,SDMA
LS-02616,2024-08-08,2023-24,AR,D-AR-03,West Kameng,SEG-0063,NH-13-W,27.03348,92.61246,translational_slide,rainfall,rock,quartzite,forest,3594,63,32.1,2415,518.4,0,0,3,True,10.3,moderate,NDMA
LS-02617,2024-04-23,2023-24,ML,D-ML-01,East Khasi Hills,SEG-0013,NH-6,25.66128,91.89283,debris_flow,rainfall,debris,schist,settlement,183,11,46.9,1496,780.0,0,0,1,True,1.0,minor,GSI-NLSM
LS-02618,2023-06-20,2023-24,ML,D-ML-01,East Khasi Hills,SEG-0013,NH-6,25.73281,91.88425,mudslide,anthropogenic_cut,earth,phyllite,agriculture,185,12,45.8,1496,45.9,0,0,1,True,1.0,minor,NDMA
LS-02619,2024-07-06,2023-24,ML,D-ML-01,East Khasi Hills,SEG-0014,NH-6,25.49897,92.09641,mudslide,rainfall,earth,sandstone_shale,agriculture,4186,83,26.2,1438,823.5,0,0,6,True,12.7,moderate,NDMA
LS-02620,2023-10-04,2023-24,MZ,D-MZ-01,Aizawl,SEG-0037,NH-302,23.55409,93.13943,rockfall,rainfall,rock,sandstone_shale,agriculture,23182,131,52.2,1405,447.3,0,0,0,False,0.0,moderate,GSI-NLSM
LS-02621,2024-08-21,2023-24,NL,D-NL-04,Wokha,SEG-0026,NH-29,26.14569,94.32367,debris_flow,rainfall,debris,gneiss,barren,3996,77,33.8,1319,474.6,0,0,1,True,11.0,moderate,PWD-field
LS-02622,2024-08-25,2023-24,ML,D-ML-01,East Khasi Hills,SEG-0013,NH-6,25.70512,91.88068,debris_flow,rainfall,debris,phyllite,road_cut,1901,27,33.8,1496,209.7,0,0,3,False,0.0,minor,SDMA
LS-02623,2024-08-12,2023-24,NL,D-NL-03,Mokokchung,SEG-0027,NH-29,26.30779,94.65518,rotational_slide,rainfall,earth,phyllite,barren,955,25,34.5,1348,492.8,0,0,5,False,0.0,minor,GSI-NLSM
LS-02624,2024-06-12,2023-24,MZ,D-MZ-01,Aizawl,SEG-0035,NH-306,23.48861,92.78989,translational_slide,rainfall,rock,sandstone_shale,agriculture,6233,38,26.8,1216,480.3,0,0,6,False,0.0,moderate,GSI-NLSM
LS-02625,2024-05-18,2023-24,MZ,D-MZ-05,Serchhip,SEG-0036,NH-306,23.19775,92.82382,debris_flow,rainfall,debris,quartzite,settlement,435,19,34.9,1084,305.5,5,15,1,True,1.2,catastrophic,PWD-field
LS-02626,2023-03-03,2023-24,SK,D-SK-01,Gangtok,SEG-0052,NH-510,27.26707,88.52325,rockfall,rainfall,rock,phyllite,barren,19533,52,48.1,1662,162.9,0,0,4,False,0.0,moderate,GSI-NLSM
LS-02627,2024-04-19,2023-24,MZ,D-MZ-04,Kolasib,SEG-0034,NH-306,23.83698,92.70834,debris_flow,rainfall,debris,quartzite,settlement,17231,147,42.1,891,579.3,0,0,1,True,27.7,moderate,PWD-field
LS-02628,2024-08-10,2023-24,SK,D-SK-04,Gyalshing,SEG-0055,NH-510,27.30571,88.24113,translational_slide,rainfall,rock,gneiss,barren,3198,25,51.6,1780,132.0,0,0,4,True,18.5,moderate,GSI-NLSM
LS-02629,2024-06-21,2023-24,AS,D-AS-02,Nagaon,SEG-0070,NH-36,26.23994,92.85826,rockfall,rainfall,rock,phyllite,barren,1315,32,23.9,123,126.2,2,2,5,True,8.2,major,GSI-NLSM
LS-02630,2024-06-24,2023-24,WB,D-WB-01,Siliguri,SEG-0046,NH-10,27.13691,88.52106,debris_flow,rainfall,debris,phyllite,settlement,3226,72,42.9,886,584.4,0,0,0,True,4.0,moderate,SDMA
LS-02631,2023-06-21,2023-24,AR,D-AR-04,Lower Subansiri,SEG-0059,NH-13,27.61684,93.88543,rockfall,rainfall,rock,phyllite,jhum_cultivation,476,10,45.9,1092,478.4,0,0,6,True,1.1,minor,GSI-NLSM
LS-02632,2024-07-28,2023-24,ML,D-ML-01,East Khasi Hills,SEG-0013,NH-6,25.81637,91.88624,earth_flow,anthropogenic_cut,earth,gneiss,barren,100,13,44.0,1496,41.2,0,0,4,False,0.0,minor,NDMA
LS-02633,2023-07-07,2023-24,AR,D-AR-03,West Kameng,SEG-0064,NH-13-W,27.45957,92.08964,debris_flow,rainfall,debris,quartzite,agriculture,384,25,28.5,2731,152.1,0,0,4,False,0.0,minor,PWD-field
LS-02634,2024-08-13,2023-24,MN,D-MN-01,Imphal West,SEG-0028,NH-37,24.95551,93.55723,rockfall,rainfall,rock,sandstone_shale,jhum_cultivation,45839,90,49.9,1023,165.4,2,6,9,True,147.2,major,GSI-NLSM
LS-02635,2024-08-27,2023-24,NL,D-NL-04,Wokha,SEG-0026,NH-29,26.25674,94.42915,mudslide,rainfall,earth,phyllite,forest,1230,36,42.0,1319,189.9,0,0,4,True,1.0,minor,NDMA
LS-02636,2023-07-19,2023-24,ML,D-ML-01,East Khasi Hills,SEG-0013,NH-6,25.68834,91.8823,mudslide,rainfall,earth,gneiss,forest,3263,28,46.3,1496,926.3,0,0,2,True,5.0,moderate,NDMA
LS-02637,2023-07-05,2023-24,ML,D-ML-01,East Khasi Hills,SEG-0013,NH-6,25.65784,91.88731,debris_flow,rainfall,debris,quartzite,agriculture,4935,33,40.9,1496,649.3,0,0,2,True,10.9,moderate,NDMA
LS-02638,2024-04-12,2023-24,MN,D-MN-01,Imphal West,SEG-0032,NH-2-S,24.89899,94.09191,translational_slide,rainfall,rock,sandstone_shale,settlement,4412,54,48.1,1224,385.8,0,0,0,False,0.0,moderate,PWD-field
LS-02639,2023-06-11,2023-24,MN,D-MN-01,Imphal West,SEG-0032,NH-2-S,25.03779,94.33972,rockfall,seismic,rock,quartzite,settlement,3173,39,37.0,1224,38.7,0,0,4,True,11.0,moderate,GSI-NLSM
LS-02640,2024-06-17,2023-24,SK,D-SK-02,Mangan,SEG-0051,NH-310,27.62721,88.66951,debris_flow,rainfall,debris,quartzite,barren,1105,42,36.1,1250,262.0,0,0,1,True,2.3,minor,SDMA
LS-02641,2023-04-23,2023-24,MZ,D-MZ-05,Serchhip,SEG-0036,NH-306,23.10175,92.79652,debris_flow,rainfall,debris,gneiss,barren,420,27,43.7,1084,593.4,0,0,4,False,0.0,minor,PWD-field
LS-02642,2023-07-05,2023-24,ML,D-ML-04,East Garo Hills,SEG-0020,NH-27-SPUR,25.30599,90.63287,rotational_slide,rainfall,earth,siltstone,barren,9464,86,15.3,450,847.1,0,0,1,False,0.0,moderate,GSI-NLSM
LS-02643,2023-06-27,2023-24,SK,D-SK-02,Mangan,SEG-0051,NH-310,27.66053,88.72743,debris_flow,rainfall,debris,schist,forest,39926,97,43.3,1250,169.4,0,2,38,True,72.8,major,NDMA
LS-02644,2023-07-13,2023-24,SK,D-SK-01,Gangtok,SEG-0052,NH-510,27.13954,88.36462,mudslide,rainfall,earth,gneiss,road_cut,5520,46,33.1,1662,433.2,0,0,0,True,51.4,moderate,GSI-NLSM
LS-02645,2023-03-05,2023-24,ML,D-ML-02,West Jaintia Hills,SEG-0015,NH-6,25.11641,92.41509,debris_flow,rainfall,debris,gneiss,agriculture,1798,47,34.7,701,485.2,0,0,5,False,0.0,minor,NDMA
LS-02646,2023-07-09,2023-24,MZ,D-MZ-01,Aizawl,SEG-0037,NH-302,23.54111,93.14949,rockfall,rainfall,rock,phyllite,barren,26247,66,50.8,1405,280.4,0,3,13,True,203.9,major,PWD-field
LS-02647,2024-03-16,2023-24,AS,D-AS-01,Kamrup Metropolitan,SEG-0012,NH-6,26.03822,91.80086,debris_flow,rainfall,debris,gneiss,jhum_cultivation,1170,41,37.2,775,296.6,0,0,2,True,1.0,minor,SDMA
LS-02648,2023-07-05,2023-24,SK,D-SK-02,Mangan,SEG-0050,NH-310,27.53669,88.55739,mudslide,rainfall,earth,quartzite,forest,12274,117,35.1,1250,373.5,0,0,6,False,0.0,moderate,GSI-NLSM
LS-02649,2023-08-07,2023-24,SK,D-SK-03,Namchi,SEG-0054,NH-510,27.26332,88.27812,debris_flow,rainfall,debris,quartzite,agriculture,988,37,45.9,1727,365.2,0,0,3,True,9.1,moderate,SDMA
LS-02650,2024-07-11,2023-24,SK,D-SK-04,Gyalshing,SEG-0055,NH-510,27.30157,88.26265,debris_flow,rainfall,debris,phyllite,road_cut,5888,47,48.4,1780,540.2,0,0,6,False,0.0,moderate,GSI-NLSM
LS-02651,2023-05-21,2023-24,AR,D-AR-03,West Kameng,SEG-0063,NH-13-W,27.2362,92.45357,translational_slide,anthropogenic_cut,rock,schist,forest,2002,21,38.7,2415,79.1,0,0,3,False,0.0,moderate,PWD-field
LS-02652,2024-07-15,2023-24,AR,D-AR-05,East Siang,SEG-0065,NH-315,28.10387,95.70518,debris_flow,rainfall,debris,quartzite,settlement,4375,77,28.7,1060,277.8,0,0,3,True,28.5,moderate,PWD-field
LS-02653,2024-10-15,2023-24,MZ,D-MZ-01,Aizawl,SEG-0035,NH-306,23.52976,92.77347,translational_slide,rainfall,rock,schist,agriculture,1356,50,28.1,1216,455.9,0,0,2,True,1.1,minor,PWD-field
LS-02654,2023-05-14,2023-24,AS,D-AS-08,Karbi Anglong,SEG-0068,NH-27-DH,25.45401,93.09486,rockfall,rainfall,rock,phyllite,agriculture,215,15,49.2,433,161.8,0,0,6,True,1.3,minor,PWD-field
LS-02655,2023-04-01,2023-24,TR,D-TR-03,Dhalai,SEG-0041,NH-8,24.1005,91.92853,mudslide,rainfall,earth,phyllite,road_cut,2552,51,15.0,52,268.4,0,0,0,False,0.0,moderate,GSI-NLSM
LS-02656,2023-09-25,2023-24,WB,D-WB-01,Siliguri,SEG-0046,NH-10,27.10432,88.498,rotational_slide,rainfall,earth,schist,forest,4360,31,39.3,886,194.0,0,0,4,True,3.2,moderate,GSI-NLSM
LS-02657,2024-07-09,2023-24,AR,D-AR-04,Lower Subansiri,SEG-0059,NH-13,27.64985,93.92296,rockfall,rainfall,rock,sandstone_shale,jhum_cultivation,2875,29,39.8,1092,261.1,0,0,3,True,29.3,moderate,PWD-field
LS-02658,2023-06-16,2023-24,TR,D-TR-02,North Tripura,SEG-0043,NH-8,24.42419,92.32265,rotational_slide,toe_erosion,earth,siltstone,jhum_cultivation,2478,65,27.9,34,3.3,0,0,0,False,0.0,moderate,PWD-field
LS-02659,2023-11-02,2023-24,AR,D-AR-03,West Kameng,SEG-0064,NH-13-W,27.47772,92.06167,debris_flow,rainfall,debris,phyllite,settlement,8740,72,43.0,2731,450.0,0,0,3,True,16.8,moderate,SDMA
LS-02660,2024-10-16,2023-24,AS,D-AS-01,Kamrup Metropolitan,SEG-0012,NH-6,26.05784,91.77907,translational_slide,rainfall,rock,schist,jhum_cultivation,18112,107,31.0,775,128.4,0,0,4,False,0.0,moderate,GSI-NLSM
LS-02661,2024-10-16,2023-24,AS,D-AS-01,Kamrup Metropolitan,SEG-0012,NH-6,26.09504,91.77675,rockfall,rainfall,rock,gneiss,road_cut,1592,34,39.4,775,148.1,0,0,4,True,1.5,minor,GSI-NLSM
LS-02662,2023-08-06,2023-24,AR,D-AR-05,East Siang,SEG-0065,NH-315,28.09548,95.56413,debris_flow,rainfall,debris,gneiss,settlement,243,19,31.9,1060,464.9,0,0,5,True,1.3,minor,PWD-field
LS-02663,2024-07-26,2023-24,AS,D-AS-09,Sonitpur,SEG-0062,NH-13-W,26.81187,92.71314,translational_slide,rainfall,rock,schist,agriculture,1555,33,43.4,1247,594.6,0,0,5,True,13.5,moderate,NDMA
LS-02664,2023-07-02,2023-24,AR,D-AR-06,West Siang,SEG-0061,NH-13,28.15141,94.89719,mudslide,rainfall,earth,gneiss,jhum_cultivation,854,16,29.7,386,370.6,0,0,4,True,1.0,minor,PWD-field
LS-02665,2024-07-28,2023-24,MN,D-MN-04,Tamenglong,SEG-0030,NH-37,24.81969,92.84068,debris_flow,anthropogenic_cut,debris,schist,forest,1652,45,29.9,642,11.8,0,0,2,False,0.0,minor,PWD-field
LS-02666,2023-09-21,2023-24,AR,D-AR-06,West Siang,SEG-0060,NH-13,28.07482,94.50824,earth_flow,rainfall,earth,quartzite,jhum_cultivation,1201,38,42.7,620,198.2,0,0,2,False,0.0,minor,GSI-NLSM
LS-02667,2023-07-22,2023-24,AR,D-AR-05,East Siang,SEG-0065,NH-315,28.10061,95.63432,debris_flow,rainfall,debris,schist,road_cut,11979,79,28.1,1060,126.6,0,0,5,True,53.6,moderate,SDMA
LS-02668,2024-06-27,2023-24,NL,D-NL-02,Dimapur,SEG-0021,NH-2,25.76652,93.95492,debris_flow,rainfall,debris,schist,jhum_cultivation,2387,40,26.2,794,521.1,0,0,0,True,2.2,moderate,PWD-field
LS-02669,2023-05-03,2023-24,SK,D-SK-01,Gangtok,SEG-0052,NH-510,27.30415,88.55322,debris_flow,rainfall,debris,quartzite,settlement,862,34,37.0,1662,419.8,0,0,0,True,2.8,minor,SDMA
LS-02670,2024-09-27,2023-24,ML,D-ML-02,West Jaintia Hills,SEG-0015,NH-6,25.06959,92.44957,translational_slide,rainfall,rock,quartzite,forest,1114,15,38.2,701,338.9,0,0,1,False,0.0,minor,GSI-NLSM
LS-02671,2023-08-04,2023-24,AS,D-AS-06,Cachar,SEG-0033,NH-306,24.36237,92.70739,translational_slide,anthropogenic_cut,rock,siltstone,forest,4934,82,21.9,337,11.9,0,0,3,True,9.6,moderate,NDMA
LS-02672,2024-08-10,2023-24,SK,D-SK-04,Gyalshing,SEG-0055,NH-510,27.321,88.2383,debris_flow,rainfall,debris,quartzite,barren,3389,56,51.9,1780,401.4,0,0,6,True,5.1,moderate,PWD-field
LS-02673,2023-08-19,2023-24,SK,D-SK-03,Namchi,SEG-0054,NH-510,27.17479,88.34811,translational_slide,seismic,rock,schist,road_cut,3210,34,42.7,1727,20.0,0,0,4,False,0.0,moderate,GSI-NLSM
LS-02674,2024-05-12,2023-24,ML,D-ML-03,West Garo Hills,SEG-0019,NH-27-SPUR,25.49799,90.38378,debris_flow,rainfall,debris,sandstone_shale,barren,2181,37,12.5,337,830.8,0,0,6,True,5.3,moderate,NDMA
LS-02675,2023-07-26,2023-24,WB,D-WB-01,Siliguri,SEG-0046,NH-10,26.91454,88.4413,debris_flow,rainfall,debris,gneiss,road_cut,18555,136,56.0,886,477.9,0,0,0,False,0.0,moderate,NDMA
LS-02676,2024-10-28,2023-24,ML,D-ML-02,West Jaintia Hills,SEG-0015,NH-6,25.26434,92.31482,debris_flow,rainfall,debris,quartzite,agriculture,911,39,25.7,701,501.7,0,0,2,True,1.0,minor,SDMA
LS-02677,2023-06-17,2023-24,MZ,D-MZ-01,Aizawl,SEG-0035,NH-306,23.39364,92.81906,debris_flow,rainfall,debris,phyllite,barren,397,18,32.5,1216,365.4,0,0,0,True,1.0,minor,SDMA
LS-02678,2024-06-10,2023-24,ML,D-ML-02,West Jaintia Hills,SEG-0015,NH-6,25.23075,92.34759,rockfall,toe_erosion,rock,phyllite,barren,353,25,43.2,701,36.2,0,0,5,True,1.5,minor,GSI-NLSM
LS-02679,2024-08-07,2023-24,NL,D-NL-04,Wokha,SEG-0026,NH-29,26.23215,94.43054,debris_flow,toe_erosion,debris,phyllite,barren,142,9,31.7,1319,51.3,0,0,4,True,1.0,minor,PWD-field
LS-02680,2024-05-24,2023-24,AR,D-AR-04,Lower Subansiri,SEG-0059,NH-13,27.73394,93.99737,debris_flow,rainfall,debris,quartzite,settlement,2522,32,46.5,1092,508.5,0,0,0,True,5.0,moderate,SDMA
LS-02681,2023-08-10,2023-24,AR,D-AR-03,West Kameng,SEG-0063,NH-13-W,27.06413,92.60607,rockfall,rainfall,rock,phyllite,barren,184,11,22.2,2415,562.7,0,0,4,False,0.0,minor,SDMA
LS-02682,2024-09-11,2023-24,AS,D-AS-07,Dima Hasao,SEG-0069,NH-27-DH,24.86111,92.79427,debris_flow,rainfall,debris,phyllite,jhum_cultivation,17713,150,24.4,352,126.2,0,0,1,True,104.5,major,GSI-NLSM
LS-02683,2023-09-08,2023-24,AR,D-AR-09,Dibang Valley,SEG-0066,NH-315,28.03053,95.97248,mudslide,toe_erosion,earth,gneiss,agriculture,958,35,51.5,1099,107.7,0,0,6,False,0.0,minor,GSI-NLSM
LS-02684,2023-09-03,2023-24,AS,D-AS-01,Kamrup Metropolitan,SEG-0004,NH-27,26.19086,91.69763,debris_flow,rainfall,debris,alluvium,forest,387,26,8,55,382.7,0,0,5,False,0.0,minor,GSI-NLSM
LS-02685,2024-07-01,2023-24,AS,D-AS-01,Kamrup Metropolitan,SEG-0004,NH-27,26.17325,91.68968,mudslide,rainfall,earth,alluvium,road_cut,1409,20,14.6,55,592.8,0,0,0,True,1.0,minor,GSI-NLSM
LS-02686,2024-03-13,2023-24,ML,D-ML-01,East Khasi Hills,SEG-0014,NH-6,25.55661,91.93461,debris_flow,rainfall,debris,schist,settlement,251,13,30.4,1438,929.7,0,0,6,False,0.0,minor,SDMA
LS-02687,2023-06-03,2023-24,SK,D-SK-02,Mangan,SEG-0050,NH-310,27.56299,88.60921,rockfall,rainfall,rock,gneiss,agriculture,4792,36,43.1,1250,508.9,0,0,1,True,50.3,moderate,GSI-NLSM
LS-02688,2024-03-04,2023-24,ML,D-ML-01,East Khasi Hills,SEG-0013,NH-6,25.81194,91.89095,debris_flow,rainfall,debris,schist,road_cut,21830,71,44.6,1496,916.6,0,0,3,False,0.0,moderate,PWD-field
LS-02689,2024-07-10,2023-24,MN,D-MN-01,Imphal West,SEG-0032,NH-2-S,24.98369,94.24955,debris_flow,rainfall,debris,sandstone_shale,barren,95,10,50.3,1224,557.9,0,0,6,False,0.0,minor,GSI-NLSM
LS-02690,2023-05-06,2023-24,AR,D-AR-01,Papum Pare,SEG-0057,NH-15,27.14463,93.8036,translational_slide,rainfall,rock,phyllite,jhum_cultivation,19554,147,34.0,259,387.3,1,2,6,False,0.0,major,GSI-NLSM
LS-02691,2023-07-19,2023-24,AS,D-AS-08,Karbi Anglong,SEG-0068,NH-27-DH,25.65161,93.14359,rotational_slide,rainfall,earth,sandstone_shale,forest,1410,54,38.1,433,338.2,0,0,1,False,0.0,minor,NDMA
LS-02692,2024-03-13,2023-24,ML,D-ML-01,East Khasi Hills,SEG-0014,NH-6,25.53662,91.97639,rockfall,anthropogenic_cut,rock,quartzite,forest,900,22,28.0,1438,106.4,0,0,6,False,0.0,minor,PWD-field
LS-02693,2024-05-14,2023-24,AR,D-AR-04,Lower Subansiri,SEG-0059,NH-13,27.78346,94.05306,mudslide,rainfall,earth,gneiss,jhum_cultivation,3032,75,48.1,1092,477.1,0,0,2,False,0.0,moderate,GSI-NLSM
LS-02694,2023-08-17,2023-24,MN,D-MN-02,Churachandpur,SEG-0031,NH-2-S,24.43088,93.72727,rotational_slide,rainfall,earth,schist,road_cut,195,18,23.8,850,518.2,0,0,1,False,0.0,minor,GSI-NLSM
LS-02695,2023-02-05,2023-24,MN,D-MN-05,Senapati,SEG-0024,NH-2,24.91398,93.96327,debris_flow,anthropogenic_cut,debris,quartzite,jhum_cultivation,18991,52,32.3,923,49.2,9,0,1,False,0.0,catastrophic,GSI-NLSM
LS-02696,2023-07-06,2023-24,AS,D-AS-01,Kamrup Metropolitan,SEG-0012,NH-6,26.08431,91.76212,rockfall,rainfall,rock,schist,barren,27844,137,33.8,775,322.4,0,4,7,True,64.7,major,PWD-field
LS-02697,2023-01-10,2023-24,SK,D-SK-04,Gyalshing,SEG-0055,NH-510,27.29862,88.25189,rockfall,toe_erosion,rock,gneiss,settlement,322,11,37.2,1780,49.0,0,0,5,False,0.0,minor,SDMA
LS-02698,2023-05-19,2023-24,MZ,D-MZ-05,Serchhip,SEG-0036,NH-306,23.23327,92.827,rotational_slide,rainfall,earth,schist,settlement,198,16,42.2,1084,420.8,0,0,0,False,0.0,minor,SDMA
LS-02699,2024-07-11,2023-24,AR,D-AR-09,Dibang Valley,SEG-0066,NH-315,28.04572,95.94955,rockfall,rainfall,rock,quartzite,barren,3656,38,45.9,1099,232.4,0,0,5,True,26.7,moderate,GSI-NLSM
LS-02700,2024-04-19,2023-24,AR,D-AR-01,Papum Pare,SEG-0057,NH-15,27.13434,93.7503,rockfall,rainfall,rock,laterite,jhum_cultivation,3383,50,31.7,259,536.1,0,0,6,True,2.3,moderate,PWD-field
LS-02701,2023-09-12,2023-24,AR,D-AR-01,Papum Pare,SEG-0057,NH-15,27.15598,93.83342,debris_flow,rainfall,debris,siltstone,road_cut,4157,66,33.1,259,321.8,0,0,4,True,2.4,moderate,GSI-NLSM
LS-02702,2024-05-21,2023-24,AR,D-AR-04,Lower Subansiri,SEG-0059,NH-13,27.59705,93.87032,translational_slide,rainfall,rock,schist,road_cut,487,30,42.3,1092,596.2,0,0,1,False,0.0,minor,GSI-NLSM
LS-02703,2024-07-02,2023-24,NL,D-NL-01,Kohima,SEG-0025,NH-29,25.95757,94.21293,mudslide,rainfall,earth,phyllite,agriculture,620,37,50.7,1378,359.1,0,0,4,True,1.0,minor,NDMA
LS-02704,2024-05-19,2023-24,AS,D-AS-09,Sonitpur,SEG-0062,NH-13-W,26.72017,92.76189,translational_slide,rainfall,rock,sandstone_shale,barren,2823,24,31.5,1247,522.5,0,0,0,False,0.0,moderate,SDMA
LS-02705,2024-05-28,2023-24,MZ,D-MZ-01,Aizawl,SEG-0037,NH-302,23.64885,92.88675,debris_flow,anthropogenic_cut,debris,schist,forest,453,29,46.0,1405,27.9,0,0,1,True,1.1,minor,GSI-NLSM
LS-02706,2024-06-13,2023-24,NL,D-NL-04,Wokha,SEG-0026,NH-29,26.16715,94.34935,debris_flow,rainfall,debris,quartzite,settlement,11434,122,43.1,1319,489.6,0,0,6,True,10.1,moderate,GSI-NLSM
LS-02707,2024-05-22,2023-24,AS,D-AS-10,Bongaigaon,SEG-0018,NH-27-SPUR,25.69248,90.30852,earth_flow,anthropogenic_cut,earth,sandstone_shale,jhum_cultivation,1607,46,18.6,139,22.2,0,0,5,False,0.0,minor,NDMA
LS-02708,2023-07-18,2023-24,AR,D-AR-06,West Siang,SEG-0060,NH-13,28.1009,94.60177,debris_flow,rainfall,debris,sandstone_shale,jhum_cultivation,3345,68,52.9,620,286.3,0,0,6,False,0.0,moderate,SDMA
LS-02709,2023-07-05,2023-24,MZ,D-MZ-01,Aizawl,SEG-0035,NH-306,23.43486,92.80759,rotational_slide,rainfall,earth,gneiss,barren,9009,100,26.6,1216,383.2,0,0,6,False,0.0,moderate,NDMA
LS-02710,2024-06-21,2023-24,NL,D-NL-01,Kohima,SEG-0025,NH-29,25.97223,94.21077,debris_flow,rainfall,debris,schist,agriculture,1897,61,42.2,1378,537.4,0,0,6,True,3.9,minor,NDMA
LS-02711,2023-08-28,2023-24,AS,D-AS-07,Dima Hasao,SEG-0069,NH-27-DH,24.98357,92.89187,mudslide,rainfall,earth,schist,barren,1242,37,23.3,352,131.1,0,0,3,False,0.0,minor,GSI-NLSM
LS-02712,2023-09-21,2023-24,AR,D-AR-06,West Siang,SEG-0060,NH-13,28.11246,94.60206,rockfall,rainfall,rock,gneiss,road_cut,306,23,50.5,620,156.7,0,0,0,True,1.4,minor,GSI-NLSM
LS-02713,2024-08-17,2023-24,AR,D-AR-09,Dibang Valley,SEG-0066,NH-315,28.08886,95.87877,debris_flow,rainfall,debris,quartzite,barren,18892,78,45.7,1099,514.5,0,0,5,False,0.0,moderate,PWD-field
LS-02714,2024-07-20,2023-24,NL,D-NL-01,Kohima,SEG-0025,NH-29,25.93315,94.20263,debris_flow,rainfall,debris,quartzite,road_cut,6454,51,50.5,1378,561.0,0,0,1,True,5.1,moderate,GSI-NLSM
LS-02715,2023-08-21,2023-24,SK,D-SK-01,Gangtok,SEG-0052,NH-510,27.14897,88.37892,translational_slide,anthropogenic_cut,rock,schist,road_cut,3613,43,47.4,1662,62.3,0,0,4,False,0.0,moderate,NDMA
LS-02716,2024-10-04,2023-24,MN,D-MN-04,Tamenglong,SEG-0029,NH-37,24.93839,93.44672,debris_flow,rainfall,debris,quartzite,agriculture,4305,82,19.9,1260,531.8,0,0,3,True,4.4,moderate,GSI-NLSM
LS-02717,2023-08-26,2023-24,AS,D-AS-08,Karbi Anglong,SEG-0068,NH-27-DH,25.41146,93.09249,translational_slide,rainfall,rock,phyllite,jhum_cultivation,2974,63,43.8,433,333.1,0,0,3,False,0.0,moderate,NDMA
LS-02718,2024-08-24,2023-24,AR,D-AR-01,Papum Pare,SEG-0058,NH-13,27.44635,93.76963,rockfall,rainfall,rock,sandstone_shale,barren,938,26,36.7,1002,334.9,0,0,3,True,1.6,minor,SDMA
LS-02719,2023-05-15,2023-24,SK,D-SK-01,Gangtok,SEG-0047,NH-10,27.20276,88.50847,translational_slide,rainfall,rock,schist,barren,6811,79,39.5,1650,373.1,0,0,3,True,12.0,moderate,GSI-NLSM
LS-02720,2024-06-09,2023-24,SK,D-SK-01,Gangtok,SEG-0048,NH-10,27.24251,88.51013,translational_slide,rainfall,rock,quartzite,jhum_cultivation,8752,111,40.6,1650,157.1,0,0,4,False,0.0,moderate,SDMA
LS-02721,2024-01-03,2023-24,ML,D-ML-02,West Jaintia Hills,SEG-0015,NH-6,24.94599,92.53811,rockfall,rainfall,rock,phyllite,forest,385,19,31.8,701,372.1,0,0,2,True,1.0,minor,GSI-NLSM
LS-02722,2023-06-21,2023-24,TR,D-TR-02,North Tripura,SEG-0042,NH-8,24.34483,92.07988,debris_flow,anthropogenic_cut,debris,phyllite,agriculture,1127,41,23.6,45,25.0,0,0,4,True,2.9,minor,PWD-field
LS-02723,2024-10-01,2023-24,AR,D-AR-09,Dibang Valley,SEG-0066,NH-315,28.08735,95.89404,debris_flow,rainfall,debris,schist,barren,3767,33,46.2,1099,361.4,0,0,5,True,16.9,moderate,GSI-NLSM
LS-02724,2023-08-07,2023-24,SK,D-SK-03,Namchi,SEG-0053,NH-510,27.13473,88.33684,debris_flow,anthropogenic_cut,debris,sandstone_shale,road_cut,407,14,37.9,1675,72.6,0,0,2,True,2.6,minor,GSI-NLSM
LS-02725,2024-07-20,2023-24,AR,D-AR-03,West Kameng,SEG-0064,NH-13-W,27.35031,92.27217,translational_slide,rainfall,rock,phyllite,settlement,625,36,29.6,2731,203.5,0,0,6,False,0.0,minor,SDMA
LS-02726,2023-08-22,2023-24,SK,D-SK-01,Gangtok,SEG-0052,NH-510,27.19722,88.43205,rockfall,rainfall,rock,gneiss,settlement,2939,30,52.0,1662,300.9,0,0,6,True,39.3,moderate,SDMA
LS-02727,2024-07-09,2023-24,AR,D-AR-03,West Kameng,SEG-0064,NH-13-W,27.31181,92.35228,mudslide,rainfall,earth,quartzite,barren,12778,77,26.1,2731,280.8,0,0,1,True,17.9,moderate,NDMA
LS-02728,2024-07-21,2023-24,ML,D-ML-01,East Khasi Hills,SEG-0013,NH-6,25.73047,91.88473,rockfall,rainfall,rock,quartzite,agriculture,2248,32,52.1,1496,698.1,0,0,0,False,0.0,moderate,NDMA
LS-02729,2023-10-14,2023-24,ML,D-ML-01,East Khasi Hills,SEG-0013,NH-6,25.78079,91.88905,mudslide,rainfall,earth,quartzite,settlement,11504,41,42.6,1496,831.3,0,0,1,True,8.6,moderate,NDMA
LS-02730,2024-07-03,2023-24,MZ,D-MZ-05,Serchhip,SEG-0036,NH-306,23.04598,92.77544,debris_flow,rainfall,debris,gneiss,barren,1356,45,35.1,1084,138.3,0,0,3,False,0.0,minor,NDMA
LS-02731,2024-05-23,2023-24,SK,D-SK-02,Mangan,SEG-0050,NH-310,27.58517,88.61712,mudslide,rainfall,earth,phyllite,jhum_cultivation,970,35,32.0,1250,402.0,0,0,3,True,1.0,minor,PWD-field
LS-02732,2024-11-05,2023-24,NL,D-NL-01,Kohima,SEG-0025,NH-29,25.76688,94.14291,debris_flow,anthropogenic_cut,debris,phyllite,agriculture,482,29,51.5,1378,129.3,0,0,4,True,1.0,minor,GSI-NLSM
LS-02733,2023-09-06,2023-24,AR,D-AR-09,Dibang Valley,SEG-0066,NH-315,28.0443,95.97376,mudslide,toe_erosion,earth,gneiss,forest,7895,57,41.2,1099,42.7,0,0,2,False,0.0,moderate,NDMA
LS-02734,2023-06-28,2023-24,SK,D-SK-03,Namchi,SEG-0054,NH-510,27.26578,88.26849,earth_flow,anthropogenic_cut,earth,quartzite,jhum_cultivation,797,33,34.0,1727,51.7,0,0,0,False,0.0,minor,GSI-NLSM
LS-02735,2024-06-07,2023-24,AR,D-AR-06,West Siang,SEG-0060,NH-13,28.13049,94.65215,mudslide,rainfall,earth,phyllite,barren,76,7,46.8,620,266.6,0,0,6,True,1.0,minor,GSI-NLSM
LS-02736,2024-05-14,2023-24,ML,D-ML-01,East Khasi Hills,SEG-0013,NH-6,25.67763,91.89742,rotational_slide,rainfall,earth,sandstone_shale,settlement,504,21,49.6,1496,327.2,0,0,0,False,0.0,minor,GSI-NLSM
LS-02737,2023-07-01,2023-24,MN,D-MN-05,Senapati,SEG-0023,NH-2,25.31236,94.0338,rotational_slide,toe_erosion,earth,phyllite,jhum_cultivation,296,12,20.5,1061,54.1,0,0,3,True,1.0,minor,GSI-NLSM
LS-02738,2023-07-03,2023-24,SK,D-SK-03,Namchi,SEG-0053,NH-510,27.12463,88.33858,debris_flow,rainfall,debris,phyllite,barren,31,6,29.1,1675,511.4,0,0,4,False,0.0,minor,PWD-field
LS-02739,2024-07-11,2023-24,SK,D-SK-01,Gangtok,SEG-0052,NH-510,27.13627,88.35127,rockfall,rainfall,rock,gneiss,jhum_cultivation,225,21,34.1,1662,319.0,0,0,5,False,0.0,minor,PWD-field
LS-02740,2023-11-22,2023-24,MN,D-MN-05,Senapati,SEG-0023,NH-2,25.3627,94.06768,rotational_slide,anthropogenic_cut,earth,schist,forest,2541,60,25.6,1061,9.7,0,0,1,False,0.0,moderate,GSI-NLSM
LS-02741,2023-05-24,2023-24,WB,D-WB-01,Siliguri,SEG-0046,NH-10,27.11016,88.51238,debris_flow,rainfall,debris,sandstone_shale,road_cut,2356,23,40.5,886,435.4,0,0,3,True,4.5,moderate,GSI-NLSM
LS-02742,2024-05-12,2023-24,ML,D-ML-01,East Khasi Hills,SEG-0013,NH-6,25.64392,91.88856,debris_flow,rainfall,debris,quartzite,settlement,9339,106,43.6,1496,233.9,0,0,3,False,0.0,moderate,PWD-field
LS-02743,2023-06-26,2023-24,AR,D-AR-06,West Siang,SEG-0060,NH-13,28.04275,94.37812,earth_flow,rainfall,earth,gneiss,forest,489,23,37.6,620,560.5,0,0,3,False,0.0,minor,NDMA
LS-02744,2024-08-09,2023-24,SK,D-SK-01,Gangtok,SEG-0047,NH-10,27.19579,88.52396,mudslide,rainfall,earth,quartzite,forest,100,11,35.9,1650,494.4,0,0,1,False,0.0,minor,SDMA
LS-02745,2023-03-22,2023-24,SK,D-SK-03,Namchi,SEG-0054,NH-510,27.22361,88.3144,translational_slide,rainfall,rock,sandstone_shale,road_cut,644,26,40.4,1727,591.5,0,0,4,False,0.0,minor,NDMA
LS-02746,2023-07-07,2023-24,MZ,D-MZ-05,Serchhip,SEG-0036,NH-306,23.00155,92.76462,debris_flow,rainfall,debris,sandstone_shale,settlement,7221,35,42.2,1084,212.2,0,0,5,False,0.0,moderate,SDMA
LS-02747,2024-07-23,2023-24,MZ,D-MZ-01,Aizawl,SEG-0037,NH-302,23.54779,93.15023,debris_flow,rainfall,debris,schist,jhum_cultivation,499,25,50.2,1405,320.9,0,0,4,False,0.0,minor,GSI-NLSM
LS-02748,2023-05-20,2023-24,AS,D-AS-07,Dima Hasao,SEG-0069,NH-27-DH,24.95968,92.86074,debris_flow,seismic,debris,schist,forest,3502,28,22.6,352,124.8,0,0,4,False,0.0,moderate,GSI-NLSM
LS-02749,2024-10-08,2023-24,AR,D-AR-06,West Siang,SEG-0060,NH-13,28.12432,94.64008,translational_slide,rainfall,rock,sandstone_shale,agriculture,2670,53,50.6,620,383.7,0,0,5,True,4.2,moderate,PWD-field
LS-02750,2024-09-19,2023-24,MN,D-MN-02,Churachandpur,SEG-0031,NH-2-S,24.59894,93.81999,debris_flow,anthropogenic_cut,debris,sandstone_shale,barren,881,15,34.7,850,27.6,0,0,2,False,0.0,minor,PWD-field
LS-02751,2023-07-14,2023-24,AR,D-AR-04,Lower Subansiri,SEG-0059,NH-13,27.95002,94.19014,debris_flow,rainfall,debris,gneiss,agriculture,1410,23,41.2,1092,513.2,0,0,6,False,0.0,minor,SDMA
LS-02752,2023-09-15,2023-24,ML,D-ML-01,East Khasi Hills,SEG-0013,NH-6,25.65493,91.8818,translational_slide,anthropogenic_cut,rock,phyllite,jhum_cultivation,4987,92,46.6,1496,58.1,0,0,5,False,0.0,moderate,SDMA
LS-02753,2023-08-15,2023-24,AR,D-AR-01,Papum Pare,SEG-0058,NH-13,27.17776,93.65316,translational_slide,rainfall,rock,quartzite,road_cut,654,14,35.4,1002,349.7,0,0,5,True,4.5,minor,PWD-field
LS-02754,2023-05-09,2023-24,ML,D-ML-01,East Khasi Hills,SEG-0014,NH-6,25.53252,92.0071,debris_flow,rainfall,debris,sandstone_shale,forest,2857,39,24.7,1438,917.3,0,0,3,True,2.8,moderate,SDMA
LS-02755,2023-07-16,2023-24,NL,D-NL-03,Mokokchung,SEG-0027,NH-29,26.30878,94.68706,debris_flow,rainfall,debris,schist,barren,189,9,37.8,1348,431.6,0,0,6,False,0.0,minor,PWD-field
LS-02756,2023-07-08,2023-24,AS,D-AS-01,Kamrup Metropolitan,SEG-0004,NH-27,26.39386,91.49368,rotational_slide,rainfall,earth,laterite,jhum_cultivation,11082,85,8,55,473.4,0,0,3,False,0.0,moderate,NDMA
LS-02757,2023-05-24,2023-24,ML,D-ML-01,East Khasi Hills,SEG-0013,NH-6,25.73178,91.88366,rockfall,rainfall,rock,gneiss,forest,5704,82,43.9,1496,797.8,0,0,6,True,17.2,moderate,SDMA
LS-02758,2024-07-27,2023-24,AS,D-AS-01,Kamrup Metropolitan,SEG-0012,NH-6,26.10699,91.76089,debris_flow,rainfall,debris,gneiss,road_cut,3091,34,33.0,775,453.6,0,0,0,False,0.0,moderate,GSI-NLSM
LS-02759,2023-05-06,2023-24,AS,D-AS-08,Karbi Anglong,SEG-0068,NH-27-DH,25.57246,93.11573,translational_slide,rainfall,rock,sandstone_shale,agriculture,313,18,53.3,433,123.1,0,0,3,False,0.0,minor,NDMA
LS-02760,2024-08-16,2023-24,MN,D-MN-01,Imphal West,SEG-0032,NH-2-S,25.01274,94.29566,rockfall,rainfall,rock,quartzite,settlement,1008,37,53.1,1224,446.7,2,6,5,True,24.6,major,GSI-NLSM
LS-02761,2024-07-24,2023-24,AS,D-AS-10,Bongaigaon,SEG-0018,NH-27-SPUR,25.74686,90.35089,rotational_slide,rainfall,earth,siltstone,settlement,8033,46,8.8,139,545.0,0,0,5,True,24.5,moderate,GSI-NLSM
LS-02762,2024-07-19,2023-24,MZ,D-MZ-01,Aizawl,SEG-0037,NH-302,23.53346,93.18343,debris_flow,rainfall,debris,gneiss,agriculture,94,16,43.3,1405,415.6,0,0,6,True,1.0,minor,GSI-NLSM
LS-02763,2024-07-11,2023-24,AS,D-AS-02,Nagaon,SEG-0070,NH-36,25.88618,93.36591,translational_slide,rainfall,rock,laterite,road_cut,963,19,20.6,123,389.9,0,0,2,False,0.0,minor,GSI-NLSM
LS-02764,2024-06-07,2023-24,SK,D-SK-01,Gangtok,SEG-0048,NH-10,27.2558,88.51598,debris_flow,rainfall,debris,phyllite,jhum_cultivation,2055,55,29.9,1650,157.8,0,0,5,True,9.8,moderate,GSI-NLSM
LS-02765,2023-07-13,2023-24,ML,D-ML-01,East Khasi Hills,SEG-0013,NH-6,25.71445,91.89558,debris_flow,rainfall,debris,schist,forest,1829,43,44.1,1496,753.3,0,0,3,True,8.0,moderate,PWD-field
LS-02766,2023-08-14,2023-24,SK,D-SK-01,Gangtok,SEG-0047,NH-10,27.18963,88.52898,rotational_slide,rainfall,earth,phyllite,jhum_cultivation,4983,36,40.7,1650,195.0,0,0,3,False,0.0,moderate,NDMA
LS-02767,2024-09-25,2023-24,AR,D-AR-04,Lower Subansiri,SEG-0059,NH-13,27.78569,94.03766,debris_flow,anthropogenic_cut,debris,schist,settlement,238,15,42.6,1092,3.0,0,0,6,False,0.0,minor,GSI-NLSM
LS-02768,2024-10-05,2023-24,AS,D-AS-09,Sonitpur,SEG-0062,NH-13-W,26.80987,92.7292,translational_slide,anthropogenic_cut,rock,phyllite,road_cut,662,21,29.0,1247,110.0,0,0,3,False,0.0,minor,GSI-NLSM
LS-02769,2024-09-16,2023-24,AS,D-AS-09,Sonitpur,SEG-0062,NH-13-W,26.9096,92.68223,debris_flow,rainfall,debris,sandstone_shale,agriculture,8931,66,35.0,1247,295.8,0,0,1,True,11.2,moderate,NDMA
LS-02770,2023-03-19,2023-24,AR,D-AR-03,West Kameng,SEG-0064,NH-13-W,27.47579,92.03015,debris_flow,rainfall,debris,quartzite,forest,1311,44,43.2,2731,356.3,0,0,2,False,0.0,minor,PWD-field
LS-02771,2024-05-12,2023-24,SK,D-SK-01,Gangtok,SEG-0048,NH-10,27.29255,88.56912,translational_slide,rainfall,rock,quartzite,forest,38845,169,35.0,1650,442.9,0,1,16,True,403.6,major,GSI-NLSM
LS-02772,2023-07-20,2023-24,MN,D-MN-01,Imphal West,SEG-0028,NH-37,24.91944,93.68858,rockfall,rainfall,rock,sandstone_shale,road_cut,946,24,35.8,1023,515.9,0,0,1,False,0.0,minor,GSI-NLSM
LS-02773,2023-08-02,2023-24,MN,D-MN-02,Churachandpur,SEG-0031,NH-2-S,24.59595,93.81718,rockfall,anthropogenic_cut,rock,gneiss,barren,1442,51,37.8,850,56.5,0,0,1,False,0.0,minor,SDMA
LS-02774,2024-04-06,2023-24,MN,D-MN-04,Tamenglong,SEG-0030,NH-37,24.81969,92.92841,debris_flow,rainfall,debris,schist,forest,101,11,33.4,642,367.7,0,0,1,True,1.0,minor,PWD-field
LS-02775,2023-07-07,2023-24,TR,D-TR-02,North Tripura,SEG-0043,NH-8,24.39761,92.27345,translational_slide,rainfall,rock,sandstone_shale,road_cut,53729,162,31.6,34,219.0,0,0,8,True,114.4,major,NDMA
LS-02776,2024-07-26,2023-24,SK,D-SK-04,Gyalshing,SEG-0055,NH-510,27.35413,88.23202,rockfall,rainfall,rock,quartzite,barren,297,14,36.3,1780,297.5,0,0,4,True,5.1,minor,NDMA
LS-02777,2024-08-25,2023-24,AS,D-AS-02,Nagaon,SEG-0070,NH-36,26.10073,93.04655,translational_slide,toe_erosion,rock,sandstone_shale,road_cut,17494,129,13.6,123,89.9,0,0,0,True,85.8,major,GSI-NLSM
LS-02778,2023-06-28,2023-24,MZ,D-MZ-01,Aizawl,SEG-0035,NH-306,23.43611,92.81856,rotational_slide,rainfall,earth,phyllite,barren,10142,54,23.9,1216,586.2,0,0,3,False,0.0,moderate,GSI-NLSM
LS-02779,2024-05-03,2023-24,NL,D-NL-03,Mokokchung,SEG-0027,NH-29,26.29415,94.72951,rockfall,toe_erosion,rock,quartzite,road_cut,381,22,43.6,1348,121.9,0,0,6,False,0.0,minor,GSI-NLSM
LS-02780,2023-08-10,2023-24,AS,D-AS-06,Cachar,SEG-0033,NH-306,24.40345,92.7075,debris_flow,rainfall,debris,phyllite,road_cut,519,26,11.7,337,307.8,0,0,3,False,0.0,minor,NDMA
LS-02781,2024-03-09,2023-24,ML,D-ML-01,East Khasi Hills,SEG-0014,NH-6,25.49392,92.10959,debris_flow,rainfall,debris,phyllite,road_cut,2058,35,32.4,1438,766.8,0,0,3,False,0.0,moderate,PWD-field
LS-02782,2024-08-06,2023-24,AR,D-AR-09,Dibang Valley,SEG-0066,NH-315,28.03051,95.99089,translational_slide,rainfall,rock,quartzite,jhum_cultivation,3899,33,46.1,1099,501.3,0,0,4,False,0.0,moderate,GSI-NLSM
LS-02783,2023-05-04,2023-24,MZ,D-MZ-04,Kolasib,SEG-0034,NH-306,24.03819,92.68498,translational_slide,rainfall,rock,gneiss,agriculture,505,14,27.4,891,222.0,0,0,0,True,1.0,minor,NDMA
LS-02784,2024-07-20,2023-24,WB,D-WB-01,Siliguri,SEG-0046,NH-10,26.91102,88.45595,translational_slide,anthropogenic_cut,rock,sandstone_shale,forest,2390,53,57.5,886,75.1,0,0,6,False,0.0,moderate,GSI-NLSM
LS-02785,2024-07-14,2023-24,SK,D-SK-03,Namchi,SEG-0053,NH-510,27.14212,88.33641,debris_flow,rainfall,debris,gneiss,settlement,1275,18,36.9,1675,463.8,0,0,0,True,2.8,minor,GSI-NLSM
LS-02786,2023-07-16,2023-24,ML,D-ML-01,East Khasi Hills,SEG-0014,NH-6,25.56545,91.91496,earth_flow,anthropogenic_cut,earth,sandstone_shale,jhum_cultivation,1779,42,36.8,1438,74.0,0,0,3,True,2.1,minor,GSI-NLSM
LS-02787,2023-08-14,2023-24,SK,D-SK-01,Gangtok,SEG-0047,NH-10,27.21344,88.5027,earth_flow,rainfall,earth,gneiss,forest,998,44,33.0,1650,181.7,1,0,4,True,2.0,major,SDMA
LS-02788,2023-06-26,2023-24,AR,D-AR-01,Papum Pare,SEG-0057,NH-15,27.2175,94.02601,translational_slide,rainfall,rock,sandstone_shale,agriculture,31928,145,30.7,259,614.4,0,3,40,True,56.5,major,SDMA
LS-02789,2024-08-18,2023-24,SK,D-SK-01,Gangtok,SEG-0052,NH-510,27.18972,88.43007,debris_flow,rainfall,debris,gneiss,road_cut,196,22,49.6,1662,171.7,0,0,3,False,0.0,minor,PWD-field
LS-02790,2023-06-17,2023-24,SK,D-SK-03,Namchi,SEG-0053,NH-510,27.1146,88.3151,rotational_slide,rainfall,earth,phyllite,road_cut,1162,40,34.8,1675,386.0,0,0,5,True,2.9,minor,GSI-NLSM
LS-02791,2024-04-24,2023-24,AR,D-AR-04,Lower Subansiri,SEG-0059,NH-13,27.81385,94.07782,rotational_slide,anthropogenic_cut,earth,quartzite,barren,558,26,35.4,1092,71.3,0,0,0,True,1.0,minor,GSI-NLSM
LS-02792,2024-06-09,2023-24,AS,D-AS-09,Sonitpur,SEG-0062,NH-13-W,26.94385,92.6607,rotational_slide,rainfall,earth,phyllite,road_cut,250,10,32.0,1247,437.8,0,0,5,True,1.0,minor,SDMA
LS-02793,2024-07-20,2023-24,NL,D-NL-01,Kohima,SEG-0025,NH-29,25.86575,94.18195,rockfall,rainfall,rock,quartzite,settlement,4887,76,43.9,1378,585.8,0,0,6,False,0.0,moderate,PWD-field
LS-02794,2024-09-05,2023-24,MN,D-MN-05,Senapati,SEG-0023,NH-2,25.33312,94.04455,debris_flow,rainfall,debris,schist,road_cut,21504,61,27.5,1061,175.5,0,0,1,True,28.2,moderate,PWD-field
LS-02795,2024-05-01,2023-24,AR,D-AR-04,Lower Subansiri,SEG-0059,NH-13,27.94093,94.18738,rockfall,toe_erosion,rock,quartzite,settlement,4266,37,47.8,1092,139.3,0,0,2,False,0.0,moderate,GSI-NLSM
LS-02796,2023-09-17,2023-24,AR,D-AR-05,East Siang,SEG-0065,NH-315,28.06611,95.39665,rockfall,rainfall,rock,gneiss,barren,3571,37,24.5,1060,173.7,0,0,4,True,39.4,moderate,GSI-NLSM
LS-02797,2024-06-02,2023-24,AR,D-AR-06,West Siang,SEG-0060,NH-13,28.12769,94.70728,mudslide,toe_erosion,earth,phyllite,settlement,1251,38,45.1,620,73.6,0,0,1,True,1.9,minor,SDMA
LS-02798,2024-07-07,2023-24,WB,D-WB-01,Siliguri,SEG-0046,NH-10,27.01164,88.47583,debris_flow,rainfall,debris,phyllite,agriculture,1942,23,41.3,886,505.3,0,0,6,True,10.2,moderate,NDMA
LS-02799,2023-08-07,2023-24,MZ,D-MZ-04,Kolasib,SEG-0034,NH-306,23.94379,92.70039,mudslide,toe_erosion,earth,sandstone_shale,barren,471,18,40.7,891,40.4,0,0,6,True,1.0,minor,NDMA
LS-02800,2023-04-04,2023-24,TR,D-TR-02,North Tripura,SEG-0043,NH-8,24.36721,92.19049,translational_slide,rainfall,rock,phyllite,road_cut,1276,50,34.9,34,594.5,0,0,2,False,0.0,minor,SDMA
LS-02801,2024-05-05,2023-24,ML,D-ML-01,East Khasi Hills,SEG-0013,NH-6,25.64834,91.88109,rockfall,rainfall,rock,quartzite,jhum_cultivation,2458,21,40.4,1496,840.1,0,0,3,True,7.6,moderate,GSI-NLSM
LS-02802,2023-06-12,2023-24,AS,D-AS-09,Sonitpur,SEG-0056,NH-15,26.73189,92.95807,mudslide,rainfall,earth,sandstone_shale,settlement,226,23,27.9,259,204.6,0,0,1,True,1.0,minor,NDMA
LS-02803,2023-05-18,2023-24,SK,D-SK-02,Mangan,SEG-0051,NH-310,27.6221,88.66784,translational_slide,anthropogenic_cut,rock,phyllite,road_cut,11712,120,37.8,1250,69.6,0,0,0,True,36.3,moderate,GSI-NLSM
LS-02804,2023-04-07,2023-24,AR,D-AR-03,West Kameng,SEG-0063,NH-13-W,27.14243,92.53677,mudslide,rainfall,earth,phyllite,jhum_cultivation,1469,51,24.4,2415,211.7,0,0,2,True,1.1,minor,GSI-NLSM
LS-02805,2024-07-01,2023-24,SK,D-SK-03,Namchi,SEG-0053,NH-510,27.14818,88.3478,rockfall,rainfall,rock,phyllite,settlement,209,13,26.6,1675,344.3,0,0,4,True,3.2,minor,PWD-field
LS-02806,2023-08-04,2023-24,AR,D-AR-06,West Siang,SEG-0061,NH-13,28.08004,95.21767,mudslide,rainfall,earth,gneiss,settlement,1230,18,23.1,386,206.8,0,0,5,True,3.2,minor,SDMA
LS-02807,2023-07-10,2023-24,AR,D-AR-09,Dibang Valley,SEG-0066,NH-315,28.05114,95.95585,debris_flow,rainfall,debris,gneiss,jhum_cultivation,6484,75,46.6,1099,369.9,0,0,0,True,31.0,moderate,SDMA
LS-02808,2024-07-27,2023-24,AR,D-AR-05,East Siang,SEG-0065,NH-315,28.08471,95.53042,rockfall,rainfall,rock,quartzite,road_cut,227,23,27.9,1060,157.7,0,0,1,True,2.8,minor,GSI-NLSM
LS-02809,2023-09-04,2023-24,AS,D-AS-01,Kamrup Metropolitan,SEG-0017,NH-27-SPUR,26.16235,90.82241,debris_flow,rainfall,debris,alluvium,road_cut,19900,119,21.7,54,616.7,0,0,4,False,0.0,moderate,PWD-field
LS-02810,2024-09-25,2023-24,AS,D-AS-10,Bongaigaon,SEG-0018,NH-27-SPUR,25.69122,90.30809,rockfall,anthropogenic_cut,rock,laterite,settlement,6079,87,10.0,139,92.9,0,0,1,True,22.8,moderate,GSI-NLSM
LS-02811,2023-10-21,2023-24,MN,D-MN-04,Tamenglong,SEG-0029,NH-37,24.83254,93.19125,rockfall,anthropogenic_cut,rock,quartzite,jhum_cultivation,4765,44,20.0,1260,109.6,0,0,5,True,9.9,moderate,NDMA
LS-02812,2023-07-28,2023-24,NL,D-NL-04,Wokha,SEG-0026,NH-29,26.23686,94.42323,translational_slide,rainfall,rock,sandstone_shale,jhum_cultivation,9223,42,42.0,1319,324.1,0,0,0,True,22.9,moderate,SDMA
LS-02813,2023-05-26,2023-24,AR,D-AR-03,West Kameng,SEG-0064,NH-13-W,27.49899,92.01445,debris_flow,rainfall,debris,phyllite,road_cut,2210,24,35.4,2731,133.6,0,0,2,False,0.0,moderate,NDMA
LS-02814,2023-08-18,2023-24,AR,D-AR-04,Lower Subansiri,SEG-0059,NH-13,27.71868,94.00124,rotational_slide,rainfall,earth,phyllite,settlement,226,19,36.8,1092,293.7,0,0,5,False,0.0,minor,SDMA
LS-02815,2023-10-11,2023-24,SK,D-SK-03,Namchi,SEG-0053,NH-510,27.1495,88.3444,debris_flow,rainfall,debris,schist,road_cut,206,21,27.5,1675,125.6,0,0,5,True,1.0,minor,NDMA
LS-02816,2023-07-28,2023-24,MZ,D-MZ-01,Aizawl,SEG-0035,NH-306,23.37167,92.82737,debris_flow,rainfall,debris,phyllite,barren,5779,92,20.3,1216,543.6,0,0,2,True,5.5,moderate,GSI-NLSM
LS-02817,2024-07-11,2023-24,AR,D-AR-05,East Siang,SEG-0065,NH-315,28.12894,95.74543,rockfall,rainfall,rock,sandstone_shale,agriculture,1200,42,32.0,1060,596.6,0,0,1,False,0.0,minor,PWD-field
LS-02818,2023-06-23,2023-24,SK,D-SK-01,Gangtok,SEG-0047,NH-10,27.21695,88.5038,rockfall,rainfall,rock,schist,barren,5385,51,42.8,1650,565.8,0,0,4,True,6.5,moderate,NDMA
LS-02819,2024-06-17,2023-24,AR,D-AR-01,Papum Pare,SEG-0058,NH-13,27.15962,93.63833,rockfall,rainfall,rock,gneiss,barren,526,23,28.4,1002,423.0,1,2,1,True,5.8,major,NDMA
LS-02820,2023-07-23,2023-24,ML,D-ML-01,East Khasi Hills,SEG-0013,NH-6,25.84733,91.88274,mudslide,rainfall,earth,phyllite,jhum_cultivation,5271,65,34.6,1496,620.7,0,0,5,True,6.7,moderate,GSI-NLSM
LS-02821,2024-04-12,2023-24,MN,D-MN-02,Churachandpur,SEG-0031,NH-2-S,24.52556,93.78791,rockfall,rainfall,rock,phyllite,agriculture,77,15,32.5,850,136.8,0,0,0,True,1.0,minor,GSI-NLSM
LS-02822,2023-06-11,2023-24,MZ,D-MZ-01,Aizawl,SEG-0035,NH-306,23.46643,92.79857,rockfall,rainfall,rock,quartzite,agriculture,309,28,33.2,1216,227.2,0,0,5,True,1.0,minor,GSI-NLSM
LS-02823,2024-07-16,2023-24,MN,D-MN-01,Imphal West,SEG-0028,NH-37,24.90473,93.71933,rockfall,rainfall,rock,quartzite,jhum_cultivation,11952,118,43.4,1023,509.7,0,0,3,True,55.1,moderate,NDMA
LS-02824,2023-05-12,2023-24,MN,D-MN-01,Imphal West,SEG-0032,NH-2-S,24.88174,94.04007,rockfall,anthropogenic_cut,rock,sandstone_shale,forest,570,36,37.5,1224,10.9,0,0,0,True,3.1,minor,GSI-NLSM
LS-02825,2024-08-11,2023-24,SK,D-SK-02,Mangan,SEG-0050,NH-310,27.52858,88.56153,rockfall,rainfall,rock,gneiss,road_cut,1346,23,37.0,1250,395.0,5,10,1,False,0.0,catastrophic,GSI-NLSM
LS-02826,2024-05-15,2023-24,SK,D-SK-01,Gangtok,SEG-0052,NH-510,27.20278,88.42414,debris_flow,rainfall,debris,schist,settlement,6947,102,39.2,1662,577.6,9,0,4,False,0.0,catastrophic,GSI-NLSM
LS-02827,2024-07-14,2023-24,AR,D-AR-04,Lower Subansiri,SEG-0059,NH-13,27.83167,94.08081,debris_flow,rainfall,debris,quartzite,jhum_cultivation,1381,40,39.0,1092,201.9,0,0,2,True,3.7,minor,GSI-NLSM
LS-02828,2024-06-01,2023-24,AR,D-AR-06,West Siang,SEG-0061,NH-13,28.12734,95.01792,debris_flow,rainfall,debris,phyllite,barren,4493,80,31.0,386,555.1,0,0,5,False,0.0,moderate,SDMA
LS-02829,2024-07-15,2023-24,MZ,D-MZ-01,Aizawl,SEG-0037,NH-302,23.69123,92.80175,rotational_slide,rainfall,earth,quartzite,jhum_cultivation,47,5,53.9,1405,565.1,0,0,5,False,0.0,minor,GSI-NLSM
LS-02830,2023-06-11,2023-24,NL,D-NL-01,Kohima,SEG-0022,NH-2,25.57179,94.10844,rockfall,rainfall,rock,phyllite,settlement,2050,26,29.0,1252,200.2,0,0,1,False,0.0,moderate,PWD-field
LS-02831,2023-06-05,2023-24,SK,D-SK-01,Gangtok,SEG-0048,NH-10,27.32749,88.59102,debris_flow,toe_erosion,debris,sandstone_shale,forest,2534,33,40.6,1650,94.3,0,0,4,False,0.0,moderate,GSI-NLSM
LS-02832,2024-08-17,2023-24,ML,D-ML-01,East Khasi Hills,SEG-0014,NH-6,25.54636,91.98842,rotational_slide,rainfall,earth,quartzite,road_cut,23457,157,28.1,1438,803.4,0,0,3,True,62.0,moderate,PWD-field
LS-02833,2023-09-25,2023-24,MN,D-MN-01,Imphal West,SEG-0028,NH-37,24.85265,93.84412,translational_slide,rainfall,rock,sandstone_shale,road_cut,87748,306,35.8,1023,483.8,0,4,25,True,524.5,major,PWD-field
LS-02834,2023-06-13,2023-24,AS,D-AS-08,Karbi Anglong,SEG-0068,NH-27-DH,25.21573,93.02736,debris_flow,anthropogenic_cut,debris,sandstone_shale,barren,1525,54,42.5,433,126.9,0,0,4,False,0.0,minor,GSI-NLSM
