segment_id,obs_date,rainfall_24h_mm,rainfall_72h_mm,rainfall_7d_mm,avg_slope_deg,elevation_m,dist_to_river_km,past_incident_count,bridge_count,lanes,terrain,soil_type,surface_quality,risk_score,risk_label
SEG-0001,2026-05-20,41.7,41.7,41.7,4.2,87,3.0,0,1,4,plain,alluvial,good,1.877,low
SEG-0001,2026-05-21,34.6,76.3,76.3,4.2,87,3.0,0,1,4,plain,alluvial,good,2.751,low
SEG-0001,2026-05-22,8.0,84.3,84.3,4.2,87,3.0,0,1,4,plain,alluvial,good,2.529,low
SEG-0001,2026-05-23,14.6,57.2,98.9,4.2,87,3.0,0,1,4,plain,alluvial,good,1.977,low
SEG-0001,2026-05-24,48.8,71.4,147.7,4.2,87,3.0,0,1,4,plain,alluvial,good,3.061,low
SEG-0001,2026-05-25,25.1,88.5,172.8,4.2,87,3.0,0,1,4,plain,alluvial,good,3.172,low
SEG-0001,2026-05-26,0.2,74.1,173.0,4.2,87,3.0,0,1,4,plain,alluvial,good,2.375,low
SEG-0001,2026-05-27,13.6,38.9,144.9,4.2,87,3.0,0,1,4,plain,alluvial,good,1.61,low
SEG-0001,2026-05-28,1.1,14.9,111.4,4.2,87,3.0,0,1,4,plain,alluvial,good,0.682,low
SEG-0001,2026-05-29,6.5,21.2,109.9,4.2,87,3.0,0,1,4,plain,alluvial,good,0.933,low
SEG-0001,2026-05-30,7.9,15.5,103.2,4.2,87,3.0,0,1,4,plain,alluvial,good,0.79,low
SEG-0001,2026-05-31,2.6,17.0,57.0,4.2,87,3.0,0,1,4,plain,alluvial,good,0.612,low
SEG-0001,2026-06-01,26.6,37.1,58.5,4.2,87,3.0,0,1,4,plain,alluvial,good,1.547,low
SEG-0001,2026-06-02,22.5,51.7,80.8,4.2,87,3.0,0,1,4,plain,alluvial,good,1.918,low
SEG-0001,2026-06-03,9.5,58.6,76.7,4.2,87,3.0,0,1,4,plain,alluvial,good,1.865,low
SEG-0001,2026-06-04,46.6,78.6,122.2,4.2,87,3.0,0,1,4,plain,alluvial,good,3.141,low
SEG-0001,2026-06-05,46.4,102.5,162.1,4.2,87,3.0,0,1,4,plain,alluvial,good,3.869,low
SEG-0001,2026-06-06,34.4,127.4,188.6,4.2,87,3.0,0,1,4,plain,alluvial,good,4.518,low
SEG-0001,2026-06-07,11.8,92.6,197.8,4.2,87,3.0,0,1,4,plain,alluvial,good,3.121,low
SEG-0001,2026-06-08,18.9,65.1,190.1,4.2,87,3.0,0,1,4,plain,alluvial,good,2.506,low
SEG-0001,2026-06-09,24.4,55.1,192.0,4.2,87,3.0,0,1,4,plain,alluvial,good,2.345,low
SEG-0001,2026-06-10,24.2,67.5,206.7,4.2,87,3.0,0,1,4,plain,alluvial,good,2.704,low
SEG-0001,2026-06-11,5.3,53.9,165.4,4.2,87,3.0,0,1,4,plain,alluvial,good,1.916,low
SEG-0001,2026-06-12,18.6,48.1,137.6,4.2,87,3.0,0,1,4,plain,alluvial,good,1.914,low
SEG-0001,2026-06-13,18.5,42.4,121.7,4.2,87,3.0,0,1,4,plain,alluvial,good,1.721,low
SEG-0001,2026-06-14,25.7,62.8,135.6,4.2,87,3.0,0,1,4,plain,alluvial,good,2.412,low
SEG-0001,2026-06-15,27.5,71.7,144.2,4.2,87,3.0,0,1,4,plain,alluvial,good,2.697,low
SEG-0001,2026-06-16,12.9,66.1,132.7,4.2,87,3.0,0,1,4,plain,alluvial,good,2.272,low
SEG-0001,2026-06-17,27.3,67.7,135.8,4.2,87,3.0,0,1,4,plain,alluvial,good,2.567,low
SEG-0001,2026-06-18,7.7,47.9,138.2,4.2,87,3.0,0,1,4,plain,alluvial,good,1.726,low
SEG-0001,2026-06-19,14.0,49.0,133.6,4.2,87,3.0,0,1,4,plain,alluvial,good,1.849,low
SEG-0001,2026-06-20,6.6,28.3,121.7,4.2,87,3.0,0,1,4,plain,alluvial,good,1.152,low
SEG-0001,2026-06-21,10.1,30.7,106.1,4.2,87,3.0,0,1,4,plain,alluvial,good,1.231,low
SEG-0001,2026-06-22,25.4,42.1,104.0,4.2,87,3.0,0,1,4,plain,alluvial,good,1.782,low
SEG-0001,2026-06-23,6.2,41.7,97.3,4.2,87,3.0,0,1,4,plain,alluvial,good,1.426,low
SEG-0001,2026-06-24,18.4,50.0,88.4,4.2,87,3.0,0,1,4,plain,alluvial,good,1.825,low
SEG-0001,2026-06-25,26.2,50.8,106.9,4.2,87,3.0,0,1,4,plain,alluvial,good,2.029,low
SEG-0001,2026-06-26,18.0,62.6,110.9,4.2,87,3.0,0,1,4,plain,alluvial,good,2.208,low
SEG-0001,2026-06-27,4.8,49.0,109.1,4.2,87,3.0,0,1,4,plain,alluvial,good,1.625,low
SEG-0001,2026-06-28,8.2,31.0,107.2,4.2,87,3.0,0,1,4,plain,alluvial,good,1.209,low
SEG-0001,2026-06-29,5.8,18.8,87.6,4.2,87,3.0,0,1,4,plain,alluvial,good,0.797,low
SEG-0001,2026-06-30,17.9,31.9,99.3,4.2,87,3.0,0,1,4,plain,alluvial,good,1.376,low
SEG-0001,2026-07-01,11.9,35.6,92.8,4.2,87,3.0,0,1,4,plain,alluvial,good,1.352,low
SEG-0001,2026-07-02,22.4,52.2,89.0,4.2,87,3.0,0,1,4,plain,alluvial,good,1.952,low
SEG-0001,2026-07-03,26.8,61.1,97.8,4.2,87,3.0,0,1,4,plain,alluvial,good,2.282,low
SEG-0001,2026-07-04,15.0,64.2,108.0,4.2,87,3.0,0,1,4,plain,alluvial,good,2.19,low
SEG-0001,2026-07-05,19.6,61.4,119.4,4.2,87,3.0,0,1,4,plain,alluvial,good,2.227,low
SEG-0001,2026-07-06,53.4,88.0,167.0,4.2,87,3.0,0,1,4,plain,alluvial,good,3.624,low
SEG-0001,2026-07-07,62.9,135.9,212.0,4.2,87,3.0,0,1,4,plain,alluvial,good,5.441,low
SEG-0001,2026-07-08,55.5,171.8,255.6,4.2,87,3.0,0,1,4,plain,alluvial,good,7.015,medium
SEG-0001,2026-07-09,62.3,180.7,295.5,4.2,87,3.0,0,1,4,plain,alluvial,good,7.632,medium
SEG-0001,2026-07-10,0.1,117.9,268.8,4.2,87,3.0,0,1,4,plain,alluvial,good,3.775,low
SEG-0001,2026-07-11,22.5,84.9,276.3,4.2,87,3.0,0,1,4,plain,alluvial,good,3.319,low
SEG-0001,2026-07-12,85.9,108.5,342.6,4.2,87,3.0,0,1,4,plain,alluvial,good,5.193,low
SEG-0001,2026-07-13,47.4,155.8,336.6,4.2,87,3.0,0,1,4,plain,alluvial,good,6.396,medium
SEG-0001,2026-07-14,57.9,191.2,331.6,4.2,87,3.0,0,1,4,plain,alluvial,good,8.118,medium
SEG-0001,2026-07-15,16.4,121.7,292.5,4.2,87,3.0,0,1,4,plain,alluvial,good,4.247,low
SEG-0001,2026-07-16,27.3,101.6,257.5,4.2,87,3.0,0,1,4,plain,alluvial,good,3.783,low
SEG-0001,2026-07-17,6.4,50.1,263.8,4.2,87,3.0,0,1,4,plain,alluvial,good,2.106,low
SEG-0001,2026-07-18,13.9,47.6,255.2,4.2,87,3.0,0,1,4,plain,alluvial,good,2.145,low
SEG-0001,2026-07-19,15.5,35.8,184.8,4.2,87,3.0,0,1,4,plain,alluvial,good,1.672,low
SEG-0001,2026-07-20,22.5,51.9,159.9,4.2,87,3.0,0,1,4,plain,alluvial,good,2.141,low
SEG-0001,2026-07-21,6.7,44.7,108.7,4.2,87,3.0,0,1,4,plain,alluvial,good,1.544,low
SEG-0001,2026-07-22,9.5,38.7,101.8,4.2,87,3.0,0,1,4,plain,alluvial,good,1.417,low
SEG-0001,2026-07-23,20.9,37.1,95.4,4.2,87,3.0,0,1,4,plain,alluvial,good,1.551,low
SEG-0001,2026-07-24,15.3,45.7,104.3,4.2,87,3.0,0,1,4,plain,alluvial,good,1.704,low
SEG-0001,2026-07-25,103.6,139.8,194.0,4.2,87,3.0,0,1,4,plain,alluvial,good,6.255,low
SEG-0001,2026-07-26,48.6,167.5,227.1,4.2,87,3.0,0,1,4,plain,alluvial,good,6.63,low
SEG-0001,2026-07-27,41.4,193.6,246.0,4.2,87,3.0,0,1,4,plain,alluvial,good,7.708,medium
SEG-0001,2026-07-28,63.5,153.5,302.8,4.2,87,3.0,0,1,4,plain,alluvial,good,6.475,low
SEG-0001,2026-07-29,7.2,112.1,300.5,4.2,87,3.0,0,1,4,plain,alluvial,good,3.833,low
SEG-0001,2026-07-30,5.1,75.8,284.7,4.2,87,3.0,0,1,4,plain,alluvial,good,2.81,low
SEG-0001,2026-07-31,15.2,27.5,284.6,4.2,87,3.0,0,1,4,plain,alluvial,good,1.725,low
SEG-0001,2026-08-01,19.3,39.6,200.3,4.2,87,3.0,0,1,4,plain,alluvial,good,1.878,low
SEG-0001,2026-08-02,3.6,38.1,155.3,4.2,87,3.0,0,1,4,plain,alluvial,good,1.448,low
SEG-0001,2026-08-03,0.6,23.5,114.5,4.2,87,3.0,0,1,4,plain,alluvial,good,0.905,low
SEG-0001,2026-08-04,19.1,23.3,70.1,4.2,87,3.0,0,1,4,plain,alluvial,good,1.092,low
SEG-0001,2026-08-05,17.4,37.1,80.3,4.2,87,3.0,0,1,4,plain,alluvial,good,1.45,low
SEG-0001,2026-08-06,0.6,37.1,75.8,4.2,87,3.0,0,1,4,plain,alluvial,good,1.152,low
SEG-0001,2026-08-07,1.4,19.4,62.0,4.2,87,3.0,0,1,4,plain,alluvial,good,0.668,low
SEG-0001,2026-08-08,2.5,4.5,45.2,4.2,87,3.0,0,1,4,plain,alluvial,good,0.253,low
SEG-0001,2026-08-09,71.8,75.7,113.4,4.2,87,3.0,0,1,4,plain,alluvial,good,3.47,low
SEG-0001,2026-08-10,46.8,121.1,159.6,4.2,87,3.0,0,1,4,plain,alluvial,good,4.372,low
SEG-0001,2026-08-11,18.0,136.6,158.5,4.2,87,3.0,0,1,4,plain,alluvial,good,4.561,low
SEG-0001,2026-08-12,8.7,73.5,149.8,4.2,87,3.0,0,1,4,plain,alluvial,good,2.44,low
SEG-0001,2026-08-13,0.2,26.9,149.4,4.2,87,3.0,0,1,4,plain,alluvial,good,1.083,low
SEG-0001,2026-08-14,3.5,12.4,151.5,4.2,87,3.0,0,1,4,plain,alluvial,good,0.768,low
SEG-0001,2026-08-15,0.1,3.8,149.1,4.2,87,3.0,0,1,4,plain,alluvial,good,0.48,low
SEG-0001,2026-08-16,14.0,17.6,91.3,4.2,87,3.0,0,1,4,plain,alluvial,good,0.916,low
SEG-0001,2026-08-17,9.6,23.7,54.1,4.2,87,3.0,0,1,4,plain,alluvial,good,0.897,low
SEG-0001,2026-08-18,4.5,28.1,40.6,4.2,87,3.0,0,1,4,plain,alluvial,good,0.888,low
SEG-0001,2026-08-19,1.5,15.6,33.4,4.2,87,3.0,0,1,4,plain,alluvial,good,0.492,low
SEG-0001,2026-08-20,21.8,27.8,55.0,4.2,87,3.0,0,1,4,plain,alluvial,good,1.214,low
SEG-0001,2026-08-21,8.2,31.5,59.7,4.2,87,3.0,0,1,4,plain,alluvial,good,1.092,low
SEG-0001,2026-08-22,63.1,93.1,122.7,4.2,87,3.0,0,1,4,plain,alluvial,good,3.8,low
SEG-0001,2026-08-23,45.8,117.1,154.5,4.2,87,3.0,0,1,4,plain,alluvial,good,4.217,low
SEG-0001,2026-08-24,44.0,152.9,188.9,4.2,87,3.0,0,1,4,plain,alluvial,good,5.804,low
SEG-0001,2026-08-25,41.9,131.7,226.3,4.2,87,3.0,0,1,4,plain,alluvial,good,4.939,low
SEG-0001,2026-08-26,13.6,99.5,238.4,4.2,87,3.0,0,1,4,plain,alluvial,good,3.443,low
SEG-0001,2026-08-27,8.4,63.9,225.0,4.2,87,3.0,0,1,4,plain,alluvial,good,2.392,low
SEG-0001,2026-08-28,14.0,36.0,230.8,4.2,87,3.0,0,1,4,plain,alluvial,good,1.778,low
SEG-0001,2026-08-29,7.9,30.3,175.6,4.2,87,3.0,0,1,4,plain,alluvial,good,1.374,low
SEG-0001,2026-08-30,21.3,43.2,151.1,4.2,87,3.0,0,1,4,plain,alluvial,good,1.87,low
SEG-0001,2026-08-31,22.3,51.5,129.4,4.2,87,3.0,0,1,4,plain,alluvial,good,2.043,low
SEG-0001,2026-09-01,11.4,55.0,98.9,4.2,87,3.0,0,1,4,plain,alluvial,good,1.865,low
SEG-0001,2026-09-02,10.6,44.3,95.9,4.2,87,3.0,0,1,4,plain,alluvial,good,1.565,low
SEG-0001,2026-09-03,6.2,28.2,93.7,4.2,87,3.0,0,1,4,plain,alluvial,good,1.065,low
SEG-0001,2026-09-04,34.2,51.0,113.9,4.2,87,3.0,0,1,4,plain,alluvial,good,2.19,low
SEG-0001,2026-09-05,24.1,64.5,130.1,4.2,87,3.0,0,1,4,plain,alluvial,good,2.414,low
SEG-0001,2026-09-06,8.8,67.1,117.6,4.2,87,3.0,0,1,4,plain,alluvial,good,2.187,low
SEG-0001,2026-09-07,13.6,46.5,108.9,4.2,87,3.0,0,1,4,plain,alluvial,good,1.709,low
SEG-0001,2026-09-08,2.6,25.0,100.1,4.2,87,3.0,0,1,4,plain,alluvial,good,0.939,low
SEG-0001,2026-09-09,35.2,51.4,124.7,4.2,87,3.0,0,1,4,plain,alluvial,good,2.247,low
SEG-0001,2026-09-10,31.8,69.6,150.3,4.2,87,3.0,0,1,4,plain,alluvial,good,2.733,low
SEG-0001,2026-09-11,19.9,86.9,136.0,4.2,87,3.0,0,1,4,plain,alluvial,good,2.941,low
SEG-0001,2026-09-12,23.3,75.0,135.2,4.2,87,3.0,0,1,4,plain,alluvial,good,2.687,low
SEG-0001,2026-09-13,4.1,47.3,130.5,4.2,87,3.0,0,1,4,plain,alluvial,good,1.628,low
SEG-0001,2026-09-14,50.7,78.1,167.6,4.2,87,3.0,0,1,4,plain,alluvial,good,3.323,low
SEG-0001,2026-09-15,29.9,84.7,194.9,4.2,87,3.0,0,1,4,plain,alluvial,good,3.216,low
SEG-0001,2026-09-16,16.7,97.3,176.4,4.2,87,3.0,0,1,4,plain,alluvial,good,3.268,low
SEG-0002,2026-05-20,14.9,14.9,14.9,4.4,53,0.31,0,3,4,plain,alluvial,good,1.566,low
SEG-0002,2026-05-21,4.6,19.5,19.5,4.4,53,0.31,0,3,4,plain,alluvial,good,1.523,low
SEG-0002,2026-05-22,7.7,27.2,27.2,4.4,53,0.31,0,3,4,plain,alluvial,good,1.797,low
SEG-0002,2026-05-23,8.7,21.0,35.9,4.4,53,0.31,0,3,4,plain,alluvial,good,1.676,low
SEG-0002,2026-05-24,8.0,24.4,43.9,4.4,53,0.31,0,3,4,plain,alluvial,good,1.775,low
SEG-0002,2026-05-25,11.2,27.9,55.1,4.4,53,0.31,0,3,4,plain,alluvial,good,1.951,low
SEG-0002,2026-05-26,11.9,31.1,67.0,4.4,53,0.31,0,3,4,plain,alluvial,good,2.079,low
SEG-0002,2026-05-27,13.6,36.7,65.7,4.4,53,0.31,0,3,4,plain,alluvial,good,2.25,low
SEG-0002,2026-05-28,6.2,31.7,67.3,4.4,53,0.31,0,3,4,plain,alluvial,good,1.999,low
SEG-0002,2026-05-29,13.9,33.7,73.5,4.4,53,0.31,0,3,4,plain,alluvial,good,2.198,low
SEG-0002,2026-05-30,17.1,37.2,81.9,4.4,53,0.31,0,3,4,plain,alluvial,good,2.367,low
SEG-0002,2026-05-31,14.7,45.7,88.6,4.4,53,0.31,0,3,4,plain,alluvial,good,2.566,low
SEG-0002,2026-06-01,21.1,52.9,98.5,4.4,53,0.31,0,3,4,plain,alluvial,good,2.889,low
SEG-0002,2026-06-02,22.6,58.4,109.2,4.4,53,0.31,0,3,4,plain,alluvial,good,3.087,low
SEG-0002,2026-06-03,5.4,49.1,101.0,4.4,53,0.31,0,3,4,plain,alluvial,good,2.53,low
SEG-0002,2026-06-04,23.0,51.0,117.8,4.4,53,0.31,0,3,4,plain,alluvial,good,2.925,low
SEG-0002,2026-06-05,25.6,54.0,129.5,4.4,53,0.31,0,3,4,plain,alluvial,good,3.079,low
SEG-0002,2026-06-06,4.5,53.1,116.9,4.4,53,0.31,0,3,4,plain,alluvial,good,2.662,low
SEG-0002,2026-06-07,19.9,50.0,122.1,4.4,53,0.31,0,3,4,plain,alluvial,good,2.858,low
SEG-0002,2026-06-08,23.7,48.1,124.7,4.4,53,0.31,0,3,4,plain,alluvial,good,2.88,low
SEG-0002,2026-06-09,20.3,63.9,122.4,4.4,53,0.31,0,3,4,plain,alluvial,good,3.227,low
SEG-0002,2026-06-10,20.4,64.4,137.4,4.4,53,0.31,0,3,4,plain,alluvial,good,3.283,low
SEG-0002,2026-06-11,15.2,55.9,129.6,4.4,53,0.31,0,3,4,plain,alluvial,good,2.952,low
SEG-0002,2026-06-12,11.1,46.7,115.1,4.4,53,0.31,0,3,4,plain,alluvial,good,2.603,low
SEG-0002,2026-06-13,9.1,35.4,119.7,4.4,53,0.31,0,3,4,plain,alluvial,good,2.288,low
SEG-0002,2026-06-14,17.0,37.2,116.8,4.4,53,0.31,0,3,4,plain,alluvial,good,2.461,low
SEG-0002,2026-06-15,21.4,47.5,114.5,4.4,53,0.31,0,3,4,plain,alluvial,good,2.798,low
SEG-0002,2026-06-16,10.3,48.7,104.5,4.4,53,0.31,0,3,4,plain,alluvial,good,2.613,low
SEG-0002,2026-06-17,13.5,45.2,97.6,4.4,53,0.31,0,3,4,plain,alluvial,good,2.557,low
SEG-0002,2026-06-18,14.2,38.0,96.6,4.4,53,0.31,0,3,4,plain,alluvial,good,2.379,low
SEG-0002,2026-06-19,19.3,47.0,104.8,4.4,53,0.31,0,3,4,plain,alluvial,good,2.722,low
SEG-0002,2026-06-20,24.8,58.3,120.5,4.4,53,0.31,0,3,4,plain,alluvial,good,3.153,low
SEG-0002,2026-06-21,19.7,63.8,123.2,4.4,53,0.31,0,3,4,plain,alluvial,good,3.216,low
SEG-0002,2026-06-22,6.2,50.7,108.0,4.4,53,0.31,0,3,4,plain,alluvial,good,2.604,low
SEG-0002,2026-06-23,10.0,35.9,107.7,4.4,53,0.31,0,3,4,plain,alluvial,good,2.283,low
SEG-0002,2026-06-24,12.0,28.2,106.2,4.4,53,0.31,0,3,4,plain,alluvial,good,2.113,low
SEG-0002,2026-06-25,3.4,25.4,95.4,4.4,53,0.31,0,3,4,plain,alluvial,good,1.864,low
SEG-0002,2026-06-26,20.5,35.9,96.6,4.4,53,0.31,0,3,4,plain,alluvial,good,2.431,low
SEG-0002,2026-06-27,25.0,48.9,96.8,4.4,53,0.31,0,3,4,plain,alluvial,good,2.846,low
SEG-0002,2026-06-28,12.1,57.6,89.2,4.4,53,0.31,0,3,4,plain,alluvial,good,2.832,low
SEG-0002,2026-06-29,0.9,38.0,83.9,4.4,53,0.31,0,3,4,plain,alluvial,good,2.118,low
SEG-0002,2026-06-30,2.9,15.9,76.8,4.4,53,0.31,0,3,4,plain,alluvial,good,1.558,low
SEG-0002,2026-07-01,10.8,14.6,75.6,4.4,53,0.31,0,3,4,plain,alluvial,good,1.655,low
SEG-0002,2026-07-02,27.0,40.7,99.2,4.4,53,0.31,0,3,4,plain,alluvial,good,2.674,low
SEG-0002,2026-07-03,67.0,104.8,145.7,4.4,53,0.31,0,3,4,plain,alluvial,good,5.148,low
SEG-0002,2026-07-04,58.0,152.0,178.7,4.4,53,0.31,0,3,4,plain,alluvial,good,6.889,low
SEG-0002,2026-07-05,53.5,178.5,220.1,4.4,53,0.31,0,3,4,plain,alluvial,good,8.093,medium
SEG-0002,2026-07-06,56.9,168.4,276.1,4.4,53,0.31,0,3,4,plain,alluvial,good,7.86,medium
SEG-0002,2026-07-07,11.4,121.8,284.6,4.4,53,0.31,0,3,4,plain,alluvial,good,5.06,low
SEG-0002,2026-07-08,25.0,93.3,298.8,4.4,53,0.31,0,3,4,plain,alluvial,good,4.556,low
SEG-0002,2026-07-09,3.6,40.0,275.4,4.4,53,0.31,0,3,4,plain,alluvial,good,2.742,low
SEG-0002,2026-07-10,77.9,106.5,286.3,4.4,53,0.31,0,3,4,plain,alluvial,good,5.764,low
SEG-0002,2026-07-11,46.1,127.6,274.4,4.4,53,0.31,0,3,4,plain,alluvial,good,5.877,low
SEG-0002,2026-07-12,56.0,180.0,276.9,4.4,53,0.31,0,3,4,plain,alluvial,good,8.357,medium
SEG-0002,2026-07-13,47.9,150.0,267.9,4.4,53,0.31,0,3,4,plain,alluvial,good,6.875,medium
SEG-0002,2026-07-14,65.1,169.0,321.6,4.4,53,0.31,0,3,4,plain,alluvial,good,8.151,medium
SEG-0002,2026-07-15,33.5,146.5,330.1,4.4,53,0.31,0,3,4,plain,alluvial,good,6.647,medium
SEG-0002,2026-07-16,34.3,132.9,360.8,4.4,53,0.31,0,3,4,plain,alluvial,good,6.147,low
SEG-0002,2026-07-17,41.5,109.3,324.4,4.4,53,0.31,0,3,4,plain,alluvial,good,5.323,low
SEG-0002,2026-07-18,3.5,79.3,281.8,4.4,53,0.31,0,3,4,plain,alluvial,good,3.78,low
SEG-0002,2026-07-19,11.1,56.1,236.9,4.4,53,0.31,0,3,4,plain,alluvial,good,3.183,low
SEG-0002,2026-07-20,11.7,26.3,200.7,4.4,53,0.31,0,3,4,plain,alluvial,good,2.318,low
SEG-0002,2026-07-21,7.1,29.9,142.7,4.4,53,0.31,0,3,4,plain,alluvial,good,2.174,low
SEG-0002,2026-07-22,76.6,95.4,185.8,4.4,53,0.31,0,3,4,plain,alluvial,good,5.177,low
SEG-0002,2026-07-23,36.8,120.5,188.3,4.4,53,0.31,0,3,4,plain,alluvial,good,5.169,low
SEG-0002,2026-07-24,55.2,168.6,202.0,4.4,53,0.31,0,3,4,plain,alluvial,good,7.636,medium
SEG-0002,2026-07-25,30.8,122.8,229.3,4.4,53,0.31,0,3,4,plain,alluvial,good,5.281,low
SEG-0002,2026-07-26,24.3,110.3,242.5,4.4,53,0.31,0,3,4,plain,alluvial,good,4.832,low
SEG-0002,2026-07-27,2.0,57.1,232.8,4.4,53,0.31,0,3,4,plain,alluvial,good,3.043,low
SEG-0002,2026-07-28,25.3,51.6,251.0,4.4,53,0.31,0,3,4,plain,alluvial,good,3.346,low
SEG-0002,2026-07-29,18.3,45.6,192.7,4.4,53,0.31,0,3,4,plain,alluvial,good,2.91,low
SEG-0002,2026-07-30,6.1,49.7,162.0,4.4,53,0.31,0,3,4,plain,alluvial,good,2.725,low
SEG-0002,2026-07-31,17.5,41.9,124.3,4.4,53,0.31,0,3,4,plain,alluvial,good,2.613,low
SEG-0002,2026-08-01,10.8,34.4,104.3,4.4,53,0.31,0,3,4,plain,alluvial,good,2.249,low
SEG-0002,2026-08-02,19.7,48.0,99.7,4.4,53,0.31,0,3,4,plain,alluvial,good,2.741,low
SEG-0002,2026-08-03,13.3,43.8,111.0,4.4,53,0.31,0,3,4,plain,alluvial,good,2.554,low
SEG-0002,2026-08-04,8.2,41.2,93.9,4.4,53,0.31,0,3,4,plain,alluvial,good,2.353,low
SEG-0002,2026-08-05,15.7,37.2,91.3,4.4,53,0.31,0,3,4,plain,alluvial,good,2.369,low
SEG-0002,2026-08-06,21.6,45.5,106.8,4.4,53,0.31,0,3,4,plain,alluvial,good,2.728,low
SEG-0002,2026-08-07,0.2,37.5,89.5,4.4,53,0.31,0,3,4,plain,alluvial,good,2.108,low
SEG-0002,2026-08-08,3.8,25.6,82.5,4.4,53,0.31,0,3,4,plain,alluvial,good,1.841,low
SEG-0002,2026-08-09,13.0,17.0,75.8,4.4,53,0.31,0,3,4,plain,alluvial,good,1.755,low
SEG-0002,2026-08-10,16.1,32.9,78.6,4.4,53,0.31,0,3,4,plain,alluvial,good,2.229,low
SEG-0002,2026-08-11,13.6,42.7,84.0,4.4,53,0.31,0,3,4,plain,alluvial,good,2.456,low
SEG-0002,2026-08-12,14.4,44.1,82.7,4.4,53,0.31,0,3,4,plain,alluvial,good,2.503,low
SEG-0002,2026-08-13,11.4,39.4,72.5,4.4,53,0.31,0,3,4,plain,alluvial,good,2.301,low
SEG-0002,2026-08-14,60.2,86.0,132.5,4.4,53,0.31,0,3,4,plain,alluvial,good,4.508,low
SEG-0002,2026-08-15,42.1,113.7,170.8,4.4,53,0.31,0,3,4,plain,alluvial,good,5.025,low
SEG-0002,2026-08-16,44.9,147.2,202.7,4.4,53,0.31,0,3,4,plain,alluvial,good,6.521,medium
SEG-0002,2026-08-17,73.5,160.5,260.1,4.4,53,0.31,0,3,4,plain,alluvial,good,7.751,medium
SEG-0002,2026-08-18,24.8,143.2,271.3,4.4,53,0.31,0,3,4,plain,alluvial,good,6.192,low
SEG-0002,2026-08-19,41.8,140.1,298.7,4.4,53,0.31,0,3,4,plain,alluvial,good,6.42,low
SEG-0002,2026-08-20,12.8,79.4,300.1,4.4,53,0.31,0,3,4,plain,alluvial,good,3.991,low
SEG-0002,2026-08-21,1.4,56.0,241.3,4.4,53,0.31,0,3,4,plain,alluvial,good,3.027,low
SEG-0002,2026-08-22,1.5,15.7,200.7,4.4,53,0.31,0,3,4,plain,alluvial,good,1.869,low
SEG-0002,2026-08-23,16.6,19.5,172.4,4.4,53,0.31,0,3,4,plain,alluvial,good,2.147,low
SEG-0002,2026-08-24,17.6,35.7,116.5,4.4,53,0.31,0,3,4,plain,alluvial,good,2.432,low
SEG-0002,2026-08-25,10.0,44.2,101.7,4.4,53,0.31,0,3,4,plain,alluvial,good,2.483,low
SEG-0002,2026-08-26,78.2,105.8,138.1,4.4,53,0.31,0,3,4,plain,alluvial,good,5.344,low
SEG-0002,2026-08-27,37.5,125.7,162.8,4.4,53,0.31,0,3,4,plain,alluvial,good,5.34,low
SEG-0002,2026-08-28,11.3,127.0,172.7,4.4,53,0.31,0,3,4,plain,alluvial,good,4.979,low
SEG-0002,2026-08-29,10.4,59.2,181.6,4.4,53,0.31,0,3,4,plain,alluvial,good,3.099,low
SEG-0002,2026-08-30,3.2,24.9,168.2,4.4,53,0.31,0,3,4,plain,alluvial,good,2.048,low
SEG-0002,2026-08-31,21.6,35.2,172.2,4.4,53,0.31,0,3,4,plain,alluvial,good,2.64,low
SEG-0002,2026-09-01,10.6,35.4,172.8,4.4,53,0.31,0,3,4,plain,alluvial,good,2.46,low
SEG-0002,2026-09-02,4.6,36.8,99.2,4.4,53,0.31,0,3,4,plain,alluvial,good,2.192,low
SEG-0002,2026-09-03,14.1,29.3,75.8,4.4,53,0.31,0,3,4,plain,alluvial,good,2.094,low
SEG-0002,2026-09-04,11.8,30.5,76.3,4.4,53,0.31,0,3,4,plain,alluvial,good,2.087,low
SEG-0002,2026-09-05,0.1,26.0,66.0,4.4,53,0.31,0,3,4,plain,alluvial,good,1.743,low
SEG-0002,2026-09-06,9.7,21.6,72.5,4.4,53,0.31,0,3,4,plain,alluvial,good,1.81,low
SEG-0002,2026-09-07,3.4,13.2,54.3,4.4,53,0.31,0,3,4,plain,alluvial,good,1.434,low
SEG-0002,2026-09-08,2.7,15.8,46.4,4.4,53,0.31,0,3,4,plain,alluvial,good,1.468,low
SEG-0002,2026-09-09,13.6,19.7,55.4,4.4,53,0.31,0,3,4,plain,alluvial,good,1.78,low
SEG-0002,2026-09-10,2.6,18.9,43.9,4.4,53,0.31,0,3,4,plain,alluvial,good,1.54,low
SEG-0002,2026-09-11,1.8,18.0,33.9,4.4,53,0.31,0,3,4,plain,alluvial,good,1.476,low
SEG-0002,2026-09-12,4.9,9.3,38.7,4.4,53,0.31,0,3,4,plain,alluvial,good,1.315,low
SEG-0002,2026-09-13,13.1,19.8,42.1,4.4,53,0.31,0,3,4,plain,alluvial,good,1.737,low
SEG-0002,2026-09-14,1.9,19.9,40.6,4.4,53,0.31,0,3,4,plain,alluvial,good,1.545,low
SEG-0002,2026-09-15,12.1,27.1,50.0,4.4,53,0.31,0,3,4,plain,alluvial,good,1.932,low
SEG-0002,2026-09-16,5.7,19.7,42.1,4.4,53,0.31,0,3,4,plain,alluvial,good,1.609,low
SEG-0003,2026-05-20,14.9,14.9,14.9,2.1,54,2.67,1,1,4,plain,alluvial,fair,1.371,low
SEG-0003,2026-05-21,4.6,19.5,19.5,2.1,54,2.67,1,1,4,plain,alluvial,fair,1.328,low
SEG-0003,2026-05-22,7.7,27.2,27.2,2.1,54,2.67,1,1,4,plain,alluvial,fair,1.602,low
SEG-0003,2026-05-23,8.7,21.0,35.9,2.1,54,2.67,1,1,4,plain,alluvial,fair,1.482,low
SEG-0003,2026-05-24,8.0,24.4,43.9,2.1,54,2.67,1,1,4,plain,alluvial,fair,1.58,low
SEG-0003,2026-05-25,11.2,27.9,55.1,2.1,54,2.67,1,1,4,plain,alluvial,fair,1.757,low
SEG-0003,2026-05-26,11.9,31.1,67.0,2.1,54,2.67,1,1,4,plain,alluvial,fair,1.884,low
SEG-0003,2026-05-27,13.6,36.7,65.7,2.1,54,2.67,1,1,4,plain,alluvial,fair,2.055,low
SEG-0003,2026-05-28,6.2,31.7,67.3,2.1,54,2.67,1,1,4,plain,alluvial,fair,1.804,low
SEG-0003,2026-05-29,13.9,33.7,73.5,2.1,54,2.67,1,1,4,plain,alluvial,fair,2.004,low
SEG-0003,2026-05-30,17.1,37.2,81.9,2.1,54,2.67,1,1,4,plain,alluvial,fair,2.172,low
SEG-0003,2026-05-31,14.7,45.7,88.6,2.1,54,2.67,1,1,4,plain,alluvial,fair,2.371,low
SEG-0003,2026-06-01,21.1,52.9,98.5,2.1,54,2.67,1,1,4,plain,alluvial,fair,2.694,low
SEG-0003,2026-06-02,22.6,58.4,109.2,2.1,54,2.67,1,1,4,plain,alluvial,fair,2.892,low
SEG-0003,2026-06-03,5.4,49.1,101.0,2.1,54,2.67,1,1,4,plain,alluvial,fair,2.335,low
SEG-0003,2026-06-04,23.0,51.0,117.8,2.1,54,2.67,1,1,4,plain,alluvial,fair,2.73,low
SEG-0003,2026-06-05,25.6,54.0,129.5,2.1,54,2.67,1,1,4,plain,alluvial,fair,2.885,low
SEG-0003,2026-06-06,4.5,53.1,116.9,2.1,54,2.67,1,1,4,plain,alluvial,fair,2.468,low
SEG-0003,2026-06-07,19.9,50.0,122.1,2.1,54,2.67,1,1,4,plain,alluvial,fair,2.663,low
SEG-0003,2026-06-08,23.7,48.1,124.7,2.1,54,2.67,1,1,4,plain,alluvial,fair,2.686,low
SEG-0003,2026-06-09,20.3,63.9,122.4,2.1,54,2.67,1,1,4,plain,alluvial,fair,3.032,low
SEG-0003,2026-06-10,20.4,64.4,137.4,2.1,54,2.67,1,1,4,plain,alluvial,fair,3.088,low
SEG-0003,2026-06-11,15.2,55.9,129.6,2.1,54,2.67,1,1,4,plain,alluvial,fair,2.758,low
SEG-0003,2026-06-12,11.1,46.7,115.1,2.1,54,2.67,1,1,4,plain,alluvial,fair,2.409,low
SEG-0003,2026-06-13,9.1,35.4,119.7,2.1,54,2.67,1,1,4,plain,alluvial,fair,2.094,low
SEG-0003,2026-06-14,17.0,37.2,116.8,2.1,54,2.67,1,1,4,plain,alluvial,fair,2.267,low
SEG-0003,2026-06-15,21.4,47.5,114.5,2.1,54,2.67,1,1,4,plain,alluvial,fair,2.603,low
SEG-0003,2026-06-16,10.3,48.7,104.5,2.1,54,2.67,1,1,4,plain,alluvial,fair,2.418,low
SEG-0003,2026-06-17,13.5,45.2,97.6,2.1,54,2.67,1,1,4,plain,alluvial,fair,2.362,low
SEG-0003,2026-06-18,14.2,38.0,96.6,2.1,54,2.67,1,1,4,plain,alluvial,fair,2.184,low
SEG-0003,2026-06-19,19.3,47.0,104.8,2.1,54,2.67,1,1,4,plain,alluvial,fair,2.528,low
SEG-0003,2026-06-20,24.8,58.3,120.5,2.1,54,2.67,1,1,4,plain,alluvial,fair,2.958,low
SEG-0003,2026-06-21,19.7,63.8,123.2,2.1,54,2.67,1,1,4,plain,alluvial,fair,3.022,low
SEG-0003,2026-06-22,6.2,50.7,108.0,2.1,54,2.67,1,1,4,plain,alluvial,fair,2.41,low
SEG-0003,2026-06-23,10.0,35.9,107.7,2.1,54,2.67,1,1,4,plain,alluvial,fair,2.089,low
SEG-0003,2026-06-24,12.0,28.2,106.2,2.1,54,2.67,1,1,4,plain,alluvial,fair,1.919,low
SEG-0003,2026-06-25,3.4,25.4,95.4,2.1,54,2.67,1,1,4,plain,alluvial,fair,1.67,low
SEG-0003,2026-06-26,20.5,35.9,96.6,2.1,54,2.67,1,1,4,plain,alluvial,fair,2.237,low
SEG-0003,2026-06-27,25.0,48.9,96.8,2.1,54,2.67,1,1,4,plain,alluvial,fair,2.652,low
SEG-0003,2026-06-28,12.1,57.6,89.2,2.1,54,2.67,1,1,4,plain,alluvial,fair,2.638,low
SEG-0003,2026-06-29,0.9,38.0,83.9,2.1,54,2.67,1,1,4,plain,alluvial,fair,1.923,low
SEG-0003,2026-06-30,2.9,15.9,76.8,2.1,54,2.67,1,1,4,plain,alluvial,fair,1.363,low
SEG-0003,2026-07-01,10.8,14.6,75.6,2.1,54,2.67,1,1,4,plain,alluvial,fair,1.46,low
SEG-0003,2026-07-02,27.0,40.7,99.2,2.1,54,2.67,1,1,4,plain,alluvial,fair,2.479,low
SEG-0003,2026-07-03,67.0,104.8,145.7,2.1,54,2.67,1,1,4,plain,alluvial,fair,4.954,low
SEG-0003,2026-07-04,58.0,152.0,178.7,2.1,54,2.67,1,1,4,plain,alluvial,fair,6.695,medium
SEG-0003,2026-07-05,53.5,178.5,220.1,2.1,54,2.67,1,1,4,plain,alluvial,fair,7.898,medium
SEG-0003,2026-07-06,56.9,168.4,276.1,2.1,54,2.67,1,1,4,plain,alluvial,fair,7.665,medium
SEG-0003,2026-07-07,11.4,121.8,284.6,2.1,54,2.67,1,1,4,plain,alluvial,fair,4.865,low
SEG-0003,2026-07-08,25.0,93.3,298.8,2.1,54,2.67,1,1,4,plain,alluvial,fair,4.362,low
SEG-0003,2026-07-09,3.6,40.0,275.4,2.1,54,2.67,1,1,4,plain,alluvial,fair,2.548,low
SEG-0003,2026-07-10,77.9,106.5,286.3,2.1,54,2.67,1,1,4,plain,alluvial,fair,5.57,low
SEG-0003,2026-07-11,46.1,127.6,274.4,2.1,54,2.67,1,1,4,plain,alluvial,fair,5.682,low
SEG-0003,2026-07-12,56.0,180.0,276.9,2.1,54,2.67,1,1,4,plain,alluvial,fair,8.163,medium
SEG-0003,2026-07-13,47.9,150.0,267.9,2.1,54,2.67,1,1,4,plain,alluvial,fair,6.68,low
SEG-0003,2026-07-14,65.1,169.0,321.6,2.1,54,2.67,1,1,4,plain,alluvial,fair,7.956,medium
SEG-0003,2026-07-15,33.5,146.5,330.1,2.1,54,2.67,1,1,4,plain,alluvial,fair,6.453,medium
SEG-0003,2026-07-16,34.3,132.9,360.8,2.1,54,2.67,1,1,4,plain,alluvial,fair,5.952,low
SEG-0003,2026-07-17,41.5,109.3,324.4,2.1,54,2.67,1,1,4,plain,alluvial,fair,5.129,low
SEG-0003,2026-07-18,3.5,79.3,281.8,2.1,54,2.67,1,1,4,plain,alluvial,fair,3.586,low
SEG-0003,2026-07-19,11.1,56.1,236.9,2.1,54,2.67,1,1,4,plain,alluvial,fair,2.988,low
SEG-0003,2026-07-20,11.7,26.3,200.7,2.1,54,2.67,1,1,4,plain,alluvial,fair,2.124,low
SEG-0003,2026-07-21,7.1,29.9,142.7,2.1,54,2.67,1,1,4,plain,alluvial,fair,1.98,low
SEG-0003,2026-07-22,76.6,95.4,185.8,2.1,54,2.67,1,1,4,plain,alluvial,fair,4.983,low
SEG-0003,2026-07-23,36.8,120.5,188.3,2.1,54,2.67,1,1,4,plain,alluvial,fair,4.975,low
SEG-0003,2026-07-24,55.2,168.6,202.0,2.1,54,2.67,1,1,4,plain,alluvial,fair,7.442,medium
SEG-0003,2026-07-25,30.8,122.8,229.3,2.1,54,2.67,1,1,4,plain,alluvial,fair,5.087,low
SEG-0003,2026-07-26,24.3,110.3,242.5,2.1,54,2.67,1,1,4,plain,alluvial,fair,4.637,low
SEG-0003,2026-07-27,2.0,57.1,232.8,2.1,54,2.67,1,1,4,plain,alluvial,fair,2.848,low
SEG-0003,2026-07-28,25.3,51.6,251.0,2.1,54,2.67,1,1,4,plain,alluvial,fair,3.151,low
SEG-0003,2026-07-29,18.3,45.6,192.7,2.1,54,2.67,1,1,4,plain,alluvial,fair,2.716,low
SEG-0003,2026-07-30,6.1,49.7,162.0,2.1,54,2.67,1,1,4,plain,alluvial,fair,2.531,low
SEG-0003,2026-07-31,17.5,41.9,124.3,2.1,54,2.67,1,1,4,plain,alluvial,fair,2.418,low
SEG-0003,2026-08-01,10.8,34.4,104.3,2.1,54,2.67,1,1,4,plain,alluvial,fair,2.054,low
SEG-0003,2026-08-02,19.7,48.0,99.7,2.1,54,2.67,1,1,4,plain,alluvial,fair,2.546,low
SEG-0003,2026-08-03,13.3,43.8,111.0,2.1,54,2.67,1,1,4,plain,alluvial,fair,2.359,low
SEG-0003,2026-08-04,8.2,41.2,93.9,2.1,54,2.67,1,1,4,plain,alluvial,fair,2.158,low
SEG-0003,2026-08-05,15.7,37.2,91.3,2.1,54,2.67,1,1,4,plain,alluvial,fair,2.174,low
SEG-0003,2026-08-06,21.6,45.5,106.8,2.1,54,2.67,1,1,4,plain,alluvial,fair,2.533,low
SEG-0003,2026-08-07,0.2,37.5,89.5,2.1,54,2.67,1,1,4,plain,alluvial,fair,1.914,low
SEG-0003,2026-08-08,3.8,25.6,82.5,2.1,54,2.67,1,1,4,plain,alluvial,fair,1.646,low
SEG-0003,2026-08-09,13.0,17.0,75.8,2.1,54,2.67,1,1,4,plain,alluvial,fair,1.561,low
SEG-0003,2026-08-10,16.1,32.9,78.6,2.1,54,2.67,1,1,4,plain,alluvial,fair,2.035,low
SEG-0003,2026-08-11,13.6,42.7,84.0,2.1,54,2.67,1,1,4,plain,alluvial,fair,2.262,low
SEG-0003,2026-08-12,14.4,44.1,82.7,2.1,54,2.67,1,1,4,plain,alluvial,fair,2.308,low
SEG-0003,2026-08-13,11.4,39.4,72.5,2.1,54,2.67,1,1,4,plain,alluvial,fair,2.107,low
SEG-0003,2026-08-14,60.2,86.0,132.5,2.1,54,2.67,1,1,4,plain,alluvial,fair,4.313,low
SEG-0003,2026-08-15,42.1,113.7,170.8,2.1,54,2.67,1,1,4,plain,alluvial,fair,4.831,low
SEG-0003,2026-08-16,44.9,147.2,202.7,2.1,54,2.67,1,1,4,plain,alluvial,fair,6.327,medium
SEG-0003,2026-08-17,73.5,160.5,260.1,2.1,54,2.67,1,1,4,plain,alluvial,fair,7.556,medium
SEG-0003,2026-08-18,24.8,143.2,271.3,2.1,54,2.67,1,1,4,plain,alluvial,fair,5.998,low
SEG-0003,2026-08-19,41.8,140.1,298.7,2.1,54,2.67,1,1,4,plain,alluvial,fair,6.226,low
SEG-0003,2026-08-20,12.8,79.4,300.1,2.1,54,2.67,1,1,4,plain,alluvial,fair,3.797,low
SEG-0003,2026-08-21,1.4,56.0,241.3,2.1,54,2.67,1,1,4,plain,alluvial,fair,2.833,low
SEG-0003,2026-08-22,1.5,15.7,200.7,2.1,54,2.67,1,1,4,plain,alluvial,fair,1.675,low
SEG-0003,2026-08-23,16.6,19.5,172.4,2.1,54,2.67,1,1,4,plain,alluvial,fair,1.953,low
SEG-0003,2026-08-24,17.6,35.7,116.5,2.1,54,2.67,1,1,4,plain,alluvial,fair,2.237,low
SEG-0003,2026-08-25,10.0,44.2,101.7,2.1,54,2.67,1,1,4,plain,alluvial,fair,2.288,low
SEG-0003,2026-08-26,78.2,105.8,138.1,2.1,54,2.67,1,1,4,plain,alluvial,fair,5.149,low
SEG-0003,2026-08-27,37.5,125.7,162.8,2.1,54,2.67,1,1,4,plain,alluvial,fair,5.145,low
SEG-0003,2026-08-28,11.3,127.0,172.7,2.1,54,2.67,1,1,4,plain,alluvial,fair,4.784,low
SEG-0003,2026-08-29,10.4,59.2,181.6,2.1,54,2.67,1,1,4,plain,alluvial,fair,2.905,low
SEG-0003,2026-08-30,3.2,24.9,168.2,2.1,54,2.67,1,1,4,plain,alluvial,fair,1.854,low
SEG-0003,2026-08-31,21.6,35.2,172.2,2.1,54,2.67,1,1,4,plain,alluvial,fair,2.445,low
SEG-0003,2026-09-01,10.6,35.4,172.8,2.1,54,2.67,1,1,4,plain,alluvial,fair,2.265,low
SEG-0003,2026-09-02,4.6,36.8,99.2,2.1,54,2.67,1,1,4,plain,alluvial,fair,1.997,low
SEG-0003,2026-09-03,14.1,29.3,75.8,2.1,54,2.67,1,1,4,plain,alluvial,fair,1.899,low
SEG-0003,2026-09-04,11.8,30.5,76.3,2.1,54,2.67,1,1,4,plain,alluvial,fair,1.893,low
SEG-0003,2026-09-05,0.1,26.0,66.0,2.1,54,2.67,1,1,4,plain,alluvial,fair,1.548,low
SEG-0003,2026-09-06,9.7,21.6,72.5,2.1,54,2.67,1,1,4,plain,alluvial,fair,1.615,low
SEG-0003,2026-09-07,3.4,13.2,54.3,2.1,54,2.67,1,1,4,plain,alluvial,fair,1.24,low
SEG-0003,2026-09-08,2.7,15.8,46.4,2.1,54,2.67,1,1,4,plain,alluvial,fair,1.274,low
SEG-0003,2026-09-09,13.6,19.7,55.4,2.1,54,2.67,1,1,4,plain,alluvial,fair,1.585,low
SEG-0003,2026-09-10,2.6,18.9,43.9,2.1,54,2.67,1,1,4,plain,alluvial,fair,1.346,low
SEG-0003,2026-09-11,1.8,18.0,33.9,2.1,54,2.67,1,1,4,plain,alluvial,fair,1.281,low
SEG-0003,2026-09-12,4.9,9.3,38.7,2.1,54,2.67,1,1,4,plain,alluvial,fair,1.121,low
SEG-0003,2026-09-13,13.1,19.8,42.1,2.1,54,2.67,1,1,4,plain,alluvial,fair,1.543,low
SEG-0003,2026-09-14,1.9,19.9,40.6,2.1,54,2.67,1,1,4,plain,alluvial,fair,1.351,low
SEG-0003,2026-09-15,12.1,27.1,50.0,2.1,54,2.67,1,1,4,plain,alluvial,fair,1.737,low
SEG-0003,2026-09-16,5.7,19.7,42.1,2.1,54,2.67,1,1,4,plain,alluvial,fair,1.414,low
SEG-0004,2026-05-20,0.4,0.4,0.4,3.7,55,2.85,1,0,4,plain,alluvial,good,0.348,low
SEG-0004,2026-05-21,10.8,11.2,11.2,3.7,55,2.85,1,0,4,plain,alluvial,good,0.835,low
SEG-0004,2026-05-22,0.1,11.3,11.3,3.7,55,2.85,1,0,4,plain,alluvial,good,0.656,low
SEG-0004,2026-05-23,16.5,27.4,27.8,3.7,55,2.85,1,0,4,plain,alluvial,good,1.399,low
SEG-0004,2026-05-24,13.8,30.4,41.6,3.7,55,2.85,1,0,4,plain,alluvial,good,1.469,low
SEG-0004,2026-05-25,10.5,40.8,52.1,3.7,55,2.85,1,0,4,plain,alluvial,good,1.712,low
SEG-0004,2026-05-26,12.8,37.1,64.9,3.7,55,2.85,1,0,4,plain,alluvial,good,1.69,low
SEG-0004,2026-05-27,9.0,32.3,73.5,3.7,55,2.85,1,0,4,plain,alluvial,good,1.525,low
SEG-0004,2026-05-28,5.5,27.3,68.2,3.7,55,2.85,1,0,4,plain,alluvial,good,1.321,low
SEG-0004,2026-05-29,1.1,15.6,69.2,3.7,55,2.85,1,0,4,plain,alluvial,good,0.944,low
SEG-0004,2026-05-30,15.5,22.1,68.2,3.7,55,2.85,1,0,4,plain,alluvial,good,1.355,low
SEG-0004,2026-05-31,0.1,16.7,54.5,3.7,55,2.85,1,0,4,plain,alluvial,good,0.916,low
SEG-0004,2026-06-01,19.7,35.3,63.7,3.7,55,2.85,1,0,4,plain,alluvial,good,1.758,low
SEG-0004,2026-06-02,0.8,20.6,51.7,3.7,55,2.85,1,0,4,plain,alluvial,good,1.021,low
SEG-0004,2026-06-03,3.4,23.9,46.1,3.7,55,2.85,1,0,4,plain,alluvial,good,1.136,low
SEG-0004,2026-06-04,65.9,70.1,106.5,3.7,55,2.85,1,0,4,plain,alluvial,good,3.566,low
SEG-0004,2026-06-05,39.9,109.2,145.3,3.7,55,2.85,1,0,4,plain,alluvial,good,4.247,low
SEG-0004,2026-06-06,38.9,144.7,168.7,3.7,55,2.85,1,0,4,plain,alluvial,good,5.662,low
SEG-0004,2026-06-07,54.6,133.4,223.2,3.7,55,2.85,1,0,4,plain,alluvial,good,5.581,low
SEG-0004,2026-06-08,52.7,146.2,256.2,3.7,55,2.85,1,0,4,plain,alluvial,good,6.203,low
SEG-0004,2026-06-09,43.1,150.4,298.5,3.7,55,2.85,1,0,4,plain,alluvial,good,6.341,low
SEG-0004,2026-06-10,19.7,115.5,314.8,3.7,55,2.85,1,0,4,plain,alluvial,good,4.533,low
SEG-0004,2026-06-11,74.4,137.2,323.3,3.7,55,2.85,1,0,4,plain,alluvial,good,6.36,low
SEG-0004,2026-06-12,43.9,138.0,327.3,3.7,55,2.85,1,0,4,plain,alluvial,good,5.888,low
SEG-0004,2026-06-13,46.7,165.0,335.1,3.7,55,2.85,1,0,4,plain,alluvial,good,7.145,medium
SEG-0004,2026-06-14,17.4,108.0,297.9,3.7,55,2.85,1,0,4,plain,alluvial,good,4.253,low
SEG-0004,2026-06-15,11.4,75.5,256.6,3.7,55,2.85,1,0,4,plain,alluvial,good,3.192,low
SEG-0004,2026-06-16,13.8,42.6,227.3,3.7,55,2.85,1,0,4,plain,alluvial,good,2.297,low
SEG-0004,2026-06-17,21.8,47.0,229.4,3.7,55,2.85,1,0,4,plain,alluvial,good,2.553,low
SEG-0004,2026-06-18,11.9,47.5,166.9,3.7,55,2.85,1,0,4,plain,alluvial,good,2.226,low
SEG-0004,2026-06-19,8.6,42.3,131.6,3.7,55,2.85,1,0,4,plain,alluvial,good,1.938,low
SEG-0004,2026-06-20,23.2,43.7,108.1,3.7,55,2.85,1,0,4,plain,alluvial,good,2.158,low
SEG-0004,2026-06-21,14.6,46.4,105.3,3.7,55,2.85,1,0,4,plain,alluvial,good,2.074,low
SEG-0004,2026-06-22,54.0,91.8,147.9,3.7,55,2.85,1,0,4,plain,alluvial,good,4.041,low
SEG-0004,2026-06-23,42.1,110.7,176.2,3.7,55,2.85,1,0,4,plain,alluvial,good,4.408,low
SEG-0004,2026-06-24,34.4,130.5,188.8,3.7,55,2.85,1,0,4,plain,alluvial,good,5.016,low
SEG-0004,2026-06-25,20.1,96.6,197.0,3.7,55,2.85,1,0,4,plain,alluvial,good,3.725,low
SEG-0004,2026-06-26,13.8,68.3,202.2,3.7,55,2.85,1,0,4,plain,alluvial,good,2.896,low
SEG-0004,2026-06-27,0.4,34.3,179.4,3.7,55,2.85,1,0,4,plain,alluvial,good,1.722,low
SEG-0004,2026-06-28,3.3,17.5,168.1,3.7,55,2.85,1,0,4,plain,alluvial,good,1.303,low
SEG-0004,2026-06-29,11.6,15.3,125.7,3.7,55,2.85,1,0,4,plain,alluvial,good,1.27,low
SEG-0004,2026-06-30,10.6,25.5,94.2,3.7,55,2.85,1,0,4,plain,alluvial,good,1.432,low
SEG-0004,2026-07-01,8.8,31.0,68.6,3.7,55,2.85,1,0,4,plain,alluvial,good,1.474,low
SEG-0004,2026-07-02,6.5,25.9,55.0,3.7,55,2.85,1,0,4,plain,alluvial,good,1.265,low
SEG-0004,2026-07-03,8.8,24.1,50.0,3.7,55,2.85,1,0,4,plain,alluvial,good,1.243,low
SEG-0004,2026-07-04,6.1,21.4,55.7,3.7,55,2.85,1,0,4,plain,alluvial,good,1.143,low
SEG-0004,2026-07-05,88.5,103.4,140.9,3.7,55,2.85,1,0,4,plain,alluvial,good,4.91,low
SEG-0004,2026-07-06,56.7,151.3,186.0,3.7,55,2.85,1,0,4,plain,alluvial,good,6.302,medium
SEG-0004,2026-07-07,48.0,193.2,223.4,3.7,55,2.85,1,0,4,plain,alluvial,good,8.101,medium
SEG-0004,2026-07-08,7.7,112.4,222.3,3.7,55,2.85,1,0,4,plain,alluvial,good,3.994,low
SEG-0004,2026-07-09,26.6,82.3,242.4,3.7,55,2.85,1,0,4,plain,alluvial,good,3.588,low
SEG-0004,2026-07-10,15.6,49.9,249.2,3.7,55,2.85,1,0,4,plain,alluvial,good,2.578,low
SEG-0004,2026-07-11,0.7,42.9,243.8,3.7,55,2.85,1,0,4,plain,alluvial,good,2.128,low
SEG-0004,2026-07-12,96.8,113.1,252.1,3.7,55,2.85,1,0,4,plain,alluvial,good,5.609,low
SEG-0004,2026-07-13,43.2,140.7,238.6,3.7,55,2.85,1,0,4,plain,alluvial,good,5.751,low
SEG-0004,2026-07-14,60.3,200.3,250.9,3.7,55,2.85,1,0,4,plain,alluvial,good,8.698,medium
SEG-0004,2026-07-15,34.0,137.5,277.2,3.7,55,2.85,1,0,4,plain,alluvial,good,5.56,low
SEG-0004,2026-07-16,1.1,95.4,251.7,3.7,55,2.85,1,0,4,plain,alluvial,good,3.521,low
SEG-0004,2026-07-17,23.8,58.9,259.9,3.7,55,2.85,1,0,4,plain,alluvial,good,2.98,low
SEG-0004,2026-07-18,17.9,42.8,277.1,3.7,55,2.85,1,0,4,plain,alluvial,good,2.509,low
SEG-0004,2026-07-19,8.3,50.0,188.6,3.7,55,2.85,1,0,4,plain,alluvial,good,2.29,low
SEG-0004,2026-07-20,20.5,46.7,165.9,3.7,55,2.85,1,0,4,plain,alluvial,good,2.349,low
SEG-0004,2026-07-21,3.3,32.1,108.9,3.7,55,2.85,1,0,4,plain,alluvial,good,1.52,low
SEG-0004,2026-07-22,20.3,44.1,95.2,3.7,55,2.85,1,0,4,plain,alluvial,good,2.083,low
SEG-0004,2026-07-23,5.5,29.1,99.6,3.7,55,2.85,1,0,4,plain,alluvial,good,1.454,low
SEG-0004,2026-07-24,24.6,50.4,100.4,3.7,55,2.85,1,0,4,plain,alluvial,good,2.334,low
SEG-0004,2026-07-25,24.1,54.2,106.6,3.7,55,2.85,1,0,4,plain,alluvial,good,2.442,low
SEG-0004,2026-07-26,9.6,58.3,107.9,3.7,55,2.85,1,0,4,plain,alluvial,good,2.305,low
SEG-0004,2026-07-27,6.9,40.6,94.3,3.7,55,2.85,1,0,4,plain,alluvial,good,1.762,low
SEG-0004,2026-07-28,26.3,42.8,117.3,3.7,55,2.85,1,0,4,plain,alluvial,good,2.212,low
SEG-0004,2026-07-29,27.8,61.0,124.8,3.7,55,2.85,1,0,4,plain,alluvial,good,2.732,low
SEG-0004,2026-07-30,2.9,57.0,122.2,3.7,55,2.85,1,0,4,plain,alluvial,good,2.197,low
SEG-0004,2026-07-31,2.2,32.9,99.8,3.7,55,2.85,1,0,4,plain,alluvial,good,1.497,low
SEG-0004,2026-08-01,75.7,80.8,151.4,3.7,55,2.85,1,0,4,plain,alluvial,good,4.134,low
SEG-0004,2026-08-02,40.9,118.8,182.7,3.7,55,2.85,1,0,4,plain,alluvial,good,4.616,low
SEG-0004,2026-08-03,45.0,161.6,220.8,3.7,55,2.85,1,0,4,plain,alluvial,good,6.652,medium
SEG-0004,2026-08-04,19.3,105.2,213.8,3.7,55,2.85,1,0,4,plain,alluvial,good,3.981,low
SEG-0004,2026-08-05,6.5,70.8,192.5,3.7,55,2.85,1,0,4,plain,alluvial,good,2.81,low
SEG-0004,2026-08-06,3.8,29.6,193.4,3.7,55,2.85,1,0,4,plain,alluvial,good,1.696,low
SEG-0004,2026-08-07,3.2,13.5,194.4,3.7,55,2.85,1,0,4,plain,alluvial,good,1.27,low
SEG-0004,2026-08-08,19.9,26.9,138.6,3.7,55,2.85,1,0,4,plain,alluvial,good,1.749,low
SEG-0004,2026-08-09,14.1,37.2,111.8,3.7,55,2.85,1,0,4,plain,alluvial,good,1.844,low
SEG-0004,2026-08-10,10.7,44.7,77.5,3.7,55,2.85,1,0,4,plain,alluvial,good,1.887,low
SEG-0004,2026-08-11,21.6,46.4,79.8,3.7,55,2.85,1,0,4,plain,alluvial,good,2.123,low
SEG-0004,2026-08-12,1.1,33.4,74.4,3.7,55,2.85,1,0,4,plain,alluvial,good,1.421,low
SEG-0004,2026-08-13,13.4,36.1,84.0,3.7,55,2.85,1,0,4,plain,alluvial,good,1.727,low
SEG-0004,2026-08-14,14.6,29.1,95.4,3.7,55,2.85,1,0,4,plain,alluvial,good,1.597,low
SEG-0004,2026-08-15,9.7,37.7,85.2,3.7,55,2.85,1,0,4,plain,alluvial,good,1.709,low
SEG-0004,2026-08-16,3.9,28.2,75.0,3.7,55,2.85,1,0,4,plain,alluvial,good,1.335,low
SEG-0004,2026-08-17,18.3,31.9,82.6,3.7,55,2.85,1,0,4,plain,alluvial,good,1.697,low
SEG-0004,2026-08-18,7.5,29.7,68.5,3.7,55,2.85,1,0,4,plain,alluvial,good,1.418,low
SEG-0004,2026-08-19,16.0,41.8,83.4,3.7,55,2.85,1,0,4,plain,alluvial,good,1.918,low
SEG-0004,2026-08-20,0.3,23.8,70.3,3.7,55,2.85,1,0,4,plain,alluvial,good,1.147,low
SEG-0004,2026-08-21,18.2,34.5,73.9,3.7,55,2.85,1,0,4,plain,alluvial,good,1.739,low
SEG-0004,2026-08-22,12.4,30.9,76.6,3.7,55,2.85,1,0,4,plain,alluvial,good,1.555,low
SEG-0004,2026-08-23,6.7,37.3,79.4,3.7,55,2.85,1,0,4,plain,alluvial,good,1.632,low
SEG-0004,2026-08-24,2.1,21.2,63.2,3.7,55,2.85,1,0,4,plain,alluvial,good,1.09,low
SEG-0004,2026-08-25,20.9,29.7,76.6,3.7,55,2.85,1,0,4,plain,alluvial,good,1.668,low
SEG-0004,2026-08-26,10.8,33.8,71.4,3.7,55,2.85,1,0,4,plain,alluvial,good,1.589,low
SEG-0004,2026-08-27,21.0,52.7,92.1,3.7,55,2.85,1,0,4,plain,alluvial,good,2.31,low
SEG-0004,2026-08-28,7.9,39.7,81.8,3.7,55,2.85,1,0,4,plain,alluvial,good,1.721,low
SEG-0004,2026-08-29,14.6,43.5,84.0,3.7,55,2.85,1,0,4,plain,alluvial,good,1.94,low
SEG-0004,2026-08-30,2.8,25.3,80.1,3.7,55,2.85,1,0,4,plain,alluvial,good,1.255,low
SEG-0004,2026-08-31,19.2,36.6,97.2,3.7,55,2.85,1,0,4,plain,alluvial,good,1.875,low
SEG-0004,2026-09-01,2.2,24.2,78.5,3.7,55,2.85,1,0,4,plain,alluvial,good,1.212,low
SEG-0004,2026-09-02,36.0,57.4,103.7,3.7,55,2.85,1,0,4,plain,alluvial,good,2.719,low
SEG-0004,2026-09-03,17.5,55.7,100.2,3.7,55,2.85,1,0,4,plain,alluvial,good,2.351,low
SEG-0004,2026-09-04,9.1,62.6,101.4,3.7,55,2.85,1,0,4,plain,alluvial,good,2.391,low
SEG-0004,2026-09-05,10.1,36.7,96.9,3.7,55,2.85,1,0,4,plain,alluvial,good,1.722,low
SEG-0004,2026-09-06,6.5,25.7,100.6,3.7,55,2.85,1,0,4,plain,alluvial,good,1.385,low
SEG-0004,2026-09-07,2.3,18.9,83.7,3.7,55,2.85,1,0,4,plain,alluvial,good,1.09,low
SEG-0004,2026-09-08,9.2,18.0,90.7,3.7,55,2.85,1,0,4,plain,alluvial,good,1.204,low
SEG-0004,2026-09-09,10.0,21.5,64.7,3.7,55,2.85,1,0,4,plain,alluvial,good,1.237,low
SEG-0004,2026-09-10,6.3,25.5,53.5,3.7,55,2.85,1,0,4,plain,alluvial,good,1.247,low
SEG-0004,2026-09-11,3.9,20.2,48.3,3.7,55,2.85,1,0,4,plain,alluvial,good,1.054,low
SEG-0004,2026-09-12,27.2,37.4,65.4,3.7,55,2.85,1,0,4,plain,alluvial,good,1.944,low
SEG-0004,2026-09-13,25.0,56.1,83.9,3.7,55,2.85,1,0,4,plain,alluvial,good,2.444,low
SEG-0004,2026-09-14,28.3,80.5,109.9,3.7,55,2.85,1,0,4,plain,alluvial,good,3.206,low
SEG-0004,2026-09-15,8.9,62.2,109.6,3.7,55,2.85,1,0,4,plain,alluvial,good,2.4,low
SEG-0004,2026-09-16,5.6,42.8,105.2,3.7,55,2.85,1,0,4,plain,alluvial,good,1.827,low
SEG-0005,2026-05-20,0.4,0.4,0.4,2.7,57,0.55,0,2,4,plain,alluvial,good,0.549,low
SEG-0005,2026-05-21,10.8,11.2,11.2,2.7,57,0.55,0,2,4,plain,alluvial,good,1.036,low
SEG-0005,2026-05-22,0.1,11.3,11.3,2.7,57,0.55,0,2,4,plain,alluvial,good,0.857,low
SEG-0005,2026-05-23,16.5,27.4,27.8,2.7,57,0.55,0,2,4,plain,alluvial,good,1.6,low
SEG-0005,2026-05-24,13.8,30.4,41.6,2.7,57,0.55,0,2,4,plain,alluvial,good,1.67,low
SEG-0005,2026-05-25,10.5,40.8,52.1,2.7,57,0.55,0,2,4,plain,alluvial,good,1.913,low
SEG-0005,2026-05-26,12.8,37.1,64.9,2.7,57,0.55,0,2,4,plain,alluvial,good,1.891,low
SEG-0005,2026-05-27,9.0,32.3,73.5,2.7,57,0.55,0,2,4,plain,alluvial,good,1.726,low
SEG-0005,2026-05-28,5.5,27.3,68.2,2.7,57,0.55,0,2,4,plain,alluvial,good,1.522,low
SEG-0005,2026-05-29,1.1,15.6,69.2,2.7,57,0.55,0,2,4,plain,alluvial,good,1.145,low
SEG-0005,2026-05-30,15.5,22.1,68.2,2.7,57,0.55,0,2,4,plain,alluvial,good,1.556,low
SEG-0005,2026-05-31,0.1,16.7,54.5,2.7,57,0.55,0,2,4,plain,alluvial,good,1.116,low
SEG-0005,2026-06-01,19.7,35.3,63.7,2.7,57,0.55,0,2,4,plain,alluvial,good,1.959,low
SEG-0005,2026-06-02,0.8,20.6,51.7,2.7,57,0.55,0,2,4,plain,alluvial,good,1.222,low
SEG-0005,2026-06-03,3.4,23.9,46.1,2.7,57,0.55,0,2,4,plain,alluvial,good,1.337,low
SEG-0005,2026-06-04,65.9,70.1,106.5,2.7,57,0.55,0,2,4,plain,alluvial,good,3.766,low
SEG-0005,2026-06-05,39.9,109.2,145.3,2.7,57,0.55,0,2,4,plain,alluvial,good,4.448,low
SEG-0005,2026-06-06,38.9,144.7,168.7,2.7,57,0.55,0,2,4,plain,alluvial,good,5.863,low
SEG-0005,2026-06-07,54.6,133.4,223.2,2.7,57,0.55,0,2,4,plain,alluvial,good,5.782,low
SEG-0005,2026-06-08,52.7,146.2,256.2,2.7,57,0.55,0,2,4,plain,alluvial,good,6.404,medium
SEG-0005,2026-06-09,43.1,150.4,298.5,2.7,57,0.55,0,2,4,plain,alluvial,good,6.542,low
SEG-0005,2026-06-10,19.7,115.5,314.8,2.7,57,0.55,0,2,4,plain,alluvial,good,4.734,low
SEG-0005,2026-06-11,74.4,137.2,323.3,2.7,57,0.55,0,2,4,plain,alluvial,good,6.561,medium
SEG-0005,2026-06-12,43.9,138.0,327.3,2.7,57,0.55,0,2,4,plain,alluvial,good,6.089,medium
SEG-0005,2026-06-13,46.7,165.0,335.1,2.7,57,0.55,0,2,4,plain,alluvial,good,7.346,medium
SEG-0005,2026-06-14,17.4,108.0,297.9,2.7,57,0.55,0,2,4,plain,alluvial,good,4.454,low
SEG-0005,2026-06-15,11.4,75.5,256.6,2.7,57,0.55,0,2,4,plain,alluvial,good,3.393,low
SEG-0005,2026-06-16,13.8,42.6,227.3,2.7,57,0.55,0,2,4,plain,alluvial,good,2.498,low
SEG-0005,2026-06-17,21.8,47.0,229.4,2.7,57,0.55,0,2,4,plain,alluvial,good,2.754,low
SEG-0005,2026-06-18,11.9,47.5,166.9,2.7,57,0.55,0,2,4,plain,alluvial,good,2.427,low
SEG-0005,2026-06-19,8.6,42.3,131.6,2.7,57,0.55,0,2,4,plain,alluvial,good,2.139,low
SEG-0005,2026-06-20,23.2,43.7,108.1,2.7,57,0.55,0,2,4,plain,alluvial,good,2.359,low
SEG-0005,2026-06-21,14.6,46.4,105.3,2.7,57,0.55,0,2,4,plain,alluvial,good,2.275,low
SEG-0005,2026-06-22,54.0,91.8,147.9,2.7,57,0.55,0,2,4,plain,alluvial,good,4.242,low
SEG-0005,2026-06-23,42.1,110.7,176.2,2.7,57,0.55,0,2,4,plain,alluvial,good,4.609,low
SEG-0005,2026-06-24,34.4,130.5,188.8,2.7,57,0.55,0,2,4,plain,alluvial,good,5.217,low
SEG-0005,2026-06-25,20.1,96.6,197.0,2.7,57,0.55,0,2,4,plain,alluvial,good,3.926,low
SEG-0005,2026-06-26,13.8,68.3,202.2,2.7,57,0.55,0,2,4,plain,alluvial,good,3.097,low
SEG-0005,2026-06-27,0.4,34.3,179.4,2.7,57,0.55,0,2,4,plain,alluvial,good,1.923,low
SEG-0005,2026-06-28,3.3,17.5,168.1,2.7,57,0.55,0,2,4,plain,alluvial,good,1.504,low
SEG-0005,2026-06-29,11.6,15.3,125.7,2.7,57,0.55,0,2,4,plain,alluvial,good,1.471,low
SEG-0005,2026-06-30,10.6,25.5,94.2,2.7,57,0.55,0,2,4,plain,alluvial,good,1.633,low
SEG-0005,2026-07-01,8.8,31.0,68.6,2.7,57,0.55,0,2,4,plain,alluvial,good,1.675,low
SEG-0005,2026-07-02,6.5,25.9,55.0,2.7,57,0.55,0,2,4,plain,alluvial,good,1.466,low
SEG-0005,2026-07-03,8.8,24.1,50.0,2.7,57,0.55,0,2,4,plain,alluvial,good,1.444,low
SEG-0005,2026-07-04,6.1,21.4,55.7,2.7,57,0.55,0,2,4,plain,alluvial,good,1.344,low
SEG-0005,2026-07-05,88.5,103.4,140.9,2.7,57,0.55,0,2,4,plain,alluvial,good,5.111,low
SEG-0005,2026-07-06,56.7,151.3,186.0,2.7,57,0.55,0,2,4,plain,alluvial,good,6.503,medium
SEG-0005,2026-07-07,48.0,193.2,223.4,2.7,57,0.55,0,2,4,plain,alluvial,good,8.302,medium
SEG-0005,2026-07-08,7.7,112.4,222.3,2.7,57,0.55,0,2,4,plain,alluvial,good,4.195,low
SEG-0005,2026-07-09,26.6,82.3,242.4,2.7,57,0.55,0,2,4,plain,alluvial,good,3.789,low
SEG-0005,2026-07-10,15.6,49.9,249.2,2.7,57,0.55,0,2,4,plain,alluvial,good,2.779,low
SEG-0005,2026-07-11,0.7,42.9,243.8,2.7,57,0.55,0,2,4,plain,alluvial,good,2.328,low
SEG-0005,2026-07-12,96.8,113.1,252.1,2.7,57,0.55,0,2,4,plain,alluvial,good,5.81,low
SEG-0005,2026-07-13,43.2,140.7,238.6,2.7,57,0.55,0,2,4,plain,alluvial,good,5.952,low
SEG-0005,2026-07-14,60.3,200.3,250.9,2.7,57,0.55,0,2,4,plain,alluvial,good,8.899,medium
SEG-0005,2026-07-15,34.0,137.5,277.2,2.7,57,0.55,0,2,4,plain,alluvial,good,5.761,low
SEG-0005,2026-07-16,1.1,95.4,251.7,2.7,57,0.55,0,2,4,plain,alluvial,good,3.722,low
SEG-0005,2026-07-17,23.8,58.9,259.9,2.7,57,0.55,0,2,4,plain,alluvial,good,3.181,low
SEG-0005,2026-07-18,17.9,42.8,277.1,2.7,57,0.55,0,2,4,plain,alluvial,good,2.71,low
SEG-0005,2026-07-19,8.3,50.0,188.6,2.7,57,0.55,0,2,4,plain,alluvial,good,2.49,low
SEG-0005,2026-07-20,20.5,46.7,165.9,2.7,57,0.55,0,2,4,plain,alluvial,good,2.55,low
SEG-0005,2026-07-21,3.3,32.1,108.9,2.7,57,0.55,0,2,4,plain,alluvial,good,1.721,low
SEG-0005,2026-07-22,20.3,44.1,95.2,2.7,57,0.55,0,2,4,plain,alluvial,good,2.284,low
SEG-0005,2026-07-23,5.5,29.1,99.6,2.7,57,0.55,0,2,4,plain,alluvial,good,1.655,low
SEG-0005,2026-07-24,24.6,50.4,100.4,2.7,57,0.55,0,2,4,plain,alluvial,good,2.535,low
SEG-0005,2026-07-25,24.1,54.2,106.6,2.7,57,0.55,0,2,4,plain,alluvial,good,2.643,low
SEG-0005,2026-07-26,9.6,58.3,107.9,2.7,57,0.55,0,2,4,plain,alluvial,good,2.506,low
SEG-0005,2026-07-27,6.9,40.6,94.3,2.7,57,0.55,0,2,4,plain,alluvial,good,1.963,low
SEG-0005,2026-07-28,26.3,42.8,117.3,2.7,57,0.55,0,2,4,plain,alluvial,good,2.413,low
SEG-0005,2026-07-29,27.8,61.0,124.8,2.7,57,0.55,0,2,4,plain,alluvial,good,2.932,low
SEG-0005,2026-07-30,2.9,57.0,122.2,2.7,57,0.55,0,2,4,plain,alluvial,good,2.398,low
SEG-0005,2026-07-31,2.2,32.9,99.8,2.7,57,0.55,0,2,4,plain,alluvial,good,1.698,low
SEG-0005,2026-08-01,75.7,80.8,151.4,2.7,57,0.55,0,2,4,plain,alluvial,good,4.335,low
SEG-0005,2026-08-02,40.9,118.8,182.7,2.7,57,0.55,0,2,4,plain,alluvial,good,4.817,low
SEG-0005,2026-08-03,45.0,161.6,220.8,2.7,57,0.55,0,2,4,plain,alluvial,good,6.853,medium
SEG-0005,2026-08-04,19.3,105.2,213.8,2.7,57,0.55,0,2,4,plain,alluvial,good,4.182,low
SEG-0005,2026-08-05,6.5,70.8,192.5,2.7,57,0.55,0,2,4,plain,alluvial,good,3.011,low
SEG-0005,2026-08-06,3.8,29.6,193.4,2.7,57,0.55,0,2,4,plain,alluvial,good,1.897,low
SEG-0005,2026-08-07,3.2,13.5,194.4,2.7,57,0.55,0,2,4,plain,alluvial,good,1.471,low
SEG-0005,2026-08-08,19.9,26.9,138.6,2.7,57,0.55,0,2,4,plain,alluvial,good,1.95,low
SEG-0005,2026-08-09,14.1,37.2,111.8,2.7,57,0.55,0,2,4,plain,alluvial,good,2.045,low
SEG-0005,2026-08-10,10.7,44.7,77.5,2.7,57,0.55,0,2,4,plain,alluvial,good,2.088,low
SEG-0005,2026-08-11,21.6,46.4,79.8,2.7,57,0.55,0,2,4,plain,alluvial,good,2.324,low
SEG-0005,2026-08-12,1.1,33.4,74.4,2.7,57,0.55,0,2,4,plain,alluvial,good,1.622,low
SEG-0005,2026-08-13,13.4,36.1,84.0,2.7,57,0.55,0,2,4,plain,alluvial,good,1.928,low
SEG-0005,2026-08-14,14.6,29.1,95.4,2.7,57,0.55,0,2,4,plain,alluvial,good,1.798,low
SEG-0005,2026-08-15,9.7,37.7,85.2,2.7,57,0.55,0,2,4,plain,alluvial,good,1.91,low
SEG-0005,2026-08-16,3.9,28.2,75.0,2.7,57,0.55,0,2,4,plain,alluvial,good,1.536,low
SEG-0005,2026-08-17,18.3,31.9,82.6,2.7,57,0.55,0,2,4,plain,alluvial,good,1.898,low
SEG-0005,2026-08-18,7.5,29.7,68.5,2.7,57,0.55,0,2,4,plain,alluvial,good,1.619,low
SEG-0005,2026-08-19,16.0,41.8,83.4,2.7,57,0.55,0,2,4,plain,alluvial,good,2.119,low
SEG-0005,2026-08-20,0.3,23.8,70.3,2.7,57,0.55,0,2,4,plain,alluvial,good,1.348,low
SEG-0005,2026-08-21,18.2,34.5,73.9,2.7,57,0.55,0,2,4,plain,alluvial,good,1.94,low
SEG-0005,2026-08-22,12.4,30.9,76.6,2.7,57,0.55,0,2,4,plain,alluvial,good,1.755,low
SEG-0005,2026-08-23,6.7,37.3,79.4,2.7,57,0.55,0,2,4,plain,alluvial,good,1.833,low
SEG-0005,2026-08-24,2.1,21.2,63.2,2.7,57,0.55,0,2,4,plain,alluvial,good,1.291,low
SEG-0005,2026-08-25,20.9,29.7,76.6,2.7,57,0.55,0,2,4,plain,alluvial,good,1.869,low
SEG-0005,2026-08-26,10.8,33.8,71.4,2.7,57,0.55,0,2,4,plain,alluvial,good,1.789,low
SEG-0005,2026-08-27,21.0,52.7,92.1,2.7,57,0.55,0,2,4,plain,alluvial,good,2.511,low
SEG-0005,2026-08-28,7.9,39.7,81.8,2.7,57,0.55,0,2,4,plain,alluvial,good,1.922,low
SEG-0005,2026-08-29,14.6,43.5,84.0,2.7,57,0.55,0,2,4,plain,alluvial,good,2.141,low
SEG-0005,2026-08-30,2.8,25.3,80.1,2.7,57,0.55,0,2,4,plain,alluvial,good,1.456,low
SEG-0005,2026-08-31,19.2,36.6,97.2,2.7,57,0.55,0,2,4,plain,alluvial,good,2.076,low
SEG-0005,2026-09-01,2.2,24.2,78.5,2.7,57,0.55,0,2,4,plain,alluvial,good,1.413,low
SEG-0005,2026-09-02,36.0,57.4,103.7,2.7,57,0.55,0,2,4,plain,alluvial,good,2.92,low
SEG-0005,2026-09-03,17.5,55.7,100.2,2.7,57,0.55,0,2,4,plain,alluvial,good,2.552,low
SEG-0005,2026-09-04,9.1,62.6,101.4,2.7,57,0.55,0,2,4,plain,alluvial,good,2.592,low
SEG-0005,2026-09-05,10.1,36.7,96.9,2.7,57,0.55,0,2,4,plain,alluvial,good,1.923,low
SEG-0005,2026-09-06,6.5,25.7,100.6,2.7,57,0.55,0,2,4,plain,alluvial,good,1.586,low
SEG-0005,2026-09-07,2.3,18.9,83.7,2.7,57,0.55,0,2,4,plain,alluvial,good,1.291,low
SEG-0005,2026-09-08,9.2,18.0,90.7,2.7,57,0.55,0,2,4,plain,alluvial,good,1.404,low
SEG-0005,2026-09-09,10.0,21.5,64.7,2.7,57,0.55,0,2,4,plain,alluvial,good,1.438,low
SEG-0005,2026-09-10,6.3,25.5,53.5,2.7,57,0.55,0,2,4,plain,alluvial,good,1.448,low
SEG-0005,2026-09-11,3.9,20.2,48.3,2.7,57,0.55,0,2,4,plain,alluvial,good,1.255,low
SEG-0005,2026-09-12,27.2,37.4,65.4,2.7,57,0.55,0,2,4,plain,alluvial,good,2.145,low
SEG-0005,2026-09-13,25.0,56.1,83.9,2.7,57,0.55,0,2,4,plain,alluvial,good,2.645,low
SEG-0005,2026-09-14,28.3,80.5,109.9,2.7,57,0.55,0,2,4,plain,alluvial,good,3.407,low
SEG-0005,2026-09-15,8.9,62.2,109.6,2.7,57,0.55,0,2,4,plain,alluvial,good,2.601,low
SEG-0005,2026-09-16,5.6,42.8,105.2,2.7,57,0.55,0,2,4,plain,alluvial,good,2.028,low
SEG-0006,2026-05-20,14.1,14.1,14.1,1.5,69,1.95,1,0,4,plain,alluvial,fair,1.151,low
SEG-0006,2026-05-21,4.6,18.7,18.7,1.5,69,1.95,1,0,4,plain,alluvial,fair,1.122,low
SEG-0006,2026-05-22,48.1,66.8,66.8,1.5,69,1.95,1,0,4,plain,alluvial,fair,3.244,low
SEG-0006,2026-05-23,31.6,84.3,98.4,1.5,69,1.95,1,0,4,plain,alluvial,fair,3.506,low
SEG-0006,2026-05-24,13.3,93.0,111.7,1.5,69,1.95,1,0,4,plain,alluvial,fair,3.457,low
SEG-0006,2026-05-25,11.6,56.5,123.3,1.5,69,1.95,1,0,4,plain,alluvial,fair,2.511,low
SEG-0006,2026-05-26,13.0,37.9,136.3,1.5,69,1.95,1,0,4,plain,alluvial,fair,2.087,low
SEG-0006,2026-05-27,11.5,36.1,133.7,1.5,69,1.95,1,0,4,plain,alluvial,fair,2.008,low
SEG-0006,2026-05-28,3.6,28.1,132.7,1.5,69,1.95,1,0,4,plain,alluvial,fair,1.663,low
SEG-0006,2026-05-29,3.0,18.1,87.6,1.5,69,1.95,1,0,4,plain,alluvial,fair,1.269,low
SEG-0006,2026-05-30,1.2,7.8,57.2,1.5,69,1.95,1,0,4,plain,alluvial,fair,0.887,low
SEG-0006,2026-05-31,9.9,14.1,53.8,1.5,69,1.95,1,0,4,plain,alluvial,fair,1.189,low
SEG-0006,2026-06-01,51.1,62.2,93.3,1.5,69,1.95,1,0,4,plain,alluvial,fair,3.249,low
SEG-0006,2026-06-02,39.3,100.3,119.6,1.5,69,1.95,1,0,4,plain,alluvial,fair,4.111,low
SEG-0006,2026-06-03,52.2,142.6,160.3,1.5,69,1.95,1,0,4,plain,alluvial,fair,5.949,low
SEG-0006,2026-06-04,14.0,105.5,170.7,1.5,69,1.95,1,0,4,plain,alluvial,fair,3.956,low
SEG-0006,2026-06-05,3.9,70.1,171.6,1.5,69,1.95,1,0,4,plain,alluvial,fair,2.867,low
SEG-0006,2026-06-06,2.0,19.9,172.4,1.5,69,1.95,1,0,4,plain,alluvial,fair,1.532,low
SEG-0006,2026-06-07,18.0,23.9,180.5,1.5,69,1.95,1,0,4,plain,alluvial,fair,1.93,low
SEG-0006,2026-06-08,8.3,28.3,137.7,1.5,69,1.95,1,0,4,plain,alluvial,fair,1.762,low
SEG-0006,2026-06-09,9.3,35.6,107.7,1.5,69,1.95,1,0,4,plain,alluvial,fair,1.886,low
SEG-0006,2026-06-10,17.0,34.6,72.5,1.5,69,1.95,1,0,4,plain,alluvial,fair,1.894,low
SEG-0006,2026-06-11,25.2,51.5,83.7,1.5,69,1.95,1,0,4,plain,alluvial,fair,2.504,low
SEG-0006,2026-06-12,16.0,58.2,95.8,1.5,69,1.95,1,0,4,plain,alluvial,fair,2.555,low
SEG-0006,2026-06-13,25.9,67.1,119.7,1.5,69,1.95,1,0,4,plain,alluvial,fair,3.02,low
SEG-0006,2026-06-14,13.8,55.7,115.5,1.5,69,1.95,1,0,4,plain,alluvial,fair,2.506,low
SEG-0006,2026-06-15,17.9,57.6,125.1,1.5,69,1.95,1,0,4,plain,alluvial,fair,2.652,low
SEG-0006,2026-06-16,10.2,41.9,126.0,1.5,69,1.95,1,0,4,plain,alluvial,fair,2.115,low
SEG-0006,2026-06-17,2.1,30.2,111.1,1.5,69,1.95,1,0,4,plain,alluvial,fair,1.632,low
SEG-0006,2026-06-18,3.4,15.7,89.3,1.5,69,1.95,1,0,4,plain,alluvial,fair,1.218,low
SEG-0006,2026-06-19,3.4,8.9,76.7,1.5,69,1.95,1,0,4,plain,alluvial,fair,1.006,low
SEG-0006,2026-06-20,17.7,24.5,68.5,1.5,69,1.95,1,0,4,plain,alluvial,fair,1.632,low
SEG-0006,2026-06-21,20.2,41.3,74.9,1.5,69,1.95,1,0,4,plain,alluvial,fair,2.129,low
SEG-0006,2026-06-22,13.4,51.3,70.4,1.5,69,1.95,1,0,4,plain,alluvial,fair,2.261,low
SEG-0006,2026-06-23,16.3,49.9,76.5,1.5,69,1.95,1,0,4,plain,alluvial,fair,2.291,low
SEG-0006,2026-06-24,23.8,53.5,98.2,1.5,69,1.95,1,0,4,plain,alluvial,fair,2.572,low
SEG-0006,2026-06-25,16.1,56.2,110.9,1.5,69,1.95,1,0,4,plain,alluvial,fair,2.546,low
SEG-0006,2026-06-26,20.7,60.6,128.2,1.5,69,1.95,1,0,4,plain,alluvial,fair,2.786,low
SEG-0006,2026-06-27,20.3,57.1,130.8,1.5,69,1.95,1,0,4,plain,alluvial,fair,2.695,low
SEG-0006,2026-06-28,15.9,56.9,126.5,1.5,69,1.95,1,0,4,plain,alluvial,fair,2.604,low
SEG-0006,2026-06-29,18.8,55.0,131.9,1.5,69,1.95,1,0,4,plain,alluvial,fair,2.618,low
SEG-0006,2026-06-30,13.5,48.2,129.1,1.5,69,1.95,1,0,4,plain,alluvial,fair,2.344,low
SEG-0006,2026-07-01,26.8,59.1,132.1,1.5,69,1.95,1,0,4,plain,alluvial,fair,2.862,low
SEG-0006,2026-07-02,46.8,87.1,162.8,1.5,69,1.95,1,0,4,plain,alluvial,fair,4.014,low
SEG-0006,2026-07-03,33.3,106.9,175.4,1.5,69,1.95,1,0,4,plain,alluvial,fair,4.334,low
SEG-0006,2026-07-04,12.9,93.0,168.0,1.5,69,1.95,1,0,4,plain,alluvial,fair,3.605,low
SEG-0006,2026-07-05,21.0,67.2,173.1,1.5,69,1.95,1,0,4,plain,alluvial,fair,3.086,low
SEG-0006,2026-07-06,85.3,119.2,239.6,1.5,69,1.95,1,0,4,plain,alluvial,fair,5.714,low
SEG-0006,2026-07-07,46.2,152.5,272.3,1.5,69,1.95,1,0,4,plain,alluvial,fair,6.59,medium
SEG-0006,2026-07-08,28.9,160.4,274.4,1.5,69,1.95,1,0,4,plain,alluvial,fair,6.65,medium
SEG-0006,2026-07-09,10.4,85.5,238.0,1.5,69,1.95,1,0,4,plain,alluvial,fair,3.56,low
SEG-0006,2026-07-10,47.8,87.1,252.5,1.5,69,1.95,1,0,4,plain,alluvial,fair,4.278,low
SEG-0006,2026-07-11,31.0,89.2,270.6,1.5,69,1.95,1,0,4,plain,alluvial,fair,4.096,low
SEG-0006,2026-07-12,53.4,132.2,303.0,1.5,69,1.95,1,0,4,plain,alluvial,fair,5.904,low
SEG-0006,2026-07-13,19.7,104.1,237.4,1.5,69,1.95,1,0,4,plain,alluvial,fair,4.2,low
SEG-0006,2026-07-14,27.2,100.3,218.4,1.5,69,1.95,1,0,4,plain,alluvial,fair,4.177,low
SEG-0006,2026-07-15,8.9,55.8,198.4,1.5,69,1.95,1,0,4,plain,alluvial,fair,2.654,low
SEG-0006,2026-07-16,8.2,44.3,196.2,1.5,69,1.95,1,0,4,plain,alluvial,fair,2.337,low
SEG-0006,2026-07-17,12.6,29.7,161.0,1.5,69,1.95,1,0,4,plain,alluvial,fair,1.935,low
SEG-0006,2026-07-18,20.0,40.8,150.0,1.5,69,1.95,1,0,4,plain,alluvial,fair,2.319,low
SEG-0006,2026-07-19,12.4,45.0,109.0,1.5,69,1.95,1,0,4,plain,alluvial,fair,2.187,low
SEG-0006,2026-07-20,8.5,40.9,97.8,1.5,69,1.95,1,0,4,plain,alluvial,fair,1.983,low
SEG-0006,2026-07-21,21.0,41.9,91.6,1.5,69,1.95,1,0,4,plain,alluvial,fair,2.204,low
SEG-0006,2026-07-22,1.7,31.2,84.4,1.5,69,1.95,1,0,4,plain,alluvial,fair,1.578,low
SEG-0006,2026-07-23,0.9,23.6,77.1,1.5,69,1.95,1,0,4,plain,alluvial,fair,1.347,low
SEG-0006,2026-07-24,18.6,21.2,83.1,1.5,69,1.95,1,0,4,plain,alluvial,fair,1.602,low
SEG-0006,2026-07-25,10.7,30.2,73.8,1.5,69,1.95,1,0,4,plain,alluvial,fair,1.676,low
SEG-0006,2026-07-26,8.0,37.3,69.4,1.5,69,1.95,1,0,4,plain,alluvial,fair,1.803,low
SEG-0006,2026-07-27,3.4,22.1,64.3,1.5,69,1.95,1,0,4,plain,alluvial,fair,1.315,low
SEG-0006,2026-07-28,28.8,40.2,72.1,1.5,69,1.95,1,0,4,plain,alluvial,fair,2.239,low
SEG-0006,2026-07-29,28.7,60.9,99.1,1.5,69,1.95,1,0,4,plain,alluvial,fair,2.85,low
SEG-0006,2026-07-30,15.9,73.4,114.1,1.5,69,1.95,1,0,4,plain,alluvial,fair,2.999,low
SEG-0006,2026-07-31,5.0,49.6,100.5,1.5,69,1.95,1,0,4,plain,alluvial,fair,2.157,low
SEG-0006,2026-08-01,10.9,31.8,100.7,1.5,69,1.95,1,0,4,plain,alluvial,fair,1.795,low
SEG-0006,2026-08-02,19.5,35.4,112.2,1.5,69,1.95,1,0,4,plain,alluvial,fair,2.067,low
SEG-0006,2026-08-03,9.0,39.4,117.8,1.5,69,1.95,1,0,4,plain,alluvial,fair,2.007,low
SEG-0006,2026-08-04,11.4,39.9,100.4,1.5,69,1.95,1,0,4,plain,alluvial,fair,2.013,low
SEG-0006,2026-08-05,2.8,23.2,74.5,1.5,69,1.95,1,0,4,plain,alluvial,fair,1.362,low
SEG-0006,2026-08-06,3.6,17.8,62.2,1.5,69,1.95,1,0,4,plain,alluvial,fair,1.201,low
SEG-0006,2026-08-07,1.7,8.1,58.9,1.5,69,1.95,1,0,4,plain,alluvial,fair,0.908,low
SEG-0006,2026-08-08,2.1,7.4,50.1,1.5,69,1.95,1,0,4,plain,alluvial,fair,0.872,low
SEG-0006,2026-08-09,19.9,23.7,50.5,1.5,69,1.95,1,0,4,plain,alluvial,fair,1.599,low
SEG-0006,2026-08-10,71.7,93.7,113.2,1.5,69,1.95,1,0,4,plain,alluvial,fair,4.472,low
SEG-0006,2026-08-11,22.8,114.4,124.6,1.5,69,1.95,1,0,4,plain,alluvial,fair,4.211,low
SEG-0006,2026-08-12,28.2,122.7,150.0,1.5,69,1.95,1,0,4,plain,alluvial,fair,4.637,low
SEG-0006,2026-08-13,26.0,77.0,172.4,1.5,69,1.95,1,0,4,plain,alluvial,fair,3.424,low
SEG-0006,2026-08-14,7.1,61.3,177.8,1.5,69,1.95,1,0,4,plain,alluvial,fair,2.71,low
SEG-0006,2026-08-15,2.3,35.4,178.0,1.5,69,1.95,1,0,4,plain,alluvial,fair,1.955,low
SEG-0006,2026-08-16,76.2,85.6,234.3,1.5,69,1.95,1,0,4,plain,alluvial,fair,4.671,low
SEG-0006,2026-08-17,45.3,123.8,207.9,1.5,69,1.95,1,0,4,plain,alluvial,fair,5.135,low
SEG-0006,2026-08-18,33.7,155.2,218.8,1.5,69,1.95,1,0,4,plain,alluvial,fair,6.349,low
SEG-0006,2026-08-19,5.3,84.3,195.9,1.5,69,1.95,1,0,4,plain,alluvial,fair,3.327,low
SEG-0006,2026-08-20,14.8,53.8,184.7,1.5,69,1.95,1,0,4,plain,alluvial,fair,2.664,low
SEG-0006,2026-08-21,8.1,28.2,185.7,1.5,69,1.95,1,0,4,plain,alluvial,fair,1.888,low
SEG-0006,2026-08-22,6.4,29.3,189.8,1.5,69,1.95,1,0,4,plain,alluvial,fair,1.899,low
SEG-0006,2026-08-23,13.5,28.0,127.1,1.5,69,1.95,1,0,4,plain,alluvial,fair,1.813,low
SEG-0006,2026-08-24,8.1,28.0,89.9,1.5,69,1.95,1,0,4,plain,alluvial,fair,1.619,low
SEG-0006,2026-08-25,50.6,72.2,106.8,1.5,69,1.95,1,0,4,plain,alluvial,fair,3.537,low
SEG-0006,2026-08-26,30.2,88.9,131.7,1.5,69,1.95,1,0,4,plain,alluvial,fair,3.693,low
SEG-0006,2026-08-27,29.5,110.3,146.4,1.5,69,1.95,1,0,4,plain,alluvial,fair,4.278,low
SEG-0006,2026-08-28,29.5,89.2,167.8,1.5,69,1.95,1,0,4,plain,alluvial,fair,3.788,low
SEG-0006,2026-08-29,17.6,76.6,179.0,1.5,69,1.95,1,0,4,plain,alluvial,fair,3.289,low
SEG-0006,2026-08-30,17.3,64.4,182.8,1.5,69,1.95,1,0,4,plain,alluvial,fair,2.977,low
SEG-0006,2026-08-31,13.9,48.8,188.6,1.5,69,1.95,1,0,4,plain,alluvial,fair,2.53,low
SEG-0006,2026-09-01,27.6,58.8,165.6,1.5,69,1.95,1,0,4,plain,alluvial,fair,2.959,low
SEG-0006,2026-09-02,22.4,63.9,157.8,1.5,69,1.95,1,0,4,plain,alluvial,fair,2.982,low
SEG-0006,2026-09-03,16.4,66.4,144.7,1.5,69,1.95,1,0,4,plain,alluvial,fair,2.909,low
SEG-0006,2026-09-04,24.4,63.2,139.6,1.5,69,1.95,1,0,4,plain,alluvial,fair,2.948,low
SEG-0006,2026-09-05,11.8,52.6,133.8,1.5,69,1.95,1,0,4,plain,alluvial,fair,2.442,low
SEG-0006,2026-09-06,3.8,40.0,120.3,1.5,69,1.95,1,0,4,plain,alluvial,fair,1.941,low
SEG-0006,2026-09-07,3.2,18.8,109.6,1.5,69,1.95,1,0,4,plain,alluvial,fair,1.351,low
SEG-0006,2026-09-08,4.2,11.2,86.2,1.5,69,1.95,1,0,4,plain,alluvial,fair,1.106,low
SEG-0006,2026-09-09,14.6,22.0,78.4,1.5,69,1.95,1,0,4,plain,alluvial,fair,1.542,low
SEG-0006,2026-09-10,6.8,25.6,68.8,1.5,69,1.95,1,0,4,plain,alluvial,fair,1.476,low
SEG-0006,2026-09-11,10.7,32.1,55.1,1.5,69,1.95,1,0,4,plain,alluvial,fair,1.674,low
SEG-0006,2026-09-12,8.1,25.6,51.4,1.5,69,1.95,1,0,4,plain,alluvial,fair,1.451,low
SEG-0006,2026-09-13,11.8,30.6,59.4,1.5,69,1.95,1,0,4,plain,alluvial,fair,1.666,low
SEG-0006,2026-09-14,13.5,33.4,69.7,1.5,69,1.95,1,0,4,plain,alluvial,fair,1.796,low
SEG-0006,2026-09-15,13.9,39.2,79.4,1.5,69,1.95,1,0,4,plain,alluvial,fair,1.98,low
SEG-0006,2026-09-16,14.0,41.4,78.8,1.5,69,1.95,1,0,4,plain,alluvial,fair,2.037,low
SEG-0007,2026-05-20,16.2,16.2,16.2,1.6,84,2.55,0,2,4,plain,alluvial,fair,0.919,low
SEG-0007,2026-05-21,4.2,20.4,20.4,1.6,84,2.55,0,2,4,plain,alluvial,fair,0.836,low
SEG-0007,2026-05-22,3.3,23.7,23.7,1.6,84,2.55,0,2,4,plain,alluvial,fair,0.915,low
SEG-0007,2026-05-23,3.7,11.2,27.4,1.6,84,2.55,0,2,4,plain,alluvial,fair,0.607,low
SEG-0007,2026-05-24,16.4,23.4,43.8,1.6,84,2.55,0,2,4,plain,alluvial,fair,1.185,low
SEG-0007,2026-05-25,1.9,22.0,45.7,1.6,84,2.55,0,2,4,plain,alluvial,fair,0.908,low
SEG-0007,2026-05-26,12.1,30.4,57.8,1.6,84,2.55,0,2,4,plain,alluvial,fair,1.333,low
SEG-0007,2026-05-27,10.3,24.3,51.9,1.6,84,2.55,0,2,4,plain,alluvial,fair,1.127,low
SEG-0007,2026-05-28,14.7,37.1,62.4,1.6,84,2.55,0,2,4,plain,alluvial,fair,1.564,low
SEG-0007,2026-05-29,3.1,28.1,62.2,1.6,84,2.55,0,2,4,plain,alluvial,fair,1.132,low
SEG-0007,2026-05-30,1.5,19.3,60.0,1.6,84,2.55,0,2,4,plain,alluvial,fair,0.87,low
SEG-0007,2026-05-31,16.8,21.4,60.4,1.6,84,2.55,0,2,4,plain,alluvial,fair,1.186,low
SEG-0007,2026-06-01,3.2,21.5,61.7,1.6,84,2.55,0,2,4,plain,alluvial,fair,0.961,low
SEG-0007,2026-06-02,7.2,27.2,56.8,1.6,84,2.55,0,2,4,plain,alluvial,fair,1.164,low
SEG-0007,2026-06-03,10.7,21.1,57.2,1.6,84,2.55,0,2,4,plain,alluvial,fair,1.066,low
SEG-0007,2026-06-04,13.1,31.0,55.6,1.6,84,2.55,0,2,4,plain,alluvial,fair,1.359,low
SEG-0007,2026-06-05,42.8,66.6,95.3,1.6,84,2.55,0,2,4,plain,alluvial,fair,2.899,low
SEG-0007,2026-06-06,44.9,100.8,138.7,1.6,84,2.55,0,2,4,plain,alluvial,fair,3.943,low
SEG-0007,2026-06-07,40.2,127.9,162.1,1.6,84,2.55,0,2,4,plain,alluvial,fair,4.775,low
SEG-0007,2026-06-08,50.4,135.5,209.3,1.6,84,2.55,0,2,4,plain,alluvial,fair,5.412,low
SEG-0007,2026-06-09,3.1,93.7,205.2,1.6,84,2.55,0,2,4,plain,alluvial,fair,3.231,low
SEG-0007,2026-06-10,17.4,70.9,211.9,1.6,84,2.55,0,2,4,plain,alluvial,fair,2.9,low
SEG-0007,2026-06-11,10.3,30.8,209.1,1.6,84,2.55,0,2,4,plain,alluvial,fair,1.729,low
SEG-0007,2026-06-12,12.4,40.1,178.7,1.6,84,2.55,0,2,4,plain,alluvial,fair,1.923,low
SEG-0007,2026-06-13,10.0,32.7,143.8,1.6,84,2.55,0,2,4,plain,alluvial,fair,1.593,low
SEG-0007,2026-06-14,3.4,25.8,107.0,1.6,84,2.55,0,2,4,plain,alluvial,fair,1.201,low
SEG-0007,2026-06-15,10.0,23.4,66.6,1.6,84,2.55,0,2,4,plain,alluvial,fair,1.139,low
SEG-0007,2026-06-16,6.2,19.6,69.7,1.6,84,2.55,0,2,4,plain,alluvial,fair,0.984,low
SEG-0007,2026-06-17,4.5,20.7,56.8,1.6,84,2.55,0,2,4,plain,alluvial,fair,0.949,low
SEG-0007,2026-06-18,11.1,21.8,57.6,1.6,84,2.55,0,2,4,plain,alluvial,fair,1.092,low
SEG-0007,2026-06-19,8.5,24.1,53.7,1.6,84,2.55,0,2,4,plain,alluvial,fair,1.097,low
SEG-0007,2026-06-20,21.4,41.0,65.1,1.6,84,2.55,0,2,4,plain,alluvial,fair,1.787,low
SEG-0007,2026-06-21,16.8,46.7,78.5,1.6,84,2.55,0,2,4,plain,alluvial,fair,1.893,low
SEG-0007,2026-06-22,7.8,46.0,76.3,1.6,84,2.55,0,2,4,plain,alluvial,fair,1.716,low
SEG-0007,2026-06-23,15.2,39.8,85.3,1.6,84,2.55,0,2,4,plain,alluvial,fair,1.706,low
SEG-0007,2026-06-24,9.2,32.2,90.0,1.6,84,2.55,0,2,4,plain,alluvial,fair,1.419,low
SEG-0007,2026-06-25,8.3,32.7,87.2,1.6,84,2.55,0,2,4,plain,alluvial,fair,1.409,low
SEG-0007,2026-06-26,23.2,40.7,101.9,1.6,84,2.55,0,2,4,plain,alluvial,fair,1.911,low
SEG-0007,2026-06-27,21.7,53.2,102.2,1.6,84,2.55,0,2,4,plain,alluvial,fair,2.211,low
SEG-0007,2026-06-28,23.9,68.8,109.3,1.6,84,2.55,0,2,4,plain,alluvial,fair,2.673,low
SEG-0007,2026-06-29,6.3,51.9,107.8,1.6,84,2.55,0,2,4,plain,alluvial,fair,1.931,low
SEG-0007,2026-06-30,24.0,54.2,116.6,1.6,84,2.55,0,2,4,plain,alluvial,fair,2.316,low
SEG-0007,2026-07-01,19.8,50.1,127.2,1.6,84,2.55,0,2,4,plain,alluvial,fair,2.167,low
SEG-0007,2026-07-02,9.0,52.8,127.9,1.6,84,2.55,0,2,4,plain,alluvial,fair,2.055,low
SEG-0007,2026-07-03,7.9,36.7,112.6,1.6,84,2.55,0,2,4,plain,alluvial,fair,1.576,low
SEG-0007,2026-07-04,1.2,18.1,92.1,1.6,84,2.55,0,2,4,plain,alluvial,fair,0.922,low
SEG-0007,2026-07-05,8.6,17.7,76.8,1.6,84,2.55,0,2,4,plain,alluvial,fair,0.995,low
SEG-0007,2026-07-06,11.4,21.2,81.9,1.6,84,2.55,0,2,4,plain,alluvial,fair,1.148,low
SEG-0007,2026-07-07,3.5,23.5,61.4,1.6,84,2.55,0,2,4,plain,alluvial,fair,1.017,low
SEG-0007,2026-07-08,2.6,17.5,44.2,1.6,84,2.55,0,2,4,plain,alluvial,fair,0.799,low
SEG-0007,2026-07-09,23.2,29.3,58.4,1.6,84,2.55,0,2,4,plain,alluvial,fair,1.495,low
SEG-0007,2026-07-10,7.9,33.7,58.4,1.6,84,2.55,0,2,4,plain,alluvial,fair,1.349,low
SEG-0007,2026-07-11,3.3,34.4,60.5,1.6,84,2.55,0,2,4,plain,alluvial,fair,1.295,low
SEG-0007,2026-07-12,4.2,15.4,56.1,1.6,84,2.55,0,2,4,plain,alluvial,fair,0.804,low
SEG-0007,2026-07-13,1.0,8.5,45.7,1.6,84,2.55,0,2,4,plain,alluvial,fair,0.541,low
SEG-0007,2026-07-14,7.3,12.5,49.5,1.6,84,2.55,0,2,4,plain,alluvial,fair,0.763,low
SEG-0007,2026-07-15,15.4,23.7,62.3,1.6,84,2.55,0,2,4,plain,alluvial,fair,1.227,low
SEG-0007,2026-07-16,26.5,49.2,65.6,1.6,84,2.55,0,2,4,plain,alluvial,fair,2.088,low
SEG-0007,2026-07-17,4.6,46.5,62.3,1.6,84,2.55,0,2,4,plain,alluvial,fair,1.636,low
SEG-0007,2026-07-18,7.9,39.0,66.9,1.6,84,2.55,0,2,4,plain,alluvial,fair,1.51,low
SEG-0007,2026-07-19,9.6,22.1,72.3,1.6,84,2.55,0,2,4,plain,alluvial,fair,1.114,low
SEG-0007,2026-07-20,1.9,19.4,73.2,1.6,84,2.55,0,2,4,plain,alluvial,fair,0.916,low
SEG-0007,2026-07-21,22.0,33.5,87.9,1.6,84,2.55,0,2,4,plain,alluvial,fair,1.665,low
SEG-0007,2026-07-22,84.7,108.6,157.2,1.6,84,2.55,0,2,4,plain,alluvial,fair,4.874,low
SEG-0007,2026-07-23,60.3,167.0,191.0,1.6,84,2.55,0,2,4,plain,alluvial,fair,6.916,medium
SEG-0007,2026-07-24,9.2,154.2,195.6,1.6,84,2.55,0,2,4,plain,alluvial,fair,5.497,low
SEG-0007,2026-07-25,23.0,92.5,210.7,1.6,84,2.55,0,2,4,plain,alluvial,fair,3.553,low
SEG-0007,2026-07-26,25.5,57.7,226.6,1.6,84,2.55,0,2,4,plain,alluvial,fair,2.735,low
SEG-0007,2026-07-27,26.1,74.6,250.8,1.6,84,2.55,0,2,4,plain,alluvial,fair,3.251,low
SEG-0007,2026-07-28,12.4,64.0,241.2,1.6,84,2.55,0,2,4,plain,alluvial,fair,2.716,low
SEG-0007,2026-07-29,20.7,59.2,177.2,1.6,84,2.55,0,2,4,plain,alluvial,fair,2.556,low
SEG-0007,2026-07-30,20.6,53.7,137.5,1.6,84,2.55,0,2,4,plain,alluvial,fair,2.302,low
SEG-0007,2026-07-31,3.8,45.1,132.1,1.6,84,2.55,0,2,4,plain,alluvial,fair,1.778,low
SEG-0007,2026-08-01,9.2,33.6,118.3,1.6,84,2.55,0,2,4,plain,alluvial,fair,1.533,low
SEG-0007,2026-08-02,20.0,33.0,112.8,1.6,84,2.55,0,2,4,plain,alluvial,fair,1.686,low
SEG-0007,2026-08-03,7.1,36.3,93.8,1.6,84,2.55,0,2,4,plain,alluvial,fair,1.5,low
SEG-0007,2026-08-04,5.7,32.8,87.1,1.6,84,2.55,0,2,4,plain,alluvial,fair,1.367,low
SEG-0007,2026-08-05,22.0,34.8,88.4,1.6,84,2.55,0,2,4,plain,alluvial,fair,1.7,low
SEG-0007,2026-08-06,58.9,86.6,126.7,1.6,84,2.55,0,2,4,plain,alluvial,fair,3.779,low
SEG-0007,2026-08-07,44.2,125.1,167.1,1.6,84,2.55,0,2,4,plain,alluvial,fair,4.733,low
SEG-0007,2026-08-08,30.5,133.6,188.4,1.6,84,2.55,0,2,4,plain,alluvial,fair,4.933,low
SEG-0007,2026-08-09,6.9,81.6,175.3,1.6,84,2.55,0,2,4,plain,alluvial,fair,2.899,low
SEG-0007,2026-08-10,9.5,46.9,177.7,1.6,84,2.55,0,2,4,plain,alluvial,fair,2.047,low
SEG-0007,2026-08-11,9.6,26.0,181.6,1.6,84,2.55,0,2,4,plain,alluvial,fair,1.516,low
SEG-0007,2026-08-12,20.4,39.5,180.0,1.6,84,2.55,0,2,4,plain,alluvial,fair,2.047,low
SEG-0007,2026-08-13,10.4,40.4,131.5,1.6,84,2.55,0,2,4,plain,alluvial,fair,1.767,low
SEG-0007,2026-08-14,9.7,40.5,97.0,1.6,84,2.55,0,2,4,plain,alluvial,fair,1.662,low
SEG-0007,2026-08-15,3.3,23.4,69.8,1.6,84,2.55,0,2,4,plain,alluvial,fair,1.034,low
SEG-0007,2026-08-16,18.2,31.2,81.1,1.6,84,2.55,0,2,4,plain,alluvial,fair,1.521,low
SEG-0007,2026-08-17,43.2,64.7,114.8,1.6,84,2.55,0,2,4,plain,alluvial,fair,2.91,low
SEG-0007,2026-08-18,30.2,91.6,135.4,1.6,84,2.55,0,2,4,plain,alluvial,fair,3.445,low
SEG-0007,2026-08-19,45.2,118.6,160.2,1.6,84,2.55,0,2,4,plain,alluvial,fair,4.47,low
SEG-0007,2026-08-20,39.7,115.1,189.5,1.6,84,2.55,0,2,4,plain,alluvial,fair,4.366,low
SEG-0007,2026-08-21,1.0,85.9,180.8,1.6,84,2.55,0,2,4,plain,alluvial,fair,2.925,low
SEG-0007,2026-08-22,17.6,58.3,195.1,1.6,84,2.55,0,2,4,plain,alluvial,fair,2.529,low
SEG-0007,2026-08-23,16.4,35.0,193.3,1.6,84,2.55,0,2,4,plain,alluvial,fair,1.898,low
SEG-0007,2026-08-24,17.0,51.0,167.1,1.6,84,2.55,0,2,4,plain,alluvial,fair,2.252,low
SEG-0007,2026-08-25,14.3,47.7,151.2,1.6,84,2.55,0,2,4,plain,alluvial,fair,2.077,low
SEG-0007,2026-08-26,20.4,51.7,126.4,1.6,84,2.55,0,2,4,plain,alluvial,fair,2.216,low
SEG-0007,2026-08-27,4.4,39.1,91.1,1.6,84,2.55,0,2,4,plain,alluvial,fair,1.52,low
SEG-0007,2026-08-28,9.3,34.1,99.4,1.6,84,2.55,0,2,4,plain,alluvial,fair,1.496,low
SEG-0007,2026-08-29,21.5,35.2,103.3,1.6,84,2.55,0,2,4,plain,alluvial,fair,1.743,low
SEG-0007,2026-08-30,14.3,45.1,101.2,1.6,84,2.55,0,2,4,plain,alluvial,fair,1.872,low
SEG-0007,2026-08-31,21.7,57.5,105.9,1.6,84,2.55,0,2,4,plain,alluvial,fair,2.333,low
SEG-0007,2026-09-01,8.4,44.4,100.0,1.6,84,2.55,0,2,4,plain,alluvial,fair,1.75,low
SEG-0007,2026-09-02,11.0,41.1,90.6,1.6,84,2.55,0,2,4,plain,alluvial,fair,1.683,low
SEG-0007,2026-09-03,46.1,65.5,132.3,1.6,84,2.55,0,2,4,plain,alluvial,fair,3.028,low
SEG-0007,2026-09-04,30.5,87.6,153.5,1.6,84,2.55,0,2,4,plain,alluvial,fair,3.396,low
SEG-0007,2026-09-05,26.1,102.7,158.1,1.6,84,2.55,0,2,4,plain,alluvial,fair,3.726,low
SEG-0007,2026-09-06,18.5,75.1,162.3,1.6,84,2.55,0,2,4,plain,alluvial,fair,2.891,low
SEG-0007,2026-09-07,0.1,44.7,140.7,1.6,84,2.55,0,2,4,plain,alluvial,fair,1.729,low
SEG-0007,2026-09-08,14.8,33.4,147.1,1.6,84,2.55,0,2,4,plain,alluvial,fair,1.702,low
SEG-0007,2026-09-09,10.3,25.2,146.4,1.6,84,2.55,0,2,4,plain,alluvial,fair,1.411,low
SEG-0007,2026-09-10,51.3,76.4,151.6,1.6,84,2.55,0,2,4,plain,alluvial,fair,3.453,low
SEG-0007,2026-09-11,17.8,79.4,138.9,1.6,84,2.55,0,2,4,plain,alluvial,fair,2.927,low
SEG-0007,2026-09-12,28.9,98.0,141.7,1.6,84,2.55,0,2,4,plain,alluvial,fair,3.607,low
SEG-0007,2026-09-13,23.0,69.7,146.2,1.6,84,2.55,0,2,4,plain,alluvial,fair,2.783,low
SEG-0007,2026-09-14,20.4,72.3,166.5,1.6,84,2.55,0,2,4,plain,alluvial,fair,2.862,low
SEG-0007,2026-09-15,6.6,50.0,158.3,1.6,84,2.55,0,2,4,plain,alluvial,fair,2.025,low
SEG-0007,2026-09-16,0.6,27.6,148.6,1.6,84,2.55,0,2,4,plain,alluvial,fair,1.314,low
SEG-0008,2026-05-20,6.8,6.8,6.8,5.3,90,1.07,1,0,4,plain,alluvial,fair,2.097,low
SEG-0008,2026-05-21,0.2,7.0,7.0,5.3,90,1.07,1,0,4,plain,alluvial,fair,1.99,low
SEG-0008,2026-05-22,9.3,16.3,16.3,5.3,90,1.07,1,0,4,plain,alluvial,fair,2.412,low
SEG-0008,2026-05-23,1.9,11.4,18.2,5.3,90,1.07,1,0,4,plain,alluvial,fair,2.164,low
SEG-0008,2026-05-24,13.6,24.8,31.8,5.3,90,1.07,1,0,4,plain,alluvial,fair,2.749,low
SEG-0008,2026-05-25,14.2,29.7,46.0,5.3,90,1.07,1,0,4,plain,alluvial,fair,2.926,low
SEG-0008,2026-05-26,5.6,33.4,51.6,5.3,90,1.07,1,0,4,plain,alluvial,fair,2.891,low
SEG-0008,2026-05-27,5.2,25.0,50.0,5.3,90,1.07,1,0,4,plain,alluvial,fair,2.661,low
SEG-0008,2026-05-28,44.3,55.1,94.1,5.3,90,1.07,1,0,4,plain,alluvial,fair,4.23,low
SEG-0008,2026-05-29,32.0,81.5,116.8,5.3,90,1.07,1,0,4,plain,alluvial,fair,4.77,low
SEG-0008,2026-05-30,16.4,92.7,131.3,5.3,90,1.07,1,0,4,plain,alluvial,fair,4.836,low
SEG-0008,2026-05-31,15.7,64.1,133.4,5.3,90,1.07,1,0,4,plain,alluvial,fair,4.086,low
SEG-0008,2026-06-01,15.7,47.8,134.9,5.3,90,1.07,1,0,4,plain,alluvial,fair,3.666,low
SEG-0008,2026-06-02,3.0,34.4,132.3,5.3,90,1.07,1,0,4,plain,alluvial,fair,3.095,low
SEG-0008,2026-06-03,22.5,41.2,149.6,5.3,90,1.07,1,0,4,plain,alluvial,fair,3.651,low
SEG-0008,2026-06-04,11.7,37.2,117.0,5.3,90,1.07,1,0,4,plain,alluvial,fair,3.273,low
SEG-0008,2026-06-05,17.7,51.9,102.7,5.3,90,1.07,1,0,4,plain,alluvial,fair,3.718,low
SEG-0008,2026-06-06,1.9,31.3,88.2,5.3,90,1.07,1,0,4,plain,alluvial,fair,2.874,low
SEG-0008,2026-06-07,26.0,45.6,98.5,5.3,90,1.07,1,0,4,plain,alluvial,fair,3.684,low
SEG-0008,2026-06-08,19.2,47.1,102.0,5.3,90,1.07,1,0,4,plain,alluvial,fair,3.617,low
SEG-0008,2026-06-09,10.0,55.2,109.0,5.3,90,1.07,1,0,4,plain,alluvial,fair,3.69,low
SEG-0008,2026-06-10,3.1,32.3,89.6,5.3,90,1.07,1,0,4,plain,alluvial,fair,2.924,low
SEG-0008,2026-06-11,19.9,33.0,97.8,5.3,90,1.07,1,0,4,plain,alluvial,fair,3.251,low
SEG-0008,2026-06-12,6.1,29.1,86.2,5.3,90,1.07,1,0,4,plain,alluvial,fair,2.883,low
SEG-0008,2026-06-13,0.8,26.8,85.1,5.3,90,1.07,1,0,4,plain,alluvial,fair,2.73,low
SEG-0008,2026-06-14,1.8,8.7,60.9,5.3,90,1.07,1,0,4,plain,alluvial,fair,2.21,low
SEG-0008,2026-06-15,1.2,3.8,42.9,5.3,90,1.07,1,0,4,plain,alluvial,fair,2.023,low
SEG-0008,2026-06-16,26.2,29.2,59.1,5.3,90,1.07,1,0,4,plain,alluvial,fair,3.153,low
SEG-0008,2026-06-17,21.6,49.0,77.6,5.3,90,1.07,1,0,4,plain,alluvial,fair,3.64,low
SEG-0008,2026-06-18,7.3,55.1,65.0,5.3,90,1.07,1,0,4,plain,alluvial,fair,3.521,low
SEG-0008,2026-06-19,14.7,43.6,73.6,5.3,90,1.07,1,0,4,plain,alluvial,fair,3.371,low
SEG-0008,2026-06-20,18.4,40.4,91.2,5.3,90,1.07,1,0,4,plain,alluvial,fair,3.4,low
SEG-0008,2026-06-21,5.9,39.0,95.3,5.3,90,1.07,1,0,4,plain,alluvial,fair,3.162,low
SEG-0008,2026-06-22,11.0,35.3,105.1,5.3,90,1.07,1,0,4,plain,alluvial,fair,3.179,low
SEG-0008,2026-06-23,90.1,107.0,169.0,5.3,90,1.07,1,0,4,plain,alluvial,fair,6.564,low
SEG-0008,2026-06-24,46.4,147.5,193.8,5.3,90,1.07,1,0,4,plain,alluvial,fair,7.437,medium
SEG-0008,2026-06-25,47.9,184.4,234.4,5.3,90,1.07,1,0,4,plain,alluvial,fair,9.198,medium
SEG-0008,2026-06-26,0.4,94.7,220.1,5.3,90,1.07,1,0,4,plain,alluvial,fair,4.86,low
SEG-0008,2026-06-27,6.4,54.7,208.1,5.3,90,1.07,1,0,4,plain,alluvial,fair,3.889,low
SEG-0008,2026-06-28,10.0,16.8,212.2,5.3,90,1.07,1,0,4,plain,alluvial,fair,2.976,low
SEG-0008,2026-06-29,2.6,19.0,203.8,5.3,90,1.07,1,0,4,plain,alluvial,fair,2.884,low
SEG-0008,2026-06-30,10.9,23.5,124.6,5.3,90,1.07,1,0,4,plain,alluvial,fair,2.924,low
SEG-0008,2026-07-01,16.7,30.2,94.9,5.3,90,1.07,1,0,4,plain,alluvial,fair,3.116,low
SEG-0008,2026-07-02,14.4,42.0,61.4,5.3,90,1.07,1,0,4,plain,alluvial,fair,3.291,low
SEG-0008,2026-07-03,18.5,49.6,79.5,5.3,90,1.07,1,0,4,plain,alluvial,fair,3.608,low
SEG-0008,2026-07-04,14.1,47.0,87.2,5.3,90,1.07,1,0,4,plain,alluvial,fair,3.487,low
SEG-0008,2026-07-05,104.6,137.2,181.8,5.3,90,1.07,1,0,4,plain,alluvial,fair,7.94,medium
SEG-0008,2026-07-06,36.3,155.0,215.5,5.3,90,1.07,1,0,4,plain,alluvial,fair,7.655,medium
SEG-0008,2026-07-07,19.2,160.1,223.8,5.3,90,1.07,1,0,4,plain,alluvial,fair,7.612,medium
SEG-0008,2026-07-08,0.3,55.8,207.4,5.3,90,1.07,1,0,4,plain,alluvial,fair,3.812,low
SEG-0008,2026-07-09,19.4,38.9,212.4,5.3,90,1.07,1,0,4,plain,alluvial,fair,3.711,low
SEG-0008,2026-07-10,5.5,25.2,199.4,5.3,90,1.07,1,0,4,plain,alluvial,fair,3.083,low
SEG-0008,2026-07-11,11.7,36.6,197.0,5.3,90,1.07,1,0,4,plain,alluvial,fair,3.478,low
SEG-0008,2026-07-12,18.8,36.0,111.2,5.3,90,1.07,1,0,4,plain,alluvial,fair,3.347,low
SEG-0008,2026-07-13,1.6,32.1,76.5,5.3,90,1.07,1,0,4,plain,alluvial,fair,2.858,low
SEG-0008,2026-07-14,16.3,36.7,73.6,5.3,90,1.07,1,0,4,plain,alluvial,fair,3.219,low
SEG-0008,2026-07-15,25.0,42.9,98.3,5.3,90,1.07,1,0,4,plain,alluvial,fair,3.596,low
SEG-0008,2026-07-16,25.9,67.2,104.8,5.3,90,1.07,1,0,4,plain,alluvial,fair,4.261,low
SEG-0008,2026-07-17,16.9,67.8,116.2,5.3,90,1.07,1,0,4,plain,alluvial,fair,4.155,low
SEG-0008,2026-07-18,6.9,49.7,111.4,5.3,90,1.07,1,0,4,plain,alluvial,fair,3.501,low
SEG-0008,2026-07-19,4.0,27.8,96.6,5.3,90,1.07,1,0,4,plain,alluvial,fair,2.842,low
SEG-0008,2026-07-20,59.7,70.6,154.7,5.3,90,1.07,1,0,4,plain,alluvial,fair,5.061,low
SEG-0008,2026-07-21,60.2,123.9,198.6,5.3,90,1.07,1,0,4,plain,alluvial,fair,6.647,medium
SEG-0008,2026-07-22,36.2,156.1,209.8,5.3,90,1.07,1,0,4,plain,alluvial,fair,7.686,medium
SEG-0008,2026-07-23,22.3,118.7,206.2,5.3,90,1.07,1,0,4,plain,alluvial,fair,5.818,low
SEG-0008,2026-07-24,22.6,81.1,211.9,5.3,90,1.07,1,0,4,plain,alluvial,fair,4.861,low
SEG-0008,2026-07-25,12.8,57.7,217.8,5.3,90,1.07,1,0,4,plain,alluvial,fair,4.102,low
SEG-0008,2026-07-26,14.8,50.2,228.6,5.3,90,1.07,1,0,4,plain,alluvial,fair,3.971,low
SEG-0008,2026-07-27,24.9,52.5,193.8,5.3,90,1.07,1,0,4,plain,alluvial,fair,4.107,low
SEG-0008,2026-07-28,28.6,68.3,162.2,5.3,90,1.07,1,0,4,plain,alluvial,fair,4.494,low
SEG-0008,2026-07-29,7.7,61.2,133.7,5.3,90,1.07,1,0,4,plain,alluvial,fair,3.875,low
SEG-0008,2026-07-30,10.4,46.7,121.8,5.3,90,1.07,1,0,4,plain,alluvial,fair,3.511,low
SEG-0008,2026-07-31,3.9,22.0,103.1,5.3,90,1.07,1,0,4,plain,alluvial,fair,2.707,low
SEG-0008,2026-08-01,9.7,24.0,100.0,5.3,90,1.07,1,0,4,plain,alluvial,fair,2.849,low
SEG-0008,2026-08-02,13.3,26.9,98.5,5.3,90,1.07,1,0,4,plain,alluvial,fair,2.982,low
SEG-0008,2026-08-03,16.2,39.2,89.8,5.3,90,1.07,1,0,4,plain,alluvial,fair,3.327,low
SEG-0008,2026-08-04,17.4,46.9,78.6,5.3,90,1.07,1,0,4,plain,alluvial,fair,3.517,low
SEG-0008,2026-08-05,16.9,50.5,87.8,5.3,90,1.07,1,0,4,plain,alluvial,fair,3.627,low
SEG-0008,2026-08-06,18.4,52.7,95.8,5.3,90,1.07,1,0,4,plain,alluvial,fair,3.732,low
SEG-0008,2026-08-07,6.7,42.0,98.6,5.3,90,1.07,1,0,4,plain,alluvial,fair,3.263,low
SEG-0008,2026-08-08,13.2,38.3,102.1,5.3,90,1.07,1,0,4,plain,alluvial,fair,3.286,low
SEG-0008,2026-08-09,0.8,20.7,89.6,5.3,90,1.07,1,0,4,plain,alluvial,fair,2.584,low
SEG-0008,2026-08-10,2.4,16.4,75.8,5.3,90,1.07,1,0,4,plain,alluvial,fair,2.461,low
SEG-0008,2026-08-11,14.2,17.4,72.6,5.3,90,1.07,1,0,4,plain,alluvial,fair,2.679,low
SEG-0008,2026-08-12,2.2,18.8,57.9,5.3,90,1.07,1,0,4,plain,alluvial,fair,2.471,low
SEG-0008,2026-08-13,8.3,24.7,47.8,5.3,90,1.07,1,0,4,plain,alluvial,fair,2.7,low
SEG-0008,2026-08-14,10.7,21.2,51.8,5.3,90,1.07,1,0,4,plain,alluvial,fair,2.661,low
SEG-0008,2026-08-15,7.7,26.7,46.3,5.3,90,1.07,1,0,4,plain,alluvial,fair,2.738,low
SEG-0008,2026-08-16,15.9,34.3,61.4,5.3,90,1.07,1,0,4,plain,alluvial,fair,3.116,low
SEG-0008,2026-08-17,65.8,89.4,124.8,5.3,90,1.07,1,0,4,plain,alluvial,fair,5.572,low
SEG-0008,2026-08-18,26.4,108.1,137.0,5.3,90,1.07,1,0,4,plain,alluvial,fair,5.422,low
SEG-0008,2026-08-19,32.1,124.3,166.9,5.3,90,1.07,1,0,4,plain,alluvial,fair,6.099,low
SEG-0008,2026-08-20,4.4,62.9,163.0,5.3,90,1.07,1,0,4,plain,alluvial,fair,3.944,low
SEG-0008,2026-08-21,17.9,54.4,170.2,5.3,90,1.07,1,0,4,plain,alluvial,fair,3.972,low
SEG-0008,2026-08-22,10.1,32.4,172.6,5.3,90,1.07,1,0,4,plain,alluvial,fair,3.274,low
SEG-0008,2026-08-23,13.5,41.5,170.2,5.3,90,1.07,1,0,4,plain,alluvial,fair,3.562,low
SEG-0008,2026-08-24,15.6,39.2,120.0,5.3,90,1.07,1,0,4,plain,alluvial,fair,3.4,low
SEG-0008,2026-08-25,6.7,35.8,100.3,5.3,90,1.07,1,0,4,plain,alluvial,fair,3.106,low
SEG-0008,2026-08-26,8.5,30.8,76.7,5.3,90,1.07,1,0,4,plain,alluvial,fair,2.942,low
SEG-0008,2026-08-27,12.3,27.5,84.6,5.3,90,1.07,1,0,4,plain,alluvial,fair,2.942,low
SEG-0008,2026-08-28,80.5,101.3,147.2,5.3,90,1.07,1,0,4,plain,alluvial,fair,6.193,low
SEG-0008,2026-08-29,38.3,131.1,175.4,5.3,90,1.07,1,0,4,plain,alluvial,fair,6.527,medium
SEG-0008,2026-08-30,26.2,145.0,188.1,5.3,90,1.07,1,0,4,plain,alluvial,fair,6.968,medium
SEG-0008,2026-08-31,6.4,70.9,178.9,5.3,90,1.07,1,0,4,plain,alluvial,fair,4.23,low
SEG-0008,2026-09-01,8.8,41.4,181.0,5.3,90,1.07,1,0,4,plain,alluvial,fair,3.509,low
SEG-0008,2026-09-02,11.7,26.9,184.2,5.3,90,1.07,1,0,4,plain,alluvial,fair,3.19,low
SEG-0008,2026-09-03,3.8,24.3,175.7,5.3,90,1.07,1,0,4,plain,alluvial,fair,2.965,low
SEG-0008,2026-09-04,50.0,65.5,145.2,5.3,90,1.07,1,0,4,plain,alluvial,fair,4.738,low
SEG-0008,2026-09-05,27.6,81.4,134.5,5.3,90,1.07,1,0,4,plain,alluvial,fair,4.741,low
SEG-0008,2026-09-06,0.9,78.5,109.2,5.3,90,1.07,1,0,4,plain,alluvial,fair,4.142,low
SEG-0008,2026-09-07,4.4,32.9,107.2,5.3,90,1.07,1,0,4,plain,alluvial,fair,3.011,low
SEG-0008,2026-09-08,14.8,20.1,113.2,5.3,90,1.07,1,0,4,plain,alluvial,fair,2.871,low
SEG-0008,2026-09-09,13.3,32.5,114.8,5.3,90,1.07,1,0,4,plain,alluvial,fair,3.172,low
SEG-0008,2026-09-10,7.5,35.6,118.5,5.3,90,1.07,1,0,4,plain,alluvial,fair,3.164,low
SEG-0008,2026-09-11,13.5,34.3,82.0,5.3,90,1.07,1,0,4,plain,alluvial,fair,3.132,low
SEG-0008,2026-09-12,14.6,35.6,69.0,5.3,90,1.07,1,0,4,plain,alluvial,fair,3.149,low
SEG-0008,2026-09-13,7.0,35.1,75.1,5.3,90,1.07,1,0,4,plain,alluvial,fair,3.024,low
SEG-0008,2026-09-14,6.6,28.2,77.3,5.3,90,1.07,1,0,4,plain,alluvial,fair,2.843,low
SEG-0008,2026-09-15,8.7,22.3,71.2,5.3,90,1.07,1,0,4,plain,alluvial,fair,2.709,low
SEG-0008,2026-09-16,12.0,27.3,69.9,5.3,90,1.07,1,0,4,plain,alluvial,fair,2.892,low
SEG-0009,2026-05-20,6.8,6.8,6.8,2.4,93,1.26,1,0,4,plain,alluvial,good,1.163,low
SEG-0009,2026-05-21,0.2,7.0,7.0,2.4,93,1.26,1,0,4,plain,alluvial,good,1.056,low
SEG-0009,2026-05-22,9.3,16.3,16.3,2.4,93,1.26,1,0,4,plain,alluvial,good,1.479,low
SEG-0009,2026-05-23,1.9,11.4,18.2,2.4,93,1.26,1,0,4,plain,alluvial,good,1.231,low
SEG-0009,2026-05-24,13.6,24.8,31.8,2.4,93,1.26,1,0,4,plain,alluvial,good,1.815,low
SEG-0009,2026-05-25,14.2,29.7,46.0,2.4,93,1.26,1,0,4,plain,alluvial,good,1.992,low
SEG-0009,2026-05-26,5.6,33.4,51.6,2.4,93,1.26,1,0,4,plain,alluvial,good,1.957,low
SEG-0009,2026-05-27,5.2,25.0,50.0,2.4,93,1.26,1,0,4,plain,alluvial,good,1.728,low
SEG-0009,2026-05-28,44.3,55.1,94.1,2.4,93,1.26,1,0,4,plain,alluvial,good,3.296,low
SEG-0009,2026-05-29,32.0,81.5,116.8,2.4,93,1.26,1,0,4,plain,alluvial,good,3.836,low
SEG-0009,2026-05-30,16.4,92.7,131.3,2.4,93,1.26,1,0,4,plain,alluvial,good,3.902,low
SEG-0009,2026-05-31,15.7,64.1,133.4,2.4,93,1.26,1,0,4,plain,alluvial,good,3.152,low
SEG-0009,2026-06-01,15.7,47.8,134.9,2.4,93,1.26,1,0,4,plain,alluvial,good,2.733,low
SEG-0009,2026-06-02,3.0,34.4,132.3,2.4,93,1.26,1,0,4,plain,alluvial,good,2.161,low
SEG-0009,2026-06-03,22.5,41.2,149.6,2.4,93,1.26,1,0,4,plain,alluvial,good,2.717,low
SEG-0009,2026-06-04,11.7,37.2,117.0,2.4,93,1.26,1,0,4,plain,alluvial,good,2.34,low
SEG-0009,2026-06-05,17.7,51.9,102.7,2.4,93,1.26,1,0,4,plain,alluvial,good,2.785,low
SEG-0009,2026-06-06,1.9,31.3,88.2,2.4,93,1.26,1,0,4,plain,alluvial,good,1.941,low
SEG-0009,2026-06-07,26.0,45.6,98.5,2.4,93,1.26,1,0,4,plain,alluvial,good,2.75,low
SEG-0009,2026-06-08,19.2,47.1,102.0,2.4,93,1.26,1,0,4,plain,alluvial,good,2.683,low
SEG-0009,2026-06-09,10.0,55.2,109.0,2.4,93,1.26,1,0,4,plain,alluvial,good,2.757,low
SEG-0009,2026-06-10,3.1,32.3,89.6,2.4,93,1.26,1,0,4,plain,alluvial,good,1.991,low
SEG-0009,2026-06-11,19.9,33.0,97.8,2.4,93,1.26,1,0,4,plain,alluvial,good,2.317,low
SEG-0009,2026-06-12,6.1,29.1,86.2,2.4,93,1.26,1,0,4,plain,alluvial,good,1.949,low
SEG-0009,2026-06-13,0.8,26.8,85.1,2.4,93,1.26,1,0,4,plain,alluvial,good,1.796,low
SEG-0009,2026-06-14,1.8,8.7,60.9,2.4,93,1.26,1,0,4,plain,alluvial,good,1.276,low
SEG-0009,2026-06-15,1.2,3.8,42.9,2.4,93,1.26,1,0,4,plain,alluvial,good,1.089,low
SEG-0009,2026-06-16,26.2,29.2,59.1,2.4,93,1.26,1,0,4,plain,alluvial,good,2.219,low
SEG-0009,2026-06-17,21.6,49.0,77.6,2.4,93,1.26,1,0,4,plain,alluvial,good,2.706,low
SEG-0009,2026-06-18,7.3,55.1,65.0,2.4,93,1.26,1,0,4,plain,alluvial,good,2.587,low
SEG-0009,2026-06-19,14.7,43.6,73.6,2.4,93,1.26,1,0,4,plain,alluvial,good,2.438,low
SEG-0009,2026-06-20,18.4,40.4,91.2,2.4,93,1.26,1,0,4,plain,alluvial,good,2.466,low
SEG-0009,2026-06-21,5.9,39.0,95.3,2.4,93,1.26,1,0,4,plain,alluvial,good,2.228,low
SEG-0009,2026-06-22,11.0,35.3,105.1,2.4,93,1.26,1,0,4,plain,alluvial,good,2.246,low
SEG-0009,2026-06-23,90.1,107.0,169.0,2.4,93,1.26,1,0,4,plain,alluvial,good,5.63,low
SEG-0009,2026-06-24,46.4,147.5,193.8,2.4,93,1.26,1,0,4,plain,alluvial,good,6.504,low
SEG-0009,2026-06-25,47.9,184.4,234.4,2.4,93,1.26,1,0,4,plain,alluvial,good,8.264,medium
SEG-0009,2026-06-26,0.4,94.7,220.1,2.4,93,1.26,1,0,4,plain,alluvial,good,3.926,low
SEG-0009,2026-06-27,6.4,54.7,208.1,2.4,93,1.26,1,0,4,plain,alluvial,good,2.955,low
SEG-0009,2026-06-28,10.0,16.8,212.2,2.4,93,1.26,1,0,4,plain,alluvial,good,2.042,low
SEG-0009,2026-06-29,2.6,19.0,203.8,2.4,93,1.26,1,0,4,plain,alluvial,good,1.95,low
SEG-0009,2026-06-30,10.9,23.5,124.6,2.4,93,1.26,1,0,4,plain,alluvial,good,1.991,low
SEG-0009,2026-07-01,16.7,30.2,94.9,2.4,93,1.26,1,0,4,plain,alluvial,good,2.182,low
SEG-0009,2026-07-02,14.4,42.0,61.4,2.4,93,1.26,1,0,4,plain,alluvial,good,2.357,low
SEG-0009,2026-07-03,18.5,49.6,79.5,2.4,93,1.26,1,0,4,plain,alluvial,good,2.675,low
SEG-0009,2026-07-04,14.1,47.0,87.2,2.4,93,1.26,1,0,4,plain,alluvial,good,2.553,low
SEG-0009,2026-07-05,104.6,137.2,181.8,2.4,93,1.26,1,0,4,plain,alluvial,good,7.007,medium
SEG-0009,2026-07-06,36.3,155.0,215.5,2.4,93,1.26,1,0,4,plain,alluvial,good,6.722,medium
SEG-0009,2026-07-07,19.2,160.1,223.8,2.4,93,1.26,1,0,4,plain,alluvial,good,6.678,medium
SEG-0009,2026-07-08,0.3,55.8,207.4,2.4,93,1.26,1,0,4,plain,alluvial,good,2.878,low
SEG-0009,2026-07-09,19.4,38.9,212.4,2.4,93,1.26,1,0,4,plain,alluvial,good,2.777,low
SEG-0009,2026-07-10,5.5,25.2,199.4,2.4,93,1.26,1,0,4,plain,alluvial,good,2.149,low
SEG-0009,2026-07-11,11.7,36.6,197.0,2.4,93,1.26,1,0,4,plain,alluvial,good,2.544,low
SEG-0009,2026-07-12,18.8,36.0,111.2,2.4,93,1.26,1,0,4,plain,alluvial,good,2.413,low
SEG-0009,2026-07-13,1.6,32.1,76.5,2.4,93,1.26,1,0,4,plain,alluvial,good,1.924,low
SEG-0009,2026-07-14,16.3,36.7,73.6,2.4,93,1.26,1,0,4,plain,alluvial,good,2.286,low
SEG-0009,2026-07-15,25.0,42.9,98.3,2.4,93,1.26,1,0,4,plain,alluvial,good,2.663,low
SEG-0009,2026-07-16,25.9,67.2,104.8,2.4,93,1.26,1,0,4,plain,alluvial,good,3.328,low
SEG-0009,2026-07-17,16.9,67.8,116.2,2.4,93,1.26,1,0,4,plain,alluvial,good,3.222,low
SEG-0009,2026-07-18,6.9,49.7,111.4,2.4,93,1.26,1,0,4,plain,alluvial,good,2.568,low
SEG-0009,2026-07-19,4.0,27.8,96.6,2.4,93,1.26,1,0,4,plain,alluvial,good,1.908,low
SEG-0009,2026-07-20,59.7,70.6,154.7,2.4,93,1.26,1,0,4,plain,alluvial,good,4.128,low
SEG-0009,2026-07-21,60.2,123.9,198.6,2.4,93,1.26,1,0,4,plain,alluvial,good,5.713,low
SEG-0009,2026-07-22,36.2,156.1,209.8,2.4,93,1.26,1,0,4,plain,alluvial,good,6.753,medium
SEG-0009,2026-07-23,22.3,118.7,206.2,2.4,93,1.26,1,0,4,plain,alluvial,good,4.884,low
SEG-0009,2026-07-24,22.6,81.1,211.9,2.4,93,1.26,1,0,4,plain,alluvial,good,3.927,low
SEG-0009,2026-07-25,12.8,57.7,217.8,2.4,93,1.26,1,0,4,plain,alluvial,good,3.169,low
SEG-0009,2026-07-26,14.8,50.2,228.6,2.4,93,1.26,1,0,4,plain,alluvial,good,3.037,low
SEG-0009,2026-07-27,24.9,52.5,193.8,2.4,93,1.26,1,0,4,plain,alluvial,good,3.173,low
SEG-0009,2026-07-28,28.6,68.3,162.2,2.4,93,1.26,1,0,4,plain,alluvial,good,3.56,low
SEG-0009,2026-07-29,7.7,61.2,133.7,2.4,93,1.26,1,0,4,plain,alluvial,good,2.942,low
SEG-0009,2026-07-30,10.4,46.7,121.8,2.4,93,1.26,1,0,4,plain,alluvial,good,2.578,low
SEG-0009,2026-07-31,3.9,22.0,103.1,2.4,93,1.26,1,0,4,plain,alluvial,good,1.774,low
SEG-0009,2026-08-01,9.7,24.0,100.0,2.4,93,1.26,1,0,4,plain,alluvial,good,1.916,low
SEG-0009,2026-08-02,13.3,26.9,98.5,2.4,93,1.26,1,0,4,plain,alluvial,good,2.048,low
SEG-0009,2026-08-03,16.2,39.2,89.8,2.4,93,1.26,1,0,4,plain,alluvial,good,2.393,low
SEG-0009,2026-08-04,17.4,46.9,78.6,2.4,93,1.26,1,0,4,plain,alluvial,good,2.583,low
SEG-0009,2026-08-05,16.9,50.5,87.8,2.4,93,1.26,1,0,4,plain,alluvial,good,2.694,low
SEG-0009,2026-08-06,18.4,52.7,95.8,2.4,93,1.26,1,0,4,plain,alluvial,good,2.798,low
SEG-0009,2026-08-07,6.7,42.0,98.6,2.4,93,1.26,1,0,4,plain,alluvial,good,2.329,low
SEG-0009,2026-08-08,13.2,38.3,102.1,2.4,93,1.26,1,0,4,plain,alluvial,good,2.353,low
SEG-0009,2026-08-09,0.8,20.7,89.6,2.4,93,1.26,1,0,4,plain,alluvial,good,1.65,low
SEG-0009,2026-08-10,2.4,16.4,75.8,2.4,93,1.26,1,0,4,plain,alluvial,good,1.527,low
SEG-0009,2026-08-11,14.2,17.4,72.6,2.4,93,1.26,1,0,4,plain,alluvial,good,1.745,low
SEG-0009,2026-08-12,2.2,18.8,57.9,2.4,93,1.26,1,0,4,plain,alluvial,good,1.537,low
SEG-0009,2026-08-13,8.3,24.7,47.8,2.4,93,1.26,1,0,4,plain,alluvial,good,1.767,low
SEG-0009,2026-08-14,10.7,21.2,51.8,2.4,93,1.26,1,0,4,plain,alluvial,good,1.727,low
SEG-0009,2026-08-15,7.7,26.7,46.3,2.4,93,1.26,1,0,4,plain,alluvial,good,1.804,low
SEG-0009,2026-08-16,15.9,34.3,61.4,2.4,93,1.26,1,0,4,plain,alluvial,good,2.183,low
SEG-0009,2026-08-17,65.8,89.4,124.8,2.4,93,1.26,1,0,4,plain,alluvial,good,4.638,low
SEG-0009,2026-08-18,26.4,108.1,137.0,2.4,93,1.26,1,0,4,plain,alluvial,good,4.488,low
SEG-0009,2026-08-19,32.1,124.3,166.9,2.4,93,1.26,1,0,4,plain,alluvial,good,5.166,low
SEG-0009,2026-08-20,4.4,62.9,163.0,2.4,93,1.26,1,0,4,plain,alluvial,good,3.01,low
SEG-0009,2026-08-21,17.9,54.4,170.2,2.4,93,1.26,1,0,4,plain,alluvial,good,3.039,low
SEG-0009,2026-08-22,10.1,32.4,172.6,2.4,93,1.26,1,0,4,plain,alluvial,good,2.341,low
SEG-0009,2026-08-23,13.5,41.5,170.2,2.4,93,1.26,1,0,4,plain,alluvial,good,2.628,low
SEG-0009,2026-08-24,15.6,39.2,120.0,2.4,93,1.26,1,0,4,plain,alluvial,good,2.466,low
SEG-0009,2026-08-25,6.7,35.8,100.3,2.4,93,1.26,1,0,4,plain,alluvial,good,2.172,low
SEG-0009,2026-08-26,8.5,30.8,76.7,2.4,93,1.26,1,0,4,plain,alluvial,good,2.008,low
SEG-0009,2026-08-27,12.3,27.5,84.6,2.4,93,1.26,1,0,4,plain,alluvial,good,2.009,low
SEG-0009,2026-08-28,80.5,101.3,147.2,2.4,93,1.26,1,0,4,plain,alluvial,good,5.259,low
SEG-0009,2026-08-29,38.3,131.1,175.4,2.4,93,1.26,1,0,4,plain,alluvial,good,5.594,low
SEG-0009,2026-08-30,26.2,145.0,188.1,2.4,93,1.26,1,0,4,plain,alluvial,good,6.035,low
SEG-0009,2026-08-31,6.4,70.9,178.9,2.4,93,1.26,1,0,4,plain,alluvial,good,3.296,low
SEG-0009,2026-09-01,8.8,41.4,181.0,2.4,93,1.26,1,0,4,plain,alluvial,good,2.576,low
SEG-0009,2026-09-02,11.7,26.9,184.2,2.4,93,1.26,1,0,4,plain,alluvial,good,2.257,low
SEG-0009,2026-09-03,3.8,24.3,175.7,2.4,93,1.26,1,0,4,plain,alluvial,good,2.031,low
SEG-0009,2026-09-04,50.0,65.5,145.2,2.4,93,1.26,1,0,4,plain,alluvial,good,3.804,low
SEG-0009,2026-09-05,27.6,81.4,134.5,2.4,93,1.26,1,0,4,plain,alluvial,good,3.807,low
SEG-0009,2026-09-06,0.9,78.5,109.2,2.4,93,1.26,1,0,4,plain,alluvial,good,3.208,low
SEG-0009,2026-09-07,4.4,32.9,107.2,2.4,93,1.26,1,0,4,plain,alluvial,good,2.077,low
SEG-0009,2026-09-08,14.8,20.1,113.2,2.4,93,1.26,1,0,4,plain,alluvial,good,1.937,low
SEG-0009,2026-09-09,13.3,32.5,114.8,2.4,93,1.26,1,0,4,plain,alluvial,good,2.239,low
SEG-0009,2026-09-10,7.5,35.6,118.5,2.4,93,1.26,1,0,4,plain,alluvial,good,2.231,low
SEG-0009,2026-09-11,13.5,34.3,82.0,2.4,93,1.26,1,0,4,plain,alluvial,good,2.199,low
SEG-0009,2026-09-12,14.6,35.6,69.0,2.4,93,1.26,1,0,4,plain,alluvial,good,2.215,low
SEG-0009,2026-09-13,7.0,35.1,75.1,2.4,93,1.26,1,0,4,plain,alluvial,good,2.09,low
SEG-0009,2026-09-14,6.6,28.2,77.3,2.4,93,1.26,1,0,4,plain,alluvial,good,1.91,low
SEG-0009,2026-09-15,8.7,22.3,71.2,2.4,93,1.26,1,0,4,plain,alluvial,good,1.775,low
SEG-0009,2026-09-16,12.0,27.3,69.9,2.4,93,1.26,1,0,4,plain,alluvial,good,1.958,low
SEG-0010,2026-05-20,16.4,16.4,16.4,4.2,102,1.21,1,1,4,plain,alluvial,fair,2.476,low
SEG-0010,2026-05-21,3.6,20.0,20.0,4.2,102,1.21,1,1,4,plain,alluvial,fair,2.362,low
SEG-0010,2026-05-22,6.5,26.5,26.5,4.2,102,1.21,1,1,4,plain,alluvial,fair,2.598,low
SEG-0010,2026-05-23,5.1,15.2,31.6,4.2,102,1.21,1,1,4,plain,alluvial,fair,2.295,low
SEG-0010,2026-05-24,7.7,19.3,39.3,4.2,102,1.21,1,1,4,plain,alluvial,fair,2.467,low
SEG-0010,2026-05-25,35.6,48.4,74.9,4.2,102,1.21,1,1,4,plain,alluvial,fair,3.795,low
SEG-0010,2026-05-26,27.1,70.4,102.0,4.2,102,1.21,1,1,4,plain,alluvial,fair,4.298,low
SEG-0010,2026-05-27,18.6,81.3,104.2,4.2,102,1.21,1,1,4,plain,alluvial,fair,4.442,low
SEG-0010,2026-05-28,14.0,59.7,114.6,4.2,102,1.21,1,1,4,plain,alluvial,fair,3.831,low
SEG-0010,2026-05-29,12.9,45.5,121.0,4.2,102,1.21,1,1,4,plain,alluvial,fair,3.461,low
SEG-0010,2026-05-30,13.4,40.3,129.3,4.2,102,1.21,1,1,4,plain,alluvial,fair,3.357,low
SEG-0010,2026-05-31,8.8,35.1,130.4,4.2,102,1.21,1,1,4,plain,alluvial,fair,3.147,low
SEG-0010,2026-06-01,12.5,34.7,107.3,4.2,102,1.21,1,1,4,plain,alluvial,fair,3.136,low
SEG-0010,2026-06-02,20.9,42.2,101.1,4.2,102,1.21,1,1,4,plain,alluvial,fair,3.456,low
SEG-0010,2026-06-03,11.9,45.3,94.4,4.2,102,1.21,1,1,4,plain,alluvial,fair,3.366,low
SEG-0010,2026-06-04,0.3,33.1,80.7,4.2,102,1.21,1,1,4,plain,alluvial,fair,2.814,low
SEG-0010,2026-06-05,10.6,22.8,78.4,4.2,102,1.21,1,1,4,plain,alluvial,fair,2.715,low
SEG-0010,2026-06-06,24.3,35.2,89.3,4.2,102,1.21,1,1,4,plain,alluvial,fair,3.3,low
SEG-0010,2026-06-07,16.0,50.9,96.5,4.2,102,1.21,1,1,4,plain,alluvial,fair,3.587,low
SEG-0010,2026-06-08,5.0,45.3,89.0,4.2,102,1.21,1,1,4,plain,alluvial,fair,3.233,low
SEG-0010,2026-06-09,2.8,23.8,70.9,4.2,102,1.21,1,1,4,plain,alluvial,fair,2.587,low
SEG-0010,2026-06-10,1.8,9.6,60.8,4.2,102,1.21,1,1,4,plain,alluvial,fair,2.173,low
SEG-0010,2026-06-11,62.5,67.1,123.0,4.2,102,1.21,1,1,4,plain,alluvial,fair,4.871,low
SEG-0010,2026-06-12,55.7,120.0,168.1,4.2,102,1.21,1,1,4,plain,alluvial,fair,6.255,low
SEG-0010,2026-06-13,5.4,123.6,149.2,4.2,102,1.21,1,1,4,plain,alluvial,fair,5.506,low
SEG-0010,2026-06-14,15.2,76.3,148.4,4.2,102,1.21,1,1,4,plain,alluvial,fair,4.376,low
SEG-0010,2026-06-15,26.1,46.7,169.5,4.2,102,1.21,1,1,4,plain,alluvial,fair,3.85,low
SEG-0010,2026-06-16,15.0,56.3,181.7,4.2,102,1.21,1,1,4,plain,alluvial,fair,3.944,low
SEG-0010,2026-06-17,24.2,65.3,204.1,4.2,102,1.21,1,1,4,plain,alluvial,fair,4.396,low
SEG-0010,2026-06-18,22.4,61.6,164.0,4.2,102,1.21,1,1,4,plain,alluvial,fair,4.159,low
SEG-0010,2026-06-19,17.4,64.0,125.7,4.2,102,1.21,1,1,4,plain,alluvial,fair,4.031,low
SEG-0010,2026-06-20,4.2,44.0,124.5,4.2,102,1.21,1,1,4,plain,alluvial,fair,3.284,low
SEG-0010,2026-06-21,23.8,45.4,133.1,4.2,102,1.21,1,1,4,plain,alluvial,fair,3.677,low
SEG-0010,2026-06-22,19.9,47.9,126.9,4.2,102,1.21,1,1,4,plain,alluvial,fair,3.659,low
SEG-0010,2026-06-23,1.2,44.9,113.1,4.2,102,1.21,1,1,4,plain,alluvial,fair,3.225,low
SEG-0010,2026-06-24,10.5,31.6,99.4,4.2,102,1.21,1,1,4,plain,alluvial,fair,2.999,low
SEG-0010,2026-06-25,17.7,29.4,94.7,4.2,102,1.21,1,1,4,plain,alluvial,fair,3.052,low
SEG-0010,2026-06-26,11.5,39.7,88.8,4.2,102,1.21,1,1,4,plain,alluvial,fair,3.198,low
SEG-0010,2026-06-27,4.7,33.9,89.3,4.2,102,1.21,1,1,4,plain,alluvial,fair,2.933,low
SEG-0010,2026-06-28,50.1,66.3,115.6,4.2,102,1.21,1,1,4,plain,alluvial,fair,4.619,low
SEG-0010,2026-06-29,32.8,87.6,128.5,4.2,102,1.21,1,1,4,plain,alluvial,fair,4.914,low
SEG-0010,2026-06-30,47.6,130.5,174.9,4.2,102,1.21,1,1,4,plain,alluvial,fair,6.598,medium
SEG-0010,2026-07-01,93.4,173.8,257.8,4.2,102,1.21,1,1,4,plain,alluvial,fair,9.51,medium
SEG-0010,2026-07-02,42.5,183.5,282.6,4.2,102,1.21,1,1,4,plain,alluvial,fair,9.14,medium
SEG-0010,2026-07-03,36.0,171.9,307.1,4.2,102,1.21,1,1,4,plain,alluvial,fair,8.586,medium
SEG-0010,2026-07-04,12.0,90.5,314.4,4.2,102,1.21,1,1,4,plain,alluvial,fair,5.147,low
SEG-0010,2026-07-05,15.6,63.6,279.9,4.2,102,1.21,1,1,4,plain,alluvial,fair,4.414,low
SEG-0010,2026-07-06,11.6,39.2,258.7,4.2,102,1.21,1,1,4,plain,alluvial,fair,3.654,low
SEG-0010,2026-07-07,18.7,45.9,229.8,4.2,102,1.21,1,1,4,plain,alluvial,fair,3.869,low
SEG-0010,2026-07-08,28.3,58.6,164.7,4.2,102,1.21,1,1,4,plain,alluvial,fair,4.184,low
SEG-0010,2026-07-09,27.6,74.6,149.8,4.2,102,1.21,1,1,4,plain,alluvial,fair,4.547,low
SEG-0010,2026-07-10,20.0,75.9,133.8,4.2,102,1.21,1,1,4,plain,alluvial,fair,4.407,low
SEG-0010,2026-07-11,13.9,61.5,135.7,4.2,102,1.21,1,1,4,plain,alluvial,fair,3.934,low
SEG-0010,2026-07-12,6.7,40.6,126.8,4.2,102,1.21,1,1,4,plain,alluvial,fair,3.244,low
SEG-0010,2026-07-13,8.9,29.5,124.1,4.2,102,1.21,1,1,4,plain,alluvial,fair,2.985,low
SEG-0010,2026-07-14,8.6,24.2,114.0,4.2,102,1.21,1,1,4,plain,alluvial,fair,2.815,low
SEG-0010,2026-07-15,27.3,44.8,113.0,4.2,102,1.21,1,1,4,plain,alluvial,fair,3.666,low
SEG-0010,2026-07-16,15.0,50.9,100.4,4.2,102,1.21,1,1,4,plain,alluvial,fair,3.58,low
SEG-0010,2026-07-17,9.5,51.8,89.9,4.2,102,1.21,1,1,4,plain,alluvial,fair,3.481,low
SEG-0010,2026-07-18,19.8,44.3,95.8,4.2,102,1.21,1,1,4,plain,alluvial,fair,3.478,low
SEG-0010,2026-07-19,0.2,29.5,89.3,4.2,102,1.21,1,1,4,plain,alluvial,fair,2.742,low
SEG-0010,2026-07-20,5.9,25.9,86.3,4.2,102,1.21,1,1,4,plain,alluvial,fair,2.737,low
SEG-0010,2026-07-21,2.3,8.4,80.0,4.2,102,1.21,1,1,4,plain,alluvial,fair,2.203,low
SEG-0010,2026-07-22,7.2,15.4,59.9,4.2,102,1.21,1,1,4,plain,alluvial,fair,2.413,low
SEG-0010,2026-07-23,2.3,11.8,47.2,4.2,102,1.21,1,1,4,plain,alluvial,fair,2.202,low
SEG-0010,2026-07-24,21.2,30.7,58.9,4.2,102,1.21,1,1,4,plain,alluvial,fair,3.046,low
SEG-0010,2026-07-25,24.6,48.1,63.7,4.2,102,1.21,1,1,4,plain,alluvial,fair,3.57,low
SEG-0010,2026-07-26,7.4,53.2,70.9,4.2,102,1.21,1,1,4,plain,alluvial,fair,3.43,low
SEG-0010,2026-07-27,90.1,122.1,155.1,4.2,102,1.21,1,1,4,plain,alluvial,fair,6.897,medium
SEG-0010,2026-07-28,52.5,150.0,205.3,4.2,102,1.21,1,1,4,plain,alluvial,fair,7.623,medium
SEG-0010,2026-07-29,11.1,153.7,209.2,4.2,102,1.21,1,1,4,plain,alluvial,fair,7.093,medium
SEG-0010,2026-07-30,3.6,67.2,210.5,4.2,102,1.21,1,1,4,plain,alluvial,fair,4.113,low
SEG-0010,2026-07-31,21.7,36.4,211.0,4.2,102,1.21,1,1,4,plain,alluvial,fair,3.621,low
SEG-0010,2026-08-01,79.3,104.6,265.7,4.2,102,1.21,1,1,4,plain,alluvial,fair,6.524,low
SEG-0010,2026-08-02,37.8,138.8,296.1,4.2,102,1.21,1,1,4,plain,alluvial,fair,7.13,medium
SEG-0010,2026-08-03,33.4,150.5,239.4,4.2,102,1.21,1,1,4,plain,alluvial,fair,7.414,medium
SEG-0010,2026-08-04,0.3,71.5,187.2,4.2,102,1.21,1,1,4,plain,alluvial,fair,4.105,low
SEG-0010,2026-08-05,19.9,53.6,196.0,4.2,102,1.21,1,1,4,plain,alluvial,fair,3.997,low
SEG-0010,2026-08-06,6.7,26.9,199.1,4.2,102,1.21,1,1,4,plain,alluvial,fair,3.087,low
SEG-0010,2026-08-07,19.4,46.0,196.8,4.2,102,1.21,1,1,4,plain,alluvial,fair,3.793,low
SEG-0010,2026-08-08,3.2,29.3,120.7,4.2,102,1.21,1,1,4,plain,alluvial,fair,2.874,low
SEG-0010,2026-08-09,18.0,40.6,100.9,4.2,102,1.21,1,1,4,plain,alluvial,fair,3.365,low
SEG-0010,2026-08-10,16.2,37.4,83.7,4.2,102,1.21,1,1,4,plain,alluvial,fair,3.204,low
SEG-0010,2026-08-11,20.9,55.1,104.3,4.2,102,1.21,1,1,4,plain,alluvial,fair,3.801,low
SEG-0010,2026-08-12,16.8,53.9,101.2,4.2,102,1.21,1,1,4,plain,alluvial,fair,3.691,low
SEG-0010,2026-08-13,19.2,56.9,113.7,4.2,102,1.21,1,1,4,plain,alluvial,fair,3.844,low
SEG-0010,2026-08-14,12.9,48.9,107.2,4.2,102,1.21,1,1,4,plain,alluvial,fair,3.511,low
SEG-0010,2026-08-15,0.2,32.3,104.2,4.2,102,1.21,1,1,4,plain,alluvial,fair,2.856,low
SEG-0010,2026-08-16,59.6,72.7,145.8,4.2,102,1.21,1,1,4,plain,alluvial,fair,5.03,low
SEG-0010,2026-08-17,37.1,96.9,166.7,4.2,102,1.21,1,1,4,plain,alluvial,fair,5.334,low
SEG-0010,2026-08-18,28.0,124.7,173.8,4.2,102,1.21,1,1,4,plain,alluvial,fair,6.007,low
SEG-0010,2026-08-19,43.8,108.9,200.8,4.2,102,1.21,1,1,4,plain,alluvial,fair,5.854,low
SEG-0010,2026-08-20,20.4,92.2,202.0,4.2,102,1.21,1,1,4,plain,alluvial,fair,5.025,low
SEG-0010,2026-08-21,5.5,69.7,194.6,4.2,102,1.21,1,1,4,plain,alluvial,fair,4.167,low
SEG-0010,2026-08-22,0.1,26.0,194.5,4.2,102,1.21,1,1,4,plain,alluvial,fair,2.938,low
SEG-0010,2026-08-23,21.4,27.0,156.3,4.2,102,1.21,1,1,4,plain,alluvial,fair,3.222,low
SEG-0010,2026-08-24,17.5,39.0,136.7,4.2,102,1.21,1,1,4,plain,alluvial,fair,3.413,low
SEG-0010,2026-08-25,15.4,54.3,124.1,4.2,102,1.21,1,1,4,plain,alluvial,fair,3.741,low
SEG-0010,2026-08-26,19.3,52.2,99.6,4.2,102,1.21,1,1,4,plain,alluvial,fair,3.685,low
SEG-0010,2026-08-27,82.6,117.3,161.8,4.2,102,1.21,1,1,4,plain,alluvial,fair,6.625,medium
SEG-0010,2026-08-28,34.1,136.0,190.4,4.2,102,1.21,1,1,4,plain,alluvial,fair,6.653,medium
SEG-0010,2026-08-29,39.5,156.2,229.8,4.2,102,1.21,1,1,4,plain,alluvial,fair,7.742,medium
SEG-0010,2026-08-30,30.2,103.8,238.6,4.2,102,1.21,1,1,4,plain,alluvial,fair,5.594,low
SEG-0010,2026-08-31,14.8,84.5,235.9,4.2,102,1.21,1,1,4,plain,alluvial,fair,4.823,low
SEG-0010,2026-09-01,5.1,50.1,225.6,4.2,102,1.21,1,1,4,plain,alluvial,fair,3.736,low
SEG-0010,2026-09-02,14.0,33.9,220.3,4.2,102,1.21,1,1,4,plain,alluvial,fair,3.451,low
SEG-0010,2026-09-03,6.7,25.8,144.4,4.2,102,1.21,1,1,4,plain,alluvial,fair,2.908,low
SEG-0010,2026-09-04,9.1,29.8,119.4,4.2,102,1.21,1,1,4,plain,alluvial,fair,2.984,low
SEG-0010,2026-09-05,5.8,21.6,85.7,4.2,102,1.21,1,1,4,plain,alluvial,fair,2.622,low
SEG-0010,2026-09-06,6.5,21.4,62.0,4.2,102,1.21,1,1,4,plain,alluvial,fair,2.563,low
SEG-0010,2026-09-07,9.1,21.4,56.3,4.2,102,1.21,1,1,4,plain,alluvial,fair,2.592,low
SEG-0010,2026-09-08,4.6,20.2,55.8,4.2,102,1.21,1,1,4,plain,alluvial,fair,2.483,low
SEG-0010,2026-09-09,13.0,26.7,54.8,4.2,102,1.21,1,1,4,plain,alluvial,fair,2.792,low
SEG-0010,2026-09-10,4.2,21.8,52.3,4.2,102,1.21,1,1,4,plain,alluvial,fair,2.508,low
SEG-0010,2026-09-11,14.8,32.0,58.0,4.2,102,1.21,1,1,4,plain,alluvial,fair,2.969,low
SEG-0010,2026-09-12,14.3,33.3,66.5,4.2,102,1.21,1,1,4,plain,alluvial,fair,3.018,low
SEG-0010,2026-09-13,11.2,40.3,71.2,4.2,102,1.21,1,1,4,plain,alluvial,fair,3.16,low
SEG-0010,2026-09-14,35.3,60.8,97.4,4.2,102,1.21,1,1,4,plain,alluvial,fair,4.175,low
SEG-0010,2026-09-15,24.4,70.9,117.2,4.2,102,1.21,1,1,4,plain,alluvial,fair,4.306,low
SEG-0010,2026-09-16,22.1,81.8,126.3,4.2,102,1.21,1,1,4,plain,alluvial,fair,4.576,low
SEG-0011,2026-05-20,34.4,34.4,34.4,5.7,112,2.97,0,1,4,plain,alluvial,fair,2.279,low
SEG-0011,2026-05-21,35.2,69.6,69.6,5.7,112,2.97,0,1,4,plain,alluvial,fair,3.305,low
SEG-0011,2026-05-22,34.6,104.2,104.2,5.7,112,2.97,0,1,4,plain,alluvial,fair,4.289,low
SEG-0011,2026-05-23,11.3,81.1,115.5,5.7,112,2.97,0,1,4,plain,alluvial,fair,3.324,low
SEG-0011,2026-05-24,11.7,57.6,127.2,5.7,112,2.97,0,1,4,plain,alluvial,fair,2.752,low
SEG-0011,2026-05-25,2.3,25.3,129.5,5.7,112,2.97,0,1,4,plain,alluvial,fair,1.758,low
SEG-0011,2026-05-26,15.1,29.1,144.6,5.7,112,2.97,0,1,4,plain,alluvial,fair,2.116,low
SEG-0011,2026-05-27,2.5,19.9,112.7,5.7,112,2.97,0,1,4,plain,alluvial,fair,1.575,low
SEG-0011,2026-05-28,10.8,28.4,88.3,5.7,112,2.97,0,1,4,plain,alluvial,fair,1.87,low
SEG-0011,2026-05-29,32.1,45.4,85.8,5.7,112,2.97,0,1,4,plain,alluvial,fair,2.667,low
SEG-0011,2026-05-30,32.5,75.4,107.0,5.7,112,2.97,0,1,4,plain,alluvial,fair,3.513,low
SEG-0011,2026-05-31,4.9,69.5,100.2,5.7,112,2.97,0,1,4,plain,alluvial,fair,2.871,low
SEG-0011,2026-06-01,16.0,53.4,113.9,5.7,112,2.97,0,1,4,plain,alluvial,fair,2.679,low
SEG-0011,2026-06-02,6.3,27.2,105.1,5.7,112,2.97,0,1,4,plain,alluvial,fair,1.809,low
SEG-0011,2026-06-03,0.3,22.6,102.9,5.7,112,2.97,0,1,4,plain,alluvial,fair,1.581,low
SEG-0011,2026-06-04,14.4,21.0,106.5,5.7,112,2.97,0,1,4,plain,alluvial,fair,1.789,low
SEG-0011,2026-06-05,0.4,15.1,74.8,5.7,112,2.97,0,1,4,plain,alluvial,fair,1.311,low
SEG-0011,2026-06-06,18.8,33.6,61.1,5.7,112,2.97,0,1,4,plain,alluvial,fair,2.067,low
SEG-0011,2026-06-07,4.0,23.2,60.2,5.7,112,2.97,0,1,4,plain,alluvial,fair,1.542,low
SEG-0011,2026-06-08,8.6,31.4,52.8,5.7,112,2.97,0,1,4,plain,alluvial,fair,1.813,low
SEG-0011,2026-06-09,11.5,24.1,58.0,5.7,112,2.97,0,1,4,plain,alluvial,fair,1.687,low
SEG-0011,2026-06-10,16.1,36.2,73.8,5.7,112,2.97,0,1,4,plain,alluvial,fair,2.123,low
SEG-0011,2026-06-11,81.7,109.3,141.1,5.7,112,2.97,0,1,4,plain,alluvial,fair,5.324,low
SEG-0011,2026-06-12,47.8,145.6,188.5,5.7,112,2.97,0,1,4,plain,alluvial,fair,6.283,low
SEG-0011,2026-06-13,20.3,149.8,190.0,5.7,112,2.97,0,1,4,plain,alluvial,fair,6.004,low
SEG-0011,2026-06-14,15.2,83.3,201.2,5.7,112,2.97,0,1,4,plain,alluvial,fair,3.683,low
SEG-0011,2026-06-15,9.7,45.2,202.3,5.7,112,2.97,0,1,4,plain,alluvial,fair,2.602,low
SEG-0011,2026-06-16,13.4,38.3,204.2,5.7,112,2.97,0,1,4,plain,alluvial,fair,2.491,low
SEG-0011,2026-06-17,4.0,27.1,192.1,5.7,112,2.97,0,1,4,plain,alluvial,fair,2.006,low
SEG-0011,2026-06-18,11.1,28.5,121.5,5.7,112,2.97,0,1,4,plain,alluvial,fair,1.969,low
SEG-0011,2026-06-19,48.1,63.2,121.8,5.7,112,2.97,0,1,4,plain,alluvial,fair,3.501,low
SEG-0011,2026-06-20,27.7,86.9,129.2,5.7,112,2.97,0,1,4,plain,alluvial,fair,3.791,low
SEG-0011,2026-06-21,35.6,111.4,149.6,5.7,112,2.97,0,1,4,plain,alluvial,fair,4.618,low
SEG-0011,2026-06-22,19.5,82.8,159.4,5.7,112,2.97,0,1,4,plain,alluvial,fair,3.628,low
SEG-0011,2026-06-23,19.3,74.4,165.3,5.7,112,2.97,0,1,4,plain,alluvial,fair,3.422,low
SEG-0011,2026-06-24,61.2,100.0,222.5,5.7,112,2.97,0,1,4,plain,alluvial,fair,4.958,low
SEG-0011,2026-06-25,45.9,126.4,257.3,5.7,112,2.97,0,1,4,plain,alluvial,fair,5.595,low
SEG-0011,2026-06-26,33.4,140.5,242.6,5.7,112,2.97,0,1,4,plain,alluvial,fair,5.962,low
SEG-0011,2026-06-27,29.1,108.4,244.0,5.7,112,2.97,0,1,4,plain,alluvial,fair,4.69,low
SEG-0011,2026-06-28,25.7,88.2,234.1,5.7,112,2.97,0,1,4,plain,alluvial,fair,4.079,low
SEG-0011,2026-06-29,44.8,99.6,259.4,5.7,112,2.97,0,1,4,plain,alluvial,fair,4.77,low
SEG-0011,2026-06-30,53.8,124.3,293.9,5.7,112,2.97,0,1,4,plain,alluvial,fair,5.737,low
SEG-0011,2026-07-01,36.4,135.0,269.1,5.7,112,2.97,0,1,4,plain,alluvial,fair,5.844,low
SEG-0011,2026-07-02,32.3,122.5,255.5,5.7,112,2.97,0,1,4,plain,alluvial,fair,5.187,low
SEG-0011,2026-07-03,13.0,81.7,235.1,5.7,112,2.97,0,1,4,plain,alluvial,fair,3.697,low
SEG-0011,2026-07-04,20.3,65.6,226.3,5.7,112,2.97,0,1,4,plain,alluvial,fair,3.378,low
SEG-0011,2026-07-05,27.9,61.2,228.5,5.7,112,2.97,0,1,4,plain,alluvial,fair,3.399,low
SEG-0011,2026-07-06,27.4,75.6,211.1,5.7,112,2.97,0,1,4,plain,alluvial,fair,3.717,low
SEG-0011,2026-07-07,22.9,78.2,180.2,5.7,112,2.97,0,1,4,plain,alluvial,fair,3.623,low
SEG-0011,2026-07-08,11.5,61.8,155.3,5.7,112,2.97,0,1,4,plain,alluvial,fair,2.935,low
SEG-0011,2026-07-09,2.2,36.6,125.2,5.7,112,2.97,0,1,4,plain,alluvial,fair,2.039,low
SEG-0011,2026-07-10,24.4,38.1,136.6,5.7,112,2.97,0,1,4,plain,alluvial,fair,2.486,low
SEG-0011,2026-07-11,12.5,39.1,128.8,5.7,112,2.97,0,1,4,plain,alluvial,fair,2.289,low
SEG-0011,2026-07-12,26.2,63.1,127.1,5.7,112,2.97,0,1,4,plain,alluvial,fair,3.141,low
SEG-0011,2026-07-13,18.7,57.4,118.4,5.7,112,2.97,0,1,4,plain,alluvial,fair,2.841,low
SEG-0011,2026-07-14,12.1,57.0,107.6,5.7,112,2.97,0,1,4,plain,alluvial,fair,2.689,low
SEG-0011,2026-07-15,0.6,31.4,96.7,5.7,112,2.97,0,1,4,plain,alluvial,fair,1.798,low
SEG-0011,2026-07-16,16.3,29.0,110.8,5.7,112,2.97,0,1,4,plain,alluvial,fair,2.041,low
SEG-0011,2026-07-17,48.7,65.6,135.1,5.7,112,2.97,0,1,4,plain,alluvial,fair,3.61,low
SEG-0011,2026-07-18,60.4,125.4,183.0,5.7,112,2.97,0,1,4,plain,alluvial,fair,5.593,low
SEG-0011,2026-07-19,58.6,167.7,215.4,5.7,112,2.97,0,1,4,plain,alluvial,fair,7.513,medium
SEG-0011,2026-07-20,10.2,129.2,206.9,5.7,112,2.97,0,1,4,plain,alluvial,fair,4.973,low
SEG-0011,2026-07-21,20.1,88.9,214.9,5.7,112,2.97,0,1,4,plain,alluvial,fair,3.949,low
SEG-0011,2026-07-22,16.2,46.5,230.5,5.7,112,2.97,0,1,4,plain,alluvial,fair,2.824,low
SEG-0011,2026-07-23,14.1,50.4,228.3,5.7,112,2.97,0,1,4,plain,alluvial,fair,2.883,low
SEG-0011,2026-07-24,57.7,88.0,237.3,5.7,112,2.97,0,1,4,plain,alluvial,fair,4.627,low
SEG-0011,2026-07-25,39.3,111.1,216.2,5.7,112,2.97,0,1,4,plain,alluvial,fair,4.857,low
SEG-0011,2026-07-26,56.3,153.3,213.9,5.7,112,2.97,0,1,4,plain,alluvial,fair,6.836,medium
SEG-0011,2026-07-27,41.7,137.3,245.4,5.7,112,2.97,0,1,4,plain,alluvial,fair,5.97,low
SEG-0011,2026-07-28,22.8,120.8,248.1,5.7,112,2.97,0,1,4,plain,alluvial,fair,4.93,low
SEG-0011,2026-07-29,26.8,91.3,258.7,5.7,112,2.97,0,1,4,plain,alluvial,fair,4.246,low
SEG-0011,2026-07-30,19.8,69.4,264.4,5.7,112,2.97,0,1,4,plain,alluvial,fair,3.574,low
SEG-0011,2026-07-31,28.7,75.3,235.4,5.7,112,2.97,0,1,4,plain,alluvial,fair,3.798,low
SEG-0011,2026-08-01,4.9,53.4,201.0,5.7,112,2.97,0,1,4,plain,alluvial,fair,2.73,low
SEG-0011,2026-08-02,21.7,55.3,166.4,5.7,112,2.97,0,1,4,plain,alluvial,fair,2.97,low
SEG-0011,2026-08-03,19.6,46.2,144.3,5.7,112,2.97,0,1,4,plain,alluvial,fair,2.637,low
SEG-0011,2026-08-04,2.4,43.7,123.9,5.7,112,2.97,0,1,4,plain,alluvial,fair,2.223,low
SEG-0011,2026-08-05,10.9,32.9,108.0,5.7,112,2.97,0,1,4,plain,alluvial,fair,2.043,low
SEG-0011,2026-08-06,14.4,27.7,102.6,5.7,112,2.97,0,1,4,plain,alluvial,fair,1.953,low
SEG-0011,2026-08-07,7.0,32.3,80.9,5.7,112,2.97,0,1,4,plain,alluvial,fair,1.887,low
SEG-0011,2026-08-08,12.1,33.5,88.1,5.7,112,2.97,0,1,4,plain,alluvial,fair,2.024,low
SEG-0011,2026-08-09,0.7,19.8,67.1,5.7,112,2.97,0,1,4,plain,alluvial,fair,1.417,low
SEG-0011,2026-08-10,4.5,17.3,52.0,5.7,112,2.97,0,1,4,plain,alluvial,fair,1.375,low
SEG-0011,2026-08-11,6.2,11.4,55.8,5.7,112,2.97,0,1,4,plain,alluvial,fair,1.261,low
SEG-0011,2026-08-12,8.0,18.7,52.9,5.7,112,2.97,0,1,4,plain,alluvial,fair,1.473,low
SEG-0011,2026-08-13,0.6,14.8,39.1,5.7,112,2.97,0,1,4,plain,alluvial,fair,1.208,low
SEG-0011,2026-08-14,8.8,17.4,40.9,5.7,112,2.97,0,1,4,plain,alluvial,fair,1.42,low
SEG-0011,2026-08-15,19.6,29.0,48.4,5.7,112,2.97,0,1,4,plain,alluvial,fair,1.926,low
SEG-0011,2026-08-16,5.9,34.3,53.6,5.7,112,2.97,0,1,4,plain,alluvial,fair,1.845,low
SEG-0011,2026-08-17,12.0,37.5,61.1,5.7,112,2.97,0,1,4,plain,alluvial,fair,2.052,low
SEG-0011,2026-08-18,9.2,27.1,64.1,5.7,112,2.97,0,1,4,plain,alluvial,fair,1.743,low
SEG-0011,2026-08-19,1.7,22.9,57.8,5.7,112,2.97,0,1,4,plain,alluvial,fair,1.489,low
SEG-0011,2026-08-20,15.0,25.9,72.2,5.7,112,2.97,0,1,4,plain,alluvial,fair,1.832,low
SEG-0011,2026-08-21,21.5,38.2,84.9,5.7,112,2.97,0,1,4,plain,alluvial,fair,2.298,low
SEG-0011,2026-08-22,22.0,58.5,87.3,5.7,112,2.97,0,1,4,plain,alluvial,fair,2.84,low
SEG-0011,2026-08-23,1.5,45.0,82.9,5.7,112,2.97,0,1,4,plain,alluvial,fair,2.129,low
SEG-0011,2026-08-24,19.3,42.8,90.2,5.7,112,2.97,0,1,4,plain,alluvial,fair,2.394,low
SEG-0011,2026-08-25,3.3,24.1,84.3,5.7,112,2.97,0,1,4,plain,alluvial,fair,1.62,low
SEG-0011,2026-08-26,2.2,24.8,84.8,5.7,112,2.97,0,1,4,plain,alluvial,fair,1.621,low
SEG-0011,2026-08-27,10.7,16.2,80.5,5.7,112,2.97,0,1,4,plain,alluvial,fair,1.53,low
SEG-0011,2026-08-28,15.3,28.2,74.3,5.7,112,2.97,0,1,4,plain,alluvial,fair,1.903,low
SEG-0011,2026-08-29,20.3,46.3,72.6,5.7,112,2.97,0,1,4,plain,alluvial,fair,2.454,low
SEG-0011,2026-08-30,10.9,46.5,82.0,5.7,112,2.97,0,1,4,plain,alluvial,fair,2.325,low
SEG-0011,2026-08-31,9.8,41.0,72.5,5.7,112,2.97,0,1,4,plain,alluvial,fair,2.137,low
SEG-0011,2026-09-01,3.2,23.9,72.4,5.7,112,2.97,0,1,4,plain,alluvial,fair,1.58,low
SEG-0011,2026-09-02,7.9,20.9,78.1,5.7,112,2.97,0,1,4,plain,alluvial,fair,1.598,low
SEG-0011,2026-09-03,13.5,24.6,80.9,5.7,112,2.97,0,1,4,plain,alluvial,fair,1.797,low
SEG-0011,2026-09-04,7.0,28.4,72.6,5.7,112,2.97,0,1,4,plain,alluvial,fair,1.762,low
SEG-0011,2026-09-05,9.7,30.2,62.0,5.7,112,2.97,0,1,4,plain,alluvial,fair,1.826,low
SEG-0011,2026-09-06,13.3,30.0,64.4,5.7,112,2.97,0,1,4,plain,alluvial,fair,1.889,low
SEG-0011,2026-09-07,10.6,33.6,65.2,5.7,112,2.97,0,1,4,plain,alluvial,fair,1.939,low
SEG-0011,2026-09-08,13.1,37.0,75.1,5.7,112,2.97,0,1,4,plain,alluvial,fair,2.097,low
SEG-0011,2026-09-09,24.3,48.0,91.5,5.7,112,2.97,0,1,4,plain,alluvial,fair,2.618,low
SEG-0011,2026-09-10,19.7,57.1,97.7,5.7,112,2.97,0,1,4,plain,alluvial,fair,2.794,low
SEG-0011,2026-09-11,22.6,66.6,113.3,5.7,112,2.97,0,1,4,plain,alluvial,fair,3.133,low
SEG-0011,2026-09-12,27.0,69.3,130.6,5.7,112,2.97,0,1,4,plain,alluvial,fair,3.325,low
SEG-0011,2026-09-13,12.9,62.5,130.2,5.7,112,2.97,0,1,4,plain,alluvial,fair,2.908,low
SEG-0011,2026-09-14,1.0,40.9,120.6,5.7,112,2.97,0,1,4,plain,alluvial,fair,2.117,low
SEG-0011,2026-09-15,13.7,27.6,121.2,5.7,112,2.97,0,1,4,plain,alluvial,fair,1.989,low
SEG-0011,2026-09-16,12.3,27.0,109.2,5.7,112,2.97,0,1,4,plain,alluvial,fair,1.917,low
SEG-0012,2026-05-20,0.4,0.4,0.4,23.6,775,15.25,2,3,2,mountain,weathered_rock,fair,5.807,low
SEG-0012,2026-05-21,10.8,11.2,11.2,23.6,775,15.25,2,3,2,mountain,weathered_rock,fair,6.294,low
SEG-0012,2026-05-22,0.1,11.3,11.3,23.6,775,15.25,2,3,2,mountain,weathered_rock,fair,6.115,low
SEG-0012,2026-05-23,16.5,27.4,27.8,23.6,775,15.25,2,3,2,mountain,weathered_rock,fair,6.858,medium
SEG-0012,2026-05-24,13.8,30.4,41.6,23.6,775,15.25,2,3,2,mountain,weathered_rock,fair,6.928,medium
SEG-0012,2026-05-25,10.5,40.8,52.1,23.6,775,15.25,2,3,2,mountain,weathered_rock,fair,7.171,medium
SEG-0012,2026-05-26,12.8,37.1,64.9,23.6,775,15.25,2,3,2,mountain,weathered_rock,fair,7.149,medium
SEG-0012,2026-05-27,9.0,32.3,73.5,23.6,775,15.25,2,3,2,mountain,weathered_rock,fair,6.984,medium
SEG-0012,2026-05-28,5.5,27.3,68.2,23.6,775,15.25,2,3,2,mountain,weathered_rock,fair,6.78,medium
SEG-0012,2026-05-29,1.1,15.6,69.2,23.6,775,15.25,2,3,2,mountain,weathered_rock,fair,6.403,medium
SEG-0012,2026-05-30,15.5,22.1,68.2,23.6,775,15.25,2,3,2,mountain,weathered_rock,fair,6.814,medium
SEG-0012,2026-05-31,0.1,16.7,54.5,23.6,775,15.25,2,3,2,mountain,weathered_rock,fair,6.375,low
SEG-0012,2026-06-01,19.7,35.3,63.7,23.6,775,15.25,2,3,2,mountain,weathered_rock,fair,7.217,medium
SEG-0012,2026-06-02,0.8,20.6,51.7,23.6,775,15.25,2,3,2,mountain,weathered_rock,fair,6.48,medium
SEG-0012,2026-06-03,3.4,23.9,46.1,23.6,775,15.25,2,3,2,mountain,weathered_rock,fair,6.595,low
SEG-0012,2026-06-04,65.9,70.1,106.5,23.6,775,15.25,2,3,2,mountain,weathered_rock,fair,9.025,medium
SEG-0012,2026-06-05,39.9,109.2,145.3,23.6,775,15.25,2,3,2,mountain,weathered_rock,fair,9.706,medium
SEG-0012,2026-06-06,38.9,144.7,168.7,23.6,775,15.25,2,3,2,mountain,weathered_rock,fair,10.676,high
SEG-0012,2026-06-07,54.6,133.4,223.2,23.6,775,15.25,2,3,2,mountain,weathered_rock,fair,10.799,high
SEG-0012,2026-06-08,52.7,146.2,256.2,23.6,775,15.25,2,3,2,mountain,weathered_rock,fair,11.19,high
SEG-0012,2026-06-09,43.1,150.4,298.5,23.6,775,15.25,2,3,2,mountain,weathered_rock,fair,11.253,high
SEG-0012,2026-06-10,19.7,115.5,314.8,23.6,775,15.25,2,3,2,mountain,weathered_rock,fair,9.992,high
SEG-0012,2026-06-11,74.4,137.2,323.3,23.6,775,15.25,2,3,2,mountain,weathered_rock,fair,11.51,high
SEG-0012,2026-06-12,43.9,138.0,327.3,23.6,775,15.25,2,3,2,mountain,weathered_rock,fair,11.023,high
SEG-0012,2026-06-13,46.7,165.0,335.1,23.6,775,15.25,2,3,2,mountain,weathered_rock,fair,11.794,high
SEG-0012,2026-06-14,17.4,108.0,297.9,23.6,775,15.25,2,3,2,mountain,weathered_rock,fair,9.712,medium
SEG-0012,2026-06-15,11.4,75.5,256.6,23.6,775,15.25,2,3,2,mountain,weathered_rock,fair,8.651,medium
SEG-0012,2026-06-16,13.8,42.6,227.3,23.6,775,15.25,2,3,2,mountain,weathered_rock,fair,7.756,medium
SEG-0012,2026-06-17,21.8,47.0,229.4,23.6,775,15.25,2,3,2,mountain,weathered_rock,fair,8.012,medium
SEG-0012,2026-06-18,11.9,47.5,166.9,23.6,775,15.25,2,3,2,mountain,weathered_rock,fair,7.685,medium
SEG-0012,2026-06-19,8.6,42.3,131.6,23.6,775,15.25,2,3,2,mountain,weathered_rock,fair,7.397,medium
SEG-0012,2026-06-20,23.2,43.7,108.1,23.6,775,15.25,2,3,2,mountain,weathered_rock,fair,7.617,medium
SEG-0012,2026-06-21,14.6,46.4,105.3,23.6,775,15.25,2,3,2,mountain,weathered_rock,fair,7.533,medium
SEG-0012,2026-06-22,54.0,91.8,147.9,23.6,775,15.25,2,3,2,mountain,weathered_rock,fair,9.5,high
SEG-0012,2026-06-23,42.1,110.7,176.2,23.6,775,15.25,2,3,2,mountain,weathered_rock,fair,9.867,high
SEG-0012,2026-06-24,34.4,130.5,188.8,23.6,775,15.25,2,3,2,mountain,weathered_rock,fair,10.286,high
SEG-0012,2026-06-25,20.1,96.6,197.0,23.6,775,15.25,2,3,2,mountain,weathered_rock,fair,9.184,medium
SEG-0012,2026-06-26,13.8,68.3,202.2,23.6,775,15.25,2,3,2,mountain,weathered_rock,fair,8.355,medium
SEG-0012,2026-06-27,0.4,34.3,179.4,23.6,775,15.25,2,3,2,mountain,weathered_rock,fair,7.181,medium
SEG-0012,2026-06-28,3.3,17.5,168.1,23.6,775,15.25,2,3,2,mountain,weathered_rock,fair,6.762,medium
SEG-0012,2026-06-29,11.6,15.3,125.7,23.6,775,15.25,2,3,2,mountain,weathered_rock,fair,6.729,medium
SEG-0012,2026-06-30,10.6,25.5,94.2,23.6,775,15.25,2,3,2,mountain,weathered_rock,fair,6.891,low
SEG-0012,2026-07-01,8.8,31.0,68.6,23.6,775,15.25,2,3,2,mountain,weathered_rock,fair,6.933,medium
SEG-0012,2026-07-02,6.5,25.9,55.0,23.6,775,15.25,2,3,2,mountain,weathered_rock,fair,6.724,medium
SEG-0012,2026-07-03,8.8,24.1,50.0,23.6,775,15.25,2,3,2,mountain,weathered_rock,fair,6.702,medium
SEG-0012,2026-07-04,6.1,21.4,55.7,23.6,775,15.25,2,3,2,mountain,weathered_rock,fair,6.602,low
SEG-0012,2026-07-05,88.5,103.4,140.9,23.6,775,15.25,2,3,2,mountain,weathered_rock,fair,10.369,high
SEG-0012,2026-07-06,56.7,151.3,186.0,23.6,775,15.25,2,3,2,mountain,weathered_rock,fair,11.198,high
SEG-0012,2026-07-07,48.0,193.2,223.4,23.6,775,15.25,2,3,2,mountain,weathered_rock,fair,12.242,high
SEG-0012,2026-07-08,7.7,112.4,222.3,23.6,775,15.25,2,3,2,mountain,weathered_rock,fair,9.453,medium
SEG-0012,2026-07-09,26.6,82.3,242.4,23.6,775,15.25,2,3,2,mountain,weathered_rock,fair,9.047,medium
SEG-0012,2026-07-10,15.6,49.9,249.2,23.6,775,15.25,2,3,2,mountain,weathered_rock,fair,8.037,medium
SEG-0012,2026-07-11,0.7,42.9,243.8,23.6,775,15.25,2,3,2,mountain,weathered_rock,fair,7.587,medium
SEG-0012,2026-07-12,96.8,113.1,252.1,23.6,775,15.25,2,3,2,mountain,weathered_rock,fair,11.068,high
SEG-0012,2026-07-13,43.2,140.7,238.6,23.6,775,15.25,2,3,2,mountain,weathered_rock,fair,10.838,high
SEG-0012,2026-07-14,60.3,200.3,250.9,23.6,775,15.25,2,3,2,mountain,weathered_rock,fair,12.712,high
SEG-0012,2026-07-15,34.0,137.5,277.2,23.6,775,15.25,2,3,2,mountain,weathered_rock,fair,10.704,high
SEG-0012,2026-07-16,1.1,95.4,251.7,23.6,775,15.25,2,3,2,mountain,weathered_rock,fair,8.98,medium
SEG-0012,2026-07-17,23.8,58.9,259.9,23.6,775,15.25,2,3,2,mountain,weathered_rock,fair,8.439,medium
SEG-0012,2026-07-18,17.9,42.8,277.1,23.6,775,15.25,2,3,2,mountain,weathered_rock,fair,7.968,medium
SEG-0012,2026-07-19,8.3,50.0,188.6,23.6,775,15.25,2,3,2,mountain,weathered_rock,fair,7.749,medium
SEG-0012,2026-07-20,20.5,46.7,165.9,23.6,775,15.25,2,3,2,mountain,weathered_rock,fair,7.808,medium
SEG-0012,2026-07-21,3.3,32.1,108.9,23.6,775,15.25,2,3,2,mountain,weathered_rock,fair,6.979,medium
SEG-0012,2026-07-22,20.3,44.1,95.2,23.6,775,15.25,2,3,2,mountain,weathered_rock,fair,7.542,medium
SEG-0012,2026-07-23,5.5,29.1,99.6,23.6,775,15.25,2,3,2,mountain,weathered_rock,fair,6.913,medium
SEG-0012,2026-07-24,24.6,50.4,100.4,23.6,775,15.25,2,3,2,mountain,weathered_rock,fair,7.793,medium
SEG-0012,2026-07-25,24.1,54.2,106.6,23.6,775,15.25,2,3,2,mountain,weathered_rock,fair,7.901,medium
SEG-0012,2026-07-26,9.6,58.3,107.9,23.6,775,15.25,2,3,2,mountain,weathered_rock,fair,7.764,medium
SEG-0012,2026-07-27,6.9,40.6,94.3,23.6,775,15.25,2,3,2,mountain,weathered_rock,fair,7.221,medium
SEG-0012,2026-07-28,26.3,42.8,117.3,23.6,775,15.25,2,3,2,mountain,weathered_rock,fair,7.671,medium
SEG-0012,2026-07-29,27.8,61.0,124.8,23.6,775,15.25,2,3,2,mountain,weathered_rock,fair,8.191,medium
SEG-0012,2026-07-30,2.9,57.0,122.2,23.6,775,15.25,2,3,2,mountain,weathered_rock,fair,7.656,medium
SEG-0012,2026-07-31,2.2,32.9,99.8,23.6,775,15.25,2,3,2,mountain,weathered_rock,fair,6.956,medium
SEG-0012,2026-08-01,75.7,80.8,151.4,23.6,775,15.25,2,3,2,mountain,weathered_rock,fair,9.593,high
SEG-0012,2026-08-02,40.9,118.8,182.7,23.6,775,15.25,2,3,2,mountain,weathered_rock,fair,10.075,high
SEG-0012,2026-08-03,45.0,161.6,220.8,23.6,775,15.25,2,3,2,mountain,weathered_rock,fair,11.363,high
SEG-0012,2026-08-04,19.3,105.2,213.8,23.6,775,15.25,2,3,2,mountain,weathered_rock,fair,9.44,medium
SEG-0012,2026-08-05,6.5,70.8,192.5,23.6,775,15.25,2,3,2,mountain,weathered_rock,fair,8.269,medium
SEG-0012,2026-08-06,3.8,29.6,193.4,23.6,775,15.25,2,3,2,mountain,weathered_rock,fair,7.155,medium
SEG-0012,2026-08-07,3.2,13.5,194.4,23.6,775,15.25,2,3,2,mountain,weathered_rock,fair,6.729,low
SEG-0012,2026-08-08,19.9,26.9,138.6,23.6,775,15.25,2,3,2,mountain,weathered_rock,fair,7.208,medium
SEG-0012,2026-08-09,14.1,37.2,111.8,23.6,775,15.25,2,3,2,mountain,weathered_rock,fair,7.303,medium
SEG-0012,2026-08-10,10.7,44.7,77.5,23.6,775,15.25,2,3,2,mountain,weathered_rock,fair,7.346,medium
SEG-0012,2026-08-11,21.6,46.4,79.8,23.6,775,15.25,2,3,2,mountain,weathered_rock,fair,7.582,medium
SEG-0012,2026-08-12,1.1,33.4,74.4,23.6,775,15.25,2,3,2,mountain,weathered_rock,fair,6.88,medium
SEG-0012,2026-08-13,13.4,36.1,84.0,23.6,775,15.25,2,3,2,mountain,weathered_rock,fair,7.186,medium
SEG-0012,2026-08-14,14.6,29.1,95.4,23.6,775,15.25,2,3,2,mountain,weathered_rock,fair,7.056,medium
SEG-0012,2026-08-15,9.7,37.7,85.2,23.6,775,15.25,2,3,2,mountain,weathered_rock,fair,7.168,medium
SEG-0012,2026-08-16,3.9,28.2,75.0,23.6,775,15.25,2,3,2,mountain,weathered_rock,fair,6.795,low
SEG-0012,2026-08-17,18.3,31.9,82.6,23.6,775,15.25,2,3,2,mountain,weathered_rock,fair,7.156,medium
SEG-0012,2026-08-18,7.5,29.7,68.5,23.6,775,15.25,2,3,2,mountain,weathered_rock,fair,6.877,medium
SEG-0012,2026-08-19,16.0,41.8,83.4,23.6,775,15.25,2,3,2,mountain,weathered_rock,fair,7.377,medium
SEG-0012,2026-08-20,0.3,23.8,70.3,23.6,775,15.25,2,3,2,mountain,weathered_rock,fair,6.606,medium
SEG-0012,2026-08-21,18.2,34.5,73.9,23.6,775,15.25,2,3,2,mountain,weathered_rock,fair,7.198,medium
SEG-0012,2026-08-22,12.4,30.9,76.6,23.6,775,15.25,2,3,2,mountain,weathered_rock,fair,7.014,medium
SEG-0012,2026-08-23,6.7,37.3,79.4,23.6,775,15.25,2,3,2,mountain,weathered_rock,fair,7.091,medium
SEG-0012,2026-08-24,2.1,21.2,63.2,23.6,775,15.25,2,3,2,mountain,weathered_rock,fair,6.549,medium
SEG-0012,2026-08-25,20.9,29.7,76.6,23.6,775,15.25,2,3,2,mountain,weathered_rock,fair,7.127,medium
SEG-0012,2026-08-26,10.8,33.8,71.4,23.6,775,15.25,2,3,2,mountain,weathered_rock,fair,7.048,medium
SEG-0012,2026-08-27,21.0,52.7,92.1,23.6,775,15.25,2,3,2,mountain,weathered_rock,fair,7.769,medium
SEG-0012,2026-08-28,7.9,39.7,81.8,23.6,775,15.25,2,3,2,mountain,weathered_rock,fair,7.18,medium
SEG-0012,2026-08-29,14.6,43.5,84.0,23.6,775,15.25,2,3,2,mountain,weathered_rock,fair,7.399,medium
SEG-0012,2026-08-30,2.8,25.3,80.1,23.6,775,15.25,2,3,2,mountain,weathered_rock,fair,6.714,low
SEG-0012,2026-08-31,19.2,36.6,97.2,23.6,775,15.25,2,3,2,mountain,weathered_rock,fair,7.334,medium
SEG-0012,2026-09-01,2.2,24.2,78.5,23.6,775,15.25,2,3,2,mountain,weathered_rock,fair,6.671,medium
SEG-0012,2026-09-02,36.0,57.4,103.7,23.6,775,15.25,2,3,2,mountain,weathered_rock,fair,8.178,medium
SEG-0012,2026-09-03,17.5,55.7,100.2,23.6,775,15.25,2,3,2,mountain,weathered_rock,fair,7.81,medium
SEG-0012,2026-09-04,9.1,62.6,101.4,23.6,775,15.25,2,3,2,mountain,weathered_rock,fair,7.85,medium
SEG-0012,2026-09-05,10.1,36.7,96.9,23.6,775,15.25,2,3,2,mountain,weathered_rock,fair,7.181,medium
SEG-0012,2026-09-06,6.5,25.7,100.6,23.6,775,15.25,2,3,2,mountain,weathered_rock,fair,6.844,medium
SEG-0012,2026-09-07,2.3,18.9,83.7,23.6,775,15.25,2,3,2,mountain,weathered_rock,fair,6.549,low
SEG-0012,2026-09-08,9.2,18.0,90.7,23.6,775,15.25,2,3,2,mountain,weathered_rock,fair,6.663,medium
SEG-0012,2026-09-09,10.0,21.5,64.7,23.6,775,15.25,2,3,2,mountain,weathered_rock,fair,6.696,medium
SEG-0012,2026-09-10,6.3,25.5,53.5,23.6,775,15.25,2,3,2,mountain,weathered_rock,fair,6.706,medium
SEG-0012,2026-09-11,3.9,20.2,48.3,23.6,775,15.25,2,3,2,mountain,weathered_rock,fair,6.513,medium
SEG-0012,2026-09-12,27.2,37.4,65.4,23.6,775,15.25,2,3,2,mountain,weathered_rock,fair,7.403,medium
SEG-0012,2026-09-13,25.0,56.1,83.9,23.6,775,15.25,2,3,2,mountain,weathered_rock,fair,7.903,medium
SEG-0012,2026-09-14,28.3,80.5,109.9,23.6,775,15.25,2,3,2,mountain,weathered_rock,fair,8.665,medium
SEG-0012,2026-09-15,8.9,62.2,109.6,23.6,775,15.25,2,3,2,mountain,weathered_rock,fair,7.859,medium
SEG-0012,2026-09-16,5.6,42.8,105.2,23.6,775,15.25,2,3,2,mountain,weathered_rock,fair,7.286,medium
SEG-0013,2026-05-20,4.7,4.7,4.7,37.1,1496,5.19,0,5,2,mountain,weathered_rock,poor,8.153,medium
SEG-0013,2026-05-21,31.1,35.8,35.8,37.1,1496,5.19,0,5,2,mountain,weathered_rock,poor,9.496,medium
SEG-0013,2026-05-22,93.7,129.5,129.5,37.1,1496,5.19,0,5,2,mountain,weathered_rock,poor,13.254,high
SEG-0013,2026-05-23,43.4,168.2,172.9,37.1,1496,5.19,0,5,2,mountain,weathered_rock,poor,13.525,high
SEG-0013,2026-05-24,14.1,151.2,187.0,37.1,1496,5.19,0,5,2,mountain,weathered_rock,poor,12.623,high
SEG-0013,2026-05-25,32.2,89.7,219.2,37.1,1496,5.19,0,5,2,mountain,weathered_rock,poor,11.421,high
SEG-0013,2026-05-26,24.9,71.2,244.1,37.1,1496,5.19,0,5,2,mountain,weathered_rock,poor,10.884,high
SEG-0013,2026-05-27,30.6,87.7,270.0,37.1,1496,5.19,0,5,2,mountain,weathered_rock,poor,11.481,high
SEG-0013,2026-05-28,25.5,81.0,264.4,37.1,1496,5.19,0,5,2,mountain,weathered_rock,poor,11.205,high
SEG-0013,2026-05-29,25.1,81.2,195.8,37.1,1496,5.19,0,5,2,mountain,weathered_rock,poor,11.015,high
SEG-0013,2026-05-30,10.3,60.9,162.7,37.1,1496,5.19,0,5,2,mountain,weathered_rock,poor,10.144,high
SEG-0013,2026-05-31,123.3,158.7,271.9,37.1,1496,5.19,0,5,2,mountain,weathered_rock,poor,14.908,high
SEG-0013,2026-06-01,72.3,205.9,312.0,37.1,1496,5.19,0,5,2,mountain,weathered_rock,poor,15.379,high
SEG-0013,2026-06-02,8.4,204.0,295.5,37.1,1496,5.19,0,5,2,mountain,weathered_rock,poor,14.198,high
SEG-0013,2026-06-03,1.6,82.3,266.5,37.1,1496,5.19,0,5,2,mountain,weathered_rock,poor,10.838,high
SEG-0013,2026-06-04,30.5,40.5,271.5,37.1,1496,5.19,0,5,2,mountain,weathered_rock,poor,10.256,high
SEG-0013,2026-06-05,17.8,49.9,264.2,37.1,1496,5.19,0,5,2,mountain,weathered_rock,poor,10.265,medium
SEG-0013,2026-06-06,51.0,99.3,304.9,37.1,1496,5.19,0,5,2,mountain,weathered_rock,poor,12.225,high
SEG-0013,2026-06-07,2.5,71.3,184.1,37.1,1496,5.19,0,5,2,mountain,weathered_rock,poor,10.341,high
SEG-0013,2026-06-08,43.4,96.9,155.2,37.1,1496,5.19,0,5,2,mountain,weathered_rock,poor,11.622,high
SEG-0013,2026-06-09,1.1,47.0,147.9,37.1,1496,5.19,0,5,2,mountain,weathered_rock,poor,9.586,medium
SEG-0013,2026-06-10,6.7,51.2,153.0,37.1,1496,5.19,0,5,2,mountain,weathered_rock,poor,9.804,medium
SEG-0013,2026-06-11,4.2,12.0,126.7,37.1,1496,5.19,0,5,2,mountain,weathered_rock,poor,8.67,medium
SEG-0013,2026-06-12,7.1,18.0,116.0,37.1,1496,5.19,0,5,2,mountain,weathered_rock,poor,8.846,medium
SEG-0013,2026-06-13,36.4,47.7,101.4,37.1,1496,5.19,0,5,2,mountain,weathered_rock,poor,10.076,high
SEG-0013,2026-06-14,14.9,58.4,113.8,37.1,1496,5.19,0,5,2,mountain,weathered_rock,poor,10.023,medium
SEG-0013,2026-06-15,47.8,99.1,118.2,37.1,1496,5.19,0,5,2,mountain,weathered_rock,poor,11.652,high
SEG-0013,2026-06-16,7.4,70.1,124.5,37.1,1496,5.19,0,5,2,mountain,weathered_rock,poor,10.229,high
SEG-0013,2026-06-17,12.9,68.1,130.7,37.1,1496,5.19,0,5,2,mountain,weathered_rock,poor,10.288,high
SEG-0013,2026-06-18,17.0,37.3,143.5,37.1,1496,5.19,0,5,2,mountain,weathered_rock,poor,9.592,medium
SEG-0013,2026-06-19,15.4,45.3,151.8,37.1,1496,5.19,0,5,2,mountain,weathered_rock,poor,9.795,high
SEG-0013,2026-06-20,30.8,63.2,146.2,37.1,1496,5.19,0,5,2,mountain,weathered_rock,poor,10.507,high
SEG-0013,2026-06-21,13.0,59.2,144.3,37.1,1496,5.19,0,5,2,mountain,weathered_rock,poor,10.095,high
SEG-0013,2026-06-22,24.9,68.7,121.4,37.1,1496,5.19,0,5,2,mountain,weathered_rock,poor,10.482,high
SEG-0013,2026-06-23,34.3,72.2,148.3,37.1,1496,5.19,0,5,2,mountain,weathered_rock,poor,10.806,high
SEG-0013,2026-06-24,112.0,171.2,247.4,37.1,1496,5.19,0,5,2,mountain,weathered_rock,poor,14.974,high
SEG-0013,2026-06-25,89.7,236.0,320.1,37.1,1496,5.19,0,5,2,mountain,weathered_rock,poor,16.479,high
SEG-0013,2026-06-26,72.6,274.3,377.3,37.1,1496,5.19,0,5,2,mountain,weathered_rock,poor,17.342,high
SEG-0013,2026-06-27,193.6,355.9,540.1,37.1,1496,5.19,0,5,2,mountain,weathered_rock,poor,21.968,high
SEG-0013,2026-06-28,110.9,377.1,638.0,37.1,1496,5.19,0,5,2,mountain,weathered_rock,poor,21.383,high
SEG-0013,2026-06-29,108.1,412.6,721.2,37.1,1496,5.19,0,5,2,mountain,weathered_rock,poor,22.487,high
SEG-0013,2026-06-30,27.9,246.9,714.8,37.1,1496,5.19,0,5,2,mountain,weathered_rock,poor,16.798,high
SEG-0013,2026-07-01,33.2,169.2,636.0,37.1,1496,5.19,0,5,2,mountain,weathered_rock,poor,14.651,high
SEG-0013,2026-07-02,49.6,110.7,595.9,37.1,1496,5.19,0,5,2,mountain,weathered_rock,poor,13.298,high
SEG-0013,2026-07-03,44.0,126.8,567.3,37.1,1496,5.19,0,5,2,mountain,weathered_rock,poor,13.543,high
SEG-0013,2026-07-04,55.4,149.0,429.1,37.1,1496,5.19,0,5,2,mountain,weathered_rock,poor,13.934,high
SEG-0013,2026-07-05,51.5,150.9,369.7,37.1,1496,5.19,0,5,2,mountain,weathered_rock,poor,13.754,high
SEG-0013,2026-07-06,191.7,298.6,453.3,37.1,1496,5.19,0,5,2,mountain,weathered_rock,poor,20.207,high
SEG-0013,2026-07-07,112.1,355.3,537.5,37.1,1496,5.19,0,5,2,mountain,weathered_rock,poor,20.56,high
SEG-0013,2026-07-08,77.4,381.2,581.7,37.1,1496,5.19,0,5,2,mountain,weathered_rock,poor,20.765,high
SEG-0013,2026-07-09,31.6,221.1,563.7,37.1,1496,5.19,0,5,2,mountain,weathered_rock,poor,15.774,high
SEG-0013,2026-07-10,23.3,132.3,543.0,37.1,1496,5.19,0,5,2,mountain,weathered_rock,poor,13.267,high
SEG-0013,2026-07-11,34.9,89.8,522.5,37.1,1496,5.19,0,5,2,mountain,weathered_rock,poor,12.303,high
SEG-0013,2026-07-12,50.4,108.6,521.4,37.1,1496,5.19,0,5,2,mountain,weathered_rock,poor,13.052,high
SEG-0013,2026-07-13,9.6,94.9,339.3,37.1,1496,5.19,0,5,2,mountain,weathered_rock,poor,11.502,high
SEG-0013,2026-07-14,51.6,111.6,278.8,37.1,1496,5.19,0,5,2,mountain,weathered_rock,poor,12.484,high
SEG-0013,2026-07-15,98.4,159.6,299.8,37.1,1496,5.19,0,5,2,mountain,weathered_rock,poor,14.585,high
SEG-0013,2026-07-16,75.3,225.3,343.5,37.1,1496,5.19,0,5,2,mountain,weathered_rock,poor,16.021,high
SEG-0013,2026-07-17,112.1,285.8,432.3,37.1,1496,5.19,0,5,2,mountain,weathered_rock,poor,18.464,high
SEG-0013,2026-07-18,36.6,224.0,434.0,37.1,1496,5.19,0,5,2,mountain,weathered_rock,poor,15.578,high
SEG-0013,2026-07-19,42.4,191.1,426.0,37.1,1496,5.19,0,5,2,mountain,weathered_rock,poor,14.799,high
SEG-0013,2026-07-20,11.8,90.8,428.2,37.1,1496,5.19,0,5,2,mountain,weathered_rock,poor,11.677,high
SEG-0013,2026-07-21,16.7,70.9,393.3,37.1,1496,5.19,0,5,2,mountain,weathered_rock,poor,11.147,high
SEG-0013,2026-07-22,6.2,34.7,301.1,37.1,1496,5.19,0,5,2,mountain,weathered_rock,poor,9.774,medium
SEG-0013,2026-07-23,39.6,62.5,265.4,37.1,1496,5.19,0,5,2,mountain,weathered_rock,poor,10.966,high
SEG-0013,2026-07-24,9.8,55.6,163.1,37.1,1496,5.19,0,5,2,mountain,weathered_rock,poor,9.999,high
SEG-0013,2026-07-25,13.6,63.0,140.1,37.1,1496,5.19,0,5,2,mountain,weathered_rock,poor,10.193,high
SEG-0013,2026-07-26,55.3,78.7,153.0,37.1,1496,5.19,0,5,2,mountain,weathered_rock,poor,11.345,high
SEG-0013,2026-07-27,152.5,221.4,293.7,37.1,1496,5.19,0,5,2,mountain,weathered_rock,poor,17.095,high
SEG-0013,2026-07-28,109.4,317.2,386.4,37.1,1496,5.19,0,5,2,mountain,weathered_rock,poor,19.108,high
SEG-0013,2026-07-29,9.9,271.8,390.1,37.1,1496,5.19,0,5,2,mountain,weathered_rock,poor,16.246,high
SEG-0013,2026-07-30,27.2,146.5,377.7,37.1,1496,5.19,0,5,2,mountain,weathered_rock,poor,13.248,high
SEG-0013,2026-07-31,14.6,51.7,382.5,37.1,1496,5.19,0,5,2,mountain,weathered_rock,poor,10.582,high
SEG-0013,2026-08-01,21.9,63.7,390.8,37.1,1496,5.19,0,5,2,mountain,weathered_rock,poor,11.041,high
SEG-0013,2026-08-02,20.1,56.6,355.6,37.1,1496,5.19,0,5,2,mountain,weathered_rock,poor,10.729,high
SEG-0013,2026-08-03,13.3,55.3,216.4,37.1,1496,5.19,0,5,2,mountain,weathered_rock,poor,10.197,high
SEG-0013,2026-08-04,17.5,50.9,124.5,37.1,1496,5.19,0,5,2,mountain,weathered_rock,poor,9.901,high
SEG-0013,2026-08-05,157.3,188.1,271.9,37.1,1496,5.19,0,5,2,mountain,weathered_rock,poor,16.251,high
SEG-0013,2026-08-06,66.3,241.1,311.0,37.1,1496,5.19,0,5,2,mountain,weathered_rock,poor,16.189,high
SEG-0013,2026-08-07,77.7,301.3,374.1,37.1,1496,5.19,0,5,2,mountain,weathered_rock,poor,18.122,high
SEG-0013,2026-08-08,50.6,194.6,402.8,37.1,1496,5.19,0,5,2,mountain,weathered_rock,poor,14.966,high
SEG-0013,2026-08-09,42.9,171.2,425.6,37.1,1496,5.19,0,5,2,mountain,weathered_rock,poor,14.289,high
SEG-0013,2026-08-10,15.5,109.0,427.8,37.1,1496,5.19,0,5,2,mountain,weathered_rock,poor,12.212,high
SEG-0013,2026-08-11,41.1,99.5,451.4,37.1,1496,5.19,0,5,2,mountain,weathered_rock,poor,12.465,high
SEG-0013,2026-08-12,43.9,100.5,338.0,37.1,1496,5.19,0,5,2,mountain,weathered_rock,poor,12.227,high
SEG-0013,2026-08-13,24.6,109.6,296.3,37.1,1496,5.19,0,5,2,mountain,weathered_rock,poor,12.021,high
SEG-0013,2026-08-14,16.8,85.3,235.4,37.1,1496,5.19,0,5,2,mountain,weathered_rock,poor,11.089,high
SEG-0013,2026-08-15,22.6,64.0,207.4,37.1,1496,5.19,0,5,2,mountain,weathered_rock,poor,10.557,high
SEG-0013,2026-08-16,25.3,64.7,189.8,37.1,1496,5.19,0,5,2,mountain,weathered_rock,poor,10.572,high
SEG-0013,2026-08-17,2.2,50.1,176.5,37.1,1496,5.19,0,5,2,mountain,weathered_rock,poor,9.764,medium
SEG-0013,2026-08-18,43.0,70.5,178.4,37.1,1496,5.19,0,5,2,mountain,weathered_rock,poor,10.993,high
SEG-0013,2026-08-19,43.3,88.5,177.8,37.1,1496,5.19,0,5,2,mountain,weathered_rock,poor,11.464,high
SEG-0013,2026-08-20,22.3,108.6,175.5,37.1,1496,5.19,0,5,2,mountain,weathered_rock,poor,11.624,high
SEG-0013,2026-08-21,6.5,72.1,165.2,37.1,1496,5.19,0,5,2,mountain,weathered_rock,poor,10.378,medium
SEG-0013,2026-08-22,30.3,59.1,172.9,37.1,1496,5.19,0,5,2,mountain,weathered_rock,poor,10.465,high
SEG-0013,2026-08-23,33.6,70.4,181.2,37.1,1496,5.19,0,5,2,mountain,weathered_rock,poor,10.838,high
SEG-0013,2026-08-24,32.8,96.7,211.8,37.1,1496,5.19,0,5,2,mountain,weathered_rock,poor,11.592,high
SEG-0013,2026-08-25,124.2,190.6,293.0,37.1,1496,5.19,0,5,2,mountain,weathered_rock,poor,15.811,high
SEG-0013,2026-08-26,83.8,240.8,333.5,37.1,1496,5.19,0,5,2,mountain,weathered_rock,poor,16.541,high
SEG-0013,2026-08-27,81.6,289.6,392.8,37.1,1496,5.19,0,5,2,mountain,weathered_rock,poor,17.935,high
SEG-0013,2026-08-28,90.6,256.0,476.9,37.1,1496,5.19,0,5,2,mountain,weathered_rock,poor,17.446,high
SEG-0013,2026-08-29,32.7,204.9,479.3,37.1,1496,5.19,0,5,2,mountain,weathered_rock,poor,15.14,high
SEG-0013,2026-08-30,43.7,167.0,489.4,37.1,1496,5.19,0,5,2,mountain,weathered_rock,poor,14.369,high
SEG-0013,2026-08-31,11.4,87.8,468.0,37.1,1496,5.19,0,5,2,mountain,weathered_rock,poor,11.702,high
SEG-0013,2026-09-01,15.8,70.9,359.6,37.1,1496,5.19,0,5,2,mountain,weathered_rock,poor,11.039,high
SEG-0013,2026-09-02,29.2,56.4,305.0,37.1,1496,5.19,0,5,2,mountain,weathered_rock,poor,10.74,high
SEG-0013,2026-09-03,17.0,62.0,240.4,37.1,1496,5.19,0,5,2,mountain,weathered_rock,poor,10.5,high
SEG-0013,2026-09-04,9.5,55.7,159.3,37.1,1496,5.19,0,5,2,mountain,weathered_rock,poor,9.986,medium
SEG-0013,2026-09-05,61.6,88.1,188.2,37.1,1496,5.19,0,5,2,mountain,weathered_rock,poor,11.794,high
SEG-0013,2026-09-06,43.6,114.7,188.1,37.1,1496,5.19,0,5,2,mountain,weathered_rock,poor,12.179,high
SEG-0013,2026-09-07,40.1,145.3,216.8,37.1,1496,5.19,0,5,2,mountain,weathered_rock,poor,12.994,high
SEG-0013,2026-09-08,8.2,91.9,209.2,37.1,1496,5.19,0,5,2,mountain,weathered_rock,poor,11.042,high
SEG-0013,2026-09-09,21.1,69.4,201.1,37.1,1496,5.19,0,5,2,mountain,weathered_rock,poor,10.654,high
SEG-0013,2026-09-10,8.9,38.2,193.0,37.1,1496,5.19,0,5,2,mountain,weathered_rock,poor,9.613,medium
SEG-0013,2026-09-11,27.2,57.2,210.7,37.1,1496,5.19,0,5,2,mountain,weathered_rock,poor,10.467,high
SEG-0013,2026-09-12,11.0,47.1,160.1,37.1,1496,5.19,0,5,2,mountain,weathered_rock,poor,9.79,high
SEG-0013,2026-09-13,13.9,52.1,130.4,37.1,1496,5.19,0,5,2,mountain,weathered_rock,poor,9.888,high
SEG-0013,2026-09-14,4.3,29.2,94.6,37.1,1496,5.19,0,5,2,mountain,weathered_rock,poor,9.031,medium
SEG-0013,2026-09-15,100.7,118.9,187.1,37.1,1496,5.19,0,5,2,mountain,weathered_rock,poor,13.256,high
SEG-0013,2026-09-16,61.4,166.4,227.4,37.1,1496,5.19,0,5,2,mountain,weathered_rock,poor,13.934,high
SEG-0014,2026-05-20,4.7,4.7,4.7,24.6,1438,11.97,5,5,2,mountain,weathered_rock,fair,8.302,medium
SEG-0014,2026-05-21,31.1,35.8,35.8,24.6,1438,11.97,5,5,2,mountain,weathered_rock,fair,9.645,medium
SEG-0014,2026-05-22,93.7,129.5,129.5,24.6,1438,11.97,5,5,2,mountain,weathered_rock,fair,13.403,high
SEG-0014,2026-05-23,43.4,168.2,172.9,24.6,1438,11.97,5,5,2,mountain,weathered_rock,fair,13.674,high
SEG-0014,2026-05-24,14.1,151.2,187.0,24.6,1438,11.97,5,5,2,mountain,weathered_rock,fair,12.772,high
SEG-0014,2026-05-25,32.2,89.7,219.2,24.6,1438,11.97,5,5,2,mountain,weathered_rock,fair,11.569,high
SEG-0014,2026-05-26,24.9,71.2,244.1,24.6,1438,11.97,5,5,2,mountain,weathered_rock,fair,11.033,high
SEG-0014,2026-05-27,30.6,87.7,270.0,24.6,1438,11.97,5,5,2,mountain,weathered_rock,fair,11.63,high
SEG-0014,2026-05-28,25.5,81.0,264.4,24.6,1438,11.97,5,5,2,mountain,weathered_rock,fair,11.354,high
SEG-0014,2026-05-29,25.1,81.2,195.8,24.6,1438,11.97,5,5,2,mountain,weathered_rock,fair,11.163,high
SEG-0014,2026-05-30,10.3,60.9,162.7,24.6,1438,11.97,5,5,2,mountain,weathered_rock,fair,10.293,high
SEG-0014,2026-05-31,123.3,158.7,271.9,24.6,1438,11.97,5,5,2,mountain,weathered_rock,fair,15.057,high
SEG-0014,2026-06-01,72.3,205.9,312.0,24.6,1438,11.97,5,5,2,mountain,weathered_rock,fair,15.528,high
SEG-0014,2026-06-02,8.4,204.0,295.5,24.6,1438,11.97,5,5,2,mountain,weathered_rock,fair,14.347,high
SEG-0014,2026-06-03,1.6,82.3,266.5,24.6,1438,11.97,5,5,2,mountain,weathered_rock,fair,10.987,high
SEG-0014,2026-06-04,30.5,40.5,271.5,24.6,1438,11.97,5,5,2,mountain,weathered_rock,fair,10.405,high
SEG-0014,2026-06-05,17.8,49.9,264.2,24.6,1438,11.97,5,5,2,mountain,weathered_rock,fair,10.414,high
SEG-0014,2026-06-06,51.0,99.3,304.9,24.6,1438,11.97,5,5,2,mountain,weathered_rock,fair,12.374,high
SEG-0014,2026-06-07,2.5,71.3,184.1,24.6,1438,11.97,5,5,2,mountain,weathered_rock,fair,10.49,high
SEG-0014,2026-06-08,43.4,96.9,155.2,24.6,1438,11.97,5,5,2,mountain,weathered_rock,fair,11.771,high
SEG-0014,2026-06-09,1.1,47.0,147.9,24.6,1438,11.97,5,5,2,mountain,weathered_rock,fair,9.735,medium
SEG-0014,2026-06-10,6.7,51.2,153.0,24.6,1438,11.97,5,5,2,mountain,weathered_rock,fair,9.953,high
SEG-0014,2026-06-11,4.2,12.0,126.7,24.6,1438,11.97,5,5,2,mountain,weathered_rock,fair,8.819,medium
SEG-0014,2026-06-12,7.1,18.0,116.0,24.6,1438,11.97,5,5,2,mountain,weathered_rock,fair,8.995,medium
SEG-0014,2026-06-13,36.4,47.7,101.4,24.6,1438,11.97,5,5,2,mountain,weathered_rock,fair,10.225,high
SEG-0014,2026-06-14,14.9,58.4,113.8,24.6,1438,11.97,5,5,2,mountain,weathered_rock,fair,10.172,high
SEG-0014,2026-06-15,47.8,99.1,118.2,24.6,1438,11.97,5,5,2,mountain,weathered_rock,fair,11.801,high
SEG-0014,2026-06-16,7.4,70.1,124.5,24.6,1438,11.97,5,5,2,mountain,weathered_rock,fair,10.378,high
SEG-0014,2026-06-17,12.9,68.1,130.7,24.6,1438,11.97,5,5,2,mountain,weathered_rock,fair,10.436,high
SEG-0014,2026-06-18,17.0,37.3,143.5,24.6,1438,11.97,5,5,2,mountain,weathered_rock,fair,9.741,medium
SEG-0014,2026-06-19,15.4,45.3,151.8,24.6,1438,11.97,5,5,2,mountain,weathered_rock,fair,9.944,medium
SEG-0014,2026-06-20,30.8,63.2,146.2,24.6,1438,11.97,5,5,2,mountain,weathered_rock,fair,10.656,high
SEG-0014,2026-06-21,13.0,59.2,144.3,24.6,1438,11.97,5,5,2,mountain,weathered_rock,fair,10.244,medium
SEG-0014,2026-06-22,24.9,68.7,121.4,24.6,1438,11.97,5,5,2,mountain,weathered_rock,fair,10.63,high
SEG-0014,2026-06-23,34.3,72.2,148.3,24.6,1438,11.97,5,5,2,mountain,weathered_rock,fair,10.955,high
SEG-0014,2026-06-24,112.0,171.2,247.4,24.6,1438,11.97,5,5,2,mountain,weathered_rock,fair,15.123,high
SEG-0014,2026-06-25,89.7,236.0,320.1,24.6,1438,11.97,5,5,2,mountain,weathered_rock,fair,16.628,high
SEG-0014,2026-06-26,72.6,274.3,377.3,24.6,1438,11.97,5,5,2,mountain,weathered_rock,fair,17.491,high
SEG-0014,2026-06-27,193.6,355.9,540.1,24.6,1438,11.97,5,5,2,mountain,weathered_rock,fair,22.117,high
SEG-0014,2026-06-28,110.9,377.1,638.0,24.6,1438,11.97,5,5,2,mountain,weathered_rock,fair,21.532,high
SEG-0014,2026-06-29,108.1,412.6,721.2,24.6,1438,11.97,5,5,2,mountain,weathered_rock,fair,22.636,high
SEG-0014,2026-06-30,27.9,246.9,714.8,24.6,1438,11.97,5,5,2,mountain,weathered_rock,fair,16.947,high
SEG-0014,2026-07-01,33.2,169.2,636.0,24.6,1438,11.97,5,5,2,mountain,weathered_rock,fair,14.8,high
SEG-0014,2026-07-02,49.6,110.7,595.9,24.6,1438,11.97,5,5,2,mountain,weathered_rock,fair,13.447,high
SEG-0014,2026-07-03,44.0,126.8,567.3,24.6,1438,11.97,5,5,2,mountain,weathered_rock,fair,13.692,high
SEG-0014,2026-07-04,55.4,149.0,429.1,24.6,1438,11.97,5,5,2,mountain,weathered_rock,fair,14.083,high
SEG-0014,2026-07-05,51.5,150.9,369.7,24.6,1438,11.97,5,5,2,mountain,weathered_rock,fair,13.903,high
SEG-0014,2026-07-06,191.7,298.6,453.3,24.6,1438,11.97,5,5,2,mountain,weathered_rock,fair,20.356,high
SEG-0014,2026-07-07,112.1,355.3,537.5,24.6,1438,11.97,5,5,2,mountain,weathered_rock,fair,20.709,high
SEG-0014,2026-07-08,77.4,381.2,581.7,24.6,1438,11.97,5,5,2,mountain,weathered_rock,fair,20.914,high
SEG-0014,2026-07-09,31.6,221.1,563.7,24.6,1438,11.97,5,5,2,mountain,weathered_rock,fair,15.923,high
SEG-0014,2026-07-10,23.3,132.3,543.0,24.6,1438,11.97,5,5,2,mountain,weathered_rock,fair,13.416,high
SEG-0014,2026-07-11,34.9,89.8,522.5,24.6,1438,11.97,5,5,2,mountain,weathered_rock,fair,12.452,high
SEG-0014,2026-07-12,50.4,108.6,521.4,24.6,1438,11.97,5,5,2,mountain,weathered_rock,fair,13.201,high
SEG-0014,2026-07-13,9.6,94.9,339.3,24.6,1438,11.97,5,5,2,mountain,weathered_rock,fair,11.651,high
SEG-0014,2026-07-14,51.6,111.6,278.8,24.6,1438,11.97,5,5,2,mountain,weathered_rock,fair,12.633,high
SEG-0014,2026-07-15,98.4,159.6,299.8,24.6,1438,11.97,5,5,2,mountain,weathered_rock,fair,14.734,high
SEG-0014,2026-07-16,75.3,225.3,343.5,24.6,1438,11.97,5,5,2,mountain,weathered_rock,fair,16.17,high
SEG-0014,2026-07-17,112.1,285.8,432.3,24.6,1438,11.97,5,5,2,mountain,weathered_rock,fair,18.612,high
SEG-0014,2026-07-18,36.6,224.0,434.0,24.6,1438,11.97,5,5,2,mountain,weathered_rock,fair,15.727,high
SEG-0014,2026-07-19,42.4,191.1,426.0,24.6,1438,11.97,5,5,2,mountain,weathered_rock,fair,14.948,high
SEG-0014,2026-07-20,11.8,90.8,428.2,24.6,1438,11.97,5,5,2,mountain,weathered_rock,fair,11.826,high
SEG-0014,2026-07-21,16.7,70.9,393.3,24.6,1438,11.97,5,5,2,mountain,weathered_rock,fair,11.296,high
SEG-0014,2026-07-22,6.2,34.7,301.1,24.6,1438,11.97,5,5,2,mountain,weathered_rock,fair,9.923,high
SEG-0014,2026-07-23,39.6,62.5,265.4,24.6,1438,11.97,5,5,2,mountain,weathered_rock,fair,11.115,high
SEG-0014,2026-07-24,9.8,55.6,163.1,24.6,1438,11.97,5,5,2,mountain,weathered_rock,fair,10.148,high
SEG-0014,2026-07-25,13.6,63.0,140.1,24.6,1438,11.97,5,5,2,mountain,weathered_rock,fair,10.342,medium
SEG-0014,2026-07-26,55.3,78.7,153.0,24.6,1438,11.97,5,5,2,mountain,weathered_rock,fair,11.494,high
SEG-0014,2026-07-27,152.5,221.4,293.7,24.6,1438,11.97,5,5,2,mountain,weathered_rock,fair,17.244,high
SEG-0014,2026-07-28,109.4,317.2,386.4,24.6,1438,11.97,5,5,2,mountain,weathered_rock,fair,19.257,high
SEG-0014,2026-07-29,9.9,271.8,390.1,24.6,1438,11.97,5,5,2,mountain,weathered_rock,fair,16.395,high
SEG-0014,2026-07-30,27.2,146.5,377.7,24.6,1438,11.97,5,5,2,mountain,weathered_rock,fair,13.397,high
SEG-0014,2026-07-31,14.6,51.7,382.5,24.6,1438,11.97,5,5,2,mountain,weathered_rock,fair,10.731,high
SEG-0014,2026-08-01,21.9,63.7,390.8,24.6,1438,11.97,5,5,2,mountain,weathered_rock,fair,11.19,high
SEG-0014,2026-08-02,20.1,56.6,355.6,24.6,1438,11.97,5,5,2,mountain,weathered_rock,fair,10.878,high
SEG-0014,2026-08-03,13.3,55.3,216.4,24.6,1438,11.97,5,5,2,mountain,weathered_rock,fair,10.346,high
SEG-0014,2026-08-04,17.5,50.9,124.5,24.6,1438,11.97,5,5,2,mountain,weathered_rock,fair,10.05,high
SEG-0014,2026-08-05,157.3,188.1,271.9,24.6,1438,11.97,5,5,2,mountain,weathered_rock,fair,16.4,high
SEG-0014,2026-08-06,66.3,241.1,311.0,24.6,1438,11.97,5,5,2,mountain,weathered_rock,fair,16.338,high
SEG-0014,2026-08-07,77.7,301.3,374.1,24.6,1438,11.97,5,5,2,mountain,weathered_rock,fair,18.271,high
SEG-0014,2026-08-08,50.6,194.6,402.8,24.6,1438,11.97,5,5,2,mountain,weathered_rock,fair,15.115,high
SEG-0014,2026-08-09,42.9,171.2,425.6,24.6,1438,11.97,5,5,2,mountain,weathered_rock,fair,14.438,high
SEG-0014,2026-08-10,15.5,109.0,427.8,24.6,1438,11.97,5,5,2,mountain,weathered_rock,fair,12.361,high
SEG-0014,2026-08-11,41.1,99.5,451.4,24.6,1438,11.97,5,5,2,mountain,weathered_rock,fair,12.614,high
SEG-0014,2026-08-12,43.9,100.5,338.0,24.6,1438,11.97,5,5,2,mountain,weathered_rock,fair,12.376,high
SEG-0014,2026-08-13,24.6,109.6,296.3,24.6,1438,11.97,5,5,2,mountain,weathered_rock,fair,12.17,high
SEG-0014,2026-08-14,16.8,85.3,235.4,24.6,1438,11.97,5,5,2,mountain,weathered_rock,fair,11.238,high
SEG-0014,2026-08-15,22.6,64.0,207.4,24.6,1438,11.97,5,5,2,mountain,weathered_rock,fair,10.706,high
SEG-0014,2026-08-16,25.3,64.7,189.8,24.6,1438,11.97,5,5,2,mountain,weathered_rock,fair,10.721,high
SEG-0014,2026-08-17,2.2,50.1,176.5,24.6,1438,11.97,5,5,2,mountain,weathered_rock,fair,9.912,medium
SEG-0014,2026-08-18,43.0,70.5,178.4,24.6,1438,11.97,5,5,2,mountain,weathered_rock,fair,11.142,high
SEG-0014,2026-08-19,43.3,88.5,177.8,24.6,1438,11.97,5,5,2,mountain,weathered_rock,fair,11.613,high
SEG-0014,2026-08-20,22.3,108.6,175.5,24.6,1438,11.97,5,5,2,mountain,weathered_rock,fair,11.772,high
SEG-0014,2026-08-21,6.5,72.1,165.2,24.6,1438,11.97,5,5,2,mountain,weathered_rock,fair,10.527,high
SEG-0014,2026-08-22,30.3,59.1,172.9,24.6,1438,11.97,5,5,2,mountain,weathered_rock,fair,10.614,high
SEG-0014,2026-08-23,33.6,70.4,181.2,24.6,1438,11.97,5,5,2,mountain,weathered_rock,fair,10.987,high
SEG-0014,2026-08-24,32.8,96.7,211.8,24.6,1438,11.97,5,5,2,mountain,weathered_rock,fair,11.741,high
SEG-0014,2026-08-25,124.2,190.6,293.0,24.6,1438,11.97,5,5,2,mountain,weathered_rock,fair,15.96,high
SEG-0014,2026-08-26,83.8,240.8,333.5,24.6,1438,11.97,5,5,2,mountain,weathered_rock,fair,16.69,high
SEG-0014,2026-08-27,81.6,289.6,392.8,24.6,1438,11.97,5,5,2,mountain,weathered_rock,fair,18.084,high
SEG-0014,2026-08-28,90.6,256.0,476.9,24.6,1438,11.97,5,5,2,mountain,weathered_rock,fair,17.595,high
SEG-0014,2026-08-29,32.7,204.9,479.3,24.6,1438,11.97,5,5,2,mountain,weathered_rock,fair,15.288,high
SEG-0014,2026-08-30,43.7,167.0,489.4,24.6,1438,11.97,5,5,2,mountain,weathered_rock,fair,14.518,high
SEG-0014,2026-08-31,11.4,87.8,468.0,24.6,1438,11.97,5,5,2,mountain,weathered_rock,fair,11.851,high
SEG-0014,2026-09-01,15.8,70.9,359.6,24.6,1438,11.97,5,5,2,mountain,weathered_rock,fair,11.188,high
SEG-0014,2026-09-02,29.2,56.4,305.0,24.6,1438,11.97,5,5,2,mountain,weathered_rock,fair,10.889,high
SEG-0014,2026-09-03,17.0,62.0,240.4,24.6,1438,11.97,5,5,2,mountain,weathered_rock,fair,10.649,high
SEG-0014,2026-09-04,9.5,55.7,159.3,24.6,1438,11.97,5,5,2,mountain,weathered_rock,fair,10.135,medium
SEG-0014,2026-09-05,61.6,88.1,188.2,24.6,1438,11.97,5,5,2,mountain,weathered_rock,fair,11.942,high
SEG-0014,2026-09-06,43.6,114.7,188.1,24.6,1438,11.97,5,5,2,mountain,weathered_rock,fair,12.328,high
SEG-0014,2026-09-07,40.1,145.3,216.8,24.6,1438,11.97,5,5,2,mountain,weathered_rock,fair,13.143,high
SEG-0014,2026-09-08,8.2,91.9,209.2,24.6,1438,11.97,5,5,2,mountain,weathered_rock,fair,11.191,high
SEG-0014,2026-09-09,21.1,69.4,201.1,24.6,1438,11.97,5,5,2,mountain,weathered_rock,fair,10.803,high
SEG-0014,2026-09-10,8.9,38.2,193.0,24.6,1438,11.97,5,5,2,mountain,weathered_rock,fair,9.762,high
SEG-0014,2026-09-11,27.2,57.2,210.7,24.6,1438,11.97,5,5,2,mountain,weathered_rock,fair,10.616,high
SEG-0014,2026-09-12,11.0,47.1,160.1,24.6,1438,11.97,5,5,2,mountain,weathered_rock,fair,9.939,medium
SEG-0014,2026-09-13,13.9,52.1,130.4,24.6,1438,11.97,5,5,2,mountain,weathered_rock,fair,10.037,high
SEG-0014,2026-09-14,4.3,29.2,94.6,24.6,1438,11.97,5,5,2,mountain,weathered_rock,fair,9.18,medium
SEG-0014,2026-09-15,100.7,118.9,187.1,24.6,1438,11.97,5,5,2,mountain,weathered_rock,fair,13.405,high
SEG-0014,2026-09-16,61.4,166.4,227.4,24.6,1438,11.97,5,5,2,mountain,weathered_rock,fair,14.083,high
SEG-0015,2026-05-20,84.4,84.4,84.4,28.7,701,4.82,4,4,2,mountain,weathered_rock,fair,11.582,high
SEG-0015,2026-05-21,37.7,122.1,122.1,28.7,701,4.82,4,4,2,mountain,weathered_rock,fair,11.872,high
SEG-0015,2026-05-22,69.3,191.4,191.4,28.7,701,4.82,4,4,2,mountain,weathered_rock,fair,14.401,high
SEG-0015,2026-05-23,102.9,209.9,294.3,28.7,701,4.82,4,4,2,mountain,weathered_rock,fair,15.736,high
SEG-0015,2026-05-24,50.9,223.1,345.2,28.7,701,4.82,4,4,2,mountain,weathered_rock,fair,15.336,high
SEG-0015,2026-05-25,25.9,179.7,371.1,28.7,701,4.82,4,4,2,mountain,weathered_rock,fair,13.853,high
SEG-0015,2026-05-26,5.0,81.8,376.1,28.7,701,4.82,4,4,2,mountain,weathered_rock,fair,10.967,high
SEG-0015,2026-05-27,0.9,31.8,292.6,28.7,701,4.82,4,4,2,mountain,weathered_rock,fair,9.367,medium
SEG-0015,2026-05-28,21.5,27.4,276.4,28.7,701,4.82,4,4,2,mountain,weathered_rock,fair,9.558,medium
SEG-0015,2026-05-29,19.2,41.6,226.3,28.7,701,4.82,4,4,2,mountain,weathered_rock,fair,9.751,high
SEG-0015,2026-05-30,26.0,66.7,149.4,28.7,701,4.82,4,4,2,mountain,weathered_rock,fair,10.307,high
SEG-0015,2026-05-31,33.9,79.1,132.4,28.7,701,4.82,4,4,2,mountain,weathered_rock,fair,10.717,high
SEG-0015,2026-06-01,36.9,96.8,143.4,28.7,701,4.82,4,4,2,mountain,weathered_rock,fair,11.259,high
SEG-0015,2026-06-02,32.8,103.6,171.2,28.7,701,4.82,4,4,2,mountain,weathered_rock,fair,11.442,high
SEG-0015,2026-06-03,14.2,83.9,184.5,28.7,701,4.82,4,4,2,mountain,weathered_rock,fair,10.651,high
SEG-0015,2026-06-04,33.7,80.7,196.7,28.7,701,4.82,4,4,2,mountain,weathered_rock,fair,10.932,high
SEG-0015,2026-06-05,26.4,74.3,203.9,28.7,701,4.82,4,4,2,mountain,weathered_rock,fair,10.662,high
SEG-0015,2026-06-06,42.8,102.9,220.7,28.7,701,4.82,4,4,2,mountain,weathered_rock,fair,11.73,high
SEG-0015,2026-06-07,8.0,77.2,194.8,28.7,701,4.82,4,4,2,mountain,weathered_rock,fair,10.399,high
SEG-0015,2026-06-08,38.9,89.7,196.8,28.7,701,4.82,4,4,2,mountain,weathered_rock,fair,11.255,high
SEG-0015,2026-06-09,34.8,81.7,198.8,28.7,701,4.82,4,4,2,mountain,weathered_rock,fair,10.983,high
SEG-0015,2026-06-10,37.5,111.2,222.1,28.7,701,4.82,4,4,2,mountain,weathered_rock,fair,11.86,high
SEG-0015,2026-06-11,0.1,72.4,188.5,28.7,701,4.82,4,4,2,mountain,weathered_rock,fair,10.123,high
SEG-0015,2026-06-12,26.4,64.0,188.5,28.7,701,4.82,4,4,2,mountain,weathered_rock,fair,10.352,high
SEG-0015,2026-06-13,42.3,68.8,188.0,28.7,701,4.82,4,4,2,mountain,weathered_rock,fair,10.745,high
SEG-0015,2026-06-14,176.6,245.3,356.6,28.7,701,4.82,4,4,2,mountain,weathered_rock,fair,18.081,high
SEG-0015,2026-06-15,71.2,290.1,388.9,28.7,701,4.82,4,4,2,mountain,weathered_rock,fair,17.543,high
SEG-0015,2026-06-16,6.2,254.0,360.3,28.7,701,4.82,4,4,2,mountain,weathered_rock,fair,15.421,high
SEG-0015,2026-06-17,139.7,217.1,462.5,28.7,701,4.82,4,4,2,mountain,weathered_rock,fair,17.012,high
SEG-0015,2026-06-18,111.3,257.2,573.7,28.7,701,4.82,4,4,2,mountain,weathered_rock,fair,17.877,high
SEG-0015,2026-06-19,43.7,294.7,591.0,28.7,701,4.82,4,4,2,mountain,weathered_rock,fair,17.751,high
SEG-0015,2026-06-20,49.5,204.5,598.2,28.7,701,4.82,4,4,2,mountain,weathered_rock,fair,15.524,high
SEG-0015,2026-06-21,36.4,129.6,458.0,28.7,701,4.82,4,4,2,mountain,weathered_rock,fair,12.968,high
SEG-0015,2026-06-22,41.2,127.1,428.0,28.7,701,4.82,4,4,2,mountain,weathered_rock,fair,12.902,high
SEG-0015,2026-06-23,49.6,127.2,471.4,28.7,701,4.82,4,4,2,mountain,weathered_rock,fair,13.167,high
SEG-0015,2026-06-24,5.2,96.0,336.9,28.7,701,4.82,4,4,2,mountain,weathered_rock,fair,11.231,high
SEG-0015,2026-06-25,19.2,74.0,244.8,28.7,701,4.82,4,4,2,mountain,weathered_rock,fair,10.644,high
SEG-0015,2026-06-26,28.0,52.4,229.1,28.7,701,4.82,4,4,2,mountain,weathered_rock,fair,10.189,high
SEG-0015,2026-06-27,44.2,91.4,223.8,28.7,701,4.82,4,4,2,mountain,weathered_rock,fair,11.464,high
SEG-0015,2026-06-28,37.7,109.9,225.1,28.7,701,4.82,4,4,2,mountain,weathered_rock,fair,11.838,high
SEG-0015,2026-06-29,5.9,87.8,189.8,28.7,701,4.82,4,4,2,mountain,weathered_rock,fair,10.626,high
SEG-0015,2026-06-30,46.4,90.0,186.6,28.7,701,4.82,4,4,2,mountain,weathered_rock,fair,11.362,high
SEG-0015,2026-07-01,11.4,63.7,192.8,28.7,701,4.82,4,4,2,mountain,weathered_rock,fair,10.101,high
SEG-0015,2026-07-02,51.9,109.7,225.5,28.7,701,4.82,4,4,2,mountain,weathered_rock,fair,12.075,high
SEG-0015,2026-07-03,21.1,84.4,218.6,28.7,701,4.82,4,4,2,mountain,weathered_rock,fair,10.875,high
SEG-0015,2026-07-04,38.6,111.6,213.0,28.7,701,4.82,4,4,2,mountain,weathered_rock,fair,11.864,high
SEG-0015,2026-07-05,9.4,69.1,184.7,28.7,701,4.82,4,4,2,mountain,weathered_rock,fair,10.185,high
SEG-0015,2026-07-06,44.0,92.0,222.8,28.7,701,4.82,4,4,2,mountain,weathered_rock,fair,11.473,high
SEG-0015,2026-07-07,176.1,229.5,352.5,28.7,701,4.82,4,4,2,mountain,weathered_rock,fair,17.651,high
SEG-0015,2026-07-08,112.8,332.9,453.9,28.7,701,4.82,4,4,2,mountain,weathered_rock,fair,19.542,high
SEG-0015,2026-07-09,66.9,355.8,468.9,28.7,701,4.82,4,4,2,mountain,weathered_rock,fair,19.398,high
SEG-0015,2026-07-10,22.4,202.1,470.2,28.7,701,4.82,4,4,2,mountain,weathered_rock,fair,14.649,high
SEG-0015,2026-07-11,55.1,144.4,486.7,28.7,701,4.82,4,4,2,mountain,weathered_rock,fair,13.75,high
SEG-0015,2026-07-12,40.5,118.0,517.8,28.7,701,4.82,4,4,2,mountain,weathered_rock,fair,12.901,high
SEG-0015,2026-07-13,49.3,144.9,523.1,28.7,701,4.82,4,4,2,mountain,weathered_rock,fair,13.764,high
SEG-0015,2026-07-14,34.6,124.4,381.6,28.7,701,4.82,4,4,2,mountain,weathered_rock,fair,12.592,high
SEG-0015,2026-07-15,21.2,105.1,290.0,28.7,701,4.82,4,4,2,mountain,weathered_rock,fair,11.611,high
SEG-0015,2026-07-16,22.4,78.2,245.5,28.7,701,4.82,4,4,2,mountain,weathered_rock,fair,10.81,high
SEG-0015,2026-07-17,49.7,93.3,272.8,28.7,701,4.82,4,4,2,mountain,weathered_rock,fair,11.741,high
SEG-0015,2026-07-18,50.8,122.9,268.5,28.7,701,4.82,4,4,2,mountain,weathered_rock,fair,12.518,high
SEG-0015,2026-07-19,47.3,147.8,275.3,28.7,701,4.82,4,4,2,mountain,weathered_rock,fair,13.124,high
SEG-0015,2026-07-20,19.4,117.5,245.4,28.7,701,4.82,4,4,2,mountain,weathered_rock,fair,11.78,high
SEG-0015,2026-07-21,204.5,271.2,415.3,28.7,701,4.82,4,4,2,mountain,weathered_rock,fair,19.39,high
SEG-0015,2026-07-22,94.2,318.1,488.3,28.7,701,4.82,4,4,2,mountain,weathered_rock,fair,18.935,high
SEG-0015,2026-07-23,118.5,417.2,584.4,28.7,701,4.82,4,4,2,mountain,weathered_rock,fair,22.189,high
SEG-0015,2026-07-24,1.1,213.8,535.8,28.7,701,4.82,4,4,2,mountain,weathered_rock,fair,14.771,high
SEG-0015,2026-07-25,16.2,135.8,501.2,28.7,701,4.82,4,4,2,mountain,weathered_rock,fair,12.905,high
SEG-0015,2026-07-26,26.6,43.9,480.5,28.7,701,4.82,4,4,2,mountain,weathered_rock,fair,10.635,high
SEG-0015,2026-07-27,37.6,80.4,498.7,28.7,701,4.82,4,4,2,mountain,weathered_rock,fair,11.821,high
SEG-0015,2026-07-28,151.5,215.7,445.7,28.7,701,4.82,4,4,2,mountain,weathered_rock,fair,17.13,high
SEG-0015,2026-07-29,86.3,275.4,437.8,28.7,701,4.82,4,4,2,mountain,weathered_rock,fair,17.552,high
SEG-0015,2026-07-30,10.4,248.2,329.7,28.7,701,4.82,4,4,2,mountain,weathered_rock,fair,15.257,high
SEG-0015,2026-07-31,30.4,127.1,359.0,28.7,701,4.82,4,4,2,mountain,weathered_rock,fair,12.529,high
SEG-0015,2026-08-01,2.0,42.8,344.8,28.7,701,4.82,4,4,2,mountain,weathered_rock,fair,9.815,high
SEG-0015,2026-08-02,9.1,41.5,327.3,28.7,701,4.82,4,4,2,mountain,weathered_rock,fair,9.854,high
SEG-0015,2026-08-03,32.1,43.2,321.8,28.7,701,4.82,4,4,2,mountain,weathered_rock,fair,10.274,high
SEG-0015,2026-08-04,9.6,50.8,179.9,28.7,701,4.82,4,4,2,mountain,weathered_rock,fair,9.699,high
SEG-0015,2026-08-05,29.7,71.4,123.3,28.7,701,4.82,4,4,2,mountain,weathered_rock,fair,10.421,high
SEG-0015,2026-08-06,30.0,69.3,142.9,28.7,701,4.82,4,4,2,mountain,weathered_rock,fair,10.425,high
SEG-0015,2026-08-07,15.3,75.0,127.8,28.7,701,4.82,4,4,2,mountain,weathered_rock,fair,10.282,high
SEG-0015,2026-08-08,25.5,70.8,151.3,28.7,701,4.82,4,4,2,mountain,weathered_rock,fair,10.411,medium
SEG-0015,2026-08-09,11.4,52.2,153.6,28.7,701,4.82,4,4,2,mountain,weathered_rock,fair,9.694,high
SEG-0015,2026-08-10,32.5,69.4,154.0,28.7,701,4.82,4,4,2,mountain,weathered_rock,fair,10.501,high
SEG-0015,2026-08-11,19.3,63.2,163.7,28.7,701,4.82,4,4,2,mountain,weathered_rock,fair,10.142,high
SEG-0015,2026-08-12,6.5,58.3,140.5,28.7,701,4.82,4,4,2,mountain,weathered_rock,fair,9.733,medium
SEG-0015,2026-08-13,9.1,34.9,119.6,28.7,701,4.82,4,4,2,mountain,weathered_rock,fair,9.111,high
SEG-0015,2026-08-14,33.6,49.2,137.9,28.7,701,4.82,4,4,2,mountain,weathered_rock,fair,9.95,high
SEG-0015,2026-08-15,42.8,85.5,155.2,28.7,701,4.82,4,4,2,mountain,weathered_rock,fair,11.098,high
SEG-0015,2026-08-16,16.4,92.8,160.2,28.7,701,4.82,4,4,2,mountain,weathered_rock,fair,10.853,high
SEG-0015,2026-08-17,159.8,219.0,287.5,28.7,701,4.82,4,4,2,mountain,weathered_rock,fair,16.922,high
SEG-0015,2026-08-18,84.2,260.4,352.4,28.7,701,4.82,4,4,2,mountain,weathered_rock,fair,16.891,high
SEG-0015,2026-08-19,35.1,279.1,381.0,28.7,701,4.82,4,4,2,mountain,weathered_rock,fair,16.622,high
SEG-0015,2026-08-20,21.9,141.2,393.8,28.7,701,4.82,4,4,2,mountain,weathered_rock,fair,12.847,high
SEG-0015,2026-08-21,39.2,96.2,399.4,28.7,701,4.82,4,4,2,mountain,weathered_rock,fair,11.986,high
SEG-0015,2026-08-22,39.2,100.3,395.8,28.7,701,4.82,4,4,2,mountain,weathered_rock,fair,12.083,high
SEG-0015,2026-08-23,9.2,87.6,388.6,28.7,701,4.82,4,4,2,mountain,weathered_rock,fair,11.223,high
SEG-0015,2026-08-24,37.7,86.1,266.5,28.7,701,4.82,4,4,2,mountain,weathered_rock,fair,11.333,high
SEG-0015,2026-08-25,10.7,57.6,193.0,28.7,701,4.82,4,4,2,mountain,weathered_rock,fair,9.931,high
SEG-0015,2026-08-26,41.1,89.5,199.0,28.7,701,4.82,4,4,2,mountain,weathered_rock,fair,11.293,high
SEG-0015,2026-08-27,24.3,76.1,201.4,28.7,701,4.82,4,4,2,mountain,weathered_rock,fair,10.666,high
SEG-0015,2026-08-28,7.0,72.4,169.2,28.7,701,4.82,4,4,2,mountain,weathered_rock,fair,10.187,high
SEG-0015,2026-08-29,36.3,67.6,166.3,28.7,701,4.82,4,4,2,mountain,weathered_rock,fair,10.552,high
SEG-0015,2026-08-30,2.6,45.9,159.7,28.7,701,4.82,4,4,2,mountain,weathered_rock,fair,9.397,medium
SEG-0015,2026-08-31,20.0,58.9,142.0,28.7,701,4.82,4,4,2,mountain,weathered_rock,fair,9.982,medium
SEG-0015,2026-09-01,19.1,41.7,150.4,28.7,701,4.82,4,4,2,mountain,weathered_rock,fair,9.543,high
SEG-0015,2026-09-02,13.3,52.4,122.6,28.7,701,4.82,4,4,2,mountain,weathered_rock,fair,9.646,medium
SEG-0015,2026-09-03,26.7,59.1,125.0,28.7,701,4.82,4,4,2,mountain,weathered_rock,fair,10.055,high
SEG-0015,2026-09-04,25.8,65.8,143.8,28.7,701,4.82,4,4,2,mountain,weathered_rock,fair,10.265,high
SEG-0015,2026-09-05,25.3,77.8,132.8,28.7,701,4.82,4,4,2,mountain,weathered_rock,fair,10.539,high
SEG-0015,2026-09-06,28.0,79.1,158.2,28.7,701,4.82,4,4,2,mountain,weathered_rock,fair,10.688,high
SEG-0015,2026-09-07,5.3,58.6,143.5,28.7,701,4.82,4,4,2,mountain,weathered_rock,fair,9.729,medium
SEG-0015,2026-09-08,20.0,53.3,144.4,28.7,701,4.82,4,4,2,mountain,weathered_rock,fair,9.843,medium
SEG-0015,2026-09-09,30.3,55.6,161.4,28.7,701,4.82,4,4,2,mountain,weathered_rock,fair,10.125,high
SEG-0015,2026-09-10,17.8,68.1,152.5,28.7,701,4.82,4,4,2,mountain,weathered_rock,fair,10.213,high
SEG-0015,2026-09-11,23.2,71.3,149.9,28.7,701,4.82,4,4,2,mountain,weathered_rock,fair,10.381,high
SEG-0015,2026-09-12,18.2,59.2,142.8,28.7,701,4.82,4,4,2,mountain,weathered_rock,fair,9.962,high
SEG-0015,2026-09-13,30.7,72.1,145.5,28.7,701,4.82,4,4,2,mountain,weathered_rock,fair,10.517,high
SEG-0015,2026-09-14,5.0,53.9,145.2,28.7,701,4.82,4,4,2,mountain,weathered_rock,fair,9.606,medium
SEG-0015,2026-09-15,26.8,62.5,152.0,28.7,701,4.82,4,4,2,mountain,weathered_rock,fair,10.219,high
SEG-0015,2026-09-16,12.3,44.1,134.0,28.7,701,4.82,4,4,2,mountain,weathered_rock,fair,9.445,medium
SEG-0016,2026-05-20,12.2,12.2,12.2,3.8,24,1.58,1,4,2,plain,alluvial,good,1.289,low
SEG-0016,2026-05-21,2.5,14.7,14.7,3.8,24,1.58,1,4,2,plain,alluvial,good,1.196,low
SEG-0016,2026-05-22,9.9,24.6,24.6,3.8,24,1.58,1,4,2,plain,alluvial,good,1.606,low
SEG-0016,2026-05-23,14.5,26.9,39.1,3.8,24,1.58,1,4,2,plain,alluvial,good,1.784,low
SEG-0016,2026-05-24,51.3,75.7,90.4,3.8,24,1.58,1,4,2,plain,alluvial,good,3.82,low
SEG-0016,2026-05-25,17.8,83.6,108.2,3.8,24,1.58,1,4,2,plain,alluvial,good,3.505,low
SEG-0016,2026-05-26,29.8,98.9,138.0,3.8,24,1.58,1,4,2,plain,alluvial,good,4.188,low
SEG-0016,2026-05-27,32.2,79.8,158.0,3.8,24,1.58,1,4,2,plain,alluvial,good,3.788,low
SEG-0016,2026-05-28,2.1,64.1,157.6,3.8,24,1.58,1,4,2,plain,alluvial,good,2.867,low
SEG-0016,2026-05-29,63.9,98.2,211.6,3.8,24,1.58,1,4,2,plain,alluvial,good,4.952,low
SEG-0016,2026-05-30,24.6,90.6,221.7,3.8,24,1.58,1,4,2,plain,alluvial,good,4.114,low
SEG-0016,2026-05-31,23.5,112.0,193.9,3.8,24,1.58,1,4,2,plain,alluvial,good,4.576,low
SEG-0016,2026-06-01,47.2,95.3,223.3,3.8,24,1.58,1,4,2,plain,alluvial,good,4.625,low
SEG-0016,2026-06-02,72.3,143.0,265.8,3.8,24,1.58,1,4,2,plain,alluvial,good,6.823,medium
SEG-0016,2026-06-03,45.9,165.4,279.5,3.8,24,1.58,1,4,2,plain,alluvial,good,7.397,medium
SEG-0016,2026-06-04,39.6,157.8,317.0,3.8,24,1.58,1,4,2,plain,alluvial,good,7.059,medium
SEG-0016,2026-06-05,29.0,114.5,282.1,3.8,24,1.58,1,4,2,plain,alluvial,good,4.977,low
SEG-0016,2026-06-06,25.5,94.1,283.0,3.8,24,1.58,1,4,2,plain,alluvial,good,4.389,low
SEG-0016,2026-06-07,93.4,147.9,352.9,3.8,24,1.58,1,4,2,plain,alluvial,good,7.637,medium
SEG-0016,2026-06-08,35.7,154.6,341.4,3.8,24,1.58,1,4,2,plain,alluvial,good,6.919,medium
SEG-0016,2026-06-09,46.8,175.9,315.9,3.8,24,1.58,1,4,2,plain,alluvial,good,7.975,medium
SEG-0016,2026-06-10,51.8,134.3,321.8,3.8,24,1.58,1,4,2,plain,alluvial,good,6.246,low
SEG-0016,2026-06-11,19.2,117.8,301.4,3.8,24,1.58,1,4,2,plain,alluvial,good,4.949,low
SEG-0016,2026-06-12,12.0,83.0,284.4,3.8,24,1.58,1,4,2,plain,alluvial,good,3.875,low
SEG-0016,2026-06-13,16.6,47.8,275.5,3.8,24,1.58,1,4,2,plain,alluvial,good,3.013,low
SEG-0016,2026-06-14,17.1,45.7,199.2,3.8,24,1.58,1,4,2,plain,alluvial,good,2.758,low
SEG-0016,2026-06-15,10.0,43.7,173.5,3.8,24,1.58,1,4,2,plain,alluvial,good,2.514,low
SEG-0016,2026-06-16,10.7,37.8,137.4,3.8,24,1.58,1,4,2,plain,alluvial,good,2.273,low
SEG-0016,2026-06-17,21.0,41.7,106.6,3.8,24,1.58,1,4,2,plain,alluvial,good,2.465,low
SEG-0016,2026-06-18,20.6,52.3,108.0,3.8,24,1.58,1,4,2,plain,alluvial,good,2.738,low
SEG-0016,2026-06-19,2.5,44.1,98.5,3.8,24,1.58,1,4,2,plain,alluvial,good,2.191,low
SEG-0016,2026-06-20,1.3,24.4,83.2,3.8,24,1.58,1,4,2,plain,alluvial,good,1.616,low
SEG-0016,2026-06-21,20.8,24.6,86.9,3.8,24,1.58,1,4,2,plain,alluvial,good,1.963,low
SEG-0016,2026-06-22,18.1,40.2,95.0,3.8,24,1.58,1,4,2,plain,alluvial,good,2.345,low
SEG-0016,2026-06-23,24.2,63.1,108.5,3.8,24,1.58,1,4,2,plain,alluvial,good,3.081,low
SEG-0016,2026-06-24,12.1,54.4,99.6,3.8,24,1.58,1,4,2,plain,alluvial,good,2.625,low
SEG-0016,2026-06-25,13.7,50.0,92.7,3.8,24,1.58,1,4,2,plain,alluvial,good,2.519,low
SEG-0016,2026-06-26,64.7,90.5,154.9,3.8,24,1.58,1,4,2,plain,alluvial,good,4.61,low
SEG-0016,2026-06-27,54.4,132.8,208.0,3.8,24,1.58,1,4,2,plain,alluvial,good,5.911,low
SEG-0016,2026-06-28,41.0,160.1,228.2,3.8,24,1.58,1,4,2,plain,alluvial,good,6.94,medium
SEG-0016,2026-06-29,12.7,108.1,222.8,3.8,24,1.58,1,4,2,plain,alluvial,good,4.37,low
SEG-0016,2026-06-30,16.3,70.0,214.9,3.8,24,1.58,1,4,2,plain,alluvial,good,3.419,low
SEG-0016,2026-07-01,7.0,36.0,209.8,3.8,24,1.58,1,4,2,plain,alluvial,good,2.363,low
SEG-0016,2026-07-02,17.6,40.9,213.7,3.8,24,1.58,1,4,2,plain,alluvial,good,2.681,low
SEG-0016,2026-07-03,6.5,31.1,155.5,3.8,24,1.58,1,4,2,plain,alluvial,good,2.078,low
SEG-0016,2026-07-04,10.9,35.0,112.0,3.8,24,1.58,1,4,2,plain,alluvial,good,2.134,low
SEG-0016,2026-07-05,22.1,39.5,93.1,3.8,24,1.58,1,4,2,plain,alluvial,good,2.39,low
SEG-0016,2026-07-06,16.4,49.4,96.8,3.8,24,1.58,1,4,2,plain,alluvial,good,2.56,low
SEG-0016,2026-07-07,1.0,39.5,81.5,3.8,24,1.58,1,4,2,plain,alluvial,good,1.999,low
SEG-0016,2026-07-08,9.5,26.9,84.0,3.8,24,1.58,1,4,2,plain,alluvial,good,1.823,low
SEG-0016,2026-07-09,2.9,13.4,69.3,3.8,24,1.58,1,4,2,plain,alluvial,good,1.319,low
SEG-0016,2026-07-10,14.1,26.5,76.9,3.8,24,1.58,1,4,2,plain,alluvial,good,1.871,low
SEG-0016,2026-07-11,12.3,29.3,78.3,3.8,24,1.58,1,4,2,plain,alluvial,good,1.917,low
SEG-0016,2026-07-12,4.7,31.1,60.9,3.8,24,1.58,1,4,2,plain,alluvial,good,1.787,low
SEG-0016,2026-07-13,5.5,22.5,50.0,3.8,24,1.58,1,4,2,plain,alluvial,good,1.547,low
SEG-0016,2026-07-14,5.7,15.9,54.7,3.8,24,1.58,1,4,2,plain,alluvial,good,1.392,low
SEG-0016,2026-07-15,23.1,34.3,68.3,3.8,24,1.58,1,4,2,plain,alluvial,good,2.203,low
SEG-0016,2026-07-16,26.6,55.4,92.0,3.8,24,1.58,1,4,2,plain,alluvial,good,2.876,low
SEG-0016,2026-07-17,66.7,116.4,144.6,3.8,24,1.58,1,4,2,plain,alluvial,good,5.289,low
SEG-0016,2026-07-18,42.8,136.1,175.1,3.8,24,1.58,1,4,2,plain,alluvial,good,5.768,low
SEG-0016,2026-07-19,60.7,170.2,231.1,3.8,24,1.58,1,4,2,plain,alluvial,good,7.727,medium
SEG-0016,2026-07-20,56.9,160.4,282.5,3.8,24,1.58,1,4,2,plain,alluvial,good,7.373,medium
SEG-0016,2026-07-21,51.7,169.3,328.5,3.8,24,1.58,1,4,2,plain,alluvial,good,7.802,medium
SEG-0016,2026-07-22,17.0,125.6,322.4,3.8,24,1.58,1,4,2,plain,alluvial,good,5.273,low
SEG-0016,2026-07-23,26.8,95.5,322.6,3.8,24,1.58,1,4,2,plain,alluvial,good,4.557,low
SEG-0016,2026-07-24,8.8,52.6,264.7,3.8,24,1.58,1,4,2,plain,alluvial,good,2.976,low
SEG-0016,2026-07-25,18.6,54.2,240.5,3.8,24,1.58,1,4,2,plain,alluvial,good,3.118,low
SEG-0016,2026-07-26,9.2,36.6,189.0,3.8,24,1.58,1,4,2,plain,alluvial,good,2.359,low
SEG-0016,2026-07-27,13.6,41.4,145.7,3.8,24,1.58,1,4,2,plain,alluvial,good,2.439,low
SEG-0016,2026-07-28,8.8,31.6,102.8,3.8,24,1.58,1,4,2,plain,alluvial,good,1.985,low
SEG-0016,2026-07-29,21.4,43.8,107.2,3.8,24,1.58,1,4,2,plain,alluvial,good,2.528,low
SEG-0016,2026-07-30,6.1,36.3,86.5,3.8,24,1.58,1,4,2,plain,alluvial,good,2.016,low
SEG-0016,2026-07-31,16.9,44.4,94.6,3.8,24,1.58,1,4,2,plain,alluvial,good,2.433,low
SEG-0016,2026-08-01,1.7,24.7,77.7,3.8,24,1.58,1,4,2,plain,alluvial,good,1.616,low
SEG-0016,2026-08-02,15.9,34.5,84.4,3.8,24,1.58,1,4,2,plain,alluvial,good,2.13,low
SEG-0016,2026-08-03,18.8,36.4,89.6,3.8,24,1.58,1,4,2,plain,alluvial,good,2.243,low
SEG-0016,2026-08-04,20.1,54.8,100.9,3.8,24,1.58,1,4,2,plain,alluvial,good,2.775,low
SEG-0016,2026-08-05,47.7,86.6,127.2,3.8,24,1.58,1,4,2,plain,alluvial,good,4.143,low
SEG-0016,2026-08-06,46.2,114.0,167.3,3.8,24,1.58,1,4,2,plain,alluvial,good,4.94,low
SEG-0016,2026-08-07,34.8,128.7,185.2,3.8,24,1.58,1,4,2,plain,alluvial,good,5.335,low
SEG-0016,2026-08-08,31.8,112.8,215.3,3.8,24,1.58,1,4,2,plain,alluvial,good,4.796,low
SEG-0016,2026-08-09,0.2,66.8,199.6,3.8,24,1.58,1,4,2,plain,alluvial,good,3.02,low
SEG-0016,2026-08-10,18.8,50.8,199.6,3.8,24,1.58,1,4,2,plain,alluvial,good,2.92,low
SEG-0016,2026-08-11,6.4,25.4,185.9,3.8,24,1.58,1,4,2,plain,alluvial,good,2.011,low
SEG-0016,2026-08-12,1.1,26.3,139.3,3.8,24,1.58,1,4,2,plain,alluvial,good,1.816,low
SEG-0016,2026-08-13,14.0,21.5,107.1,3.8,24,1.58,1,4,2,plain,alluvial,good,1.822,low
SEG-0016,2026-08-14,3.0,18.1,75.3,3.8,24,1.58,1,4,2,plain,alluvial,good,1.459,low
SEG-0016,2026-08-15,45.1,62.1,88.6,3.8,24,1.58,1,4,2,plain,alluvial,good,3.356,low
SEG-0016,2026-08-16,46.4,94.5,134.8,3.8,24,1.58,1,4,2,plain,alluvial,good,4.347,low
SEG-0016,2026-08-17,31.6,123.1,147.6,3.8,24,1.58,1,4,2,plain,alluvial,good,4.93,low
SEG-0016,2026-08-18,4.9,82.9,146.1,3.8,24,1.58,1,4,2,plain,alluvial,good,3.371,low
SEG-0016,2026-08-19,5.1,41.6,150.1,3.8,24,1.58,1,4,2,plain,alluvial,good,2.312,low
SEG-0016,2026-08-20,4.1,14.1,140.2,3.8,24,1.58,1,4,2,plain,alluvial,good,1.553,low
SEG-0016,2026-08-21,0.5,9.7,137.7,3.8,24,1.58,1,4,2,plain,alluvial,good,1.37,low
SEG-0016,2026-08-22,55.1,59.7,147.7,3.8,24,1.58,1,4,2,plain,alluvial,good,3.626,low
SEG-0016,2026-08-23,25.5,81.1,126.8,3.8,24,1.58,1,4,2,plain,alluvial,good,3.622,low
SEG-0016,2026-08-24,0.3,80.9,95.5,3.8,24,1.58,1,4,2,plain,alluvial,good,3.102,low
SEG-0016,2026-08-25,20.7,46.5,111.3,3.8,24,1.58,1,4,2,plain,alluvial,good,2.598,low
SEG-0016,2026-08-26,18.1,39.1,124.3,3.8,24,1.58,1,4,2,plain,alluvial,good,2.397,low
SEG-0016,2026-08-27,18.0,56.8,138.2,3.8,24,1.58,1,4,2,plain,alluvial,good,2.894,low
SEG-0016,2026-08-28,12.0,48.1,149.7,3.8,24,1.58,1,4,2,plain,alluvial,good,2.597,low
SEG-0016,2026-08-29,9.2,39.2,103.8,3.8,24,1.58,1,4,2,plain,alluvial,good,2.192,low
SEG-0016,2026-08-30,6.3,27.5,84.6,3.8,24,1.58,1,4,2,plain,alluvial,good,1.786,low
SEG-0016,2026-08-31,10.9,26.4,95.2,3.8,24,1.58,1,4,2,plain,alluvial,good,1.864,low
SEG-0016,2026-09-01,27.9,45.1,102.4,3.8,24,1.58,1,4,2,plain,alluvial,good,2.659,low
SEG-0016,2026-09-02,18.4,57.2,102.7,3.8,24,1.58,1,4,2,plain,alluvial,good,2.813,low
SEG-0016,2026-09-03,26.8,73.1,111.5,3.8,24,1.58,1,4,2,plain,alluvial,good,3.394,low
SEG-0016,2026-09-04,10.1,55.3,109.6,3.8,24,1.58,1,4,2,plain,alluvial,good,2.642,low
SEG-0016,2026-09-05,50.0,86.9,150.4,3.8,24,1.58,1,4,2,plain,alluvial,good,4.254,low
SEG-0016,2026-09-06,32.2,92.3,176.3,3.8,24,1.58,1,4,2,plain,alluvial,good,4.163,low
SEG-0016,2026-09-07,5.0,87.2,170.4,3.8,24,1.58,1,4,2,plain,alluvial,good,3.552,low
SEG-0016,2026-09-08,14.9,52.1,157.4,3.8,24,1.58,1,4,2,plain,alluvial,good,2.772,low
SEG-0016,2026-09-09,5.9,25.8,144.9,3.8,24,1.58,1,4,2,plain,alluvial,good,1.9,low
SEG-0016,2026-09-10,1.3,22.1,119.4,3.8,24,1.58,1,4,2,plain,alluvial,good,1.656,low
SEG-0016,2026-09-11,1.3,8.5,110.6,3.8,24,1.58,1,4,2,plain,alluvial,good,1.278,low
SEG-0016,2026-09-12,2.0,4.6,62.6,3.8,24,1.58,1,4,2,plain,alluvial,good,1.057,low
SEG-0016,2026-09-13,2.1,5.4,32.5,3.8,24,1.58,1,4,2,plain,alluvial,good,0.996,low
SEG-0016,2026-09-14,3.2,7.3,30.7,3.8,24,1.58,1,4,2,plain,alluvial,good,1.059,low
SEG-0016,2026-09-15,11.2,16.5,27.0,3.8,24,1.58,1,4,2,plain,alluvial,good,1.424,low
SEG-0016,2026-09-16,7.3,21.7,28.4,3.8,24,1.58,1,4,2,plain,alluvial,good,1.497,low
SEG-0017,2026-05-20,0.4,0.4,0.4,6.0,54,0.78,0,0,2,plain,alluvial,good,0.843,low
SEG-0017,2026-05-21,10.8,11.2,11.2,6.0,54,0.78,0,0,2,plain,alluvial,good,1.33,low
SEG-0017,2026-05-22,0.1,11.3,11.3,6.0,54,0.78,0,0,2,plain,alluvial,good,1.151,low
SEG-0017,2026-05-23,16.5,27.4,27.8,6.0,54,0.78,0,0,2,plain,alluvial,good,1.894,low
SEG-0017,2026-05-24,13.8,30.4,41.6,6.0,54,0.78,0,0,2,plain,alluvial,good,1.964,low
SEG-0017,2026-05-25,10.5,40.8,52.1,6.0,54,0.78,0,0,2,plain,alluvial,good,2.207,low
SEG-0017,2026-05-26,12.8,37.1,64.9,6.0,54,0.78,0,0,2,plain,alluvial,good,2.185,low
SEG-0017,2026-05-27,9.0,32.3,73.5,6.0,54,0.78,0,0,2,plain,alluvial,good,2.019,low
SEG-0017,2026-05-28,5.5,27.3,68.2,6.0,54,0.78,0,0,2,plain,alluvial,good,1.815,low
SEG-0017,2026-05-29,1.1,15.6,69.2,6.0,54,0.78,0,0,2,plain,alluvial,good,1.439,low
SEG-0017,2026-05-30,15.5,22.1,68.2,6.0,54,0.78,0,0,2,plain,alluvial,good,1.85,low
SEG-0017,2026-05-31,0.1,16.7,54.5,6.0,54,0.78,0,0,2,plain,alluvial,good,1.41,low
SEG-0017,2026-06-01,19.7,35.3,63.7,6.0,54,0.78,0,0,2,plain,alluvial,good,2.252,low
SEG-0017,2026-06-02,0.8,20.6,51.7,6.0,54,0.78,0,0,2,plain,alluvial,good,1.516,low
SEG-0017,2026-06-03,3.4,23.9,46.1,6.0,54,0.78,0,0,2,plain,alluvial,good,1.63,low
SEG-0017,2026-06-04,65.9,70.1,106.5,6.0,54,0.78,0,0,2,plain,alluvial,good,4.06,low
SEG-0017,2026-06-05,39.9,109.2,145.3,6.0,54,0.78,0,0,2,plain,alluvial,good,4.741,low
SEG-0017,2026-06-06,38.9,144.7,168.7,6.0,54,0.78,0,0,2,plain,alluvial,good,6.156,low
SEG-0017,2026-06-07,54.6,133.4,223.2,6.0,54,0.78,0,0,2,plain,alluvial,good,6.076,medium
SEG-0017,2026-06-08,52.7,146.2,256.2,6.0,54,0.78,0,0,2,plain,alluvial,good,6.698,medium
SEG-0017,2026-06-09,43.1,150.4,298.5,6.0,54,0.78,0,0,2,plain,alluvial,good,6.835,medium
SEG-0017,2026-06-10,19.7,115.5,314.8,6.0,54,0.78,0,0,2,plain,alluvial,good,5.028,low
SEG-0017,2026-06-11,74.4,137.2,323.3,6.0,54,0.78,0,0,2,plain,alluvial,good,6.855,medium
SEG-0017,2026-06-12,43.9,138.0,327.3,6.0,54,0.78,0,0,2,plain,alluvial,good,6.383,low
SEG-0017,2026-06-13,46.7,165.0,335.1,6.0,54,0.78,0,0,2,plain,alluvial,good,7.64,medium
SEG-0017,2026-06-14,17.4,108.0,297.9,6.0,54,0.78,0,0,2,plain,alluvial,good,4.747,low
SEG-0017,2026-06-15,11.4,75.5,256.6,6.0,54,0.78,0,0,2,plain,alluvial,good,3.687,low
SEG-0017,2026-06-16,13.8,42.6,227.3,6.0,54,0.78,0,0,2,plain,alluvial,good,2.792,low
SEG-0017,2026-06-17,21.8,47.0,229.4,6.0,54,0.78,0,0,2,plain,alluvial,good,3.048,low
SEG-0017,2026-06-18,11.9,47.5,166.9,6.0,54,0.78,0,0,2,plain,alluvial,good,2.721,low
SEG-0017,2026-06-19,8.6,42.3,131.6,6.0,54,0.78,0,0,2,plain,alluvial,good,2.432,low
SEG-0017,2026-06-20,23.2,43.7,108.1,6.0,54,0.78,0,0,2,plain,alluvial,good,2.652,low
SEG-0017,2026-06-21,14.6,46.4,105.3,6.0,54,0.78,0,0,2,plain,alluvial,good,2.568,low
SEG-0017,2026-06-22,54.0,91.8,147.9,6.0,54,0.78,0,0,2,plain,alluvial,good,4.536,low
SEG-0017,2026-06-23,42.1,110.7,176.2,6.0,54,0.78,0,0,2,plain,alluvial,good,4.903,low
SEG-0017,2026-06-24,34.4,130.5,188.8,6.0,54,0.78,0,0,2,plain,alluvial,good,5.51,low
SEG-0017,2026-06-25,20.1,96.6,197.0,6.0,54,0.78,0,0,2,plain,alluvial,good,4.219,low
SEG-0017,2026-06-26,13.8,68.3,202.2,6.0,54,0.78,0,0,2,plain,alluvial,good,3.391,low
SEG-0017,2026-06-27,0.4,34.3,179.4,6.0,54,0.78,0,0,2,plain,alluvial,good,2.216,low
SEG-0017,2026-06-28,3.3,17.5,168.1,6.0,54,0.78,0,0,2,plain,alluvial,good,1.798,low
SEG-0017,2026-06-29,11.6,15.3,125.7,6.0,54,0.78,0,0,2,plain,alluvial,good,1.765,low
SEG-0017,2026-06-30,10.6,25.5,94.2,6.0,54,0.78,0,0,2,plain,alluvial,good,1.927,low
SEG-0017,2026-07-01,8.8,31.0,68.6,6.0,54,0.78,0,0,2,plain,alluvial,good,1.969,low
SEG-0017,2026-07-02,6.5,25.9,55.0,6.0,54,0.78,0,0,2,plain,alluvial,good,1.759,low
SEG-0017,2026-07-03,8.8,24.1,50.0,6.0,54,0.78,0,0,2,plain,alluvial,good,1.738,low
SEG-0017,2026-07-04,6.1,21.4,55.7,6.0,54,0.78,0,0,2,plain,alluvial,good,1.638,low
SEG-0017,2026-07-05,88.5,103.4,140.9,6.0,54,0.78,0,0,2,plain,alluvial,good,5.405,low
SEG-0017,2026-07-06,56.7,151.3,186.0,6.0,54,0.78,0,0,2,plain,alluvial,good,6.797,medium
SEG-0017,2026-07-07,48.0,193.2,223.4,6.0,54,0.78,0,0,2,plain,alluvial,good,8.595,medium
SEG-0017,2026-07-08,7.7,112.4,222.3,6.0,54,0.78,0,0,2,plain,alluvial,good,4.489,low
SEG-0017,2026-07-09,26.6,82.3,242.4,6.0,54,0.78,0,0,2,plain,alluvial,good,4.083,low
SEG-0017,2026-07-10,15.6,49.9,249.2,6.0,54,0.78,0,0,2,plain,alluvial,good,3.072,low
SEG-0017,2026-07-11,0.7,42.9,243.8,6.0,54,0.78,0,0,2,plain,alluvial,good,2.622,low
SEG-0017,2026-07-12,96.8,113.1,252.1,6.0,54,0.78,0,0,2,plain,alluvial,good,6.104,low
SEG-0017,2026-07-13,43.2,140.7,238.6,6.0,54,0.78,0,0,2,plain,alluvial,good,6.246,low
SEG-0017,2026-07-14,60.3,200.3,250.9,6.0,54,0.78,0,0,2,plain,alluvial,good,9.193,medium
SEG-0017,2026-07-15,34.0,137.5,277.2,6.0,54,0.78,0,0,2,plain,alluvial,good,6.055,low
SEG-0017,2026-07-16,1.1,95.4,251.7,6.0,54,0.78,0,0,2,plain,alluvial,good,4.016,low
SEG-0017,2026-07-17,23.8,58.9,259.9,6.0,54,0.78,0,0,2,plain,alluvial,good,3.475,low
SEG-0017,2026-07-18,17.9,42.8,277.1,6.0,54,0.78,0,0,2,plain,alluvial,good,3.003,low
SEG-0017,2026-07-19,8.3,50.0,188.6,6.0,54,0.78,0,0,2,plain,alluvial,good,2.784,low
SEG-0017,2026-07-20,20.5,46.7,165.9,6.0,54,0.78,0,0,2,plain,alluvial,good,2.843,low
SEG-0017,2026-07-21,3.3,32.1,108.9,6.0,54,0.78,0,0,2,plain,alluvial,good,2.014,low
SEG-0017,2026-07-22,20.3,44.1,95.2,6.0,54,0.78,0,0,2,plain,alluvial,good,2.578,low
SEG-0017,2026-07-23,5.5,29.1,99.6,6.0,54,0.78,0,0,2,plain,alluvial,good,1.948,low
SEG-0017,2026-07-24,24.6,50.4,100.4,6.0,54,0.78,0,0,2,plain,alluvial,good,2.829,low
SEG-0017,2026-07-25,24.1,54.2,106.6,6.0,54,0.78,0,0,2,plain,alluvial,good,2.936,low
SEG-0017,2026-07-26,9.6,58.3,107.9,6.0,54,0.78,0,0,2,plain,alluvial,good,2.8,low
SEG-0017,2026-07-27,6.9,40.6,94.3,6.0,54,0.78,0,0,2,plain,alluvial,good,2.257,low
SEG-0017,2026-07-28,26.3,42.8,117.3,6.0,54,0.78,0,0,2,plain,alluvial,good,2.707,low
SEG-0017,2026-07-29,27.8,61.0,124.8,6.0,54,0.78,0,0,2,plain,alluvial,good,3.226,low
SEG-0017,2026-07-30,2.9,57.0,122.2,6.0,54,0.78,0,0,2,plain,alluvial,good,2.692,low
SEG-0017,2026-07-31,2.2,32.9,99.8,6.0,54,0.78,0,0,2,plain,alluvial,good,1.992,low
SEG-0017,2026-08-01,75.7,80.8,151.4,6.0,54,0.78,0,0,2,plain,alluvial,good,4.628,low
SEG-0017,2026-08-02,40.9,118.8,182.7,6.0,54,0.78,0,0,2,plain,alluvial,good,5.111,low
SEG-0017,2026-08-03,45.0,161.6,220.8,6.0,54,0.78,0,0,2,plain,alluvial,good,7.147,medium
SEG-0017,2026-08-04,19.3,105.2,213.8,6.0,54,0.78,0,0,2,plain,alluvial,good,4.476,low
SEG-0017,2026-08-05,6.5,70.8,192.5,6.0,54,0.78,0,0,2,plain,alluvial,good,3.305,low
SEG-0017,2026-08-06,3.8,29.6,193.4,6.0,54,0.78,0,0,2,plain,alluvial,good,2.19,low
SEG-0017,2026-08-07,3.2,13.5,194.4,6.0,54,0.78,0,0,2,plain,alluvial,good,1.764,low
SEG-0017,2026-08-08,19.9,26.9,138.6,6.0,54,0.78,0,0,2,plain,alluvial,good,2.243,low
SEG-0017,2026-08-09,14.1,37.2,111.8,6.0,54,0.78,0,0,2,plain,alluvial,good,2.339,low
SEG-0017,2026-08-10,10.7,44.7,77.5,6.0,54,0.78,0,0,2,plain,alluvial,good,2.382,low
SEG-0017,2026-08-11,21.6,46.4,79.8,6.0,54,0.78,0,0,2,plain,alluvial,good,2.617,low
SEG-0017,2026-08-12,1.1,33.4,74.4,6.0,54,0.78,0,0,2,plain,alluvial,good,1.916,low
SEG-0017,2026-08-13,13.4,36.1,84.0,6.0,54,0.78,0,0,2,plain,alluvial,good,2.222,low
SEG-0017,2026-08-14,14.6,29.1,95.4,6.0,54,0.78,0,0,2,plain,alluvial,good,2.091,low
SEG-0017,2026-08-15,9.7,37.7,85.2,6.0,54,0.78,0,0,2,plain,alluvial,good,2.204,low
SEG-0017,2026-08-16,3.9,28.2,75.0,6.0,54,0.78,0,0,2,plain,alluvial,good,1.83,low
SEG-0017,2026-08-17,18.3,31.9,82.6,6.0,54,0.78,0,0,2,plain,alluvial,good,2.192,low
SEG-0017,2026-08-18,7.5,29.7,68.5,6.0,54,0.78,0,0,2,plain,alluvial,good,1.912,low
SEG-0017,2026-08-19,16.0,41.8,83.4,6.0,54,0.78,0,0,2,plain,alluvial,good,2.412,low
SEG-0017,2026-08-20,0.3,23.8,70.3,6.0,54,0.78,0,0,2,plain,alluvial,good,1.642,low
SEG-0017,2026-08-21,18.2,34.5,73.9,6.0,54,0.78,0,0,2,plain,alluvial,good,2.234,low
SEG-0017,2026-08-22,12.4,30.9,76.6,6.0,54,0.78,0,0,2,plain,alluvial,good,2.049,low
SEG-0017,2026-08-23,6.7,37.3,79.4,6.0,54,0.78,0,0,2,plain,alluvial,good,2.126,low
SEG-0017,2026-08-24,2.1,21.2,63.2,6.0,54,0.78,0,0,2,plain,alluvial,good,1.585,low
SEG-0017,2026-08-25,20.9,29.7,76.6,6.0,54,0.78,0,0,2,plain,alluvial,good,2.162,low
SEG-0017,2026-08-26,10.8,33.8,71.4,6.0,54,0.78,0,0,2,plain,alluvial,good,2.083,low
SEG-0017,2026-08-27,21.0,52.7,92.1,6.0,54,0.78,0,0,2,plain,alluvial,good,2.805,low
SEG-0017,2026-08-28,7.9,39.7,81.8,6.0,54,0.78,0,0,2,plain,alluvial,good,2.216,low
SEG-0017,2026-08-29,14.6,43.5,84.0,6.0,54,0.78,0,0,2,plain,alluvial,good,2.435,low
SEG-0017,2026-08-30,2.8,25.3,80.1,6.0,54,0.78,0,0,2,plain,alluvial,good,1.75,low
SEG-0017,2026-08-31,19.2,36.6,97.2,6.0,54,0.78,0,0,2,plain,alluvial,good,2.37,low
SEG-0017,2026-09-01,2.2,24.2,78.5,6.0,54,0.78,0,0,2,plain,alluvial,good,1.707,low
SEG-0017,2026-09-02,36.0,57.4,103.7,6.0,54,0.78,0,0,2,plain,alluvial,good,3.214,low
SEG-0017,2026-09-03,17.5,55.7,100.2,6.0,54,0.78,0,0,2,plain,alluvial,good,2.846,low
SEG-0017,2026-09-04,9.1,62.6,101.4,6.0,54,0.78,0,0,2,plain,alluvial,good,2.885,low
SEG-0017,2026-09-05,10.1,36.7,96.9,6.0,54,0.78,0,0,2,plain,alluvial,good,2.217,low
SEG-0017,2026-09-06,6.5,25.7,100.6,6.0,54,0.78,0,0,2,plain,alluvial,good,1.88,low
SEG-0017,2026-09-07,2.3,18.9,83.7,6.0,54,0.78,0,0,2,plain,alluvial,good,1.585,low
SEG-0017,2026-09-08,9.2,18.0,90.7,6.0,54,0.78,0,0,2,plain,alluvial,good,1.698,low
SEG-0017,2026-09-09,10.0,21.5,64.7,6.0,54,0.78,0,0,2,plain,alluvial,good,1.731,low
SEG-0017,2026-09-10,6.3,25.5,53.5,6.0,54,0.78,0,0,2,plain,alluvial,good,1.742,low
SEG-0017,2026-09-11,3.9,20.2,48.3,6.0,54,0.78,0,0,2,plain,alluvial,good,1.549,low
SEG-0017,2026-09-12,27.2,37.4,65.4,6.0,54,0.78,0,0,2,plain,alluvial,good,2.439,low
SEG-0017,2026-09-13,25.0,56.1,83.9,6.0,54,0.78,0,0,2,plain,alluvial,good,2.939,low
SEG-0017,2026-09-14,28.3,80.5,109.9,6.0,54,0.78,0,0,2,plain,alluvial,good,3.701,low
SEG-0017,2026-09-15,8.9,62.2,109.6,6.0,54,0.78,0,0,2,plain,alluvial,good,2.894,low
SEG-0017,2026-09-16,5.6,42.8,105.2,6.0,54,0.78,0,0,2,plain,alluvial,good,2.322,low
SEG-0018,2026-05-20,14.9,14.9,14.9,10.2,139,10.93,3,6,2,hilly,lateritic,poor,5.724,low
SEG-0018,2026-05-21,4.6,19.5,19.5,10.2,139,10.93,3,6,2,hilly,lateritic,poor,5.681,low
SEG-0018,2026-05-22,7.7,27.2,27.2,10.2,139,10.93,3,6,2,hilly,lateritic,poor,5.955,low
SEG-0018,2026-05-23,8.7,21.0,35.9,10.2,139,10.93,3,6,2,hilly,lateritic,poor,5.835,low
SEG-0018,2026-05-24,8.0,24.4,43.9,10.2,139,10.93,3,6,2,hilly,lateritic,poor,5.934,low
SEG-0018,2026-05-25,11.2,27.9,55.1,10.2,139,10.93,3,6,2,hilly,lateritic,poor,6.11,low
SEG-0018,2026-05-26,11.9,31.1,67.0,10.2,139,10.93,3,6,2,hilly,lateritic,poor,6.238,low
SEG-0018,2026-05-27,13.6,36.7,65.7,10.2,139,10.93,3,6,2,hilly,lateritic,poor,6.409,low
SEG-0018,2026-05-28,6.2,31.7,67.3,10.2,139,10.93,3,6,2,hilly,lateritic,poor,6.157,low
SEG-0018,2026-05-29,13.9,33.7,73.5,10.2,139,10.93,3,6,2,hilly,lateritic,poor,6.357,low
SEG-0018,2026-05-30,17.1,37.2,81.9,10.2,139,10.93,3,6,2,hilly,lateritic,poor,6.526,low
SEG-0018,2026-05-31,14.7,45.7,88.6,10.2,139,10.93,3,6,2,hilly,lateritic,poor,6.724,medium
SEG-0018,2026-06-01,21.1,52.9,98.5,10.2,139,10.93,3,6,2,hilly,lateritic,poor,7.048,medium
SEG-0018,2026-06-02,22.6,58.4,109.2,10.2,139,10.93,3,6,2,hilly,lateritic,poor,7.245,medium
SEG-0018,2026-06-03,5.4,49.1,101.0,10.2,139,10.93,3,6,2,hilly,lateritic,poor,6.689,medium
SEG-0018,2026-06-04,23.0,51.0,117.8,10.2,139,10.93,3,6,2,hilly,lateritic,poor,7.084,medium
SEG-0018,2026-06-05,25.6,54.0,129.5,10.2,139,10.93,3,6,2,hilly,lateritic,poor,7.238,medium
SEG-0018,2026-06-06,4.5,53.1,116.9,10.2,139,10.93,3,6,2,hilly,lateritic,poor,6.821,medium
SEG-0018,2026-06-07,19.9,50.0,122.1,10.2,139,10.93,3,6,2,hilly,lateritic,poor,7.017,medium
SEG-0018,2026-06-08,23.7,48.1,124.7,10.2,139,10.93,3,6,2,hilly,lateritic,poor,7.039,medium
SEG-0018,2026-06-09,20.3,63.9,122.4,10.2,139,10.93,3,6,2,hilly,lateritic,poor,7.386,medium
SEG-0018,2026-06-10,20.4,64.4,137.4,10.2,139,10.93,3,6,2,hilly,lateritic,poor,7.442,medium
SEG-0018,2026-06-11,15.2,55.9,129.6,10.2,139,10.93,3,6,2,hilly,lateritic,poor,7.111,medium
SEG-0018,2026-06-12,11.1,46.7,115.1,10.2,139,10.93,3,6,2,hilly,lateritic,poor,6.762,medium
SEG-0018,2026-06-13,9.1,35.4,119.7,10.2,139,10.93,3,6,2,hilly,lateritic,poor,6.447,medium
SEG-0018,2026-06-14,17.0,37.2,116.8,10.2,139,10.93,3,6,2,hilly,lateritic,poor,6.62,medium
SEG-0018,2026-06-15,21.4,47.5,114.5,10.2,139,10.93,3,6,2,hilly,lateritic,poor,6.956,medium
SEG-0018,2026-06-16,10.3,48.7,104.5,10.2,139,10.93,3,6,2,hilly,lateritic,poor,6.771,medium
SEG-0018,2026-06-17,13.5,45.2,97.6,10.2,139,10.93,3,6,2,hilly,lateritic,poor,6.716,medium
SEG-0018,2026-06-18,14.2,38.0,96.6,10.2,139,10.93,3,6,2,hilly,lateritic,poor,6.538,low
SEG-0018,2026-06-19,19.3,47.0,104.8,10.2,139,10.93,3,6,2,hilly,lateritic,poor,6.881,medium
SEG-0018,2026-06-20,24.8,58.3,120.5,10.2,139,10.93,3,6,2,hilly,lateritic,poor,7.311,medium
SEG-0018,2026-06-21,19.7,63.8,123.2,10.2,139,10.93,3,6,2,hilly,lateritic,poor,7.375,medium
SEG-0018,2026-06-22,6.2,50.7,108.0,10.2,139,10.93,3,6,2,hilly,lateritic,poor,6.763,medium
SEG-0018,2026-06-23,10.0,35.9,107.7,10.2,139,10.93,3,6,2,hilly,lateritic,poor,6.442,low
SEG-0018,2026-06-24,12.0,28.2,106.2,10.2,139,10.93,3,6,2,hilly,lateritic,poor,6.272,low
SEG-0018,2026-06-25,3.4,25.4,95.4,10.2,139,10.93,3,6,2,hilly,lateritic,poor,6.023,low
SEG-0018,2026-06-26,20.5,35.9,96.6,10.2,139,10.93,3,6,2,hilly,lateritic,poor,6.59,medium
SEG-0018,2026-06-27,25.0,48.9,96.8,10.2,139,10.93,3,6,2,hilly,lateritic,poor,7.005,medium
SEG-0018,2026-06-28,12.1,57.6,89.2,10.2,139,10.93,3,6,2,hilly,lateritic,poor,6.991,medium
SEG-0018,2026-06-29,0.9,38.0,83.9,10.2,139,10.93,3,6,2,hilly,lateritic,poor,6.277,low
SEG-0018,2026-06-30,2.9,15.9,76.8,10.2,139,10.93,3,6,2,hilly,lateritic,poor,5.716,low
SEG-0018,2026-07-01,10.8,14.6,75.6,10.2,139,10.93,3,6,2,hilly,lateritic,poor,5.814,low
SEG-0018,2026-07-02,27.0,40.7,99.2,10.2,139,10.93,3,6,2,hilly,lateritic,poor,6.833,medium
SEG-0018,2026-07-03,67.0,104.8,145.7,10.2,139,10.93,3,6,2,hilly,lateritic,poor,9.307,medium
SEG-0018,2026-07-04,58.0,152.0,178.7,10.2,139,10.93,3,6,2,hilly,lateritic,poor,10.472,high
SEG-0018,2026-07-05,53.5,178.5,220.1,10.2,139,10.93,3,6,2,hilly,lateritic,poor,11.198,high
SEG-0018,2026-07-06,56.9,168.4,276.1,10.2,139,10.93,3,6,2,hilly,lateritic,poor,11.148,high
SEG-0018,2026-07-07,11.4,121.8,284.6,10.2,139,10.93,3,6,2,hilly,lateritic,poor,9.186,medium
SEG-0018,2026-07-08,25.0,93.3,298.8,10.2,139,10.93,3,6,2,hilly,lateritic,poor,8.715,medium
SEG-0018,2026-07-09,3.6,40.0,275.4,10.2,139,10.93,3,6,2,hilly,lateritic,poor,6.901,medium
SEG-0018,2026-07-10,77.9,106.5,286.3,10.2,139,10.93,3,6,2,hilly,lateritic,poor,9.923,high
SEG-0018,2026-07-11,46.1,127.6,274.4,10.2,139,10.93,3,6,2,hilly,lateritic,poor,9.898,high
SEG-0018,2026-07-12,56.0,180.0,276.9,10.2,139,10.93,3,6,2,hilly,lateritic,poor,11.436,high
SEG-0018,2026-07-13,47.9,150.0,267.9,10.2,139,10.93,3,6,2,hilly,lateritic,poor,10.494,high
SEG-0018,2026-07-14,65.1,169.0,321.6,10.2,139,10.93,3,6,2,hilly,lateritic,poor,11.428,high
SEG-0018,2026-07-15,33.5,146.5,330.1,10.2,139,10.93,3,6,2,hilly,lateritic,poor,10.329,high
SEG-0018,2026-07-16,34.3,132.9,360.8,10.2,139,10.93,3,6,2,hilly,lateritic,poor,10.073,high
SEG-0018,2026-07-17,41.5,109.3,324.4,10.2,139,10.93,3,6,2,hilly,lateritic,poor,9.482,medium
SEG-0018,2026-07-18,3.5,79.3,281.8,10.2,139,10.93,3,6,2,hilly,lateritic,poor,7.939,medium
SEG-0018,2026-07-19,11.1,56.1,236.9,10.2,139,10.93,3,6,2,hilly,lateritic,poor,7.341,medium
SEG-0018,2026-07-20,11.7,26.3,200.7,10.2,139,10.93,3,6,2,hilly,lateritic,poor,6.477,low
SEG-0018,2026-07-21,7.1,29.9,142.7,10.2,139,10.93,3,6,2,hilly,lateritic,poor,6.333,low
SEG-0018,2026-07-22,76.6,95.4,185.8,10.2,139,10.93,3,6,2,hilly,lateritic,poor,9.336,high
SEG-0018,2026-07-23,36.8,120.5,188.3,10.2,139,10.93,3,6,2,hilly,lateritic,poor,9.319,high
SEG-0018,2026-07-24,55.2,168.6,202.0,10.2,139,10.93,3,6,2,hilly,lateritic,poor,10.92,high
SEG-0018,2026-07-25,30.8,122.8,229.3,10.2,139,10.93,3,6,2,hilly,lateritic,poor,9.39,medium
SEG-0018,2026-07-26,24.3,110.3,242.5,10.2,139,10.93,3,6,2,hilly,lateritic,poor,8.99,medium
SEG-0018,2026-07-27,2.0,57.1,232.8,10.2,139,10.93,3,6,2,hilly,lateritic,poor,7.201,medium
SEG-0018,2026-07-28,25.3,51.6,251.0,10.2,139,10.93,3,6,2,hilly,lateritic,poor,7.505,medium
SEG-0018,2026-07-29,18.3,45.6,192.7,10.2,139,10.93,3,6,2,hilly,lateritic,poor,7.069,medium
SEG-0018,2026-07-30,6.1,49.7,162.0,10.2,139,10.93,3,6,2,hilly,lateritic,poor,6.884,medium
SEG-0018,2026-07-31,17.5,41.9,124.3,10.2,139,10.93,3,6,2,hilly,lateritic,poor,6.771,medium
SEG-0018,2026-08-01,10.8,34.4,104.3,10.2,139,10.93,3,6,2,hilly,lateritic,poor,6.407,medium
SEG-0018,2026-08-02,19.7,48.0,99.7,10.2,139,10.93,3,6,2,hilly,lateritic,poor,6.9,medium
SEG-0018,2026-08-03,13.3,43.8,111.0,10.2,139,10.93,3,6,2,hilly,lateritic,poor,6.713,low
SEG-0018,2026-08-04,8.2,41.2,93.9,10.2,139,10.93,3,6,2,hilly,lateritic,poor,6.511,medium
SEG-0018,2026-08-05,15.7,37.2,91.3,10.2,139,10.93,3,6,2,hilly,lateritic,poor,6.528,medium
SEG-0018,2026-08-06,21.6,45.5,106.8,10.2,139,10.93,3,6,2,hilly,lateritic,poor,6.886,low
SEG-0018,2026-08-07,0.2,37.5,89.5,10.2,139,10.93,3,6,2,hilly,lateritic,poor,6.267,low
SEG-0018,2026-08-08,3.8,25.6,82.5,10.2,139,10.93,3,6,2,hilly,lateritic,poor,6.0,low
SEG-0018,2026-08-09,13.0,17.0,75.8,10.2,139,10.93,3,6,2,hilly,lateritic,poor,5.914,low
SEG-0018,2026-08-10,16.1,32.9,78.6,10.2,139,10.93,3,6,2,hilly,lateritic,poor,6.388,medium
SEG-0018,2026-08-11,13.6,42.7,84.0,10.2,139,10.93,3,6,2,hilly,lateritic,poor,6.615,low
SEG-0018,2026-08-12,14.4,44.1,82.7,10.2,139,10.93,3,6,2,hilly,lateritic,poor,6.661,medium
SEG-0018,2026-08-13,11.4,39.4,72.5,10.2,139,10.93,3,6,2,hilly,lateritic,poor,6.46,medium
SEG-0018,2026-08-14,60.2,86.0,132.5,10.2,139,10.93,3,6,2,hilly,lateritic,poor,8.666,medium
SEG-0018,2026-08-15,42.1,113.7,170.8,10.2,139,10.93,3,6,2,hilly,lateritic,poor,9.184,medium
SEG-0018,2026-08-16,44.9,147.2,202.7,10.2,139,10.93,3,6,2,hilly,lateritic,poor,10.19,high
SEG-0018,2026-08-17,73.5,160.5,260.1,10.2,139,10.93,3,6,2,hilly,lateritic,poor,11.18,high
SEG-0018,2026-08-18,24.8,143.2,271.3,10.2,139,10.93,3,6,2,hilly,lateritic,poor,9.933,medium
SEG-0018,2026-08-19,41.8,140.1,298.7,10.2,139,10.93,3,6,2,hilly,lateritic,poor,10.217,high
SEG-0018,2026-08-20,12.8,79.4,300.1,10.2,139,10.93,3,6,2,hilly,lateritic,poor,8.15,medium
SEG-0018,2026-08-21,1.4,56.0,241.3,10.2,139,10.93,3,6,2,hilly,lateritic,poor,7.186,medium
SEG-0018,2026-08-22,1.5,15.7,200.7,10.2,139,10.93,3,6,2,hilly,lateritic,poor,6.028,low
SEG-0018,2026-08-23,16.6,19.5,172.4,10.2,139,10.93,3,6,2,hilly,lateritic,poor,6.306,low
SEG-0018,2026-08-24,17.6,35.7,116.5,10.2,139,10.93,3,6,2,hilly,lateritic,poor,6.59,medium
SEG-0018,2026-08-25,10.0,44.2,101.7,10.2,139,10.93,3,6,2,hilly,lateritic,poor,6.641,medium
SEG-0018,2026-08-26,78.2,105.8,138.1,10.2,139,10.93,3,6,2,hilly,lateritic,poor,9.503,medium
SEG-0018,2026-08-27,37.5,125.7,162.8,10.2,139,10.93,3,6,2,hilly,lateritic,poor,9.396,medium
SEG-0018,2026-08-28,11.3,127.0,172.7,10.2,139,10.93,3,6,2,hilly,lateritic,poor,9.012,medium
SEG-0018,2026-08-29,10.4,59.2,181.6,10.2,139,10.93,3,6,2,hilly,lateritic,poor,7.258,medium
SEG-0018,2026-08-30,3.2,24.9,168.2,10.2,139,10.93,3,6,2,hilly,lateritic,poor,6.207,low
SEG-0018,2026-08-31,21.6,35.2,172.2,10.2,139,10.93,3,6,2,hilly,lateritic,poor,6.799,medium
SEG-0018,2026-09-01,10.6,35.4,172.8,10.2,139,10.93,3,6,2,hilly,lateritic,poor,6.618,medium
SEG-0018,2026-09-02,4.6,36.8,99.2,10.2,139,10.93,3,6,2,hilly,lateritic,poor,6.35,low
SEG-0018,2026-09-03,14.1,29.3,75.8,10.2,139,10.93,3,6,2,hilly,lateritic,poor,6.253,low
SEG-0018,2026-09-04,11.8,30.5,76.3,10.2,139,10.93,3,6,2,hilly,lateritic,poor,6.246,low
SEG-0018,2026-09-05,0.1,26.0,66.0,10.2,139,10.93,3,6,2,hilly,lateritic,poor,5.902,low
SEG-0018,2026-09-06,9.7,21.6,72.5,10.2,139,10.93,3,6,2,hilly,lateritic,poor,5.968,low
SEG-0018,2026-09-07,3.4,13.2,54.3,10.2,139,10.93,3,6,2,hilly,lateritic,poor,5.593,low
SEG-0018,2026-09-08,2.7,15.8,46.4,10.2,139,10.93,3,6,2,hilly,lateritic,poor,5.627,low
SEG-0018,2026-09-09,13.6,19.7,55.4,10.2,139,10.93,3,6,2,hilly,lateritic,poor,5.938,low
SEG-0018,2026-09-10,2.6,18.9,43.9,10.2,139,10.93,3,6,2,hilly,lateritic,poor,5.699,low
SEG-0018,2026-09-11,1.8,18.0,33.9,10.2,139,10.93,3,6,2,hilly,lateritic,poor,5.634,low
SEG-0018,2026-09-12,4.9,9.3,38.7,10.2,139,10.93,3,6,2,hilly,lateritic,poor,5.474,low
SEG-0018,2026-09-13,13.1,19.8,42.1,10.2,139,10.93,3,6,2,hilly,lateritic,poor,5.896,low
SEG-0018,2026-09-14,1.9,19.9,40.6,10.2,139,10.93,3,6,2,hilly,lateritic,poor,5.704,low
SEG-0018,2026-09-15,12.1,27.1,50.0,10.2,139,10.93,3,6,2,hilly,lateritic,poor,6.09,low
SEG-0018,2026-09-16,5.7,19.7,42.1,10.2,139,10.93,3,6,2,hilly,lateritic,poor,5.767,low
SEG-0019,2026-05-20,82.5,82.5,82.5,14.6,337,12.43,3,0,2,hilly,lateritic,good,7.766,medium
SEG-0019,2026-05-21,69.2,151.7,151.7,14.6,337,12.43,3,0,2,hilly,lateritic,good,9.529,medium
SEG-0019,2026-05-22,2.6,154.3,154.3,14.6,337,12.43,3,0,2,hilly,lateritic,good,8.472,medium
SEG-0019,2026-05-23,29.4,101.2,183.7,14.6,337,12.43,3,0,2,hilly,lateritic,good,7.628,medium
SEG-0019,2026-05-24,8.7,40.7,192.4,14.6,337,12.43,3,0,2,hilly,lateritic,good,5.727,low
SEG-0019,2026-05-25,15.4,53.5,207.8,14.6,337,12.43,3,0,2,hilly,lateritic,good,6.216,low
SEG-0019,2026-05-26,18.3,42.4,226.1,14.6,337,12.43,3,0,2,hilly,lateritic,good,6.027,low
SEG-0019,2026-05-27,2.2,35.9,145.8,14.6,337,12.43,3,0,2,hilly,lateritic,good,5.363,low
SEG-0019,2026-05-28,24.7,45.2,101.3,14.6,337,12.43,3,0,2,hilly,lateritic,good,5.865,low
SEG-0019,2026-05-29,17.8,44.7,116.5,14.6,337,12.43,3,0,2,hilly,lateritic,good,5.777,low
SEG-0019,2026-05-30,33.4,75.9,120.5,14.6,337,12.43,3,0,2,hilly,lateritic,good,6.864,medium
SEG-0019,2026-05-31,18.7,69.9,130.5,14.6,337,12.43,3,0,2,hilly,lateritic,good,6.486,medium
SEG-0019,2026-06-01,41.7,93.8,156.8,14.6,337,12.43,3,0,2,hilly,lateritic,good,7.571,medium
SEG-0019,2026-06-02,26.0,86.4,164.5,14.6,337,12.43,3,0,2,hilly,lateritic,good,7.132,medium
SEG-0019,2026-06-03,12.4,80.1,174.7,14.6,337,12.43,3,0,2,hilly,lateritic,good,6.765,medium
SEG-0019,2026-06-04,32.6,71.0,182.6,14.6,337,12.43,3,0,2,hilly,lateritic,good,6.894,medium
SEG-0019,2026-06-05,14.5,59.5,179.3,14.6,337,12.43,3,0,2,hilly,lateritic,good,6.278,medium
SEG-0019,2026-06-06,28.0,75.1,173.9,14.6,337,12.43,3,0,2,hilly,lateritic,good,6.898,medium
SEG-0019,2026-06-07,41.9,84.4,197.1,14.6,337,12.43,3,0,2,hilly,lateritic,good,7.44,medium
SEG-0019,2026-06-08,6.6,76.5,162.0,14.6,337,12.43,3,0,2,hilly,lateritic,good,6.538,medium
SEG-0019,2026-06-09,46.1,94.6,182.1,14.6,337,12.43,3,0,2,hilly,lateritic,good,7.736,medium
SEG-0019,2026-06-10,9.7,62.4,179.4,14.6,337,12.43,3,0,2,hilly,lateritic,good,6.272,low
SEG-0019,2026-06-11,49.3,105.1,196.1,14.6,337,12.43,3,0,2,hilly,lateritic,good,8.102,medium
SEG-0019,2026-06-12,10.0,69.0,191.6,14.6,337,12.43,3,0,2,hilly,lateritic,good,6.483,medium
SEG-0019,2026-06-13,41.8,101.1,205.4,14.6,337,12.43,3,0,2,hilly,lateritic,good,7.896,medium
SEG-0019,2026-06-14,41.6,93.4,205.1,14.6,337,12.43,3,0,2,hilly,lateritic,good,7.691,medium
SEG-0019,2026-06-15,7.1,90.5,205.6,14.6,337,12.43,3,0,2,hilly,lateritic,good,7.031,medium
SEG-0019,2026-06-16,50.8,99.5,210.3,14.6,337,12.43,3,0,2,hilly,lateritic,good,8.021,medium
SEG-0019,2026-06-17,1.0,58.9,201.6,14.6,337,12.43,3,0,2,hilly,lateritic,good,6.094,low
SEG-0019,2026-06-18,19.6,71.4,171.9,14.6,337,12.43,3,0,2,hilly,lateritic,good,6.654,low
SEG-0019,2026-06-19,4.6,25.2,166.5,14.6,337,12.43,3,0,2,hilly,lateritic,good,5.183,low
SEG-0019,2026-06-20,49.1,73.3,173.8,14.6,337,12.43,3,0,2,hilly,lateritic,good,7.21,medium
SEG-0019,2026-06-21,48.7,102.4,180.9,14.6,337,12.43,3,0,2,hilly,lateritic,good,7.979,medium
SEG-0019,2026-06-22,20.6,118.4,194.4,14.6,337,12.43,3,0,2,hilly,lateritic,good,7.955,medium
SEG-0019,2026-06-23,12.0,81.3,155.6,14.6,337,12.43,3,0,2,hilly,lateritic,good,6.737,medium
SEG-0019,2026-06-24,45.2,77.8,199.8,14.6,337,12.43,3,0,2,hilly,lateritic,good,7.332,medium
SEG-0019,2026-06-25,0.7,57.9,180.9,14.6,337,12.43,3,0,2,hilly,lateritic,good,6.006,low
SEG-0019,2026-06-26,7.2,53.1,183.5,14.6,337,12.43,3,0,2,hilly,lateritic,good,5.999,low
SEG-0019,2026-06-27,48.3,56.2,182.7,14.6,337,12.43,3,0,2,hilly,lateritic,good,6.776,medium
SEG-0019,2026-06-28,25.1,80.6,159.1,14.6,337,12.43,3,0,2,hilly,lateritic,good,6.951,low
SEG-0019,2026-06-29,13.2,86.6,151.7,14.6,337,12.43,3,0,2,hilly,lateritic,good,6.885,medium
SEG-0019,2026-06-30,3.7,42.0,143.4,14.6,337,12.43,3,0,2,hilly,lateritic,good,5.541,low
SEG-0019,2026-07-01,48.2,65.1,146.4,14.6,337,12.43,3,0,2,hilly,lateritic,good,6.906,medium
SEG-0019,2026-07-02,50.9,102.8,196.6,14.6,337,12.43,3,0,2,hilly,lateritic,good,8.07,medium
SEG-0019,2026-07-03,111.3,210.4,300.7,14.6,337,12.43,3,0,2,hilly,lateritic,good,12.181,high
SEG-0019,2026-07-04,111.1,273.3,363.5,14.6,337,12.43,3,0,2,hilly,lateritic,good,13.986,high
SEG-0019,2026-07-05,80.9,303.3,419.3,14.6,337,12.43,3,0,2,hilly,lateritic,good,14.406,high
SEG-0019,2026-07-06,24.1,216.1,430.2,14.6,337,12.43,3,0,2,hilly,lateritic,good,11.203,high
SEG-0019,2026-07-07,40.7,145.7,467.2,14.6,337,12.43,3,0,2,hilly,lateritic,good,9.757,medium
SEG-0019,2026-07-08,50.4,115.2,469.4,14.6,337,12.43,3,0,2,hilly,lateritic,good,9.135,medium
SEG-0019,2026-07-09,41.9,133.0,460.4,14.6,337,12.43,3,0,2,hilly,lateritic,good,9.428,medium
SEG-0019,2026-07-10,150.2,242.5,499.3,14.6,337,12.43,3,0,2,hilly,lateritic,good,14.223,high
SEG-0019,2026-07-11,99.7,291.8,487.9,14.6,337,12.43,3,0,2,hilly,lateritic,good,14.615,high
SEG-0019,2026-07-12,15.1,265.0,422.1,14.6,337,12.43,3,0,2,hilly,lateritic,good,12.299,high
SEG-0019,2026-07-13,48.6,163.4,446.6,14.6,337,12.43,3,0,2,hilly,lateritic,good,10.294,high
SEG-0019,2026-07-14,7.6,71.3,413.5,14.6,337,12.43,3,0,2,hilly,lateritic,good,7.112,medium
SEG-0019,2026-07-15,45.1,101.3,408.2,14.6,337,12.43,3,0,2,hilly,lateritic,good,8.515,medium
SEG-0019,2026-07-16,43.0,95.7,409.3,14.6,337,12.43,3,0,2,hilly,lateritic,good,8.336,medium
SEG-0019,2026-07-17,33.3,121.4,292.4,14.6,337,12.43,3,0,2,hilly,lateritic,good,8.518,medium
SEG-0019,2026-07-18,48.5,124.8,241.2,14.6,337,12.43,3,0,2,hilly,lateritic,good,8.724,medium
SEG-0019,2026-07-19,24.7,106.5,250.8,14.6,337,12.43,3,0,2,hilly,lateritic,good,7.87,medium
SEG-0019,2026-07-20,34.1,107.3,236.3,14.6,337,12.43,3,0,2,hilly,lateritic,good,8.011,medium
SEG-0019,2026-07-21,47.1,105.9,275.8,14.6,337,12.43,3,0,2,hilly,lateritic,good,8.304,medium
SEG-0019,2026-07-22,42.4,123.6,273.1,14.6,337,12.43,3,0,2,hilly,lateritic,good,8.677,medium
SEG-0019,2026-07-23,4.7,94.2,234.8,14.6,337,12.43,3,0,2,hilly,lateritic,good,7.166,medium
SEG-0019,2026-07-24,29.0,76.1,230.5,14.6,337,12.43,3,0,2,hilly,lateritic,good,7.097,medium
SEG-0019,2026-07-25,33.0,66.7,215.0,14.6,337,12.43,3,0,2,hilly,lateritic,good,6.878,medium
SEG-0019,2026-07-26,48.9,110.9,239.2,14.6,337,12.43,3,0,2,hilly,lateritic,good,8.364,medium
SEG-0019,2026-07-27,36.8,118.7,241.9,14.6,337,12.43,3,0,2,hilly,lateritic,good,8.369,medium
SEG-0019,2026-07-28,6.8,92.5,201.6,14.6,337,12.43,3,0,2,hilly,lateritic,good,7.067,medium
SEG-0019,2026-07-29,4.5,48.1,163.7,14.6,337,12.43,3,0,2,hilly,lateritic,good,5.769,low
SEG-0019,2026-07-30,48.4,59.7,207.4,14.6,337,12.43,3,0,2,hilly,lateritic,good,6.937,medium
SEG-0019,2026-07-31,50.7,103.6,229.1,14.6,337,12.43,3,0,2,hilly,lateritic,good,8.177,medium
SEG-0019,2026-08-01,37.1,136.2,233.2,14.6,337,12.43,3,0,2,hilly,lateritic,good,8.805,medium
SEG-0019,2026-08-02,24.8,112.6,209.1,14.6,337,12.43,3,0,2,hilly,lateritic,good,7.916,medium
SEG-0019,2026-08-03,20.5,82.4,192.8,14.6,337,12.43,3,0,2,hilly,lateritic,good,7.013,medium
SEG-0019,2026-08-04,27.0,72.3,213.0,14.6,337,12.43,3,0,2,hilly,lateritic,good,6.916,medium
SEG-0019,2026-08-05,23.7,71.2,232.2,14.6,337,12.43,3,0,2,hilly,lateritic,good,6.884,medium
SEG-0019,2026-08-06,14.4,65.1,198.2,14.6,337,12.43,3,0,2,hilly,lateritic,good,6.474,medium
SEG-0019,2026-08-07,25.0,63.1,172.5,14.6,337,12.43,3,0,2,hilly,lateritic,good,6.532,medium
SEG-0019,2026-08-08,148.2,187.6,283.6,14.6,337,12.43,3,0,2,hilly,lateritic,good,12.169,high
SEG-0019,2026-08-09,52.2,225.4,311.0,14.6,337,12.43,3,0,2,hilly,lateritic,good,11.595,high
SEG-0019,2026-08-10,58.0,258.4,348.5,14.6,337,12.43,3,0,2,hilly,lateritic,good,12.654,high
SEG-0019,2026-08-11,36.3,146.5,357.8,14.6,337,12.43,3,0,2,hilly,lateritic,good,9.402,medium
SEG-0019,2026-08-12,0.2,94.5,334.3,14.6,337,12.43,3,0,2,hilly,lateritic,good,7.371,medium
SEG-0019,2026-08-13,39.0,75.5,358.9,14.6,337,12.43,3,0,2,hilly,lateritic,good,7.605,medium
SEG-0019,2026-08-14,28.7,67.9,362.6,14.6,337,12.43,3,0,2,hilly,lateritic,good,7.242,medium
SEG-0019,2026-08-15,28.9,96.6,243.3,14.6,337,12.43,3,0,2,hilly,lateritic,good,7.664,medium
SEG-0019,2026-08-16,2.4,60.0,193.5,14.6,337,12.43,3,0,2,hilly,lateritic,good,6.125,low
SEG-0019,2026-08-17,9.0,40.3,144.5,14.6,337,12.43,3,0,2,hilly,lateritic,good,5.59,low
SEG-0019,2026-08-18,2.9,14.3,111.1,14.6,337,12.43,3,0,2,hilly,lateritic,good,4.718,low
SEG-0019,2026-08-19,28.8,40.7,139.7,14.6,337,12.43,3,0,2,hilly,lateritic,good,5.924,low
SEG-0019,2026-08-20,29.2,60.9,129.9,14.6,337,12.43,3,0,2,hilly,lateritic,good,6.429,low
SEG-0019,2026-08-21,24.9,82.9,126.1,14.6,337,12.43,3,0,2,hilly,lateritic,good,6.917,medium
SEG-0019,2026-08-22,18.7,72.8,115.9,14.6,337,12.43,3,0,2,hilly,lateritic,good,6.521,low
SEG-0019,2026-08-23,7.6,51.2,121.1,14.6,337,12.43,3,0,2,hilly,lateritic,good,5.785,low
SEG-0019,2026-08-24,0.7,27.0,112.8,14.6,337,12.43,3,0,2,hilly,lateritic,good,5.016,low
SEG-0019,2026-08-25,18.6,26.9,128.5,14.6,337,12.43,3,0,2,hilly,lateritic,good,5.361,low
SEG-0019,2026-08-26,16.8,36.1,116.5,14.6,337,12.43,3,0,2,hilly,lateritic,good,5.536,low
SEG-0019,2026-08-27,21.4,56.8,108.7,14.6,337,12.43,3,0,2,hilly,lateritic,good,6.131,low
SEG-0019,2026-08-28,29.0,67.2,112.8,14.6,337,12.43,3,0,2,hilly,lateritic,good,6.542,low
SEG-0019,2026-08-29,159.7,210.1,253.8,14.6,337,12.43,3,0,2,hilly,lateritic,good,12.867,high
SEG-0019,2026-08-30,71.5,260.2,317.7,14.6,337,12.43,3,0,2,hilly,lateritic,good,12.846,high
SEG-0019,2026-08-31,105.4,336.6,422.4,14.6,337,12.43,3,0,2,hilly,lateritic,good,15.697,high
SEG-0019,2026-09-01,43.6,220.5,447.4,14.6,337,12.43,3,0,2,hilly,lateritic,good,11.696,high
SEG-0019,2026-09-02,42.9,191.9,473.5,14.6,337,12.43,3,0,2,hilly,lateritic,good,11.012,high
SEG-0019,2026-09-03,49.0,135.5,501.1,14.6,337,12.43,3,0,2,hilly,lateritic,good,9.726,high
SEG-0019,2026-09-04,26.8,118.7,498.9,14.6,337,12.43,3,0,2,hilly,lateritic,good,8.905,medium
SEG-0019,2026-09-05,10.8,86.6,350.0,14.6,337,12.43,3,0,2,hilly,lateritic,good,7.389,medium
SEG-0019,2026-09-06,21.8,59.4,300.3,14.6,337,12.43,3,0,2,hilly,lateritic,good,6.732,medium
SEG-0019,2026-09-07,102.0,134.6,296.9,14.6,337,12.43,3,0,2,hilly,lateritic,good,10.042,high
SEG-0019,2026-09-08,33.2,157.0,286.5,14.6,337,12.43,3,0,2,hilly,lateritic,good,9.426,medium
SEG-0019,2026-09-09,60.2,195.4,303.8,14.6,337,12.43,3,0,2,hilly,lateritic,good,10.931,high
SEG-0019,2026-09-10,16.1,109.5,270.9,14.6,337,12.43,3,0,2,hilly,lateritic,good,7.857,medium
SEG-0019,2026-09-11,12.2,88.5,256.3,14.6,337,12.43,3,0,2,hilly,lateritic,good,7.205,medium
SEG-0019,2026-09-12,10.6,38.9,256.1,14.6,337,12.43,3,0,2,hilly,lateritic,good,5.888,low
SEG-0019,2026-09-13,18.0,40.8,252.3,14.6,337,12.43,3,0,2,hilly,lateritic,good,6.052,medium
SEG-0019,2026-09-14,17.0,45.6,167.3,14.6,337,12.43,3,0,2,hilly,lateritic,good,5.926,medium
SEG-0019,2026-09-15,18.7,53.7,152.8,14.6,337,12.43,3,0,2,hilly,lateritic,good,6.126,low
SEG-0019,2026-09-16,5.3,41.0,97.9,14.6,337,12.43,3,0,2,hilly,lateritic,good,5.417,low
SEG-0020,2026-05-20,11.2,11.2,11.2,15.5,450,8.11,2,1,2,hilly,lateritic,fair,4.74,low
SEG-0020,2026-05-21,4.3,15.5,15.5,15.5,450,8.11,2,1,2,hilly,lateritic,fair,4.746,low
SEG-0020,2026-05-22,22.6,38.1,38.1,15.5,450,8.11,2,1,2,hilly,lateritic,fair,5.707,low
SEG-0020,2026-05-23,32.9,59.8,71.0,15.5,450,8.11,2,1,2,hilly,lateritic,fair,6.537,low
SEG-0020,2026-05-24,32.1,87.6,103.1,15.5,450,8.11,2,1,2,hilly,lateritic,fair,7.334,medium
SEG-0020,2026-05-25,11.0,76.0,114.1,15.5,450,8.11,2,1,2,hilly,lateritic,fair,6.704,low
SEG-0020,2026-05-26,14.9,58.0,129.0,15.5,450,8.11,2,1,2,hilly,lateritic,fair,6.344,medium
SEG-0020,2026-05-27,23.9,49.8,141.7,15.5,450,8.11,2,1,2,hilly,lateritic,fair,6.318,low
SEG-0020,2026-05-28,17.8,56.6,155.2,15.5,450,8.11,2,1,2,hilly,lateritic,fair,6.428,low
SEG-0020,2026-05-29,14.7,56.4,147.3,15.5,450,8.11,2,1,2,hilly,lateritic,fair,6.349,low
SEG-0020,2026-05-30,4.3,36.8,118.7,15.5,450,8.11,2,1,2,hilly,lateritic,fair,5.584,low
SEG-0020,2026-05-31,28.0,47.0,114.6,15.5,450,8.11,2,1,2,hilly,lateritic,fair,6.241,low
SEG-0020,2026-06-01,158.4,190.7,262.0,15.5,450,8.11,2,1,2,hilly,lateritic,fair,12.599,high
SEG-0020,2026-06-02,58.7,245.1,305.8,15.5,450,8.11,2,1,2,hilly,lateritic,fair,12.439,high
SEG-0020,2026-06-03,98.1,315.2,380.0,15.5,450,8.11,2,1,2,hilly,lateritic,fair,15.135,high
SEG-0020,2026-06-04,174.2,331.0,536.4,15.5,450,8.11,2,1,2,hilly,lateritic,fair,17.27,high
SEG-0020,2026-06-05,110.0,382.3,631.7,15.5,450,8.11,2,1,2,hilly,lateritic,fair,17.774,high
SEG-0020,2026-06-06,2.7,286.9,630.1,15.5,450,8.11,2,1,2,hilly,lateritic,fair,13.466,high
SEG-0020,2026-06-07,3.3,116.0,605.4,15.5,450,8.11,2,1,2,hilly,lateritic,fair,8.964,medium
SEG-0020,2026-06-08,120.9,126.9,567.9,15.5,450,8.11,2,1,2,hilly,lateritic,fair,11.144,high
SEG-0020,2026-06-09,64.5,188.7,573.7,15.5,450,8.11,2,1,2,hilly,lateritic,fair,11.808,high
SEG-0020,2026-06-10,63.7,249.1,539.3,15.5,450,8.11,2,1,2,hilly,lateritic,fair,13.27,high
SEG-0020,2026-06-11,85.4,213.6,450.5,15.5,450,8.11,2,1,2,hilly,lateritic,fair,12.472,high
SEG-0020,2026-06-12,21.9,171.0,362.4,15.5,450,8.11,2,1,2,hilly,lateritic,fair,10.042,medium
SEG-0020,2026-06-13,36.5,143.8,396.2,15.5,450,8.11,2,1,2,hilly,lateritic,fair,9.676,high
SEG-0020,2026-06-14,33.2,91.6,426.1,15.5,450,8.11,2,1,2,hilly,lateritic,fair,8.345,medium
SEG-0020,2026-06-15,110.0,179.7,415.2,15.5,450,8.11,2,1,2,hilly,lateritic,fair,11.912,high
SEG-0020,2026-06-16,73.6,216.8,424.3,15.5,450,8.11,2,1,2,hilly,lateritic,fair,12.282,high
SEG-0020,2026-06-17,99.9,283.5,460.5,15.5,450,8.11,2,1,2,hilly,lateritic,fair,14.563,high
SEG-0020,2026-06-18,96.5,270.0,471.6,15.5,450,8.11,2,1,2,hilly,lateritic,fair,14.185,high
SEG-0020,2026-06-19,20.7,217.1,470.4,15.5,450,8.11,2,1,2,hilly,lateritic,fair,11.518,high
SEG-0020,2026-06-20,43.3,160.5,477.2,15.5,450,8.11,2,1,2,hilly,lateritic,fair,10.449,high
SEG-0020,2026-06-21,37.8,101.8,481.8,15.5,450,8.11,2,1,2,hilly,lateritic,fair,8.842,medium
SEG-0020,2026-06-22,13.1,94.2,384.9,15.5,450,8.11,2,1,2,hilly,lateritic,fair,7.958,medium
SEG-0020,2026-06-23,35.9,86.8,347.2,15.5,450,8.11,2,1,2,hilly,lateritic,fair,8.049,medium
SEG-0020,2026-06-24,12.6,61.6,259.9,15.5,450,8.11,2,1,2,hilly,lateritic,fair,6.758,medium
SEG-0020,2026-06-25,51.3,99.8,214.7,15.5,450,8.11,2,1,2,hilly,lateritic,fair,8.285,medium
SEG-0020,2026-06-26,8.3,72.2,202.3,15.5,450,8.11,2,1,2,hilly,lateritic,fair,6.802,medium
SEG-0020,2026-06-27,31.7,91.3,190.7,15.5,450,8.11,2,1,2,hilly,lateritic,fair,7.665,medium
SEG-0020,2026-06-28,49.2,89.2,202.1,15.5,450,8.11,2,1,2,hilly,lateritic,fair,7.939,medium
SEG-0020,2026-06-29,47.5,128.4,236.5,15.5,450,8.11,2,1,2,hilly,lateritic,fair,9.024,medium
SEG-0020,2026-06-30,29.5,126.2,230.1,15.5,450,8.11,2,1,2,hilly,lateritic,fair,8.643,medium
SEG-0020,2026-07-01,34.6,111.6,252.1,15.5,450,8.11,2,1,2,hilly,lateritic,fair,8.411,medium
SEG-0020,2026-07-02,16.3,80.4,217.1,15.5,450,8.11,2,1,2,hilly,lateritic,fair,7.192,medium
SEG-0020,2026-07-03,21.8,72.7,230.6,15.5,450,8.11,2,1,2,hilly,lateritic,fair,7.122,medium
SEG-0020,2026-07-04,46.1,84.2,245.0,15.5,450,8.11,2,1,2,hilly,lateritic,fair,7.874,medium
SEG-0020,2026-07-05,190.8,258.7,386.6,15.5,450,8.11,2,1,2,hilly,lateritic,fair,15.26,high
SEG-0020,2026-07-06,116.4,353.3,455.5,15.5,450,8.11,2,1,2,hilly,lateritic,fair,16.645,high
SEG-0020,2026-07-07,75.7,382.9,501.7,15.5,450,8.11,2,1,2,hilly,lateritic,fair,16.849,high
SEG-0020,2026-07-08,39.1,231.2,506.2,15.5,450,8.11,2,1,2,hilly,lateritic,fair,12.295,high
SEG-0020,2026-07-09,184.2,299.0,674.1,15.5,450,8.11,2,1,2,hilly,lateritic,fair,16.987,high
SEG-0020,2026-07-10,85.0,308.3,737.3,15.5,450,8.11,2,1,2,hilly,lateritic,fair,15.716,high
SEG-0020,2026-07-11,84.1,353.3,775.3,15.5,450,8.11,2,1,2,hilly,lateritic,fair,16.975,high
SEG-0020,2026-07-12,56.3,225.4,640.8,15.5,450,8.11,2,1,2,hilly,lateritic,fair,12.807,high
SEG-0020,2026-07-13,28.0,168.4,552.4,15.5,450,8.11,2,1,2,hilly,lateritic,fair,10.601,high
SEG-0020,2026-07-14,19.1,103.4,495.8,15.5,450,8.11,2,1,2,hilly,lateritic,fair,8.604,medium
SEG-0020,2026-07-15,0.5,47.6,457.2,15.5,450,8.11,2,1,2,hilly,lateritic,fair,6.731,low
SEG-0020,2026-07-16,15.3,34.9,288.3,15.5,450,8.11,2,1,2,hilly,lateritic,fair,6.188,low
SEG-0020,2026-07-17,34.2,50.0,237.5,15.5,450,8.11,2,1,2,hilly,lateritic,fair,6.762,low
SEG-0020,2026-07-18,7.8,57.3,161.2,15.5,450,8.11,2,1,2,hilly,lateritic,fair,6.293,medium
SEG-0020,2026-07-19,21.4,63.4,126.3,15.5,450,8.11,2,1,2,hilly,lateritic,fair,6.587,low
SEG-0020,2026-07-20,10.8,40.0,109.1,15.5,450,8.11,2,1,2,hilly,lateritic,fair,5.751,low
SEG-0020,2026-07-21,55.8,88.0,145.8,15.5,450,8.11,2,1,2,hilly,lateritic,fair,7.865,medium
SEG-0020,2026-07-22,46.8,113.4,192.1,15.5,450,8.11,2,1,2,hilly,lateritic,fair,8.5,medium
SEG-0020,2026-07-23,55.5,158.1,232.3,15.5,450,8.11,2,1,2,hilly,lateritic,fair,9.92,high
SEG-0020,2026-07-24,0.9,103.2,199.0,15.5,450,8.11,2,1,2,hilly,lateritic,fair,7.473,medium
SEG-0020,2026-07-25,12.2,68.6,203.4,15.5,450,8.11,2,1,2,hilly,lateritic,fair,6.778,medium
SEG-0020,2026-07-26,50.0,63.1,232.0,15.5,450,8.11,2,1,2,hilly,lateritic,fair,7.356,medium
SEG-0020,2026-07-27,18.2,80.4,239.4,15.5,450,8.11,2,1,2,hilly,lateritic,fair,7.286,medium
SEG-0020,2026-07-28,48.4,116.6,232.0,15.5,450,8.11,2,1,2,hilly,lateritic,fair,8.72,medium
SEG-0020,2026-07-29,8.9,75.5,194.1,15.5,450,8.11,2,1,2,hilly,lateritic,fair,6.876,medium
SEG-0020,2026-07-30,3.6,60.9,142.2,15.5,450,8.11,2,1,2,hilly,lateritic,fair,6.263,low
SEG-0020,2026-07-31,119.1,131.6,260.4,15.5,450,8.11,2,1,2,hilly,lateritic,fair,10.39,high
SEG-0020,2026-08-01,59.9,182.6,308.1,15.5,450,8.11,2,1,2,hilly,lateritic,fair,10.841,high
SEG-0020,2026-08-02,53.1,232.1,311.2,15.5,450,8.11,2,1,2,hilly,lateritic,fair,12.021,high
SEG-0020,2026-08-03,2.5,115.5,295.5,15.5,450,8.11,2,1,2,hilly,lateritic,fair,8.086,medium
SEG-0020,2026-08-04,14.1,69.7,261.2,15.5,450,8.11,2,1,2,hilly,lateritic,fair,6.998,medium
SEG-0020,2026-08-05,25.3,41.9,277.6,15.5,450,8.11,2,1,2,hilly,lateritic,fair,6.51,medium
SEG-0020,2026-08-06,19.2,58.6,293.2,15.5,450,8.11,2,1,2,hilly,lateritic,fair,6.884,medium
SEG-0020,2026-08-07,17.1,61.6,191.2,15.5,450,8.11,2,1,2,hilly,lateritic,fair,6.646,low
SEG-0020,2026-08-08,27.7,64.0,159.0,15.5,450,8.11,2,1,2,hilly,lateritic,fair,6.8,medium
SEG-0020,2026-08-09,34.1,78.9,140.0,15.5,450,8.11,2,1,2,hilly,lateritic,fair,7.244,medium
SEG-0020,2026-08-10,3.9,65.7,141.4,15.5,450,8.11,2,1,2,hilly,lateritic,fair,6.391,low
SEG-0020,2026-08-11,1.1,39.1,128.4,15.5,450,8.11,2,1,2,hilly,lateritic,fair,5.616,low
SEG-0020,2026-08-12,31.2,36.2,134.3,15.5,450,8.11,2,1,2,hilly,lateritic,fair,6.068,medium
SEG-0020,2026-08-13,17.9,50.2,133.0,15.5,450,8.11,2,1,2,hilly,lateritic,fair,6.203,low
SEG-0020,2026-08-14,7.2,56.3,123.1,15.5,450,8.11,2,1,2,hilly,lateritic,fair,6.152,low
SEG-0020,2026-08-15,28.8,53.9,124.2,15.5,450,8.11,2,1,2,hilly,lateritic,fair,6.46,low
SEG-0020,2026-08-16,9.9,45.9,100.0,15.5,450,8.11,2,1,2,hilly,lateritic,fair,5.864,low
SEG-0020,2026-08-17,1.0,39.7,97.1,15.5,450,8.11,2,1,2,hilly,lateritic,fair,5.544,low
SEG-0020,2026-08-18,33.6,44.5,129.6,15.5,450,8.11,2,1,2,hilly,lateritic,fair,6.312,medium
SEG-0020,2026-08-19,3.1,37.7,101.5,15.5,450,8.11,2,1,2,hilly,lateritic,fair,5.54,low
SEG-0020,2026-08-20,36.2,72.9,119.8,15.5,450,8.11,2,1,2,hilly,lateritic,fair,7.068,medium
SEG-0020,2026-08-21,2.5,41.8,115.1,15.5,450,8.11,2,1,2,hilly,lateritic,fair,5.673,low
SEG-0020,2026-08-22,161.7,200.4,248.0,15.5,450,8.11,2,1,2,hilly,lateritic,fair,12.869,high
SEG-0020,2026-08-23,93.1,257.3,331.2,15.5,450,8.11,2,1,2,hilly,lateritic,fair,13.411,high
SEG-0020,2026-08-24,75.2,330.0,405.4,15.5,450,8.11,2,1,2,hilly,lateritic,fair,15.201,high
SEG-0020,2026-08-25,55.0,223.3,426.8,15.5,450,8.11,2,1,2,hilly,lateritic,fair,12.142,high
SEG-0020,2026-08-26,107.8,238.0,531.5,15.5,450,8.11,2,1,2,hilly,lateritic,fair,13.71,high
SEG-0020,2026-08-27,54.5,217.3,549.8,15.5,450,8.11,2,1,2,hilly,lateritic,fair,12.316,high
SEG-0020,2026-08-28,59.7,222.0,607.0,15.5,450,8.11,2,1,2,hilly,lateritic,fair,12.684,high
SEG-0020,2026-08-29,1.7,115.9,447.0,15.5,450,8.11,2,1,2,hilly,lateritic,fair,8.499,medium
SEG-0020,2026-08-30,0.8,62.2,354.7,15.5,450,8.11,2,1,2,hilly,lateritic,fair,6.834,medium
SEG-0020,2026-08-31,20.0,22.5,299.5,15.5,450,8.11,2,1,2,hilly,lateritic,fair,5.976,low
SEG-0020,2026-09-01,0.4,21.2,244.9,15.5,450,8.11,2,1,2,hilly,lateritic,fair,5.459,low
SEG-0020,2026-09-02,19.5,39.9,156.6,15.5,450,8.11,2,1,2,hilly,lateritic,fair,6.027,low
SEG-0020,2026-09-03,22.4,42.3,124.5,15.5,450,8.11,2,1,2,hilly,lateritic,fair,6.05,low
SEG-0020,2026-09-04,3.2,45.1,68.0,15.5,450,8.11,2,1,2,hilly,lateritic,fair,5.642,low
SEG-0020,2026-09-05,17.6,43.2,83.9,15.5,450,8.11,2,1,2,hilly,lateritic,fair,5.881,low
SEG-0020,2026-09-06,28.0,48.8,111.1,15.5,450,8.11,2,1,2,hilly,lateritic,fair,6.278,low
SEG-0020,2026-09-07,0.4,46.0,91.5,15.5,450,8.11,2,1,2,hilly,lateritic,fair,5.682,low
SEG-0020,2026-09-08,26.8,55.2,117.9,15.5,450,8.11,2,1,2,hilly,lateritic,fair,6.443,low
SEG-0020,2026-09-09,11.7,38.9,110.1,15.5,450,8.11,2,1,2,hilly,lateritic,fair,5.741,low
SEG-0020,2026-09-10,24.7,63.2,112.4,15.5,450,8.11,2,1,2,hilly,lateritic,fair,6.6,low
SEG-0020,2026-09-11,10.4,46.8,119.6,15.5,450,8.11,2,1,2,hilly,lateritic,fair,5.95,low
SEG-0020,2026-09-12,21.4,56.5,123.4,15.5,450,8.11,2,1,2,hilly,lateritic,fair,6.4,low
SEG-0020,2026-09-13,21.6,53.4,117.0,15.5,450,8.11,2,1,2,hilly,lateritic,fair,6.305,low
SEG-0020,2026-09-14,10.5,53.5,127.1,15.5,450,8.11,2,1,2,hilly,lateritic,fair,6.147,low
SEG-0020,2026-09-15,15.4,47.5,115.7,15.5,450,8.11,2,1,2,hilly,lateritic,fair,6.042,low
SEG-0020,2026-09-16,14.8,40.7,118.8,15.5,450,8.11,2,1,2,hilly,lateritic,fair,5.864,low
SEG-0021,2026-05-20,2.1,2.1,2.1,30.0,794,9.38,2,4,2,mountain,weathered_rock,fair,6.953,medium
SEG-0021,2026-05-21,23.8,25.9,25.9,30.0,794,9.38,2,4,2,mountain,weathered_rock,fair,8.007,medium
SEG-0021,2026-05-22,18.9,44.8,44.8,30.0,794,9.38,2,4,2,mountain,weathered_rock,fair,8.467,medium
SEG-0021,2026-05-23,5.7,48.4,50.5,30.0,794,9.38,2,4,2,mountain,weathered_rock,fair,8.351,medium
SEG-0021,2026-05-24,0.7,25.3,51.2,30.0,794,9.38,2,4,2,mountain,weathered_rock,fair,7.668,medium
SEG-0021,2026-05-25,1.8,8.2,53.0,30.0,794,9.38,2,4,2,mountain,weathered_rock,fair,7.247,medium
SEG-0021,2026-05-26,3.4,5.9,56.4,30.0,794,9.38,2,4,2,mountain,weathered_rock,fair,7.224,medium
SEG-0021,2026-05-27,7.5,12.7,61.8,30.0,794,9.38,2,4,2,mountain,weathered_rock,fair,7.485,medium
SEG-0021,2026-05-28,10.0,20.9,48.0,30.0,794,9.38,2,4,2,mountain,weathered_rock,fair,7.703,medium
SEG-0021,2026-05-29,2.5,20.0,31.6,30.0,794,9.38,2,4,2,mountain,weathered_rock,fair,7.507,medium
SEG-0021,2026-05-30,26.3,38.8,52.2,30.0,794,9.38,2,4,2,mountain,weathered_rock,fair,8.457,medium
SEG-0021,2026-05-31,15.3,44.1,66.8,30.0,794,9.38,2,4,2,mountain,weathered_rock,fair,8.448,medium
SEG-0021,2026-06-01,36.1,77.7,101.1,30.0,794,9.38,2,4,2,mountain,weathered_rock,fair,9.769,high
SEG-0021,2026-06-02,8.9,60.3,106.6,30.0,794,9.38,2,4,2,mountain,weathered_rock,fair,8.87,medium
SEG-0021,2026-06-03,2.4,47.4,101.5,30.0,794,9.38,2,4,2,mountain,weathered_rock,fair,8.41,medium
SEG-0021,2026-06-04,44.3,55.6,135.8,30.0,794,9.38,2,4,2,mountain,weathered_rock,fair,9.429,medium
SEG-0021,2026-06-05,33.4,80.1,166.7,30.0,794,9.38,2,4,2,mountain,weathered_rock,fair,9.966,high
SEG-0021,2026-06-06,34.6,112.3,175.0,30.0,794,9.38,2,4,2,mountain,weathered_rock,fair,10.847,high
SEG-0021,2026-06-07,7.2,75.2,166.9,30.0,794,9.38,2,4,2,mountain,weathered_rock,fair,9.394,medium
SEG-0021,2026-06-08,18.4,60.2,149.2,30.0,794,9.38,2,4,2,mountain,weathered_rock,fair,9.146,medium
SEG-0021,2026-06-09,19.0,44.6,159.3,30.0,794,9.38,2,4,2,mountain,weathered_rock,fair,8.778,medium
SEG-0021,2026-06-10,11.9,49.3,168.8,30.0,794,9.38,2,4,2,mountain,weathered_rock,fair,8.806,medium
SEG-0021,2026-06-11,6.5,37.4,131.0,30.0,794,9.38,2,4,2,mountain,weathered_rock,fair,8.3,medium
SEG-0021,2026-06-12,7.6,26.0,105.2,30.0,794,9.38,2,4,2,mountain,weathered_rock,fair,7.952,medium
SEG-0021,2026-06-13,8.0,22.1,78.6,30.0,794,9.38,2,4,2,mountain,weathered_rock,fair,7.784,medium
SEG-0021,2026-06-14,1.5,17.1,72.9,30.0,794,9.38,2,4,2,mountain,weathered_rock,fair,7.528,medium
SEG-0021,2026-06-15,6.2,15.7,60.7,30.0,794,9.38,2,4,2,mountain,weathered_rock,fair,7.538,medium
SEG-0021,2026-06-16,5.6,13.3,47.3,30.0,794,9.38,2,4,2,mountain,weathered_rock,fair,7.428,medium
SEG-0021,2026-06-17,12.7,24.5,48.1,30.0,794,9.38,2,4,2,mountain,weathered_rock,fair,7.842,medium
SEG-0021,2026-06-18,18.8,37.1,60.4,30.0,794,9.38,2,4,2,mountain,weathered_rock,fair,8.308,medium
SEG-0021,2026-06-19,33.8,65.3,86.6,30.0,794,9.38,2,4,2,mountain,weathered_rock,fair,9.368,medium
SEG-0021,2026-06-20,35.6,88.2,114.2,30.0,794,9.38,2,4,2,mountain,weathered_rock,fair,10.07,high
SEG-0021,2026-06-21,11.6,81.0,124.3,30.0,794,9.38,2,4,2,mountain,weathered_rock,fair,9.502,medium
SEG-0021,2026-06-22,4.7,51.9,122.8,30.0,794,9.38,2,4,2,mountain,weathered_rock,fair,8.624,medium
SEG-0021,2026-06-23,1.7,18.0,118.9,30.0,794,9.38,2,4,2,mountain,weathered_rock,fair,7.681,medium
SEG-0021,2026-06-24,12.2,18.6,118.4,30.0,794,9.38,2,4,2,mountain,weathered_rock,fair,7.874,medium
SEG-0021,2026-06-25,3.1,17.0,102.7,30.0,794,9.38,2,4,2,mountain,weathered_rock,fair,7.634,medium
SEG-0021,2026-06-26,3.1,18.4,72.0,30.0,794,9.38,2,4,2,mountain,weathered_rock,fair,7.586,medium
SEG-0021,2026-06-27,5.7,11.9,42.1,30.0,794,9.38,2,4,2,mountain,weathered_rock,fair,7.379,medium
SEG-0021,2026-06-28,40.0,48.8,70.5,30.0,794,9.38,2,4,2,mountain,weathered_rock,fair,9.0,medium
SEG-0021,2026-06-29,36.3,82.0,102.1,30.0,794,9.38,2,4,2,mountain,weathered_rock,fair,9.887,high
SEG-0021,2026-06-30,33.3,109.6,133.7,30.0,794,9.38,2,4,2,mountain,weathered_rock,fair,10.641,high
SEG-0021,2026-07-01,35.9,105.5,157.4,30.0,794,9.38,2,4,2,mountain,weathered_rock,fair,10.643,high
SEG-0021,2026-07-02,0.8,70.0,155.1,30.0,794,9.38,2,4,2,mountain,weathered_rock,fair,9.117,medium
SEG-0021,2026-07-03,49.0,85.7,201.0,30.0,794,9.38,2,4,2,mountain,weathered_rock,fair,10.471,high
SEG-0021,2026-07-04,22.4,72.2,217.7,30.0,794,9.38,2,4,2,mountain,weathered_rock,fair,9.714,high
SEG-0021,2026-07-05,28.6,100.0,206.3,30.0,794,9.38,2,4,2,mountain,weathered_rock,fair,10.511,high
SEG-0021,2026-07-06,31.8,82.8,201.8,30.0,794,9.38,2,4,2,mountain,weathered_rock,fair,10.106,high
SEG-0021,2026-07-07,20.5,80.9,189.0,30.0,794,9.38,2,4,2,mountain,weathered_rock,fair,9.829,high
SEG-0021,2026-07-08,10.3,62.6,163.4,30.0,794,9.38,2,4,2,mountain,weathered_rock,fair,9.109,medium
SEG-0021,2026-07-09,2.3,33.1,164.9,30.0,794,9.38,2,4,2,mountain,weathered_rock,fair,8.21,medium
SEG-0021,2026-07-10,3.3,15.9,119.2,30.0,794,9.38,2,4,2,mountain,weathered_rock,fair,7.655,medium
SEG-0021,2026-07-11,17.4,23.0,114.2,30.0,794,9.38,2,4,2,mountain,weathered_rock,fair,8.065,medium
SEG-0021,2026-07-12,0.7,21.4,86.3,30.0,794,9.38,2,4,2,mountain,weathered_rock,fair,7.663,medium
SEG-0021,2026-07-13,4.4,22.5,58.9,30.0,794,9.38,2,4,2,mountain,weathered_rock,fair,7.679,medium
SEG-0021,2026-07-14,6.6,11.7,45.0,30.0,794,9.38,2,4,2,mountain,weathered_rock,fair,7.397,medium
SEG-0021,2026-07-15,11.2,22.2,45.9,30.0,794,9.38,2,4,2,mountain,weathered_rock,fair,7.751,medium
SEG-0021,2026-07-16,3.4,21.2,47.0,30.0,794,9.38,2,4,2,mountain,weathered_rock,fair,7.596,medium
SEG-0021,2026-07-17,5.9,20.5,49.6,30.0,794,9.38,2,4,2,mountain,weathered_rock,fair,7.627,medium
SEG-0021,2026-07-18,8.8,18.1,41.0,30.0,794,9.38,2,4,2,mountain,weathered_rock,fair,7.59,medium
SEG-0021,2026-07-19,12.9,27.6,53.2,30.0,794,9.38,2,4,2,mountain,weathered_rock,fair,7.941,medium
SEG-0021,2026-07-20,1.2,22.9,50.0,30.0,794,9.38,2,4,2,mountain,weathered_rock,fair,7.611,medium
SEG-0021,2026-07-21,7.9,22.0,51.3,30.0,794,9.38,2,4,2,mountain,weathered_rock,fair,7.705,medium
SEG-0021,2026-07-22,1.7,10.8,41.8,30.0,794,9.38,2,4,2,mountain,weathered_rock,fair,7.282,medium
SEG-0021,2026-07-23,18.1,27.7,56.5,30.0,794,9.38,2,4,2,mountain,weathered_rock,fair,8.041,medium
SEG-0021,2026-07-24,53.4,73.2,104.0,30.0,794,9.38,2,4,2,mountain,weathered_rock,fair,9.954,high
SEG-0021,2026-07-25,24.4,95.9,119.6,30.0,794,9.38,2,4,2,mountain,weathered_rock,fair,10.094,high
SEG-0021,2026-07-26,22.1,99.9,128.8,30.0,794,9.38,2,4,2,mountain,weathered_rock,fair,10.185,high
SEG-0021,2026-07-27,13.0,59.5,140.6,30.0,794,9.38,2,4,2,mountain,weathered_rock,fair,9.012,medium
SEG-0021,2026-07-28,0.3,35.4,133.0,30.0,794,9.38,2,4,2,mountain,weathered_rock,fair,8.149,medium
SEG-0021,2026-07-29,17.8,31.1,149.1,30.0,794,9.38,2,4,2,mountain,weathered_rock,fair,8.379,medium
SEG-0021,2026-07-30,35.2,53.3,166.2,30.0,794,9.38,2,4,2,mountain,weathered_rock,fair,9.299,medium
SEG-0021,2026-07-31,22.1,75.1,134.9,30.0,794,9.38,2,4,2,mountain,weathered_rock,fair,9.557,medium
SEG-0021,2026-08-01,33.2,90.5,143.7,30.0,794,9.38,2,4,2,mountain,weathered_rock,fair,10.17,high
SEG-0021,2026-08-02,26.4,81.7,148.0,30.0,794,9.38,2,4,2,mountain,weathered_rock,fair,9.837,medium
SEG-0021,2026-08-03,31.6,91.2,166.6,30.0,794,9.38,2,4,2,mountain,weathered_rock,fair,10.224,high
SEG-0021,2026-08-04,5.1,63.1,171.4,30.0,794,9.38,2,4,2,mountain,weathered_rock,fair,9.056,medium
SEG-0021,2026-08-05,7.9,44.6,161.5,30.0,794,9.38,2,4,2,mountain,weathered_rock,fair,8.595,medium
SEG-0021,2026-08-06,28.3,41.3,154.6,30.0,794,9.38,2,4,2,mountain,weathered_rock,fair,8.837,medium
SEG-0021,2026-08-07,32.1,68.3,164.6,30.0,794,9.38,2,4,2,mountain,weathered_rock,fair,9.631,medium
SEG-0021,2026-08-08,22.6,83.0,154.0,30.0,794,9.38,2,4,2,mountain,weathered_rock,fair,9.823,high
SEG-0021,2026-08-09,9.6,64.3,137.2,30.0,794,9.38,2,4,2,mountain,weathered_rock,fair,9.07,medium
SEG-0021,2026-08-10,35.3,67.5,140.9,30.0,794,9.38,2,4,2,mountain,weathered_rock,fair,9.6,medium
SEG-0021,2026-08-11,28.4,73.3,164.2,30.0,794,9.38,2,4,2,mountain,weathered_rock,fair,9.697,medium
SEG-0021,2026-08-12,21.1,84.8,177.4,30.0,794,9.38,2,4,2,mountain,weathered_rock,fair,9.909,medium
SEG-0021,2026-08-13,18.6,68.1,167.7,30.0,794,9.38,2,4,2,mountain,weathered_rock,fair,9.405,medium
SEG-0021,2026-08-14,0.9,40.6,136.5,30.0,794,9.38,2,4,2,mountain,weathered_rock,fair,8.304,medium
SEG-0021,2026-08-15,4.2,23.7,118.1,30.0,794,9.38,2,4,2,mountain,weathered_rock,fair,7.87,medium
SEG-0021,2026-08-16,3.7,8.8,112.2,30.0,794,9.38,2,4,2,mountain,weathered_rock,fair,7.458,medium
SEG-0021,2026-08-17,1.5,9.4,78.4,30.0,794,9.38,2,4,2,mountain,weathered_rock,fair,7.343,medium
SEG-0021,2026-08-18,3.7,8.9,53.7,30.0,794,9.38,2,4,2,mountain,weathered_rock,fair,7.299,medium
SEG-0021,2026-08-19,9.1,14.3,41.7,30.0,794,9.38,2,4,2,mountain,weathered_rock,fair,7.498,medium
SEG-0021,2026-08-20,1.3,14.1,24.4,30.0,794,9.38,2,4,2,mountain,weathered_rock,fair,7.313,medium
SEG-0021,2026-08-21,2.7,13.1,26.2,30.0,794,9.38,2,4,2,mountain,weathered_rock,fair,7.316,medium
SEG-0021,2026-08-22,4.7,8.7,26.7,30.0,794,9.38,2,4,2,mountain,weathered_rock,fair,7.237,medium
SEG-0021,2026-08-23,10.4,17.8,33.4,30.0,794,9.38,2,4,2,mountain,weathered_rock,fair,7.589,medium
SEG-0021,2026-08-24,14.7,29.8,46.6,30.0,794,9.38,2,4,2,mountain,weathered_rock,fair,8.01,medium
SEG-0021,2026-08-25,13.0,38.1,55.9,30.0,794,9.38,2,4,2,mountain,weathered_rock,fair,8.223,medium
SEG-0021,2026-08-26,10.7,38.4,57.5,30.0,794,9.38,2,4,2,mountain,weathered_rock,fair,8.196,medium
SEG-0021,2026-08-27,15.2,38.9,71.4,30.0,794,9.38,2,4,2,mountain,weathered_rock,fair,8.323,medium
SEG-0021,2026-08-28,11.5,37.4,80.2,30.0,794,9.38,2,4,2,mountain,weathered_rock,fair,8.246,medium
SEG-0021,2026-08-29,1.5,28.2,77.0,30.0,794,9.38,2,4,2,mountain,weathered_rock,fair,7.828,medium
SEG-0021,2026-08-30,6.9,19.9,73.5,30.0,794,9.38,2,4,2,mountain,weathered_rock,fair,7.694,medium
SEG-0021,2026-08-31,11.9,20.3,70.7,30.0,794,9.38,2,4,2,mountain,weathered_rock,fair,7.782,medium
SEG-0021,2026-09-01,1.2,20.0,58.9,30.0,794,9.38,2,4,2,mountain,weathered_rock,fair,7.56,medium
SEG-0021,2026-09-02,0.0,13.1,48.2,30.0,794,9.38,2,4,2,mountain,weathered_rock,fair,7.33,medium
SEG-0021,2026-09-03,4.4,5.6,37.4,30.0,794,9.38,2,4,2,mountain,weathered_rock,fair,7.181,medium
SEG-0021,2026-09-04,7.0,11.4,32.9,30.0,794,9.38,2,4,2,mountain,weathered_rock,fair,7.363,medium
SEG-0021,2026-09-05,9.8,21.2,41.2,30.0,794,9.38,2,4,2,mountain,weathered_rock,fair,7.688,medium
SEG-0021,2026-09-06,1.7,18.5,36.0,30.0,794,9.38,2,4,2,mountain,weathered_rock,fair,7.466,medium
SEG-0021,2026-09-07,4.3,15.8,28.4,30.0,794,9.38,2,4,2,mountain,weathered_rock,fair,7.419,medium
SEG-0021,2026-09-08,9.2,15.2,36.4,30.0,794,9.38,2,4,2,mountain,weathered_rock,fair,7.509,medium
SEG-0021,2026-09-09,2.7,16.2,39.1,30.0,794,9.38,2,4,2,mountain,weathered_rock,fair,7.432,medium
SEG-0021,2026-09-10,5.0,16.9,39.7,30.0,794,9.38,2,4,2,mountain,weathered_rock,fair,7.491,medium
SEG-0021,2026-09-11,2.6,10.3,35.3,30.0,794,9.38,2,4,2,mountain,weathered_rock,fair,7.266,medium
SEG-0021,2026-09-12,3.8,11.4,29.3,30.0,794,9.38,2,4,2,mountain,weathered_rock,fair,7.299,medium
SEG-0021,2026-09-13,8.5,14.9,36.1,30.0,794,9.38,2,4,2,mountain,weathered_rock,fair,7.488,medium
SEG-0021,2026-09-14,0.2,12.5,32.0,30.0,794,9.38,2,4,2,mountain,weathered_rock,fair,7.274,medium
SEG-0021,2026-09-15,9.6,18.3,32.4,30.0,794,9.38,2,4,2,mountain,weathered_rock,fair,7.585,medium
SEG-0021,2026-09-16,11.1,20.9,40.8,30.0,794,9.38,2,4,2,mountain,weathered_rock,fair,7.702,medium
SEG-0022,2026-05-20,3.3,3.3,3.3,22.3,1252,7.04,3,3,2,mountain,weathered_rock,fair,6.509,low
SEG-0022,2026-05-21,7.4,10.7,10.7,22.3,1252,7.04,3,3,2,mountain,weathered_rock,fair,6.792,medium
SEG-0022,2026-05-22,7.9,18.6,18.6,22.3,1252,7.04,3,3,2,mountain,weathered_rock,fair,7.027,medium
SEG-0022,2026-05-23,8.0,23.3,26.6,22.3,1252,7.04,3,3,2,mountain,weathered_rock,fair,7.173,medium
SEG-0022,2026-05-24,3.6,19.5,30.2,22.3,1252,7.04,3,3,2,mountain,weathered_rock,fair,7.01,medium
SEG-0022,2026-05-25,10.8,22.4,41.0,22.3,1252,7.04,3,3,2,mountain,weathered_rock,fair,7.237,medium
SEG-0022,2026-05-26,12.3,26.7,53.3,22.3,1252,7.04,3,3,2,mountain,weathered_rock,fair,7.408,medium
SEG-0022,2026-05-27,1.3,24.4,51.3,22.3,1252,7.04,3,3,2,mountain,weathered_rock,fair,7.156,medium
SEG-0022,2026-05-28,1.3,14.9,45.2,22.3,1252,7.04,3,3,2,mountain,weathered_rock,fair,6.892,medium
SEG-0022,2026-05-29,1.7,4.3,39.0,22.3,1252,7.04,3,3,2,mountain,weathered_rock,fair,6.606,low
SEG-0022,2026-05-30,3.4,6.4,34.4,22.3,1252,7.04,3,3,2,mountain,weathered_rock,fair,6.677,medium
SEG-0022,2026-05-31,4.9,10.0,35.7,22.3,1252,7.04,3,3,2,mountain,weathered_rock,fair,6.8,low
SEG-0022,2026-06-01,17.7,26.0,42.6,22.3,1252,7.04,3,3,2,mountain,weathered_rock,fair,7.452,medium
SEG-0022,2026-06-02,2.1,24.7,32.4,22.3,1252,7.04,3,3,2,mountain,weathered_rock,fair,7.125,medium
SEG-0022,2026-06-03,9.4,29.2,40.5,22.3,1252,7.04,3,3,2,mountain,weathered_rock,fair,7.389,medium
SEG-0022,2026-06-04,9.7,21.2,48.9,22.3,1252,7.04,3,3,2,mountain,weathered_rock,fair,7.209,medium
SEG-0022,2026-06-05,34.8,53.9,82.0,22.3,1252,7.04,3,3,2,mountain,weathered_rock,fair,8.577,medium
SEG-0022,2026-06-06,34.2,78.7,112.8,22.3,1252,7.04,3,3,2,mountain,weathered_rock,fair,9.296,medium
SEG-0022,2026-06-07,33.0,102.0,140.9,22.3,1252,7.04,3,3,2,mountain,weathered_rock,fair,9.959,high
SEG-0022,2026-06-08,17.7,84.9,140.9,22.3,1252,7.04,3,3,2,mountain,weathered_rock,fair,9.254,medium
SEG-0022,2026-06-09,15.5,66.2,154.3,22.3,1252,7.04,3,3,2,mountain,weathered_rock,fair,8.767,medium
SEG-0022,2026-06-10,36.0,69.2,180.9,22.3,1252,7.04,3,3,2,mountain,weathered_rock,fair,9.267,medium
SEG-0022,2026-06-11,34.5,86.0,205.7,22.3,1252,7.04,3,3,2,mountain,weathered_rock,fair,9.747,medium
SEG-0022,2026-06-12,21.7,92.2,192.6,22.3,1252,7.04,3,3,2,mountain,weathered_rock,fair,9.654,medium
SEG-0022,2026-06-13,37.9,94.1,196.3,22.3,1252,7.04,3,3,2,mountain,weathered_rock,fair,9.989,high
SEG-0022,2026-06-14,39.3,98.9,202.6,22.3,1252,7.04,3,3,2,mountain,weathered_rock,fair,10.155,high
SEG-0022,2026-06-15,36.9,114.1,221.8,22.3,1252,7.04,3,3,2,mountain,weathered_rock,fair,10.562,high
SEG-0022,2026-06-16,52.2,128.4,258.5,22.3,1252,7.04,3,3,2,mountain,weathered_rock,fair,11.295,high
SEG-0022,2026-06-17,39.8,128.9,262.3,22.3,1252,7.04,3,3,2,mountain,weathered_rock,fair,11.108,high
SEG-0022,2026-06-18,30.5,122.5,258.3,22.3,1252,7.04,3,3,2,mountain,weathered_rock,fair,10.772,high
SEG-0022,2026-06-19,28.4,98.7,265.0,22.3,1252,7.04,3,3,2,mountain,weathered_rock,fair,10.136,high
SEG-0022,2026-06-20,17.9,76.8,245.0,22.3,1252,7.04,3,3,2,mountain,weathered_rock,fair,9.333,medium
SEG-0022,2026-06-21,61.8,108.1,267.5,22.3,1252,7.04,3,3,2,mountain,weathered_rock,fair,10.955,high
SEG-0022,2026-06-22,31.4,111.1,262.0,22.3,1252,7.04,3,3,2,mountain,weathered_rock,fair,10.501,high
SEG-0022,2026-06-23,9.4,102.6,219.2,22.3,1252,7.04,3,3,2,mountain,weathered_rock,fair,9.789,high
SEG-0022,2026-06-24,1.9,42.7,181.3,22.3,1252,7.04,3,3,2,mountain,weathered_rock,fair,7.999,medium
SEG-0022,2026-06-25,51.8,63.1,202.6,22.3,1252,7.04,3,3,2,mountain,weathered_rock,fair,9.437,medium
SEG-0022,2026-06-26,39.5,93.2,213.7,22.3,1252,7.04,3,3,2,mountain,weathered_rock,fair,10.041,medium
SEG-0022,2026-06-27,31.4,122.7,227.2,22.3,1252,7.04,3,3,2,mountain,weathered_rock,fair,10.707,high
SEG-0022,2026-06-28,7.5,78.4,172.9,22.3,1252,7.04,3,3,2,mountain,weathered_rock,fair,9.0,medium
SEG-0022,2026-06-29,16.9,55.8,158.4,22.3,1252,7.04,3,3,2,mountain,weathered_rock,fair,8.532,medium
SEG-0022,2026-06-30,18.6,43.0,167.6,22.3,1252,7.04,3,3,2,mountain,weathered_rock,fair,8.254,medium
SEG-0022,2026-07-01,17.9,53.4,183.6,22.3,1252,7.04,3,3,2,mountain,weathered_rock,fair,8.556,medium
SEG-0022,2026-07-02,3.8,40.3,135.6,22.3,1252,7.04,3,3,2,mountain,weathered_rock,fair,7.844,medium
SEG-0022,2026-07-03,16.1,37.8,112.2,22.3,1252,7.04,3,3,2,mountain,weathered_rock,fair,7.923,medium
SEG-0022,2026-07-04,6.4,26.3,87.2,22.3,1252,7.04,3,3,2,mountain,weathered_rock,fair,7.391,medium
SEG-0022,2026-07-05,9.3,31.8,89.0,22.3,1252,7.04,3,3,2,mountain,weathered_rock,fair,7.588,medium
SEG-0022,2026-07-06,18.2,33.9,90.3,22.3,1252,7.04,3,3,2,mountain,weathered_rock,fair,7.798,medium
SEG-0022,2026-07-07,19.0,46.5,90.7,22.3,1252,7.04,3,3,2,mountain,weathered_rock,fair,8.14,medium
SEG-0022,2026-07-08,2.5,39.7,75.3,22.3,1252,7.04,3,3,2,mountain,weathered_rock,fair,7.64,medium
SEG-0022,2026-07-09,9.6,31.1,81.1,22.3,1252,7.04,3,3,2,mountain,weathered_rock,fair,7.553,medium
SEG-0022,2026-07-10,16.8,28.9,81.8,22.3,1252,7.04,3,3,2,mountain,weathered_rock,fair,7.62,medium
SEG-0022,2026-07-11,20.1,46.5,95.5,22.3,1252,7.04,3,3,2,mountain,weathered_rock,fair,8.172,medium
SEG-0022,2026-07-12,14.6,51.5,100.8,22.3,1252,7.04,3,3,2,mountain,weathered_rock,fair,8.223,medium
SEG-0022,2026-07-13,12.6,47.3,95.2,22.3,1252,7.04,3,3,2,mountain,weathered_rock,fair,8.064,medium
SEG-0022,2026-07-14,4.7,31.9,80.9,22.3,1252,7.04,3,3,2,mountain,weathered_rock,fair,7.49,medium
SEG-0022,2026-07-15,9.4,26.7,87.8,22.3,1252,7.04,3,3,2,mountain,weathered_rock,fair,7.454,medium
SEG-0022,2026-07-16,4.4,18.5,82.6,22.3,1252,7.04,3,3,2,mountain,weathered_rock,fair,7.141,medium
SEG-0022,2026-07-17,3.9,17.7,69.7,22.3,1252,7.04,3,3,2,mountain,weathered_rock,fair,7.077,medium
SEG-0022,2026-07-18,68.7,77.0,118.3,22.3,1252,7.04,3,3,2,mountain,weathered_rock,fair,9.854,high
SEG-0022,2026-07-19,25.8,98.4,129.5,22.3,1252,7.04,3,3,2,mountain,weathered_rock,fair,9.712,high
SEG-0022,2026-07-20,25.3,119.8,142.2,22.3,1252,7.04,3,3,2,mountain,weathered_rock,fair,10.294,high
SEG-0022,2026-07-21,43.3,94.4,180.8,22.3,1252,7.04,3,3,2,mountain,weathered_rock,fair,10.046,high
SEG-0022,2026-07-22,30.9,99.5,202.3,22.3,1252,7.04,3,3,2,mountain,weathered_rock,fair,10.027,high
SEG-0022,2026-07-23,20.8,95.0,218.7,22.3,1252,7.04,3,3,2,mountain,weathered_rock,fair,9.783,medium
SEG-0022,2026-07-24,4.1,55.8,218.9,22.3,1252,7.04,3,3,2,mountain,weathered_rock,fair,8.481,medium
SEG-0022,2026-07-25,2.9,27.8,153.1,22.3,1252,7.04,3,3,2,mountain,weathered_rock,fair,7.552,medium
SEG-0022,2026-07-26,20.0,27.0,147.3,22.3,1252,7.04,3,3,2,mountain,weathered_rock,fair,7.805,medium
SEG-0022,2026-07-27,20.2,43.1,142.2,22.3,1252,7.04,3,3,2,mountain,weathered_rock,fair,8.213,medium
SEG-0022,2026-07-28,16.7,56.9,115.6,22.3,1252,7.04,3,3,2,mountain,weathered_rock,fair,8.44,medium
SEG-0022,2026-07-29,0.1,37.0,84.8,22.3,1252,7.04,3,3,2,mountain,weathered_rock,fair,7.555,medium
SEG-0022,2026-07-30,7.1,23.9,71.1,22.3,1252,7.04,3,3,2,mountain,weathered_rock,fair,7.296,medium
SEG-0022,2026-07-31,20.5,27.7,87.5,22.3,1252,7.04,3,3,2,mountain,weathered_rock,fair,7.668,medium
SEG-0022,2026-08-01,2.1,29.7,86.7,22.3,1252,7.04,3,3,2,mountain,weathered_rock,fair,7.405,medium
SEG-0022,2026-08-02,10.1,32.7,76.8,22.3,1252,7.04,3,3,2,mountain,weathered_rock,fair,7.591,medium
SEG-0022,2026-08-03,9.7,21.9,66.3,22.3,1252,7.04,3,3,2,mountain,weathered_rock,fair,7.275,medium
SEG-0022,2026-08-04,2.6,22.4,52.2,22.3,1252,7.04,3,3,2,mountain,weathered_rock,fair,7.129,medium
SEG-0022,2026-08-05,2.6,14.9,54.7,22.3,1252,7.04,3,3,2,mountain,weathered_rock,fair,6.94,medium
SEG-0022,2026-08-06,14.9,20.1,62.5,22.3,1252,7.04,3,3,2,mountain,weathered_rock,fair,7.306,medium
SEG-0022,2026-08-07,3.0,20.5,45.0,22.3,1252,7.04,3,3,2,mountain,weathered_rock,fair,7.066,medium
SEG-0022,2026-08-08,2.9,20.8,45.8,22.3,1252,7.04,3,3,2,mountain,weathered_rock,fair,7.074,low
SEG-0022,2026-08-09,2.6,8.5,38.3,22.3,1252,7.04,3,3,2,mountain,weathered_rock,fair,6.729,low
SEG-0022,2026-08-10,6.0,11.5,34.6,22.3,1252,7.04,3,3,2,mountain,weathered_rock,fair,6.855,medium
SEG-0022,2026-08-11,11.4,20.0,43.4,22.3,1252,7.04,3,3,2,mountain,weathered_rock,fair,7.192,medium
SEG-0022,2026-08-12,10.6,28.0,51.4,22.3,1252,7.04,3,3,2,mountain,weathered_rock,fair,7.408,medium
SEG-0022,2026-08-13,4.1,26.1,40.6,22.3,1252,7.04,3,3,2,mountain,weathered_rock,fair,7.218,medium
SEG-0022,2026-08-14,14.8,29.5,52.4,22.3,1252,7.04,3,3,2,mountain,weathered_rock,fair,7.521,medium
SEG-0022,2026-08-15,9.3,28.2,58.8,22.3,1252,7.04,3,3,2,mountain,weathered_rock,fair,7.411,medium
SEG-0022,2026-08-16,6.5,30.6,62.7,22.3,1252,7.04,3,3,2,mountain,weathered_rock,fair,7.437,medium
SEG-0022,2026-08-17,7.3,23.1,64.0,22.3,1252,7.04,3,3,2,mountain,weathered_rock,fair,7.259,medium
SEG-0022,2026-08-18,8.7,22.5,61.3,22.3,1252,7.04,3,3,2,mountain,weathered_rock,fair,7.26,medium
SEG-0022,2026-08-19,11.8,27.8,62.5,22.3,1252,7.04,3,3,2,mountain,weathered_rock,fair,7.454,medium
SEG-0022,2026-08-20,0.5,21.0,58.9,22.3,1252,7.04,3,3,2,mountain,weathered_rock,fair,7.075,medium
SEG-0022,2026-08-21,9.0,21.3,53.1,22.3,1252,7.04,3,3,2,mountain,weathered_rock,fair,7.211,medium
SEG-0022,2026-08-22,13.7,23.2,57.5,22.3,1252,7.04,3,3,2,mountain,weathered_rock,fair,7.353,medium
SEG-0022,2026-08-23,8.3,31.0,59.3,22.3,1252,7.04,3,3,2,mountain,weathered_rock,fair,7.469,medium
SEG-0022,2026-08-24,14.9,36.9,66.9,22.3,1252,7.04,3,3,2,mountain,weathered_rock,fair,7.755,medium
SEG-0022,2026-08-25,1.4,24.6,59.6,22.3,1252,7.04,3,3,2,mountain,weathered_rock,fair,7.186,medium
SEG-0022,2026-08-26,7.5,23.8,55.3,22.3,1252,7.04,3,3,2,mountain,weathered_rock,fair,7.257,medium
SEG-0022,2026-08-27,9.2,18.1,64.0,22.3,1252,7.04,3,3,2,mountain,weathered_rock,fair,7.161,medium
SEG-0022,2026-08-28,1.3,18.0,56.3,22.3,1252,7.04,3,3,2,mountain,weathered_rock,fair,7.003,medium
SEG-0022,2026-08-29,15.9,26.4,58.5,22.3,1252,7.04,3,3,2,mountain,weathered_rock,fair,7.476,medium
SEG-0022,2026-08-30,11.6,28.8,61.8,22.3,1252,7.04,3,3,2,mountain,weathered_rock,fair,7.474,medium
SEG-0022,2026-08-31,3.2,30.7,50.1,22.3,1252,7.04,3,3,2,mountain,weathered_rock,fair,7.349,medium
SEG-0022,2026-09-01,6.8,21.6,55.5,22.3,1252,7.04,3,3,2,mountain,weathered_rock,fair,7.188,medium
SEG-0022,2026-09-02,9.6,19.6,57.6,22.3,1252,7.04,3,3,2,mountain,weathered_rock,fair,7.19,medium
SEG-0022,2026-09-03,10.4,26.8,58.8,22.3,1252,7.04,3,3,2,mountain,weathered_rock,fair,7.394,medium
SEG-0022,2026-09-04,20.8,40.8,78.3,22.3,1252,7.04,3,3,2,mountain,weathered_rock,fair,7.988,medium
SEG-0022,2026-09-05,20.5,51.7,82.9,22.3,1252,7.04,3,3,2,mountain,weathered_rock,fair,8.279,medium
SEG-0022,2026-09-06,17.5,58.8,88.8,22.3,1252,7.04,3,3,2,mountain,weathered_rock,fair,8.429,medium
SEG-0022,2026-09-07,11.0,49.0,96.6,22.3,1252,7.04,3,3,2,mountain,weathered_rock,fair,8.085,medium
SEG-0022,2026-09-08,37.1,65.6,126.9,22.3,1252,7.04,3,3,2,mountain,weathered_rock,fair,9.044,medium
SEG-0022,2026-09-09,23.1,71.2,140.4,22.3,1252,7.04,3,3,2,mountain,weathered_rock,fair,8.988,medium
SEG-0022,2026-09-10,17.3,77.5,147.3,22.3,1252,7.04,3,3,2,mountain,weathered_rock,fair,9.073,medium
SEG-0022,2026-09-11,3.5,43.9,130.0,22.3,1252,7.04,3,3,2,mountain,weathered_rock,fair,7.917,medium
SEG-0022,2026-09-12,0.1,20.9,109.6,22.3,1252,7.04,3,3,2,mountain,weathered_rock,fair,7.205,medium
SEG-0022,2026-09-13,2.5,6.1,94.6,22.3,1252,7.04,3,3,2,mountain,weathered_rock,fair,6.82,medium
SEG-0022,2026-09-14,1.8,4.4,85.4,22.3,1252,7.04,3,3,2,mountain,weathered_rock,fair,6.738,medium
SEG-0022,2026-09-15,7.0,11.3,55.3,22.3,1252,7.04,3,3,2,mountain,weathered_rock,fair,6.923,medium
SEG-0022,2026-09-16,11.1,19.9,43.3,22.3,1252,7.04,3,3,2,mountain,weathered_rock,fair,7.184,medium
SEG-0023,2026-05-20,7.6,7.6,7.6,23.6,1061,9.05,5,0,2,mountain,weathered_rock,fair,7.615,medium
SEG-0023,2026-05-21,11.2,18.8,18.8,23.6,1061,9.05,5,0,2,mountain,weathered_rock,fair,7.998,medium
SEG-0023,2026-05-22,10.4,29.2,29.2,23.6,1061,9.05,5,0,2,mountain,weathered_rock,fair,8.284,medium
SEG-0023,2026-05-23,11.1,32.7,40.3,23.6,1061,9.05,5,0,2,mountain,weathered_rock,fair,8.417,medium
SEG-0023,2026-05-24,4.1,25.6,44.4,23.6,1061,9.05,5,0,2,mountain,weathered_rock,fair,8.125,medium
SEG-0023,2026-05-25,1.8,17.0,46.2,23.6,1061,9.05,5,0,2,mountain,weathered_rock,fair,7.867,medium
SEG-0023,2026-05-26,9.5,15.4,55.7,23.6,1061,9.05,5,0,2,mountain,weathered_rock,fair,7.983,medium
SEG-0023,2026-05-27,6.1,17.4,54.2,23.6,1061,9.05,5,0,2,mountain,weathered_rock,fair,7.973,medium
SEG-0023,2026-05-28,7.3,22.9,50.3,23.6,1061,9.05,5,0,2,mountain,weathered_rock,fair,8.125,medium
SEG-0023,2026-05-29,26.3,39.7,66.2,23.6,1061,9.05,5,0,2,mountain,weathered_rock,fair,8.929,medium
SEG-0023,2026-05-30,13.3,46.9,68.4,23.6,1061,9.05,5,0,2,mountain,weathered_rock,fair,8.901,medium
SEG-0023,2026-05-31,16.2,55.8,80.5,23.6,1061,9.05,5,0,2,mountain,weathered_rock,fair,9.215,medium
SEG-0023,2026-06-01,9.0,38.5,87.7,23.6,1061,9.05,5,0,2,mountain,weathered_rock,fair,8.663,medium
SEG-0023,2026-06-02,6.6,31.8,84.8,23.6,1061,9.05,5,0,2,mountain,weathered_rock,fair,8.44,medium
SEG-0023,2026-06-03,14.9,30.5,93.6,23.6,1061,9.05,5,0,2,mountain,weathered_rock,fair,8.571,medium
SEG-0023,2026-06-04,13.5,35.0,99.8,23.6,1061,9.05,5,0,2,mountain,weathered_rock,fair,8.681,medium
SEG-0023,2026-06-05,16.1,44.5,89.6,23.6,1061,9.05,5,0,2,mountain,weathered_rock,fair,8.945,medium
SEG-0023,2026-06-06,16.9,46.5,93.2,23.6,1061,9.05,5,0,2,mountain,weathered_rock,fair,9.02,medium
SEG-0023,2026-06-07,12.5,45.5,89.5,23.6,1061,9.05,5,0,2,mountain,weathered_rock,fair,8.909,medium
SEG-0023,2026-06-08,14.5,43.9,95.0,23.6,1061,9.05,5,0,2,mountain,weathered_rock,fair,8.917,medium
SEG-0023,2026-06-09,12.1,39.1,100.5,23.6,1061,9.05,5,0,2,mountain,weathered_rock,fair,8.766,medium
SEG-0023,2026-06-10,8.3,34.9,93.9,23.6,1061,9.05,5,0,2,mountain,weathered_rock,fair,8.574,medium
SEG-0023,2026-06-11,0.3,20.7,80.7,23.6,1061,9.05,5,0,2,mountain,weathered_rock,fair,8.033,medium
SEG-0023,2026-06-12,0.5,9.1,65.1,23.6,1061,9.05,5,0,2,mountain,weathered_rock,fair,7.692,medium
SEG-0023,2026-06-13,5.9,6.7,54.1,23.6,1061,9.05,5,0,2,mountain,weathered_rock,fair,7.691,medium
SEG-0023,2026-06-14,5.8,12.2,47.4,23.6,1061,9.05,5,0,2,mountain,weathered_rock,fair,7.814,medium
SEG-0023,2026-06-15,14.9,26.6,47.8,23.6,1061,9.05,5,0,2,mountain,weathered_rock,fair,8.344,medium
SEG-0023,2026-06-16,3.3,24.0,39.0,23.6,1061,9.05,5,0,2,mountain,weathered_rock,fair,8.055,medium
SEG-0023,2026-06-17,50.8,69.0,81.5,23.6,1061,9.05,5,0,2,mountain,weathered_rock,fair,10.149,high
SEG-0023,2026-06-18,34.0,88.1,115.2,23.6,1061,9.05,5,0,2,mountain,weathered_rock,fair,10.453,high
SEG-0023,2026-06-19,32.9,117.7,147.6,23.6,1061,9.05,5,0,2,mountain,weathered_rock,fair,11.293,high
SEG-0023,2026-06-20,20.3,87.2,162.0,23.6,1061,9.05,5,0,2,mountain,weathered_rock,fair,10.325,high
SEG-0023,2026-06-21,16.2,69.4,172.4,23.6,1061,9.05,5,0,2,mountain,weathered_rock,fair,9.821,medium
SEG-0023,2026-06-22,18.2,54.7,175.7,23.6,1061,9.05,5,0,2,mountain,weathered_rock,fair,9.482,medium
SEG-0023,2026-06-23,10.2,44.6,182.6,23.6,1061,9.05,5,0,2,mountain,weathered_rock,fair,9.103,medium
SEG-0023,2026-06-24,0.0,28.4,131.8,23.6,1061,9.05,5,0,2,mountain,weathered_rock,fair,8.368,medium
SEG-0023,2026-06-25,11.7,21.9,109.5,23.6,1061,9.05,5,0,2,mountain,weathered_rock,fair,8.337,medium
SEG-0023,2026-06-26,11.7,23.4,88.3,23.6,1061,9.05,5,0,2,mountain,weathered_rock,fair,8.318,medium
SEG-0023,2026-06-27,8.0,31.4,76.0,23.6,1061,9.05,5,0,2,mountain,weathered_rock,fair,8.429,medium
SEG-0023,2026-06-28,8.0,27.7,67.8,23.6,1061,9.05,5,0,2,mountain,weathered_rock,fair,8.31,medium
SEG-0023,2026-06-29,35.2,51.2,84.8,23.6,1061,9.05,5,0,2,mountain,weathered_rock,fair,9.43,medium
SEG-0023,2026-06-30,28.4,71.6,103.0,23.6,1061,9.05,5,0,2,mountain,weathered_rock,fair,9.895,high
SEG-0023,2026-07-01,22.6,86.2,125.6,23.6,1061,9.05,5,0,2,mountain,weathered_rock,fair,10.238,high
SEG-0023,2026-07-02,11.9,62.9,125.8,23.6,1061,9.05,5,0,2,mountain,weathered_rock,fair,9.451,medium
SEG-0023,2026-07-03,4.0,38.5,118.1,23.6,1061,9.05,5,0,2,mountain,weathered_rock,fair,8.661,medium
SEG-0023,2026-07-04,14.8,30.7,124.9,23.6,1061,9.05,5,0,2,mountain,weathered_rock,fair,8.661,medium
SEG-0023,2026-07-05,3.2,22.0,120.1,23.6,1061,9.05,5,0,2,mountain,weathered_rock,fair,8.224,medium
SEG-0023,2026-07-06,0.9,18.9,85.8,23.6,1061,9.05,5,0,2,mountain,weathered_rock,fair,8.01,medium
SEG-0023,2026-07-07,0.0,4.1,57.4,23.6,1061,9.05,5,0,2,mountain,weathered_rock,fair,7.532,medium
SEG-0023,2026-07-08,13.2,14.1,48.0,23.6,1061,9.05,5,0,2,mountain,weathered_rock,fair,7.99,medium
SEG-0023,2026-07-09,3.3,16.5,39.4,23.6,1061,9.05,5,0,2,mountain,weathered_rock,fair,7.861,medium
SEG-0023,2026-07-10,19.9,36.4,55.3,23.6,1061,9.05,5,0,2,mountain,weathered_rock,fair,8.704,medium
SEG-0023,2026-07-11,19.2,42.4,59.7,23.6,1061,9.05,5,0,2,mountain,weathered_rock,fair,8.86,medium
SEG-0023,2026-07-12,2.3,41.4,58.8,23.6,1061,9.05,5,0,2,mountain,weathered_rock,fair,8.545,medium
SEG-0023,2026-07-13,8.0,29.5,65.9,23.6,1061,9.05,5,0,2,mountain,weathered_rock,fair,8.352,medium
SEG-0023,2026-07-14,39.7,50.0,105.6,23.6,1061,9.05,5,0,2,mountain,weathered_rock,fair,9.533,medium
SEG-0023,2026-07-15,33.8,81.5,126.2,23.6,1061,9.05,5,0,2,mountain,weathered_rock,fair,10.308,high
SEG-0023,2026-07-16,3.7,77.2,126.6,23.6,1061,9.05,5,0,2,mountain,weathered_rock,fair,9.686,medium
SEG-0023,2026-07-17,15.3,52.8,122.0,23.6,1061,9.05,5,0,2,mountain,weathered_rock,fair,9.236,medium
SEG-0023,2026-07-18,13.0,32.0,115.8,23.6,1061,9.05,5,0,2,mountain,weathered_rock,fair,8.639,medium
SEG-0023,2026-07-19,54.3,82.6,167.8,23.6,1061,9.05,5,0,2,mountain,weathered_rock,fair,10.8,high
SEG-0023,2026-07-20,22.9,90.2,182.7,23.6,1061,9.05,5,0,2,mountain,weathered_rock,fair,10.504,high
SEG-0023,2026-07-21,35.7,112.9,178.7,23.6,1061,9.05,5,0,2,mountain,weathered_rock,fair,11.301,high
SEG-0023,2026-07-22,25.6,84.2,170.5,23.6,1061,9.05,5,0,2,mountain,weathered_rock,fair,10.361,high
SEG-0023,2026-07-23,67.4,128.7,234.2,23.6,1061,9.05,5,0,2,mountain,weathered_rock,fair,12.403,high
SEG-0023,2026-07-24,29.1,122.1,248.0,23.6,1061,9.05,5,0,2,mountain,weathered_rock,fair,11.619,high
SEG-0023,2026-07-25,22.2,118.7,257.2,23.6,1061,9.05,5,0,2,mountain,weathered_rock,fair,11.438,high
SEG-0023,2026-07-26,40.2,91.5,243.1,23.6,1061,9.05,5,0,2,mountain,weathered_rock,fair,10.998,high
SEG-0023,2026-07-27,0.2,62.6,220.4,23.6,1061,9.05,5,0,2,mountain,weathered_rock,fair,9.505,high
SEG-0023,2026-07-28,58.9,99.3,243.6,23.6,1061,9.05,5,0,2,mountain,weathered_rock,fair,11.52,high
SEG-0023,2026-07-29,26.9,86.0,244.9,23.6,1061,9.05,5,0,2,mountain,weathered_rock,fair,10.634,high
SEG-0023,2026-07-30,20.1,105.9,197.6,23.6,1061,9.05,5,0,2,mountain,weathered_rock,fair,10.906,high
SEG-0023,2026-07-31,13.7,60.7,182.2,23.6,1061,9.05,5,0,2,mountain,weathered_rock,fair,9.58,medium
SEG-0023,2026-08-01,9.3,43.1,169.3,23.6,1061,9.05,5,0,2,mountain,weathered_rock,fair,9.012,medium
SEG-0023,2026-08-02,8.0,31.0,137.1,23.6,1061,9.05,5,0,2,mountain,weathered_rock,fair,8.586,medium
SEG-0023,2026-08-03,15.3,32.6,152.2,23.6,1061,9.05,5,0,2,mountain,weathered_rock,fair,8.794,medium
SEG-0023,2026-08-04,29.6,52.9,122.9,23.6,1061,9.05,5,0,2,mountain,weathered_rock,fair,9.484,medium
SEG-0023,2026-08-05,18.3,63.2,114.3,23.6,1061,9.05,5,0,2,mountain,weathered_rock,fair,9.536,medium
SEG-0023,2026-08-06,23.3,71.2,117.5,23.6,1061,9.05,5,0,2,mountain,weathered_rock,fair,9.838,high
SEG-0023,2026-08-07,29.9,71.5,133.7,23.6,1061,9.05,5,0,2,mountain,weathered_rock,fair,10.002,high
SEG-0023,2026-08-08,0.0,53.2,124.4,23.6,1061,9.05,5,0,2,mountain,weathered_rock,fair,8.993,medium
SEG-0023,2026-08-09,34.3,64.2,150.7,23.6,1061,9.05,5,0,2,mountain,weathered_rock,fair,9.934,high
SEG-0023,2026-08-10,19.9,54.2,155.3,23.6,1061,9.05,5,0,2,mountain,weathered_rock,fair,9.442,medium
SEG-0023,2026-08-11,30.3,84.5,156.0,23.6,1061,9.05,5,0,2,mountain,weathered_rock,fair,10.409,high
SEG-0023,2026-08-12,31.2,81.4,168.9,23.6,1061,9.05,5,0,2,mountain,weathered_rock,fair,10.379,high
SEG-0023,2026-08-13,25.6,87.1,171.2,23.6,1061,9.05,5,0,2,mountain,weathered_rock,fair,10.438,high
SEG-0023,2026-08-14,5.5,62.3,146.8,23.6,1061,9.05,5,0,2,mountain,weathered_rock,fair,9.384,medium
SEG-0023,2026-08-15,8.3,39.4,155.1,23.6,1061,9.05,5,0,2,mountain,weathered_rock,fair,8.859,medium
SEG-0023,2026-08-16,7.4,21.2,128.2,23.6,1061,9.05,5,0,2,mountain,weathered_rock,fair,8.297,medium
SEG-0023,2026-08-17,9.9,25.6,118.2,23.6,1061,9.05,5,0,2,mountain,weathered_rock,fair,8.426,medium
SEG-0023,2026-08-18,1.9,19.2,89.8,23.6,1061,9.05,5,0,2,mountain,weathered_rock,fair,8.046,medium
SEG-0023,2026-08-19,9.1,20.9,67.7,23.6,1061,9.05,5,0,2,mountain,weathered_rock,fair,8.152,medium
SEG-0023,2026-08-20,14.3,25.3,56.4,23.6,1061,9.05,5,0,2,mountain,weathered_rock,fair,8.323,medium
SEG-0023,2026-08-21,12.0,35.4,62.9,23.6,1061,9.05,5,0,2,mountain,weathered_rock,fair,8.565,medium
SEG-0023,2026-08-22,4.8,31.1,59.4,23.6,1061,9.05,5,0,2,mountain,weathered_rock,fair,8.321,medium
SEG-0023,2026-08-23,5.1,21.9,57.1,23.6,1061,9.05,5,0,2,mountain,weathered_rock,fair,8.081,medium
SEG-0023,2026-08-24,34.3,44.2,81.5,23.6,1061,9.05,5,0,2,mountain,weathered_rock,fair,9.224,medium
SEG-0023,2026-08-25,21.8,61.2,101.4,23.6,1061,9.05,5,0,2,mountain,weathered_rock,fair,9.508,medium
SEG-0023,2026-08-26,29.5,85.6,121.8,23.6,1061,9.05,5,0,2,mountain,weathered_rock,fair,10.329,high
SEG-0023,2026-08-27,5.1,56.4,112.6,23.6,1061,9.05,5,0,2,mountain,weathered_rock,fair,9.13,medium
SEG-0023,2026-08-28,0.1,34.7,100.7,23.6,1061,9.05,5,0,2,mountain,weathered_rock,fair,8.448,medium
SEG-0023,2026-08-29,14.3,19.5,110.2,23.6,1061,9.05,5,0,2,mountain,weathered_rock,fair,8.321,medium
SEG-0023,2026-08-30,7.6,22.0,112.7,23.6,1061,9.05,5,0,2,mountain,weathered_rock,fair,8.279,medium
SEG-0023,2026-08-31,8.5,30.4,86.9,23.6,1061,9.05,5,0,2,mountain,weathered_rock,fair,8.441,medium
SEG-0023,2026-09-01,1.8,17.9,66.9,23.6,1061,9.05,5,0,2,mountain,weathered_rock,fair,7.947,medium
SEG-0023,2026-09-02,5.4,15.7,42.8,23.6,1061,9.05,5,0,2,mountain,weathered_rock,fair,7.885,medium
SEG-0023,2026-09-03,5.6,12.8,43.3,23.6,1061,9.05,5,0,2,mountain,weathered_rock,fair,7.815,medium
SEG-0023,2026-09-04,2.9,13.9,46.1,23.6,1061,9.05,5,0,2,mountain,weathered_rock,fair,7.805,medium
SEG-0023,2026-09-05,9.3,17.8,41.1,23.6,1061,9.05,5,0,2,mountain,weathered_rock,fair,8.001,medium
SEG-0023,2026-09-06,1.3,13.5,34.8,23.6,1061,9.05,5,0,2,mountain,weathered_rock,fair,7.736,medium
SEG-0023,2026-09-07,9.0,19.6,35.3,23.6,1061,9.05,5,0,2,mountain,weathered_rock,fair,8.027,medium
SEG-0023,2026-09-08,19.6,29.9,53.1,23.6,1061,9.05,5,0,2,mountain,weathered_rock,fair,8.524,medium
SEG-0023,2026-09-09,13.5,42.1,61.2,23.6,1061,9.05,5,0,2,mountain,weathered_rock,fair,8.76,medium
SEG-0023,2026-09-10,28.5,61.6,84.1,23.6,1061,9.05,5,0,2,mountain,weathered_rock,fair,9.585,high
SEG-0023,2026-09-11,12.8,54.8,94.0,23.6,1061,9.05,5,0,2,mountain,weathered_rock,fair,9.168,medium
SEG-0023,2026-09-12,12.9,54.2,97.6,23.6,1061,9.05,5,0,2,mountain,weathered_rock,fair,9.164,medium
SEG-0023,2026-09-13,8.9,34.6,105.2,23.6,1061,9.05,5,0,2,mountain,weathered_rock,fair,8.608,medium
SEG-0023,2026-09-14,0.5,22.3,96.7,23.6,1061,9.05,5,0,2,mountain,weathered_rock,fair,8.122,medium
SEG-0023,2026-09-15,3.0,12.4,80.1,23.6,1061,9.05,5,0,2,mountain,weathered_rock,fair,7.861,medium
SEG-0023,2026-09-16,6.3,9.8,72.9,23.6,1061,9.05,5,0,2,mountain,weathered_rock,fair,7.83,medium
SEG-0024,2026-05-20,7.6,7.6,7.6,22.5,923,1.51,2,4,2,mountain,weathered_rock,fair,6.138,medium
SEG-0024,2026-05-21,11.2,18.8,18.8,22.5,923,1.51,2,4,2,mountain,weathered_rock,fair,6.521,medium
SEG-0024,2026-05-22,10.4,29.2,29.2,22.5,923,1.51,2,4,2,mountain,weathered_rock,fair,6.807,medium
SEG-0024,2026-05-23,11.1,32.7,40.3,22.5,923,1.51,2,4,2,mountain,weathered_rock,fair,6.94,low
SEG-0024,2026-05-24,4.1,25.6,44.4,22.5,923,1.51,2,4,2,mountain,weathered_rock,fair,6.648,medium
SEG-0024,2026-05-25,1.8,17.0,46.2,22.5,923,1.51,2,4,2,mountain,weathered_rock,fair,6.39,low
SEG-0024,2026-05-26,9.5,15.4,55.7,22.5,923,1.51,2,4,2,mountain,weathered_rock,fair,6.505,medium
SEG-0024,2026-05-27,6.1,17.4,54.2,22.5,923,1.51,2,4,2,mountain,weathered_rock,fair,6.495,medium
SEG-0024,2026-05-28,7.3,22.9,50.3,22.5,923,1.51,2,4,2,mountain,weathered_rock,fair,6.648,low
SEG-0024,2026-05-29,26.3,39.7,66.2,22.5,923,1.51,2,4,2,mountain,weathered_rock,fair,7.452,medium
SEG-0024,2026-05-30,13.3,46.9,68.4,22.5,923,1.51,2,4,2,mountain,weathered_rock,fair,7.424,medium
SEG-0024,2026-05-31,16.2,55.8,80.5,22.5,923,1.51,2,4,2,mountain,weathered_rock,fair,7.738,medium
SEG-0024,2026-06-01,9.0,38.5,87.7,22.5,923,1.51,2,4,2,mountain,weathered_rock,fair,7.186,medium
SEG-0024,2026-06-02,6.6,31.8,84.8,22.5,923,1.51,2,4,2,mountain,weathered_rock,fair,6.963,medium
SEG-0024,2026-06-03,14.9,30.5,93.6,22.5,923,1.51,2,4,2,mountain,weathered_rock,fair,7.094,medium
SEG-0024,2026-06-04,13.5,35.0,99.8,22.5,923,1.51,2,4,2,mountain,weathered_rock,fair,7.204,medium
SEG-0024,2026-06-05,16.1,44.5,89.6,22.5,923,1.51,2,4,2,mountain,weathered_rock,fair,7.467,medium
SEG-0024,2026-06-06,16.9,46.5,93.2,22.5,923,1.51,2,4,2,mountain,weathered_rock,fair,7.543,medium
SEG-0024,2026-06-07,12.5,45.5,89.5,22.5,923,1.51,2,4,2,mountain,weathered_rock,fair,7.432,medium
SEG-0024,2026-06-08,14.5,43.9,95.0,22.5,923,1.51,2,4,2,mountain,weathered_rock,fair,7.44,medium
SEG-0024,2026-06-09,12.1,39.1,100.5,22.5,923,1.51,2,4,2,mountain,weathered_rock,fair,7.289,medium
SEG-0024,2026-06-10,8.3,34.9,93.9,22.5,923,1.51,2,4,2,mountain,weathered_rock,fair,7.097,medium
SEG-0024,2026-06-11,0.3,20.7,80.7,22.5,923,1.51,2,4,2,mountain,weathered_rock,fair,6.556,medium
SEG-0024,2026-06-12,0.5,9.1,65.1,22.5,923,1.51,2,4,2,mountain,weathered_rock,fair,6.214,low
SEG-0024,2026-06-13,5.9,6.7,54.1,22.5,923,1.51,2,4,2,mountain,weathered_rock,fair,6.214,low
SEG-0024,2026-06-14,5.8,12.2,47.4,22.5,923,1.51,2,4,2,mountain,weathered_rock,fair,6.337,medium
SEG-0024,2026-06-15,14.9,26.6,47.8,22.5,923,1.51,2,4,2,mountain,weathered_rock,fair,6.867,medium
SEG-0024,2026-06-16,3.3,24.0,39.0,22.5,923,1.51,2,4,2,mountain,weathered_rock,fair,6.578,low
SEG-0024,2026-06-17,50.8,69.0,81.5,22.5,923,1.51,2,4,2,mountain,weathered_rock,fair,8.672,medium
SEG-0024,2026-06-18,34.0,88.1,115.2,22.5,923,1.51,2,4,2,mountain,weathered_rock,fair,8.976,medium
SEG-0024,2026-06-19,32.9,117.7,147.6,22.5,923,1.51,2,4,2,mountain,weathered_rock,fair,9.816,high
SEG-0024,2026-06-20,20.3,87.2,162.0,22.5,923,1.51,2,4,2,mountain,weathered_rock,fair,8.848,medium
SEG-0024,2026-06-21,16.2,69.4,172.4,22.5,923,1.51,2,4,2,mountain,weathered_rock,fair,8.344,medium
SEG-0024,2026-06-22,18.2,54.7,175.7,22.5,923,1.51,2,4,2,mountain,weathered_rock,fair,8.005,medium
SEG-0024,2026-06-23,10.2,44.6,182.6,22.5,923,1.51,2,4,2,mountain,weathered_rock,fair,7.626,medium
SEG-0024,2026-06-24,0.0,28.4,131.8,22.5,923,1.51,2,4,2,mountain,weathered_rock,fair,6.891,medium
SEG-0024,2026-06-25,11.7,21.9,109.5,22.5,923,1.51,2,4,2,mountain,weathered_rock,fair,6.86,medium
SEG-0024,2026-06-26,11.7,23.4,88.3,22.5,923,1.51,2,4,2,mountain,weathered_rock,fair,6.84,medium
SEG-0024,2026-06-27,8.0,31.4,76.0,22.5,923,1.51,2,4,2,mountain,weathered_rock,fair,6.952,medium
SEG-0024,2026-06-28,8.0,27.7,67.8,22.5,923,1.51,2,4,2,mountain,weathered_rock,fair,6.833,medium
SEG-0024,2026-06-29,35.2,51.2,84.8,22.5,923,1.51,2,4,2,mountain,weathered_rock,fair,7.953,medium
SEG-0024,2026-06-30,28.4,71.6,103.0,22.5,923,1.51,2,4,2,mountain,weathered_rock,fair,8.418,medium
SEG-0024,2026-07-01,22.6,86.2,125.6,22.5,923,1.51,2,4,2,mountain,weathered_rock,fair,8.761,medium
SEG-0024,2026-07-02,11.9,62.9,125.8,22.5,923,1.51,2,4,2,mountain,weathered_rock,fair,7.974,medium
SEG-0024,2026-07-03,4.0,38.5,118.1,22.5,923,1.51,2,4,2,mountain,weathered_rock,fair,7.184,medium
SEG-0024,2026-07-04,14.8,30.7,124.9,22.5,923,1.51,2,4,2,mountain,weathered_rock,fair,7.184,medium
SEG-0024,2026-07-05,3.2,22.0,120.1,22.5,923,1.51,2,4,2,mountain,weathered_rock,fair,6.747,low
SEG-0024,2026-07-06,0.9,18.9,85.8,22.5,923,1.51,2,4,2,mountain,weathered_rock,fair,6.533,low
SEG-0024,2026-07-07,0.0,4.1,57.4,22.5,923,1.51,2,4,2,mountain,weathered_rock,fair,6.055,low
SEG-0024,2026-07-08,13.2,14.1,48.0,22.5,923,1.51,2,4,2,mountain,weathered_rock,fair,6.513,medium
SEG-0024,2026-07-09,3.3,16.5,39.4,22.5,923,1.51,2,4,2,mountain,weathered_rock,fair,6.384,low
SEG-0024,2026-07-10,19.9,36.4,55.3,22.5,923,1.51,2,4,2,mountain,weathered_rock,fair,7.227,medium
SEG-0024,2026-07-11,19.2,42.4,59.7,22.5,923,1.51,2,4,2,mountain,weathered_rock,fair,7.383,medium
SEG-0024,2026-07-12,2.3,41.4,58.8,22.5,923,1.51,2,4,2,mountain,weathered_rock,fair,7.068,medium
SEG-0024,2026-07-13,8.0,29.5,65.9,22.5,923,1.51,2,4,2,mountain,weathered_rock,fair,6.875,medium
SEG-0024,2026-07-14,39.7,50.0,105.6,22.5,923,1.51,2,4,2,mountain,weathered_rock,fair,8.056,medium
SEG-0024,2026-07-15,33.8,81.5,126.2,22.5,923,1.51,2,4,2,mountain,weathered_rock,fair,8.831,medium
SEG-0024,2026-07-16,3.7,77.2,126.6,22.5,923,1.51,2,4,2,mountain,weathered_rock,fair,8.209,medium
SEG-0024,2026-07-17,15.3,52.8,122.0,22.5,923,1.51,2,4,2,mountain,weathered_rock,fair,7.759,medium
SEG-0024,2026-07-18,13.0,32.0,115.8,22.5,923,1.51,2,4,2,mountain,weathered_rock,fair,7.162,medium
SEG-0024,2026-07-19,54.3,82.6,167.8,22.5,923,1.51,2,4,2,mountain,weathered_rock,fair,9.322,medium
SEG-0024,2026-07-20,22.9,90.2,182.7,22.5,923,1.51,2,4,2,mountain,weathered_rock,fair,9.027,medium
SEG-0024,2026-07-21,35.7,112.9,178.7,22.5,923,1.51,2,4,2,mountain,weathered_rock,fair,9.824,medium
SEG-0024,2026-07-22,25.6,84.2,170.5,22.5,923,1.51,2,4,2,mountain,weathered_rock,fair,8.884,medium
SEG-0024,2026-07-23,67.4,128.7,234.2,22.5,923,1.51,2,4,2,mountain,weathered_rock,fair,10.926,high
SEG-0024,2026-07-24,29.1,122.1,248.0,22.5,923,1.51,2,4,2,mountain,weathered_rock,fair,10.142,high
SEG-0024,2026-07-25,22.2,118.7,257.2,22.5,923,1.51,2,4,2,mountain,weathered_rock,fair,9.961,high
SEG-0024,2026-07-26,40.2,91.5,243.1,22.5,923,1.51,2,4,2,mountain,weathered_rock,fair,9.521,medium
SEG-0024,2026-07-27,0.2,62.6,220.4,22.5,923,1.51,2,4,2,mountain,weathered_rock,fair,8.027,medium
SEG-0024,2026-07-28,58.9,99.3,243.6,22.5,923,1.51,2,4,2,mountain,weathered_rock,fair,10.043,high
SEG-0024,2026-07-29,26.9,86.0,244.9,22.5,923,1.51,2,4,2,mountain,weathered_rock,fair,9.157,medium
SEG-0024,2026-07-30,20.1,105.9,197.6,22.5,923,1.51,2,4,2,mountain,weathered_rock,fair,9.429,medium
SEG-0024,2026-07-31,13.7,60.7,182.2,22.5,923,1.51,2,4,2,mountain,weathered_rock,fair,8.103,medium
SEG-0024,2026-08-01,9.3,43.1,169.3,22.5,923,1.51,2,4,2,mountain,weathered_rock,fair,7.535,medium
SEG-0024,2026-08-02,8.0,31.0,137.1,22.5,923,1.51,2,4,2,mountain,weathered_rock,fair,7.109,medium
SEG-0024,2026-08-03,15.3,32.6,152.2,22.5,923,1.51,2,4,2,mountain,weathered_rock,fair,7.317,medium
SEG-0024,2026-08-04,29.6,52.9,122.9,22.5,923,1.51,2,4,2,mountain,weathered_rock,fair,8.007,medium
SEG-0024,2026-08-05,18.3,63.2,114.3,22.5,923,1.51,2,4,2,mountain,weathered_rock,fair,8.059,medium
SEG-0024,2026-08-06,23.3,71.2,117.5,22.5,923,1.51,2,4,2,mountain,weathered_rock,fair,8.361,medium
SEG-0024,2026-08-07,29.9,71.5,133.7,22.5,923,1.51,2,4,2,mountain,weathered_rock,fair,8.525,medium
SEG-0024,2026-08-08,0.0,53.2,124.4,22.5,923,1.51,2,4,2,mountain,weathered_rock,fair,7.516,medium
SEG-0024,2026-08-09,34.3,64.2,150.7,22.5,923,1.51,2,4,2,mountain,weathered_rock,fair,8.457,medium
SEG-0024,2026-08-10,19.9,54.2,155.3,22.5,923,1.51,2,4,2,mountain,weathered_rock,fair,7.965,medium
SEG-0024,2026-08-11,30.3,84.5,156.0,22.5,923,1.51,2,4,2,mountain,weathered_rock,fair,8.931,medium
SEG-0024,2026-08-12,31.2,81.4,168.9,22.5,923,1.51,2,4,2,mountain,weathered_rock,fair,8.902,medium
SEG-0024,2026-08-13,25.6,87.1,171.2,22.5,923,1.51,2,4,2,mountain,weathered_rock,fair,8.961,medium
SEG-0024,2026-08-14,5.5,62.3,146.8,22.5,923,1.51,2,4,2,mountain,weathered_rock,fair,7.907,medium
SEG-0024,2026-08-15,8.3,39.4,155.1,22.5,923,1.51,2,4,2,mountain,weathered_rock,fair,7.382,medium
SEG-0024,2026-08-16,7.4,21.2,128.2,22.5,923,1.51,2,4,2,mountain,weathered_rock,fair,6.82,medium
SEG-0024,2026-08-17,9.9,25.6,118.2,22.5,923,1.51,2,4,2,mountain,weathered_rock,fair,6.949,medium
SEG-0024,2026-08-18,1.9,19.2,89.8,22.5,923,1.51,2,4,2,mountain,weathered_rock,fair,6.569,medium
SEG-0024,2026-08-19,9.1,20.9,67.7,22.5,923,1.51,2,4,2,mountain,weathered_rock,fair,6.675,low
SEG-0024,2026-08-20,14.3,25.3,56.4,22.5,923,1.51,2,4,2,mountain,weathered_rock,fair,6.846,medium
SEG-0024,2026-08-21,12.0,35.4,62.9,22.5,923,1.51,2,4,2,mountain,weathered_rock,fair,7.088,medium
SEG-0024,2026-08-22,4.8,31.1,59.4,22.5,923,1.51,2,4,2,mountain,weathered_rock,fair,6.844,low
SEG-0024,2026-08-23,5.1,21.9,57.1,22.5,923,1.51,2,4,2,mountain,weathered_rock,fair,6.603,medium
SEG-0024,2026-08-24,34.3,44.2,81.5,22.5,923,1.51,2,4,2,mountain,weathered_rock,fair,7.747,medium
SEG-0024,2026-08-25,21.8,61.2,101.4,22.5,923,1.51,2,4,2,mountain,weathered_rock,fair,8.031,medium
SEG-0024,2026-08-26,29.5,85.6,121.8,22.5,923,1.51,2,4,2,mountain,weathered_rock,fair,8.852,medium
SEG-0024,2026-08-27,5.1,56.4,112.6,22.5,923,1.51,2,4,2,mountain,weathered_rock,fair,7.653,medium
SEG-0024,2026-08-28,0.1,34.7,100.7,22.5,923,1.51,2,4,2,mountain,weathered_rock,fair,6.971,medium
SEG-0024,2026-08-29,14.3,19.5,110.2,22.5,923,1.51,2,4,2,mountain,weathered_rock,fair,6.844,medium
SEG-0024,2026-08-30,7.6,22.0,112.7,22.5,923,1.51,2,4,2,mountain,weathered_rock,fair,6.801,medium
SEG-0024,2026-08-31,8.5,30.4,86.9,22.5,923,1.51,2,4,2,mountain,weathered_rock,fair,6.964,low
SEG-0024,2026-09-01,1.8,17.9,66.9,22.5,923,1.51,2,4,2,mountain,weathered_rock,fair,6.47,medium
SEG-0024,2026-09-02,5.4,15.7,42.8,22.5,923,1.51,2,4,2,mountain,weathered_rock,fair,6.408,medium
SEG-0024,2026-09-03,5.6,12.8,43.3,22.5,923,1.51,2,4,2,mountain,weathered_rock,fair,6.337,low
SEG-0024,2026-09-04,2.9,13.9,46.1,22.5,923,1.51,2,4,2,mountain,weathered_rock,fair,6.328,low
SEG-0024,2026-09-05,9.3,17.8,41.1,22.5,923,1.51,2,4,2,mountain,weathered_rock,fair,6.524,low
SEG-0024,2026-09-06,1.3,13.5,34.8,22.5,923,1.51,2,4,2,mountain,weathered_rock,fair,6.259,medium
SEG-0024,2026-09-07,9.0,19.6,35.3,22.5,923,1.51,2,4,2,mountain,weathered_rock,fair,6.55,low
SEG-0024,2026-09-08,19.6,29.9,53.1,22.5,923,1.51,2,4,2,mountain,weathered_rock,fair,7.047,medium
SEG-0024,2026-09-09,13.5,42.1,61.2,22.5,923,1.51,2,4,2,mountain,weathered_rock,fair,7.283,medium
SEG-0024,2026-09-10,28.5,61.6,84.1,22.5,923,1.51,2,4,2,mountain,weathered_rock,fair,8.108,medium
SEG-0024,2026-09-11,12.8,54.8,94.0,22.5,923,1.51,2,4,2,mountain,weathered_rock,fair,7.691,medium
SEG-0024,2026-09-12,12.9,54.2,97.6,22.5,923,1.51,2,4,2,mountain,weathered_rock,fair,7.687,medium
SEG-0024,2026-09-13,8.9,34.6,105.2,22.5,923,1.51,2,4,2,mountain,weathered_rock,fair,7.131,medium
SEG-0024,2026-09-14,0.5,22.3,96.7,22.5,923,1.51,2,4,2,mountain,weathered_rock,fair,6.645,medium
SEG-0024,2026-09-15,3.0,12.4,80.1,22.5,923,1.51,2,4,2,mountain,weathered_rock,fair,6.384,low
SEG-0024,2026-09-16,6.3,9.8,72.9,22.5,923,1.51,2,4,2,mountain,weathered_rock,fair,6.353,low
SEG-0025,2026-05-20,3.3,3.3,3.3,39.3,1378,17.61,4,7,2,mountain,weathered_rock,good,9.566,medium
SEG-0025,2026-05-21,7.4,10.7,10.7,39.3,1378,17.61,4,7,2,mountain,weathered_rock,good,9.849,medium
SEG-0025,2026-05-22,7.9,18.6,18.6,39.3,1378,17.61,4,7,2,mountain,weathered_rock,good,10.084,high
SEG-0025,2026-05-23,8.0,23.3,26.6,39.3,1378,17.61,4,7,2,mountain,weathered_rock,good,10.23,high
SEG-0025,2026-05-24,3.6,19.5,30.2,39.3,1378,17.61,4,7,2,mountain,weathered_rock,good,10.066,high
SEG-0025,2026-05-25,10.8,22.4,41.0,39.3,1378,17.61,4,7,2,mountain,weathered_rock,good,10.294,high
SEG-0025,2026-05-26,12.3,26.7,53.3,39.3,1378,17.61,4,7,2,mountain,weathered_rock,good,10.465,high
SEG-0025,2026-05-27,1.3,24.4,51.3,39.3,1378,17.61,4,7,2,mountain,weathered_rock,good,10.213,high
SEG-0025,2026-05-28,1.3,14.9,45.2,39.3,1378,17.61,4,7,2,mountain,weathered_rock,good,9.949,high
SEG-0025,2026-05-29,1.7,4.3,39.0,39.3,1378,17.61,4,7,2,mountain,weathered_rock,good,9.663,medium
SEG-0025,2026-05-30,3.4,6.4,34.4,39.3,1378,17.61,4,7,2,mountain,weathered_rock,good,9.734,medium
SEG-0025,2026-05-31,4.9,10.0,35.7,39.3,1378,17.61,4,7,2,mountain,weathered_rock,good,9.857,high
SEG-0025,2026-06-01,17.7,26.0,42.6,39.3,1378,17.61,4,7,2,mountain,weathered_rock,good,10.509,high
SEG-0025,2026-06-02,2.1,24.7,32.4,39.3,1378,17.61,4,7,2,mountain,weathered_rock,good,10.182,high
SEG-0025,2026-06-03,9.4,29.2,40.5,39.3,1378,17.61,4,7,2,mountain,weathered_rock,good,10.445,high
SEG-0025,2026-06-04,9.7,21.2,48.9,39.3,1378,17.61,4,7,2,mountain,weathered_rock,good,10.266,high
SEG-0025,2026-06-05,34.8,53.9,82.0,39.3,1378,17.61,4,7,2,mountain,weathered_rock,good,11.634,high
SEG-0025,2026-06-06,34.2,78.7,112.8,39.3,1378,17.61,4,7,2,mountain,weathered_rock,good,12.353,high
SEG-0025,2026-06-07,33.0,102.0,140.9,39.3,1378,17.61,4,7,2,mountain,weathered_rock,good,13.016,high
SEG-0025,2026-06-08,17.7,84.9,140.9,39.3,1378,17.61,4,7,2,mountain,weathered_rock,good,12.311,high
SEG-0025,2026-06-09,15.5,66.2,154.3,39.3,1378,17.61,4,7,2,mountain,weathered_rock,good,11.824,high
SEG-0025,2026-06-10,36.0,69.2,180.9,39.3,1378,17.61,4,7,2,mountain,weathered_rock,good,12.324,high
SEG-0025,2026-06-11,34.5,86.0,205.7,39.3,1378,17.61,4,7,2,mountain,weathered_rock,good,12.803,high
SEG-0025,2026-06-12,21.7,92.2,192.6,39.3,1378,17.61,4,7,2,mountain,weathered_rock,good,12.711,high
SEG-0025,2026-06-13,37.9,94.1,196.3,39.3,1378,17.61,4,7,2,mountain,weathered_rock,good,13.046,high
SEG-0025,2026-06-14,39.3,98.9,202.6,39.3,1378,17.61,4,7,2,mountain,weathered_rock,good,13.212,high
SEG-0025,2026-06-15,36.9,114.1,221.8,39.3,1378,17.61,4,7,2,mountain,weathered_rock,good,13.619,high
SEG-0025,2026-06-16,52.2,128.4,258.5,39.3,1378,17.61,4,7,2,mountain,weathered_rock,good,14.352,high
SEG-0025,2026-06-17,39.8,128.9,262.3,39.3,1378,17.61,4,7,2,mountain,weathered_rock,good,14.164,high
SEG-0025,2026-06-18,30.5,122.5,258.3,39.3,1378,17.61,4,7,2,mountain,weathered_rock,good,13.829,high
SEG-0025,2026-06-19,28.4,98.7,265.0,39.3,1378,17.61,4,7,2,mountain,weathered_rock,good,13.193,high
SEG-0025,2026-06-20,17.9,76.8,245.0,39.3,1378,17.61,4,7,2,mountain,weathered_rock,good,12.39,high
SEG-0025,2026-06-21,61.8,108.1,267.5,39.3,1378,17.61,4,7,2,mountain,weathered_rock,good,14.012,high
SEG-0025,2026-06-22,31.4,111.1,262.0,39.3,1378,17.61,4,7,2,mountain,weathered_rock,good,13.558,high
SEG-0025,2026-06-23,9.4,102.6,219.2,39.3,1378,17.61,4,7,2,mountain,weathered_rock,good,12.845,high
SEG-0025,2026-06-24,1.9,42.7,181.3,39.3,1378,17.61,4,7,2,mountain,weathered_rock,good,11.056,high
SEG-0025,2026-06-25,51.8,63.1,202.6,39.3,1378,17.61,4,7,2,mountain,weathered_rock,good,12.493,high
SEG-0025,2026-06-26,39.5,93.2,213.7,39.3,1378,17.61,4,7,2,mountain,weathered_rock,good,13.097,high
SEG-0025,2026-06-27,31.4,122.7,227.2,39.3,1378,17.61,4,7,2,mountain,weathered_rock,good,13.764,high
SEG-0025,2026-06-28,7.5,78.4,172.9,39.3,1378,17.61,4,7,2,mountain,weathered_rock,good,12.056,high
SEG-0025,2026-06-29,16.9,55.8,158.4,39.3,1378,17.61,4,7,2,mountain,weathered_rock,good,11.589,high
SEG-0025,2026-06-30,18.6,43.0,167.6,39.3,1378,17.61,4,7,2,mountain,weathered_rock,good,11.31,high
SEG-0025,2026-07-01,17.9,53.4,183.6,39.3,1378,17.61,4,7,2,mountain,weathered_rock,good,11.613,high
SEG-0025,2026-07-02,3.8,40.3,135.6,39.3,1378,17.61,4,7,2,mountain,weathered_rock,good,10.9,high
SEG-0025,2026-07-03,16.1,37.8,112.2,39.3,1378,17.61,4,7,2,mountain,weathered_rock,good,10.98,high
SEG-0025,2026-07-04,6.4,26.3,87.2,39.3,1378,17.61,4,7,2,mountain,weathered_rock,good,10.447,high
SEG-0025,2026-07-05,9.3,31.8,89.0,39.3,1378,17.61,4,7,2,mountain,weathered_rock,good,10.645,high
SEG-0025,2026-07-06,18.2,33.9,90.3,39.3,1378,17.61,4,7,2,mountain,weathered_rock,good,10.854,high
SEG-0025,2026-07-07,19.0,46.5,90.7,39.3,1378,17.61,4,7,2,mountain,weathered_rock,good,11.197,high
SEG-0025,2026-07-08,2.5,39.7,75.3,39.3,1378,17.61,4,7,2,mountain,weathered_rock,good,10.697,high
SEG-0025,2026-07-09,9.6,31.1,81.1,39.3,1378,17.61,4,7,2,mountain,weathered_rock,good,10.61,high
SEG-0025,2026-07-10,16.8,28.9,81.8,39.3,1378,17.61,4,7,2,mountain,weathered_rock,good,10.677,high
SEG-0025,2026-07-11,20.1,46.5,95.5,39.3,1378,17.61,4,7,2,mountain,weathered_rock,good,11.228,high
SEG-0025,2026-07-12,14.6,51.5,100.8,39.3,1378,17.61,4,7,2,mountain,weathered_rock,good,11.279,high
SEG-0025,2026-07-13,12.6,47.3,95.2,39.3,1378,17.61,4,7,2,mountain,weathered_rock,good,11.121,high
SEG-0025,2026-07-14,4.7,31.9,80.9,39.3,1378,17.61,4,7,2,mountain,weathered_rock,good,10.547,high
SEG-0025,2026-07-15,9.4,26.7,87.8,39.3,1378,17.61,4,7,2,mountain,weathered_rock,good,10.511,high
SEG-0025,2026-07-16,4.4,18.5,82.6,39.3,1378,17.61,4,7,2,mountain,weathered_rock,good,10.198,high
SEG-0025,2026-07-17,3.9,17.7,69.7,39.3,1378,17.61,4,7,2,mountain,weathered_rock,good,10.133,high
SEG-0025,2026-07-18,68.7,77.0,118.3,39.3,1378,17.61,4,7,2,mountain,weathered_rock,good,12.91,high
SEG-0025,2026-07-19,25.8,98.4,129.5,39.3,1378,17.61,4,7,2,mountain,weathered_rock,good,12.768,high
SEG-0025,2026-07-20,25.3,119.8,142.2,39.3,1378,17.61,4,7,2,mountain,weathered_rock,good,13.351,high
SEG-0025,2026-07-21,43.3,94.4,180.8,39.3,1378,17.61,4,7,2,mountain,weathered_rock,good,13.103,high
SEG-0025,2026-07-22,30.9,99.5,202.3,39.3,1378,17.61,4,7,2,mountain,weathered_rock,good,13.084,high
SEG-0025,2026-07-23,20.8,95.0,218.7,39.3,1378,17.61,4,7,2,mountain,weathered_rock,good,12.84,high
SEG-0025,2026-07-24,4.1,55.8,218.9,39.3,1378,17.61,4,7,2,mountain,weathered_rock,good,11.538,high
SEG-0025,2026-07-25,2.9,27.8,153.1,39.3,1378,17.61,4,7,2,mountain,weathered_rock,good,10.608,high
SEG-0025,2026-07-26,20.0,27.0,147.3,39.3,1378,17.61,4,7,2,mountain,weathered_rock,good,10.862,high
SEG-0025,2026-07-27,20.2,43.1,142.2,39.3,1378,17.61,4,7,2,mountain,weathered_rock,good,11.27,high
SEG-0025,2026-07-28,16.7,56.9,115.6,39.3,1378,17.61,4,7,2,mountain,weathered_rock,good,11.496,high
SEG-0025,2026-07-29,0.1,37.0,84.8,39.3,1378,17.61,4,7,2,mountain,weathered_rock,good,10.612,high
SEG-0025,2026-07-30,7.1,23.9,71.1,39.3,1378,17.61,4,7,2,mountain,weathered_rock,good,10.353,high
SEG-0025,2026-07-31,20.5,27.7,87.5,39.3,1378,17.61,4,7,2,mountain,weathered_rock,good,10.724,high
SEG-0025,2026-08-01,2.1,29.7,86.7,39.3,1378,17.61,4,7,2,mountain,weathered_rock,good,10.461,high
SEG-0025,2026-08-02,10.1,32.7,76.8,39.3,1378,17.61,4,7,2,mountain,weathered_rock,good,10.648,high
SEG-0025,2026-08-03,9.7,21.9,66.3,39.3,1378,17.61,4,7,2,mountain,weathered_rock,good,10.332,high
SEG-0025,2026-08-04,2.6,22.4,52.2,39.3,1378,17.61,4,7,2,mountain,weathered_rock,good,10.185,high
SEG-0025,2026-08-05,2.6,14.9,54.7,39.3,1378,17.61,4,7,2,mountain,weathered_rock,good,9.997,high
SEG-0025,2026-08-06,14.9,20.1,62.5,39.3,1378,17.61,4,7,2,mountain,weathered_rock,good,10.363,high
SEG-0025,2026-08-07,3.0,20.5,45.0,39.3,1378,17.61,4,7,2,mountain,weathered_rock,good,10.123,high
SEG-0025,2026-08-08,2.9,20.8,45.8,39.3,1378,17.61,4,7,2,mountain,weathered_rock,good,10.131,high
SEG-0025,2026-08-09,2.6,8.5,38.3,39.3,1378,17.61,4,7,2,mountain,weathered_rock,good,9.786,high
SEG-0025,2026-08-10,6.0,11.5,34.6,39.3,1378,17.61,4,7,2,mountain,weathered_rock,good,9.911,high
SEG-0025,2026-08-11,11.4,20.0,43.4,39.3,1378,17.61,4,7,2,mountain,weathered_rock,good,10.248,high
SEG-0025,2026-08-12,10.6,28.0,51.4,39.3,1378,17.61,4,7,2,mountain,weathered_rock,good,10.465,high
SEG-0025,2026-08-13,4.1,26.1,40.6,39.3,1378,17.61,4,7,2,mountain,weathered_rock,good,10.275,high
SEG-0025,2026-08-14,14.8,29.5,52.4,39.3,1378,17.61,4,7,2,mountain,weathered_rock,good,10.578,high
SEG-0025,2026-08-15,9.3,28.2,58.8,39.3,1378,17.61,4,7,2,mountain,weathered_rock,good,10.468,high
SEG-0025,2026-08-16,6.5,30.6,62.7,39.3,1378,17.61,4,7,2,mountain,weathered_rock,good,10.494,high
SEG-0025,2026-08-17,7.3,23.1,64.0,39.3,1378,17.61,4,7,2,mountain,weathered_rock,good,10.316,high
SEG-0025,2026-08-18,8.7,22.5,61.3,39.3,1378,17.61,4,7,2,mountain,weathered_rock,good,10.317,high
SEG-0025,2026-08-19,11.8,27.8,62.5,39.3,1378,17.61,4,7,2,mountain,weathered_rock,good,10.51,high
SEG-0025,2026-08-20,0.5,21.0,58.9,39.3,1378,17.61,4,7,2,mountain,weathered_rock,good,10.132,high
SEG-0025,2026-08-21,9.0,21.3,53.1,39.3,1378,17.61,4,7,2,mountain,weathered_rock,good,10.268,high
SEG-0025,2026-08-22,13.7,23.2,57.5,39.3,1378,17.61,4,7,2,mountain,weathered_rock,good,10.409,high
SEG-0025,2026-08-23,8.3,31.0,59.3,39.3,1378,17.61,4,7,2,mountain,weathered_rock,good,10.525,high
SEG-0025,2026-08-24,14.9,36.9,66.9,39.3,1378,17.61,4,7,2,mountain,weathered_rock,good,10.812,high
SEG-0025,2026-08-25,1.4,24.6,59.6,39.3,1378,17.61,4,7,2,mountain,weathered_rock,good,10.242,high
SEG-0025,2026-08-26,7.5,23.8,55.3,39.3,1378,17.61,4,7,2,mountain,weathered_rock,good,10.313,high
SEG-0025,2026-08-27,9.2,18.1,64.0,39.3,1378,17.61,4,7,2,mountain,weathered_rock,good,10.218,high
SEG-0025,2026-08-28,1.3,18.0,56.3,39.3,1378,17.61,4,7,2,mountain,weathered_rock,good,10.06,high
SEG-0025,2026-08-29,15.9,26.4,58.5,39.3,1378,17.61,4,7,2,mountain,weathered_rock,good,10.533,high
SEG-0025,2026-08-30,11.6,28.8,61.8,39.3,1378,17.61,4,7,2,mountain,weathered_rock,good,10.531,high
SEG-0025,2026-08-31,3.2,30.7,50.1,39.3,1378,17.61,4,7,2,mountain,weathered_rock,good,10.405,high
SEG-0025,2026-09-01,6.8,21.6,55.5,39.3,1378,17.61,4,7,2,mountain,weathered_rock,good,10.245,high
SEG-0025,2026-09-02,9.6,19.6,57.6,39.3,1378,17.61,4,7,2,mountain,weathered_rock,good,10.246,high
SEG-0025,2026-09-03,10.4,26.8,58.8,39.3,1378,17.61,4,7,2,mountain,weathered_rock,good,10.45,high
SEG-0025,2026-09-04,20.8,40.8,78.3,39.3,1378,17.61,4,7,2,mountain,weathered_rock,good,11.045,high
SEG-0025,2026-09-05,20.5,51.7,82.9,39.3,1378,17.61,4,7,2,mountain,weathered_rock,good,11.336,high
SEG-0025,2026-09-06,17.5,58.8,88.8,39.3,1378,17.61,4,7,2,mountain,weathered_rock,good,11.486,high
SEG-0025,2026-09-07,11.0,49.0,96.6,39.3,1378,17.61,4,7,2,mountain,weathered_rock,good,11.142,high
SEG-0025,2026-09-08,37.1,65.6,126.9,39.3,1378,17.61,4,7,2,mountain,weathered_rock,good,12.1,high
SEG-0025,2026-09-09,23.1,71.2,140.4,39.3,1378,17.61,4,7,2,mountain,weathered_rock,good,12.045,high
SEG-0025,2026-09-10,17.3,77.5,147.3,39.3,1378,17.61,4,7,2,mountain,weathered_rock,good,12.129,high
SEG-0025,2026-09-11,3.5,43.9,130.0,39.3,1378,17.61,4,7,2,mountain,weathered_rock,good,10.974,high
SEG-0025,2026-09-12,0.1,20.9,109.6,39.3,1378,17.61,4,7,2,mountain,weathered_rock,good,10.262,high
SEG-0025,2026-09-13,2.5,6.1,94.6,39.3,1378,17.61,4,7,2,mountain,weathered_rock,good,9.876,high
SEG-0025,2026-09-14,1.8,4.4,85.4,39.3,1378,17.61,4,7,2,mountain,weathered_rock,good,9.795,high
SEG-0025,2026-09-15,7.0,11.3,55.3,39.3,1378,17.61,4,7,2,mountain,weathered_rock,good,9.98,high
SEG-0025,2026-09-16,11.1,19.9,43.3,39.3,1378,17.61,4,7,2,mountain,weathered_rock,good,10.24,high
SEG-0026,2026-05-20,30.2,30.2,30.2,31.7,1319,9.73,3,2,2,mountain,weathered_rock,fair,9.08,medium
SEG-0026,2026-05-21,13.2,43.4,43.4,31.7,1319,9.73,3,2,2,mountain,weathered_rock,fair,9.171,medium
SEG-0026,2026-05-22,26.3,69.7,69.7,31.7,1319,9.73,3,2,2,mountain,weathered_rock,fair,10.15,high
SEG-0026,2026-05-23,3.9,43.4,73.6,31.7,1319,9.73,3,2,2,mountain,weathered_rock,fair,9.096,medium
SEG-0026,2026-05-24,2.3,32.5,75.9,31.7,1319,9.73,3,2,2,mountain,weathered_rock,fair,8.791,medium
SEG-0026,2026-05-25,7.5,13.7,83.4,31.7,1319,9.73,3,2,2,mountain,weathered_rock,fair,8.412,medium
SEG-0026,2026-05-26,9.9,19.7,93.3,31.7,1319,9.73,3,2,2,mountain,weathered_rock,fair,8.636,medium
SEG-0026,2026-05-27,2.0,19.4,65.1,31.7,1319,9.73,3,2,2,mountain,weathered_rock,fair,8.416,medium
SEG-0026,2026-05-28,6.5,18.4,58.4,31.7,1319,9.73,3,2,2,mountain,weathered_rock,fair,8.448,medium
SEG-0026,2026-05-29,37.1,45.6,69.2,31.7,1319,9.73,3,2,2,mountain,weathered_rock,fair,9.705,high
SEG-0026,2026-05-30,15.1,58.7,80.4,31.7,1319,9.73,3,2,2,mountain,weathered_rock,fair,9.703,medium
SEG-0026,2026-05-31,22.6,74.8,100.7,31.7,1319,9.73,3,2,2,mountain,weathered_rock,fair,10.304,high
SEG-0026,2026-06-01,3.3,41.0,96.5,31.7,1319,9.73,3,2,2,mountain,weathered_rock,fair,9.086,medium
SEG-0026,2026-06-02,7.1,33.0,93.7,31.7,1319,9.73,3,2,2,mountain,weathered_rock,fair,8.935,medium
SEG-0026,2026-06-03,48.2,58.6,139.9,31.7,1319,9.73,3,2,2,mountain,weathered_rock,fair,10.426,high
SEG-0026,2026-06-04,25.3,80.6,158.7,31.7,1319,9.73,3,2,2,mountain,weathered_rock,fair,10.661,high
SEG-0026,2026-06-05,23.4,96.9,145.0,31.7,1319,9.73,3,2,2,mountain,weathered_rock,fair,11.014,high
SEG-0026,2026-06-06,30.3,79.0,160.2,31.7,1319,9.73,3,2,2,mountain,weathered_rock,fair,10.708,high
SEG-0026,2026-06-07,5.3,59.0,142.9,31.7,1319,9.73,3,2,2,mountain,weathered_rock,fair,9.716,high
SEG-0026,2026-06-08,2.8,38.4,142.4,31.7,1319,9.73,3,2,2,mountain,weathered_rock,fair,9.136,medium
SEG-0026,2026-06-09,3.0,11.1,138.3,31.7,1319,9.73,3,2,2,mountain,weathered_rock,fair,8.418,medium
SEG-0026,2026-06-10,7.8,13.6,97.9,31.7,1319,9.73,3,2,2,mountain,weathered_rock,fair,8.454,medium
SEG-0026,2026-06-11,0.0,10.8,72.6,31.7,1319,9.73,3,2,2,mountain,weathered_rock,fair,8.179,medium
SEG-0026,2026-06-12,61.5,69.3,110.7,31.7,1319,9.73,3,2,2,mountain,weathered_rock,fair,10.85,high
SEG-0026,2026-06-13,37.9,99.4,118.3,31.7,1319,9.73,3,2,2,mountain,weathered_rock,fair,11.253,high
SEG-0026,2026-06-14,32.2,131.6,145.2,31.7,1319,9.73,3,2,2,mountain,weathered_rock,fair,12.067,high
SEG-0026,2026-06-15,17.2,87.3,159.6,31.7,1319,9.73,3,2,2,mountain,weathered_rock,fair,10.7,high
SEG-0026,2026-06-16,7.3,56.7,163.9,31.7,1319,9.73,3,2,2,mountain,weathered_rock,fair,9.748,high
SEG-0026,2026-06-17,1.7,26.2,157.8,31.7,1319,9.73,3,2,2,mountain,weathered_rock,fair,8.843,medium
SEG-0026,2026-06-18,35.5,44.5,193.3,31.7,1319,9.73,3,2,2,mountain,weathered_rock,fair,9.991,medium
SEG-0026,2026-06-19,38.6,75.8,170.4,31.7,1319,9.73,3,2,2,mountain,weathered_rock,fair,10.794,high
SEG-0026,2026-06-20,35.4,109.5,167.9,31.7,1319,9.73,3,2,2,mountain,weathered_rock,fair,11.609,high
SEG-0026,2026-06-21,28.8,102.8,164.5,31.7,1319,9.73,3,2,2,mountain,weathered_rock,fair,11.313,high
SEG-0026,2026-06-22,12.6,76.8,159.9,31.7,1319,9.73,3,2,2,mountain,weathered_rock,fair,10.349,high
SEG-0026,2026-06-23,18.1,59.5,170.7,31.7,1319,9.73,3,2,2,mountain,weathered_rock,fair,10.023,medium
SEG-0026,2026-06-24,10.8,41.5,179.8,31.7,1319,9.73,3,2,2,mountain,weathered_rock,fair,9.456,medium
SEG-0026,2026-06-25,5.6,34.5,149.9,31.7,1319,9.73,3,2,2,mountain,weathered_rock,fair,9.103,medium
SEG-0026,2026-06-26,3.4,19.8,114.7,31.7,1319,9.73,3,2,2,mountain,weathered_rock,fair,8.587,medium
SEG-0026,2026-06-27,17.6,26.6,96.9,31.7,1319,9.73,3,2,2,mountain,weathered_rock,fair,8.956,medium
SEG-0026,2026-06-28,16.8,37.8,84.9,31.7,1319,9.73,3,2,2,mountain,weathered_rock,fair,9.2,medium
SEG-0026,2026-06-29,19.3,53.7,91.6,31.7,1319,9.73,3,2,2,mountain,weathered_rock,fair,9.675,high
SEG-0026,2026-06-30,13.2,49.3,86.7,31.7,1319,9.73,3,2,2,mountain,weathered_rock,fair,9.443,medium
SEG-0026,2026-07-01,8.6,41.1,84.5,31.7,1319,9.73,3,2,2,mountain,weathered_rock,fair,9.146,medium
SEG-0026,2026-07-02,16.8,38.6,95.7,31.7,1319,9.73,3,2,2,mountain,weathered_rock,fair,9.251,medium
SEG-0026,2026-07-03,16.6,42.0,108.9,31.7,1319,9.73,3,2,2,mountain,weathered_rock,fair,9.372,medium
SEG-0026,2026-07-04,15.8,49.2,107.1,31.7,1319,9.73,3,2,2,mountain,weathered_rock,fair,9.541,high
SEG-0026,2026-07-05,19.2,51.6,109.5,31.7,1319,9.73,3,2,2,mountain,weathered_rock,fair,9.668,medium
SEG-0026,2026-07-06,17.2,52.2,107.4,31.7,1319,9.73,3,2,2,mountain,weathered_rock,fair,9.643,medium
SEG-0026,2026-07-07,15.4,51.8,109.6,31.7,1319,9.73,3,2,2,mountain,weathered_rock,fair,9.609,high
SEG-0026,2026-07-08,4.5,37.1,105.5,31.7,1319,9.73,3,2,2,mountain,weathered_rock,fair,9.03,medium
SEG-0026,2026-07-09,54.0,73.9,142.7,31.7,1319,9.73,3,2,2,mountain,weathered_rock,fair,10.93,high
SEG-0026,2026-07-10,26.3,84.8,152.4,31.7,1319,9.73,3,2,2,mountain,weathered_rock,fair,10.77,high
SEG-0026,2026-07-11,39.0,119.3,175.6,31.7,1319,9.73,3,2,2,mountain,weathered_rock,fair,11.946,high
SEG-0026,2026-07-12,11.0,76.3,167.4,31.7,1319,9.73,3,2,2,mountain,weathered_rock,fair,10.33,high
SEG-0026,2026-07-13,19.1,69.1,169.3,31.7,1319,9.73,3,2,2,mountain,weathered_rock,fair,10.285,high
SEG-0026,2026-07-14,1.6,31.7,155.5,31.7,1319,9.73,3,2,2,mountain,weathered_rock,fair,8.978,medium
SEG-0026,2026-07-15,54.4,75.1,205.4,31.7,1319,9.73,3,2,2,mountain,weathered_rock,fair,11.141,high
SEG-0026,2026-07-16,21.5,77.5,172.9,31.7,1319,9.73,3,2,2,mountain,weathered_rock,fair,10.555,high
SEG-0026,2026-07-17,27.7,103.6,174.3,31.7,1319,9.73,3,2,2,mountain,weathered_rock,fair,11.342,high
SEG-0026,2026-07-18,21.5,70.7,156.8,31.7,1319,9.73,3,2,2,mountain,weathered_rock,fair,10.333,high
SEG-0026,2026-07-19,18.8,68.0,164.6,31.7,1319,9.73,3,2,2,mountain,weathered_rock,fair,10.239,high
SEG-0026,2026-07-20,1.4,41.7,146.9,31.7,1319,9.73,3,2,2,mountain,weathered_rock,fair,9.211,medium
SEG-0026,2026-07-21,6.0,26.2,151.3,31.7,1319,9.73,3,2,2,mountain,weathered_rock,fair,8.898,medium
SEG-0026,2026-07-22,2.2,9.6,99.1,31.7,1319,9.73,3,2,2,mountain,weathered_rock,fair,8.258,medium
SEG-0026,2026-07-23,1.7,9.9,79.3,31.7,1319,9.73,3,2,2,mountain,weathered_rock,fair,8.203,medium
SEG-0026,2026-07-24,7.3,11.2,58.9,31.7,1319,9.73,3,2,2,mountain,weathered_rock,fair,8.276,medium
SEG-0026,2026-07-25,9.1,18.1,46.5,31.7,1319,9.73,3,2,2,mountain,weathered_rock,fair,8.452,medium
SEG-0026,2026-07-26,9.8,26.2,37.5,31.7,1319,9.73,3,2,2,mountain,weathered_rock,fair,8.649,medium
SEG-0026,2026-07-27,6.3,25.2,42.4,31.7,1319,9.73,3,2,2,mountain,weathered_rock,fair,8.577,medium
SEG-0026,2026-07-28,15.4,31.5,51.8,31.7,1319,9.73,3,2,2,mountain,weathered_rock,fair,8.922,medium
SEG-0026,2026-07-29,14.7,36.4,64.3,31.7,1319,9.73,3,2,2,mountain,weathered_rock,fair,9.072,medium
SEG-0026,2026-07-30,21.0,51.1,83.6,31.7,1319,9.73,3,2,2,mountain,weathered_rock,fair,9.614,high
SEG-0026,2026-07-31,72.5,108.2,148.8,31.7,1319,9.73,3,2,2,mountain,weathered_rock,fair,12.153,high
SEG-0026,2026-08-01,20.8,114.3,160.5,31.7,1319,9.73,3,2,2,mountain,weathered_rock,fair,11.465,high
SEG-0026,2026-08-02,40.1,133.4,190.8,31.7,1319,9.73,3,2,2,mountain,weathered_rock,fair,12.373,high
SEG-0026,2026-08-03,32.3,93.2,216.8,31.7,1319,9.73,3,2,2,mountain,weathered_rock,fair,11.267,high
SEG-0026,2026-08-04,22.5,94.9,223.9,31.7,1319,9.73,3,2,2,mountain,weathered_rock,fair,11.164,high
SEG-0026,2026-08-05,2.1,56.9,211.3,31.7,1319,9.73,3,2,2,mountain,weathered_rock,fair,9.795,high
SEG-0026,2026-08-06,7.2,31.8,197.5,31.7,1319,9.73,3,2,2,mountain,weathered_rock,fair,9.191,medium
SEG-0026,2026-08-07,1.1,10.4,126.1,31.7,1319,9.73,3,2,2,mountain,weathered_rock,fair,8.334,medium
SEG-0026,2026-08-08,6.8,15.1,112.1,31.7,1319,9.73,3,2,2,mountain,weathered_rock,fair,8.515,medium
SEG-0026,2026-08-09,11.4,19.3,83.4,31.7,1319,9.73,3,2,2,mountain,weathered_rock,fair,8.623,medium
SEG-0026,2026-08-10,0.8,19.0,51.9,31.7,1319,9.73,3,2,2,mountain,weathered_rock,fair,8.349,medium
SEG-0026,2026-08-11,8.3,20.5,37.7,31.7,1319,9.73,3,2,2,mountain,weathered_rock,fair,8.476,medium
SEG-0026,2026-08-12,1.3,10.4,36.9,31.7,1319,9.73,3,2,2,mountain,weathered_rock,fair,8.093,medium
SEG-0026,2026-08-13,2.3,11.9,32.0,31.7,1319,9.73,3,2,2,mountain,weathered_rock,fair,8.135,medium
SEG-0026,2026-08-14,0.7,4.3,31.6,31.7,1319,9.73,3,2,2,mountain,weathered_rock,fair,7.909,medium
SEG-0026,2026-08-15,9.9,12.9,34.7,31.7,1319,9.73,3,2,2,mountain,weathered_rock,fair,8.298,medium
SEG-0026,2026-08-16,8.7,19.3,32.0,31.7,1319,9.73,3,2,2,mountain,weathered_rock,fair,8.436,medium
SEG-0026,2026-08-17,55.5,74.1,86.7,31.7,1319,9.73,3,2,2,mountain,weathered_rock,fair,10.807,high
SEG-0026,2026-08-18,18.0,82.2,96.4,31.7,1319,9.73,3,2,2,mountain,weathered_rock,fair,10.407,high
SEG-0026,2026-08-19,59.2,132.7,154.3,31.7,1319,9.73,3,2,2,mountain,weathered_rock,fair,12.579,high
SEG-0026,2026-08-20,32.3,109.5,184.3,31.7,1319,9.73,3,2,2,mountain,weathered_rock,fair,11.601,high
SEG-0026,2026-08-21,28.5,120.0,212.1,31.7,1319,9.73,3,2,2,mountain,weathered_rock,fair,11.886,high
SEG-0026,2026-08-22,11.8,72.6,214.0,31.7,1319,9.73,3,2,2,mountain,weathered_rock,fair,10.375,high
SEG-0026,2026-08-23,4.4,44.7,209.7,31.7,1319,9.73,3,2,2,mountain,weathered_rock,fair,9.512,high
SEG-0026,2026-08-24,13.4,29.6,167.6,31.7,1319,9.73,3,2,2,mountain,weathered_rock,fair,9.157,medium
SEG-0026,2026-08-25,10.4,28.2,160.0,31.7,1319,9.73,3,2,2,mountain,weathered_rock,fair,9.049,medium
SEG-0026,2026-08-26,2.1,25.9,102.9,31.7,1319,9.73,3,2,2,mountain,weathered_rock,fair,8.691,medium
SEG-0026,2026-08-27,37.3,49.8,107.9,31.7,1319,9.73,3,2,2,mountain,weathered_rock,fair,9.924,high
SEG-0026,2026-08-28,33.6,73.0,113.0,31.7,1319,9.73,3,2,2,mountain,weathered_rock,fair,10.479,high
SEG-0026,2026-08-29,19.4,90.3,120.6,31.7,1319,9.73,3,2,2,mountain,weathered_rock,fair,10.708,high
SEG-0026,2026-08-30,2.7,55.7,118.9,31.7,1319,9.73,3,2,2,mountain,weathered_rock,fair,9.52,medium
SEG-0026,2026-08-31,14.8,36.9,120.3,31.7,1319,9.73,3,2,2,mountain,weathered_rock,fair,9.24,medium
SEG-0026,2026-09-01,5.1,22.6,115.0,31.7,1319,9.73,3,2,2,mountain,weathered_rock,fair,8.689,medium
SEG-0026,2026-09-02,11.0,30.9,123.9,31.7,1319,9.73,3,2,2,mountain,weathered_rock,fair,9.03,medium
SEG-0026,2026-09-03,9.8,25.9,96.4,31.7,1319,9.73,3,2,2,mountain,weathered_rock,fair,8.804,medium
SEG-0026,2026-09-04,9.9,30.7,72.7,31.7,1319,9.73,3,2,2,mountain,weathered_rock,fair,8.865,medium
SEG-0026,2026-09-05,10.2,29.9,63.5,31.7,1319,9.73,3,2,2,mountain,weathered_rock,fair,8.824,medium
SEG-0026,2026-09-06,7.1,27.2,67.9,31.7,1319,9.73,3,2,2,mountain,weathered_rock,fair,8.713,medium
SEG-0026,2026-09-07,5.3,22.6,58.4,31.7,1319,9.73,3,2,2,mountain,weathered_rock,fair,8.537,medium
SEG-0026,2026-09-08,7.7,20.1,61.0,31.7,1319,9.73,3,2,2,mountain,weathered_rock,fair,8.52,medium
SEG-0026,2026-09-09,1.8,14.8,51.8,31.7,1319,9.73,3,2,2,mountain,weathered_rock,fair,8.256,medium
SEG-0026,2026-09-10,0.7,10.2,42.7,31.7,1319,9.73,3,2,2,mountain,weathered_rock,fair,8.093,medium
SEG-0026,2026-09-11,0.3,2.8,33.1,31.7,1319,9.73,3,2,2,mountain,weathered_rock,fair,7.867,medium
SEG-0026,2026-09-12,1.6,2.6,24.5,31.7,1319,9.73,3,2,2,mountain,weathered_rock,fair,7.861,medium
SEG-0026,2026-09-13,6.2,8.1,23.6,31.7,1319,9.73,3,2,2,mountain,weathered_rock,fair,8.079,medium
SEG-0026,2026-09-14,2.5,10.3,20.8,31.7,1319,9.73,3,2,2,mountain,weathered_rock,fair,8.066,medium
SEG-0026,2026-09-15,34.0,42.7,47.1,31.7,1319,9.73,3,2,2,mountain,weathered_rock,fair,9.516,medium
SEG-0026,2026-09-16,23.1,59.6,68.4,31.7,1319,9.73,3,2,2,mountain,weathered_rock,fair,9.829,high
SEG-0027,2026-05-20,4.6,4.6,4.6,33.3,1348,7.48,4,3,2,mountain,weathered_rock,fair,8.812,medium
SEG-0027,2026-05-21,2.2,6.8,6.8,33.3,1348,7.48,4,3,2,mountain,weathered_rock,fair,8.835,medium
SEG-0027,2026-05-22,1.4,8.2,8.2,33.3,1348,7.48,4,3,2,mountain,weathered_rock,fair,8.861,medium
SEG-0027,2026-05-23,10.7,14.3,18.9,33.3,1348,7.48,4,3,2,mountain,weathered_rock,fair,9.207,medium
SEG-0027,2026-05-24,8.0,20.1,26.9,33.3,1348,7.48,4,3,2,mountain,weathered_rock,fair,9.334,medium
SEG-0027,2026-05-25,7.1,25.8,34.0,33.3,1348,7.48,4,3,2,mountain,weathered_rock,fair,9.487,medium
SEG-0027,2026-05-26,10.6,25.7,44.6,33.3,1348,7.48,4,3,2,mountain,weathered_rock,fair,9.573,medium
SEG-0027,2026-05-27,7.1,24.8,47.1,33.3,1348,7.48,4,3,2,mountain,weathered_rock,fair,9.497,medium
SEG-0027,2026-05-28,27.1,44.8,72.0,33.3,1348,7.48,4,3,2,mountain,weathered_rock,fair,10.425,high
SEG-0027,2026-05-29,21.7,55.9,92.3,33.3,1348,7.48,4,3,2,mountain,weathered_rock,fair,10.678,high
SEG-0027,2026-05-30,17.2,66.0,98.8,33.3,1348,7.48,4,3,2,mountain,weathered_rock,fair,10.882,high
SEG-0027,2026-05-31,26.8,65.7,117.6,33.3,1348,7.48,4,3,2,mountain,weathered_rock,fair,11.089,high
SEG-0027,2026-06-01,72.4,116.4,182.9,33.3,1348,7.48,4,3,2,mountain,weathered_rock,fair,13.362,high
SEG-0027,2026-06-02,33.3,132.5,205.6,33.3,1348,7.48,4,3,2,mountain,weathered_rock,fair,13.178,high
SEG-0027,2026-06-03,36.3,142.0,234.8,33.3,1348,7.48,4,3,2,mountain,weathered_rock,fair,13.556,high
SEG-0027,2026-06-04,26.4,96.0,234.1,33.3,1348,7.48,4,3,2,mountain,weathered_rock,fair,12.19,high
SEG-0027,2026-06-05,16.3,79.0,228.7,33.3,1348,7.48,4,3,2,mountain,weathered_rock,fair,11.562,high
SEG-0027,2026-06-06,12.8,55.5,224.3,33.3,1348,7.48,4,3,2,mountain,weathered_rock,fair,10.879,high
SEG-0027,2026-06-07,15.7,44.8,213.2,33.3,1348,7.48,4,3,2,mountain,weathered_rock,fair,10.62,high
SEG-0027,2026-06-08,11.4,39.9,152.2,33.3,1348,7.48,4,3,2,mountain,weathered_rock,fair,10.251,high
SEG-0027,2026-06-09,6.1,33.2,125.0,33.3,1348,7.48,4,3,2,mountain,weathered_rock,fair,9.912,high
SEG-0027,2026-06-10,14.8,32.3,103.5,33.3,1348,7.48,4,3,2,mountain,weathered_rock,fair,9.978,high
SEG-0027,2026-06-11,8.5,29.4,85.6,33.3,1348,7.48,4,3,2,mountain,weathered_rock,fair,9.746,high
SEG-0027,2026-06-12,4.3,27.6,73.6,33.3,1348,7.48,4,3,2,mountain,weathered_rock,fair,9.595,medium
SEG-0027,2026-06-13,9.3,22.1,70.1,33.3,1348,7.48,4,3,2,mountain,weathered_rock,fair,9.527,high
SEG-0027,2026-06-14,1.1,14.7,55.5,33.3,1348,7.48,4,3,2,mountain,weathered_rock,fair,9.155,medium
SEG-0027,2026-06-15,18.1,28.5,62.2,33.3,1348,7.48,4,3,2,mountain,weathered_rock,fair,9.821,medium
SEG-0027,2026-06-16,41.8,61.0,97.9,33.3,1348,7.48,4,3,2,mountain,weathered_rock,fair,11.167,high
SEG-0027,2026-06-17,38.9,98.8,122.0,33.3,1348,7.48,4,3,2,mountain,weathered_rock,fair,12.167,high
SEG-0027,2026-06-18,26.6,107.3,140.1,33.3,1348,7.48,4,3,2,mountain,weathered_rock,fair,12.229,high
SEG-0027,2026-06-19,27.1,92.6,162.9,33.3,1348,7.48,4,3,2,mountain,weathered_rock,fair,11.918,high
SEG-0027,2026-06-20,18.9,72.6,172.5,33.3,1348,7.48,4,3,2,mountain,weathered_rock,fair,11.285,high
SEG-0027,2026-06-21,6.2,52.2,177.6,33.3,1348,7.48,4,3,2,mountain,weathered_rock,fair,10.553,high
SEG-0027,2026-06-22,5.3,30.4,164.8,33.3,1348,7.48,4,3,2,mountain,weathered_rock,fair,9.935,high
SEG-0027,2026-06-23,8.9,20.4,131.9,33.3,1348,7.48,4,3,2,mountain,weathered_rock,fair,9.646,high
SEG-0027,2026-06-24,9.0,23.2,102.0,33.3,1348,7.48,4,3,2,mountain,weathered_rock,fair,9.638,medium
SEG-0027,2026-06-25,3.1,21.0,78.5,33.3,1348,7.48,4,3,2,mountain,weathered_rock,fair,9.416,medium
SEG-0027,2026-06-26,0.6,12.7,52.0,33.3,1348,7.48,4,3,2,mountain,weathered_rock,fair,9.085,medium
SEG-0027,2026-06-27,12.4,16.1,45.5,33.3,1348,7.48,4,3,2,mountain,weathered_rock,fair,9.356,medium
SEG-0027,2026-06-28,2.2,15.2,41.5,33.3,1348,7.48,4,3,2,mountain,weathered_rock,fair,9.148,medium
SEG-0027,2026-06-29,8.6,23.2,44.8,33.3,1348,7.48,4,3,2,mountain,weathered_rock,fair,9.474,medium
SEG-0027,2026-06-30,3.6,14.4,39.5,33.3,1348,7.48,4,3,2,mountain,weathered_rock,fair,9.146,medium
SEG-0027,2026-07-01,2.9,15.1,33.4,33.3,1348,7.48,4,3,2,mountain,weathered_rock,fair,9.135,medium
SEG-0027,2026-07-02,13.1,19.6,43.4,33.3,1348,7.48,4,3,2,mountain,weathered_rock,fair,9.453,medium
SEG-0027,2026-07-03,15.6,31.6,58.4,33.3,1348,7.48,4,3,2,mountain,weathered_rock,fair,9.849,high
SEG-0027,2026-07-04,18.9,47.6,64.9,33.3,1348,7.48,4,3,2,mountain,weathered_rock,fair,10.339,high
SEG-0027,2026-07-05,2.7,37.2,65.4,33.3,1348,7.48,4,3,2,mountain,weathered_rock,fair,9.795,medium
SEG-0027,2026-07-06,21.2,42.8,78.0,33.3,1348,7.48,4,3,2,mountain,weathered_rock,fair,10.289,high
SEG-0027,2026-07-07,0.1,24.0,74.5,33.3,1348,7.48,4,3,2,mountain,weathered_rock,fair,9.432,medium
SEG-0027,2026-07-08,4.2,25.5,75.8,33.3,1348,7.48,4,3,2,mountain,weathered_rock,fair,9.544,medium
SEG-0027,2026-07-09,3.0,7.3,65.7,33.3,1348,7.48,4,3,2,mountain,weathered_rock,fair,9.023,medium
SEG-0027,2026-07-10,4.7,11.9,54.8,33.3,1348,7.48,4,3,2,mountain,weathered_rock,fair,9.142,medium
SEG-0027,2026-07-11,15.5,23.2,51.4,33.3,1348,7.48,4,3,2,mountain,weathered_rock,fair,9.61,medium
SEG-0027,2026-07-12,5.4,25.6,54.1,33.3,1348,7.48,4,3,2,mountain,weathered_rock,fair,9.508,medium
SEG-0027,2026-07-13,0.7,21.6,33.6,33.3,1348,7.48,4,3,2,mountain,weathered_rock,fair,9.268,medium
SEG-0027,2026-07-14,15.5,21.6,49.0,33.3,1348,7.48,4,3,2,mountain,weathered_rock,fair,9.561,medium
SEG-0027,2026-07-15,3.6,19.8,48.4,33.3,1348,7.48,4,3,2,mountain,weathered_rock,fair,9.311,medium
SEG-0027,2026-07-16,0.4,19.5,45.8,33.3,1348,7.48,4,3,2,mountain,weathered_rock,fair,9.241,medium
SEG-0027,2026-07-17,15.6,19.6,56.7,33.3,1348,7.48,4,3,2,mountain,weathered_rock,fair,9.532,medium
SEG-0027,2026-07-18,14.9,30.9,56.1,33.3,1348,7.48,4,3,2,mountain,weathered_rock,fair,9.813,medium
SEG-0027,2026-07-19,72.3,102.8,123.0,33.3,1348,7.48,4,3,2,mountain,weathered_rock,fair,12.842,high
SEG-0027,2026-07-20,29.7,116.9,152.0,33.3,1348,7.48,4,3,2,mountain,weathered_rock,fair,12.564,high
SEG-0027,2026-07-21,33.2,135.2,169.7,33.3,1348,7.48,4,3,2,mountain,weathered_rock,fair,13.148,high
SEG-0027,2026-07-22,35.6,98.5,201.7,33.3,1348,7.48,4,3,2,mountain,weathered_rock,fair,12.322,high
SEG-0027,2026-07-23,6.9,75.7,208.2,33.3,1348,7.48,4,3,2,mountain,weathered_rock,fair,11.26,high
SEG-0027,2026-07-24,11.5,54.0,204.1,33.3,1348,7.48,4,3,2,mountain,weathered_rock,fair,10.762,high
SEG-0027,2026-07-25,20.7,39.1,209.9,33.3,1348,7.48,4,3,2,mountain,weathered_rock,fair,10.547,high
SEG-0027,2026-07-26,10.8,43.0,148.4,33.3,1348,7.48,4,3,2,mountain,weathered_rock,fair,10.311,high
SEG-0027,2026-07-27,71.8,103.3,190.5,33.3,1348,7.48,4,3,2,mountain,weathered_rock,fair,13.032,high
SEG-0027,2026-07-28,38.1,120.7,195.4,33.3,1348,7.48,4,3,2,mountain,weathered_rock,fair,12.925,high
SEG-0027,2026-07-29,42.4,152.3,202.2,33.3,1348,7.48,4,3,2,mountain,weathered_rock,fair,13.838,high
SEG-0027,2026-07-30,10.6,91.1,205.9,33.3,1348,7.48,4,3,2,mountain,weathered_rock,fair,11.717,high
SEG-0027,2026-07-31,12.6,65.6,207.0,33.3,1348,7.48,4,3,2,mountain,weathered_rock,fair,11.091,high
SEG-0027,2026-08-01,2.3,25.5,188.6,33.3,1348,7.48,4,3,2,mountain,weathered_rock,fair,9.822,high
SEG-0027,2026-08-02,0.0,14.9,177.8,33.3,1348,7.48,4,3,2,mountain,weathered_rock,fair,9.478,high
SEG-0027,2026-08-03,15.5,17.8,121.5,33.3,1348,7.48,4,3,2,mountain,weathered_rock,fair,9.662,medium
SEG-0027,2026-08-04,1.9,17.4,85.3,33.3,1348,7.48,4,3,2,mountain,weathered_rock,fair,9.321,medium
SEG-0027,2026-08-05,32.5,49.9,75.4,33.3,1348,7.48,4,3,2,mountain,weathered_rock,fair,10.659,high
SEG-0027,2026-08-06,28.0,62.4,92.8,33.3,1348,7.48,4,3,2,mountain,weathered_rock,fair,10.955,high
SEG-0027,2026-08-07,34.5,95.0,114.7,33.3,1348,7.48,4,3,2,mountain,weathered_rock,fair,11.974,high
SEG-0027,2026-08-08,20.8,83.3,133.2,33.3,1348,7.48,4,3,2,mountain,weathered_rock,fair,11.487,high
SEG-0027,2026-08-09,9.7,65.0,142.9,33.3,1348,7.48,4,3,2,mountain,weathered_rock,fair,10.849,high
SEG-0027,2026-08-10,14.9,45.4,142.3,33.3,1348,7.48,4,3,2,mountain,weathered_rock,fair,10.427,high
SEG-0027,2026-08-11,8.5,33.1,148.9,33.3,1348,7.48,4,3,2,mountain,weathered_rock,fair,10.016,medium
SEG-0027,2026-08-12,9.2,32.6,125.6,33.3,1348,7.48,4,3,2,mountain,weathered_rock,fair,9.951,high
SEG-0027,2026-08-13,12.7,30.4,110.3,33.3,1348,7.48,4,3,2,mountain,weathered_rock,fair,9.911,medium
SEG-0027,2026-08-14,9.3,31.2,85.1,33.3,1348,7.48,4,3,2,mountain,weathered_rock,fair,9.805,high
SEG-0027,2026-08-15,10.0,32.0,74.3,33.3,1348,7.48,4,3,2,mountain,weathered_rock,fair,9.808,high
SEG-0027,2026-08-16,11.2,30.5,75.8,33.3,1348,7.48,4,3,2,mountain,weathered_rock,fair,9.793,high
SEG-0027,2026-08-17,0.7,21.9,61.6,33.3,1348,7.48,4,3,2,mountain,weathered_rock,fair,9.352,medium
SEG-0027,2026-08-18,12.6,24.5,65.7,33.3,1348,7.48,4,3,2,mountain,weathered_rock,fair,9.633,medium
SEG-0027,2026-08-19,9.3,22.6,65.8,33.3,1348,7.48,4,3,2,mountain,weathered_rock,fair,9.528,medium
SEG-0027,2026-08-20,10.6,32.5,63.7,33.3,1348,7.48,4,3,2,mountain,weathered_rock,fair,9.802,high
SEG-0027,2026-08-21,14.1,34.0,68.5,33.3,1348,7.48,4,3,2,mountain,weathered_rock,fair,9.914,high
SEG-0027,2026-08-22,5.9,30.6,64.4,33.3,1348,7.48,4,3,2,mountain,weathered_rock,fair,9.675,medium
SEG-0027,2026-08-23,6.8,26.8,60.0,33.3,1348,7.48,4,3,2,mountain,weathered_rock,fair,9.579,medium
SEG-0027,2026-08-24,3.6,16.3,62.9,33.3,1348,7.48,4,3,2,mountain,weathered_rock,fair,9.26,medium
SEG-0027,2026-08-25,48.8,59.2,99.1,33.3,1348,7.48,4,3,2,mountain,weathered_rock,fair,11.243,high
SEG-0027,2026-08-26,18.0,70.4,107.8,33.3,1348,7.48,4,3,2,mountain,weathered_rock,fair,11.034,high
SEG-0027,2026-08-27,28.1,94.9,125.3,33.3,1348,7.48,4,3,2,mountain,weathered_rock,fair,11.891,high
SEG-0027,2026-08-28,3.2,49.3,114.4,33.3,1348,7.48,4,3,2,mountain,weathered_rock,fair,10.252,high
SEG-0027,2026-08-29,9.6,40.9,118.1,33.3,1348,7.48,4,3,2,mountain,weathered_rock,fair,10.153,high
SEG-0027,2026-08-30,3.7,16.5,115.0,33.3,1348,7.48,4,3,2,mountain,weathered_rock,fair,9.41,high
SEG-0027,2026-08-31,3.2,16.5,114.6,33.3,1348,7.48,4,3,2,mountain,weathered_rock,fair,9.4,medium
SEG-0027,2026-09-01,7.1,14.0,72.9,33.3,1348,7.48,4,3,2,mountain,weathered_rock,fair,9.287,medium
SEG-0027,2026-09-02,3.0,13.3,57.9,33.3,1348,7.48,4,3,2,mountain,weathered_rock,fair,9.158,medium
SEG-0027,2026-09-03,35.3,45.4,65.1,33.3,1348,7.48,4,3,2,mountain,weathered_rock,fair,10.561,high
SEG-0027,2026-09-04,23.0,61.3,84.9,33.3,1348,7.48,4,3,2,mountain,weathered_rock,fair,10.82,high
SEG-0027,2026-09-05,11.0,69.3,86.3,33.3,1348,7.48,4,3,2,mountain,weathered_rock,fair,10.828,high
SEG-0027,2026-09-06,4.4,38.4,87.0,33.3,1348,7.48,4,3,2,mountain,weathered_rock,fair,9.914,high
SEG-0027,2026-09-07,10.8,26.2,94.6,33.3,1348,7.48,4,3,2,mountain,weathered_rock,fair,9.727,high
SEG-0027,2026-09-08,0.3,15.5,87.8,33.3,1348,7.48,4,3,2,mountain,weathered_rock,fair,9.251,medium
SEG-0027,2026-09-09,6.1,17.2,90.9,33.3,1348,7.48,4,3,2,mountain,weathered_rock,fair,9.402,high
SEG-0027,2026-09-10,6.3,12.7,61.9,33.3,1348,7.48,4,3,2,mountain,weathered_rock,fair,9.209,medium
SEG-0027,2026-09-11,10.6,23.0,49.5,33.3,1348,7.48,4,3,2,mountain,weathered_rock,fair,9.516,medium
SEG-0027,2026-09-12,0.1,17.0,38.6,33.3,1348,7.48,4,3,2,mountain,weathered_rock,fair,9.151,medium
SEG-0027,2026-09-13,2.5,13.2,36.7,33.3,1348,7.48,4,3,2,mountain,weathered_rock,fair,9.088,medium
SEG-0027,2026-09-14,0.7,3.3,26.6,33.3,1348,7.48,4,3,2,mountain,weathered_rock,fair,8.772,medium
SEG-0027,2026-09-15,2.8,6.0,29.1,33.3,1348,7.48,4,3,2,mountain,weathered_rock,fair,8.885,medium
SEG-0027,2026-09-16,4.8,8.3,27.8,33.3,1348,7.48,4,3,2,mountain,weathered_rock,fair,8.975,medium
SEG-0028,2026-05-20,7.3,7.3,7.3,34.8,1023,4.84,5,7,2,mountain,weathered_rock,good,9.464,high
SEG-0028,2026-05-21,6.1,13.4,13.4,34.8,1023,4.84,5,7,2,mountain,weathered_rock,good,9.619,medium
SEG-0028,2026-05-22,11.0,24.4,24.4,34.8,1023,4.84,5,7,2,mountain,weathered_rock,good,10.019,high
SEG-0028,2026-05-23,11.6,28.7,36.0,34.8,1023,4.84,5,7,2,mountain,weathered_rock,good,10.173,high
SEG-0028,2026-05-24,20.3,42.9,56.3,34.8,1023,4.84,5,7,2,mountain,weathered_rock,good,10.746,high
SEG-0028,2026-05-25,17.1,49.0,73.4,34.8,1023,4.84,5,7,2,mountain,weathered_rock,good,10.897,high
SEG-0028,2026-05-26,21.6,59.0,95.0,34.8,1023,4.84,5,7,2,mountain,weathered_rock,good,11.293,high
SEG-0028,2026-05-27,18.6,57.3,106.3,34.8,1023,4.84,5,7,2,mountain,weathered_rock,good,11.229,high
SEG-0028,2026-05-28,23.5,63.7,123.7,34.8,1023,4.84,5,7,2,mountain,weathered_rock,good,11.526,high
SEG-0028,2026-05-29,12.3,54.4,125.0,34.8,1023,4.84,5,7,2,mountain,weathered_rock,good,11.098,high
SEG-0028,2026-05-30,20.3,56.1,133.7,34.8,1023,4.84,5,7,2,mountain,weathered_rock,good,11.302,high
SEG-0028,2026-05-31,15.7,48.3,129.1,34.8,1023,4.84,5,7,2,mountain,weathered_rock,good,11.008,high
SEG-0028,2026-06-01,17.1,53.1,129.1,34.8,1023,4.84,5,7,2,mountain,weathered_rock,good,11.157,high
SEG-0028,2026-06-02,5.4,38.2,112.9,34.8,1023,4.84,5,7,2,mountain,weathered_rock,good,10.526,high
SEG-0028,2026-06-03,4.9,27.4,99.2,34.8,1023,4.84,5,7,2,mountain,weathered_rock,good,10.199,high
SEG-0028,2026-06-04,16.9,27.2,92.6,34.8,1023,4.84,5,7,2,mountain,weathered_rock,good,10.379,high
SEG-0028,2026-06-05,6.0,27.8,86.3,34.8,1023,4.84,5,7,2,mountain,weathered_rock,good,10.192,high
SEG-0028,2026-06-06,6.3,29.2,72.3,34.8,1023,4.84,5,7,2,mountain,weathered_rock,good,10.195,high
SEG-0028,2026-06-07,4.1,16.4,60.7,34.8,1023,4.84,5,7,2,mountain,weathered_rock,good,9.793,high
SEG-0028,2026-06-08,9.3,19.7,52.9,34.8,1023,4.84,5,7,2,mountain,weathered_rock,good,9.946,medium
SEG-0028,2026-06-09,4.8,18.2,52.3,34.8,1023,4.84,5,7,2,mountain,weathered_rock,good,9.829,medium
SEG-0028,2026-06-10,14.2,28.3,61.6,34.8,1023,4.84,5,7,2,mountain,weathered_rock,good,10.277,high
SEG-0028,2026-06-11,16.1,35.1,60.8,34.8,1023,4.84,5,7,2,mountain,weathered_rock,good,10.484,high
SEG-0028,2026-06-12,11.0,41.3,65.8,34.8,1023,4.84,5,7,2,mountain,weathered_rock,good,10.572,high
SEG-0028,2026-06-13,14.6,41.7,74.1,34.8,1023,4.84,5,7,2,mountain,weathered_rock,good,10.667,high
SEG-0028,2026-06-14,2.0,27.6,72.0,34.8,1023,4.84,5,7,2,mountain,weathered_rock,good,10.08,medium
SEG-0028,2026-06-15,3.9,20.5,66.6,34.8,1023,4.84,5,7,2,mountain,weathered_rock,good,9.913,medium
SEG-0028,2026-06-16,8.2,14.1,70.0,34.8,1023,4.84,5,7,2,mountain,weathered_rock,good,9.829,medium
SEG-0028,2026-06-17,15.9,28.0,71.7,34.8,1023,4.84,5,7,2,mountain,weathered_rock,good,10.326,high
SEG-0028,2026-06-18,3.3,27.4,58.9,34.8,1023,4.84,5,7,2,mountain,weathered_rock,good,10.061,medium
SEG-0028,2026-06-19,10.3,29.5,58.2,34.8,1023,4.84,5,7,2,mountain,weathered_rock,good,10.232,high
SEG-0028,2026-06-20,4.3,17.9,47.9,34.8,1023,4.84,5,7,2,mountain,weathered_rock,good,9.801,high
SEG-0028,2026-06-21,17.2,31.8,63.1,34.8,1023,4.84,5,7,2,mountain,weathered_rock,good,10.423,high
SEG-0028,2026-06-22,15.9,37.4,75.1,34.8,1023,4.84,5,7,2,mountain,weathered_rock,good,10.58,high
SEG-0028,2026-06-23,15.8,48.9,82.7,34.8,1023,4.84,5,7,2,mountain,weathered_rock,good,10.898,high
SEG-0028,2026-06-24,5.1,36.8,71.9,34.8,1023,4.84,5,7,2,mountain,weathered_rock,good,10.372,high
SEG-0028,2026-06-25,14.4,35.3,83.0,34.8,1023,4.84,5,7,2,mountain,weathered_rock,good,10.521,high
SEG-0028,2026-06-26,2.2,21.7,74.9,34.8,1023,4.84,5,7,2,mountain,weathered_rock,good,9.938,high
SEG-0028,2026-06-27,0.1,16.7,70.7,34.8,1023,4.84,5,7,2,mountain,weathered_rock,good,9.761,high
SEG-0028,2026-06-28,16.1,18.4,69.6,34.8,1023,4.84,5,7,2,mountain,weathered_rock,good,10.074,high
SEG-0028,2026-06-29,2.1,18.3,55.8,34.8,1023,4.84,5,7,2,mountain,weathered_rock,good,9.795,medium
SEG-0028,2026-06-30,9.6,27.8,49.6,34.8,1023,4.84,5,7,2,mountain,weathered_rock,good,10.153,medium
SEG-0028,2026-07-01,5.7,17.4,50.2,34.8,1023,4.84,5,7,2,mountain,weathered_rock,good,9.818,medium
SEG-0028,2026-07-02,2.9,18.2,38.7,34.8,1023,4.84,5,7,2,mountain,weathered_rock,good,9.759,high
SEG-0028,2026-07-03,15.8,24.4,52.3,34.8,1023,4.84,5,7,2,mountain,weathered_rock,good,10.177,high
SEG-0028,2026-07-04,17.0,35.7,69.2,34.8,1023,4.84,5,7,2,mountain,weathered_rock,good,10.538,high
SEG-0028,2026-07-05,1.4,34.2,54.5,34.8,1023,4.84,5,7,2,mountain,weathered_rock,good,10.193,high
SEG-0028,2026-07-06,2.7,21.1,55.1,34.8,1023,4.84,5,7,2,mountain,weathered_rock,good,9.876,medium
SEG-0028,2026-07-07,12.6,16.7,58.1,34.8,1023,4.84,5,7,2,mountain,weathered_rock,good,9.939,high
SEG-0028,2026-07-08,8.3,23.6,60.7,34.8,1023,4.84,5,7,2,mountain,weathered_rock,good,10.052,high
SEG-0028,2026-07-09,15.4,36.3,73.2,34.8,1023,4.84,5,7,2,mountain,weathered_rock,good,10.537,high
SEG-0028,2026-07-10,7.0,30.7,64.4,34.8,1023,4.84,5,7,2,mountain,weathered_rock,good,10.225,high
SEG-0028,2026-07-11,2.7,25.1,50.1,34.8,1023,4.84,5,7,2,mountain,weathered_rock,good,9.967,high
SEG-0028,2026-07-12,16.4,26.1,65.1,34.8,1023,4.84,5,7,2,mountain,weathered_rock,good,10.267,high
SEG-0028,2026-07-13,2.1,21.2,64.5,34.8,1023,4.84,5,7,2,mountain,weathered_rock,good,9.895,high
SEG-0028,2026-07-14,3.5,22.0,55.4,34.8,1023,4.84,5,7,2,mountain,weathered_rock,good,9.914,high
SEG-0028,2026-07-15,11.3,16.9,58.4,34.8,1023,4.84,5,7,2,mountain,weathered_rock,good,9.922,high
SEG-0028,2026-07-16,3.1,17.9,46.1,34.8,1023,4.84,5,7,2,mountain,weathered_rock,good,9.775,medium
SEG-0028,2026-07-17,2.0,16.4,41.1,34.8,1023,4.84,5,7,2,mountain,weathered_rock,good,9.704,high
SEG-0028,2026-07-18,11.1,16.2,49.5,34.8,1023,4.84,5,7,2,mountain,weathered_rock,good,9.876,high
SEG-0028,2026-07-19,15.8,28.9,48.9,34.8,1023,4.84,5,7,2,mountain,weathered_rock,good,10.285,high
SEG-0028,2026-07-20,2.4,29.3,49.2,34.8,1023,4.84,5,7,2,mountain,weathered_rock,good,10.068,high
SEG-0028,2026-07-21,7.9,26.1,53.6,34.8,1023,4.84,5,7,2,mountain,weathered_rock,good,10.091,high
SEG-0028,2026-07-22,19.1,29.4,61.4,34.8,1023,4.84,5,7,2,mountain,weathered_rock,good,10.388,high
SEG-0028,2026-07-23,17.0,44.0,75.3,34.8,1023,4.84,5,7,2,mountain,weathered_rock,good,10.77,high
SEG-0028,2026-07-24,6.6,42.7,79.9,34.8,1023,4.84,5,7,2,mountain,weathered_rock,good,10.572,high
SEG-0028,2026-07-25,4.3,27.9,73.1,34.8,1023,4.84,5,7,2,mountain,weathered_rock,good,10.13,high
SEG-0028,2026-07-26,10.4,21.3,67.7,34.8,1023,4.84,5,7,2,mountain,weathered_rock,good,10.047,high
SEG-0028,2026-07-27,7.3,22.0,72.6,34.8,1023,4.84,5,7,2,mountain,weathered_rock,good,10.026,high
SEG-0028,2026-07-28,43.0,60.7,107.7,34.8,1023,4.84,5,7,2,mountain,weathered_rock,good,11.736,high
SEG-0028,2026-07-29,31.8,82.1,120.4,34.8,1023,4.84,5,7,2,mountain,weathered_rock,good,12.137,high
SEG-0028,2026-07-30,14.1,88.9,117.5,34.8,1023,4.84,5,7,2,mountain,weathered_rock,good,12.005,high
SEG-0028,2026-07-31,1.2,47.1,112.1,34.8,1023,4.84,5,7,2,mountain,weathered_rock,good,10.684,high
SEG-0028,2026-08-01,4.3,19.6,112.1,34.8,1023,4.84,5,7,2,mountain,weathered_rock,good,10.021,high
SEG-0028,2026-08-02,8.8,14.3,110.5,34.8,1023,4.84,5,7,2,mountain,weathered_rock,good,9.956,high
SEG-0028,2026-08-03,11.2,24.3,114.4,34.8,1023,4.84,5,7,2,mountain,weathered_rock,good,10.267,high
SEG-0028,2026-08-04,12.0,32.0,83.4,34.8,1023,4.84,5,7,2,mountain,weathered_rock,good,10.396,high
SEG-0028,2026-08-05,7.3,30.5,58.9,34.8,1023,4.84,5,7,2,mountain,weathered_rock,good,10.209,high
SEG-0028,2026-08-06,0.1,19.4,44.9,34.8,1023,4.84,5,7,2,mountain,weathered_rock,good,9.76,high
SEG-0028,2026-08-07,14.9,22.3,58.6,34.8,1023,4.84,5,7,2,mountain,weathered_rock,good,10.125,medium
SEG-0028,2026-08-08,1.8,16.8,56.1,34.8,1023,4.84,5,7,2,mountain,weathered_rock,good,9.752,high
SEG-0028,2026-08-09,0.8,17.5,48.1,34.8,1023,4.84,5,7,2,mountain,weathered_rock,good,9.731,medium
SEG-0028,2026-08-10,2.0,4.6,38.9,34.8,1023,4.84,5,7,2,mountain,weathered_rock,good,9.391,medium
SEG-0028,2026-08-11,10.2,13.0,37.1,34.8,1023,4.84,5,7,2,mountain,weathered_rock,good,9.744,high
SEG-0028,2026-08-12,11.2,23.4,41.0,34.8,1023,4.84,5,7,2,mountain,weathered_rock,good,10.042,high
SEG-0028,2026-08-13,10.1,31.5,51.0,34.8,1023,4.84,5,7,2,mountain,weathered_rock,good,10.261,high
SEG-0028,2026-08-14,11.7,33.0,47.8,34.8,1023,4.84,5,7,2,mountain,weathered_rock,good,10.319,high
SEG-0028,2026-08-15,9.6,31.4,55.6,34.8,1023,4.84,5,7,2,mountain,weathered_rock,good,10.263,high
SEG-0028,2026-08-16,2.3,23.6,57.1,34.8,1023,4.84,5,7,2,mountain,weathered_rock,good,9.94,medium
SEG-0028,2026-08-17,5.6,17.5,60.7,34.8,1023,4.84,5,7,2,mountain,weathered_rock,good,9.847,high
SEG-0028,2026-08-18,10.1,18.0,60.6,34.8,1023,4.84,5,7,2,mountain,weathered_rock,good,9.937,high
SEG-0028,2026-08-19,10.7,26.4,60.1,34.8,1023,4.84,5,7,2,mountain,weathered_rock,good,10.164,high
SEG-0028,2026-08-20,4.2,25.0,54.2,34.8,1023,4.84,5,7,2,mountain,weathered_rock,good,10.001,high
SEG-0028,2026-08-21,14.2,29.1,56.7,34.8,1023,4.84,5,7,2,mountain,weathered_rock,good,10.284,high
SEG-0028,2026-08-22,0.4,18.8,47.5,34.8,1023,4.84,5,7,2,mountain,weathered_rock,good,9.757,medium
SEG-0028,2026-08-23,3.5,18.1,48.7,34.8,1023,4.84,5,7,2,mountain,weathered_rock,good,9.794,medium
SEG-0028,2026-08-24,14.8,18.7,57.9,34.8,1023,4.84,5,7,2,mountain,weathered_rock,good,10.027,high
SEG-0028,2026-08-25,4.3,22.6,52.1,34.8,1023,4.84,5,7,2,mountain,weathered_rock,good,9.934,high
SEG-0028,2026-08-26,12.7,31.8,54.1,34.8,1023,4.84,5,7,2,mountain,weathered_rock,good,10.322,high
SEG-0028,2026-08-27,3.8,20.8,53.7,34.8,1023,4.84,5,7,2,mountain,weathered_rock,good,9.883,high
SEG-0028,2026-08-28,14.0,30.5,53.5,34.8,1023,4.84,5,7,2,mountain,weathered_rock,good,10.308,high
SEG-0028,2026-08-29,43.8,61.6,96.9,34.8,1023,4.84,5,7,2,mountain,weathered_rock,good,11.743,high
SEG-0028,2026-08-30,31.7,89.5,125.1,34.8,1023,4.84,5,7,2,mountain,weathered_rock,good,12.34,high
SEG-0028,2026-08-31,23.3,98.8,133.6,34.8,1023,4.84,5,7,2,mountain,weathered_rock,good,12.463,high
SEG-0028,2026-09-01,1.3,56.3,130.6,34.8,1023,4.84,5,7,2,mountain,weathered_rock,good,10.975,high
SEG-0028,2026-09-02,4.8,29.4,122.7,34.8,1023,4.84,5,7,2,mountain,weathered_rock,good,10.314,high
SEG-0028,2026-09-03,28.7,34.8,147.6,34.8,1023,4.84,5,7,2,mountain,weathered_rock,good,10.929,high
SEG-0028,2026-09-04,11.0,44.5,144.6,34.8,1023,4.84,5,7,2,mountain,weathered_rock,good,10.872,high
SEG-0028,2026-09-05,0.5,40.2,101.3,34.8,1023,4.84,5,7,2,mountain,weathered_rock,good,10.463,high
SEG-0028,2026-09-06,35.6,47.1,105.2,34.8,1023,4.84,5,7,2,mountain,weathered_rock,good,11.249,high
SEG-0028,2026-09-07,13.1,49.2,95.0,34.8,1023,4.84,5,7,2,mountain,weathered_rock,good,10.893,high
SEG-0028,2026-09-08,3.7,52.4,97.4,34.8,1023,4.84,5,7,2,mountain,weathered_rock,good,10.823,high
SEG-0028,2026-09-09,5.3,22.1,97.9,34.8,1023,4.84,5,7,2,mountain,weathered_rock,good,10.064,high
SEG-0028,2026-09-10,8.3,17.3,77.5,34.8,1023,4.84,5,7,2,mountain,weathered_rock,good,9.934,medium
SEG-0028,2026-09-11,8.9,22.5,75.4,34.8,1023,4.84,5,7,2,mountain,weathered_rock,good,10.074,high
SEG-0028,2026-09-12,36.0,53.2,110.9,34.8,1023,4.84,5,7,2,mountain,weathered_rock,good,11.431,high
SEG-0028,2026-09-13,15.5,60.4,90.8,34.8,1023,4.84,5,7,2,mountain,weathered_rock,good,11.214,high
SEG-0028,2026-09-14,8.5,60.0,86.2,34.8,1023,4.84,5,7,2,mountain,weathered_rock,good,11.072,high
SEG-0028,2026-09-15,0.2,24.2,82.7,34.8,1023,4.84,5,7,2,mountain,weathered_rock,good,9.99,high
SEG-0028,2026-09-16,29.8,38.5,107.2,34.8,1023,4.84,5,7,2,mountain,weathered_rock,good,10.933,high
SEG-0029,2026-05-20,8.0,8.0,8.0,21.4,1260,1.74,5,3,2,mountain,weathered_rock,good,7.193,medium
SEG-0029,2026-05-21,9.3,17.3,17.3,21.4,1260,1.74,5,3,2,mountain,weathered_rock,good,7.482,medium
SEG-0029,2026-05-22,4.8,22.1,22.1,21.4,1260,1.74,5,3,2,mountain,weathered_rock,good,7.544,medium
SEG-0029,2026-05-23,10.9,25.0,33.0,21.4,1260,1.74,5,3,2,mountain,weathered_rock,good,7.753,medium
SEG-0029,2026-05-24,11.8,27.5,44.8,21.4,1260,1.74,5,3,2,mountain,weathered_rock,good,7.866,medium
SEG-0029,2026-05-25,9.6,32.3,54.4,21.4,1260,1.74,5,3,2,mountain,weathered_rock,good,7.98,medium
SEG-0029,2026-05-26,0.3,21.7,54.7,21.4,1260,1.74,5,3,2,mountain,weathered_rock,good,7.547,medium
SEG-0029,2026-05-27,11.2,21.1,57.9,21.4,1260,1.74,5,3,2,mountain,weathered_rock,good,7.725,medium
SEG-0029,2026-05-28,9.4,20.9,58.0,21.4,1260,1.74,5,3,2,mountain,weathered_rock,good,7.69,medium
SEG-0029,2026-05-29,11.0,31.6,64.2,21.4,1260,1.74,5,3,2,mountain,weathered_rock,good,8.012,medium
SEG-0029,2026-05-30,7.0,27.4,60.3,21.4,1260,1.74,5,3,2,mountain,weathered_rock,good,7.824,medium
SEG-0029,2026-05-31,43.6,61.6,92.1,21.4,1260,1.74,5,3,2,mountain,weathered_rock,good,9.423,medium
SEG-0029,2026-06-01,37.8,88.4,120.3,21.4,1260,1.74,5,3,2,mountain,weathered_rock,good,10.099,high
SEG-0029,2026-06-02,33.2,114.6,153.2,21.4,1260,1.74,5,3,2,mountain,weathered_rock,good,10.792,high
SEG-0029,2026-06-03,23.0,94.0,165.0,21.4,1260,1.74,5,3,2,mountain,weathered_rock,good,10.116,high
SEG-0029,2026-06-04,2.2,58.4,157.8,21.4,1260,1.74,5,3,2,mountain,weathered_rock,good,8.817,medium
SEG-0029,2026-06-05,6.8,32.0,153.6,21.4,1260,1.74,5,3,2,mountain,weathered_rock,good,8.197,medium
SEG-0029,2026-06-06,6.7,15.7,153.3,21.4,1260,1.74,5,3,2,mountain,weathered_rock,good,7.771,medium
SEG-0029,2026-06-07,14.6,28.1,124.3,21.4,1260,1.74,5,3,2,mountain,weathered_rock,good,8.148,medium
SEG-0029,2026-06-08,36.5,57.8,123.0,21.4,1260,1.74,5,3,2,mountain,weathered_rock,good,9.289,medium
SEG-0029,2026-06-09,32.6,83.7,122.4,21.4,1260,1.74,5,3,2,mountain,weathered_rock,good,9.894,medium
SEG-0029,2026-06-10,37.0,106.1,136.4,21.4,1260,1.74,5,3,2,mountain,weathered_rock,good,10.59,high
SEG-0029,2026-06-11,3.6,73.2,137.8,21.4,1260,1.74,5,3,2,mountain,weathered_rock,good,9.17,medium
SEG-0029,2026-06-12,11.5,52.1,142.5,21.4,1260,1.74,5,3,2,mountain,weathered_rock,good,8.769,medium
SEG-0029,2026-06-13,41.7,56.8,177.5,21.4,1260,1.74,5,3,2,mountain,weathered_rock,good,9.501,medium
SEG-0029,2026-06-14,28.3,81.5,191.2,21.4,1260,1.74,5,3,2,mountain,weathered_rock,good,9.953,high
SEG-0029,2026-06-15,27.9,97.9,182.6,21.4,1260,1.74,5,3,2,mountain,weathered_rock,good,10.349,high
SEG-0029,2026-06-16,10.5,66.7,160.5,21.4,1260,1.74,5,3,2,mountain,weathered_rock,good,9.181,medium
SEG-0029,2026-06-17,12.7,51.1,136.2,21.4,1260,1.74,5,3,2,mountain,weathered_rock,good,8.746,medium
SEG-0029,2026-06-18,6.3,29.5,138.9,21.4,1260,1.74,5,3,2,mountain,weathered_rock,good,8.083,medium
SEG-0029,2026-06-19,36.2,55.2,163.6,21.4,1260,1.74,5,3,2,mountain,weathered_rock,good,9.328,high
SEG-0029,2026-06-20,33.2,75.7,155.1,21.4,1260,1.74,5,3,2,mountain,weathered_rock,good,9.786,medium
SEG-0029,2026-06-21,22.7,92.1,149.5,21.4,1260,1.74,5,3,2,mountain,weathered_rock,good,10.019,medium
SEG-0029,2026-06-22,27.5,83.4,149.1,21.4,1260,1.74,5,3,2,mountain,weathered_rock,good,9.873,medium
SEG-0029,2026-06-23,62.9,113.1,201.5,21.4,1260,1.74,5,3,2,mountain,weathered_rock,good,11.391,high
SEG-0029,2026-06-24,25.7,116.1,214.5,21.4,1260,1.74,5,3,2,mountain,weathered_rock,good,10.872,high
SEG-0029,2026-06-25,19.1,107.7,227.3,21.4,1260,1.74,5,3,2,mountain,weathered_rock,good,10.577,high
SEG-0029,2026-06-26,7.1,51.9,198.2,21.4,1260,1.74,5,3,2,mountain,weathered_rock,good,8.842,medium
SEG-0029,2026-06-27,3.7,29.9,168.7,21.4,1260,1.74,5,3,2,mountain,weathered_rock,good,8.131,medium
SEG-0029,2026-06-28,15.5,26.3,161.5,21.4,1260,1.74,5,3,2,mountain,weathered_rock,good,8.218,medium
SEG-0029,2026-06-29,17.6,36.8,151.6,21.4,1260,1.74,5,3,2,mountain,weathered_rock,good,8.5,medium
SEG-0029,2026-06-30,16.9,50.0,105.6,21.4,1260,1.74,5,3,2,mountain,weathered_rock,good,8.705,medium
SEG-0029,2026-07-01,8.9,43.4,88.8,21.4,1260,1.74,5,3,2,mountain,weathered_rock,good,8.351,medium
SEG-0029,2026-07-02,19.7,45.5,89.4,21.4,1260,1.74,5,3,2,mountain,weathered_rock,good,8.591,medium
SEG-0029,2026-07-03,12.2,40.8,94.5,21.4,1260,1.74,5,3,2,mountain,weathered_rock,good,8.355,medium
SEG-0029,2026-07-04,3.1,35.0,93.9,21.4,1260,1.74,5,3,2,mountain,weathered_rock,good,8.048,medium
SEG-0029,2026-07-05,7.1,22.4,85.5,21.4,1260,1.74,5,3,2,mountain,weathered_rock,good,7.765,medium
SEG-0029,2026-07-06,7.5,17.7,75.4,21.4,1260,1.74,5,3,2,mountain,weathered_rock,good,7.622,medium
SEG-0029,2026-07-07,17.3,31.9,75.8,21.4,1260,1.74,5,3,2,mountain,weathered_rock,good,8.159,medium
SEG-0029,2026-07-08,15.9,40.7,82.8,21.4,1260,1.74,5,3,2,mountain,weathered_rock,good,8.383,medium
SEG-0029,2026-07-09,11.2,44.4,74.3,21.4,1260,1.74,5,3,2,mountain,weathered_rock,good,8.376,medium
SEG-0029,2026-07-10,1.4,28.5,63.5,21.4,1260,1.74,5,3,2,mountain,weathered_rock,good,7.766,medium
SEG-0029,2026-07-11,8.0,20.6,68.4,21.4,1260,1.74,5,3,2,mountain,weathered_rock,good,7.687,medium
SEG-0029,2026-07-12,5.6,15.0,66.9,21.4,1260,1.74,5,3,2,mountain,weathered_rock,good,7.496,medium
SEG-0029,2026-07-13,12.6,26.2,72.0,21.4,1260,1.74,5,3,2,mountain,weathered_rock,good,7.92,medium
SEG-0029,2026-07-14,46.3,64.5,101.0,21.4,1260,1.74,5,3,2,mountain,weathered_rock,good,9.569,high
SEG-0029,2026-07-15,36.3,95.2,121.4,21.4,1260,1.74,5,3,2,mountain,weathered_rock,good,10.253,high
SEG-0029,2026-07-16,28.1,110.7,138.3,21.4,1260,1.74,5,3,2,mountain,weathered_rock,good,10.563,high
SEG-0029,2026-07-17,25.8,90.2,162.7,21.4,1260,1.74,5,3,2,mountain,weathered_rock,good,10.058,high
SEG-0029,2026-07-18,1.9,55.8,156.6,21.4,1260,1.74,5,3,2,mountain,weathered_rock,good,8.741,medium
SEG-0029,2026-07-19,15.1,42.8,166.1,21.4,1260,1.74,5,3,2,mountain,weathered_rock,good,8.653,medium
SEG-0029,2026-07-20,8.1,25.1,161.6,21.4,1260,1.74,5,3,2,mountain,weathered_rock,good,8.062,medium
SEG-0029,2026-07-21,9.7,32.9,125.0,21.4,1260,1.74,5,3,2,mountain,weathered_rock,good,8.191,medium
SEG-0029,2026-07-22,13.5,31.3,102.2,21.4,1260,1.74,5,3,2,mountain,weathered_rock,good,8.151,medium
SEG-0029,2026-07-23,9.5,32.7,83.6,21.4,1260,1.74,5,3,2,mountain,weathered_rock,good,8.069,medium
SEG-0029,2026-07-24,13.7,36.7,71.5,21.4,1260,1.74,5,3,2,mountain,weathered_rock,good,8.211,medium
SEG-0029,2026-07-25,15.4,38.6,85.0,21.4,1260,1.74,5,3,2,mountain,weathered_rock,good,8.326,medium
SEG-0029,2026-07-26,12.8,41.9,82.7,21.4,1260,1.74,5,3,2,mountain,weathered_rock,good,8.361,medium
SEG-0029,2026-07-27,65.3,93.5,139.9,21.4,1260,1.74,5,3,2,mountain,weathered_rock,good,10.753,high
SEG-0029,2026-07-28,30.3,108.4,160.5,21.4,1260,1.74,5,3,2,mountain,weathered_rock,good,10.602,high
SEG-0029,2026-07-29,11.3,106.9,158.3,21.4,1260,1.74,5,3,2,mountain,weathered_rock,good,10.234,high
SEG-0029,2026-07-30,11.5,53.1,160.3,21.4,1260,1.74,5,3,2,mountain,weathered_rock,good,8.844,medium
SEG-0029,2026-07-31,7.7,30.5,154.3,21.4,1260,1.74,5,3,2,mountain,weathered_rock,good,8.175,medium
SEG-0029,2026-08-01,32.2,51.4,171.1,21.4,1260,1.74,5,3,2,mountain,weathered_rock,good,9.181,medium
SEG-0029,2026-08-02,22.0,61.9,180.3,21.4,1260,1.74,5,3,2,mountain,weathered_rock,good,9.306,medium
SEG-0029,2026-08-03,16.7,70.9,131.7,21.4,1260,1.74,5,3,2,mountain,weathered_rock,good,9.316,medium
SEG-0029,2026-08-04,4.9,43.6,106.3,21.4,1260,1.74,5,3,2,mountain,weathered_rock,good,8.336,medium
SEG-0029,2026-08-05,1.7,23.3,96.7,21.4,1260,1.74,5,3,2,mountain,weathered_rock,good,7.728,medium
SEG-0029,2026-08-06,1.2,7.8,86.4,21.4,1260,1.74,5,3,2,mountain,weathered_rock,good,7.288,medium
SEG-0029,2026-08-07,11.7,14.6,90.4,21.4,1260,1.74,5,3,2,mountain,weathered_rock,good,7.654,medium
SEG-0029,2026-08-08,14.9,27.8,73.1,21.4,1260,1.74,5,3,2,mountain,weathered_rock,good,8.004,medium
SEG-0029,2026-08-09,10.9,37.5,62.0,21.4,1260,1.74,5,3,2,mountain,weathered_rock,good,8.158,medium
SEG-0029,2026-08-10,9.3,35.1,54.6,21.4,1260,1.74,5,3,2,mountain,weathered_rock,good,8.048,medium
SEG-0029,2026-08-11,8.9,29.1,58.6,21.4,1260,1.74,5,3,2,mountain,weathered_rock,good,7.896,medium
SEG-0029,2026-08-12,52.1,70.3,109.0,21.4,1260,1.74,5,3,2,mountain,weathered_rock,good,9.84,medium
SEG-0029,2026-08-13,24.0,85.0,131.8,21.4,1260,1.74,5,3,2,mountain,weathered_rock,good,9.807,high
SEG-0029,2026-08-14,25.3,101.4,145.4,21.4,1260,1.74,5,3,2,mountain,weathered_rock,good,10.293,high
SEG-0029,2026-08-15,31.5,80.8,162.0,21.4,1260,1.74,5,3,2,mountain,weathered_rock,good,9.909,high
SEG-0029,2026-08-16,6.8,63.6,157.9,21.4,1260,1.74,5,3,2,mountain,weathered_rock,good,9.03,medium
SEG-0029,2026-08-17,4.6,42.9,153.2,21.4,1260,1.74,5,3,2,mountain,weathered_rock,good,8.442,medium
SEG-0029,2026-08-18,5.2,16.6,149.5,21.4,1260,1.74,5,3,2,mountain,weathered_rock,good,7.758,medium
SEG-0029,2026-08-19,33.3,43.1,130.7,21.4,1260,1.74,5,3,2,mountain,weathered_rock,good,8.873,high
SEG-0029,2026-08-20,25.9,64.4,132.6,21.4,1260,1.74,5,3,2,mountain,weathered_rock,good,9.306,medium
SEG-0029,2026-08-21,21.5,80.7,128.8,21.4,1260,1.74,5,3,2,mountain,weathered_rock,good,9.645,medium
SEG-0029,2026-08-22,13.3,60.7,110.6,21.4,1260,1.74,5,3,2,mountain,weathered_rock,good,8.935,medium
SEG-0029,2026-08-23,12.9,47.7,116.7,21.4,1260,1.74,5,3,2,mountain,weathered_rock,good,8.607,medium
SEG-0029,2026-08-24,9.4,35.6,121.5,21.4,1260,1.74,5,3,2,mountain,weathered_rock,good,8.247,medium
SEG-0029,2026-08-25,5.0,27.3,121.3,21.4,1260,1.74,5,3,2,mountain,weathered_rock,good,7.955,medium
SEG-0029,2026-08-26,13.6,28.0,101.6,21.4,1260,1.74,5,3,2,mountain,weathered_rock,good,8.066,medium
SEG-0029,2026-08-27,2.1,20.7,77.8,21.4,1260,1.74,5,3,2,mountain,weathered_rock,good,7.615,medium
SEG-0029,2026-08-28,10.1,25.8,66.4,21.4,1260,1.74,5,3,2,mountain,weathered_rock,good,7.852,medium
SEG-0029,2026-08-29,10.6,22.8,63.7,21.4,1260,1.74,5,3,2,mountain,weathered_rock,good,7.775,medium
SEG-0029,2026-08-30,34.5,55.2,85.3,21.4,1260,1.74,5,3,2,mountain,weathered_rock,good,9.083,medium
SEG-0029,2026-08-31,25.4,70.5,101.3,21.4,1260,1.74,5,3,2,mountain,weathered_rock,good,9.37,medium
SEG-0029,2026-09-01,22.3,82.2,118.6,21.4,1260,1.74,5,3,2,mountain,weathered_rock,good,9.669,high
SEG-0029,2026-09-02,11.1,58.8,116.1,21.4,1260,1.74,5,3,2,mountain,weathered_rock,good,8.864,medium
SEG-0029,2026-09-03,3.9,37.3,117.9,21.4,1260,1.74,5,3,2,mountain,weathered_rock,good,8.187,medium
SEG-0029,2026-09-04,3.6,18.6,111.4,21.4,1260,1.74,5,3,2,mountain,weathered_rock,good,7.678,medium
SEG-0029,2026-09-05,2.1,9.6,102.9,21.4,1260,1.74,5,3,2,mountain,weathered_rock,good,7.395,medium
SEG-0029,2026-09-06,26.0,31.7,94.4,21.4,1260,1.74,5,3,2,mountain,weathered_rock,good,8.353,medium
SEG-0029,2026-09-07,13.3,41.4,82.3,21.4,1260,1.74,5,3,2,mountain,weathered_rock,good,8.356,medium
SEG-0029,2026-09-08,18.7,58.0,78.7,21.4,1260,1.74,5,3,2,mountain,weathered_rock,good,8.869,medium
SEG-0029,2026-09-09,1.5,33.5,69.1,21.4,1260,1.74,5,3,2,mountain,weathered_rock,good,7.914,medium
SEG-0029,2026-09-10,0.6,20.8,65.8,21.4,1260,1.74,5,3,2,mountain,weathered_rock,good,7.559,medium
SEG-0029,2026-09-11,2.5,4.6,64.7,21.4,1260,1.74,5,3,2,mountain,weathered_rock,good,7.167,medium
SEG-0029,2026-09-12,33.4,36.5,96.0,21.4,1260,1.74,5,3,2,mountain,weathered_rock,good,8.608,medium
SEG-0029,2026-09-13,11.5,47.4,81.5,21.4,1260,1.74,5,3,2,mountain,weathered_rock,good,8.479,medium
SEG-0029,2026-09-14,19.9,64.8,88.1,21.4,1260,1.74,5,3,2,mountain,weathered_rock,good,9.092,medium
SEG-0029,2026-09-15,0.6,32.0,70.0,21.4,1260,1.74,5,3,2,mountain,weathered_rock,good,7.862,medium
SEG-0029,2026-09-16,7.0,27.5,75.5,21.4,1260,1.74,5,3,2,mountain,weathered_rock,good,7.869,medium
SEG-0030,2026-05-20,8.0,8.0,8.0,33.9,642,9.5,5,5,2,mountain,weathered_rock,good,8.99,medium
SEG-0030,2026-05-21,9.3,17.3,17.3,33.9,642,9.5,5,5,2,mountain,weathered_rock,good,9.279,medium
SEG-0030,2026-05-22,4.8,22.1,22.1,33.9,642,9.5,5,5,2,mountain,weathered_rock,good,9.341,medium
SEG-0030,2026-05-23,10.9,25.0,33.0,33.9,642,9.5,5,5,2,mountain,weathered_rock,good,9.55,medium
SEG-0030,2026-05-24,11.8,27.5,44.8,33.9,642,9.5,5,5,2,mountain,weathered_rock,good,9.663,high
SEG-0030,2026-05-25,9.6,32.3,54.4,33.9,642,9.5,5,5,2,mountain,weathered_rock,good,9.776,medium
SEG-0030,2026-05-26,0.3,21.7,54.7,33.9,642,9.5,5,5,2,mountain,weathered_rock,good,9.344,medium
SEG-0030,2026-05-27,11.2,21.1,57.9,33.9,642,9.5,5,5,2,mountain,weathered_rock,good,9.522,medium
SEG-0030,2026-05-28,9.4,20.9,58.0,33.9,642,9.5,5,5,2,mountain,weathered_rock,good,9.487,medium
SEG-0030,2026-05-29,11.0,31.6,64.2,33.9,642,9.5,5,5,2,mountain,weathered_rock,good,9.809,high
SEG-0030,2026-05-30,7.0,27.4,60.3,33.9,642,9.5,5,5,2,mountain,weathered_rock,good,9.621,medium
SEG-0030,2026-05-31,43.6,61.6,92.1,33.9,642,9.5,5,5,2,mountain,weathered_rock,good,11.22,high
SEG-0030,2026-06-01,37.8,88.4,120.3,33.9,642,9.5,5,5,2,mountain,weathered_rock,good,11.896,high
SEG-0030,2026-06-02,33.2,114.6,153.2,33.9,642,9.5,5,5,2,mountain,weathered_rock,good,12.589,high
SEG-0030,2026-06-03,23.0,94.0,165.0,33.9,642,9.5,5,5,2,mountain,weathered_rock,good,11.913,high
SEG-0030,2026-06-04,2.2,58.4,157.8,33.9,642,9.5,5,5,2,mountain,weathered_rock,good,10.614,high
SEG-0030,2026-06-05,6.8,32.0,153.6,33.9,642,9.5,5,5,2,mountain,weathered_rock,good,9.994,medium
SEG-0030,2026-06-06,6.7,15.7,153.3,33.9,642,9.5,5,5,2,mountain,weathered_rock,good,9.568,medium
SEG-0030,2026-06-07,14.6,28.1,124.3,33.9,642,9.5,5,5,2,mountain,weathered_rock,good,9.945,high
SEG-0030,2026-06-08,36.5,57.8,123.0,33.9,642,9.5,5,5,2,mountain,weathered_rock,good,11.085,high
SEG-0030,2026-06-09,32.6,83.7,122.4,33.9,642,9.5,5,5,2,mountain,weathered_rock,good,11.691,high
SEG-0030,2026-06-10,37.0,106.1,136.4,33.9,642,9.5,5,5,2,mountain,weathered_rock,good,12.387,high
SEG-0030,2026-06-11,3.6,73.2,137.8,33.9,642,9.5,5,5,2,mountain,weathered_rock,good,10.967,high
SEG-0030,2026-06-12,11.5,52.1,142.5,33.9,642,9.5,5,5,2,mountain,weathered_rock,good,10.566,high
SEG-0030,2026-06-13,41.7,56.8,177.5,33.9,642,9.5,5,5,2,mountain,weathered_rock,good,11.298,high
SEG-0030,2026-06-14,28.3,81.5,191.2,33.9,642,9.5,5,5,2,mountain,weathered_rock,good,11.75,high
SEG-0030,2026-06-15,27.9,97.9,182.6,33.9,642,9.5,5,5,2,mountain,weathered_rock,good,12.146,high
SEG-0030,2026-06-16,10.5,66.7,160.5,33.9,642,9.5,5,5,2,mountain,weathered_rock,good,10.978,high
SEG-0030,2026-06-17,12.7,51.1,136.2,33.9,642,9.5,5,5,2,mountain,weathered_rock,good,10.543,high
SEG-0030,2026-06-18,6.3,29.5,138.9,33.9,642,9.5,5,5,2,mountain,weathered_rock,good,9.88,high
SEG-0030,2026-06-19,36.2,55.2,163.6,33.9,642,9.5,5,5,2,mountain,weathered_rock,good,11.124,high
SEG-0030,2026-06-20,33.2,75.7,155.1,33.9,642,9.5,5,5,2,mountain,weathered_rock,good,11.583,high
SEG-0030,2026-06-21,22.7,92.1,149.5,33.9,642,9.5,5,5,2,mountain,weathered_rock,good,11.816,high
SEG-0030,2026-06-22,27.5,83.4,149.1,33.9,642,9.5,5,5,2,mountain,weathered_rock,good,11.67,high
SEG-0030,2026-06-23,62.9,113.1,201.5,33.9,642,9.5,5,5,2,mountain,weathered_rock,good,13.188,high
SEG-0030,2026-06-24,25.7,116.1,214.5,33.9,642,9.5,5,5,2,mountain,weathered_rock,good,12.669,high
SEG-0030,2026-06-25,19.1,107.7,227.3,33.9,642,9.5,5,5,2,mountain,weathered_rock,good,12.374,high
SEG-0030,2026-06-26,7.1,51.9,198.2,33.9,642,9.5,5,5,2,mountain,weathered_rock,good,10.639,high
SEG-0030,2026-06-27,3.7,29.9,168.7,33.9,642,9.5,5,5,2,mountain,weathered_rock,good,9.928,high
SEG-0030,2026-06-28,15.5,26.3,161.5,33.9,642,9.5,5,5,2,mountain,weathered_rock,good,10.015,high
SEG-0030,2026-06-29,17.6,36.8,151.6,33.9,642,9.5,5,5,2,mountain,weathered_rock,good,10.297,medium
SEG-0030,2026-06-30,16.9,50.0,105.6,33.9,642,9.5,5,5,2,mountain,weathered_rock,good,10.502,high
SEG-0030,2026-07-01,8.9,43.4,88.8,33.9,642,9.5,5,5,2,mountain,weathered_rock,good,10.148,high
SEG-0030,2026-07-02,19.7,45.5,89.4,33.9,642,9.5,5,5,2,mountain,weathered_rock,good,10.388,high
SEG-0030,2026-07-03,12.2,40.8,94.5,33.9,642,9.5,5,5,2,mountain,weathered_rock,good,10.152,high
SEG-0030,2026-07-04,3.1,35.0,93.9,33.9,642,9.5,5,5,2,mountain,weathered_rock,good,9.845,high
SEG-0030,2026-07-05,7.1,22.4,85.5,33.9,642,9.5,5,5,2,mountain,weathered_rock,good,9.562,medium
SEG-0030,2026-07-06,7.5,17.7,75.4,33.9,642,9.5,5,5,2,mountain,weathered_rock,good,9.419,medium
SEG-0030,2026-07-07,17.3,31.9,75.8,33.9,642,9.5,5,5,2,mountain,weathered_rock,good,9.956,high
SEG-0030,2026-07-08,15.9,40.7,82.8,33.9,642,9.5,5,5,2,mountain,weathered_rock,good,10.18,high
SEG-0030,2026-07-09,11.2,44.4,74.3,33.9,642,9.5,5,5,2,mountain,weathered_rock,good,10.173,high
SEG-0030,2026-07-10,1.4,28.5,63.5,33.9,642,9.5,5,5,2,mountain,weathered_rock,good,9.563,high
SEG-0030,2026-07-11,8.0,20.6,68.4,33.9,642,9.5,5,5,2,mountain,weathered_rock,good,9.484,medium
SEG-0030,2026-07-12,5.6,15.0,66.9,33.9,642,9.5,5,5,2,mountain,weathered_rock,good,9.293,medium
SEG-0030,2026-07-13,12.6,26.2,72.0,33.9,642,9.5,5,5,2,mountain,weathered_rock,good,9.717,high
SEG-0030,2026-07-14,46.3,64.5,101.0,33.9,642,9.5,5,5,2,mountain,weathered_rock,good,11.366,high
SEG-0030,2026-07-15,36.3,95.2,121.4,33.9,642,9.5,5,5,2,mountain,weathered_rock,good,12.05,high
SEG-0030,2026-07-16,28.1,110.7,138.3,33.9,642,9.5,5,5,2,mountain,weathered_rock,good,12.36,high
SEG-0030,2026-07-17,25.8,90.2,162.7,33.9,642,9.5,5,5,2,mountain,weathered_rock,good,11.855,high
SEG-0030,2026-07-18,1.9,55.8,156.6,33.9,642,9.5,5,5,2,mountain,weathered_rock,good,10.538,high
SEG-0030,2026-07-19,15.1,42.8,166.1,33.9,642,9.5,5,5,2,mountain,weathered_rock,good,10.45,high
SEG-0030,2026-07-20,8.1,25.1,161.6,33.9,642,9.5,5,5,2,mountain,weathered_rock,good,9.859,high
SEG-0030,2026-07-21,9.7,32.9,125.0,33.9,642,9.5,5,5,2,mountain,weathered_rock,good,9.988,high
SEG-0030,2026-07-22,13.5,31.3,102.2,33.9,642,9.5,5,5,2,mountain,weathered_rock,good,9.948,high
SEG-0030,2026-07-23,9.5,32.7,83.6,33.9,642,9.5,5,5,2,mountain,weathered_rock,good,9.865,medium
SEG-0030,2026-07-24,13.7,36.7,71.5,33.9,642,9.5,5,5,2,mountain,weathered_rock,good,10.008,high
SEG-0030,2026-07-25,15.4,38.6,85.0,33.9,642,9.5,5,5,2,mountain,weathered_rock,good,10.123,high
SEG-0030,2026-07-26,12.8,41.9,82.7,33.9,642,9.5,5,5,2,mountain,weathered_rock,good,10.158,medium
SEG-0030,2026-07-27,65.3,93.5,139.9,33.9,642,9.5,5,5,2,mountain,weathered_rock,good,12.55,high
SEG-0030,2026-07-28,30.3,108.4,160.5,33.9,642,9.5,5,5,2,mountain,weathered_rock,good,12.399,high
SEG-0030,2026-07-29,11.3,106.9,158.3,33.9,642,9.5,5,5,2,mountain,weathered_rock,good,12.031,high
SEG-0030,2026-07-30,11.5,53.1,160.3,33.9,642,9.5,5,5,2,mountain,weathered_rock,good,10.641,high
SEG-0030,2026-07-31,7.7,30.5,154.3,33.9,642,9.5,5,5,2,mountain,weathered_rock,good,9.972,medium
SEG-0030,2026-08-01,32.2,51.4,171.1,33.9,642,9.5,5,5,2,mountain,weathered_rock,good,10.978,high
SEG-0030,2026-08-02,22.0,61.9,180.3,33.9,642,9.5,5,5,2,mountain,weathered_rock,good,11.103,high
SEG-0030,2026-08-03,16.7,70.9,131.7,33.9,642,9.5,5,5,2,mountain,weathered_rock,good,11.113,high
SEG-0030,2026-08-04,4.9,43.6,106.3,33.9,642,9.5,5,5,2,mountain,weathered_rock,good,10.133,medium
SEG-0030,2026-08-05,1.7,23.3,96.7,33.9,642,9.5,5,5,2,mountain,weathered_rock,good,9.525,medium
SEG-0030,2026-08-06,1.2,7.8,86.4,33.9,642,9.5,5,5,2,mountain,weathered_rock,good,9.085,medium
SEG-0030,2026-08-07,11.7,14.6,90.4,33.9,642,9.5,5,5,2,mountain,weathered_rock,good,9.451,medium
SEG-0030,2026-08-08,14.9,27.8,73.1,33.9,642,9.5,5,5,2,mountain,weathered_rock,good,9.801,medium
SEG-0030,2026-08-09,10.9,37.5,62.0,33.9,642,9.5,5,5,2,mountain,weathered_rock,good,9.955,high
SEG-0030,2026-08-10,9.3,35.1,54.6,33.9,642,9.5,5,5,2,mountain,weathered_rock,good,9.845,high
SEG-0030,2026-08-11,8.9,29.1,58.6,33.9,642,9.5,5,5,2,mountain,weathered_rock,good,9.693,medium
SEG-0030,2026-08-12,52.1,70.3,109.0,33.9,642,9.5,5,5,2,mountain,weathered_rock,good,11.637,high
SEG-0030,2026-08-13,24.0,85.0,131.8,33.9,642,9.5,5,5,2,mountain,weathered_rock,good,11.604,high
SEG-0030,2026-08-14,25.3,101.4,145.4,33.9,642,9.5,5,5,2,mountain,weathered_rock,good,12.09,high
SEG-0030,2026-08-15,31.5,80.8,162.0,33.9,642,9.5,5,5,2,mountain,weathered_rock,good,11.706,high
SEG-0030,2026-08-16,6.8,63.6,157.9,33.9,642,9.5,5,5,2,mountain,weathered_rock,good,10.827,high
SEG-0030,2026-08-17,4.6,42.9,153.2,33.9,642,9.5,5,5,2,mountain,weathered_rock,good,10.239,medium
SEG-0030,2026-08-18,5.2,16.6,149.5,33.9,642,9.5,5,5,2,mountain,weathered_rock,good,9.555,medium
SEG-0030,2026-08-19,33.3,43.1,130.7,33.9,642,9.5,5,5,2,mountain,weathered_rock,good,10.67,high
SEG-0030,2026-08-20,25.9,64.4,132.6,33.9,642,9.5,5,5,2,mountain,weathered_rock,good,11.103,high
SEG-0030,2026-08-21,21.5,80.7,128.8,33.9,642,9.5,5,5,2,mountain,weathered_rock,good,11.442,high
SEG-0030,2026-08-22,13.3,60.7,110.6,33.9,642,9.5,5,5,2,mountain,weathered_rock,good,10.732,high
SEG-0030,2026-08-23,12.9,47.7,116.7,33.9,642,9.5,5,5,2,mountain,weathered_rock,good,10.404,high
SEG-0030,2026-08-24,9.4,35.6,121.5,33.9,642,9.5,5,5,2,mountain,weathered_rock,good,10.043,medium
SEG-0030,2026-08-25,5.0,27.3,121.3,33.9,642,9.5,5,5,2,mountain,weathered_rock,good,9.752,medium
SEG-0030,2026-08-26,13.6,28.0,101.6,33.9,642,9.5,5,5,2,mountain,weathered_rock,good,9.862,high
SEG-0030,2026-08-27,2.1,20.7,77.8,33.9,642,9.5,5,5,2,mountain,weathered_rock,good,9.412,high
SEG-0030,2026-08-28,10.1,25.8,66.4,33.9,642,9.5,5,5,2,mountain,weathered_rock,good,9.649,medium
SEG-0030,2026-08-29,10.6,22.8,63.7,33.9,642,9.5,5,5,2,mountain,weathered_rock,good,9.572,medium
SEG-0030,2026-08-30,34.5,55.2,85.3,33.9,642,9.5,5,5,2,mountain,weathered_rock,good,10.88,high
SEG-0030,2026-08-31,25.4,70.5,101.3,33.9,642,9.5,5,5,2,mountain,weathered_rock,good,11.167,high
SEG-0030,2026-09-01,22.3,82.2,118.6,33.9,642,9.5,5,5,2,mountain,weathered_rock,good,11.466,high
SEG-0030,2026-09-02,11.1,58.8,116.1,33.9,642,9.5,5,5,2,mountain,weathered_rock,good,10.661,high
SEG-0030,2026-09-03,3.9,37.3,117.9,33.9,642,9.5,5,5,2,mountain,weathered_rock,good,9.984,medium
SEG-0030,2026-09-04,3.6,18.6,111.4,33.9,642,9.5,5,5,2,mountain,weathered_rock,good,9.475,high
SEG-0030,2026-09-05,2.1,9.6,102.9,33.9,642,9.5,5,5,2,mountain,weathered_rock,good,9.192,medium
SEG-0030,2026-09-06,26.0,31.7,94.4,33.9,642,9.5,5,5,2,mountain,weathered_rock,good,10.15,high
SEG-0030,2026-09-07,13.3,41.4,82.3,33.9,642,9.5,5,5,2,mountain,weathered_rock,good,10.153,high
SEG-0030,2026-09-08,18.7,58.0,78.7,33.9,642,9.5,5,5,2,mountain,weathered_rock,good,10.666,high
SEG-0030,2026-09-09,1.5,33.5,69.1,33.9,642,9.5,5,5,2,mountain,weathered_rock,good,9.71,medium
SEG-0030,2026-09-10,0.6,20.8,65.8,33.9,642,9.5,5,5,2,mountain,weathered_rock,good,9.356,high
SEG-0030,2026-09-11,2.5,4.6,64.7,33.9,642,9.5,5,5,2,mountain,weathered_rock,good,8.964,medium
SEG-0030,2026-09-12,33.4,36.5,96.0,33.9,642,9.5,5,5,2,mountain,weathered_rock,good,10.405,high
SEG-0030,2026-09-13,11.5,47.4,81.5,33.9,642,9.5,5,5,2,mountain,weathered_rock,good,10.276,medium
SEG-0030,2026-09-14,19.9,64.8,88.1,33.9,642,9.5,5,5,2,mountain,weathered_rock,good,10.889,high
SEG-0030,2026-09-15,0.6,32.0,70.0,33.9,642,9.5,5,5,2,mountain,weathered_rock,good,9.659,high
SEG-0030,2026-09-16,7.0,27.5,75.5,33.9,642,9.5,5,5,2,mountain,weathered_rock,good,9.666,medium
SEG-0031,2026-05-20,8.0,8.0,8.0,26.1,850,14.23,1,7,2,mountain,weathered_rock,fair,6.414,low
SEG-0031,2026-05-21,0.5,8.5,8.5,26.1,850,14.23,1,7,2,mountain,weathered_rock,fair,6.3,low
SEG-0031,2026-05-22,9.4,17.9,17.9,26.1,850,14.23,1,7,2,mountain,weathered_rock,fair,6.722,medium
SEG-0031,2026-05-23,5.2,15.1,23.1,26.1,850,14.23,1,7,2,mountain,weathered_rock,fair,6.592,medium
SEG-0031,2026-05-24,10.8,25.4,33.9,26.1,850,14.23,1,7,2,mountain,weathered_rock,fair,6.985,medium
SEG-0031,2026-05-25,6.8,22.8,40.7,26.1,850,14.23,1,7,2,mountain,weathered_rock,fair,6.868,low
SEG-0031,2026-05-26,8.2,25.8,48.9,26.1,850,14.23,1,7,2,mountain,weathered_rock,fair,6.992,medium
SEG-0031,2026-05-27,7.3,22.3,48.2,26.1,850,14.23,1,7,2,mountain,weathered_rock,fair,6.884,medium
SEG-0031,2026-05-28,10.1,25.6,57.8,26.1,850,14.23,1,7,2,mountain,weathered_rock,fair,7.044,medium
SEG-0031,2026-05-29,10.8,28.2,59.2,26.1,850,14.23,1,7,2,mountain,weathered_rock,fair,7.127,medium
SEG-0031,2026-05-30,7.9,28.8,61.9,26.1,850,14.23,1,7,2,mountain,weathered_rock,fair,7.101,medium
SEG-0031,2026-05-31,6.5,25.2,57.6,26.1,850,14.23,1,7,2,mountain,weathered_rock,fair,6.972,medium
SEG-0031,2026-06-01,9.4,23.8,60.2,26.1,850,14.23,1,7,2,mountain,weathered_rock,fair,6.992,medium
SEG-0031,2026-06-02,1.5,17.4,53.5,26.1,850,14.23,1,7,2,mountain,weathered_rock,fair,6.673,medium
SEG-0031,2026-06-03,5.3,16.2,51.5,26.1,850,14.23,1,7,2,mountain,weathered_rock,fair,6.7,medium
SEG-0031,2026-06-04,7.3,14.1,48.7,26.1,850,14.23,1,7,2,mountain,weathered_rock,fair,6.672,medium
SEG-0031,2026-06-05,16.2,28.8,54.1,26.1,850,14.23,1,7,2,mountain,weathered_rock,fair,7.22,medium
SEG-0031,2026-06-06,6.9,30.4,53.1,26.1,850,14.23,1,7,2,mountain,weathered_rock,fair,7.101,medium
SEG-0031,2026-06-07,7.7,30.8,54.3,26.1,850,14.23,1,7,2,mountain,weathered_rock,fair,7.129,medium
SEG-0031,2026-06-08,10.3,24.9,55.2,26.1,850,14.23,1,7,2,mountain,weathered_rock,fair,7.022,medium
SEG-0031,2026-06-09,9.4,27.4,63.1,26.1,850,14.23,1,7,2,mountain,weathered_rock,fair,7.093,medium
SEG-0031,2026-06-10,10.3,30.0,68.1,26.1,850,14.23,1,7,2,mountain,weathered_rock,fair,7.19,medium
SEG-0031,2026-06-11,17.1,36.8,77.9,26.1,850,14.23,1,7,2,mountain,weathered_rock,fair,7.509,medium
SEG-0031,2026-06-12,2.2,29.6,63.9,26.1,850,14.23,1,7,2,mountain,weathered_rock,fair,7.03,medium
SEG-0031,2026-06-13,9.1,28.4,66.1,26.1,850,14.23,1,7,2,mountain,weathered_rock,fair,7.122,medium
SEG-0031,2026-06-14,10.1,21.4,68.5,26.1,850,14.23,1,7,2,mountain,weathered_rock,fair,6.964,medium
SEG-0031,2026-06-15,14.6,33.8,72.8,26.1,850,14.23,1,7,2,mountain,weathered_rock,fair,7.375,medium
SEG-0031,2026-06-16,65.8,90.5,129.2,26.1,850,14.23,1,7,2,mountain,weathered_rock,fair,9.874,high
SEG-0031,2026-06-17,23.5,103.9,142.4,26.1,850,14.23,1,7,2,mountain,weathered_rock,fair,9.54,medium
SEG-0031,2026-06-18,24.8,114.1,150.1,26.1,850,14.23,1,7,2,mountain,weathered_rock,fair,9.848,high
SEG-0031,2026-06-19,21.3,69.6,169.2,26.1,850,14.23,1,7,2,mountain,weathered_rock,fair,8.684,medium
SEG-0031,2026-06-20,10.0,56.1,170.1,26.1,850,14.23,1,7,2,mountain,weathered_rock,fair,8.144,medium
SEG-0031,2026-06-21,9.8,41.1,169.8,26.1,850,14.23,1,7,2,mountain,weathered_rock,fair,7.75,medium
SEG-0031,2026-06-22,4.7,24.5,159.9,26.1,850,14.23,1,7,2,mountain,weathered_rock,fair,7.204,medium
SEG-0031,2026-06-23,7.8,22.3,101.9,26.1,850,14.23,1,7,2,mountain,weathered_rock,fair,7.04,medium
SEG-0031,2026-06-24,10.8,23.3,89.2,26.1,850,14.23,1,7,2,mountain,weathered_rock,fair,7.082,medium
SEG-0031,2026-06-25,15.0,33.6,79.4,26.1,850,14.23,1,7,2,mountain,weathered_rock,fair,7.394,medium
SEG-0031,2026-06-26,13.2,39.0,71.3,26.1,850,14.23,1,7,2,mountain,weathered_rock,fair,7.482,medium
SEG-0031,2026-06-27,10.2,38.4,71.5,26.1,850,14.23,1,7,2,mountain,weathered_rock,fair,7.416,medium
SEG-0031,2026-06-28,16.6,40.0,78.3,26.1,850,14.23,1,7,2,mountain,weathered_rock,fair,7.585,medium
SEG-0031,2026-06-29,5.8,32.6,79.4,26.1,850,14.23,1,7,2,mountain,weathered_rock,fair,7.212,medium
SEG-0031,2026-06-30,7.4,29.8,79.0,26.1,850,14.23,1,7,2,mountain,weathered_rock,fair,7.165,medium
SEG-0031,2026-07-01,15.5,28.7,83.7,26.1,850,14.23,1,7,2,mountain,weathered_rock,fair,7.287,medium
SEG-0031,2026-07-02,11.0,33.9,79.7,26.1,850,14.23,1,7,2,mountain,weathered_rock,fair,7.335,medium
SEG-0031,2026-07-03,1.9,28.4,68.4,26.1,850,14.23,1,7,2,mountain,weathered_rock,fair,7.006,medium
SEG-0031,2026-07-04,16.8,29.7,75.0,26.1,850,14.23,1,7,2,mountain,weathered_rock,fair,7.312,medium
SEG-0031,2026-07-05,12.4,31.1,70.8,26.1,850,14.23,1,7,2,mountain,weathered_rock,fair,7.262,medium
SEG-0031,2026-07-06,12.4,41.6,77.4,26.1,850,14.23,1,7,2,mountain,weathered_rock,fair,7.553,medium
SEG-0031,2026-07-07,1.8,26.6,71.8,26.1,850,14.23,1,7,2,mountain,weathered_rock,fair,6.967,low
SEG-0031,2026-07-08,12.3,26.5,68.6,26.1,850,14.23,1,7,2,mountain,weathered_rock,fair,7.134,medium
SEG-0031,2026-07-09,7.2,21.3,64.8,26.1,850,14.23,1,7,2,mountain,weathered_rock,fair,6.902,low
SEG-0031,2026-07-10,49.9,69.4,112.8,26.1,850,14.23,1,7,2,mountain,weathered_rock,fair,9.01,medium
SEG-0031,2026-07-11,32.6,89.7,128.6,26.1,850,14.23,1,7,2,mountain,weathered_rock,fair,9.288,medium
SEG-0031,2026-07-12,2.0,84.5,118.2,26.1,850,14.23,1,7,2,mountain,weathered_rock,fair,8.604,medium
SEG-0031,2026-07-13,57.4,92.0,163.2,26.1,850,14.23,1,7,2,mountain,weathered_rock,fair,9.864,medium
SEG-0031,2026-07-14,33.1,92.5,194.5,26.1,850,14.23,1,7,2,mountain,weathered_rock,fair,9.55,medium
SEG-0031,2026-07-15,15.8,106.3,198.0,26.1,850,14.23,1,7,2,mountain,weathered_rock,fair,9.624,high
SEG-0031,2026-07-16,42.8,91.7,233.6,26.1,850,14.23,1,7,2,mountain,weathered_rock,fair,9.802,high
SEG-0031,2026-07-17,28.3,86.9,212.0,26.1,850,14.23,1,7,2,mountain,weathered_rock,fair,9.371,medium
SEG-0031,2026-07-18,37.7,108.8,217.1,26.1,850,14.23,1,7,2,mountain,weathered_rock,fair,10.114,high
SEG-0031,2026-07-19,0.6,66.6,215.7,26.1,850,14.23,1,7,2,mountain,weathered_rock,fair,8.382,medium
SEG-0031,2026-07-20,15.7,54.0,174.0,26.1,850,14.23,1,7,2,mountain,weathered_rock,fair,8.197,medium
SEG-0031,2026-07-21,59.1,75.4,200.0,26.1,850,14.23,1,7,2,mountain,weathered_rock,fair,9.563,medium
SEG-0031,2026-07-22,41.1,115.9,225.3,26.1,850,14.23,1,7,2,mountain,weathered_rock,fair,10.379,high
SEG-0031,2026-07-23,24.1,124.3,206.6,26.1,850,14.23,1,7,2,mountain,weathered_rock,fair,10.257,high
SEG-0031,2026-07-24,6.2,71.4,184.5,26.1,850,14.23,1,7,2,mountain,weathered_rock,fair,8.517,medium
SEG-0031,2026-07-25,62.4,92.7,209.2,26.1,850,14.23,1,7,2,mountain,weathered_rock,fair,10.094,medium
SEG-0031,2026-07-26,41.6,110.2,250.2,26.1,850,14.23,1,7,2,mountain,weathered_rock,fair,10.308,high
SEG-0031,2026-07-27,37.2,141.2,271.7,26.1,850,14.23,1,7,2,mountain,weathered_rock,fair,11.098,high
SEG-0031,2026-07-28,14.3,93.1,226.9,26.1,850,14.23,1,7,2,mountain,weathered_rock,fair,9.335,medium
SEG-0031,2026-07-29,18.9,70.4,204.7,26.1,850,14.23,1,7,2,mountain,weathered_rock,fair,8.762,medium
SEG-0031,2026-07-30,19.9,53.1,200.5,26.1,850,14.23,1,7,2,mountain,weathered_rock,fair,8.318,medium
SEG-0031,2026-07-31,36.2,75.0,230.5,26.1,850,14.23,1,7,2,mountain,weathered_rock,fair,9.247,medium
SEG-0031,2026-08-01,30.6,86.7,198.7,26.1,850,14.23,1,7,2,mountain,weathered_rock,fair,9.368,medium
SEG-0031,2026-08-02,30.3,97.1,187.4,26.1,850,14.23,1,7,2,mountain,weathered_rock,fair,9.603,medium
SEG-0031,2026-08-03,18.3,79.2,168.5,26.1,850,14.23,1,7,2,mountain,weathered_rock,fair,8.881,medium
SEG-0031,2026-08-04,10.7,59.3,164.9,26.1,850,14.23,1,7,2,mountain,weathered_rock,fair,8.225,medium
SEG-0031,2026-08-05,4.1,33.1,150.1,26.1,850,14.23,1,7,2,mountain,weathered_rock,fair,7.391,medium
SEG-0031,2026-08-06,7.2,22.0,137.4,26.1,850,14.23,1,7,2,mountain,weathered_rock,fair,7.12,medium
SEG-0031,2026-08-07,3.0,14.3,104.2,26.1,850,14.23,1,7,2,mountain,weathered_rock,fair,6.757,medium
SEG-0031,2026-08-08,11.2,21.4,84.8,26.1,850,14.23,1,7,2,mountain,weathered_rock,fair,7.028,medium
SEG-0031,2026-08-09,13.8,28.0,68.3,26.1,850,14.23,1,7,2,mountain,weathered_rock,fair,7.198,medium
SEG-0031,2026-08-10,2.6,27.6,52.6,26.1,850,14.23,1,7,2,mountain,weathered_rock,fair,6.954,medium
SEG-0031,2026-08-11,12.6,29.0,54.5,26.1,850,14.23,1,7,2,mountain,weathered_rock,fair,7.166,medium
SEG-0031,2026-08-12,1.0,16.2,51.4,26.1,850,14.23,1,7,2,mountain,weathered_rock,fair,6.627,low
SEG-0031,2026-08-13,3.0,16.6,47.2,26.1,850,14.23,1,7,2,mountain,weathered_rock,fair,6.66,medium
SEG-0031,2026-08-14,12.7,16.7,56.9,26.1,850,14.23,1,7,2,mountain,weathered_rock,fair,6.854,medium
SEG-0031,2026-08-15,0.5,16.2,46.2,26.1,850,14.23,1,7,2,mountain,weathered_rock,fair,6.604,low
SEG-0031,2026-08-16,38.8,52.0,71.2,26.1,850,14.23,1,7,2,mountain,weathered_rock,fair,8.255,medium
SEG-0031,2026-08-17,32.4,71.7,101.0,26.1,850,14.23,1,7,2,mountain,weathered_rock,fair,8.74,medium
SEG-0031,2026-08-18,19.9,91.1,108.3,26.1,850,14.23,1,7,2,mountain,weathered_rock,fair,9.052,medium
SEG-0031,2026-08-19,7.3,59.6,114.6,26.1,850,14.23,1,7,2,mountain,weathered_rock,fair,8.036,medium
SEG-0031,2026-08-20,10.0,37.2,121.6,26.1,850,14.23,1,7,2,mountain,weathered_rock,fair,7.519,medium
SEG-0031,2026-08-21,8.2,25.5,117.1,26.1,850,14.23,1,7,2,mountain,weathered_rock,fair,7.172,medium
SEG-0031,2026-08-22,9.6,27.8,126.2,26.1,850,14.23,1,7,2,mountain,weathered_rock,fair,7.281,medium
SEG-0031,2026-08-23,11.7,29.5,99.1,26.1,850,14.23,1,7,2,mountain,weathered_rock,fair,7.286,medium
SEG-0031,2026-08-24,12.9,34.2,79.6,26.1,850,14.23,1,7,2,mountain,weathered_rock,fair,7.375,medium
SEG-0031,2026-08-25,12.4,37.0,72.1,26.1,850,14.23,1,7,2,mountain,weathered_rock,fair,7.419,medium
SEG-0031,2026-08-26,2.7,28.0,67.5,26.1,850,14.23,1,7,2,mountain,weathered_rock,fair,7.007,medium
SEG-0031,2026-08-27,8.0,23.1,65.5,26.1,850,14.23,1,7,2,mountain,weathered_rock,fair,6.964,medium
SEG-0031,2026-08-28,8.4,19.1,65.7,26.1,850,14.23,1,7,2,mountain,weathered_rock,fair,6.868,medium
SEG-0031,2026-08-29,2.6,19.0,58.7,26.1,850,14.23,1,7,2,mountain,weathered_rock,fair,6.747,medium
SEG-0031,2026-08-30,2.2,13.2,49.2,26.1,850,14.23,1,7,2,mountain,weathered_rock,fair,6.563,low
SEG-0031,2026-08-31,47.2,52.0,83.5,26.1,850,14.23,1,7,2,mountain,weathered_rock,fair,8.432,medium
SEG-0031,2026-09-01,16.8,66.2,87.9,26.1,850,14.23,1,7,2,mountain,weathered_rock,fair,8.296,medium
SEG-0031,2026-09-02,4.1,68.1,89.3,26.1,850,14.23,1,7,2,mountain,weathered_rock,fair,8.133,medium
SEG-0031,2026-09-03,3.1,24.0,84.4,26.1,850,14.23,1,7,2,mountain,weathered_rock,fair,6.956,medium
SEG-0031,2026-09-04,6.8,14.0,82.8,26.1,850,14.23,1,7,2,mountain,weathered_rock,fair,6.755,low
SEG-0031,2026-09-05,8.0,17.9,88.2,26.1,850,14.23,1,7,2,mountain,weathered_rock,fair,6.891,medium
SEG-0031,2026-09-06,6.3,21.1,92.3,26.1,850,14.23,1,7,2,mountain,weathered_rock,fair,6.957,medium
SEG-0031,2026-09-07,0.2,14.5,45.3,26.1,850,14.23,1,7,2,mountain,weathered_rock,fair,6.552,medium
SEG-0031,2026-09-08,10.1,16.6,38.6,26.1,850,14.23,1,7,2,mountain,weathered_rock,fair,6.757,low
SEG-0031,2026-09-09,17.7,28.0,52.2,26.1,850,14.23,1,7,2,mountain,weathered_rock,fair,7.22,medium
SEG-0031,2026-09-10,11.6,39.4,60.7,26.1,850,14.23,1,7,2,mountain,weathered_rock,fair,7.436,medium
SEG-0031,2026-09-11,19.2,48.5,73.1,26.1,850,14.23,1,7,2,mountain,weathered_rock,fair,7.836,medium
SEG-0031,2026-09-12,10.7,41.5,75.8,26.1,850,14.23,1,7,2,mountain,weathered_rock,fair,7.517,medium
SEG-0031,2026-09-13,2.9,32.8,72.4,26.1,850,14.23,1,7,2,mountain,weathered_rock,fair,7.149,medium
SEG-0031,2026-09-14,2.1,15.7,74.3,26.1,850,14.23,1,7,2,mountain,weathered_rock,fair,6.696,medium
SEG-0031,2026-09-15,6.0,11.0,70.2,26.1,850,14.23,1,7,2,mountain,weathered_rock,fair,6.629,medium
SEG-0031,2026-09-16,4.6,12.7,57.1,26.1,850,14.23,1,7,2,mountain,weathered_rock,fair,6.613,medium
SEG-0032,2026-05-20,7.3,7.3,7.3,37.8,1224,7.91,5,6,2,mountain,weathered_rock,fair,10.405,high
SEG-0032,2026-05-21,6.1,13.4,13.4,37.8,1224,7.91,5,6,2,mountain,weathered_rock,fair,10.56,high
SEG-0032,2026-05-22,11.0,24.4,24.4,37.8,1224,7.91,5,6,2,mountain,weathered_rock,fair,10.959,high
SEG-0032,2026-05-23,11.6,28.7,36.0,37.8,1224,7.91,5,6,2,mountain,weathered_rock,fair,11.113,high
SEG-0032,2026-05-24,20.3,42.9,56.3,37.8,1224,7.91,5,6,2,mountain,weathered_rock,fair,11.686,high
SEG-0032,2026-05-25,17.1,49.0,73.4,37.8,1224,7.91,5,6,2,mountain,weathered_rock,fair,11.837,high
SEG-0032,2026-05-26,21.6,59.0,95.0,37.8,1224,7.91,5,6,2,mountain,weathered_rock,fair,12.233,high
SEG-0032,2026-05-27,18.6,57.3,106.3,37.8,1224,7.91,5,6,2,mountain,weathered_rock,fair,12.169,high
SEG-0032,2026-05-28,23.5,63.7,123.7,37.8,1224,7.91,5,6,2,mountain,weathered_rock,fair,12.467,high
SEG-0032,2026-05-29,12.3,54.4,125.0,37.8,1224,7.91,5,6,2,mountain,weathered_rock,fair,12.038,high
SEG-0032,2026-05-30,20.3,56.1,133.7,37.8,1224,7.91,5,6,2,mountain,weathered_rock,fair,12.242,high
SEG-0032,2026-05-31,15.7,48.3,129.1,37.8,1224,7.91,5,6,2,mountain,weathered_rock,fair,11.949,high
SEG-0032,2026-06-01,17.1,53.1,129.1,37.8,1224,7.91,5,6,2,mountain,weathered_rock,fair,12.097,high
SEG-0032,2026-06-02,5.4,38.2,112.9,37.8,1224,7.91,5,6,2,mountain,weathered_rock,fair,11.466,high
SEG-0032,2026-06-03,4.9,27.4,99.2,37.8,1224,7.91,5,6,2,mountain,weathered_rock,fair,11.139,high
SEG-0032,2026-06-04,16.9,27.2,92.6,37.8,1224,7.91,5,6,2,mountain,weathered_rock,fair,11.32,high
SEG-0032,2026-06-05,6.0,27.8,86.3,37.8,1224,7.91,5,6,2,mountain,weathered_rock,fair,11.133,high
SEG-0032,2026-06-06,6.3,29.2,72.3,37.8,1224,7.91,5,6,2,mountain,weathered_rock,fair,11.136,high
SEG-0032,2026-06-07,4.1,16.4,60.7,37.8,1224,7.91,5,6,2,mountain,weathered_rock,fair,10.734,high
SEG-0032,2026-06-08,9.3,19.7,52.9,37.8,1224,7.91,5,6,2,mountain,weathered_rock,fair,10.887,high
SEG-0032,2026-06-09,4.8,18.2,52.3,37.8,1224,7.91,5,6,2,mountain,weathered_rock,fair,10.769,high
SEG-0032,2026-06-10,14.2,28.3,61.6,37.8,1224,7.91,5,6,2,mountain,weathered_rock,fair,11.217,high
SEG-0032,2026-06-11,16.1,35.1,60.8,37.8,1224,7.91,5,6,2,mountain,weathered_rock,fair,11.424,high
SEG-0032,2026-06-12,11.0,41.3,65.8,37.8,1224,7.91,5,6,2,mountain,weathered_rock,fair,11.513,high
SEG-0032,2026-06-13,14.6,41.7,74.1,37.8,1224,7.91,5,6,2,mountain,weathered_rock,fair,11.607,high
SEG-0032,2026-06-14,2.0,27.6,72.0,37.8,1224,7.91,5,6,2,mountain,weathered_rock,fair,11.02,high
SEG-0032,2026-06-15,3.9,20.5,66.6,37.8,1224,7.91,5,6,2,mountain,weathered_rock,fair,10.853,high
SEG-0032,2026-06-16,8.2,14.1,70.0,37.8,1224,7.91,5,6,2,mountain,weathered_rock,fair,10.769,high
SEG-0032,2026-06-17,15.9,28.0,71.7,37.8,1224,7.91,5,6,2,mountain,weathered_rock,fair,11.266,high
SEG-0032,2026-06-18,3.3,27.4,58.9,37.8,1224,7.91,5,6,2,mountain,weathered_rock,fair,11.001,high
SEG-0032,2026-06-19,10.3,29.5,58.2,37.8,1224,7.91,5,6,2,mountain,weathered_rock,fair,11.173,high
SEG-0032,2026-06-20,4.3,17.9,47.9,37.8,1224,7.91,5,6,2,mountain,weathered_rock,fair,10.741,high
SEG-0032,2026-06-21,17.2,31.8,63.1,37.8,1224,7.91,5,6,2,mountain,weathered_rock,fair,11.364,high
SEG-0032,2026-06-22,15.9,37.4,75.1,37.8,1224,7.91,5,6,2,mountain,weathered_rock,fair,11.52,high
SEG-0032,2026-06-23,15.8,48.9,82.7,37.8,1224,7.91,5,6,2,mountain,weathered_rock,fair,11.838,high
SEG-0032,2026-06-24,5.1,36.8,71.9,37.8,1224,7.91,5,6,2,mountain,weathered_rock,fair,11.312,high
SEG-0032,2026-06-25,14.4,35.3,83.0,37.8,1224,7.91,5,6,2,mountain,weathered_rock,fair,11.462,high
SEG-0032,2026-06-26,2.2,21.7,74.9,37.8,1224,7.91,5,6,2,mountain,weathered_rock,fair,10.878,high
SEG-0032,2026-06-27,0.1,16.7,70.7,37.8,1224,7.91,5,6,2,mountain,weathered_rock,fair,10.701,high
SEG-0032,2026-06-28,16.1,18.4,69.6,37.8,1224,7.91,5,6,2,mountain,weathered_rock,fair,11.014,high
SEG-0032,2026-06-29,2.1,18.3,55.8,37.8,1224,7.91,5,6,2,mountain,weathered_rock,fair,10.736,high
SEG-0032,2026-06-30,9.6,27.8,49.6,37.8,1224,7.91,5,6,2,mountain,weathered_rock,fair,11.093,high
SEG-0032,2026-07-01,5.7,17.4,50.2,37.8,1224,7.91,5,6,2,mountain,weathered_rock,fair,10.758,high
SEG-0032,2026-07-02,2.9,18.2,38.7,37.8,1224,7.91,5,6,2,mountain,weathered_rock,fair,10.7,high
SEG-0032,2026-07-03,15.8,24.4,52.3,37.8,1224,7.91,5,6,2,mountain,weathered_rock,fair,11.118,high
SEG-0032,2026-07-04,17.0,35.7,69.2,37.8,1224,7.91,5,6,2,mountain,weathered_rock,fair,11.478,high
SEG-0032,2026-07-05,1.4,34.2,54.5,37.8,1224,7.91,5,6,2,mountain,weathered_rock,fair,11.134,high
SEG-0032,2026-07-06,2.7,21.1,55.1,37.8,1224,7.91,5,6,2,mountain,weathered_rock,fair,10.817,high
SEG-0032,2026-07-07,12.6,16.7,58.1,37.8,1224,7.91,5,6,2,mountain,weathered_rock,fair,10.879,high
SEG-0032,2026-07-08,8.3,23.6,60.7,37.8,1224,7.91,5,6,2,mountain,weathered_rock,fair,10.992,high
SEG-0032,2026-07-09,15.4,36.3,73.2,37.8,1224,7.91,5,6,2,mountain,weathered_rock,fair,11.478,high
SEG-0032,2026-07-10,7.0,30.7,64.4,37.8,1224,7.91,5,6,2,mountain,weathered_rock,fair,11.165,high
SEG-0032,2026-07-11,2.7,25.1,50.1,37.8,1224,7.91,5,6,2,mountain,weathered_rock,fair,10.907,high
SEG-0032,2026-07-12,16.4,26.1,65.1,37.8,1224,7.91,5,6,2,mountain,weathered_rock,fair,11.207,high
SEG-0032,2026-07-13,2.1,21.2,64.5,37.8,1224,7.91,5,6,2,mountain,weathered_rock,fair,10.835,high
SEG-0032,2026-07-14,3.5,22.0,55.4,37.8,1224,7.91,5,6,2,mountain,weathered_rock,fair,10.855,high
SEG-0032,2026-07-15,11.3,16.9,58.4,37.8,1224,7.91,5,6,2,mountain,weathered_rock,fair,10.863,high
SEG-0032,2026-07-16,3.1,17.9,46.1,37.8,1224,7.91,5,6,2,mountain,weathered_rock,fair,10.716,medium
SEG-0032,2026-07-17,2.0,16.4,41.1,37.8,1224,7.91,5,6,2,mountain,weathered_rock,fair,10.644,high
SEG-0032,2026-07-18,11.1,16.2,49.5,37.8,1224,7.91,5,6,2,mountain,weathered_rock,fair,10.817,high
SEG-0032,2026-07-19,15.8,28.9,48.9,37.8,1224,7.91,5,6,2,mountain,weathered_rock,fair,11.225,high
SEG-0032,2026-07-20,2.4,29.3,49.2,37.8,1224,7.91,5,6,2,mountain,weathered_rock,fair,11.009,high
SEG-0032,2026-07-21,7.9,26.1,53.6,37.8,1224,7.91,5,6,2,mountain,weathered_rock,fair,11.031,high
SEG-0032,2026-07-22,19.1,29.4,61.4,37.8,1224,7.91,5,6,2,mountain,weathered_rock,fair,11.329,high
SEG-0032,2026-07-23,17.0,44.0,75.3,37.8,1224,7.91,5,6,2,mountain,weathered_rock,fair,11.711,high
SEG-0032,2026-07-24,6.6,42.7,79.9,37.8,1224,7.91,5,6,2,mountain,weathered_rock,fair,11.513,high
SEG-0032,2026-07-25,4.3,27.9,73.1,37.8,1224,7.91,5,6,2,mountain,weathered_rock,fair,11.07,high
SEG-0032,2026-07-26,10.4,21.3,67.7,37.8,1224,7.91,5,6,2,mountain,weathered_rock,fair,10.988,high
SEG-0032,2026-07-27,7.3,22.0,72.6,37.8,1224,7.91,5,6,2,mountain,weathered_rock,fair,10.967,high
SEG-0032,2026-07-28,43.0,60.7,107.7,37.8,1224,7.91,5,6,2,mountain,weathered_rock,fair,12.676,high
SEG-0032,2026-07-29,31.8,82.1,120.4,37.8,1224,7.91,5,6,2,mountain,weathered_rock,fair,13.077,high
SEG-0032,2026-07-30,14.1,88.9,117.5,37.8,1224,7.91,5,6,2,mountain,weathered_rock,fair,12.945,high
SEG-0032,2026-07-31,1.2,47.1,112.1,37.8,1224,7.91,5,6,2,mountain,weathered_rock,fair,11.624,high
SEG-0032,2026-08-01,4.3,19.6,112.1,37.8,1224,7.91,5,6,2,mountain,weathered_rock,fair,10.962,high
SEG-0032,2026-08-02,8.8,14.3,110.5,37.8,1224,7.91,5,6,2,mountain,weathered_rock,fair,10.896,high
SEG-0032,2026-08-03,11.2,24.3,114.4,37.8,1224,7.91,5,6,2,mountain,weathered_rock,fair,11.208,high
SEG-0032,2026-08-04,12.0,32.0,83.4,37.8,1224,7.91,5,6,2,mountain,weathered_rock,fair,11.336,high
SEG-0032,2026-08-05,7.3,30.5,58.9,37.8,1224,7.91,5,6,2,mountain,weathered_rock,fair,11.15,high
SEG-0032,2026-08-06,0.1,19.4,44.9,37.8,1224,7.91,5,6,2,mountain,weathered_rock,fair,10.7,high
SEG-0032,2026-08-07,14.9,22.3,58.6,37.8,1224,7.91,5,6,2,mountain,weathered_rock,fair,11.065,high
SEG-0032,2026-08-08,1.8,16.8,56.1,37.8,1224,7.91,5,6,2,mountain,weathered_rock,fair,10.692,high
SEG-0032,2026-08-09,0.8,17.5,48.1,37.8,1224,7.91,5,6,2,mountain,weathered_rock,fair,10.672,high
SEG-0032,2026-08-10,2.0,4.6,38.9,37.8,1224,7.91,5,6,2,mountain,weathered_rock,fair,10.331,high
SEG-0032,2026-08-11,10.2,13.0,37.1,37.8,1224,7.91,5,6,2,mountain,weathered_rock,fair,10.684,high
SEG-0032,2026-08-12,11.2,23.4,41.0,37.8,1224,7.91,5,6,2,mountain,weathered_rock,fair,10.982,high
SEG-0032,2026-08-13,10.1,31.5,51.0,37.8,1224,7.91,5,6,2,mountain,weathered_rock,fair,11.202,high
SEG-0032,2026-08-14,11.7,33.0,47.8,37.8,1224,7.91,5,6,2,mountain,weathered_rock,fair,11.259,high
SEG-0032,2026-08-15,9.6,31.4,55.6,37.8,1224,7.91,5,6,2,mountain,weathered_rock,fair,11.203,high
SEG-0032,2026-08-16,2.3,23.6,57.1,37.8,1224,7.91,5,6,2,mountain,weathered_rock,fair,10.881,high
SEG-0032,2026-08-17,5.6,17.5,60.7,37.8,1224,7.91,5,6,2,mountain,weathered_rock,fair,10.788,high
SEG-0032,2026-08-18,10.1,18.0,60.6,37.8,1224,7.91,5,6,2,mountain,weathered_rock,fair,10.877,high
SEG-0032,2026-08-19,10.7,26.4,60.1,37.8,1224,7.91,5,6,2,mountain,weathered_rock,fair,11.104,high
SEG-0032,2026-08-20,4.2,25.0,54.2,37.8,1224,7.91,5,6,2,mountain,weathered_rock,fair,10.941,high
SEG-0032,2026-08-21,14.2,29.1,56.7,37.8,1224,7.91,5,6,2,mountain,weathered_rock,fair,11.225,high
SEG-0032,2026-08-22,0.4,18.8,47.5,37.8,1224,7.91,5,6,2,mountain,weathered_rock,fair,10.697,high
SEG-0032,2026-08-23,3.5,18.1,48.7,37.8,1224,7.91,5,6,2,mountain,weathered_rock,fair,10.735,high
SEG-0032,2026-08-24,14.8,18.7,57.9,37.8,1224,7.91,5,6,2,mountain,weathered_rock,fair,10.968,high
SEG-0032,2026-08-25,4.3,22.6,52.1,37.8,1224,7.91,5,6,2,mountain,weathered_rock,fair,10.875,high
SEG-0032,2026-08-26,12.7,31.8,54.1,37.8,1224,7.91,5,6,2,mountain,weathered_rock,fair,11.262,high
SEG-0032,2026-08-27,3.8,20.8,53.7,37.8,1224,7.91,5,6,2,mountain,weathered_rock,fair,10.824,high
SEG-0032,2026-08-28,14.0,30.5,53.5,37.8,1224,7.91,5,6,2,mountain,weathered_rock,fair,11.249,high
SEG-0032,2026-08-29,43.8,61.6,96.9,37.8,1224,7.91,5,6,2,mountain,weathered_rock,fair,12.683,high
SEG-0032,2026-08-30,31.7,89.5,125.1,37.8,1224,7.91,5,6,2,mountain,weathered_rock,fair,13.281,high
SEG-0032,2026-08-31,23.3,98.8,133.6,37.8,1224,7.91,5,6,2,mountain,weathered_rock,fair,13.403,high
SEG-0032,2026-09-01,1.3,56.3,130.6,37.8,1224,7.91,5,6,2,mountain,weathered_rock,fair,11.916,high
SEG-0032,2026-09-02,4.8,29.4,122.7,37.8,1224,7.91,5,6,2,mountain,weathered_rock,fair,11.254,high
SEG-0032,2026-09-03,28.7,34.8,147.6,37.8,1224,7.91,5,6,2,mountain,weathered_rock,fair,11.869,high
SEG-0032,2026-09-04,11.0,44.5,144.6,37.8,1224,7.91,5,6,2,mountain,weathered_rock,fair,11.812,high
SEG-0032,2026-09-05,0.5,40.2,101.3,37.8,1224,7.91,5,6,2,mountain,weathered_rock,fair,11.403,high
SEG-0032,2026-09-06,35.6,47.1,105.2,37.8,1224,7.91,5,6,2,mountain,weathered_rock,fair,12.19,high
SEG-0032,2026-09-07,13.1,49.2,95.0,37.8,1224,7.91,5,6,2,mountain,weathered_rock,fair,11.834,high
SEG-0032,2026-09-08,3.7,52.4,97.4,37.8,1224,7.91,5,6,2,mountain,weathered_rock,fair,11.764,high
SEG-0032,2026-09-09,5.3,22.1,97.9,37.8,1224,7.91,5,6,2,mountain,weathered_rock,fair,11.005,high
SEG-0032,2026-09-10,8.3,17.3,77.5,37.8,1224,7.91,5,6,2,mountain,weathered_rock,fair,10.875,high
SEG-0032,2026-09-11,8.9,22.5,75.4,37.8,1224,7.91,5,6,2,mountain,weathered_rock,fair,11.014,high
SEG-0032,2026-09-12,36.0,53.2,110.9,37.8,1224,7.91,5,6,2,mountain,weathered_rock,fair,12.371,high
SEG-0032,2026-09-13,15.5,60.4,90.8,37.8,1224,7.91,5,6,2,mountain,weathered_rock,fair,12.154,high
SEG-0032,2026-09-14,8.5,60.0,86.2,37.8,1224,7.91,5,6,2,mountain,weathered_rock,fair,12.012,high
SEG-0032,2026-09-15,0.2,24.2,82.7,37.8,1224,7.91,5,6,2,mountain,weathered_rock,fair,10.931,high
SEG-0032,2026-09-16,29.8,38.5,107.2,37.8,1224,7.91,5,6,2,mountain,weathered_rock,fair,11.873,high
SEG-0033,2026-05-20,2.9,2.9,2.9,14.5,337,7.55,3,1,2,hilly,lateritic,good,4.209,low
SEG-0033,2026-05-21,15.1,18.0,18.0,14.5,337,7.55,3,1,2,hilly,lateritic,good,4.851,low
SEG-0033,2026-05-22,8.1,26.1,26.1,14.5,337,7.55,3,1,2,hilly,lateritic,good,4.965,low
SEG-0033,2026-05-23,13.2,36.4,39.3,14.5,337,7.55,3,1,2,hilly,lateritic,good,5.356,low
SEG-0033,2026-05-24,10.2,31.5,49.5,14.5,337,7.55,3,1,2,hilly,lateritic,good,5.205,low
SEG-0033,2026-05-25,15.6,39.0,65.1,14.5,337,7.55,3,1,2,hilly,lateritic,good,5.535,low
SEG-0033,2026-05-26,10.3,36.1,75.4,14.5,337,7.55,3,1,2,hilly,lateritic,good,5.398,low
SEG-0033,2026-05-27,15.5,41.4,88.0,14.5,337,7.55,3,1,2,hilly,lateritic,good,5.659,low
SEG-0033,2026-05-28,7.2,33.0,80.1,14.5,337,7.55,3,1,2,hilly,lateritic,good,5.277,low
SEG-0033,2026-05-29,13.2,35.9,85.2,14.5,337,7.55,3,1,2,hilly,lateritic,good,5.469,low
SEG-0033,2026-05-30,7.3,27.7,79.3,14.5,337,7.55,3,1,2,hilly,lateritic,good,5.139,low
SEG-0033,2026-05-31,9.3,29.8,78.4,14.5,337,7.55,3,1,2,hilly,lateritic,good,5.225,low
SEG-0033,2026-06-01,13.7,30.3,76.5,14.5,337,7.55,3,1,2,hilly,lateritic,good,5.308,low
SEG-0033,2026-06-02,11.2,34.2,77.4,14.5,337,7.55,3,1,2,hilly,lateritic,good,5.369,low
SEG-0033,2026-06-03,26.2,51.1,88.1,14.5,337,7.55,3,1,2,hilly,lateritic,good,6.093,low
SEG-0033,2026-06-04,14.7,52.1,95.6,14.5,337,7.55,3,1,2,hilly,lateritic,good,5.944,low
SEG-0033,2026-06-05,3.6,44.5,86.0,14.5,337,7.55,3,1,2,hilly,lateritic,good,5.531,low
SEG-0033,2026-06-06,2.6,20.9,81.3,14.5,337,7.55,3,1,2,hilly,lateritic,good,4.888,low
SEG-0033,2026-06-07,1.4,7.6,73.4,14.5,337,7.55,3,1,2,hilly,lateritic,good,4.5,low
SEG-0033,2026-06-08,15.8,19.8,75.5,14.5,337,7.55,3,1,2,hilly,lateritic,good,5.068,low
SEG-0033,2026-06-09,24.5,41.7,88.8,14.5,337,7.55,3,1,2,hilly,lateritic,good,5.822,low
SEG-0033,2026-06-10,78.1,118.4,140.7,14.5,337,7.55,3,1,2,hilly,lateritic,good,8.87,medium
SEG-0033,2026-06-11,34.9,137.5,160.9,14.5,337,7.55,3,1,2,hilly,lateritic,good,8.687,medium
SEG-0033,2026-06-12,1.0,114.0,158.3,14.5,337,7.55,3,1,2,hilly,lateritic,good,7.493,medium
SEG-0033,2026-06-13,9.3,45.2,165.0,14.5,337,7.55,3,1,2,hilly,lateritic,good,5.864,low
SEG-0033,2026-06-14,72.9,83.2,236.5,14.5,337,7.55,3,1,2,hilly,lateritic,good,8.13,medium
SEG-0033,2026-06-15,50.6,132.8,271.3,14.5,337,7.55,3,1,2,hilly,lateritic,good,9.136,medium
SEG-0033,2026-06-16,64.7,188.2,311.5,14.5,337,7.55,3,1,2,hilly,lateritic,good,10.926,high
SEG-0033,2026-06-17,50.2,165.5,283.6,14.5,337,7.55,3,1,2,hilly,lateritic,good,10.013,medium
SEG-0033,2026-06-18,25.5,140.4,274.2,14.5,337,7.55,3,1,2,hilly,lateritic,good,8.915,medium
SEG-0033,2026-06-19,12.2,87.9,285.4,14.5,337,7.55,3,1,2,hilly,lateritic,good,7.354,medium
SEG-0033,2026-06-20,26.2,63.9,302.3,14.5,337,7.55,3,1,2,hilly,lateritic,good,7.015,medium
SEG-0033,2026-06-21,0.3,38.7,229.7,14.5,337,7.55,3,1,2,hilly,lateritic,good,5.72,low
SEG-0033,2026-06-22,2.0,28.5,181.1,14.5,337,7.55,3,1,2,hilly,lateritic,good,5.35,low
SEG-0033,2026-06-23,25.0,27.3,141.4,14.5,337,7.55,3,1,2,hilly,lateritic,good,5.6,low
SEG-0033,2026-06-24,23.0,50.0,114.2,14.5,337,7.55,3,1,2,hilly,lateritic,good,6.082,medium
SEG-0033,2026-06-25,2.8,50.8,91.5,14.5,337,7.55,3,1,2,hilly,lateritic,good,5.697,low
SEG-0033,2026-06-26,14.3,40.1,93.6,14.5,337,7.55,3,1,2,hilly,lateritic,good,5.62,low
SEG-0033,2026-06-27,23.7,40.8,91.1,14.5,337,7.55,3,1,2,hilly,lateritic,good,5.791,low
SEG-0033,2026-06-28,5.9,43.9,96.7,14.5,337,7.55,3,1,2,hilly,lateritic,good,5.584,low
SEG-0033,2026-06-29,13.3,42.9,108.0,14.5,337,7.55,3,1,2,hilly,lateritic,good,5.715,low
SEG-0033,2026-06-30,12.1,31.3,95.1,14.5,337,7.55,3,1,2,hilly,lateritic,good,5.358,low
SEG-0033,2026-07-01,17.7,43.1,89.8,14.5,337,7.55,3,1,2,hilly,lateritic,good,5.745,low
SEG-0033,2026-07-02,10.5,40.3,97.5,14.5,337,7.55,3,1,2,hilly,lateritic,good,5.571,low
SEG-0033,2026-07-03,8.1,36.3,91.3,14.5,337,7.55,3,1,2,hilly,lateritic,good,5.409,low
SEG-0033,2026-07-04,7.8,26.4,75.4,14.5,337,7.55,3,1,2,hilly,lateritic,good,5.103,low
SEG-0033,2026-07-05,4.3,20.2,73.8,14.5,337,7.55,3,1,2,hilly,lateritic,good,4.878,low
SEG-0033,2026-07-06,14.9,27.0,75.4,14.5,337,7.55,3,1,2,hilly,lateritic,good,5.239,low
SEG-0033,2026-07-07,11.5,30.7,74.8,14.5,337,7.55,3,1,2,hilly,lateritic,good,5.276,low
SEG-0033,2026-07-08,13.0,39.4,70.1,14.5,337,7.55,3,1,2,hilly,lateritic,good,5.515,low
SEG-0033,2026-07-09,0.6,25.1,60.2,14.5,337,7.55,3,1,2,hilly,lateritic,good,4.905,low
SEG-0033,2026-07-10,18.7,32.3,70.8,14.5,337,7.55,3,1,2,hilly,lateritic,good,5.429,low
SEG-0033,2026-07-11,21.2,40.5,84.2,14.5,337,7.55,3,1,2,hilly,lateritic,good,5.722,low
SEG-0033,2026-07-12,4.8,44.7,84.7,14.5,337,7.55,3,1,2,hilly,lateritic,good,5.553,low
SEG-0033,2026-07-13,2.1,28.1,71.9,14.5,337,7.55,3,1,2,hilly,lateritic,good,5.041,low
SEG-0033,2026-07-14,18.6,25.5,79.0,14.5,337,7.55,3,1,2,hilly,lateritic,good,5.273,low
SEG-0033,2026-07-15,27.8,48.5,93.8,14.5,337,7.55,3,1,2,hilly,lateritic,good,6.068,low
SEG-0033,2026-07-16,27.1,73.5,120.3,14.5,337,7.55,3,1,2,hilly,lateritic,good,6.779,medium
SEG-0033,2026-07-17,79.6,134.5,181.2,14.5,337,7.55,3,1,2,hilly,lateritic,good,9.425,medium
SEG-0033,2026-07-18,37.3,144.0,197.3,14.5,337,7.55,3,1,2,hilly,lateritic,good,8.997,medium
SEG-0033,2026-07-19,36.8,153.7,229.3,14.5,337,7.55,3,1,2,hilly,lateritic,good,9.329,medium
SEG-0033,2026-07-20,67.5,141.6,294.7,14.5,337,7.55,3,1,2,hilly,lateritic,good,9.716,medium
SEG-0033,2026-07-21,59.1,163.4,335.2,14.5,337,7.55,3,1,2,hilly,lateritic,good,10.252,high
SEG-0033,2026-07-22,48.0,174.6,355.4,14.5,337,7.55,3,1,2,hilly,lateritic,good,10.41,high
SEG-0033,2026-07-23,49.6,156.7,377.9,14.5,337,7.55,3,1,2,hilly,lateritic,good,10.033,medium
SEG-0033,2026-07-24,68.1,165.7,366.4,14.5,337,7.55,3,1,2,hilly,lateritic,good,10.55,high
SEG-0033,2026-07-25,56.3,174.0,385.4,14.5,337,7.55,3,1,2,hilly,lateritic,good,10.618,high
SEG-0033,2026-07-26,59.5,183.9,408.1,14.5,337,7.55,3,1,2,hilly,lateritic,good,10.992,high
SEG-0033,2026-07-27,0.2,116.0,340.8,14.5,337,7.55,3,1,2,hilly,lateritic,good,8.033,medium
SEG-0033,2026-07-28,21.2,80.9,302.9,14.5,337,7.55,3,1,2,hilly,lateritic,good,7.373,medium
SEG-0033,2026-07-29,22.0,43.4,276.9,14.5,337,7.55,3,1,2,hilly,lateritic,good,6.341,low
SEG-0033,2026-07-30,23.3,66.5,250.6,14.5,337,7.55,3,1,2,hilly,lateritic,good,6.891,medium
SEG-0033,2026-07-31,17.8,63.1,200.3,14.5,337,7.55,3,1,2,hilly,lateritic,good,6.571,medium
SEG-0033,2026-08-01,35.6,76.7,179.6,14.5,337,7.55,3,1,2,hilly,lateritic,good,7.17,medium
SEG-0033,2026-08-02,22.3,75.7,142.4,14.5,337,7.55,3,1,2,hilly,lateritic,good,6.816,medium
SEG-0033,2026-08-03,41.6,99.5,183.8,14.5,337,7.55,3,1,2,hilly,lateritic,good,7.876,medium
SEG-0033,2026-08-04,24.1,88.0,186.7,14.5,337,7.55,3,1,2,hilly,lateritic,good,7.288,medium
SEG-0033,2026-08-05,4.0,69.7,168.7,14.5,337,7.55,3,1,2,hilly,lateritic,good,6.421,medium
SEG-0033,2026-08-06,15.8,43.9,161.2,14.5,337,7.55,3,1,2,hilly,lateritic,good,5.93,low
SEG-0033,2026-08-07,16.2,36.0,159.6,14.5,337,7.55,3,1,2,hilly,lateritic,good,5.727,low
SEG-0033,2026-08-08,20.7,52.7,144.7,14.5,337,7.55,3,1,2,hilly,lateritic,good,6.197,low
SEG-0033,2026-08-09,10.6,47.5,133.0,14.5,337,7.55,3,1,2,hilly,lateritic,good,5.858,low
SEG-0033,2026-08-10,5.2,36.5,96.6,14.5,337,7.55,3,1,2,hilly,lateritic,good,5.38,low
SEG-0033,2026-08-11,5.4,21.2,77.9,14.5,337,7.55,3,1,2,hilly,lateritic,good,4.934,low
SEG-0033,2026-08-12,17.0,27.6,90.9,14.5,337,7.55,3,1,2,hilly,lateritic,good,5.333,low
SEG-0033,2026-08-13,16.8,39.2,91.9,14.5,337,7.55,3,1,2,hilly,lateritic,good,5.634,low
SEG-0033,2026-08-14,10.8,44.6,86.5,14.5,337,7.55,3,1,2,hilly,lateritic,good,5.658,low
SEG-0033,2026-08-15,16.2,43.8,82.0,14.5,337,7.55,3,1,2,hilly,lateritic,good,5.716,low
SEG-0033,2026-08-16,55.6,82.6,127.0,14.5,337,7.55,3,1,2,hilly,lateritic,good,7.519,medium
SEG-0033,2026-08-17,30.7,102.5,152.5,14.5,337,7.55,3,1,2,hilly,lateritic,good,7.683,medium
SEG-0033,2026-08-18,35.9,122.2,183.0,14.5,337,7.55,3,1,2,hilly,lateritic,good,8.367,medium
SEG-0033,2026-08-19,31.2,97.8,197.2,14.5,337,7.55,3,1,2,hilly,lateritic,good,7.692,medium
SEG-0033,2026-08-20,72.0,139.1,252.4,14.5,337,7.55,3,1,2,hilly,lateritic,good,9.611,medium
SEG-0033,2026-08-21,31.7,134.9,273.3,14.5,337,7.55,3,1,2,hilly,lateritic,good,8.875,medium
SEG-0033,2026-08-22,30.1,133.8,287.2,14.5,337,7.55,3,1,2,hilly,lateritic,good,8.857,medium
SEG-0033,2026-08-23,2.9,64.7,234.5,14.5,337,7.55,3,1,2,hilly,lateritic,good,6.453,medium
SEG-0033,2026-08-24,18.5,51.5,222.3,14.5,337,7.55,3,1,2,hilly,lateritic,good,6.341,low
SEG-0033,2026-08-25,13.4,34.8,199.8,14.5,337,7.55,3,1,2,hilly,lateritic,good,5.759,low
SEG-0033,2026-08-26,1.8,33.7,170.4,14.5,337,7.55,3,1,2,hilly,lateritic,good,5.452,low
SEG-0033,2026-08-27,8.1,23.3,106.5,14.5,337,7.55,3,1,2,hilly,lateritic,good,5.113,low
SEG-0033,2026-08-28,38.3,48.2,113.1,14.5,337,7.55,3,1,2,hilly,lateritic,good,6.292,low
SEG-0033,2026-08-29,31.7,78.1,114.7,14.5,337,7.55,3,1,2,hilly,lateritic,good,6.962,medium
SEG-0033,2026-08-30,36.0,106.0,147.8,14.5,337,7.55,3,1,2,hilly,lateritic,good,7.851,medium
SEG-0033,2026-08-31,15.5,83.2,144.8,14.5,337,7.55,3,1,2,hilly,lateritic,good,6.902,medium
SEG-0033,2026-09-01,10.1,61.6,141.5,14.5,337,7.55,3,1,2,hilly,lateritic,good,6.239,low
SEG-0033,2026-09-02,15.3,40.9,155.0,14.5,337,7.55,3,1,2,hilly,lateritic,good,5.826,low
SEG-0033,2026-09-03,3.7,29.1,150.6,14.5,337,7.55,3,1,2,hilly,lateritic,good,5.31,low
SEG-0033,2026-09-04,6.9,25.9,119.2,14.5,337,7.55,3,1,2,hilly,lateritic,good,5.195,low
SEG-0033,2026-09-05,57.3,67.9,144.8,14.5,337,7.55,3,1,2,hilly,lateritic,good,7.214,low
SEG-0033,2026-09-06,15.7,79.9,124.5,14.5,337,7.55,3,1,2,hilly,lateritic,good,6.763,medium
SEG-0033,2026-09-07,14.2,87.2,123.2,14.5,337,7.55,3,1,2,hilly,lateritic,good,6.924,medium
SEG-0033,2026-09-08,8.9,38.8,122.0,14.5,337,7.55,3,1,2,hilly,lateritic,good,5.572,low
SEG-0033,2026-09-09,11.3,34.4,118.0,14.5,337,7.55,3,1,2,hilly,lateritic,good,5.488,low
SEG-0033,2026-09-10,8.8,29.0,123.1,14.5,337,7.55,3,1,2,hilly,lateritic,good,5.319,low
SEG-0033,2026-09-11,1.2,21.3,117.4,14.5,337,7.55,3,1,2,hilly,lateritic,good,4.974,low
SEG-0033,2026-09-12,13.3,23.3,73.4,14.5,337,7.55,3,1,2,hilly,lateritic,good,5.11,low
SEG-0033,2026-09-13,36.8,51.3,94.5,14.5,337,7.55,3,1,2,hilly,lateritic,good,6.296,medium
SEG-0033,2026-09-14,24.0,74.1,104.3,14.5,337,7.55,3,1,2,hilly,lateritic,good,6.698,medium
SEG-0033,2026-09-15,23.0,83.8,118.4,14.5,337,7.55,3,1,2,hilly,lateritic,good,6.972,medium
SEG-0033,2026-09-16,22.1,69.1,129.2,14.5,337,7.55,3,1,2,hilly,lateritic,good,6.604,medium
SEG-0034,2026-05-20,5.8,5.8,5.8,27.5,891,2.95,0,3,2,mountain,weathered_rock,poor,6.291,low
SEG-0034,2026-05-21,6.4,12.2,12.2,27.5,891,2.95,0,3,2,mountain,weathered_rock,poor,6.486,medium
SEG-0034,2026-05-22,5.8,18.0,18.0,27.5,891,2.95,0,3,2,mountain,weathered_rock,poor,6.642,low
SEG-0034,2026-05-23,7.5,19.7,25.5,27.5,891,2.95,0,3,2,mountain,weathered_rock,poor,6.736,medium
SEG-0034,2026-05-24,13.9,27.2,39.4,27.5,891,2.95,0,3,2,mountain,weathered_rock,poor,7.078,medium
SEG-0034,2026-05-25,35.4,56.8,74.8,27.5,891,2.95,0,3,2,mountain,weathered_rock,poor,8.31,medium
SEG-0034,2026-05-26,20.4,69.7,95.2,27.5,891,2.95,0,3,2,mountain,weathered_rock,poor,8.447,medium
SEG-0034,2026-05-27,1.1,56.9,90.5,27.5,891,2.95,0,3,2,mountain,weathered_rock,poor,7.773,medium
SEG-0034,2026-05-28,4.4,25.9,88.5,27.5,891,2.95,0,3,2,mountain,weathered_rock,poor,7.018,medium
SEG-0034,2026-05-29,4.2,9.7,86.9,27.5,891,2.95,0,3,2,mountain,weathered_rock,poor,6.589,low
SEG-0034,2026-05-30,11.6,20.2,91.0,27.5,891,2.95,0,3,2,mountain,weathered_rock,poor,6.999,medium
SEG-0034,2026-05-31,6.8,22.6,83.9,27.5,891,2.95,0,3,2,mountain,weathered_rock,poor,6.96,low
SEG-0034,2026-06-01,16.9,35.3,65.4,27.5,891,2.95,0,3,2,mountain,weathered_rock,poor,7.411,medium
SEG-0034,2026-06-02,16.1,39.8,61.1,27.5,891,2.95,0,3,2,mountain,weathered_rock,poor,7.502,medium
SEG-0034,2026-06-03,20.7,53.7,80.7,27.5,891,2.95,0,3,2,mountain,weathered_rock,poor,7.996,medium
SEG-0034,2026-06-04,17.8,54.6,94.1,27.5,891,2.95,0,3,2,mountain,weathered_rock,poor,8.007,medium
SEG-0034,2026-06-05,8.6,47.1,98.5,27.5,891,2.95,0,3,2,mountain,weathered_rock,poor,7.668,medium
SEG-0034,2026-06-06,12.1,38.5,99.0,27.5,891,2.95,0,3,2,mountain,weathered_rock,poor,7.505,medium
SEG-0034,2026-06-07,0.2,20.9,92.4,27.5,891,2.95,0,3,2,mountain,weathered_rock,poor,6.827,medium
SEG-0034,2026-06-08,20.9,33.2,96.4,27.5,891,2.95,0,3,2,mountain,weathered_rock,poor,7.51,medium
SEG-0034,2026-06-09,12.6,33.7,92.9,27.5,891,2.95,0,3,2,mountain,weathered_rock,poor,7.372,medium
SEG-0034,2026-06-10,13.3,46.8,85.5,27.5,891,2.95,0,3,2,mountain,weathered_rock,poor,7.704,medium
SEG-0034,2026-06-11,7.2,33.1,74.9,27.5,891,2.95,0,3,2,mountain,weathered_rock,poor,7.215,medium
SEG-0034,2026-06-12,44.3,64.8,110.6,27.5,891,2.95,0,3,2,mountain,weathered_rock,poor,8.768,medium
SEG-0034,2026-06-13,38.8,90.3,137.3,27.5,891,2.95,0,3,2,mountain,weathered_rock,poor,9.411,medium
SEG-0034,2026-06-14,3.9,87.0,141.0,27.5,891,2.95,0,3,2,mountain,weathered_rock,poor,8.742,medium
SEG-0034,2026-06-15,15.0,57.7,135.1,27.5,891,2.95,0,3,2,mountain,weathered_rock,poor,8.153,medium
SEG-0034,2026-06-16,77.5,96.4,200.0,27.5,891,2.95,0,3,2,mountain,weathered_rock,poor,10.4,high
SEG-0034,2026-06-17,24.1,116.6,210.8,27.5,891,2.95,0,3,2,mountain,weathered_rock,poor,10.047,high
SEG-0034,2026-06-18,29.1,130.7,232.7,27.5,891,2.95,0,3,2,mountain,weathered_rock,poor,10.559,high
SEG-0034,2026-06-19,38.2,91.4,226.6,27.5,891,2.95,0,3,2,mountain,weathered_rock,poor,9.675,medium
SEG-0034,2026-06-20,48.7,116.0,236.5,27.5,891,2.95,0,3,2,mountain,weathered_rock,poor,10.52,high
SEG-0034,2026-06-21,39.8,126.7,272.4,27.5,891,2.95,0,3,2,mountain,weathered_rock,poor,10.746,high
SEG-0034,2026-06-22,22.0,110.5,279.4,27.5,891,2.95,0,3,2,mountain,weathered_rock,poor,10.041,high
SEG-0034,2026-06-23,37.0,98.8,238.9,27.5,891,2.95,0,3,2,mountain,weathered_rock,poor,9.881,high
SEG-0034,2026-06-24,13.9,72.9,228.7,27.5,891,2.95,0,3,2,mountain,weathered_rock,poor,8.787,medium
SEG-0034,2026-06-25,52.4,103.3,252.0,27.5,891,2.95,0,3,2,mountain,weathered_rock,poor,10.296,high
SEG-0034,2026-06-26,26.7,93.0,240.5,27.5,891,2.95,0,3,2,mountain,weathered_rock,poor,9.559,high
SEG-0034,2026-06-27,0.8,79.9,192.6,27.5,891,2.95,0,3,2,mountain,weathered_rock,poor,8.647,medium
SEG-0034,2026-06-28,20.4,47.9,173.2,27.5,891,2.95,0,3,2,mountain,weathered_rock,poor,8.094,medium
SEG-0034,2026-06-29,8.4,29.6,159.6,27.5,891,2.95,0,3,2,mountain,weathered_rock,poor,7.377,medium
SEG-0034,2026-06-30,4.2,33.0,126.8,27.5,891,2.95,0,3,2,mountain,weathered_rock,poor,7.304,medium
SEG-0034,2026-07-01,6.7,19.3,119.6,27.5,891,2.95,0,3,2,mountain,weathered_rock,poor,6.971,medium
SEG-0034,2026-07-02,17.7,28.6,84.9,27.5,891,2.95,0,3,2,mountain,weathered_rock,poor,7.304,medium
SEG-0034,2026-07-03,5.5,29.9,63.7,27.5,891,2.95,0,3,2,mountain,weathered_rock,poor,7.072,low
SEG-0034,2026-07-04,9.1,32.3,72.0,27.5,891,2.95,0,3,2,mountain,weathered_rock,poor,7.218,medium
SEG-0034,2026-07-05,19.3,33.9,70.9,27.5,891,2.95,0,3,2,mountain,weathered_rock,poor,7.43,medium
SEG-0034,2026-07-06,3.2,31.6,65.7,27.5,891,2.95,0,3,2,mountain,weathered_rock,poor,7.083,medium
SEG-0034,2026-07-07,13.8,36.3,75.3,27.5,891,2.95,0,3,2,mountain,weathered_rock,poor,7.411,medium
SEG-0034,2026-07-08,19.2,36.2,87.8,27.5,891,2.95,0,3,2,mountain,weathered_rock,poor,7.535,medium
SEG-0034,2026-07-09,20.6,53.6,90.7,27.5,891,2.95,0,3,2,mountain,weathered_rock,poor,8.019,medium
SEG-0034,2026-07-10,7.8,47.6,93.0,27.5,891,2.95,0,3,2,mountain,weathered_rock,poor,7.652,medium
SEG-0034,2026-07-11,43.7,72.1,127.6,27.5,891,2.95,0,3,2,mountain,weathered_rock,poor,8.994,medium
SEG-0034,2026-07-12,39.6,91.1,147.9,27.5,891,2.95,0,3,2,mountain,weathered_rock,poor,9.474,medium
SEG-0034,2026-07-13,31.2,114.5,175.9,27.5,891,2.95,0,3,2,mountain,weathered_rock,poor,10.017,high
SEG-0034,2026-07-14,10.3,81.1,172.4,27.5,891,2.95,0,3,2,mountain,weathered_rock,poor,8.784,medium
SEG-0034,2026-07-15,2.5,44.0,155.7,27.5,891,2.95,0,3,2,mountain,weathered_rock,poor,7.641,medium
SEG-0034,2026-07-16,13.9,26.7,149.0,27.5,891,2.95,0,3,2,mountain,weathered_rock,poor,7.366,medium
SEG-0034,2026-07-17,78.8,95.2,220.0,27.5,891,2.95,0,3,2,mountain,weathered_rock,poor,10.446,high
SEG-0034,2026-07-18,26.6,119.3,202.9,27.5,891,2.95,0,3,2,mountain,weathered_rock,poor,10.138,high
SEG-0034,2026-07-19,41.2,146.6,204.5,27.5,891,2.95,0,3,2,mountain,weathered_rock,poor,11.1,high
SEG-0034,2026-07-20,37.0,104.8,210.3,27.5,891,2.95,0,3,2,mountain,weathered_rock,poor,9.958,medium
SEG-0034,2026-07-21,31.4,109.6,231.4,27.5,891,2.95,0,3,2,mountain,weathered_rock,poor,10.046,high
SEG-0034,2026-07-22,12.3,80.7,241.2,27.5,891,2.95,0,3,2,mountain,weathered_rock,poor,8.997,medium
SEG-0034,2026-07-23,15.4,59.1,242.7,27.5,891,2.95,0,3,2,mountain,weathered_rock,poor,8.492,medium
SEG-0034,2026-07-24,8.2,35.9,172.1,27.5,891,2.95,0,3,2,mountain,weathered_rock,poor,7.572,medium
SEG-0034,2026-07-25,13.4,37.0,158.9,27.5,891,2.95,0,3,2,mountain,weathered_rock,poor,7.653,medium
SEG-0034,2026-07-26,10.6,32.2,128.3,27.5,891,2.95,0,3,2,mountain,weathered_rock,poor,7.396,medium
SEG-0034,2026-07-27,20.5,44.5,111.8,27.5,891,2.95,0,3,2,mountain,weathered_rock,poor,7.839,medium
SEG-0034,2026-07-28,9.0,40.1,89.4,27.5,891,2.95,0,3,2,mountain,weathered_rock,poor,7.467,medium
SEG-0034,2026-07-29,5.9,35.4,83.0,27.5,891,2.95,0,3,2,mountain,weathered_rock,poor,7.275,medium
SEG-0034,2026-07-30,1.2,16.1,68.8,27.5,891,2.95,0,3,2,mountain,weathered_rock,poor,6.654,medium
SEG-0034,2026-07-31,0.5,7.6,61.1,27.5,891,2.95,0,3,2,mountain,weathered_rock,poor,6.4,low
SEG-0034,2026-08-01,1.5,3.2,49.2,27.5,891,2.95,0,3,2,mountain,weathered_rock,poor,6.27,low
SEG-0034,2026-08-02,15.7,17.7,54.3,27.5,891,2.95,0,3,2,mountain,weathered_rock,poor,6.902,medium
SEG-0034,2026-08-03,13.8,31.0,47.6,27.5,891,2.95,0,3,2,mountain,weathered_rock,poor,7.197,medium
SEG-0034,2026-08-04,13.6,43.1,52.2,27.5,891,2.95,0,3,2,mountain,weathered_rock,poor,7.521,medium
SEG-0034,2026-08-05,9.3,36.7,55.6,27.5,891,2.95,0,3,2,mountain,weathered_rock,poor,7.291,medium
SEG-0034,2026-08-06,12.3,35.2,66.7,27.5,891,2.95,0,3,2,mountain,weathered_rock,poor,7.334,medium
SEG-0034,2026-08-07,15.4,37.0,81.6,27.5,891,2.95,0,3,2,mountain,weathered_rock,poor,7.474,medium
SEG-0034,2026-08-08,5.1,32.8,85.2,27.5,891,2.95,0,3,2,mountain,weathered_rock,poor,7.2,low
SEG-0034,2026-08-09,7.1,27.6,76.6,27.5,891,2.95,0,3,2,mountain,weathered_rock,poor,7.075,medium
SEG-0034,2026-08-10,16.6,28.8,79.4,27.5,891,2.95,0,3,2,mountain,weathered_rock,poor,7.275,medium
SEG-0034,2026-08-11,14.1,37.8,79.9,27.5,891,2.95,0,3,2,mountain,weathered_rock,poor,7.468,medium
SEG-0034,2026-08-12,9.2,39.9,79.8,27.5,891,2.95,0,3,2,mountain,weathered_rock,poor,7.439,medium
SEG-0034,2026-08-13,4.6,27.9,72.1,27.5,891,2.95,0,3,2,mountain,weathered_rock,poor,7.028,medium
SEG-0034,2026-08-14,7.7,21.5,64.4,27.5,891,2.95,0,3,2,mountain,weathered_rock,poor,6.893,low
SEG-0034,2026-08-15,7.7,20.0,67.0,27.5,891,2.95,0,3,2,mountain,weathered_rock,poor,6.861,medium
SEG-0034,2026-08-16,58.6,74.0,118.5,27.5,891,2.95,0,3,2,mountain,weathered_rock,poor,9.272,medium
SEG-0034,2026-08-17,19.4,85.7,121.3,27.5,891,2.95,0,3,2,mountain,weathered_rock,poor,8.918,medium
SEG-0034,2026-08-18,18.9,96.9,126.1,27.5,891,2.95,0,3,2,mountain,weathered_rock,poor,9.213,medium
SEG-0034,2026-08-19,13.2,51.5,130.1,27.5,891,2.95,0,3,2,mountain,weathered_rock,poor,7.947,medium
SEG-0034,2026-08-20,6.7,38.8,132.2,27.5,891,2.95,0,3,2,mountain,weathered_rock,poor,7.512,medium
SEG-0034,2026-08-21,7.8,27.7,132.3,27.5,891,2.95,0,3,2,mountain,weathered_rock,poor,7.243,medium
SEG-0034,2026-08-22,0.7,15.2,125.3,27.5,891,2.95,0,3,2,mountain,weathered_rock,poor,6.778,medium
SEG-0034,2026-08-23,61.0,69.5,127.7,27.5,891,2.95,0,3,2,mountain,weathered_rock,poor,9.221,medium
SEG-0034,2026-08-24,19.9,81.6,128.2,27.5,891,2.95,0,3,2,mountain,weathered_rock,poor,8.838,medium
SEG-0034,2026-08-25,18.1,99.0,127.4,27.5,891,2.95,0,3,2,mountain,weathered_rock,poor,9.258,medium
SEG-0034,2026-08-26,8.2,46.2,122.4,27.5,891,2.95,0,3,2,mountain,weathered_rock,poor,7.703,medium
SEG-0034,2026-08-27,7.8,34.1,123.5,27.5,891,2.95,0,3,2,mountain,weathered_rock,poor,7.385,medium
SEG-0034,2026-08-28,5.1,21.1,120.8,27.5,891,2.95,0,3,2,mountain,weathered_rock,poor,6.993,medium
SEG-0034,2026-08-29,7.0,19.9,127.1,27.5,891,2.95,0,3,2,mountain,weathered_rock,poor,7.012,medium
SEG-0034,2026-08-30,7.4,19.5,73.5,27.5,891,2.95,0,3,2,mountain,weathered_rock,poor,6.861,medium
SEG-0034,2026-08-31,35.0,49.4,88.6,27.5,891,2.95,0,3,2,mountain,weathered_rock,poor,8.149,medium
SEG-0034,2026-09-01,15.3,57.7,85.8,27.5,891,2.95,0,3,2,mountain,weathered_rock,poor,8.022,medium
SEG-0034,2026-09-02,19.5,69.8,97.1,27.5,891,2.95,0,3,2,mountain,weathered_rock,poor,8.439,medium
SEG-0034,2026-09-03,16.3,51.1,105.6,27.5,891,2.95,0,3,2,mountain,weathered_rock,poor,7.922,medium
SEG-0034,2026-09-04,28.3,64.1,128.8,27.5,891,2.95,0,3,2,mountain,weathered_rock,poor,8.528,medium
SEG-0034,2026-09-05,19.1,63.7,140.9,27.5,891,2.95,0,3,2,mountain,weathered_rock,poor,8.394,medium
SEG-0034,2026-09-06,17.0,64.4,150.5,27.5,891,2.95,0,3,2,mountain,weathered_rock,poor,8.403,medium
SEG-0034,2026-09-07,44.0,80.1,159.5,27.5,891,2.95,0,3,2,mountain,weathered_rock,poor,9.295,medium
SEG-0034,2026-09-08,15.9,76.9,160.1,27.5,891,2.95,0,3,2,mountain,weathered_rock,poor,8.736,medium
SEG-0034,2026-09-09,23.4,83.3,164.0,27.5,891,2.95,0,3,2,mountain,weathered_rock,poor,9.041,medium
SEG-0034,2026-09-10,17.0,56.3,164.7,27.5,891,2.95,0,3,2,mountain,weathered_rock,poor,8.232,medium
SEG-0034,2026-09-11,0.1,40.5,136.5,27.5,891,2.95,0,3,2,mountain,weathered_rock,poor,7.456,medium
SEG-0034,2026-09-12,4.0,21.1,121.4,27.5,891,2.95,0,3,2,mountain,weathered_rock,poor,6.976,medium
SEG-0034,2026-09-13,4.6,8.7,109.0,27.5,891,2.95,0,3,2,mountain,weathered_rock,poor,6.63,medium
SEG-0034,2026-09-14,10.2,18.8,75.2,27.5,891,2.95,0,3,2,mountain,weathered_rock,poor,6.895,low
SEG-0034,2026-09-15,1.0,15.8,60.3,27.5,891,2.95,0,3,2,mountain,weathered_rock,poor,6.62,low
SEG-0034,2026-09-16,10.6,21.8,47.5,27.5,891,2.95,0,3,2,mountain,weathered_rock,poor,6.904,medium
SEG-0035,2026-05-20,24.5,24.5,24.5,24.0,1216,14.64,0,1,2,mountain,weathered_rock,poor,6.568,low
SEG-0035,2026-05-21,27.9,52.4,52.4,24.0,1216,14.64,0,1,2,mountain,weathered_rock,poor,7.428,medium
SEG-0035,2026-05-22,16.2,68.6,68.6,24.0,1216,14.64,0,1,2,mountain,weathered_rock,poor,7.695,medium
SEG-0035,2026-05-23,8.3,52.4,76.9,24.0,1216,14.64,0,1,2,mountain,weathered_rock,poor,7.162,medium
SEG-0035,2026-05-24,45.1,69.6,122.0,24.0,1216,14.64,0,1,2,mountain,weathered_rock,poor,8.359,medium
SEG-0035,2026-05-25,22.7,76.1,144.7,24.0,1216,14.64,0,1,2,mountain,weathered_rock,poor,8.21,medium
SEG-0035,2026-05-26,20.0,87.8,164.7,24.0,1216,14.64,0,1,2,mountain,weathered_rock,poor,8.523,medium
SEG-0035,2026-05-27,18.1,60.8,158.3,24.0,1216,14.64,0,1,2,mountain,weathered_rock,poor,7.771,medium
SEG-0035,2026-05-28,3.1,41.2,133.5,24.0,1216,14.64,0,1,2,mountain,weathered_rock,poor,6.938,medium
SEG-0035,2026-05-29,11.3,32.5,128.6,24.0,1216,14.64,0,1,2,mountain,weathered_rock,poor,6.838,medium
SEG-0035,2026-05-30,0.8,15.2,121.1,24.0,1216,14.64,0,1,2,mountain,weathered_rock,poor,6.189,medium
SEG-0035,2026-05-31,6.7,18.8,82.7,24.0,1216,14.64,0,1,2,mountain,weathered_rock,poor,6.277,low
SEG-0035,2026-06-01,7.9,15.4,67.9,24.0,1216,14.64,0,1,2,mountain,weathered_rock,poor,6.169,low
SEG-0035,2026-06-02,15.0,29.6,62.9,24.0,1216,14.64,0,1,2,mountain,weathered_rock,poor,6.645,medium
SEG-0035,2026-06-03,1.4,24.3,46.2,24.0,1216,14.64,0,1,2,mountain,weathered_rock,poor,6.23,low
SEG-0035,2026-06-04,13.9,30.3,57.0,24.0,1216,14.64,0,1,2,mountain,weathered_rock,poor,6.628,medium
SEG-0035,2026-06-05,21.6,36.9,67.3,24.0,1216,14.64,0,1,2,mountain,weathered_rock,poor,6.959,medium
SEG-0035,2026-06-06,9.6,45.1,76.1,24.0,1216,14.64,0,1,2,mountain,weathered_rock,poor,6.992,medium
SEG-0035,2026-06-07,5.1,36.3,74.5,24.0,1216,14.64,0,1,2,mountain,weathered_rock,poor,6.683,medium
SEG-0035,2026-06-08,13.8,28.5,80.4,24.0,1216,14.64,0,1,2,mountain,weathered_rock,poor,6.644,medium
SEG-0035,2026-06-09,19.1,38.0,84.5,24.0,1216,14.64,0,1,2,mountain,weathered_rock,poor,6.992,medium
SEG-0035,2026-06-10,7.4,40.3,90.5,24.0,1216,14.64,0,1,2,mountain,weathered_rock,poor,6.87,medium
SEG-0035,2026-06-11,4.3,30.8,80.9,24.0,1216,14.64,0,1,2,mountain,weathered_rock,poor,6.544,low
SEG-0035,2026-06-12,9.0,20.7,68.3,24.0,1216,14.64,0,1,2,mountain,weathered_rock,poor,6.326,low
SEG-0035,2026-06-13,2.2,15.5,60.9,24.0,1216,14.64,0,1,2,mountain,weathered_rock,poor,6.055,low
SEG-0035,2026-06-14,13.3,24.5,69.1,24.0,1216,14.64,0,1,2,mountain,weathered_rock,poor,6.5,medium
SEG-0035,2026-06-15,4.9,20.4,60.2,24.0,1216,14.64,0,1,2,mountain,weathered_rock,poor,6.226,low
SEG-0035,2026-06-16,15.1,33.3,56.2,24.0,1216,14.64,0,1,2,mountain,weathered_rock,poor,6.724,medium
SEG-0035,2026-06-17,1.3,21.3,50.1,24.0,1216,14.64,0,1,2,mountain,weathered_rock,poor,6.161,low
SEG-0035,2026-06-18,13.4,29.8,59.2,24.0,1216,14.64,0,1,2,mountain,weathered_rock,poor,6.613,medium
SEG-0035,2026-06-19,8.4,23.1,58.6,24.0,1216,14.64,0,1,2,mountain,weathered_rock,poor,6.352,medium
SEG-0035,2026-06-20,17.1,38.9,73.5,24.0,1216,14.64,0,1,2,mountain,weathered_rock,poor,6.951,medium
SEG-0035,2026-06-21,6.1,31.6,66.3,24.0,1216,14.64,0,1,2,mountain,weathered_rock,poor,6.555,low
SEG-0035,2026-06-22,6.5,29.7,67.9,24.0,1216,14.64,0,1,2,mountain,weathered_rock,poor,6.517,medium
SEG-0035,2026-06-23,16.3,28.9,69.1,24.0,1216,14.64,0,1,2,mountain,weathered_rock,poor,6.666,medium
SEG-0035,2026-06-24,17.9,40.7,85.7,24.0,1216,14.64,0,1,2,mountain,weathered_rock,poor,7.045,medium
SEG-0035,2026-06-25,9.0,43.2,81.3,24.0,1216,14.64,0,1,2,mountain,weathered_rock,poor,6.947,medium
SEG-0035,2026-06-26,21.6,48.5,94.5,24.0,1216,14.64,0,1,2,mountain,weathered_rock,poor,7.335,medium
SEG-0035,2026-06-27,2.4,33.0,79.8,24.0,1216,14.64,0,1,2,mountain,weathered_rock,poor,6.565,medium
SEG-0035,2026-06-28,2.5,26.5,76.2,24.0,1216,14.64,0,1,2,mountain,weathered_rock,poor,6.388,low
SEG-0035,2026-06-29,43.3,48.2,113.0,24.0,1216,14.64,0,1,2,mountain,weathered_rock,poor,7.747,medium
SEG-0035,2026-06-30,32.1,77.9,128.8,24.0,1216,14.64,0,1,2,mountain,weathered_rock,poor,8.372,medium
SEG-0035,2026-07-01,6.7,82.1,117.6,24.0,1216,14.64,0,1,2,mountain,weathered_rock,poor,8.019,medium
SEG-0035,2026-07-02,82.3,121.1,190.9,24.0,1216,14.64,0,1,2,mountain,weathered_rock,poor,10.52,high
SEG-0035,2026-07-03,38.4,127.4,207.7,24.0,1216,14.64,0,1,2,mountain,weathered_rock,poor,9.984,medium
SEG-0035,2026-07-04,15.7,136.4,221.0,24.0,1216,14.64,0,1,2,mountain,weathered_rock,poor,9.868,high
SEG-0035,2026-07-05,21.7,75.8,240.2,24.0,1216,14.64,0,1,2,mountain,weathered_rock,poor,8.447,medium
SEG-0035,2026-07-06,9.6,47.0,206.5,24.0,1216,14.64,0,1,2,mountain,weathered_rock,poor,7.4,medium
SEG-0035,2026-07-07,5.9,37.2,180.3,24.0,1216,14.64,0,1,2,mountain,weathered_rock,poor,7.011,medium
SEG-0035,2026-07-08,22.3,37.8,195.9,24.0,1216,14.64,0,1,2,mountain,weathered_rock,poor,7.348,medium
SEG-0035,2026-07-09,1.8,30.0,115.4,24.0,1216,14.64,0,1,2,mountain,weathered_rock,poor,6.575,medium
SEG-0035,2026-07-10,22.1,46.2,99.1,24.0,1216,14.64,0,1,2,mountain,weathered_rock,poor,7.297,medium
SEG-0035,2026-07-11,2.4,26.3,85.8,24.0,1216,14.64,0,1,2,mountain,weathered_rock,poor,6.408,low
SEG-0035,2026-07-12,16.8,41.3,80.9,24.0,1216,14.64,0,1,2,mountain,weathered_rock,poor,7.029,medium
SEG-0035,2026-07-13,21.6,40.8,92.9,24.0,1216,14.64,0,1,2,mountain,weathered_rock,poor,7.131,medium
SEG-0035,2026-07-14,2.1,40.5,89.1,24.0,1216,14.64,0,1,2,mountain,weathered_rock,poor,6.781,medium
SEG-0035,2026-07-15,3.3,27.0,70.1,24.0,1216,14.64,0,1,2,mountain,weathered_rock,poor,6.398,low
SEG-0035,2026-07-16,11.3,16.7,79.6,24.0,1216,14.64,0,1,2,mountain,weathered_rock,poor,6.292,medium
SEG-0035,2026-07-17,5.7,20.3,63.2,24.0,1216,14.64,0,1,2,mountain,weathered_rock,poor,6.246,low
SEG-0035,2026-07-18,2.6,19.6,63.4,24.0,1216,14.64,0,1,2,mountain,weathered_rock,poor,6.175,low
SEG-0035,2026-07-19,3.6,11.9,50.2,24.0,1216,14.64,0,1,2,mountain,weathered_rock,poor,5.956,low
SEG-0035,2026-07-20,5.2,11.4,33.8,24.0,1216,14.64,0,1,2,mountain,weathered_rock,poor,5.925,low
SEG-0035,2026-07-21,9.7,18.5,41.4,24.0,1216,14.64,0,1,2,mountain,weathered_rock,poor,6.207,low
SEG-0035,2026-07-22,11.8,26.7,49.9,24.0,1216,14.64,0,1,2,mountain,weathered_rock,poor,6.479,low
SEG-0035,2026-07-23,19.3,40.8,57.9,24.0,1216,14.64,0,1,2,mountain,weathered_rock,poor,6.995,medium
SEG-0035,2026-07-24,12.5,43.6,64.7,24.0,1216,14.64,0,1,2,mountain,weathered_rock,poor,6.971,low
SEG-0035,2026-07-25,14.2,46.0,76.3,24.0,1216,14.64,0,1,2,mountain,weathered_rock,poor,7.094,medium
SEG-0035,2026-07-26,8.1,34.8,80.8,24.0,1216,14.64,0,1,2,mountain,weathered_rock,poor,6.712,low
SEG-0035,2026-07-27,12.0,34.3,87.6,24.0,1216,14.64,0,1,2,mountain,weathered_rock,poor,6.784,low
SEG-0035,2026-07-28,57.5,77.6,135.4,24.0,1216,14.64,0,1,2,mountain,weathered_rock,poor,8.815,medium
SEG-0035,2026-07-29,34.1,103.6,157.7,24.0,1216,14.64,0,1,2,mountain,weathered_rock,poor,9.154,medium
SEG-0035,2026-07-30,21.9,113.5,160.3,24.0,1216,14.64,0,1,2,mountain,weathered_rock,poor,9.211,medium
SEG-0035,2026-07-31,22.9,78.9,170.7,24.0,1216,14.64,0,1,2,mountain,weathered_rock,poor,8.357,medium
SEG-0035,2026-08-01,1.9,46.7,158.4,24.0,1216,14.64,0,1,2,mountain,weathered_rock,poor,7.129,medium
SEG-0035,2026-08-02,1.1,25.9,151.4,24.0,1216,14.64,0,1,2,mountain,weathered_rock,poor,6.556,low
SEG-0035,2026-08-03,0.1,3.1,139.5,24.0,1216,14.64,0,1,2,mountain,weathered_rock,poor,5.913,low
SEG-0035,2026-08-04,12.0,13.2,94.0,24.0,1216,14.64,0,1,2,mountain,weathered_rock,poor,6.253,low
SEG-0035,2026-08-05,0.2,12.3,60.1,24.0,1216,14.64,0,1,2,mountain,weathered_rock,poor,5.936,low
SEG-0035,2026-08-06,10.8,23.0,49.0,24.0,1216,14.64,0,1,2,mountain,weathered_rock,poor,6.364,low
SEG-0035,2026-08-07,8.3,19.3,34.4,24.0,1216,14.64,0,1,2,mountain,weathered_rock,poor,6.185,medium
SEG-0035,2026-08-08,4.5,23.6,37.0,24.0,1216,14.64,0,1,2,mountain,weathered_rock,poor,6.239,low
SEG-0035,2026-08-09,14.2,27.0,50.1,24.0,1216,14.64,0,1,2,mountain,weathered_rock,poor,6.528,medium
SEG-0035,2026-08-10,15.1,33.8,65.1,24.0,1216,14.64,0,1,2,mountain,weathered_rock,poor,6.762,medium
SEG-0035,2026-08-11,17.4,46.7,70.5,24.0,1216,14.64,0,1,2,mountain,weathered_rock,poor,7.151,medium
SEG-0035,2026-08-12,29.2,61.7,99.5,24.0,1216,14.64,0,1,2,mountain,weathered_rock,poor,7.821,medium
SEG-0035,2026-08-13,36.0,82.6,124.7,24.0,1216,14.64,0,1,2,mountain,weathered_rock,poor,8.55,medium
SEG-0035,2026-08-14,33.8,99.0,150.2,24.0,1216,14.64,0,1,2,mountain,weathered_rock,poor,9.009,medium
SEG-0035,2026-08-15,23.6,93.4,169.3,24.0,1216,14.64,0,1,2,mountain,weathered_rock,poor,8.742,medium
SEG-0035,2026-08-16,10.0,67.4,165.1,24.0,1216,14.64,0,1,2,mountain,weathered_rock,poor,7.824,medium
SEG-0035,2026-08-17,7.0,40.6,157.0,24.0,1216,14.64,0,1,2,mountain,weathered_rock,poor,7.054,medium
SEG-0035,2026-08-18,12.3,29.3,151.9,24.0,1216,14.64,0,1,2,mountain,weathered_rock,poor,6.836,medium
SEG-0035,2026-08-19,15.0,34.3,137.7,24.0,1216,14.64,0,1,2,mountain,weathered_rock,poor,6.973,medium
SEG-0035,2026-08-20,15.0,42.3,116.7,24.0,1216,14.64,0,1,2,mountain,weathered_rock,poor,7.123,medium
SEG-0035,2026-08-21,6.3,36.3,89.2,24.0,1216,14.64,0,1,2,mountain,weathered_rock,poor,6.743,low
SEG-0035,2026-08-22,35.9,57.2,101.5,24.0,1216,14.64,0,1,2,mountain,weathered_rock,poor,7.824,medium
SEG-0035,2026-08-23,29.9,72.1,121.4,24.0,1216,14.64,0,1,2,mountain,weathered_rock,poor,8.164,medium
SEG-0035,2026-08-24,34.7,100.5,149.1,24.0,1216,14.64,0,1,2,mountain,weathered_rock,poor,9.06,medium
SEG-0035,2026-08-25,4.4,69.0,141.2,24.0,1216,14.64,0,1,2,mountain,weathered_rock,poor,7.704,medium
SEG-0035,2026-08-26,2.6,41.7,128.8,24.0,1216,14.64,0,1,2,mountain,weathered_rock,poor,6.93,medium
SEG-0035,2026-08-27,16.4,23.4,130.2,24.0,1216,14.64,0,1,2,mountain,weathered_rock,poor,6.692,medium
SEG-0035,2026-08-28,13.2,32.2,137.1,24.0,1216,14.64,0,1,2,mountain,weathered_rock,poor,6.886,low
SEG-0035,2026-08-29,8.4,38.0,109.6,24.0,1216,14.64,0,1,2,mountain,weathered_rock,poor,6.879,low
SEG-0035,2026-08-30,9.7,31.3,89.4,24.0,1216,14.64,0,1,2,mountain,weathered_rock,poor,6.672,medium
SEG-0035,2026-08-31,9.3,27.4,64.0,24.0,1216,14.64,0,1,2,mountain,weathered_rock,poor,6.494,low
SEG-0035,2026-09-01,4.2,23.2,63.8,24.0,1216,14.64,0,1,2,mountain,weathered_rock,poor,6.297,medium
SEG-0035,2026-09-02,5.8,19.3,67.0,24.0,1216,14.64,0,1,2,mountain,weathered_rock,poor,6.232,low
SEG-0035,2026-09-03,10.2,20.2,60.8,24.0,1216,14.64,0,1,2,mountain,weathered_rock,poor,6.313,low
SEG-0035,2026-09-04,2.7,18.7,50.3,24.0,1216,14.64,0,1,2,mountain,weathered_rock,poor,6.118,low
SEG-0035,2026-09-05,11.8,24.7,53.7,24.0,1216,14.64,0,1,2,mountain,weathered_rock,poor,6.438,low
SEG-0035,2026-09-06,2.9,17.4,46.9,24.0,1216,14.64,0,1,2,mountain,weathered_rock,poor,6.078,low
SEG-0035,2026-09-07,11.2,25.9,48.8,24.0,1216,14.64,0,1,2,mountain,weathered_rock,poor,6.445,medium
SEG-0035,2026-09-08,7.6,21.7,52.2,24.0,1216,14.64,0,1,2,mountain,weathered_rock,poor,6.284,medium
SEG-0035,2026-09-09,2.2,21.0,48.6,24.0,1216,14.64,0,1,2,mountain,weathered_rock,poor,6.164,low
SEG-0035,2026-09-10,2.7,12.5,41.1,24.0,1216,14.64,0,1,2,mountain,weathered_rock,poor,5.931,low
SEG-0035,2026-09-11,9.5,14.4,47.9,24.0,1216,14.64,0,1,2,mountain,weathered_rock,poor,6.115,low
SEG-0035,2026-09-12,41.4,53.6,77.5,24.0,1216,14.64,0,1,2,mountain,weathered_rock,poor,7.758,medium
SEG-0035,2026-09-13,22.2,73.1,96.8,24.0,1216,14.64,0,1,2,mountain,weathered_rock,poor,7.991,medium
SEG-0035,2026-09-14,21.5,85.1,107.1,24.0,1216,14.64,0,1,2,mountain,weathered_rock,poor,8.32,medium
SEG-0035,2026-09-15,21.9,65.6,121.4,24.0,1216,14.64,0,1,2,mountain,weathered_rock,poor,7.859,medium
SEG-0035,2026-09-16,10.7,54.1,129.9,24.0,1216,14.64,0,1,2,mountain,weathered_rock,poor,7.393,medium
SEG-0036,2026-05-20,7.6,7.6,7.6,38.8,1084,16.71,5,0,2,mountain,weathered_rock,good,9.405,high
SEG-0036,2026-05-21,1.3,8.9,8.9,38.8,1084,16.71,5,0,2,mountain,weathered_rock,good,9.336,medium
SEG-0036,2026-05-22,0.9,9.8,9.8,38.8,1084,16.71,5,0,2,mountain,weathered_rock,good,9.355,medium
SEG-0036,2026-05-23,2.5,4.7,12.3,38.8,1084,16.71,5,0,2,mountain,weathered_rock,good,9.256,medium
SEG-0036,2026-05-24,11.9,15.3,24.2,38.8,1084,16.71,5,0,2,mountain,weathered_rock,good,9.724,medium
SEG-0036,2026-05-25,0.9,15.3,25.1,38.8,1084,16.71,5,0,2,mountain,weathered_rock,good,9.54,medium
SEG-0036,2026-05-26,34.6,47.4,59.7,38.8,1084,16.71,5,0,2,mountain,weathered_rock,good,11.043,high
SEG-0036,2026-05-27,17.3,52.8,69.4,38.8,1084,16.71,5,0,2,mountain,weathered_rock,good,10.916,high
SEG-0036,2026-05-28,27.1,79.0,95.2,38.8,1084,16.71,5,0,2,mountain,weathered_rock,good,11.834,high
SEG-0036,2026-05-29,15.8,60.2,110.1,38.8,1084,16.71,5,0,2,mountain,weathered_rock,good,11.194,high
SEG-0036,2026-05-30,9.4,52.3,117.0,38.8,1084,16.71,5,0,2,mountain,weathered_rock,good,10.899,high
SEG-0036,2026-05-31,11.4,36.6,116.5,38.8,1084,16.71,5,0,2,mountain,weathered_rock,good,10.524,high
SEG-0036,2026-06-01,13.0,33.8,128.6,38.8,1084,16.71,5,0,2,mountain,weathered_rock,good,10.511,high
SEG-0036,2026-06-02,3.3,27.7,97.3,38.8,1084,16.71,5,0,2,mountain,weathered_rock,good,10.102,high
SEG-0036,2026-06-03,0.5,16.8,80.5,38.8,1084,16.71,5,0,2,mountain,weathered_rock,good,9.724,medium
SEG-0036,2026-06-04,13.4,17.2,66.8,38.8,1084,16.71,5,0,2,mountain,weathered_rock,good,9.916,medium
SEG-0036,2026-06-05,13.9,27.8,64.9,38.8,1084,16.71,5,0,2,mountain,weathered_rock,good,10.195,high
SEG-0036,2026-06-06,9.1,36.4,64.6,38.8,1084,16.71,5,0,2,mountain,weathered_rock,good,10.337,high
SEG-0036,2026-06-07,20.2,43.2,73.4,38.8,1084,16.71,5,0,2,mountain,weathered_rock,good,10.726,high
SEG-0036,2026-06-08,20.8,50.1,81.2,38.8,1084,16.71,5,0,2,mountain,weathered_rock,good,10.937,high
SEG-0036,2026-06-09,1.9,42.9,79.8,38.8,1084,16.71,5,0,2,mountain,weathered_rock,good,10.425,high
SEG-0036,2026-06-10,20.1,42.8,99.4,38.8,1084,16.71,5,0,2,mountain,weathered_rock,good,10.786,high
SEG-0036,2026-06-11,1.1,23.1,87.1,38.8,1084,16.71,5,0,2,mountain,weathered_rock,good,9.917,medium
SEG-0036,2026-06-12,18.4,39.6,91.6,38.8,1084,16.71,5,0,2,mountain,weathered_rock,good,10.652,high
SEG-0036,2026-06-13,10.1,29.6,92.6,38.8,1084,16.71,5,0,2,mountain,weathered_rock,good,10.254,high
SEG-0036,2026-06-14,17.7,46.2,90.1,38.8,1084,16.71,5,0,2,mountain,weathered_rock,good,10.808,high
SEG-0036,2026-06-15,77.6,105.4,146.9,38.8,1084,16.71,5,0,2,mountain,weathered_rock,good,13.521,high
SEG-0036,2026-06-16,35.3,130.6,180.3,38.8,1084,16.71,5,0,2,mountain,weathered_rock,good,13.549,high
SEG-0036,2026-06-17,18.5,131.4,178.7,38.8,1084,16.71,5,0,2,mountain,weathered_rock,good,13.28,high
SEG-0036,2026-06-18,21.0,74.8,198.6,38.8,1084,16.71,5,0,2,mountain,weathered_rock,good,11.906,high
SEG-0036,2026-06-19,15.9,55.4,196.1,38.8,1084,16.71,5,0,2,mountain,weathered_rock,good,11.308,high
SEG-0036,2026-06-20,49.7,86.6,235.7,38.8,1084,16.71,5,0,2,mountain,weathered_rock,good,12.802,high
SEG-0036,2026-06-21,33.8,99.4,251.8,38.8,1084,16.71,5,0,2,mountain,weathered_rock,good,12.909,high
SEG-0036,2026-06-22,32.2,115.7,206.4,38.8,1084,16.71,5,0,2,mountain,weathered_rock,good,13.181,high
SEG-0036,2026-06-23,14.4,80.4,185.5,38.8,1084,16.71,5,0,2,mountain,weathered_rock,good,11.903,high
SEG-0036,2026-06-24,19.3,65.9,186.3,38.8,1084,16.71,5,0,2,mountain,weathered_rock,good,11.612,high
SEG-0036,2026-06-25,57.0,90.7,222.3,38.8,1084,16.71,5,0,2,mountain,weathered_rock,good,12.996,high
SEG-0036,2026-06-26,40.3,116.6,246.7,38.8,1084,16.71,5,0,2,mountain,weathered_rock,good,13.453,high
SEG-0036,2026-06-27,40.4,137.7,237.4,38.8,1084,16.71,5,0,2,mountain,weathered_rock,good,13.978,high
SEG-0036,2026-06-28,15.9,96.6,219.5,38.8,1084,16.71,5,0,2,mountain,weathered_rock,good,12.443,high
SEG-0036,2026-06-29,16.4,72.7,203.7,38.8,1084,16.71,5,0,2,mountain,weathered_rock,good,11.787,high
SEG-0036,2026-06-30,9.6,41.9,198.9,38.8,1084,16.71,5,0,2,mountain,weathered_rock,good,10.857,high
SEG-0036,2026-07-01,5.1,31.1,184.7,38.8,1084,16.71,5,0,2,mountain,weathered_rock,good,10.461,high
SEG-0036,2026-07-02,11.8,26.5,139.5,38.8,1084,16.71,5,0,2,mountain,weathered_rock,good,10.331,high
SEG-0036,2026-07-03,12.6,29.5,111.8,38.8,1084,16.71,5,0,2,mountain,weathered_rock,good,10.346,high
SEG-0036,2026-07-04,21.2,45.6,92.6,38.8,1084,16.71,5,0,2,mountain,weathered_rock,good,10.858,high
SEG-0036,2026-07-05,3.8,37.6,80.5,38.8,1084,16.71,5,0,2,mountain,weathered_rock,good,10.321,high
SEG-0036,2026-07-06,5.2,30.2,69.3,38.8,1084,16.71,5,0,2,mountain,weathered_rock,good,10.122,high
SEG-0036,2026-07-07,12.7,21.7,72.4,38.8,1084,16.71,5,0,2,mountain,weathered_rock,good,10.037,high
SEG-0036,2026-07-08,12.0,29.9,79.3,38.8,1084,16.71,5,0,2,mountain,weathered_rock,good,10.257,high
SEG-0036,2026-07-09,6.4,31.1,73.9,38.8,1084,16.71,5,0,2,mountain,weathered_rock,good,10.178,high
SEG-0036,2026-07-10,70.3,88.7,131.6,38.8,1084,16.71,5,0,2,mountain,weathered_rock,good,12.921,high
SEG-0036,2026-07-11,42.8,119.5,153.2,38.8,1084,16.71,5,0,2,mountain,weathered_rock,good,13.314,high
SEG-0036,2026-07-12,31.2,144.3,180.6,38.8,1084,16.71,5,0,2,mountain,weathered_rock,good,13.837,high
SEG-0036,2026-07-13,6.9,80.9,182.3,38.8,1084,16.71,5,0,2,mountain,weathered_rock,good,11.78,high
SEG-0036,2026-07-14,18.1,56.2,187.7,38.8,1084,16.71,5,0,2,mountain,weathered_rock,good,11.343,high
SEG-0036,2026-07-15,8.0,33.0,183.7,38.8,1084,16.71,5,0,2,mountain,weathered_rock,good,10.557,high
SEG-0036,2026-07-16,15.3,41.4,192.6,38.8,1084,16.71,5,0,2,mountain,weathered_rock,good,10.924,high
SEG-0036,2026-07-17,22.3,45.6,144.6,38.8,1084,16.71,5,0,2,mountain,weathered_rock,good,11.02,high
SEG-0036,2026-07-18,19.5,57.1,121.3,38.8,1084,16.71,5,0,2,mountain,weathered_rock,good,11.207,high
SEG-0036,2026-07-19,54.3,96.1,144.4,38.8,1084,16.71,5,0,2,mountain,weathered_rock,good,12.877,high
SEG-0036,2026-07-20,27.2,101.0,164.7,38.8,1084,16.71,5,0,2,mountain,weathered_rock,good,12.599,high
SEG-0036,2026-07-21,41.6,123.1,188.2,38.8,1084,16.71,5,0,2,mountain,weathered_rock,good,13.483,high
SEG-0036,2026-07-22,37.7,106.5,217.9,38.8,1084,16.71,5,0,2,mountain,weathered_rock,good,13.067,high
SEG-0036,2026-07-23,12.1,91.4,214.7,38.8,1084,16.71,5,0,2,mountain,weathered_rock,good,12.23,high
SEG-0036,2026-07-24,1.7,51.5,194.1,38.8,1084,16.71,5,0,2,mountain,weathered_rock,good,10.959,high
SEG-0036,2026-07-25,12.5,26.3,187.1,38.8,1084,16.71,5,0,2,mountain,weathered_rock,good,10.469,high
SEG-0036,2026-07-26,9.9,24.1,142.7,38.8,1084,16.71,5,0,2,mountain,weathered_rock,good,10.245,high
SEG-0036,2026-07-27,10.4,32.8,125.9,38.8,1084,16.71,5,0,2,mountain,weathered_rock,good,10.434,high
SEG-0036,2026-07-28,11.8,32.1,96.1,38.8,1084,16.71,5,0,2,mountain,weathered_rock,good,10.357,high
SEG-0036,2026-07-29,7.1,29.3,65.5,38.8,1084,16.71,5,0,2,mountain,weathered_rock,good,10.12,high
SEG-0036,2026-07-30,8.3,27.2,61.7,38.8,1084,16.71,5,0,2,mountain,weathered_rock,good,10.076,high
SEG-0036,2026-07-31,1.0,16.4,61.0,38.8,1084,16.71,5,0,2,mountain,weathered_rock,good,9.669,high
SEG-0036,2026-08-01,15.5,24.8,64.0,38.8,1084,16.71,5,0,2,mountain,weathered_rock,good,10.142,high
SEG-0036,2026-08-02,8.3,24.8,62.4,38.8,1084,16.71,5,0,2,mountain,weathered_rock,good,10.015,medium
SEG-0036,2026-08-03,4.7,28.5,56.7,38.8,1084,16.71,5,0,2,mountain,weathered_rock,good,10.035,high
SEG-0036,2026-08-04,7.2,20.2,52.1,38.8,1084,16.71,5,0,2,mountain,weathered_rock,good,9.849,medium
SEG-0036,2026-08-05,1.5,13.4,46.5,38.8,1084,16.71,5,0,2,mountain,weathered_rock,good,9.56,medium
SEG-0036,2026-08-06,8.3,17.0,46.5,38.8,1084,16.71,5,0,2,mountain,weathered_rock,good,9.769,high
SEG-0036,2026-08-07,14.5,24.3,60.0,38.8,1084,16.71,5,0,2,mountain,weathered_rock,good,10.101,high
SEG-0036,2026-08-08,11.3,34.1,55.8,38.8,1084,16.71,5,0,2,mountain,weathered_rock,good,10.29,high
SEG-0036,2026-08-09,12.1,37.9,59.6,38.8,1084,16.71,5,0,2,mountain,weathered_rock,good,10.413,high
SEG-0036,2026-08-10,16.4,39.8,71.3,38.8,1084,16.71,5,0,2,mountain,weathered_rock,good,10.567,high
SEG-0036,2026-08-11,12.9,41.4,77.0,38.8,1084,16.71,5,0,2,mountain,weathered_rock,good,10.565,high
SEG-0036,2026-08-12,9.0,38.3,84.5,38.8,1084,16.71,5,0,2,mountain,weathered_rock,good,10.439,high
SEG-0036,2026-08-13,15.1,37.0,91.3,38.8,1084,16.71,5,0,2,mountain,weathered_rock,good,10.528,high
SEG-0036,2026-08-14,12.7,36.8,89.5,38.8,1084,16.71,5,0,2,mountain,weathered_rock,good,10.477,high
SEG-0036,2026-08-15,18.1,45.9,96.3,38.8,1084,16.71,5,0,2,mountain,weathered_rock,good,10.824,high
SEG-0036,2026-08-16,15.7,46.5,99.9,38.8,1084,16.71,5,0,2,mountain,weathered_rock,good,10.808,high
SEG-0036,2026-08-17,12.0,45.8,95.5,38.8,1084,16.71,5,0,2,mountain,weathered_rock,good,10.715,high
SEG-0036,2026-08-18,9.1,36.8,91.7,38.8,1084,16.71,5,0,2,mountain,weathered_rock,good,10.421,high
SEG-0036,2026-08-19,8.9,30.0,91.6,38.8,1084,16.71,5,0,2,mountain,weathered_rock,good,10.241,high
SEG-0036,2026-08-20,12.1,30.1,88.6,38.8,1084,16.71,5,0,2,mountain,weathered_rock,good,10.29,high
SEG-0036,2026-08-21,0.3,21.3,76.2,38.8,1084,16.71,5,0,2,mountain,weathered_rock,good,9.826,high
SEG-0036,2026-08-22,10.9,23.3,69.0,38.8,1084,16.71,5,0,2,mountain,weathered_rock,good,10.039,high
SEG-0036,2026-08-23,2.8,14.0,56.1,38.8,1084,16.71,5,0,2,mountain,weathered_rock,good,9.624,medium
SEG-0036,2026-08-24,3.5,17.2,47.6,38.8,1084,16.71,5,0,2,mountain,weathered_rock,good,9.695,medium
SEG-0036,2026-08-25,8.1,14.4,46.6,38.8,1084,16.71,5,0,2,mountain,weathered_rock,good,9.698,medium
SEG-0036,2026-08-26,8.1,19.7,45.8,38.8,1084,16.71,5,0,2,mountain,weathered_rock,good,9.834,medium
SEG-0036,2026-08-27,14.8,31.0,48.5,38.8,1084,16.71,5,0,2,mountain,weathered_rock,good,10.249,high
SEG-0036,2026-08-28,10.4,33.3,58.6,38.8,1084,16.71,5,0,2,mountain,weathered_rock,good,10.262,high
SEG-0036,2026-08-29,14.0,39.2,61.7,38.8,1084,16.71,5,0,2,mountain,weathered_rock,good,10.485,high
SEG-0036,2026-08-30,1.4,25.8,60.3,38.8,1084,16.71,5,0,2,mountain,weathered_rock,good,9.918,high
SEG-0036,2026-08-31,13.7,29.1,70.5,38.8,1084,16.71,5,0,2,mountain,weathered_rock,good,10.241,medium
SEG-0036,2026-09-01,31.8,46.9,94.2,38.8,1084,16.71,5,0,2,mountain,weathered_rock,good,11.077,high
SEG-0036,2026-09-02,18.3,63.8,104.4,38.8,1084,16.71,5,0,2,mountain,weathered_rock,good,11.315,high
SEG-0036,2026-09-03,23.8,73.9,113.4,38.8,1084,16.71,5,0,2,mountain,weathered_rock,good,11.696,high
SEG-0036,2026-09-04,18.4,60.5,121.4,38.8,1084,16.71,5,0,2,mountain,weathered_rock,good,11.277,high
SEG-0036,2026-09-05,11.1,53.3,118.5,38.8,1084,16.71,5,0,2,mountain,weathered_rock,good,10.958,high
SEG-0036,2026-09-06,23.5,53.0,140.6,38.8,1084,16.71,5,0,2,mountain,weathered_rock,good,11.222,high
SEG-0036,2026-09-07,24.1,58.7,151.0,38.8,1084,16.71,5,0,2,mountain,weathered_rock,good,11.409,high
SEG-0036,2026-09-08,7.6,55.2,126.8,38.8,1084,16.71,5,0,2,mountain,weathered_rock,good,10.971,high
SEG-0036,2026-09-09,5.5,37.2,114.0,38.8,1084,16.71,5,0,2,mountain,weathered_rock,good,10.432,high
SEG-0036,2026-09-10,5.2,18.3,95.4,38.8,1084,16.71,5,0,2,mountain,weathered_rock,good,9.884,medium
SEG-0036,2026-09-11,2.5,13.2,79.5,38.8,1084,16.71,5,0,2,mountain,weathered_rock,good,9.662,medium
SEG-0036,2026-09-12,8.5,16.2,76.9,38.8,1084,16.71,5,0,2,mountain,weathered_rock,good,9.835,high
SEG-0036,2026-09-13,1.9,12.9,55.3,38.8,1084,16.71,5,0,2,mountain,weathered_rock,good,9.578,medium
SEG-0036,2026-09-14,8.5,18.9,39.7,38.8,1084,16.71,5,0,2,mountain,weathered_rock,good,9.803,high
SEG-0036,2026-09-15,10.1,20.5,42.2,38.8,1084,16.71,5,0,2,mountain,weathered_rock,good,9.879,high
SEG-0036,2026-09-16,1.3,19.9,38.0,38.8,1084,16.71,5,0,2,mountain,weathered_rock,good,9.702,high
SEG-0037,2026-05-20,24.5,24.5,24.5,38.7,1405,16.29,2,3,2,mountain,weathered_rock,poor,10.158,high
SEG-0037,2026-05-21,27.9,52.4,52.4,38.7,1405,16.29,2,3,2,mountain,weathered_rock,poor,11.018,high
SEG-0037,2026-05-22,16.2,68.6,68.6,38.7,1405,16.29,2,3,2,mountain,weathered_rock,poor,11.285,high
SEG-0037,2026-05-23,8.3,52.4,76.9,38.7,1405,16.29,2,3,2,mountain,weathered_rock,poor,10.752,high
SEG-0037,2026-05-24,45.1,69.6,122.0,38.7,1405,16.29,2,3,2,mountain,weathered_rock,poor,11.949,high
SEG-0037,2026-05-25,22.7,76.1,144.7,38.7,1405,16.29,2,3,2,mountain,weathered_rock,poor,11.8,high
SEG-0037,2026-05-26,20.0,87.8,164.7,38.7,1405,16.29,2,3,2,mountain,weathered_rock,poor,12.113,high
SEG-0037,2026-05-27,18.1,60.8,158.3,38.7,1405,16.29,2,3,2,mountain,weathered_rock,poor,11.361,high
SEG-0037,2026-05-28,3.1,41.2,133.5,38.7,1405,16.29,2,3,2,mountain,weathered_rock,poor,10.528,high
SEG-0037,2026-05-29,11.3,32.5,128.6,38.7,1405,16.29,2,3,2,mountain,weathered_rock,poor,10.428,high
SEG-0037,2026-05-30,0.8,15.2,121.1,38.7,1405,16.29,2,3,2,mountain,weathered_rock,poor,9.779,medium
SEG-0037,2026-05-31,6.7,18.8,82.7,38.7,1405,16.29,2,3,2,mountain,weathered_rock,poor,9.867,high
SEG-0037,2026-06-01,7.9,15.4,67.9,38.7,1405,16.29,2,3,2,mountain,weathered_rock,poor,9.759,high
SEG-0037,2026-06-02,15.0,29.6,62.9,38.7,1405,16.29,2,3,2,mountain,weathered_rock,poor,10.235,high
SEG-0037,2026-06-03,1.4,24.3,46.2,38.7,1405,16.29,2,3,2,mountain,weathered_rock,poor,9.82,medium
SEG-0037,2026-06-04,13.9,30.3,57.0,38.7,1405,16.29,2,3,2,mountain,weathered_rock,poor,10.218,high
SEG-0037,2026-06-05,21.6,36.9,67.3,38.7,1405,16.29,2,3,2,mountain,weathered_rock,poor,10.549,high
SEG-0037,2026-06-06,9.6,45.1,76.1,38.7,1405,16.29,2,3,2,mountain,weathered_rock,poor,10.582,high
SEG-0037,2026-06-07,5.1,36.3,74.5,38.7,1405,16.29,2,3,2,mountain,weathered_rock,poor,10.273,high
SEG-0037,2026-06-08,13.8,28.5,80.4,38.7,1405,16.29,2,3,2,mountain,weathered_rock,poor,10.234,high
SEG-0037,2026-06-09,19.1,38.0,84.5,38.7,1405,16.29,2,3,2,mountain,weathered_rock,poor,10.582,high
SEG-0037,2026-06-10,7.4,40.3,90.5,38.7,1405,16.29,2,3,2,mountain,weathered_rock,poor,10.46,high
SEG-0037,2026-06-11,4.3,30.8,80.9,38.7,1405,16.29,2,3,2,mountain,weathered_rock,poor,10.134,high
SEG-0037,2026-06-12,9.0,20.7,68.3,38.7,1405,16.29,2,3,2,mountain,weathered_rock,poor,9.916,medium
SEG-0037,2026-06-13,2.2,15.5,60.9,38.7,1405,16.29,2,3,2,mountain,weathered_rock,poor,9.645,high
SEG-0037,2026-06-14,13.3,24.5,69.1,38.7,1405,16.29,2,3,2,mountain,weathered_rock,poor,10.09,high
SEG-0037,2026-06-15,4.9,20.4,60.2,38.7,1405,16.29,2,3,2,mountain,weathered_rock,poor,9.816,medium
SEG-0037,2026-06-16,15.1,33.3,56.2,38.7,1405,16.29,2,3,2,mountain,weathered_rock,poor,10.314,medium
SEG-0037,2026-06-17,1.3,21.3,50.1,38.7,1405,16.29,2,3,2,mountain,weathered_rock,poor,9.751,medium
SEG-0037,2026-06-18,13.4,29.8,59.2,38.7,1405,16.29,2,3,2,mountain,weathered_rock,poor,10.203,high
SEG-0037,2026-06-19,8.4,23.1,58.6,38.7,1405,16.29,2,3,2,mountain,weathered_rock,poor,9.942,medium
SEG-0037,2026-06-20,17.1,38.9,73.5,38.7,1405,16.29,2,3,2,mountain,weathered_rock,poor,10.541,high
SEG-0037,2026-06-21,6.1,31.6,66.3,38.7,1405,16.29,2,3,2,mountain,weathered_rock,poor,10.145,high
SEG-0037,2026-06-22,6.5,29.7,67.9,38.7,1405,16.29,2,3,2,mountain,weathered_rock,poor,10.107,high
SEG-0037,2026-06-23,16.3,28.9,69.1,38.7,1405,16.29,2,3,2,mountain,weathered_rock,poor,10.256,high
SEG-0037,2026-06-24,17.9,40.7,85.7,38.7,1405,16.29,2,3,2,mountain,weathered_rock,poor,10.635,high
SEG-0037,2026-06-25,9.0,43.2,81.3,38.7,1405,16.29,2,3,2,mountain,weathered_rock,poor,10.537,high
SEG-0037,2026-06-26,21.6,48.5,94.5,38.7,1405,16.29,2,3,2,mountain,weathered_rock,poor,10.925,high
SEG-0037,2026-06-27,2.4,33.0,79.8,38.7,1405,16.29,2,3,2,mountain,weathered_rock,poor,10.155,high
SEG-0037,2026-06-28,2.5,26.5,76.2,38.7,1405,16.29,2,3,2,mountain,weathered_rock,poor,9.978,high
SEG-0037,2026-06-29,43.3,48.2,113.0,38.7,1405,16.29,2,3,2,mountain,weathered_rock,poor,11.337,high
SEG-0037,2026-06-30,32.1,77.9,128.8,38.7,1405,16.29,2,3,2,mountain,weathered_rock,poor,11.963,high
SEG-0037,2026-07-01,6.7,82.1,117.6,38.7,1405,16.29,2,3,2,mountain,weathered_rock,poor,11.609,high
SEG-0037,2026-07-02,82.3,121.1,190.9,38.7,1405,16.29,2,3,2,mountain,weathered_rock,poor,14.11,high
SEG-0037,2026-07-03,38.4,127.4,207.7,38.7,1405,16.29,2,3,2,mountain,weathered_rock,poor,13.574,high
SEG-0037,2026-07-04,15.7,136.4,221.0,38.7,1405,16.29,2,3,2,mountain,weathered_rock,poor,13.458,high
SEG-0037,2026-07-05,21.7,75.8,240.2,38.7,1405,16.29,2,3,2,mountain,weathered_rock,poor,12.037,high
SEG-0037,2026-07-06,9.6,47.0,206.5,38.7,1405,16.29,2,3,2,mountain,weathered_rock,poor,10.99,high
SEG-0037,2026-07-07,5.9,37.2,180.3,38.7,1405,16.29,2,3,2,mountain,weathered_rock,poor,10.601,high
SEG-0037,2026-07-08,22.3,37.8,195.9,38.7,1405,16.29,2,3,2,mountain,weathered_rock,poor,10.938,high
SEG-0037,2026-07-09,1.8,30.0,115.4,38.7,1405,16.29,2,3,2,mountain,weathered_rock,poor,10.165,high
SEG-0037,2026-07-10,22.1,46.2,99.1,38.7,1405,16.29,2,3,2,mountain,weathered_rock,poor,10.887,high
SEG-0037,2026-07-11,2.4,26.3,85.8,38.7,1405,16.29,2,3,2,mountain,weathered_rock,poor,9.998,high
SEG-0037,2026-07-12,16.8,41.3,80.9,38.7,1405,16.29,2,3,2,mountain,weathered_rock,poor,10.619,high
SEG-0037,2026-07-13,21.6,40.8,92.9,38.7,1405,16.29,2,3,2,mountain,weathered_rock,poor,10.721,high
SEG-0037,2026-07-14,2.1,40.5,89.1,38.7,1405,16.29,2,3,2,mountain,weathered_rock,poor,10.371,high
SEG-0037,2026-07-15,3.3,27.0,70.1,38.7,1405,16.29,2,3,2,mountain,weathered_rock,poor,9.988,medium
SEG-0037,2026-07-16,11.3,16.7,79.6,38.7,1405,16.29,2,3,2,mountain,weathered_rock,poor,9.882,medium
SEG-0037,2026-07-17,5.7,20.3,63.2,38.7,1405,16.29,2,3,2,mountain,weathered_rock,poor,9.836,high
SEG-0037,2026-07-18,2.6,19.6,63.4,38.7,1405,16.29,2,3,2,mountain,weathered_rock,poor,9.765,high
SEG-0037,2026-07-19,3.6,11.9,50.2,38.7,1405,16.29,2,3,2,mountain,weathered_rock,poor,9.546,medium
SEG-0037,2026-07-20,5.2,11.4,33.8,38.7,1405,16.29,2,3,2,mountain,weathered_rock,poor,9.515,medium
SEG-0037,2026-07-21,9.7,18.5,41.4,38.7,1405,16.29,2,3,2,mountain,weathered_rock,poor,9.797,high
SEG-0037,2026-07-22,11.8,26.7,49.9,38.7,1405,16.29,2,3,2,mountain,weathered_rock,poor,10.069,high
SEG-0037,2026-07-23,19.3,40.8,57.9,38.7,1405,16.29,2,3,2,mountain,weathered_rock,poor,10.585,high
SEG-0037,2026-07-24,12.5,43.6,64.7,38.7,1405,16.29,2,3,2,mountain,weathered_rock,poor,10.561,high
SEG-0037,2026-07-25,14.2,46.0,76.3,38.7,1405,16.29,2,3,2,mountain,weathered_rock,poor,10.684,high
SEG-0037,2026-07-26,8.1,34.8,80.8,38.7,1405,16.29,2,3,2,mountain,weathered_rock,poor,10.302,high
SEG-0037,2026-07-27,12.0,34.3,87.6,38.7,1405,16.29,2,3,2,mountain,weathered_rock,poor,10.374,high
SEG-0037,2026-07-28,57.5,77.6,135.4,38.7,1405,16.29,2,3,2,mountain,weathered_rock,poor,12.405,high
SEG-0037,2026-07-29,34.1,103.6,157.7,38.7,1405,16.29,2,3,2,mountain,weathered_rock,poor,12.744,high
SEG-0037,2026-07-30,21.9,113.5,160.3,38.7,1405,16.29,2,3,2,mountain,weathered_rock,poor,12.801,high
SEG-0037,2026-07-31,22.9,78.9,170.7,38.7,1405,16.29,2,3,2,mountain,weathered_rock,poor,11.947,high
SEG-0037,2026-08-01,1.9,46.7,158.4,38.7,1405,16.29,2,3,2,mountain,weathered_rock,poor,10.719,high
SEG-0037,2026-08-02,1.1,25.9,151.4,38.7,1405,16.29,2,3,2,mountain,weathered_rock,poor,10.146,high
SEG-0037,2026-08-03,0.1,3.1,139.5,38.7,1405,16.29,2,3,2,mountain,weathered_rock,poor,9.503,medium
SEG-0037,2026-08-04,12.0,13.2,94.0,38.7,1405,16.29,2,3,2,mountain,weathered_rock,poor,9.843,high
SEG-0037,2026-08-05,0.2,12.3,60.1,38.7,1405,16.29,2,3,2,mountain,weathered_rock,poor,9.526,medium
SEG-0037,2026-08-06,10.8,23.0,49.0,38.7,1405,16.29,2,3,2,mountain,weathered_rock,poor,9.954,high
SEG-0037,2026-08-07,8.3,19.3,34.4,38.7,1405,16.29,2,3,2,mountain,weathered_rock,poor,9.775,high
SEG-0037,2026-08-08,4.5,23.6,37.0,38.7,1405,16.29,2,3,2,mountain,weathered_rock,poor,9.829,high
SEG-0037,2026-08-09,14.2,27.0,50.1,38.7,1405,16.29,2,3,2,mountain,weathered_rock,poor,10.118,medium
SEG-0037,2026-08-10,15.1,33.8,65.1,38.7,1405,16.29,2,3,2,mountain,weathered_rock,poor,10.352,high
SEG-0037,2026-08-11,17.4,46.7,70.5,38.7,1405,16.29,2,3,2,mountain,weathered_rock,poor,10.741,high
SEG-0037,2026-08-12,29.2,61.7,99.5,38.7,1405,16.29,2,3,2,mountain,weathered_rock,poor,11.411,high
SEG-0037,2026-08-13,36.0,82.6,124.7,38.7,1405,16.29,2,3,2,mountain,weathered_rock,poor,12.14,high
SEG-0037,2026-08-14,33.8,99.0,150.2,38.7,1405,16.29,2,3,2,mountain,weathered_rock,poor,12.599,high
SEG-0037,2026-08-15,23.6,93.4,169.3,38.7,1405,16.29,2,3,2,mountain,weathered_rock,poor,12.332,high
SEG-0037,2026-08-16,10.0,67.4,165.1,38.7,1405,16.29,2,3,2,mountain,weathered_rock,poor,11.414,high
SEG-0037,2026-08-17,7.0,40.6,157.0,38.7,1405,16.29,2,3,2,mountain,weathered_rock,poor,10.644,high
SEG-0037,2026-08-18,12.3,29.3,151.9,38.7,1405,16.29,2,3,2,mountain,weathered_rock,poor,10.426,high
SEG-0037,2026-08-19,15.0,34.3,137.7,38.7,1405,16.29,2,3,2,mountain,weathered_rock,poor,10.563,high
SEG-0037,2026-08-20,15.0,42.3,116.7,38.7,1405,16.29,2,3,2,mountain,weathered_rock,poor,10.713,high
SEG-0037,2026-08-21,6.3,36.3,89.2,38.7,1405,16.29,2,3,2,mountain,weathered_rock,poor,10.333,high
SEG-0037,2026-08-22,35.9,57.2,101.5,38.7,1405,16.29,2,3,2,mountain,weathered_rock,poor,11.414,high
SEG-0037,2026-08-23,29.9,72.1,121.4,38.7,1405,16.29,2,3,2,mountain,weathered_rock,poor,11.754,high
SEG-0037,2026-08-24,34.7,100.5,149.1,38.7,1405,16.29,2,3,2,mountain,weathered_rock,poor,12.65,high
SEG-0037,2026-08-25,4.4,69.0,141.2,38.7,1405,16.29,2,3,2,mountain,weathered_rock,poor,11.294,high
SEG-0037,2026-08-26,2.6,41.7,128.8,38.7,1405,16.29,2,3,2,mountain,weathered_rock,poor,10.52,high
SEG-0037,2026-08-27,16.4,23.4,130.2,38.7,1405,16.29,2,3,2,mountain,weathered_rock,poor,10.283,high
SEG-0037,2026-08-28,13.2,32.2,137.1,38.7,1405,16.29,2,3,2,mountain,weathered_rock,poor,10.476,high
SEG-0037,2026-08-29,8.4,38.0,109.6,38.7,1405,16.29,2,3,2,mountain,weathered_rock,poor,10.469,high
SEG-0037,2026-08-30,9.7,31.3,89.4,38.7,1405,16.29,2,3,2,mountain,weathered_rock,poor,10.262,high
SEG-0037,2026-08-31,9.3,27.4,64.0,38.7,1405,16.29,2,3,2,mountain,weathered_rock,poor,10.084,high
SEG-0037,2026-09-01,4.2,23.2,63.8,38.7,1405,16.29,2,3,2,mountain,weathered_rock,poor,9.887,medium
SEG-0037,2026-09-02,5.8,19.3,67.0,38.7,1405,16.29,2,3,2,mountain,weathered_rock,poor,9.822,high
SEG-0037,2026-09-03,10.2,20.2,60.8,38.7,1405,16.29,2,3,2,mountain,weathered_rock,poor,9.903,high
SEG-0037,2026-09-04,2.7,18.7,50.3,38.7,1405,16.29,2,3,2,mountain,weathered_rock,poor,9.708,medium
SEG-0037,2026-09-05,11.8,24.7,53.7,38.7,1405,16.29,2,3,2,mountain,weathered_rock,poor,10.028,medium
SEG-0037,2026-09-06,2.9,17.4,46.9,38.7,1405,16.29,2,3,2,mountain,weathered_rock,poor,9.668,high
SEG-0037,2026-09-07,11.2,25.9,48.8,38.7,1405,16.29,2,3,2,mountain,weathered_rock,poor,10.035,high
SEG-0037,2026-09-08,7.6,21.7,52.2,38.7,1405,16.29,2,3,2,mountain,weathered_rock,poor,9.874,high
SEG-0037,2026-09-09,2.2,21.0,48.6,38.7,1405,16.29,2,3,2,mountain,weathered_rock,poor,9.754,high
SEG-0037,2026-09-10,2.7,12.5,41.1,38.7,1405,16.29,2,3,2,mountain,weathered_rock,poor,9.521,medium
SEG-0037,2026-09-11,9.5,14.4,47.9,38.7,1405,16.29,2,3,2,mountain,weathered_rock,poor,9.705,medium
SEG-0037,2026-09-12,41.4,53.6,77.5,38.7,1405,16.29,2,3,2,mountain,weathered_rock,poor,11.348,high
SEG-0037,2026-09-13,22.2,73.1,96.8,38.7,1405,16.29,2,3,2,mountain,weathered_rock,poor,11.581,high
SEG-0037,2026-09-14,21.5,85.1,107.1,38.7,1405,16.29,2,3,2,mountain,weathered_rock,poor,11.91,high
SEG-0037,2026-09-15,21.9,65.6,121.4,38.7,1405,16.29,2,3,2,mountain,weathered_rock,poor,11.449,high
SEG-0037,2026-09-16,10.7,54.1,129.9,38.7,1405,16.29,2,3,2,mountain,weathered_rock,poor,10.983,high
SEG-0038,2026-05-20,7.6,7.6,7.6,1.8,16,1.81,0,3,2,plain,alluvial,good,0.125,low
SEG-0038,2026-05-21,0.4,8.0,8.0,1.8,16,1.81,0,3,2,plain,alluvial,good,0.014,low
SEG-0038,2026-05-22,10.7,18.7,18.7,1.8,16,1.81,0,3,2,plain,alluvial,good,0.497,low
SEG-0038,2026-05-23,11.0,22.1,29.7,1.8,16,1.81,0,3,2,plain,alluvial,good,0.62,low
SEG-0038,2026-05-24,11.2,32.9,40.9,1.8,16,1.81,0,3,2,plain,alluvial,good,0.935,low
SEG-0038,2026-05-25,8.2,30.4,49.1,1.8,16,1.81,0,3,2,plain,alluvial,good,0.842,low
SEG-0038,2026-05-26,11.8,31.2,60.9,1.8,16,1.81,0,3,2,plain,alluvial,good,0.956,low
SEG-0038,2026-05-27,1.8,21.8,55.1,1.8,16,1.81,0,3,2,plain,alluvial,good,0.526,low
SEG-0038,2026-05-28,6.7,20.3,61.4,1.8,16,1.81,0,3,2,plain,alluvial,good,0.588,low
SEG-0038,2026-05-29,12.7,21.2,63.4,1.8,16,1.81,0,3,2,plain,alluvial,good,0.719,low
SEG-0038,2026-05-30,7.9,27.3,60.3,1.8,16,1.81,0,3,2,plain,alluvial,good,0.787,low
SEG-0038,2026-05-31,22.8,43.4,71.9,1.8,16,1.81,0,3,2,plain,alluvial,good,1.491,low
SEG-0038,2026-06-01,29.5,60.2,93.2,1.8,16,1.81,0,3,2,plain,alluvial,good,2.1,low
SEG-0038,2026-06-02,4.4,56.7,85.8,1.8,16,1.81,0,3,2,plain,alluvial,good,1.562,low
SEG-0038,2026-06-03,11.5,45.4,95.5,1.8,16,1.81,0,3,2,plain,alluvial,good,1.416,low
SEG-0038,2026-06-04,16.2,32.1,105.0,1.8,16,1.81,0,3,2,plain,alluvial,good,1.176,low
SEG-0038,2026-06-05,1.1,28.8,93.4,1.8,16,1.81,0,3,2,plain,alluvial,good,0.802,low
SEG-0038,2026-06-06,2.6,19.9,88.1,1.8,16,1.81,0,3,2,plain,alluvial,good,0.581,low
SEG-0038,2026-06-07,15.4,19.1,80.7,1.8,16,1.81,0,3,2,plain,alluvial,good,0.758,low
SEG-0038,2026-06-08,4.6,22.6,55.8,1.8,16,1.81,0,3,2,plain,alluvial,good,0.596,low
SEG-0038,2026-06-09,57.9,77.9,109.3,1.8,16,1.81,0,3,2,plain,alluvial,good,3.087,low
SEG-0038,2026-06-10,38.2,100.7,136.0,1.8,16,1.81,0,3,2,plain,alluvial,good,3.419,low
SEG-0038,2026-06-11,10.0,106.1,129.8,1.8,16,1.81,0,3,2,plain,alluvial,good,3.063,low
SEG-0038,2026-06-12,6.2,54.4,134.9,1.8,16,1.81,0,3,2,plain,alluvial,good,1.668,low
SEG-0038,2026-06-13,1.4,17.6,133.7,1.8,16,1.81,0,3,2,plain,alluvial,good,0.626,low
SEG-0038,2026-06-14,3.3,10.9,121.6,1.8,16,1.81,0,3,2,plain,alluvial,good,0.451,low
SEG-0038,2026-06-15,17.6,22.3,134.6,1.8,16,1.81,0,3,2,plain,alluvial,good,1.026,low
SEG-0038,2026-06-16,4.1,25.0,80.8,1.8,16,1.81,0,3,2,plain,alluvial,good,0.719,low
SEG-0038,2026-06-17,16.6,38.3,59.2,1.8,16,1.81,0,3,2,plain,alluvial,good,1.218,low
SEG-0038,2026-06-18,19.0,39.7,68.2,1.8,16,1.81,0,3,2,plain,alluvial,good,1.32,low
SEG-0038,2026-06-19,0.3,35.9,62.3,1.8,16,1.81,0,3,2,plain,alluvial,good,0.887,low
SEG-0038,2026-06-20,7.2,26.5,68.1,1.8,16,1.81,0,3,2,plain,alluvial,good,0.776,low
SEG-0038,2026-06-21,16.5,24.0,81.3,1.8,16,1.81,0,3,2,plain,alluvial,good,0.905,low
SEG-0038,2026-06-22,13.2,36.9,76.9,1.8,16,1.81,0,3,2,plain,alluvial,good,1.172,low
SEG-0038,2026-06-23,9.3,39.0,82.1,1.8,16,1.81,0,3,2,plain,alluvial,good,1.175,low
SEG-0038,2026-06-24,2.1,24.6,67.6,1.8,16,1.81,0,3,2,plain,alluvial,good,0.638,low
SEG-0038,2026-06-25,1.1,12.5,49.7,1.8,16,1.81,0,3,2,plain,alluvial,good,0.258,low
SEG-0038,2026-06-26,3.3,6.5,52.7,1.8,16,1.81,0,3,2,plain,alluvial,good,0.147,low
SEG-0038,2026-06-27,3.4,7.8,48.9,1.8,16,1.81,0,3,2,plain,alluvial,good,0.172,low
SEG-0038,2026-06-28,8.0,14.7,40.4,1.8,16,1.81,0,3,2,plain,alluvial,good,0.407,low
SEG-0038,2026-06-29,66.1,77.5,93.3,1.8,16,1.81,0,3,2,plain,alluvial,good,3.172,low
SEG-0038,2026-06-30,22.1,96.2,106.1,1.8,16,1.81,0,3,2,plain,alluvial,good,2.946,low
SEG-0038,2026-07-01,1.1,89.3,105.1,1.8,16,1.81,0,3,2,plain,alluvial,good,2.407,low
SEG-0038,2026-07-02,19.2,42.4,123.2,1.8,16,1.81,0,3,2,plain,alluvial,good,1.545,low
SEG-0038,2026-07-03,7.6,27.9,127.5,1.8,16,1.81,0,3,2,plain,alluvial,good,0.982,low
SEG-0038,2026-07-04,43.4,70.2,167.5,1.8,16,1.81,0,3,2,plain,alluvial,good,2.801,low
SEG-0038,2026-07-05,23.6,74.6,183.1,1.8,16,1.81,0,3,2,plain,alluvial,good,2.622,low
SEG-0038,2026-07-06,20.5,87.5,137.5,1.8,16,1.81,0,3,2,plain,alluvial,good,2.779,low
SEG-0038,2026-07-07,18.1,62.2,133.5,1.8,16,1.81,0,3,2,plain,alluvial,good,2.069,low
SEG-0038,2026-07-08,69.6,108.2,202.0,1.8,16,1.81,0,3,2,plain,alluvial,good,4.329,low
SEG-0038,2026-07-09,39.5,127.2,222.3,1.8,16,1.81,0,3,2,plain,alluvial,good,4.497,low
SEG-0038,2026-07-10,27.1,136.2,241.8,1.8,16,1.81,0,3,2,plain,alluvial,good,4.736,low
SEG-0038,2026-07-11,14.5,81.1,212.9,1.8,16,1.81,0,3,2,plain,alluvial,good,2.718,low
SEG-0038,2026-07-12,2.5,44.1,191.8,1.8,16,1.81,0,3,2,plain,alluvial,good,1.494,low
SEG-0038,2026-07-13,15.6,32.6,186.9,1.8,16,1.81,0,3,2,plain,alluvial,good,1.404,low
SEG-0038,2026-07-14,9.3,27.4,178.1,1.8,16,1.81,0,3,2,plain,alluvial,good,1.137,low
SEG-0038,2026-07-15,50.2,75.1,158.7,1.8,16,1.81,0,3,2,plain,alluvial,good,3.02,low
SEG-0038,2026-07-16,40.4,99.9,159.6,1.8,16,1.81,0,3,2,plain,alluvial,good,3.5,low
SEG-0038,2026-07-17,32.8,123.4,165.3,1.8,16,1.81,0,3,2,plain,alluvial,good,4.059,low
SEG-0038,2026-07-18,18.0,91.2,168.8,1.8,16,1.81,0,3,2,plain,alluvial,good,2.919,low
SEG-0038,2026-07-19,21.5,72.3,187.8,1.8,16,1.81,0,3,2,plain,alluvial,good,2.539,low
SEG-0038,2026-07-20,20.5,60.0,192.7,1.8,16,1.81,0,3,2,plain,alluvial,good,2.216,low
SEG-0038,2026-07-21,40.1,82.1,223.5,1.8,16,1.81,0,3,2,plain,alluvial,good,3.208,low
SEG-0038,2026-07-22,32.8,93.4,206.1,1.8,16,1.81,0,3,2,plain,alluvial,good,3.33,low
SEG-0038,2026-07-23,5.7,78.6,171.4,1.8,16,1.81,0,3,2,plain,alluvial,good,2.389,low
SEG-0038,2026-07-24,20.8,59.3,159.4,1.8,16,1.81,0,3,2,plain,alluvial,good,2.111,low
SEG-0038,2026-07-25,17.6,44.1,159.0,1.8,16,1.81,0,3,2,plain,alluvial,good,1.66,low
SEG-0038,2026-07-26,5.7,44.1,143.2,1.8,16,1.81,0,3,2,plain,alluvial,good,1.415,low
SEG-0038,2026-07-27,0.7,24.0,123.4,1.8,16,1.81,0,3,2,plain,alluvial,good,0.752,low
SEG-0038,2026-07-28,14.9,21.3,98.2,1.8,16,1.81,0,3,2,plain,alluvial,good,0.854,low
SEG-0038,2026-07-29,8.9,24.5,74.3,1.8,16,1.81,0,3,2,plain,alluvial,good,0.77,low
SEG-0038,2026-07-30,11.0,34.8,79.6,1.8,16,1.81,0,3,2,plain,alluvial,good,1.088,low
SEG-0038,2026-07-31,15.5,35.4,74.3,1.8,16,1.81,0,3,2,plain,alluvial,good,1.165,low
SEG-0038,2026-08-01,1.3,27.8,58.0,1.8,16,1.81,0,3,2,plain,alluvial,good,0.682,low
SEG-0038,2026-08-02,15.8,32.6,68.1,1.8,16,1.81,0,3,2,plain,alluvial,good,1.081,low
SEG-0038,2026-08-03,6.0,23.1,73.4,1.8,16,1.81,0,3,2,plain,alluvial,good,0.682,low
SEG-0038,2026-08-04,3.6,25.4,62.1,1.8,16,1.81,0,3,2,plain,alluvial,good,0.67,low
SEG-0038,2026-08-05,12.3,21.9,65.5,1.8,16,1.81,0,3,2,plain,alluvial,good,0.736,low
SEG-0038,2026-08-06,9.5,25.4,64.0,1.8,16,1.81,0,3,2,plain,alluvial,good,0.775,low
SEG-0038,2026-08-07,11.6,33.4,60.1,1.8,16,1.81,0,3,2,plain,alluvial,good,1.008,low
SEG-0038,2026-08-08,61.7,82.8,120.5,1.8,16,1.81,0,3,2,plain,alluvial,good,3.31,low
SEG-0038,2026-08-09,26.2,99.5,130.9,1.8,16,1.81,0,3,2,plain,alluvial,good,3.17,low
SEG-0038,2026-08-10,21.9,109.8,146.8,1.8,16,1.81,0,3,2,plain,alluvial,good,3.408,low
SEG-0038,2026-08-11,30.4,78.5,173.6,1.8,16,1.81,0,3,2,plain,alluvial,good,2.812,low
SEG-0038,2026-08-12,57.8,110.1,219.1,1.8,16,1.81,0,3,2,plain,alluvial,good,4.225,low
SEG-0038,2026-08-13,17.4,105.6,227.0,1.8,16,1.81,0,3,2,plain,alluvial,good,3.443,low
SEG-0038,2026-08-14,10.5,85.7,225.9,1.8,16,1.81,0,3,2,plain,alluvial,good,2.805,low
SEG-0038,2026-08-15,12.2,40.1,176.4,1.8,16,1.81,0,3,2,plain,alluvial,good,1.512,low
SEG-0038,2026-08-16,15.8,38.5,166.0,1.8,16,1.81,0,3,2,plain,alluvial,good,1.503,low
SEG-0038,2026-08-17,4.8,32.8,148.9,1.8,16,1.81,0,3,2,plain,alluvial,good,1.121,low
SEG-0038,2026-08-18,14.6,35.2,133.1,1.8,16,1.81,0,3,2,plain,alluvial,good,1.307,low
SEG-0038,2026-08-19,10.1,29.5,85.4,1.8,16,1.81,0,3,2,plain,alluvial,good,0.951,low
SEG-0038,2026-08-20,1.7,26.4,69.7,1.8,16,1.81,0,3,2,plain,alluvial,good,0.684,low
SEG-0038,2026-08-21,13.9,25.7,73.1,1.8,16,1.81,0,3,2,plain,alluvial,good,0.883,low
SEG-0038,2026-08-22,5.8,21.4,66.7,1.8,16,1.81,0,3,2,plain,alluvial,good,0.616,low
SEG-0038,2026-08-23,2.4,22.1,53.3,1.8,16,1.81,0,3,2,plain,alluvial,good,0.539,low
SEG-0038,2026-08-24,8.1,16.3,56.6,1.8,16,1.81,0,3,2,plain,alluvial,good,0.494,low
SEG-0038,2026-08-25,3.0,13.5,45.0,1.8,16,1.81,0,3,2,plain,alluvial,good,0.303,low
SEG-0038,2026-08-26,57.8,68.9,92.7,1.8,16,1.81,0,3,2,plain,alluvial,good,2.806,low
SEG-0038,2026-08-27,23.3,84.1,114.3,1.8,16,1.81,0,3,2,plain,alluvial,good,2.674,low
SEG-0038,2026-08-28,35.8,116.9,136.2,1.8,16,1.81,0,3,2,plain,alluvial,good,3.8,low
SEG-0038,2026-08-29,28.6,87.7,159.0,1.8,16,1.81,0,3,2,plain,alluvial,good,2.981,low
SEG-0038,2026-08-30,58.8,123.2,215.4,1.8,16,1.81,0,3,2,plain,alluvial,good,4.63,low
SEG-0038,2026-08-31,27.7,115.1,235.0,1.8,16,1.81,0,3,2,plain,alluvial,good,3.887,low
SEG-0038,2026-09-01,22.4,108.9,254.4,1.8,16,1.81,0,3,2,plain,alluvial,good,3.689,low
SEG-0038,2026-09-02,12.4,62.5,209.0,1.8,16,1.81,0,3,2,plain,alluvial,good,2.188,low
SEG-0038,2026-09-03,3.6,38.4,189.3,1.8,16,1.81,0,3,2,plain,alluvial,good,1.357,low
SEG-0038,2026-09-04,6.0,22.0,159.5,1.8,16,1.81,0,3,2,plain,alluvial,good,0.89,low
SEG-0038,2026-09-05,25.6,35.2,156.5,1.8,16,1.81,0,3,2,plain,alluvial,good,1.558,low
SEG-0038,2026-09-06,20.7,52.3,118.4,1.8,16,1.81,0,3,2,plain,alluvial,good,1.815,low
SEG-0038,2026-09-07,19.7,66.0,110.4,1.8,16,1.81,0,3,2,plain,alluvial,good,2.132,low
SEG-0038,2026-09-08,12.3,52.7,100.3,1.8,16,1.81,0,3,2,plain,alluvial,good,1.632,low
SEG-0038,2026-09-09,3.7,35.7,91.6,1.8,16,1.81,0,3,2,plain,alluvial,good,1.02,low
SEG-0038,2026-09-10,18.8,34.8,106.8,1.8,16,1.81,0,3,2,plain,alluvial,good,1.295,low
SEG-0038,2026-09-11,16.9,39.4,117.7,1.8,16,1.81,0,3,2,plain,alluvial,good,1.413,low
SEG-0038,2026-09-12,18.4,54.1,110.5,1.8,16,1.81,0,3,2,plain,alluvial,good,1.8,low
SEG-0038,2026-09-13,4.3,39.6,94.1,1.8,16,1.81,0,3,2,plain,alluvial,good,1.139,low
SEG-0038,2026-09-14,9.5,32.2,83.9,1.8,16,1.81,0,3,2,plain,alluvial,good,1.007,low
SEG-0038,2026-09-15,7.0,20.8,78.6,1.8,16,1.81,0,3,2,plain,alluvial,good,0.653,low
SEG-0038,2026-09-16,8.8,25.3,83.7,1.8,16,1.81,0,3,2,plain,alluvial,good,0.815,low
SEG-0039,2026-05-20,31.1,31.1,31.1,21.4,36,3.82,1,7,2,hilly,lateritic,fair,6.399,medium
SEG-0039,2026-05-21,15.3,46.4,46.4,21.4,36,3.82,1,7,2,hilly,lateritic,fair,6.57,medium
SEG-0039,2026-05-22,22.4,68.8,68.8,21.4,36,3.82,1,7,2,hilly,lateritic,fair,7.335,medium
SEG-0039,2026-05-23,16.6,54.3,85.4,21.4,36,3.82,1,7,2,hilly,lateritic,fair,6.905,low
SEG-0039,2026-05-24,5.8,44.8,91.2,21.4,36,3.82,1,7,2,hilly,lateritic,fair,6.49,medium
SEG-0039,2026-05-25,2.1,24.5,93.3,21.4,36,3.82,1,7,2,hilly,lateritic,fair,5.905,low
SEG-0039,2026-05-26,10.9,18.8,104.2,21.4,36,3.82,1,7,2,hilly,lateritic,fair,5.937,low
SEG-0039,2026-05-27,3.1,16.1,76.2,21.4,36,3.82,1,7,2,hilly,lateritic,fair,5.657,low
SEG-0039,2026-05-28,0.1,14.1,61.0,21.4,36,3.82,1,7,2,hilly,lateritic,fair,5.512,low
SEG-0039,2026-05-29,2.7,5.9,41.3,21.4,36,3.82,1,7,2,hilly,lateritic,fair,5.289,low
SEG-0039,2026-05-30,1.7,4.5,26.4,21.4,36,3.82,1,7,2,hilly,lateritic,fair,5.195,low
SEG-0039,2026-05-31,8.5,12.9,29.1,21.4,36,3.82,1,7,2,hilly,lateritic,fair,5.536,low
SEG-0039,2026-06-01,0.3,10.5,27.3,21.4,36,3.82,1,7,2,hilly,lateritic,fair,5.329,low
SEG-0039,2026-06-02,7.7,16.5,24.1,21.4,36,3.82,1,7,2,hilly,lateritic,fair,5.602,low
SEG-0039,2026-06-03,11.2,19.2,32.2,21.4,36,3.82,1,7,2,hilly,lateritic,fair,5.754,low
SEG-0039,2026-06-04,6.3,25.2,38.4,21.4,36,3.82,1,7,2,hilly,lateritic,fair,5.844,low
SEG-0039,2026-06-05,16.3,33.8,52.0,21.4,36,3.82,1,7,2,hilly,lateritic,fair,6.275,low
SEG-0039,2026-06-06,3.0,25.6,53.3,21.4,36,3.82,1,7,2,hilly,lateritic,fair,5.839,low
SEG-0039,2026-06-07,10.9,30.2,55.7,21.4,36,3.82,1,7,2,hilly,lateritic,fair,6.1,low
SEG-0039,2026-06-08,13.1,27.0,68.5,21.4,36,3.82,1,7,2,hilly,lateritic,fair,6.089,low
SEG-0039,2026-06-09,18.9,42.9,79.7,21.4,36,3.82,1,7,2,hilly,lateritic,fair,6.632,low
SEG-0039,2026-06-10,4.9,36.9,73.4,21.4,36,3.82,1,7,2,hilly,lateritic,fair,6.221,low
SEG-0039,2026-06-11,7.1,30.9,74.2,21.4,36,3.82,1,7,2,hilly,lateritic,fair,6.104,low
SEG-0039,2026-06-12,8.2,20.2,66.1,21.4,36,3.82,1,7,2,hilly,lateritic,fair,5.823,low
SEG-0039,2026-06-13,0.8,16.1,63.9,21.4,36,3.82,1,7,2,hilly,lateritic,fair,5.584,low
SEG-0039,2026-06-14,6.1,15.1,59.1,21.4,36,3.82,1,7,2,hilly,lateritic,fair,5.635,low
SEG-0039,2026-06-15,14.9,21.8,60.9,21.4,36,3.82,1,7,2,hilly,lateritic,fair,5.964,low
SEG-0039,2026-06-16,17.7,38.7,59.7,21.4,36,3.82,1,7,2,hilly,lateritic,fair,6.447,low
SEG-0039,2026-06-17,18.7,51.3,73.5,21.4,36,3.82,1,7,2,hilly,lateritic,fair,6.83,medium
SEG-0039,2026-06-18,5.3,41.7,71.7,21.4,36,3.82,1,7,2,hilly,lateritic,fair,6.348,medium
SEG-0039,2026-06-19,16.3,40.3,79.8,21.4,36,3.82,1,7,2,hilly,lateritic,fair,6.521,low
SEG-0039,2026-06-20,9.7,31.3,88.7,21.4,36,3.82,1,7,2,hilly,lateritic,fair,6.199,medium
SEG-0039,2026-06-21,13.7,39.7,96.3,21.4,36,3.82,1,7,2,hilly,lateritic,fair,6.506,low
SEG-0039,2026-06-22,14.1,37.5,95.5,21.4,36,3.82,1,7,2,hilly,lateritic,fair,6.454,low
SEG-0039,2026-06-23,14.5,42.3,92.3,21.4,36,3.82,1,7,2,hilly,lateritic,fair,6.576,medium
SEG-0039,2026-06-24,11.6,40.2,85.2,21.4,36,3.82,1,7,2,hilly,lateritic,fair,6.453,medium
SEG-0039,2026-06-25,2.6,28.7,82.5,21.4,36,3.82,1,7,2,hilly,lateritic,fair,5.993,low
SEG-0039,2026-06-26,0.5,14.7,66.7,21.4,36,3.82,1,7,2,hilly,lateritic,fair,5.55,low
SEG-0039,2026-06-27,15.6,18.7,72.6,21.4,36,3.82,1,7,2,hilly,lateritic,fair,5.927,low
SEG-0039,2026-06-28,10.6,26.7,69.5,21.4,36,3.82,1,7,2,hilly,lateritic,fair,6.042,low
SEG-0039,2026-06-29,1.2,27.4,56.6,21.4,36,3.82,1,7,2,hilly,lateritic,fair,5.865,low
SEG-0039,2026-06-30,6.0,17.8,48.1,21.4,36,3.82,1,7,2,hilly,lateritic,fair,5.673,low
SEG-0039,2026-07-01,0.3,7.5,36.8,21.4,36,3.82,1,7,2,hilly,lateritic,fair,5.277,low
SEG-0039,2026-07-02,13.0,19.3,47.2,21.4,36,3.82,1,7,2,hilly,lateritic,fair,5.829,low
SEG-0039,2026-07-03,12.2,25.5,58.9,21.4,36,3.82,1,7,2,hilly,lateritic,fair,6.009,low
SEG-0039,2026-07-04,7.3,32.5,50.6,21.4,36,3.82,1,7,2,hilly,lateritic,fair,6.084,low
SEG-0039,2026-07-05,22.3,41.8,62.3,21.4,36,3.82,1,7,2,hilly,lateritic,fair,6.613,low
SEG-0039,2026-07-06,2.0,31.6,63.1,21.4,36,3.82,1,7,2,hilly,lateritic,fair,6.005,low
SEG-0039,2026-07-07,18.4,42.7,75.5,21.4,36,3.82,1,7,2,hilly,lateritic,fair,6.607,low
SEG-0039,2026-07-08,0.9,21.3,76.1,21.4,36,3.82,1,7,2,hilly,lateritic,fair,5.755,low
SEG-0039,2026-07-09,14.5,33.8,77.6,21.4,36,3.82,1,7,2,hilly,lateritic,fair,6.315,low
SEG-0039,2026-07-10,6.0,21.4,71.4,21.4,36,3.82,1,7,2,hilly,lateritic,fair,5.831,low
SEG-0039,2026-07-11,7.4,27.9,71.5,21.4,36,3.82,1,7,2,hilly,lateritic,fair,6.024,low
SEG-0039,2026-07-12,60.1,73.5,109.3,21.4,36,3.82,1,7,2,hilly,lateritic,fair,8.209,medium
SEG-0039,2026-07-13,30.4,97.9,137.7,21.4,36,3.82,1,7,2,hilly,lateritic,fair,8.417,medium
SEG-0039,2026-07-14,4.8,95.3,124.1,21.4,36,3.82,1,7,2,hilly,lateritic,fair,7.877,medium
SEG-0039,2026-07-15,14.8,50.0,138.0,21.4,36,3.82,1,7,2,hilly,lateritic,fair,6.907,low
SEG-0039,2026-07-16,22.2,41.8,145.7,21.4,36,3.82,1,7,2,hilly,lateritic,fair,6.841,medium
SEG-0039,2026-07-17,12.4,49.4,152.1,21.4,36,3.82,1,7,2,hilly,lateritic,fair,6.89,low
SEG-0039,2026-07-18,14.4,49.0,159.1,21.4,36,3.82,1,7,2,hilly,lateritic,fair,6.933,medium
SEG-0039,2026-07-19,4.9,31.7,103.9,21.4,36,3.82,1,7,2,hilly,lateritic,fair,6.169,medium
SEG-0039,2026-07-20,60.7,80.0,134.2,21.4,36,3.82,1,7,2,hilly,lateritic,fair,8.457,medium
SEG-0039,2026-07-21,31.2,96.8,160.6,21.4,36,3.82,1,7,2,hilly,lateritic,fair,8.465,medium
SEG-0039,2026-07-22,0.7,92.6,146.5,21.4,36,3.82,1,7,2,hilly,lateritic,fair,7.799,medium
SEG-0039,2026-07-23,2.1,34.0,126.4,21.4,36,3.82,1,7,2,hilly,lateritic,fair,6.244,low
SEG-0039,2026-07-24,6.7,9.5,120.7,21.4,36,3.82,1,7,2,hilly,lateritic,fair,5.669,low
SEG-0039,2026-07-25,8.4,17.2,114.7,21.4,36,3.82,1,7,2,hilly,lateritic,fair,5.882,low
SEG-0039,2026-07-26,13.4,28.5,123.2,21.4,36,3.82,1,7,2,hilly,lateritic,fair,6.284,low
SEG-0039,2026-07-27,14.9,36.7,77.4,21.4,36,3.82,1,7,2,hilly,lateritic,fair,6.397,medium
SEG-0039,2026-07-28,13.5,41.8,59.7,21.4,36,3.82,1,7,2,hilly,lateritic,fair,6.457,medium
SEG-0039,2026-07-29,16.1,44.5,75.1,21.4,36,3.82,1,7,2,hilly,lateritic,fair,6.613,low
SEG-0039,2026-07-30,2.3,31.9,75.3,21.4,36,3.82,1,7,2,hilly,lateritic,fair,6.052,low
SEG-0039,2026-07-31,17.2,35.6,85.8,21.4,36,3.82,1,7,2,hilly,lateritic,fair,6.43,low
SEG-0039,2026-08-01,14.9,34.4,92.3,21.4,36,3.82,1,7,2,hilly,lateritic,fair,6.378,low
SEG-0039,2026-08-02,15.1,47.2,94.0,21.4,36,3.82,1,7,2,hilly,lateritic,fair,6.719,medium
SEG-0039,2026-08-03,2.7,32.7,81.8,21.4,36,3.82,1,7,2,hilly,lateritic,fair,6.097,low
SEG-0039,2026-08-04,15.5,33.3,83.8,21.4,36,3.82,1,7,2,hilly,lateritic,fair,6.336,low
SEG-0039,2026-08-05,11.2,29.4,78.9,21.4,36,3.82,1,7,2,hilly,lateritic,fair,6.148,medium
SEG-0039,2026-08-06,7.4,34.1,84.0,21.4,36,3.82,1,7,2,hilly,lateritic,fair,6.22,low
SEG-0039,2026-08-07,29.4,48.0,96.2,21.4,36,3.82,1,7,2,hilly,lateritic,fair,6.989,medium
SEG-0039,2026-08-08,31.1,67.9,112.4,21.4,36,3.82,1,7,2,hilly,lateritic,fair,7.579,medium
SEG-0039,2026-08-09,21.6,82.1,118.9,21.4,36,3.82,1,7,2,hilly,lateritic,fair,7.805,medium
SEG-0039,2026-08-10,32.2,84.9,148.4,21.4,36,3.82,1,7,2,hilly,lateritic,fair,8.139,medium
SEG-0039,2026-08-11,13.7,67.5,146.6,21.4,36,3.82,1,7,2,hilly,lateritic,fair,7.367,medium
SEG-0039,2026-08-12,10.5,56.4,145.9,21.4,36,3.82,1,7,2,hilly,lateritic,fair,7.022,medium
SEG-0039,2026-08-13,1.9,26.1,140.4,21.4,36,3.82,1,7,2,hilly,lateritic,fair,6.073,low
SEG-0039,2026-08-14,30.4,42.8,141.4,21.4,36,3.82,1,7,2,hilly,lateritic,fair,6.995,medium
SEG-0039,2026-08-15,27.4,59.7,137.7,21.4,36,3.82,1,7,2,hilly,lateritic,fair,7.373,medium
SEG-0039,2026-08-16,0.2,58.0,116.3,21.4,36,3.82,1,7,2,hilly,lateritic,fair,6.807,medium
SEG-0039,2026-08-17,1.3,28.9,85.4,21.4,36,3.82,1,7,2,hilly,lateritic,fair,5.985,low
SEG-0039,2026-08-18,4.1,5.6,75.8,21.4,36,3.82,1,7,2,hilly,lateritic,fair,5.4,low
SEG-0039,2026-08-19,27.4,32.8,92.7,21.4,36,3.82,1,7,2,hilly,lateritic,fair,6.55,medium
SEG-0039,2026-08-20,27.0,58.5,117.8,21.4,36,3.82,1,7,2,hilly,lateritic,fair,7.28,medium
SEG-0039,2026-08-21,25.0,79.4,112.4,21.4,36,3.82,1,7,2,hilly,lateritic,fair,7.775,medium
SEG-0039,2026-08-22,9.9,61.9,94.9,21.4,36,3.82,1,7,2,hilly,lateritic,fair,7.015,medium
SEG-0039,2026-08-23,11.5,46.4,106.2,21.4,36,3.82,1,7,2,hilly,lateritic,fair,6.67,low
SEG-0039,2026-08-24,7.7,29.1,112.6,21.4,36,3.82,1,7,2,hilly,lateritic,fair,6.173,low
SEG-0039,2026-08-25,7.8,27.0,116.3,21.4,36,3.82,1,7,2,hilly,lateritic,fair,6.131,low
SEG-0039,2026-08-26,1.7,17.2,90.6,21.4,36,3.82,1,7,2,hilly,lateritic,fair,5.701,low
SEG-0039,2026-08-27,2.1,11.6,65.7,21.4,36,3.82,1,7,2,hilly,lateritic,fair,5.494,low
SEG-0039,2026-08-28,0.2,4.0,40.9,21.4,36,3.82,1,7,2,hilly,lateritic,fair,5.196,low
SEG-0039,2026-08-29,6.7,9.0,37.7,21.4,36,3.82,1,7,2,hilly,lateritic,fair,5.428,low
SEG-0039,2026-08-30,0.1,7.0,26.3,21.4,36,3.82,1,7,2,hilly,lateritic,fair,5.232,low
SEG-0039,2026-08-31,9.5,16.3,28.1,21.4,36,3.82,1,7,2,hilly,lateritic,fair,5.639,low
SEG-0039,2026-09-01,28.5,38.1,48.8,21.4,36,3.82,1,7,2,hilly,lateritic,fair,6.585,medium
SEG-0039,2026-09-02,12.6,50.6,59.7,21.4,36,3.82,1,7,2,hilly,lateritic,fair,6.67,medium
SEG-0039,2026-09-03,14.8,55.9,72.4,21.4,36,3.82,1,7,2,hilly,lateritic,fair,6.88,medium
SEG-0039,2026-09-04,1.8,29.2,74.0,21.4,36,3.82,1,7,2,hilly,lateritic,fair,5.97,low
SEG-0039,2026-09-05,6.3,22.9,73.6,21.4,36,3.82,1,7,2,hilly,lateritic,fair,5.881,low
SEG-0039,2026-09-06,11.5,19.6,85.0,21.4,36,3.82,1,7,2,hilly,lateritic,fair,5.915,low
SEG-0039,2026-09-07,2.7,20.5,78.2,21.4,36,3.82,1,7,2,hilly,lateritic,fair,5.77,low
SEG-0039,2026-09-08,5.0,19.2,54.7,21.4,36,3.82,1,7,2,hilly,lateritic,fair,5.711,low
SEG-0039,2026-09-09,1.8,9.5,43.9,21.4,36,3.82,1,7,2,hilly,lateritic,fair,5.375,low
SEG-0039,2026-09-10,10.5,17.3,39.6,21.4,36,3.82,1,7,2,hilly,lateritic,fair,5.713,low
SEG-0039,2026-09-11,3.3,15.6,41.1,21.4,36,3.82,1,7,2,hilly,lateritic,fair,5.551,low
SEG-0039,2026-09-12,11.1,24.9,45.9,21.4,36,3.82,1,7,2,hilly,lateritic,fair,5.939,low
SEG-0039,2026-09-13,10.1,24.5,44.5,21.4,36,3.82,1,7,2,hilly,lateritic,fair,5.907,low
SEG-0039,2026-09-14,3.6,24.8,45.4,21.4,36,3.82,1,7,2,hilly,lateritic,fair,5.807,low
SEG-0039,2026-09-15,1.1,14.8,41.5,21.4,36,3.82,1,7,2,hilly,lateritic,fair,5.494,low
SEG-0039,2026-09-16,6.0,10.7,45.7,21.4,36,3.82,1,7,2,hilly,lateritic,fair,5.482,low
SEG-0040,2026-05-20,6.5,6.5,6.5,11.0,60,1.5,2,0,2,hilly,lateritic,fair,3.574,low
SEG-0040,2026-05-21,11.2,17.7,17.7,11.0,60,1.5,2,0,2,hilly,lateritic,fair,3.976,low
SEG-0040,2026-05-22,1.1,18.8,18.8,11.0,60,1.5,2,0,2,hilly,lateritic,fair,3.836,low
SEG-0040,2026-05-23,5.9,18.2,24.7,11.0,60,1.5,2,0,2,hilly,lateritic,fair,3.918,low
SEG-0040,2026-05-24,2.5,9.5,27.2,11.0,60,1.5,2,0,2,hilly,lateritic,fair,3.641,low
SEG-0040,2026-05-25,8.9,17.3,36.1,11.0,60,1.5,2,0,2,hilly,lateritic,fair,3.977,low
SEG-0040,2026-05-26,1.7,13.1,37.8,11.0,60,1.5,2,0,2,hilly,lateritic,fair,3.75,low
SEG-0040,2026-05-27,10.0,20.6,41.3,11.0,60,1.5,2,0,2,hilly,lateritic,fair,4.096,low
SEG-0040,2026-05-28,4.0,15.7,34.1,11.0,60,1.5,2,0,2,hilly,lateritic,fair,3.847,low
SEG-0040,2026-05-29,0.4,14.4,33.4,11.0,60,1.5,2,0,2,hilly,lateritic,fair,3.75,low
SEG-0040,2026-05-30,21.8,26.2,49.3,11.0,60,1.5,2,0,2,hilly,lateritic,fair,4.464,low
SEG-0040,2026-05-31,18.8,41.0,65.6,11.0,60,1.5,2,0,2,hilly,lateritic,fair,4.843,low
SEG-0040,2026-06-01,32.4,73.0,89.1,11.0,60,1.5,2,0,2,hilly,lateritic,fair,5.971,low
SEG-0040,2026-06-02,9.1,60.3,96.5,11.0,60,1.5,2,0,2,hilly,lateritic,fair,5.265,low
SEG-0040,2026-06-03,5.6,47.1,92.1,11.0,60,1.5,2,0,2,hilly,lateritic,fair,4.85,low
SEG-0040,2026-06-04,10.6,25.3,98.7,11.0,60,1.5,2,0,2,hilly,lateritic,fair,4.386,low
SEG-0040,2026-06-05,9.7,25.9,108.0,11.0,60,1.5,2,0,2,hilly,lateritic,fair,4.412,low
SEG-0040,2026-06-06,12.4,32.7,98.6,11.0,60,1.5,2,0,2,hilly,lateritic,fair,4.609,low
SEG-0040,2026-06-07,5.5,27.6,85.3,11.0,60,1.5,2,0,2,hilly,lateritic,fair,4.323,low
SEG-0040,2026-06-08,7.0,24.9,59.9,11.0,60,1.5,2,0,2,hilly,lateritic,fair,4.208,low
SEG-0040,2026-06-09,7.1,19.6,57.9,11.0,60,1.5,2,0,2,hilly,lateritic,fair,4.067,low
SEG-0040,2026-06-10,16.3,30.4,68.6,11.0,60,1.5,2,0,2,hilly,lateritic,fair,4.533,low
SEG-0040,2026-06-11,3.0,26.4,61.0,11.0,60,1.5,2,0,2,hilly,lateritic,fair,4.182,low
SEG-0040,2026-06-12,19.6,38.9,70.9,11.0,60,1.5,2,0,2,hilly,lateritic,fair,4.817,low
SEG-0040,2026-06-13,1.0,23.6,59.5,11.0,60,1.5,2,0,2,hilly,lateritic,fair,4.071,low
SEG-0040,2026-06-14,7.3,27.9,61.3,11.0,60,1.5,2,0,2,hilly,lateritic,fair,4.295,low
SEG-0040,2026-06-15,2.5,10.8,56.8,11.0,60,1.5,2,0,2,hilly,lateritic,fair,3.757,low
SEG-0040,2026-06-16,19.1,28.9,68.8,11.0,60,1.5,2,0,2,hilly,lateritic,fair,4.542,low
SEG-0040,2026-06-17,48.3,69.9,100.8,11.0,60,1.5,2,0,2,hilly,lateritic,fair,6.193,low
SEG-0040,2026-06-18,32.3,99.7,130.1,11.0,60,1.5,2,0,2,hilly,lateritic,fair,6.776,medium
SEG-0040,2026-06-19,29.2,109.8,139.7,11.0,60,1.5,2,0,2,hilly,lateritic,fair,7.012,medium
SEG-0040,2026-06-20,35.2,96.7,173.9,11.0,60,1.5,2,0,2,hilly,lateritic,fair,6.868,medium
SEG-0040,2026-06-21,16.1,80.5,182.7,11.0,60,1.5,2,0,2,hilly,lateritic,fair,6.146,low
SEG-0040,2026-06-22,10.8,62.1,191.0,11.0,60,1.5,2,0,2,hilly,lateritic,fair,5.6,low
SEG-0040,2026-06-23,0.5,27.4,172.4,11.0,60,1.5,2,0,2,hilly,lateritic,fair,4.472,low
SEG-0040,2026-06-24,1.9,13.2,126.0,11.0,60,1.5,2,0,2,hilly,lateritic,fair,3.999,low
SEG-0040,2026-06-25,64.2,66.6,157.9,11.0,60,1.5,2,0,2,hilly,lateritic,fair,6.534,low
SEG-0040,2026-06-26,30.7,96.8,159.4,11.0,60,1.5,2,0,2,hilly,lateritic,fair,6.754,medium
SEG-0040,2026-06-27,41.3,136.2,165.5,11.0,60,1.5,2,0,2,hilly,lateritic,fair,7.975,medium
SEG-0040,2026-06-28,43.7,115.7,193.1,11.0,60,1.5,2,0,2,hilly,lateritic,fair,7.559,medium
SEG-0040,2026-06-29,9.3,94.3,191.6,11.0,60,1.5,2,0,2,hilly,lateritic,fair,6.414,medium
SEG-0040,2026-06-30,18.2,71.2,209.3,11.0,60,1.5,2,0,2,hilly,lateritic,fair,6.013,low
SEG-0040,2026-07-01,15.8,43.3,223.2,11.0,60,1.5,2,0,2,hilly,lateritic,fair,5.285,low
SEG-0040,2026-07-02,3.4,37.4,162.4,11.0,60,1.5,2,0,2,hilly,lateritic,fair,4.754,low
SEG-0040,2026-07-03,4.4,23.6,136.1,11.0,60,1.5,2,0,2,hilly,lateritic,fair,4.34,low
SEG-0040,2026-07-04,10.0,17.8,104.8,11.0,60,1.5,2,0,2,hilly,lateritic,fair,4.198,low
SEG-0040,2026-07-05,18.6,33.0,79.7,11.0,60,1.5,2,0,2,hilly,lateritic,fair,4.67,low
SEG-0040,2026-07-06,2.0,30.6,72.4,11.0,60,1.5,2,0,2,hilly,lateritic,fair,4.306,low
SEG-0040,2026-07-07,13.9,34.5,68.1,11.0,60,1.5,2,0,2,hilly,lateritic,fair,4.598,low
SEG-0040,2026-07-08,14.7,30.6,67.0,11.0,60,1.5,2,0,2,hilly,lateritic,fair,4.507,low
SEG-0040,2026-07-09,13.2,41.8,76.8,11.0,60,1.5,2,0,2,hilly,lateritic,fair,4.799,low
SEG-0040,2026-07-10,13.3,41.2,85.7,11.0,60,1.5,2,0,2,hilly,lateritic,fair,4.81,low
SEG-0040,2026-07-11,14.9,41.4,90.6,11.0,60,1.5,2,0,2,hilly,lateritic,fair,4.856,low
SEG-0040,2026-07-12,17.4,45.6,89.4,11.0,60,1.5,2,0,2,hilly,lateritic,fair,5.004,low
SEG-0040,2026-07-13,4.2,36.5,91.6,11.0,60,1.5,2,0,2,hilly,lateritic,fair,4.549,low
SEG-0040,2026-07-14,1.2,22.8,78.9,11.0,60,1.5,2,0,2,hilly,lateritic,fair,4.107,low
SEG-0040,2026-07-15,15.9,21.3,80.1,11.0,60,1.5,2,0,2,hilly,lateritic,fair,4.321,low
SEG-0040,2026-07-16,17.8,34.9,84.7,11.0,60,1.5,2,0,2,hilly,lateritic,fair,4.72,low
SEG-0040,2026-07-17,10.1,43.8,81.5,11.0,60,1.5,2,0,2,hilly,lateritic,fair,4.812,low
SEG-0040,2026-07-18,10.4,38.3,77.0,11.0,60,1.5,2,0,2,hilly,lateritic,fair,4.661,low
SEG-0040,2026-07-19,41.8,62.3,101.4,11.0,60,1.5,2,0,2,hilly,lateritic,fair,5.886,low
SEG-0040,2026-07-20,29.0,81.2,126.2,11.0,60,1.5,2,0,2,hilly,lateritic,fair,6.228,low
SEG-0040,2026-07-21,34.4,105.2,159.4,11.0,60,1.5,2,0,2,hilly,lateritic,fair,7.035,medium
SEG-0040,2026-07-22,45.0,108.4,188.5,11.0,60,1.5,2,0,2,hilly,lateritic,fair,7.379,medium
SEG-0040,2026-07-23,11.5,90.9,182.2,11.0,60,1.5,2,0,2,hilly,lateritic,fair,6.337,low
SEG-0040,2026-07-24,39.3,95.8,211.4,11.0,60,1.5,2,0,2,hilly,lateritic,fair,7.017,medium
SEG-0040,2026-07-25,39.2,90.0,240.2,11.0,60,1.5,2,0,2,hilly,lateritic,fair,6.944,medium
SEG-0040,2026-07-26,30.6,109.1,229.0,11.0,60,1.5,2,0,2,hilly,lateritic,fair,7.264,medium
SEG-0040,2026-07-27,20.6,90.4,220.6,11.0,60,1.5,2,0,2,hilly,lateritic,fair,6.584,low
SEG-0040,2026-07-28,9.3,60.5,195.5,11.0,60,1.5,2,0,2,hilly,lateritic,fair,5.546,low
SEG-0040,2026-07-29,17.6,47.5,168.1,11.0,60,1.5,2,0,2,hilly,lateritic,fair,5.273,low
SEG-0040,2026-07-30,16.8,43.7,173.4,11.0,60,1.5,2,0,2,hilly,lateritic,fair,5.176,low
SEG-0040,2026-07-31,41.5,75.9,175.6,11.0,60,1.5,2,0,2,hilly,lateritic,fair,6.439,low
SEG-0040,2026-08-01,32.4,90.7,168.8,11.0,60,1.5,2,0,2,hilly,lateritic,fair,6.65,medium
SEG-0040,2026-08-02,5.8,79.7,144.0,11.0,60,1.5,2,0,2,hilly,lateritic,fair,5.844,low
SEG-0040,2026-08-03,16.5,54.7,139.9,11.0,60,1.5,2,0,2,hilly,lateritic,fair,5.364,low
SEG-0040,2026-08-04,5.4,27.7,136.0,11.0,60,1.5,2,0,2,hilly,lateritic,fair,4.463,low
SEG-0040,2026-08-05,2.1,24.0,120.5,11.0,60,1.5,2,0,2,hilly,lateritic,fair,4.268,low
SEG-0040,2026-08-06,2.4,9.9,106.1,11.0,60,1.5,2,0,2,hilly,lateritic,fair,3.867,low
SEG-0040,2026-08-07,7.9,12.4,72.5,11.0,60,1.5,2,0,2,hilly,lateritic,fair,3.933,low
SEG-0040,2026-08-08,1.4,11.7,41.5,11.0,60,1.5,2,0,2,hilly,lateritic,fair,3.719,low
SEG-0040,2026-08-09,6.1,15.4,41.8,11.0,60,1.5,2,0,2,hilly,lateritic,fair,3.896,low
SEG-0040,2026-08-10,6.1,13.6,31.4,11.0,60,1.5,2,0,2,hilly,lateritic,fair,3.821,low
SEG-0040,2026-08-11,2.6,14.8,28.6,11.0,60,1.5,2,0,2,hilly,lateritic,fair,3.785,low
SEG-0040,2026-08-12,8.2,16.9,34.7,11.0,60,1.5,2,0,2,hilly,lateritic,fair,3.951,low
SEG-0040,2026-08-13,6.2,17.0,38.5,11.0,60,1.5,2,0,2,hilly,lateritic,fair,3.93,low
SEG-0040,2026-08-14,7.4,21.8,38.0,11.0,60,1.5,2,0,2,hilly,lateritic,fair,4.074,low
SEG-0040,2026-08-15,12.1,25.7,48.7,11.0,60,1.5,2,0,2,hilly,lateritic,fair,4.285,low
SEG-0040,2026-08-16,16.8,36.3,59.4,11.0,60,1.5,2,0,2,hilly,lateritic,fair,4.67,low
SEG-0040,2026-08-17,4.0,32.9,57.3,11.0,60,1.5,2,0,2,hilly,lateritic,fair,4.358,low
SEG-0040,2026-08-18,16.7,37.5,71.4,11.0,60,1.5,2,0,2,hilly,lateritic,fair,4.732,low
SEG-0040,2026-08-19,5.1,25.8,68.3,11.0,60,1.5,2,0,2,hilly,lateritic,fair,4.222,low
SEG-0040,2026-08-20,6.8,28.6,68.9,11.0,60,1.5,2,0,2,hilly,lateritic,fair,4.326,low
SEG-0040,2026-08-21,12.8,24.7,74.3,11.0,60,1.5,2,0,2,hilly,lateritic,fair,4.341,low
SEG-0040,2026-08-22,15.7,35.3,77.9,11.0,60,1.5,2,0,2,hilly,lateritic,fair,4.676,low
SEG-0040,2026-08-23,10.5,39.0,71.6,11.0,60,1.5,2,0,2,hilly,lateritic,fair,4.666,low
SEG-0040,2026-08-24,3.5,29.7,71.1,11.0,60,1.5,2,0,2,hilly,lateritic,fair,4.304,low
SEG-0040,2026-08-25,8.0,22.0,62.4,11.0,60,1.5,2,0,2,hilly,lateritic,fair,4.157,low
SEG-0040,2026-08-26,13.3,24.8,70.6,11.0,60,1.5,2,0,2,hilly,lateritic,fair,4.342,low
SEG-0040,2026-08-27,13.6,34.9,77.4,11.0,60,1.5,2,0,2,hilly,lateritic,fair,4.628,low
SEG-0040,2026-08-28,5.9,32.8,70.5,11.0,60,1.5,2,0,2,hilly,lateritic,fair,4.424,low
SEG-0040,2026-08-29,14.9,34.4,69.7,11.0,60,1.5,2,0,2,hilly,lateritic,fair,4.616,low
SEG-0040,2026-08-30,14.5,35.3,73.7,11.0,60,1.5,2,0,2,hilly,lateritic,fair,4.644,low
SEG-0040,2026-08-31,0.6,30.0,70.8,11.0,60,1.5,2,0,2,hilly,lateritic,fair,4.262,low
SEG-0040,2026-09-01,2.9,18.0,65.7,11.0,60,1.5,2,0,2,hilly,lateritic,fair,3.975,low
SEG-0040,2026-09-02,9.9,13.4,62.3,11.0,60,1.5,2,0,2,hilly,lateritic,fair,3.965,low
SEG-0040,2026-09-03,0.9,13.7,49.6,11.0,60,1.5,2,0,2,hilly,lateritic,fair,3.785,low
SEG-0040,2026-09-04,37.5,48.3,81.2,11.0,60,1.5,2,0,2,hilly,lateritic,fair,5.394,low
SEG-0040,2026-09-05,22.8,61.2,89.1,11.0,60,1.5,2,0,2,hilly,lateritic,fair,5.501,low
SEG-0040,2026-09-06,22.0,82.3,96.6,11.0,60,1.5,2,0,2,hilly,lateritic,fair,6.056,low
SEG-0040,2026-09-07,18.7,63.5,114.7,11.0,60,1.5,2,0,2,hilly,lateritic,fair,5.561,low
SEG-0040,2026-09-08,10.4,51.1,122.2,11.0,60,1.5,2,0,2,hilly,lateritic,fair,5.118,low
SEG-0040,2026-09-09,2.2,31.3,114.5,11.0,60,1.5,2,0,2,hilly,lateritic,fair,4.443,low
SEG-0040,2026-09-10,11.2,23.8,124.8,11.0,60,1.5,2,0,2,hilly,lateritic,fair,4.429,low
SEG-0040,2026-09-11,5.2,18.6,92.5,11.0,60,1.5,2,0,2,hilly,lateritic,fair,4.103,low
SEG-0040,2026-09-12,9.5,25.9,79.2,11.0,60,1.5,2,0,2,hilly,lateritic,fair,4.33,low
SEG-0040,2026-09-13,0.0,14.7,57.2,11.0,60,1.5,2,0,2,hilly,lateritic,fair,3.817,low
SEG-0040,2026-09-14,6.0,15.5,44.5,11.0,60,1.5,2,0,2,hilly,lateritic,fair,3.904,low
SEG-0040,2026-09-15,8.0,14.0,42.1,11.0,60,1.5,2,0,2,hilly,lateritic,fair,3.893,low
SEG-0040,2026-09-16,36.4,50.4,76.3,11.0,60,1.5,2,0,2,hilly,lateritic,fair,5.416,low
SEG-0041,2026-05-20,6.5,6.5,6.5,16.2,52,17.31,0,2,2,hilly,lateritic,good,2.951,low
SEG-0041,2026-05-21,11.2,17.7,17.7,16.2,52,17.31,0,2,2,hilly,lateritic,good,3.353,low
SEG-0041,2026-05-22,1.1,18.8,18.8,16.2,52,17.31,0,2,2,hilly,lateritic,good,3.213,low
SEG-0041,2026-05-23,5.9,18.2,24.7,16.2,52,17.31,0,2,2,hilly,lateritic,good,3.295,low
SEG-0041,2026-05-24,2.5,9.5,27.2,16.2,52,17.31,0,2,2,hilly,lateritic,good,3.018,low
SEG-0041,2026-05-25,8.9,17.3,36.1,16.2,52,17.31,0,2,2,hilly,lateritic,good,3.354,low
SEG-0041,2026-05-26,1.7,13.1,37.8,16.2,52,17.31,0,2,2,hilly,lateritic,good,3.127,low
SEG-0041,2026-05-27,10.0,20.6,41.3,16.2,52,17.31,0,2,2,hilly,lateritic,good,3.473,low
SEG-0041,2026-05-28,4.0,15.7,34.1,16.2,52,17.31,0,2,2,hilly,lateritic,good,3.223,low
SEG-0041,2026-05-29,0.4,14.4,33.4,16.2,52,17.31,0,2,2,hilly,lateritic,good,3.126,low
SEG-0041,2026-05-30,21.8,26.2,49.3,16.2,52,17.31,0,2,2,hilly,lateritic,good,3.841,low
SEG-0041,2026-05-31,18.8,41.0,65.6,16.2,52,17.31,0,2,2,hilly,lateritic,good,4.219,low
SEG-0041,2026-06-01,32.4,73.0,89.1,16.2,52,17.31,0,2,2,hilly,lateritic,good,5.347,low
SEG-0041,2026-06-02,9.1,60.3,96.5,16.2,52,17.31,0,2,2,hilly,lateritic,good,4.641,low
SEG-0041,2026-06-03,5.6,47.1,92.1,16.2,52,17.31,0,2,2,hilly,lateritic,good,4.226,low
SEG-0041,2026-06-04,10.6,25.3,98.7,16.2,52,17.31,0,2,2,hilly,lateritic,good,3.763,low
SEG-0041,2026-06-05,9.7,25.9,108.0,16.2,52,17.31,0,2,2,hilly,lateritic,good,3.789,low
SEG-0041,2026-06-06,12.4,32.7,98.6,16.2,52,17.31,0,2,2,hilly,lateritic,good,3.986,low
SEG-0041,2026-06-07,5.5,27.6,85.3,16.2,52,17.31,0,2,2,hilly,lateritic,good,3.699,low
SEG-0041,2026-06-08,7.0,24.9,59.9,16.2,52,17.31,0,2,2,hilly,lateritic,good,3.585,low
SEG-0041,2026-06-09,7.1,19.6,57.9,16.2,52,17.31,0,2,2,hilly,lateritic,good,3.443,low
SEG-0041,2026-06-10,16.3,30.4,68.6,16.2,52,17.31,0,2,2,hilly,lateritic,good,3.91,low
SEG-0041,2026-06-11,3.0,26.4,61.0,16.2,52,17.31,0,2,2,hilly,lateritic,good,3.559,low
SEG-0041,2026-06-12,19.6,38.9,70.9,16.2,52,17.31,0,2,2,hilly,lateritic,good,4.193,low
SEG-0041,2026-06-13,1.0,23.6,59.5,16.2,52,17.31,0,2,2,hilly,lateritic,good,3.448,low
SEG-0041,2026-06-14,7.3,27.9,61.3,16.2,52,17.31,0,2,2,hilly,lateritic,good,3.671,low
SEG-0041,2026-06-15,2.5,10.8,56.8,16.2,52,17.31,0,2,2,hilly,lateritic,good,3.133,low
SEG-0041,2026-06-16,19.1,28.9,68.8,16.2,52,17.31,0,2,2,hilly,lateritic,good,3.919,low
SEG-0041,2026-06-17,48.3,69.9,100.8,16.2,52,17.31,0,2,2,hilly,lateritic,good,5.569,low
SEG-0041,2026-06-18,32.3,99.7,130.1,16.2,52,17.31,0,2,2,hilly,lateritic,good,6.152,low
SEG-0041,2026-06-19,29.2,109.8,139.7,16.2,52,17.31,0,2,2,hilly,lateritic,good,6.389,low
SEG-0041,2026-06-20,35.2,96.7,173.9,16.2,52,17.31,0,2,2,hilly,lateritic,good,6.244,low
SEG-0041,2026-06-21,16.1,80.5,182.7,16.2,52,17.31,0,2,2,hilly,lateritic,good,5.523,low
SEG-0041,2026-06-22,10.8,62.1,191.0,16.2,52,17.31,0,2,2,hilly,lateritic,good,4.977,low
SEG-0041,2026-06-23,0.5,27.4,172.4,16.2,52,17.31,0,2,2,hilly,lateritic,good,3.848,low
SEG-0041,2026-06-24,1.9,13.2,126.0,16.2,52,17.31,0,2,2,hilly,lateritic,good,3.375,low
SEG-0041,2026-06-25,64.2,66.6,157.9,16.2,52,17.31,0,2,2,hilly,lateritic,good,5.911,low
SEG-0041,2026-06-26,30.7,96.8,159.4,16.2,52,17.31,0,2,2,hilly,lateritic,good,6.13,low
SEG-0041,2026-06-27,41.3,136.2,165.5,16.2,52,17.31,0,2,2,hilly,lateritic,good,7.352,medium
SEG-0041,2026-06-28,43.7,115.7,193.1,16.2,52,17.31,0,2,2,hilly,lateritic,good,6.936,low
SEG-0041,2026-06-29,9.3,94.3,191.6,16.2,52,17.31,0,2,2,hilly,lateritic,good,5.79,low
SEG-0041,2026-06-30,18.2,71.2,209.3,16.2,52,17.31,0,2,2,hilly,lateritic,good,5.39,low
SEG-0041,2026-07-01,15.8,43.3,223.2,16.2,52,17.31,0,2,2,hilly,lateritic,good,4.662,low
SEG-0041,2026-07-02,3.4,37.4,162.4,16.2,52,17.31,0,2,2,hilly,lateritic,good,4.13,low
SEG-0041,2026-07-03,4.4,23.6,136.1,16.2,52,17.31,0,2,2,hilly,lateritic,good,3.716,low
SEG-0041,2026-07-04,10.0,17.8,104.8,16.2,52,17.31,0,2,2,hilly,lateritic,good,3.574,low
SEG-0041,2026-07-05,18.6,33.0,79.7,16.2,52,17.31,0,2,2,hilly,lateritic,good,4.047,low
SEG-0041,2026-07-06,2.0,30.6,72.4,16.2,52,17.31,0,2,2,hilly,lateritic,good,3.682,low
SEG-0041,2026-07-07,13.9,34.5,68.1,16.2,52,17.31,0,2,2,hilly,lateritic,good,3.974,low
SEG-0041,2026-07-08,14.7,30.6,67.0,16.2,52,17.31,0,2,2,hilly,lateritic,good,3.883,low
SEG-0041,2026-07-09,13.2,41.8,76.8,16.2,52,17.31,0,2,2,hilly,lateritic,good,4.176,low
SEG-0041,2026-07-10,13.3,41.2,85.7,16.2,52,17.31,0,2,2,hilly,lateritic,good,4.186,low
SEG-0041,2026-07-11,14.9,41.4,90.6,16.2,52,17.31,0,2,2,hilly,lateritic,good,4.232,low
SEG-0041,2026-07-12,17.4,45.6,89.4,16.2,52,17.31,0,2,2,hilly,lateritic,good,4.381,low
SEG-0041,2026-07-13,4.2,36.5,91.6,16.2,52,17.31,0,2,2,hilly,lateritic,good,3.926,low
SEG-0041,2026-07-14,1.2,22.8,78.9,16.2,52,17.31,0,2,2,hilly,lateritic,good,3.484,low
SEG-0041,2026-07-15,15.9,21.3,80.1,16.2,52,17.31,0,2,2,hilly,lateritic,good,3.698,low
SEG-0041,2026-07-16,17.8,34.9,84.7,16.2,52,17.31,0,2,2,hilly,lateritic,good,4.096,low
SEG-0041,2026-07-17,10.1,43.8,81.5,16.2,52,17.31,0,2,2,hilly,lateritic,good,4.188,low
SEG-0041,2026-07-18,10.4,38.3,77.0,16.2,52,17.31,0,2,2,hilly,lateritic,good,4.038,low
SEG-0041,2026-07-19,41.8,62.3,101.4,16.2,52,17.31,0,2,2,hilly,lateritic,good,5.263,low
SEG-0041,2026-07-20,29.0,81.2,126.2,16.2,52,17.31,0,2,2,hilly,lateritic,good,5.605,low
SEG-0041,2026-07-21,34.4,105.2,159.4,16.2,52,17.31,0,2,2,hilly,lateritic,good,6.412,low
SEG-0041,2026-07-22,45.0,108.4,188.5,16.2,52,17.31,0,2,2,hilly,lateritic,good,6.755,medium
SEG-0041,2026-07-23,11.5,90.9,182.2,16.2,52,17.31,0,2,2,hilly,lateritic,good,5.713,low
SEG-0041,2026-07-24,39.3,95.8,211.4,16.2,52,17.31,0,2,2,hilly,lateritic,good,6.394,low
SEG-0041,2026-07-25,39.2,90.0,240.2,16.2,52,17.31,0,2,2,hilly,lateritic,good,6.32,low
SEG-0041,2026-07-26,30.6,109.1,229.0,16.2,52,17.31,0,2,2,hilly,lateritic,good,6.64,medium
SEG-0041,2026-07-27,20.6,90.4,220.6,16.2,52,17.31,0,2,2,hilly,lateritic,good,5.961,low
SEG-0041,2026-07-28,9.3,60.5,195.5,16.2,52,17.31,0,2,2,hilly,lateritic,good,4.922,low
SEG-0041,2026-07-29,17.6,47.5,168.1,16.2,52,17.31,0,2,2,hilly,lateritic,good,4.65,low
SEG-0041,2026-07-30,16.8,43.7,173.4,16.2,52,17.31,0,2,2,hilly,lateritic,good,4.552,low
SEG-0041,2026-07-31,41.5,75.9,175.6,16.2,52,17.31,0,2,2,hilly,lateritic,good,5.815,low
SEG-0041,2026-08-01,32.4,90.7,168.8,16.2,52,17.31,0,2,2,hilly,lateritic,good,6.027,low
SEG-0041,2026-08-02,5.8,79.7,144.0,16.2,52,17.31,0,2,2,hilly,lateritic,good,5.22,low
SEG-0041,2026-08-03,16.5,54.7,139.9,16.2,52,17.31,0,2,2,hilly,lateritic,good,4.741,low
SEG-0041,2026-08-04,5.4,27.7,136.0,16.2,52,17.31,0,2,2,hilly,lateritic,good,3.839,low
SEG-0041,2026-08-05,2.1,24.0,120.5,16.2,52,17.31,0,2,2,hilly,lateritic,good,3.644,low
SEG-0041,2026-08-06,2.4,9.9,106.1,16.2,52,17.31,0,2,2,hilly,lateritic,good,3.243,low
SEG-0041,2026-08-07,7.9,12.4,72.5,16.2,52,17.31,0,2,2,hilly,lateritic,good,3.309,low
SEG-0041,2026-08-08,1.4,11.7,41.5,16.2,52,17.31,0,2,2,hilly,lateritic,good,3.096,low
SEG-0041,2026-08-09,6.1,15.4,41.8,16.2,52,17.31,0,2,2,hilly,lateritic,good,3.272,low
SEG-0041,2026-08-10,6.1,13.6,31.4,16.2,52,17.31,0,2,2,hilly,lateritic,good,3.197,low
SEG-0041,2026-08-11,2.6,14.8,28.6,16.2,52,17.31,0,2,2,hilly,lateritic,good,3.161,low
SEG-0041,2026-08-12,8.2,16.9,34.7,16.2,52,17.31,0,2,2,hilly,lateritic,good,3.328,low
SEG-0041,2026-08-13,6.2,17.0,38.5,16.2,52,17.31,0,2,2,hilly,lateritic,good,3.307,low
SEG-0041,2026-08-14,7.4,21.8,38.0,16.2,52,17.31,0,2,2,hilly,lateritic,good,3.45,low
SEG-0041,2026-08-15,12.1,25.7,48.7,16.2,52,17.31,0,2,2,hilly,lateritic,good,3.661,low
SEG-0041,2026-08-16,16.8,36.3,59.4,16.2,52,17.31,0,2,2,hilly,lateritic,good,4.046,low
SEG-0041,2026-08-17,4.0,32.9,57.3,16.2,52,17.31,0,2,2,hilly,lateritic,good,3.734,low
SEG-0041,2026-08-18,16.7,37.5,71.4,16.2,52,17.31,0,2,2,hilly,lateritic,good,4.109,low
SEG-0041,2026-08-19,5.1,25.8,68.3,16.2,52,17.31,0,2,2,hilly,lateritic,good,3.599,low
SEG-0041,2026-08-20,6.8,28.6,68.9,16.2,52,17.31,0,2,2,hilly,lateritic,good,3.702,low
SEG-0041,2026-08-21,12.8,24.7,74.3,16.2,52,17.31,0,2,2,hilly,lateritic,good,3.718,low
SEG-0041,2026-08-22,15.7,35.3,77.9,16.2,52,17.31,0,2,2,hilly,lateritic,good,4.052,low
SEG-0041,2026-08-23,10.5,39.0,71.6,16.2,52,17.31,0,2,2,hilly,lateritic,good,4.043,low
SEG-0041,2026-08-24,3.5,29.7,71.1,16.2,52,17.31,0,2,2,hilly,lateritic,good,3.681,low
SEG-0041,2026-08-25,8.0,22.0,62.4,16.2,52,17.31,0,2,2,hilly,lateritic,good,3.533,low
SEG-0041,2026-08-26,13.3,24.8,70.6,16.2,52,17.31,0,2,2,hilly,lateritic,good,3.718,low
SEG-0041,2026-08-27,13.6,34.9,77.4,16.2,52,17.31,0,2,2,hilly,lateritic,good,4.005,low
SEG-0041,2026-08-28,5.9,32.8,70.5,16.2,52,17.31,0,2,2,hilly,lateritic,good,3.8,low
SEG-0041,2026-08-29,14.9,34.4,69.7,16.2,52,17.31,0,2,2,hilly,lateritic,good,3.993,low
SEG-0041,2026-08-30,14.5,35.3,73.7,16.2,52,17.31,0,2,2,hilly,lateritic,good,4.02,low
SEG-0041,2026-08-31,0.6,30.0,70.8,16.2,52,17.31,0,2,2,hilly,lateritic,good,3.638,low
SEG-0041,2026-09-01,2.9,18.0,65.7,16.2,52,17.31,0,2,2,hilly,lateritic,good,3.351,low
SEG-0041,2026-09-02,9.9,13.4,62.3,16.2,52,17.31,0,2,2,hilly,lateritic,good,3.341,low
SEG-0041,2026-09-03,0.9,13.7,49.6,16.2,52,17.31,0,2,2,hilly,lateritic,good,3.161,low
SEG-0041,2026-09-04,37.5,48.3,81.2,16.2,52,17.31,0,2,2,hilly,lateritic,good,4.77,low
SEG-0041,2026-09-05,22.8,61.2,89.1,16.2,52,17.31,0,2,2,hilly,lateritic,good,4.877,low
SEG-0041,2026-09-06,22.0,82.3,96.6,16.2,52,17.31,0,2,2,hilly,lateritic,good,5.433,low
SEG-0041,2026-09-07,18.7,63.5,114.7,16.2,52,17.31,0,2,2,hilly,lateritic,good,4.938,low
SEG-0041,2026-09-08,10.4,51.1,122.2,16.2,52,17.31,0,2,2,hilly,lateritic,good,4.495,low
SEG-0041,2026-09-09,2.2,31.3,114.5,16.2,52,17.31,0,2,2,hilly,lateritic,good,3.819,low
SEG-0041,2026-09-10,11.2,23.8,124.8,16.2,52,17.31,0,2,2,hilly,lateritic,good,3.806,low
SEG-0041,2026-09-11,5.2,18.6,92.5,16.2,52,17.31,0,2,2,hilly,lateritic,good,3.48,low
SEG-0041,2026-09-12,9.5,25.9,79.2,16.2,52,17.31,0,2,2,hilly,lateritic,good,3.706,low
SEG-0041,2026-09-13,0.0,14.7,57.2,16.2,52,17.31,0,2,2,hilly,lateritic,good,3.193,low
SEG-0041,2026-09-14,6.0,15.5,44.5,16.2,52,17.31,0,2,2,hilly,lateritic,good,3.281,low
SEG-0041,2026-09-15,8.0,14.0,42.1,16.2,52,17.31,0,2,2,hilly,lateritic,good,3.269,low
SEG-0041,2026-09-16,36.4,50.4,76.3,16.2,52,17.31,0,2,2,hilly,lateritic,good,4.792,low
SEG-0042,2026-05-20,4.2,4.2,4.2,9.1,45,2.6,3,3,2,hilly,lateritic,poor,4.727,low
SEG-0042,2026-05-21,5.8,10.0,10.0,9.1,45,2.6,3,3,2,hilly,lateritic,poor,4.921,low
SEG-0042,2026-05-22,12.7,22.7,22.7,9.1,45,2.6,3,3,2,hilly,lateritic,poor,5.404,low
SEG-0042,2026-05-23,12.8,31.3,35.5,9.1,45,2.6,3,3,2,hilly,lateritic,poor,5.664,low
SEG-0042,2026-05-24,4.2,29.7,39.7,9.1,45,2.6,3,3,2,hilly,lateritic,poor,5.488,low
SEG-0042,2026-05-25,49.5,66.5,89.2,9.1,45,2.6,3,3,2,hilly,lateritic,poor,7.351,medium
SEG-0042,2026-05-26,28.3,82.0,117.5,9.1,45,2.6,3,3,2,hilly,lateritic,poor,7.471,medium
SEG-0042,2026-05-27,21.2,99.0,134.5,9.1,45,2.6,3,3,2,hilly,lateritic,poor,7.84,medium
SEG-0042,2026-05-28,12.3,61.8,141.0,9.1,45,2.6,3,3,2,hilly,lateritic,poor,6.739,medium
SEG-0042,2026-05-29,9.5,43.0,137.8,9.1,45,2.6,3,3,2,hilly,lateritic,poor,6.194,medium
SEG-0042,2026-05-30,4.2,26.0,129.2,9.1,45,2.6,3,3,2,hilly,lateritic,poor,5.638,low
SEG-0042,2026-05-31,8.1,21.8,133.1,9.1,45,2.6,3,3,2,hilly,lateritic,poor,5.606,low
SEG-0042,2026-06-01,13.5,25.8,97.1,9.1,45,2.6,3,3,2,hilly,lateritic,poor,5.703,low
SEG-0042,2026-06-02,5.4,27.0,74.2,9.1,45,2.6,3,3,2,hilly,lateritic,poor,5.533,low
SEG-0042,2026-06-03,5.9,24.8,58.9,9.1,45,2.6,3,3,2,hilly,lateritic,poor,5.442,low
SEG-0042,2026-06-04,9.5,20.8,56.1,9.1,45,2.6,3,3,2,hilly,lateritic,poor,5.392,low
SEG-0042,2026-06-05,2.0,17.4,48.6,9.1,45,2.6,3,3,2,hilly,lateritic,poor,5.155,low
SEG-0042,2026-06-06,16.2,27.7,60.6,9.1,45,2.6,3,3,2,hilly,lateritic,poor,5.697,low
SEG-0042,2026-06-07,66.1,84.3,118.6,9.1,45,2.6,3,3,2,hilly,lateritic,poor,8.177,medium
SEG-0042,2026-06-08,34.6,116.9,139.7,9.1,45,2.6,3,3,2,hilly,lateritic,poor,8.547,medium
SEG-0042,2026-06-09,8.5,109.2,142.8,9.1,45,2.6,3,3,2,hilly,lateritic,poor,7.912,medium
SEG-0042,2026-06-10,8.3,51.4,145.2,9.1,45,2.6,3,3,2,hilly,lateritic,poor,6.412,low
SEG-0042,2026-06-11,12.2,29.0,147.9,9.1,45,2.6,3,3,2,hilly,lateritic,poor,5.903,low
SEG-0042,2026-06-12,2.6,23.1,148.5,9.1,45,2.6,3,3,2,hilly,lateritic,poor,5.588,low
SEG-0042,2026-06-13,3.3,18.1,135.6,9.1,45,2.6,3,3,2,hilly,lateritic,poor,5.435,low
SEG-0042,2026-06-14,9.1,15.0,78.6,9.1,45,2.6,3,3,2,hilly,lateritic,poor,5.296,low
SEG-0042,2026-06-15,15.2,27.6,59.2,9.1,45,2.6,3,3,2,hilly,lateritic,poor,5.674,low
SEG-0042,2026-06-16,14.9,39.2,65.6,9.1,45,2.6,3,3,2,hilly,lateritic,poor,5.988,low
SEG-0042,2026-06-17,20.6,50.7,77.9,9.1,45,2.6,3,3,2,hilly,lateritic,poor,6.418,low
SEG-0042,2026-06-18,14.8,50.3,80.5,9.1,45,2.6,3,3,2,hilly,lateritic,poor,6.316,medium
SEG-0042,2026-06-19,16.3,51.7,94.2,9.1,45,2.6,3,3,2,hilly,lateritic,poor,6.416,low
SEG-0042,2026-06-20,10.4,41.5,101.3,9.1,45,2.6,3,3,2,hilly,lateritic,poor,6.07,low
SEG-0042,2026-06-21,2.8,29.5,95.0,9.1,45,2.6,3,3,2,hilly,lateritic,poor,5.611,low
SEG-0042,2026-06-22,64.8,78.0,144.6,9.1,45,2.6,3,3,2,hilly,lateritic,poor,8.062,medium
SEG-0042,2026-06-23,36.0,103.6,165.7,9.1,45,2.6,3,3,2,hilly,lateritic,poor,8.297,medium
SEG-0042,2026-06-24,41.2,142.0,186.3,9.1,45,2.6,3,3,2,hilly,lateritic,poor,9.44,high
SEG-0042,2026-06-25,5.5,82.7,177.0,9.1,45,2.6,3,3,2,hilly,lateritic,poor,7.266,medium
SEG-0042,2026-06-26,1.9,48.6,162.6,9.1,45,2.6,3,3,2,hilly,lateritic,poor,6.278,low
SEG-0042,2026-06-27,3.2,10.6,155.4,9.1,45,2.6,3,3,2,hilly,lateritic,poor,5.293,low
SEG-0042,2026-06-28,14.1,19.2,166.7,9.1,45,2.6,3,3,2,hilly,lateritic,poor,5.733,low
SEG-0042,2026-06-29,16.3,33.6,118.2,9.1,45,2.6,3,3,2,hilly,lateritic,poor,6.011,low
SEG-0042,2026-06-30,12.0,42.4,94.2,9.1,45,2.6,3,3,2,hilly,lateritic,poor,6.101,medium
SEG-0042,2026-07-01,12.9,41.2,65.9,9.1,45,2.6,3,3,2,hilly,lateritic,poor,6.007,low
SEG-0042,2026-07-02,2.4,27.3,62.8,9.1,45,2.6,3,3,2,hilly,lateritic,poor,5.459,low
SEG-0042,2026-07-03,4.0,19.3,64.9,9.1,45,2.6,3,3,2,hilly,lateritic,poor,5.284,low
SEG-0042,2026-07-04,8.1,14.5,69.8,9.1,45,2.6,3,3,2,hilly,lateritic,poor,5.242,low
SEG-0042,2026-07-05,22.5,34.6,78.2,9.1,45,2.6,3,3,2,hilly,lateritic,poor,6.032,low
SEG-0042,2026-07-06,67.4,98.0,129.3,9.1,45,2.6,3,3,2,hilly,lateritic,poor,8.585,medium
SEG-0042,2026-07-07,27.4,117.3,144.7,9.1,45,2.6,3,3,2,hilly,lateritic,poor,8.449,medium
SEG-0042,2026-07-08,25.5,120.3,157.3,9.1,45,2.6,3,3,2,hilly,lateritic,poor,8.529,medium
SEG-0042,2026-07-09,25.3,78.2,180.2,9.1,45,2.6,3,3,2,hilly,lateritic,poor,7.494,medium
SEG-0042,2026-07-10,21.9,72.7,198.1,9.1,45,2.6,3,3,2,hilly,lateritic,poor,7.343,medium
SEG-0042,2026-07-11,2.0,49.2,192.0,9.1,45,2.6,3,3,2,hilly,lateritic,poor,6.376,medium
SEG-0042,2026-07-12,18.5,42.4,188.0,9.1,45,2.6,3,3,2,hilly,lateritic,poor,6.469,medium
SEG-0042,2026-07-13,22.1,42.6,142.7,9.1,45,2.6,3,3,2,hilly,lateritic,poor,6.411,low
SEG-0042,2026-07-14,12.0,52.6,127.3,9.1,45,2.6,3,3,2,hilly,lateritic,poor,6.457,medium
SEG-0042,2026-07-15,5.2,39.3,107.0,9.1,45,2.6,3,3,2,hilly,lateritic,poor,5.94,low
SEG-0042,2026-07-16,72.8,90.0,154.5,9.1,45,2.6,3,3,2,hilly,lateritic,poor,8.538,medium
SEG-0042,2026-07-17,31.8,109.8,164.4,9.1,45,2.6,3,3,2,hilly,lateritic,poor,8.383,medium
SEG-0042,2026-07-18,8.2,112.8,170.6,9.1,45,2.6,3,3,2,hilly,lateritic,poor,8.077,medium
SEG-0042,2026-07-19,15.4,55.4,167.5,9.1,45,2.6,3,3,2,hilly,lateritic,poor,6.698,low
SEG-0042,2026-07-20,15.4,39.0,160.8,9.1,45,2.6,3,3,2,hilly,lateritic,poor,6.253,low
SEG-0042,2026-07-21,14.1,44.9,162.9,9.1,45,2.6,3,3,2,hilly,lateritic,poor,6.39,low
SEG-0042,2026-07-22,11.5,41.0,169.2,9.1,45,2.6,3,3,2,hilly,lateritic,poor,6.262,low
SEG-0042,2026-07-23,17.0,42.6,113.4,9.1,45,2.6,3,3,2,hilly,lateritic,poor,6.244,low
SEG-0042,2026-07-24,7.8,36.3,89.4,9.1,45,2.6,3,3,2,hilly,lateritic,poor,5.857,low
SEG-0042,2026-07-25,6.6,31.4,87.8,9.1,45,2.6,3,3,2,hilly,lateritic,poor,5.705,low
SEG-0042,2026-07-26,19.9,34.3,92.3,9.1,45,2.6,3,3,2,hilly,lateritic,poor,6.019,low
SEG-0042,2026-07-27,9.6,36.1,86.5,9.1,45,2.6,3,3,2,hilly,lateritic,poor,5.875,low
SEG-0042,2026-07-28,16.6,46.1,89.0,9.1,45,2.6,3,3,2,hilly,lateritic,poor,6.261,low
SEG-0042,2026-07-29,14.3,40.5,91.8,9.1,45,2.6,3,3,2,hilly,lateritic,poor,6.084,low
SEG-0042,2026-07-30,5.4,36.3,80.2,9.1,45,2.6,3,3,2,hilly,lateritic,poor,5.791,low
SEG-0042,2026-07-31,2.9,22.6,75.3,9.1,45,2.6,3,3,2,hilly,lateritic,poor,5.379,low
SEG-0042,2026-08-01,9.7,18.0,78.4,9.1,45,2.6,3,3,2,hilly,lateritic,poor,5.384,low
SEG-0042,2026-08-02,11.1,23.7,69.6,9.1,45,2.6,3,3,2,hilly,lateritic,poor,5.532,low
SEG-0042,2026-08-03,9.6,30.4,69.6,9.1,45,2.6,3,3,2,hilly,lateritic,poor,5.68,low
SEG-0042,2026-08-04,3.7,24.4,56.7,9.1,45,2.6,3,3,2,hilly,lateritic,poor,5.388,low
SEG-0042,2026-08-05,2.1,15.4,44.5,9.1,45,2.6,3,3,2,hilly,lateritic,poor,5.094,low
SEG-0042,2026-08-06,4.8,10.6,43.9,9.1,45,2.6,3,3,2,hilly,lateritic,poor,5.013,low
SEG-0042,2026-08-07,4.7,11.6,45.7,9.1,45,2.6,3,3,2,hilly,lateritic,poor,5.042,low
SEG-0042,2026-08-08,4.5,14.0,40.5,9.1,45,2.6,3,3,2,hilly,lateritic,poor,5.087,low
SEG-0042,2026-08-09,8.9,18.1,38.3,9.1,45,2.6,3,3,2,hilly,lateritic,poor,5.262,low
SEG-0042,2026-08-10,16.0,29.4,44.7,9.1,45,2.6,3,3,2,hilly,lateritic,poor,5.695,low
SEG-0042,2026-08-11,15.6,40.5,56.6,9.1,45,2.6,3,3,2,hilly,lateritic,poor,6.009,low
SEG-0042,2026-08-12,15.6,47.2,70.1,9.1,45,2.6,3,3,2,hilly,lateritic,poor,6.22,low
SEG-0042,2026-08-13,2.5,33.7,67.8,9.1,45,2.6,3,3,2,hilly,lateritic,poor,5.64,low
SEG-0042,2026-08-14,27.8,45.9,90.9,9.1,45,2.6,3,3,2,hilly,lateritic,poor,6.451,medium
SEG-0042,2026-08-15,30.5,60.8,116.9,9.1,45,2.6,3,3,2,hilly,lateritic,poor,6.956,medium
SEG-0042,2026-08-16,8.0,66.3,116.0,9.1,45,2.6,3,3,2,hilly,lateritic,poor,6.714,low
SEG-0042,2026-08-17,0.4,38.9,100.4,9.1,45,2.6,3,3,2,hilly,lateritic,poor,5.83,low
SEG-0042,2026-08-18,4.7,13.1,89.5,9.1,45,2.6,3,3,2,hilly,lateritic,poor,5.202,low
SEG-0042,2026-08-19,15.7,20.8,89.6,9.1,45,2.6,3,3,2,hilly,lateritic,poor,5.589,low
SEG-0042,2026-08-20,8.1,28.5,95.2,9.1,45,2.6,3,3,2,hilly,lateritic,poor,5.676,low
SEG-0042,2026-08-21,8.3,32.1,75.7,9.1,45,2.6,3,3,2,hilly,lateritic,poor,5.719,low
SEG-0042,2026-08-22,10.4,26.8,55.6,9.1,45,2.6,3,3,2,hilly,lateritic,poor,5.562,low
SEG-0042,2026-08-23,2.2,20.9,49.8,9.1,45,2.6,3,3,2,hilly,lateritic,poor,5.253,low
SEG-0042,2026-08-24,16.6,29.2,66.0,9.1,45,2.6,3,3,2,hilly,lateritic,poor,5.758,low
SEG-0042,2026-08-25,16.2,35.0,77.5,9.1,45,2.6,3,3,2,hilly,lateritic,poor,5.934,low
SEG-0042,2026-08-26,29.5,62.3,91.3,9.1,45,2.6,3,3,2,hilly,lateritic,poor,6.908,low
SEG-0042,2026-08-27,19.6,65.3,102.8,9.1,45,2.6,3,3,2,hilly,lateritic,poor,6.849,medium
SEG-0042,2026-08-28,26.1,75.2,120.6,9.1,45,2.6,3,3,2,hilly,lateritic,poor,7.266,medium
SEG-0042,2026-08-29,31.5,77.2,141.7,9.1,45,2.6,3,3,2,hilly,lateritic,poor,7.468,medium
SEG-0042,2026-08-30,6.1,63.7,145.6,9.1,45,2.6,3,3,2,hilly,lateritic,poor,6.696,medium
SEG-0042,2026-08-31,15.0,52.6,144.0,9.1,45,2.6,3,3,2,hilly,lateritic,poor,6.554,medium
SEG-0042,2026-09-01,2.3,23.4,130.1,9.1,45,2.6,3,3,2,hilly,lateritic,poor,5.541,low
SEG-0042,2026-09-02,4.7,22.0,105.3,9.1,45,2.6,3,3,2,hilly,lateritic,poor,5.477,low
SEG-0042,2026-09-03,3.9,10.9,89.6,9.1,45,2.6,3,3,2,hilly,lateritic,poor,5.131,low
SEG-0042,2026-09-04,6.6,15.2,70.1,9.1,45,2.6,3,3,2,hilly,lateritic,poor,5.235,low
SEG-0042,2026-09-05,44.3,54.8,82.9,9.1,45,2.6,3,3,2,hilly,lateritic,poor,6.941,medium
SEG-0042,2026-09-06,21.6,72.5,98.4,9.1,45,2.6,3,3,2,hilly,lateritic,poor,7.058,medium
SEG-0042,2026-09-07,1.9,67.8,85.3,9.1,45,2.6,3,3,2,hilly,lateritic,poor,6.565,low
SEG-0042,2026-09-08,7.5,31.0,90.5,9.1,45,2.6,3,3,2,hilly,lateritic,poor,5.718,low
SEG-0042,2026-09-09,3.0,12.4,88.8,9.1,45,2.6,3,3,2,hilly,lateritic,poor,5.153,low
SEG-0042,2026-09-10,5.3,15.8,90.2,9.1,45,2.6,3,3,2,hilly,lateritic,poor,5.284,low
SEG-0042,2026-09-11,9.7,18.0,93.3,9.1,45,2.6,3,3,2,hilly,lateritic,poor,5.425,low
SEG-0042,2026-09-12,7.5,22.5,56.5,9.1,45,2.6,3,3,2,hilly,lateritic,poor,5.403,low
SEG-0042,2026-09-13,24.0,41.2,58.9,9.1,45,2.6,3,3,2,hilly,lateritic,poor,6.176,low
SEG-0042,2026-09-14,21.4,52.9,78.4,9.1,45,2.6,3,3,2,hilly,lateritic,poor,6.49,low
SEG-0042,2026-09-15,1.5,46.9,72.4,9.1,45,2.6,3,3,2,hilly,lateritic,poor,5.979,low
SEG-0042,2026-09-16,3.6,26.5,73.0,9.1,45,2.6,3,3,2,hilly,lateritic,poor,5.486,low
SEG-0043,2026-05-20,4.2,4.2,4.2,20.5,34,12.0,3,1,2,hilly,lateritic,poor,6.232,low
SEG-0043,2026-05-21,5.8,10.0,10.0,20.5,34,12.0,3,1,2,hilly,lateritic,poor,6.426,low
SEG-0043,2026-05-22,12.7,22.7,22.7,20.5,34,12.0,3,1,2,hilly,lateritic,poor,6.909,medium
SEG-0043,2026-05-23,12.8,31.3,35.5,20.5,34,12.0,3,1,2,hilly,lateritic,poor,7.169,medium
SEG-0043,2026-05-24,4.2,29.7,39.7,20.5,34,12.0,3,1,2,hilly,lateritic,poor,6.993,low
SEG-0043,2026-05-25,49.5,66.5,89.2,20.5,34,12.0,3,1,2,hilly,lateritic,poor,8.856,medium
SEG-0043,2026-05-26,28.3,82.0,117.5,20.5,34,12.0,3,1,2,hilly,lateritic,poor,8.977,medium
SEG-0043,2026-05-27,21.2,99.0,134.5,20.5,34,12.0,3,1,2,hilly,lateritic,poor,9.345,medium
SEG-0043,2026-05-28,12.3,61.8,141.0,20.5,34,12.0,3,1,2,hilly,lateritic,poor,8.244,medium
SEG-0043,2026-05-29,9.5,43.0,137.8,20.5,34,12.0,3,1,2,hilly,lateritic,poor,7.699,medium
SEG-0043,2026-05-30,4.2,26.0,129.2,20.5,34,12.0,3,1,2,hilly,lateritic,poor,7.143,low
SEG-0043,2026-05-31,8.1,21.8,133.1,20.5,34,12.0,3,1,2,hilly,lateritic,poor,7.111,low
SEG-0043,2026-06-01,13.5,25.8,97.1,20.5,34,12.0,3,1,2,hilly,lateritic,poor,7.208,medium
SEG-0043,2026-06-02,5.4,27.0,74.2,20.5,34,12.0,3,1,2,hilly,lateritic,poor,7.038,medium
SEG-0043,2026-06-03,5.9,24.8,58.9,20.5,34,12.0,3,1,2,hilly,lateritic,poor,6.947,medium
SEG-0043,2026-06-04,9.5,20.8,56.1,20.5,34,12.0,3,1,2,hilly,lateritic,poor,6.897,medium
SEG-0043,2026-06-05,2.0,17.4,48.6,20.5,34,12.0,3,1,2,hilly,lateritic,poor,6.66,low
SEG-0043,2026-06-06,16.2,27.7,60.6,20.5,34,12.0,3,1,2,hilly,lateritic,poor,7.203,medium
SEG-0043,2026-06-07,66.1,84.3,118.6,20.5,34,12.0,3,1,2,hilly,lateritic,poor,9.682,medium
SEG-0043,2026-06-08,34.6,116.9,139.7,20.5,34,12.0,3,1,2,hilly,lateritic,poor,10.052,medium
SEG-0043,2026-06-09,8.5,109.2,142.8,20.5,34,12.0,3,1,2,hilly,lateritic,poor,9.417,medium
SEG-0043,2026-06-10,8.3,51.4,145.2,20.5,34,12.0,3,1,2,hilly,lateritic,poor,7.917,medium
SEG-0043,2026-06-11,12.2,29.0,147.9,20.5,34,12.0,3,1,2,hilly,lateritic,poor,7.408,medium
SEG-0043,2026-06-12,2.6,23.1,148.5,20.5,34,12.0,3,1,2,hilly,lateritic,poor,7.093,medium
SEG-0043,2026-06-13,3.3,18.1,135.6,20.5,34,12.0,3,1,2,hilly,lateritic,poor,6.94,medium
SEG-0043,2026-06-14,9.1,15.0,78.6,20.5,34,12.0,3,1,2,hilly,lateritic,poor,6.801,medium
SEG-0043,2026-06-15,15.2,27.6,59.2,20.5,34,12.0,3,1,2,hilly,lateritic,poor,7.179,medium
SEG-0043,2026-06-16,14.9,39.2,65.6,20.5,34,12.0,3,1,2,hilly,lateritic,poor,7.493,medium
SEG-0043,2026-06-17,20.6,50.7,77.9,20.5,34,12.0,3,1,2,hilly,lateritic,poor,7.923,medium
SEG-0043,2026-06-18,14.8,50.3,80.5,20.5,34,12.0,3,1,2,hilly,lateritic,poor,7.821,medium
SEG-0043,2026-06-19,16.3,51.7,94.2,20.5,34,12.0,3,1,2,hilly,lateritic,poor,7.921,medium
SEG-0043,2026-06-20,10.4,41.5,101.3,20.5,34,12.0,3,1,2,hilly,lateritic,poor,7.575,medium
SEG-0043,2026-06-21,2.8,29.5,95.0,20.5,34,12.0,3,1,2,hilly,lateritic,poor,7.116,medium
SEG-0043,2026-06-22,64.8,78.0,144.6,20.5,34,12.0,3,1,2,hilly,lateritic,poor,9.568,medium
SEG-0043,2026-06-23,36.0,103.6,165.7,20.5,34,12.0,3,1,2,hilly,lateritic,poor,9.802,medium
SEG-0043,2026-06-24,41.2,142.0,186.3,20.5,34,12.0,3,1,2,hilly,lateritic,poor,10.945,high
SEG-0043,2026-06-25,5.5,82.7,177.0,20.5,34,12.0,3,1,2,hilly,lateritic,poor,8.771,medium
SEG-0043,2026-06-26,1.9,48.6,162.6,20.5,34,12.0,3,1,2,hilly,lateritic,poor,7.783,medium
SEG-0043,2026-06-27,3.2,10.6,155.4,20.5,34,12.0,3,1,2,hilly,lateritic,poor,6.798,medium
SEG-0043,2026-06-28,14.1,19.2,166.7,20.5,34,12.0,3,1,2,hilly,lateritic,poor,7.238,medium
SEG-0043,2026-06-29,16.3,33.6,118.2,20.5,34,12.0,3,1,2,hilly,lateritic,poor,7.516,medium
SEG-0043,2026-06-30,12.0,42.4,94.2,20.5,34,12.0,3,1,2,hilly,lateritic,poor,7.606,medium
SEG-0043,2026-07-01,12.9,41.2,65.9,20.5,34,12.0,3,1,2,hilly,lateritic,poor,7.512,medium
SEG-0043,2026-07-02,2.4,27.3,62.8,20.5,34,12.0,3,1,2,hilly,lateritic,poor,6.964,medium
SEG-0043,2026-07-03,4.0,19.3,64.9,20.5,34,12.0,3,1,2,hilly,lateritic,poor,6.789,medium
SEG-0043,2026-07-04,8.1,14.5,69.8,20.5,34,12.0,3,1,2,hilly,lateritic,poor,6.747,medium
SEG-0043,2026-07-05,22.5,34.6,78.2,20.5,34,12.0,3,1,2,hilly,lateritic,poor,7.537,medium
SEG-0043,2026-07-06,67.4,98.0,129.3,20.5,34,12.0,3,1,2,hilly,lateritic,poor,10.09,high
SEG-0043,2026-07-07,27.4,117.3,144.7,20.5,34,12.0,3,1,2,hilly,lateritic,poor,9.954,high
SEG-0043,2026-07-08,25.5,120.3,157.3,20.5,34,12.0,3,1,2,hilly,lateritic,poor,10.034,high
SEG-0043,2026-07-09,25.3,78.2,180.2,20.5,34,12.0,3,1,2,hilly,lateritic,poor,8.999,medium
SEG-0043,2026-07-10,21.9,72.7,198.1,20.5,34,12.0,3,1,2,hilly,lateritic,poor,8.848,medium
SEG-0043,2026-07-11,2.0,49.2,192.0,20.5,34,12.0,3,1,2,hilly,lateritic,poor,7.881,medium
SEG-0043,2026-07-12,18.5,42.4,188.0,20.5,34,12.0,3,1,2,hilly,lateritic,poor,7.974,medium
SEG-0043,2026-07-13,22.1,42.6,142.7,20.5,34,12.0,3,1,2,hilly,lateritic,poor,7.916,medium
SEG-0043,2026-07-14,12.0,52.6,127.3,20.5,34,12.0,3,1,2,hilly,lateritic,poor,7.962,medium
SEG-0043,2026-07-15,5.2,39.3,107.0,20.5,34,12.0,3,1,2,hilly,lateritic,poor,7.445,medium
SEG-0043,2026-07-16,72.8,90.0,154.5,20.5,34,12.0,3,1,2,hilly,lateritic,poor,10.043,medium
SEG-0043,2026-07-17,31.8,109.8,164.4,20.5,34,12.0,3,1,2,hilly,lateritic,poor,9.888,medium
SEG-0043,2026-07-18,8.2,112.8,170.6,20.5,34,12.0,3,1,2,hilly,lateritic,poor,9.582,high
SEG-0043,2026-07-19,15.4,55.4,167.5,20.5,34,12.0,3,1,2,hilly,lateritic,poor,8.203,medium
SEG-0043,2026-07-20,15.4,39.0,160.8,20.5,34,12.0,3,1,2,hilly,lateritic,poor,7.758,medium
SEG-0043,2026-07-21,14.1,44.9,162.9,20.5,34,12.0,3,1,2,hilly,lateritic,poor,7.895,medium
SEG-0043,2026-07-22,11.5,41.0,169.2,20.5,34,12.0,3,1,2,hilly,lateritic,poor,7.767,medium
SEG-0043,2026-07-23,17.0,42.6,113.4,20.5,34,12.0,3,1,2,hilly,lateritic,poor,7.749,medium
SEG-0043,2026-07-24,7.8,36.3,89.4,20.5,34,12.0,3,1,2,hilly,lateritic,poor,7.363,medium
SEG-0043,2026-07-25,6.6,31.4,87.8,20.5,34,12.0,3,1,2,hilly,lateritic,poor,7.21,medium
SEG-0043,2026-07-26,19.9,34.3,92.3,20.5,34,12.0,3,1,2,hilly,lateritic,poor,7.524,medium
SEG-0043,2026-07-27,9.6,36.1,86.5,20.5,34,12.0,3,1,2,hilly,lateritic,poor,7.38,medium
SEG-0043,2026-07-28,16.6,46.1,89.0,20.5,34,12.0,3,1,2,hilly,lateritic,poor,7.766,medium
SEG-0043,2026-07-29,14.3,40.5,91.8,20.5,34,12.0,3,1,2,hilly,lateritic,poor,7.589,medium
SEG-0043,2026-07-30,5.4,36.3,80.2,20.5,34,12.0,3,1,2,hilly,lateritic,poor,7.296,medium
SEG-0043,2026-07-31,2.9,22.6,75.3,20.5,34,12.0,3,1,2,hilly,lateritic,poor,6.884,medium
SEG-0043,2026-08-01,9.7,18.0,78.4,20.5,34,12.0,3,1,2,hilly,lateritic,poor,6.889,medium
SEG-0043,2026-08-02,11.1,23.7,69.6,20.5,34,12.0,3,1,2,hilly,lateritic,poor,7.037,medium
SEG-0043,2026-08-03,9.6,30.4,69.6,20.5,34,12.0,3,1,2,hilly,lateritic,poor,7.185,medium
SEG-0043,2026-08-04,3.7,24.4,56.7,20.5,34,12.0,3,1,2,hilly,lateritic,poor,6.894,medium
SEG-0043,2026-08-05,2.1,15.4,44.5,20.5,34,12.0,3,1,2,hilly,lateritic,poor,6.599,low
SEG-0043,2026-08-06,4.8,10.6,43.9,20.5,34,12.0,3,1,2,hilly,lateritic,poor,6.518,medium
SEG-0043,2026-08-07,4.7,11.6,45.7,20.5,34,12.0,3,1,2,hilly,lateritic,poor,6.547,medium
SEG-0043,2026-08-08,4.5,14.0,40.5,20.5,34,12.0,3,1,2,hilly,lateritic,poor,6.592,low
SEG-0043,2026-08-09,8.9,18.1,38.3,20.5,34,12.0,3,1,2,hilly,lateritic,poor,6.768,medium
SEG-0043,2026-08-10,16.0,29.4,44.7,20.5,34,12.0,3,1,2,hilly,lateritic,poor,7.2,medium
SEG-0043,2026-08-11,15.6,40.5,56.6,20.5,34,12.0,3,1,2,hilly,lateritic,poor,7.514,medium
SEG-0043,2026-08-12,15.6,47.2,70.1,20.5,34,12.0,3,1,2,hilly,lateritic,poor,7.725,medium
SEG-0043,2026-08-13,2.5,33.7,67.8,20.5,34,12.0,3,1,2,hilly,lateritic,poor,7.145,medium
SEG-0043,2026-08-14,27.8,45.9,90.9,20.5,34,12.0,3,1,2,hilly,lateritic,poor,7.956,medium
SEG-0043,2026-08-15,30.5,60.8,116.9,20.5,34,12.0,3,1,2,hilly,lateritic,poor,8.461,medium
SEG-0043,2026-08-16,8.0,66.3,116.0,20.5,34,12.0,3,1,2,hilly,lateritic,poor,8.219,medium
SEG-0043,2026-08-17,0.4,38.9,100.4,20.5,34,12.0,3,1,2,hilly,lateritic,poor,7.335,medium
SEG-0043,2026-08-18,4.7,13.1,89.5,20.5,34,12.0,3,1,2,hilly,lateritic,poor,6.707,medium
SEG-0043,2026-08-19,15.7,20.8,89.6,20.5,34,12.0,3,1,2,hilly,lateritic,poor,7.094,medium
SEG-0043,2026-08-20,8.1,28.5,95.2,20.5,34,12.0,3,1,2,hilly,lateritic,poor,7.181,medium
SEG-0043,2026-08-21,8.3,32.1,75.7,20.5,34,12.0,3,1,2,hilly,lateritic,poor,7.224,medium
SEG-0043,2026-08-22,10.4,26.8,55.6,20.5,34,12.0,3,1,2,hilly,lateritic,poor,7.067,low
SEG-0043,2026-08-23,2.2,20.9,49.8,20.5,34,12.0,3,1,2,hilly,lateritic,poor,6.758,medium
SEG-0043,2026-08-24,16.6,29.2,66.0,20.5,34,12.0,3,1,2,hilly,lateritic,poor,7.263,medium
SEG-0043,2026-08-25,16.2,35.0,77.5,20.5,34,12.0,3,1,2,hilly,lateritic,poor,7.439,medium
SEG-0043,2026-08-26,29.5,62.3,91.3,20.5,34,12.0,3,1,2,hilly,lateritic,poor,8.413,medium
SEG-0043,2026-08-27,19.6,65.3,102.8,20.5,34,12.0,3,1,2,hilly,lateritic,poor,8.354,medium
SEG-0043,2026-08-28,26.1,75.2,120.6,20.5,34,12.0,3,1,2,hilly,lateritic,poor,8.771,medium
SEG-0043,2026-08-29,31.5,77.2,141.7,20.5,34,12.0,3,1,2,hilly,lateritic,poor,8.973,medium
SEG-0043,2026-08-30,6.1,63.7,145.6,20.5,34,12.0,3,1,2,hilly,lateritic,poor,8.201,medium
SEG-0043,2026-08-31,15.0,52.6,144.0,20.5,34,12.0,3,1,2,hilly,lateritic,poor,8.059,medium
SEG-0043,2026-09-01,2.3,23.4,130.1,20.5,34,12.0,3,1,2,hilly,lateritic,poor,7.046,medium
SEG-0043,2026-09-02,4.7,22.0,105.3,20.5,34,12.0,3,1,2,hilly,lateritic,poor,6.982,medium
SEG-0043,2026-09-03,3.9,10.9,89.6,20.5,34,12.0,3,1,2,hilly,lateritic,poor,6.636,medium
SEG-0043,2026-09-04,6.6,15.2,70.1,20.5,34,12.0,3,1,2,hilly,lateritic,poor,6.74,medium
SEG-0043,2026-09-05,44.3,54.8,82.9,20.5,34,12.0,3,1,2,hilly,lateritic,poor,8.446,medium
SEG-0043,2026-09-06,21.6,72.5,98.4,20.5,34,12.0,3,1,2,hilly,lateritic,poor,8.563,medium
SEG-0043,2026-09-07,1.9,67.8,85.3,20.5,34,12.0,3,1,2,hilly,lateritic,poor,8.07,medium
SEG-0043,2026-09-08,7.5,31.0,90.5,20.5,34,12.0,3,1,2,hilly,lateritic,poor,7.223,medium
SEG-0043,2026-09-09,3.0,12.4,88.8,20.5,34,12.0,3,1,2,hilly,lateritic,poor,6.658,low
SEG-0043,2026-09-10,5.3,15.8,90.2,20.5,34,12.0,3,1,2,hilly,lateritic,poor,6.789,medium
SEG-0043,2026-09-11,9.7,18.0,93.3,20.5,34,12.0,3,1,2,hilly,lateritic,poor,6.93,medium
SEG-0043,2026-09-12,7.5,22.5,56.5,20.5,34,12.0,3,1,2,hilly,lateritic,poor,6.908,medium
SEG-0043,2026-09-13,24.0,41.2,58.9,20.5,34,12.0,3,1,2,hilly,lateritic,poor,7.681,medium
SEG-0043,2026-09-14,21.4,52.9,78.4,20.5,34,12.0,3,1,2,hilly,lateritic,poor,7.995,medium
SEG-0043,2026-09-15,1.5,46.9,72.4,20.5,34,12.0,3,1,2,hilly,lateritic,poor,7.484,medium
SEG-0043,2026-09-16,3.6,26.5,73.0,20.5,34,12.0,3,1,2,hilly,lateritic,poor,6.991,medium
SEG-0044,2026-05-20,12.2,12.2,12.2,3.8,23,1.21,1,2,2,plain,alluvial,good,1.788,low
SEG-0044,2026-05-21,2.5,14.7,14.7,3.8,23,1.21,1,2,2,plain,alluvial,good,1.695,low
SEG-0044,2026-05-22,9.9,24.6,24.6,3.8,23,1.21,1,2,2,plain,alluvial,good,2.106,low
SEG-0044,2026-05-23,14.5,26.9,39.1,3.8,23,1.21,1,2,2,plain,alluvial,good,2.284,low
SEG-0044,2026-05-24,51.3,75.7,90.4,3.8,23,1.21,1,2,2,plain,alluvial,good,4.319,low
SEG-0044,2026-05-25,17.8,83.6,108.2,3.8,23,1.21,1,2,2,plain,alluvial,good,4.004,low
SEG-0044,2026-05-26,29.8,98.9,138.0,3.8,23,1.21,1,2,2,plain,alluvial,good,4.688,low
SEG-0044,2026-05-27,32.2,79.8,158.0,3.8,23,1.21,1,2,2,plain,alluvial,good,4.287,low
SEG-0044,2026-05-28,2.1,64.1,157.6,3.8,23,1.21,1,2,2,plain,alluvial,good,3.366,low
SEG-0044,2026-05-29,63.9,98.2,211.6,3.8,23,1.21,1,2,2,plain,alluvial,good,5.452,low
SEG-0044,2026-05-30,24.6,90.6,221.7,3.8,23,1.21,1,2,2,plain,alluvial,good,4.614,low
SEG-0044,2026-05-31,23.5,112.0,193.9,3.8,23,1.21,1,2,2,plain,alluvial,good,5.075,low
SEG-0044,2026-06-01,47.2,95.3,223.3,3.8,23,1.21,1,2,2,plain,alluvial,good,5.125,low
SEG-0044,2026-06-02,72.3,143.0,265.8,3.8,23,1.21,1,2,2,plain,alluvial,good,7.322,medium
SEG-0044,2026-06-03,45.9,165.4,279.5,3.8,23,1.21,1,2,2,plain,alluvial,good,7.897,medium
SEG-0044,2026-06-04,39.6,157.8,317.0,3.8,23,1.21,1,2,2,plain,alluvial,good,7.559,medium
SEG-0044,2026-06-05,29.0,114.5,282.1,3.8,23,1.21,1,2,2,plain,alluvial,good,5.476,low
SEG-0044,2026-06-06,25.5,94.1,283.0,3.8,23,1.21,1,2,2,plain,alluvial,good,4.889,low
SEG-0044,2026-06-07,93.4,147.9,352.9,3.8,23,1.21,1,2,2,plain,alluvial,good,8.136,medium
SEG-0044,2026-06-08,35.7,154.6,341.4,3.8,23,1.21,1,2,2,plain,alluvial,good,7.419,medium
SEG-0044,2026-06-09,46.8,175.9,315.9,3.8,23,1.21,1,2,2,plain,alluvial,good,8.474,medium
SEG-0044,2026-06-10,51.8,134.3,321.8,3.8,23,1.21,1,2,2,plain,alluvial,good,6.745,medium
SEG-0044,2026-06-11,19.2,117.8,301.4,3.8,23,1.21,1,2,2,plain,alluvial,good,5.448,low
SEG-0044,2026-06-12,12.0,83.0,284.4,3.8,23,1.21,1,2,2,plain,alluvial,good,4.374,low
SEG-0044,2026-06-13,16.6,47.8,275.5,3.8,23,1.21,1,2,2,plain,alluvial,good,3.513,low
SEG-0044,2026-06-14,17.1,45.7,199.2,3.8,23,1.21,1,2,2,plain,alluvial,good,3.257,low
SEG-0044,2026-06-15,10.0,43.7,173.5,3.8,23,1.21,1,2,2,plain,alluvial,good,3.014,low
SEG-0044,2026-06-16,10.7,37.8,137.4,3.8,23,1.21,1,2,2,plain,alluvial,good,2.773,low
SEG-0044,2026-06-17,21.0,41.7,106.6,3.8,23,1.21,1,2,2,plain,alluvial,good,2.965,low
SEG-0044,2026-06-18,20.6,52.3,108.0,3.8,23,1.21,1,2,2,plain,alluvial,good,3.237,low
SEG-0044,2026-06-19,2.5,44.1,98.5,3.8,23,1.21,1,2,2,plain,alluvial,good,2.69,low
SEG-0044,2026-06-20,1.3,24.4,83.2,3.8,23,1.21,1,2,2,plain,alluvial,good,2.116,low
SEG-0044,2026-06-21,20.8,24.6,86.9,3.8,23,1.21,1,2,2,plain,alluvial,good,2.463,low
SEG-0044,2026-06-22,18.1,40.2,95.0,3.8,23,1.21,1,2,2,plain,alluvial,good,2.845,low
SEG-0044,2026-06-23,24.2,63.1,108.5,3.8,23,1.21,1,2,2,plain,alluvial,good,3.581,low
SEG-0044,2026-06-24,12.1,54.4,99.6,3.8,23,1.21,1,2,2,plain,alluvial,good,3.124,low
SEG-0044,2026-06-25,13.7,50.0,92.7,3.8,23,1.21,1,2,2,plain,alluvial,good,3.018,low
SEG-0044,2026-06-26,64.7,90.5,154.9,3.8,23,1.21,1,2,2,plain,alluvial,good,5.109,low
SEG-0044,2026-06-27,54.4,132.8,208.0,3.8,23,1.21,1,2,2,plain,alluvial,good,6.41,low
SEG-0044,2026-06-28,41.0,160.1,228.2,3.8,23,1.21,1,2,2,plain,alluvial,good,7.439,medium
SEG-0044,2026-06-29,12.7,108.1,222.8,3.8,23,1.21,1,2,2,plain,alluvial,good,4.87,low
SEG-0044,2026-06-30,16.3,70.0,214.9,3.8,23,1.21,1,2,2,plain,alluvial,good,3.918,low
SEG-0044,2026-07-01,7.0,36.0,209.8,3.8,23,1.21,1,2,2,plain,alluvial,good,2.862,low
SEG-0044,2026-07-02,17.6,40.9,213.7,3.8,23,1.21,1,2,2,plain,alluvial,good,3.181,low
SEG-0044,2026-07-03,6.5,31.1,155.5,3.8,23,1.21,1,2,2,plain,alluvial,good,2.577,low
SEG-0044,2026-07-04,10.9,35.0,112.0,3.8,23,1.21,1,2,2,plain,alluvial,good,2.634,low
SEG-0044,2026-07-05,22.1,39.5,93.1,3.8,23,1.21,1,2,2,plain,alluvial,good,2.889,low
SEG-0044,2026-07-06,16.4,49.4,96.8,3.8,23,1.21,1,2,2,plain,alluvial,good,3.06,low
SEG-0044,2026-07-07,1.0,39.5,81.5,3.8,23,1.21,1,2,2,plain,alluvial,good,2.498,low
SEG-0044,2026-07-08,9.5,26.9,84.0,3.8,23,1.21,1,2,2,plain,alluvial,good,2.322,low
SEG-0044,2026-07-09,2.9,13.4,69.3,3.8,23,1.21,1,2,2,plain,alluvial,good,1.819,low
SEG-0044,2026-07-10,14.1,26.5,76.9,3.8,23,1.21,1,2,2,plain,alluvial,good,2.371,low
SEG-0044,2026-07-11,12.3,29.3,78.3,3.8,23,1.21,1,2,2,plain,alluvial,good,2.417,low
SEG-0044,2026-07-12,4.7,31.1,60.9,3.8,23,1.21,1,2,2,plain,alluvial,good,2.286,low
SEG-0044,2026-07-13,5.5,22.5,50.0,3.8,23,1.21,1,2,2,plain,alluvial,good,2.046,low
SEG-0044,2026-07-14,5.7,15.9,54.7,3.8,23,1.21,1,2,2,plain,alluvial,good,1.891,low
SEG-0044,2026-07-15,23.1,34.3,68.3,3.8,23,1.21,1,2,2,plain,alluvial,good,2.703,low
SEG-0044,2026-07-16,26.6,55.4,92.0,3.8,23,1.21,1,2,2,plain,alluvial,good,3.376,low
SEG-0044,2026-07-17,66.7,116.4,144.6,3.8,23,1.21,1,2,2,plain,alluvial,good,5.788,low
SEG-0044,2026-07-18,42.8,136.1,175.1,3.8,23,1.21,1,2,2,plain,alluvial,good,6.268,low
SEG-0044,2026-07-19,60.7,170.2,231.1,3.8,23,1.21,1,2,2,plain,alluvial,good,8.227,medium
SEG-0044,2026-07-20,56.9,160.4,282.5,3.8,23,1.21,1,2,2,plain,alluvial,good,7.872,medium
SEG-0044,2026-07-21,51.7,169.3,328.5,3.8,23,1.21,1,2,2,plain,alluvial,good,8.302,medium
SEG-0044,2026-07-22,17.0,125.6,322.4,3.8,23,1.21,1,2,2,plain,alluvial,good,5.772,low
SEG-0044,2026-07-23,26.8,95.5,322.6,3.8,23,1.21,1,2,2,plain,alluvial,good,5.056,low
SEG-0044,2026-07-24,8.8,52.6,264.7,3.8,23,1.21,1,2,2,plain,alluvial,good,3.475,low
SEG-0044,2026-07-25,18.6,54.2,240.5,3.8,23,1.21,1,2,2,plain,alluvial,good,3.617,low
SEG-0044,2026-07-26,9.2,36.6,189.0,3.8,23,1.21,1,2,2,plain,alluvial,good,2.858,low
SEG-0044,2026-07-27,13.6,41.4,145.7,3.8,23,1.21,1,2,2,plain,alluvial,good,2.939,low
SEG-0044,2026-07-28,8.8,31.6,102.8,3.8,23,1.21,1,2,2,plain,alluvial,good,2.484,low
SEG-0044,2026-07-29,21.4,43.8,107.2,3.8,23,1.21,1,2,2,plain,alluvial,good,3.028,low
SEG-0044,2026-07-30,6.1,36.3,86.5,3.8,23,1.21,1,2,2,plain,alluvial,good,2.516,low
SEG-0044,2026-07-31,16.9,44.4,94.6,3.8,23,1.21,1,2,2,plain,alluvial,good,2.932,low
SEG-0044,2026-08-01,1.7,24.7,77.7,3.8,23,1.21,1,2,2,plain,alluvial,good,2.115,low
SEG-0044,2026-08-02,15.9,34.5,84.4,3.8,23,1.21,1,2,2,plain,alluvial,good,2.63,low
SEG-0044,2026-08-03,18.8,36.4,89.6,3.8,23,1.21,1,2,2,plain,alluvial,good,2.743,low
SEG-0044,2026-08-04,20.1,54.8,100.9,3.8,23,1.21,1,2,2,plain,alluvial,good,3.274,low
SEG-0044,2026-08-05,47.7,86.6,127.2,3.8,23,1.21,1,2,2,plain,alluvial,good,4.643,low
SEG-0044,2026-08-06,46.2,114.0,167.3,3.8,23,1.21,1,2,2,plain,alluvial,good,5.44,low
SEG-0044,2026-08-07,34.8,128.7,185.2,3.8,23,1.21,1,2,2,plain,alluvial,good,5.834,low
SEG-0044,2026-08-08,31.8,112.8,215.3,3.8,23,1.21,1,2,2,plain,alluvial,good,5.296,low
SEG-0044,2026-08-09,0.2,66.8,199.6,3.8,23,1.21,1,2,2,plain,alluvial,good,3.519,low
SEG-0044,2026-08-10,18.8,50.8,199.6,3.8,23,1.21,1,2,2,plain,alluvial,good,3.42,low
SEG-0044,2026-08-11,6.4,25.4,185.9,3.8,23,1.21,1,2,2,plain,alluvial,good,2.511,low
SEG-0044,2026-08-12,1.1,26.3,139.3,3.8,23,1.21,1,2,2,plain,alluvial,good,2.316,low
SEG-0044,2026-08-13,14.0,21.5,107.1,3.8,23,1.21,1,2,2,plain,alluvial,good,2.322,low
SEG-0044,2026-08-14,3.0,18.1,75.3,3.8,23,1.21,1,2,2,plain,alluvial,good,1.959,low
SEG-0044,2026-08-15,45.1,62.1,88.6,3.8,23,1.21,1,2,2,plain,alluvial,good,3.855,low
SEG-0044,2026-08-16,46.4,94.5,134.8,3.8,23,1.21,1,2,2,plain,alluvial,good,4.847,low
SEG-0044,2026-08-17,31.6,123.1,147.6,3.8,23,1.21,1,2,2,plain,alluvial,good,5.43,low
SEG-0044,2026-08-18,4.9,82.9,146.1,3.8,23,1.21,1,2,2,plain,alluvial,good,3.871,low
SEG-0044,2026-08-19,5.1,41.6,150.1,3.8,23,1.21,1,2,2,plain,alluvial,good,2.811,low
SEG-0044,2026-08-20,4.1,14.1,140.2,3.8,23,1.21,1,2,2,plain,alluvial,good,2.052,low
SEG-0044,2026-08-21,0.5,9.7,137.7,3.8,23,1.21,1,2,2,plain,alluvial,good,1.87,low
SEG-0044,2026-08-22,55.1,59.7,147.7,3.8,23,1.21,1,2,2,plain,alluvial,good,4.125,low
SEG-0044,2026-08-23,25.5,81.1,126.8,3.8,23,1.21,1,2,2,plain,alluvial,good,4.121,low
SEG-0044,2026-08-24,0.3,80.9,95.5,3.8,23,1.21,1,2,2,plain,alluvial,good,3.601,low
SEG-0044,2026-08-25,20.7,46.5,111.3,3.8,23,1.21,1,2,2,plain,alluvial,good,3.097,low
SEG-0044,2026-08-26,18.1,39.1,124.3,3.8,23,1.21,1,2,2,plain,alluvial,good,2.896,low
SEG-0044,2026-08-27,18.0,56.8,138.2,3.8,23,1.21,1,2,2,plain,alluvial,good,3.393,low
SEG-0044,2026-08-28,12.0,48.1,149.7,3.8,23,1.21,1,2,2,plain,alluvial,good,3.097,low
SEG-0044,2026-08-29,9.2,39.2,103.8,3.8,23,1.21,1,2,2,plain,alluvial,good,2.691,low
SEG-0044,2026-08-30,6.3,27.5,84.6,3.8,23,1.21,1,2,2,plain,alluvial,good,2.285,low
SEG-0044,2026-08-31,10.9,26.4,95.2,3.8,23,1.21,1,2,2,plain,alluvial,good,2.364,low
SEG-0044,2026-09-01,27.9,45.1,102.4,3.8,23,1.21,1,2,2,plain,alluvial,good,3.159,low
SEG-0044,2026-09-02,18.4,57.2,102.7,3.8,23,1.21,1,2,2,plain,alluvial,good,3.313,low
SEG-0044,2026-09-03,26.8,73.1,111.5,3.8,23,1.21,1,2,2,plain,alluvial,good,3.893,low
SEG-0044,2026-09-04,10.1,55.3,109.6,3.8,23,1.21,1,2,2,plain,alluvial,good,3.141,low
SEG-0044,2026-09-05,50.0,86.9,150.4,3.8,23,1.21,1,2,2,plain,alluvial,good,4.753,low
SEG-0044,2026-09-06,32.2,92.3,176.3,3.8,23,1.21,1,2,2,plain,alluvial,good,4.662,low
SEG-0044,2026-09-07,5.0,87.2,170.4,3.8,23,1.21,1,2,2,plain,alluvial,good,4.051,low
SEG-0044,2026-09-08,14.9,52.1,157.4,3.8,23,1.21,1,2,2,plain,alluvial,good,3.271,low
SEG-0044,2026-09-09,5.9,25.8,144.9,3.8,23,1.21,1,2,2,plain,alluvial,good,2.4,low
SEG-0044,2026-09-10,1.3,22.1,119.4,3.8,23,1.21,1,2,2,plain,alluvial,good,2.155,low
SEG-0044,2026-09-11,1.3,8.5,110.6,3.8,23,1.21,1,2,2,plain,alluvial,good,1.778,low
SEG-0044,2026-09-12,2.0,4.6,62.6,3.8,23,1.21,1,2,2,plain,alluvial,good,1.556,low
SEG-0044,2026-09-13,2.1,5.4,32.5,3.8,23,1.21,1,2,2,plain,alluvial,good,1.496,low
SEG-0044,2026-09-14,3.2,7.3,30.7,3.8,23,1.21,1,2,2,plain,alluvial,good,1.559,low
SEG-0044,2026-09-15,11.2,16.5,27.0,3.8,23,1.21,1,2,2,plain,alluvial,good,1.924,low
SEG-0044,2026-09-16,7.3,21.7,28.4,3.8,23,1.21,1,2,2,plain,alluvial,good,1.997,low
SEG-0045,2026-05-20,12.2,12.2,12.2,1.7,23,1.94,0,0,2,plain,alluvial,good,0.023,low
SEG-0045,2026-05-21,2.5,14.7,14.7,1.7,23,1.94,0,0,2,plain,alluvial,good,-0.07,low
SEG-0045,2026-05-22,9.9,24.6,24.6,1.7,23,1.94,0,0,2,plain,alluvial,good,0.341,low
SEG-0045,2026-05-23,14.5,26.9,39.1,1.7,23,1.94,0,0,2,plain,alluvial,good,0.519,low
SEG-0045,2026-05-24,51.3,75.7,90.4,1.7,23,1.94,0,0,2,plain,alluvial,good,2.554,low
SEG-0045,2026-05-25,17.8,83.6,108.2,1.7,23,1.94,0,0,2,plain,alluvial,good,2.239,low
SEG-0045,2026-05-26,29.8,98.9,138.0,1.7,23,1.94,0,0,2,plain,alluvial,good,2.923,low
SEG-0045,2026-05-27,32.2,79.8,158.0,1.7,23,1.94,0,0,2,plain,alluvial,good,2.522,low
SEG-0045,2026-05-28,2.1,64.1,157.6,1.7,23,1.94,0,0,2,plain,alluvial,good,1.601,low
SEG-0045,2026-05-29,63.9,98.2,211.6,1.7,23,1.94,0,0,2,plain,alluvial,good,3.687,low
SEG-0045,2026-05-30,24.6,90.6,221.7,1.7,23,1.94,0,0,2,plain,alluvial,good,2.849,low
SEG-0045,2026-05-31,23.5,112.0,193.9,1.7,23,1.94,0,0,2,plain,alluvial,good,3.31,low
SEG-0045,2026-06-01,47.2,95.3,223.3,1.7,23,1.94,0,0,2,plain,alluvial,good,3.36,low
SEG-0045,2026-06-02,72.3,143.0,265.8,1.7,23,1.94,0,0,2,plain,alluvial,good,5.557,low
SEG-0045,2026-06-03,45.9,165.4,279.5,1.7,23,1.94,0,0,2,plain,alluvial,good,6.132,low
SEG-0045,2026-06-04,39.6,157.8,317.0,1.7,23,1.94,0,0,2,plain,alluvial,good,5.794,low
SEG-0045,2026-06-05,29.0,114.5,282.1,1.7,23,1.94,0,0,2,plain,alluvial,good,3.711,low
SEG-0045,2026-06-06,25.5,94.1,283.0,1.7,23,1.94,0,0,2,plain,alluvial,good,3.124,low
SEG-0045,2026-06-07,93.4,147.9,352.9,1.7,23,1.94,0,0,2,plain,alluvial,good,6.371,medium
SEG-0045,2026-06-08,35.7,154.6,341.4,1.7,23,1.94,0,0,2,plain,alluvial,good,5.654,low
SEG-0045,2026-06-09,46.8,175.9,315.9,1.7,23,1.94,0,0,2,plain,alluvial,good,6.709,medium
SEG-0045,2026-06-10,51.8,134.3,321.8,1.7,23,1.94,0,0,2,plain,alluvial,good,4.98,low
SEG-0045,2026-06-11,19.2,117.8,301.4,1.7,23,1.94,0,0,2,plain,alluvial,good,3.683,low
SEG-0045,2026-06-12,12.0,83.0,284.4,1.7,23,1.94,0,0,2,plain,alluvial,good,2.609,low
SEG-0045,2026-06-13,16.6,47.8,275.5,1.7,23,1.94,0,0,2,plain,alluvial,good,1.748,low
SEG-0045,2026-06-14,17.1,45.7,199.2,1.7,23,1.94,0,0,2,plain,alluvial,good,1.492,low
SEG-0045,2026-06-15,10.0,43.7,173.5,1.7,23,1.94,0,0,2,plain,alluvial,good,1.249,low
SEG-0045,2026-06-16,10.7,37.8,137.4,1.7,23,1.94,0,0,2,plain,alluvial,good,1.008,low
SEG-0045,2026-06-17,21.0,41.7,106.6,1.7,23,1.94,0,0,2,plain,alluvial,good,1.2,low
SEG-0045,2026-06-18,20.6,52.3,108.0,1.7,23,1.94,0,0,2,plain,alluvial,good,1.472,low
SEG-0045,2026-06-19,2.5,44.1,98.5,1.7,23,1.94,0,0,2,plain,alluvial,good,0.925,low
SEG-0045,2026-06-20,1.3,24.4,83.2,1.7,23,1.94,0,0,2,plain,alluvial,good,0.351,low
SEG-0045,2026-06-21,20.8,24.6,86.9,1.7,23,1.94,0,0,2,plain,alluvial,good,0.698,low
SEG-0045,2026-06-22,18.1,40.2,95.0,1.7,23,1.94,0,0,2,plain,alluvial,good,1.08,low
SEG-0045,2026-06-23,24.2,63.1,108.5,1.7,23,1.94,0,0,2,plain,alluvial,good,1.816,low
SEG-0045,2026-06-24,12.1,54.4,99.6,1.7,23,1.94,0,0,2,plain,alluvial,good,1.359,low
SEG-0045,2026-06-25,13.7,50.0,92.7,1.7,23,1.94,0,0,2,plain,alluvial,good,1.253,low
SEG-0045,2026-06-26,64.7,90.5,154.9,1.7,23,1.94,0,0,2,plain,alluvial,good,3.344,low
SEG-0045,2026-06-27,54.4,132.8,208.0,1.7,23,1.94,0,0,2,plain,alluvial,good,4.645,low
SEG-0045,2026-06-28,41.0,160.1,228.2,1.7,23,1.94,0,0,2,plain,alluvial,good,5.674,low
SEG-0045,2026-06-29,12.7,108.1,222.8,1.7,23,1.94,0,0,2,plain,alluvial,good,3.105,low
SEG-0045,2026-06-30,16.3,70.0,214.9,1.7,23,1.94,0,0,2,plain,alluvial,good,2.153,low
SEG-0045,2026-07-01,7.0,36.0,209.8,1.7,23,1.94,0,0,2,plain,alluvial,good,1.097,low
SEG-0045,2026-07-02,17.6,40.9,213.7,1.7,23,1.94,0,0,2,plain,alluvial,good,1.416,low
SEG-0045,2026-07-03,6.5,31.1,155.5,1.7,23,1.94,0,0,2,plain,alluvial,good,0.812,low
SEG-0045,2026-07-04,10.9,35.0,112.0,1.7,23,1.94,0,0,2,plain,alluvial,good,0.869,low
SEG-0045,2026-07-05,22.1,39.5,93.1,1.7,23,1.94,0,0,2,plain,alluvial,good,1.124,low
SEG-0045,2026-07-06,16.4,49.4,96.8,1.7,23,1.94,0,0,2,plain,alluvial,good,1.295,low
SEG-0045,2026-07-07,1.0,39.5,81.5,1.7,23,1.94,0,0,2,plain,alluvial,good,0.733,low
SEG-0045,2026-07-08,9.5,26.9,84.0,1.7,23,1.94,0,0,2,plain,alluvial,good,0.557,low
SEG-0045,2026-07-09,2.9,13.4,69.3,1.7,23,1.94,0,0,2,plain,alluvial,good,0.054,low
SEG-0045,2026-07-10,14.1,26.5,76.9,1.7,23,1.94,0,0,2,plain,alluvial,good,0.606,low
SEG-0045,2026-07-11,12.3,29.3,78.3,1.7,23,1.94,0,0,2,plain,alluvial,good,0.652,low
SEG-0045,2026-07-12,4.7,31.1,60.9,1.7,23,1.94,0,0,2,plain,alluvial,good,0.521,low
SEG-0045,2026-07-13,5.5,22.5,50.0,1.7,23,1.94,0,0,2,plain,alluvial,good,0.281,low
SEG-0045,2026-07-14,5.7,15.9,54.7,1.7,23,1.94,0,0,2,plain,alluvial,good,0.126,low
SEG-0045,2026-07-15,23.1,34.3,68.3,1.7,23,1.94,0,0,2,plain,alluvial,good,0.938,low
SEG-0045,2026-07-16,26.6,55.4,92.0,1.7,23,1.94,0,0,2,plain,alluvial,good,1.611,low
SEG-0045,2026-07-17,66.7,116.4,144.6,1.7,23,1.94,0,0,2,plain,alluvial,good,4.023,low
SEG-0045,2026-07-18,42.8,136.1,175.1,1.7,23,1.94,0,0,2,plain,alluvial,good,4.503,low
SEG-0045,2026-07-19,60.7,170.2,231.1,1.7,23,1.94,0,0,2,plain,alluvial,good,6.462,medium
SEG-0045,2026-07-20,56.9,160.4,282.5,1.7,23,1.94,0,0,2,plain,alluvial,good,6.107,low
SEG-0045,2026-07-21,51.7,169.3,328.5,1.7,23,1.94,0,0,2,plain,alluvial,good,6.537,medium
SEG-0045,2026-07-22,17.0,125.6,322.4,1.7,23,1.94,0,0,2,plain,alluvial,good,4.007,low
SEG-0045,2026-07-23,26.8,95.5,322.6,1.7,23,1.94,0,0,2,plain,alluvial,good,3.291,low
SEG-0045,2026-07-24,8.8,52.6,264.7,1.7,23,1.94,0,0,2,plain,alluvial,good,1.71,low
SEG-0045,2026-07-25,18.6,54.2,240.5,1.7,23,1.94,0,0,2,plain,alluvial,good,1.852,low
SEG-0045,2026-07-26,9.2,36.6,189.0,1.7,23,1.94,0,0,2,plain,alluvial,good,1.093,low
SEG-0045,2026-07-27,13.6,41.4,145.7,1.7,23,1.94,0,0,2,plain,alluvial,good,1.174,low
SEG-0045,2026-07-28,8.8,31.6,102.8,1.7,23,1.94,0,0,2,plain,alluvial,good,0.719,low
SEG-0045,2026-07-29,21.4,43.8,107.2,1.7,23,1.94,0,0,2,plain,alluvial,good,1.263,low
SEG-0045,2026-07-30,6.1,36.3,86.5,1.7,23,1.94,0,0,2,plain,alluvial,good,0.751,low
SEG-0045,2026-07-31,16.9,44.4,94.6,1.7,23,1.94,0,0,2,plain,alluvial,good,1.167,low
SEG-0045,2026-08-01,1.7,24.7,77.7,1.7,23,1.94,0,0,2,plain,alluvial,good,0.35,low
SEG-0045,2026-08-02,15.9,34.5,84.4,1.7,23,1.94,0,0,2,plain,alluvial,good,0.865,low
SEG-0045,2026-08-03,18.8,36.4,89.6,1.7,23,1.94,0,0,2,plain,alluvial,good,0.978,low
SEG-0045,2026-08-04,20.1,54.8,100.9,1.7,23,1.94,0,0,2,plain,alluvial,good,1.509,low
SEG-0045,2026-08-05,47.7,86.6,127.2,1.7,23,1.94,0,0,2,plain,alluvial,good,2.878,low
SEG-0045,2026-08-06,46.2,114.0,167.3,1.7,23,1.94,0,0,2,plain,alluvial,good,3.675,low
SEG-0045,2026-08-07,34.8,128.7,185.2,1.7,23,1.94,0,0,2,plain,alluvial,good,4.069,low
SEG-0045,2026-08-08,31.8,112.8,215.3,1.7,23,1.94,0,0,2,plain,alluvial,good,3.531,low
SEG-0045,2026-08-09,0.2,66.8,199.6,1.7,23,1.94,0,0,2,plain,alluvial,good,1.754,low
SEG-0045,2026-08-10,18.8,50.8,199.6,1.7,23,1.94,0,0,2,plain,alluvial,good,1.655,low
SEG-0045,2026-08-11,6.4,25.4,185.9,1.7,23,1.94,0,0,2,plain,alluvial,good,0.746,low
SEG-0045,2026-08-12,1.1,26.3,139.3,1.7,23,1.94,0,0,2,plain,alluvial,good,0.551,low
SEG-0045,2026-08-13,14.0,21.5,107.1,1.7,23,1.94,0,0,2,plain,alluvial,good,0.557,low
SEG-0045,2026-08-14,3.0,18.1,75.3,1.7,23,1.94,0,0,2,plain,alluvial,good,0.194,low
SEG-0045,2026-08-15,45.1,62.1,88.6,1.7,23,1.94,0,0,2,plain,alluvial,good,2.09,low
SEG-0045,2026-08-16,46.4,94.5,134.8,1.7,23,1.94,0,0,2,plain,alluvial,good,3.082,low
SEG-0045,2026-08-17,31.6,123.1,147.6,1.7,23,1.94,0,0,2,plain,alluvial,good,3.665,low
SEG-0045,2026-08-18,4.9,82.9,146.1,1.7,23,1.94,0,0,2,plain,alluvial,good,2.106,low
SEG-0045,2026-08-19,5.1,41.6,150.1,1.7,23,1.94,0,0,2,plain,alluvial,good,1.046,low
SEG-0045,2026-08-20,4.1,14.1,140.2,1.7,23,1.94,0,0,2,plain,alluvial,good,0.287,low
SEG-0045,2026-08-21,0.5,9.7,137.7,1.7,23,1.94,0,0,2,plain,alluvial,good,0.105,low
SEG-0045,2026-08-22,55.1,59.7,147.7,1.7,23,1.94,0,0,2,plain,alluvial,good,2.36,low
SEG-0045,2026-08-23,25.5,81.1,126.8,1.7,23,1.94,0,0,2,plain,alluvial,good,2.356,low
SEG-0045,2026-08-24,0.3,80.9,95.5,1.7,23,1.94,0,0,2,plain,alluvial,good,1.836,low
SEG-0045,2026-08-25,20.7,46.5,111.3,1.7,23,1.94,0,0,2,plain,alluvial,good,1.332,low
SEG-0045,2026-08-26,18.1,39.1,124.3,1.7,23,1.94,0,0,2,plain,alluvial,good,1.131,low
SEG-0045,2026-08-27,18.0,56.8,138.2,1.7,23,1.94,0,0,2,plain,alluvial,good,1.628,low
SEG-0045,2026-08-28,12.0,48.1,149.7,1.7,23,1.94,0,0,2,plain,alluvial,good,1.332,low
SEG-0045,2026-08-29,9.2,39.2,103.8,1.7,23,1.94,0,0,2,plain,alluvial,good,0.926,low
SEG-0045,2026-08-30,6.3,27.5,84.6,1.7,23,1.94,0,0,2,plain,alluvial,good,0.52,low
SEG-0045,2026-08-31,10.9,26.4,95.2,1.7,23,1.94,0,0,2,plain,alluvial,good,0.599,low
SEG-0045,2026-09-01,27.9,45.1,102.4,1.7,23,1.94,0,0,2,plain,alluvial,good,1.394,low
SEG-0045,2026-09-02,18.4,57.2,102.7,1.7,23,1.94,0,0,2,plain,alluvial,good,1.548,low
SEG-0045,2026-09-03,26.8,73.1,111.5,1.7,23,1.94,0,0,2,plain,alluvial,good,2.128,low
SEG-0045,2026-09-04,10.1,55.3,109.6,1.7,23,1.94,0,0,2,plain,alluvial,good,1.376,low
SEG-0045,2026-09-05,50.0,86.9,150.4,1.7,23,1.94,0,0,2,plain,alluvial,good,2.988,low
SEG-0045,2026-09-06,32.2,92.3,176.3,1.7,23,1.94,0,0,2,plain,alluvial,good,2.897,low
SEG-0045,2026-09-07,5.0,87.2,170.4,1.7,23,1.94,0,0,2,plain,alluvial,good,2.286,low
SEG-0045,2026-09-08,14.9,52.1,157.4,1.7,23,1.94,0,0,2,plain,alluvial,good,1.506,low
SEG-0045,2026-09-09,5.9,25.8,144.9,1.7,23,1.94,0,0,2,plain,alluvial,good,0.635,low
SEG-0045,2026-09-10,1.3,22.1,119.4,1.7,23,1.94,0,0,2,plain,alluvial,good,0.39,low
SEG-0045,2026-09-11,1.3,8.5,110.6,1.7,23,1.94,0,0,2,plain,alluvial,good,0.013,low
SEG-0045,2026-09-12,2.0,4.6,62.6,1.7,23,1.94,0,0,2,plain,alluvial,good,-0.209,low
SEG-0045,2026-09-13,2.1,5.4,32.5,1.7,23,1.94,0,0,2,plain,alluvial,good,-0.269,low
SEG-0045,2026-09-14,3.2,7.3,30.7,1.7,23,1.94,0,0,2,plain,alluvial,good,-0.206,low
SEG-0045,2026-09-15,11.2,16.5,27.0,1.7,23,1.94,0,0,2,plain,alluvial,good,0.159,low
SEG-0045,2026-09-16,7.3,21.7,28.4,1.7,23,1.94,0,0,2,plain,alluvial,good,0.232,low
SEG-0046,2026-05-20,41.7,41.7,41.7,42.0,886,2.82,4,3,2,mountain,weathered_rock,fair,11.606,high
SEG-0046,2026-05-21,34.6,76.3,76.3,42.0,886,2.82,4,3,2,mountain,weathered_rock,fair,12.481,high
SEG-0046,2026-05-22,8.0,84.3,84.3,42.0,886,2.82,4,3,2,mountain,weathered_rock,fair,12.258,high
SEG-0046,2026-05-23,14.6,57.2,98.9,42.0,886,2.82,4,3,2,mountain,weathered_rock,fair,11.706,high
SEG-0046,2026-05-24,48.8,71.4,147.7,42.0,886,2.82,4,3,2,mountain,weathered_rock,fair,12.791,high
SEG-0046,2026-05-25,25.1,88.5,172.8,42.0,886,2.82,4,3,2,mountain,weathered_rock,fair,12.902,high
SEG-0046,2026-05-26,0.2,74.1,173.0,42.0,886,2.82,4,3,2,mountain,weathered_rock,fair,12.104,high
SEG-0046,2026-05-27,13.6,38.9,144.9,42.0,886,2.82,4,3,2,mountain,weathered_rock,fair,11.34,high
SEG-0046,2026-05-28,1.1,14.9,111.4,42.0,886,2.82,4,3,2,mountain,weathered_rock,fair,10.411,high
SEG-0046,2026-05-29,6.5,21.2,109.9,42.0,886,2.82,4,3,2,mountain,weathered_rock,fair,10.663,high
SEG-0046,2026-05-30,7.9,15.5,103.2,42.0,886,2.82,4,3,2,mountain,weathered_rock,fair,10.52,high
SEG-0046,2026-05-31,2.6,17.0,57.0,42.0,886,2.82,4,3,2,mountain,weathered_rock,fair,10.342,high
SEG-0046,2026-06-01,26.6,37.1,58.5,42.0,886,2.82,4,3,2,mountain,weathered_rock,fair,11.276,high
SEG-0046,2026-06-02,22.5,51.7,80.8,42.0,886,2.82,4,3,2,mountain,weathered_rock,fair,11.648,high
SEG-0046,2026-06-03,9.5,58.6,76.7,42.0,886,2.82,4,3,2,mountain,weathered_rock,fair,11.595,high
SEG-0046,2026-06-04,46.6,78.6,122.2,42.0,886,2.82,4,3,2,mountain,weathered_rock,fair,12.871,high
SEG-0046,2026-06-05,46.4,102.5,162.1,42.0,886,2.82,4,3,2,mountain,weathered_rock,fair,13.598,high
SEG-0046,2026-06-06,34.4,127.4,188.6,42.0,886,2.82,4,3,2,mountain,weathered_rock,fair,14.115,high
SEG-0046,2026-06-07,11.8,92.6,197.8,42.0,886,2.82,4,3,2,mountain,weathered_rock,fair,12.851,high
SEG-0046,2026-06-08,18.9,65.1,190.1,42.0,886,2.82,4,3,2,mountain,weathered_rock,fair,12.235,high
SEG-0046,2026-06-09,24.4,55.1,192.0,42.0,886,2.82,4,3,2,mountain,weathered_rock,fair,12.074,high
SEG-0046,2026-06-10,24.2,67.5,206.7,42.0,886,2.82,4,3,2,mountain,weathered_rock,fair,12.434,high
SEG-0046,2026-06-11,5.3,53.9,165.4,42.0,886,2.82,4,3,2,mountain,weathered_rock,fair,11.645,high
SEG-0046,2026-06-12,18.6,48.1,137.6,42.0,886,2.82,4,3,2,mountain,weathered_rock,fair,11.644,high
SEG-0046,2026-06-13,18.5,42.4,121.7,42.0,886,2.82,4,3,2,mountain,weathered_rock,fair,11.45,high
SEG-0046,2026-06-14,25.7,62.8,135.6,42.0,886,2.82,4,3,2,mountain,weathered_rock,fair,12.141,high
SEG-0046,2026-06-15,27.5,71.7,144.2,42.0,886,2.82,4,3,2,mountain,weathered_rock,fair,12.427,high
SEG-0046,2026-06-16,12.9,66.1,132.7,42.0,886,2.82,4,3,2,mountain,weathered_rock,fair,12.002,high
SEG-0046,2026-06-17,27.3,67.7,135.8,42.0,886,2.82,4,3,2,mountain,weathered_rock,fair,12.296,high
SEG-0046,2026-06-18,7.7,47.9,138.2,42.0,886,2.82,4,3,2,mountain,weathered_rock,fair,11.455,high
SEG-0046,2026-06-19,14.0,49.0,133.6,42.0,886,2.82,4,3,2,mountain,weathered_rock,fair,11.578,high
SEG-0046,2026-06-20,6.6,28.3,121.7,42.0,886,2.82,4,3,2,mountain,weathered_rock,fair,10.881,high
SEG-0046,2026-06-21,10.1,30.7,106.1,42.0,886,2.82,4,3,2,mountain,weathered_rock,fair,10.96,high
SEG-0046,2026-06-22,25.4,42.1,104.0,42.0,886,2.82,4,3,2,mountain,weathered_rock,fair,11.511,high
SEG-0046,2026-06-23,6.2,41.7,97.3,42.0,886,2.82,4,3,2,mountain,weathered_rock,fair,11.156,high
SEG-0046,2026-06-24,18.4,50.0,88.4,42.0,886,2.82,4,3,2,mountain,weathered_rock,fair,11.555,high
SEG-0046,2026-06-25,26.2,50.8,106.9,42.0,886,2.82,4,3,2,mountain,weathered_rock,fair,11.759,high
SEG-0046,2026-06-26,18.0,62.6,110.9,42.0,886,2.82,4,3,2,mountain,weathered_rock,fair,11.937,high
SEG-0046,2026-06-27,4.8,49.0,109.1,42.0,886,2.82,4,3,2,mountain,weathered_rock,fair,11.354,high
SEG-0046,2026-06-28,8.2,31.0,107.2,42.0,886,2.82,4,3,2,mountain,weathered_rock,fair,10.939,high
SEG-0046,2026-06-29,5.8,18.8,87.6,42.0,886,2.82,4,3,2,mountain,weathered_rock,fair,10.527,high
SEG-0046,2026-06-30,17.9,31.9,99.3,42.0,886,2.82,4,3,2,mountain,weathered_rock,fair,11.105,high
SEG-0046,2026-07-01,11.9,35.6,92.8,42.0,886,2.82,4,3,2,mountain,weathered_rock,fair,11.082,high
SEG-0046,2026-07-02,22.4,52.2,89.0,42.0,886,2.82,4,3,2,mountain,weathered_rock,fair,11.681,high
SEG-0046,2026-07-03,26.8,61.1,97.8,42.0,886,2.82,4,3,2,mountain,weathered_rock,fair,12.012,high
SEG-0046,2026-07-04,15.0,64.2,108.0,42.0,886,2.82,4,3,2,mountain,weathered_rock,fair,11.92,high
SEG-0046,2026-07-05,19.6,61.4,119.4,42.0,886,2.82,4,3,2,mountain,weathered_rock,fair,11.957,high
SEG-0046,2026-07-06,53.4,88.0,167.0,42.0,886,2.82,4,3,2,mountain,weathered_rock,fair,13.354,high
SEG-0046,2026-07-07,62.9,135.9,212.0,42.0,886,2.82,4,3,2,mountain,weathered_rock,fair,14.884,high
SEG-0046,2026-07-08,55.5,171.8,255.6,42.0,886,2.82,4,3,2,mountain,weathered_rock,fair,15.812,high
SEG-0046,2026-07-09,62.3,180.7,295.5,42.0,886,2.82,4,3,2,mountain,weathered_rock,fair,16.269,high
SEG-0046,2026-07-10,0.1,117.9,268.8,42.0,886,2.82,4,3,2,mountain,weathered_rock,fair,13.505,high
SEG-0046,2026-07-11,22.5,84.9,276.3,42.0,886,2.82,4,3,2,mountain,weathered_rock,fair,13.048,high
SEG-0046,2026-07-12,85.9,108.5,342.6,42.0,886,2.82,4,3,2,mountain,weathered_rock,fair,14.922,high
SEG-0046,2026-07-13,47.4,155.8,336.6,42.0,886,2.82,4,3,2,mountain,weathered_rock,fair,15.481,high
SEG-0046,2026-07-14,57.9,191.2,331.6,42.0,886,2.82,4,3,2,mountain,weathered_rock,fair,16.566,high
SEG-0046,2026-07-15,16.4,121.7,292.5,42.0,886,2.82,4,3,2,mountain,weathered_rock,fair,13.946,high
SEG-0046,2026-07-16,27.3,101.6,257.5,42.0,886,2.82,4,3,2,mountain,weathered_rock,fair,13.513,high
SEG-0046,2026-07-17,6.4,50.1,263.8,42.0,886,2.82,4,3,2,mountain,weathered_rock,fair,11.836,high
SEG-0046,2026-07-18,13.9,47.6,255.2,42.0,886,2.82,4,3,2,mountain,weathered_rock,fair,11.874,high
SEG-0046,2026-07-19,15.5,35.8,184.8,42.0,886,2.82,4,3,2,mountain,weathered_rock,fair,11.401,high
SEG-0046,2026-07-20,22.5,51.9,159.9,42.0,886,2.82,4,3,2,mountain,weathered_rock,fair,11.87,high
SEG-0046,2026-07-21,6.7,44.7,108.7,42.0,886,2.82,4,3,2,mountain,weathered_rock,fair,11.274,high
SEG-0046,2026-07-22,9.5,38.7,101.8,42.0,886,2.82,4,3,2,mountain,weathered_rock,fair,11.146,high
SEG-0046,2026-07-23,20.9,37.1,95.4,42.0,886,2.82,4,3,2,mountain,weathered_rock,fair,11.281,high
SEG-0046,2026-07-24,15.3,45.7,104.3,42.0,886,2.82,4,3,2,mountain,weathered_rock,fair,11.434,high
SEG-0046,2026-07-25,103.6,139.8,194.0,42.0,886,2.82,4,3,2,mountain,weathered_rock,fair,15.628,high
SEG-0046,2026-07-26,48.6,167.5,227.1,42.0,886,2.82,4,3,2,mountain,weathered_rock,fair,15.504,high
SEG-0046,2026-07-27,41.4,193.6,246.0,42.0,886,2.82,4,3,2,mountain,weathered_rock,fair,16.113,high
SEG-0046,2026-07-28,63.5,153.5,302.8,42.0,886,2.82,4,3,2,mountain,weathered_rock,fair,15.602,high
SEG-0046,2026-07-29,7.2,112.1,300.5,42.0,886,2.82,4,3,2,mountain,weathered_rock,fair,13.562,high
SEG-0046,2026-07-30,5.1,75.8,284.7,42.0,886,2.82,4,3,2,mountain,weathered_rock,fair,12.539,high
SEG-0046,2026-07-31,15.2,27.5,284.6,42.0,886,2.82,4,3,2,mountain,weathered_rock,fair,11.455,high
SEG-0046,2026-08-01,19.3,39.6,200.3,42.0,886,2.82,4,3,2,mountain,weathered_rock,fair,11.607,high
SEG-0046,2026-08-02,3.6,38.1,155.3,42.0,886,2.82,4,3,2,mountain,weathered_rock,fair,11.178,high
SEG-0046,2026-08-03,0.6,23.5,114.5,42.0,886,2.82,4,3,2,mountain,weathered_rock,fair,10.635,high
SEG-0046,2026-08-04,19.1,23.3,70.1,42.0,886,2.82,4,3,2,mountain,weathered_rock,fair,10.822,high
SEG-0046,2026-08-05,17.4,37.1,80.3,42.0,886,2.82,4,3,2,mountain,weathered_rock,fair,11.18,high
SEG-0046,2026-08-06,0.6,37.1,75.8,42.0,886,2.82,4,3,2,mountain,weathered_rock,fair,10.882,high
SEG-0046,2026-08-07,1.4,19.4,62.0,42.0,886,2.82,4,3,2,mountain,weathered_rock,fair,10.397,high
SEG-0046,2026-08-08,2.5,4.5,45.2,42.0,886,2.82,4,3,2,mountain,weathered_rock,fair,9.983,high
SEG-0046,2026-08-09,71.8,75.7,113.4,42.0,886,2.82,4,3,2,mountain,weathered_rock,fair,13.199,high
SEG-0046,2026-08-10,46.8,121.1,159.6,42.0,886,2.82,4,3,2,mountain,weathered_rock,fair,14.082,high
SEG-0046,2026-08-11,18.0,136.6,158.5,42.0,886,2.82,4,3,2,mountain,weathered_rock,fair,13.992,high
SEG-0046,2026-08-12,8.7,73.5,149.8,42.0,886,2.82,4,3,2,mountain,weathered_rock,fair,12.17,high
SEG-0046,2026-08-13,0.2,26.9,149.4,42.0,886,2.82,4,3,2,mountain,weathered_rock,fair,10.812,high
SEG-0046,2026-08-14,3.5,12.4,151.5,42.0,886,2.82,4,3,2,mountain,weathered_rock,fair,10.497,high
SEG-0046,2026-08-15,0.1,3.8,149.1,42.0,886,2.82,4,3,2,mountain,weathered_rock,fair,10.209,high
SEG-0046,2026-08-16,14.0,17.6,91.3,42.0,886,2.82,4,3,2,mountain,weathered_rock,fair,10.645,high
SEG-0046,2026-08-17,9.6,23.7,54.1,42.0,886,2.82,4,3,2,mountain,weathered_rock,fair,10.627,high
SEG-0046,2026-08-18,4.5,28.1,40.6,42.0,886,2.82,4,3,2,mountain,weathered_rock,fair,10.617,high
SEG-0046,2026-08-19,1.5,15.6,33.4,42.0,886,2.82,4,3,2,mountain,weathered_rock,fair,10.222,high
SEG-0046,2026-08-20,21.8,27.8,55.0,42.0,886,2.82,4,3,2,mountain,weathered_rock,fair,10.943,high
SEG-0046,2026-08-21,8.2,31.5,59.7,42.0,886,2.82,4,3,2,mountain,weathered_rock,fair,10.821,high
SEG-0046,2026-08-22,63.1,93.1,122.7,42.0,886,2.82,4,3,2,mountain,weathered_rock,fair,13.529,high
SEG-0046,2026-08-23,45.8,117.1,154.5,42.0,886,2.82,4,3,2,mountain,weathered_rock,fair,13.947,high
SEG-0046,2026-08-24,44.0,152.9,188.9,42.0,886,2.82,4,3,2,mountain,weathered_rock,fair,14.942,high
SEG-0046,2026-08-25,41.9,131.7,226.3,42.0,886,2.82,4,3,2,mountain,weathered_rock,fair,14.458,high
SEG-0046,2026-08-26,13.6,99.5,238.4,42.0,886,2.82,4,3,2,mountain,weathered_rock,fair,13.173,high
SEG-0046,2026-08-27,8.4,63.9,225.0,42.0,886,2.82,4,3,2,mountain,weathered_rock,fair,12.122,high
SEG-0046,2026-08-28,14.0,36.0,230.8,42.0,886,2.82,4,3,2,mountain,weathered_rock,fair,11.507,high
SEG-0046,2026-08-29,7.9,30.3,175.6,42.0,886,2.82,4,3,2,mountain,weathered_rock,fair,11.104,high
SEG-0046,2026-08-30,21.3,43.2,151.1,42.0,886,2.82,4,3,2,mountain,weathered_rock,fair,11.6,high
SEG-0046,2026-08-31,22.3,51.5,129.4,42.0,886,2.82,4,3,2,mountain,weathered_rock,fair,11.773,high
SEG-0046,2026-09-01,11.4,55.0,98.9,42.0,886,2.82,4,3,2,mountain,weathered_rock,fair,11.594,high
SEG-0046,2026-09-02,10.6,44.3,95.9,42.0,886,2.82,4,3,2,mountain,weathered_rock,fair,11.294,high
SEG-0046,2026-09-03,6.2,28.2,93.7,42.0,886,2.82,4,3,2,mountain,weathered_rock,fair,10.795,high
SEG-0046,2026-09-04,34.2,51.0,113.9,42.0,886,2.82,4,3,2,mountain,weathered_rock,fair,11.919,high
SEG-0046,2026-09-05,24.1,64.5,130.1,42.0,886,2.82,4,3,2,mountain,weathered_rock,fair,12.143,high
SEG-0046,2026-09-06,8.8,67.1,117.6,42.0,886,2.82,4,3,2,mountain,weathered_rock,fair,11.916,high
SEG-0046,2026-09-07,13.6,46.5,108.9,42.0,886,2.82,4,3,2,mountain,weathered_rock,fair,11.438,high
SEG-0046,2026-09-08,2.6,25.0,100.1,42.0,886,2.82,4,3,2,mountain,weathered_rock,fair,10.668,high
SEG-0046,2026-09-09,35.2,51.4,124.7,42.0,886,2.82,4,3,2,mountain,weathered_rock,fair,11.976,high
SEG-0046,2026-09-10,31.8,69.6,150.3,42.0,886,2.82,4,3,2,mountain,weathered_rock,fair,12.462,high
SEG-0046,2026-09-11,19.9,86.9,136.0,42.0,886,2.82,4,3,2,mountain,weathered_rock,fair,12.67,high
SEG-0046,2026-09-12,23.3,75.0,135.2,42.0,886,2.82,4,3,2,mountain,weathered_rock,fair,12.417,high
SEG-0046,2026-09-13,4.1,47.3,130.5,42.0,886,2.82,4,3,2,mountain,weathered_rock,fair,11.357,high
SEG-0046,2026-09-14,50.7,78.1,167.6,42.0,886,2.82,4,3,2,mountain,weathered_rock,fair,13.052,high
SEG-0046,2026-09-15,29.9,84.7,194.9,42.0,886,2.82,4,3,2,mountain,weathered_rock,fair,12.945,high
SEG-0046,2026-09-16,16.7,97.3,176.4,42.0,886,2.82,4,3,2,mountain,weathered_rock,fair,12.998,high
SEG-0047,2026-05-20,2.0,2.0,2.0,27.7,1650,8.17,2,4,2,mountain,weathered_rock,fair,6.989,medium
SEG-0047,2026-05-21,10.1,12.1,12.1,27.7,1650,8.17,2,4,2,mountain,weathered_rock,fair,7.417,medium
SEG-0047,2026-05-22,1.8,13.9,13.9,27.7,1650,8.17,2,4,2,mountain,weathered_rock,fair,7.328,medium
SEG-0047,2026-05-23,1.3,13.2,15.2,27.7,1650,8.17,2,4,2,mountain,weathered_rock,fair,7.305,medium
SEG-0047,2026-05-24,14.1,17.2,29.3,27.7,1650,8.17,2,4,2,mountain,weathered_rock,fair,7.665,medium
SEG-0047,2026-05-25,10.6,26.0,39.9,27.7,1650,8.17,2,4,2,mountain,weathered_rock,fair,7.863,medium
SEG-0047,2026-05-26,8.0,32.7,47.9,27.7,1650,8.17,2,4,2,mountain,weathered_rock,fair,8.015,medium
SEG-0047,2026-05-27,3.7,22.3,49.6,27.7,1650,8.17,2,4,2,mountain,weathered_rock,fair,7.677,medium
SEG-0047,2026-05-28,3.0,14.7,42.5,27.7,1650,8.17,2,4,2,mountain,weathered_rock,fair,7.448,medium
SEG-0047,2026-05-29,14.8,21.5,55.5,27.7,1650,8.17,2,4,2,mountain,weathered_rock,fair,7.861,medium
SEG-0047,2026-05-30,0.9,18.7,55.1,27.7,1650,8.17,2,4,2,mountain,weathered_rock,fair,7.551,medium
SEG-0047,2026-05-31,4.4,20.1,45.4,27.7,1650,8.17,2,4,2,mountain,weathered_rock,fair,7.62,medium
SEG-0047,2026-06-01,18.2,23.5,53.0,27.7,1650,8.17,2,4,2,mountain,weathered_rock,fair,7.964,medium
SEG-0047,2026-06-02,22.6,45.2,67.6,27.7,1650,8.17,2,4,2,mountain,weathered_rock,fair,8.643,medium
SEG-0047,2026-06-03,21.1,61.9,85.0,27.7,1650,8.17,2,4,2,mountain,weathered_rock,fair,9.099,medium
SEG-0047,2026-06-04,17.6,61.3,99.6,27.7,1650,8.17,2,4,2,mountain,weathered_rock,fair,9.064,medium
SEG-0047,2026-06-05,73.4,112.1,158.2,27.7,1650,8.17,2,4,2,mountain,weathered_rock,fair,11.495,high
SEG-0047,2026-06-06,37.5,128.5,194.8,27.7,1650,8.17,2,4,2,mountain,weathered_rock,fair,11.412,high
SEG-0047,2026-06-07,10.7,121.6,201.1,27.7,1650,8.17,2,4,2,mountain,weathered_rock,fair,10.794,high
SEG-0047,2026-06-08,21.4,69.6,204.3,27.7,1650,8.17,2,4,2,mountain,weathered_rock,fair,9.633,medium
SEG-0047,2026-06-09,51.2,83.3,232.9,27.7,1650,8.17,2,4,2,mountain,weathered_rock,fair,10.574,high
SEG-0047,2026-06-10,46.4,119.0,258.2,27.7,1650,8.17,2,4,2,mountain,weathered_rock,fair,11.49,high
SEG-0047,2026-06-11,36.8,134.4,277.4,27.7,1650,8.17,2,4,2,mountain,weathered_rock,fair,11.78,high
SEG-0047,2026-06-12,5.6,88.8,209.6,27.7,1650,8.17,2,4,2,mountain,weathered_rock,fair,9.878,high
SEG-0047,2026-06-13,18.9,61.3,191.0,27.7,1650,8.17,2,4,2,mountain,weathered_rock,fair,9.338,medium
SEG-0047,2026-06-14,12.8,37.3,193.1,27.7,1650,8.17,2,4,2,mountain,weathered_rock,fair,8.616,medium
SEG-0047,2026-06-15,16.4,48.1,188.1,27.7,1650,8.17,2,4,2,mountain,weathered_rock,fair,8.944,medium
SEG-0047,2026-06-16,23.7,52.9,160.6,27.7,1650,8.17,2,4,2,mountain,weathered_rock,fair,9.117,high
SEG-0047,2026-06-17,13.8,53.9,128.0,27.7,1650,8.17,2,4,2,mountain,weathered_rock,fair,8.886,medium
SEG-0047,2026-06-18,12.7,50.2,103.9,27.7,1650,8.17,2,4,2,mountain,weathered_rock,fair,8.704,medium
SEG-0047,2026-06-19,23.5,50.0,121.8,27.7,1650,8.17,2,4,2,mountain,weathered_rock,fair,8.932,medium
SEG-0047,2026-06-20,19.6,55.8,122.5,27.7,1650,8.17,2,4,2,mountain,weathered_rock,fair,9.018,medium
SEG-0047,2026-06-21,40.6,83.7,150.3,27.7,1650,8.17,2,4,2,mountain,weathered_rock,fair,10.177,high
SEG-0047,2026-06-22,43.8,104.0,177.7,27.7,1650,8.17,2,4,2,mountain,weathered_rock,fair,10.835,high
SEG-0047,2026-06-23,24.8,109.2,178.8,27.7,1650,8.17,2,4,2,mountain,weathered_rock,fair,10.65,high
SEG-0047,2026-06-24,2.2,70.8,167.2,27.7,1650,8.17,2,4,2,mountain,weathered_rock,fair,9.236,medium
SEG-0047,2026-06-25,15.3,42.3,169.8,27.7,1650,8.17,2,4,2,mountain,weathered_rock,fair,8.724,medium
SEG-0047,2026-06-26,63.4,80.9,209.7,27.7,1650,8.17,2,4,2,mountain,weathered_rock,fair,10.655,high
SEG-0047,2026-06-27,25.0,103.7,215.1,27.7,1650,8.17,2,4,2,mountain,weathered_rock,fair,10.61,high
SEG-0047,2026-06-28,20.8,109.2,195.3,27.7,1650,8.17,2,4,2,mountain,weathered_rock,fair,10.627,high
SEG-0047,2026-06-29,19.7,65.5,171.2,27.7,1650,8.17,2,4,2,mountain,weathered_rock,fair,9.406,medium
SEG-0047,2026-06-30,9.9,50.4,156.3,27.7,1650,8.17,2,4,2,mountain,weathered_rock,fair,8.806,medium
SEG-0047,2026-07-01,7.1,36.7,161.2,27.7,1650,8.17,2,4,2,mountain,weathered_rock,fair,8.416,medium
SEG-0047,2026-07-02,8.3,25.3,154.2,27.7,1650,8.17,2,4,2,mountain,weathered_rock,fair,8.12,medium
SEG-0047,2026-07-03,13.9,29.3,104.7,27.7,1650,8.17,2,4,2,mountain,weathered_rock,fair,8.184,medium
SEG-0047,2026-07-04,15.3,37.5,95.0,27.7,1650,8.17,2,4,2,mountain,weathered_rock,fair,8.394,medium
SEG-0047,2026-07-05,9.1,38.3,83.3,27.7,1650,8.17,2,4,2,mountain,weathered_rock,fair,8.277,medium
SEG-0047,2026-07-06,17.6,42.0,81.2,27.7,1650,8.17,2,4,2,mountain,weathered_rock,fair,8.512,medium
SEG-0047,2026-07-07,94.4,121.1,165.7,27.7,1650,8.17,2,4,2,mountain,weathered_rock,fair,12.107,high
SEG-0047,2026-07-08,28.9,140.9,187.5,27.7,1650,8.17,2,4,2,mountain,weathered_rock,fair,11.568,high
SEG-0047,2026-07-09,20.7,144.0,199.9,27.7,1650,8.17,2,4,2,mountain,weathered_rock,fair,11.543,high
SEG-0047,2026-07-10,13.0,62.6,199.0,27.7,1650,8.17,2,4,2,mountain,weathered_rock,fair,9.293,medium
SEG-0047,2026-07-11,15.5,49.2,199.2,27.7,1650,8.17,2,4,2,mountain,weathered_rock,fair,8.988,medium
SEG-0047,2026-07-12,71.8,100.3,261.9,27.7,1650,8.17,2,4,2,mountain,weathered_rock,fair,11.446,high
SEG-0047,2026-07-13,54.8,142.1,299.1,27.7,1650,8.17,2,4,2,mountain,weathered_rock,fair,12.346,high
SEG-0047,2026-07-14,40.0,166.6,244.7,27.7,1650,8.17,2,4,2,mountain,weathered_rock,fair,12.582,high
SEG-0047,2026-07-15,45.6,140.4,261.4,27.7,1650,8.17,2,4,2,mountain,weathered_rock,fair,12.042,high
SEG-0047,2026-07-16,23.3,108.9,264.0,27.7,1650,8.17,2,4,2,mountain,weathered_rock,fair,10.851,high
SEG-0047,2026-07-17,19.2,88.1,270.2,27.7,1650,8.17,2,4,2,mountain,weathered_rock,fair,10.258,high
SEG-0047,2026-07-18,16.2,58.7,270.9,27.7,1650,8.17,2,4,2,mountain,weathered_rock,fair,9.444,medium
SEG-0047,2026-07-19,11.6,47.0,210.7,27.7,1650,8.17,2,4,2,mountain,weathered_rock,fair,8.896,medium
SEG-0047,2026-07-20,18.6,46.4,174.5,27.7,1650,8.17,2,4,2,mountain,weathered_rock,fair,8.9,medium
SEG-0047,2026-07-21,1.5,31.7,136.0,27.7,1650,8.17,2,4,2,mountain,weathered_rock,fair,8.121,medium
SEG-0047,2026-07-22,17.7,37.8,108.1,27.7,1650,8.17,2,4,2,mountain,weathered_rock,fair,8.478,medium
SEG-0047,2026-07-23,14.7,33.9,99.5,27.7,1650,8.17,2,4,2,mountain,weathered_rock,fair,8.302,medium
SEG-0047,2026-07-24,15.6,48.0,95.9,27.7,1650,8.17,2,4,2,mountain,weathered_rock,fair,8.674,medium
SEG-0047,2026-07-25,18.4,48.7,98.1,27.7,1650,8.17,2,4,2,mountain,weathered_rock,fair,8.746,medium
SEG-0047,2026-07-26,3.1,37.1,89.6,27.7,1650,8.17,2,4,2,mountain,weathered_rock,fair,8.161,medium
SEG-0047,2026-07-27,19.2,40.7,90.2,27.7,1650,8.17,2,4,2,mountain,weathered_rock,fair,8.53,medium
SEG-0047,2026-07-28,3.8,26.1,92.5,27.7,1650,8.17,2,4,2,mountain,weathered_rock,fair,7.895,medium
SEG-0047,2026-07-29,22.7,45.7,97.5,27.7,1650,8.17,2,4,2,mountain,weathered_rock,fair,8.74,medium
SEG-0047,2026-07-30,18.7,45.2,101.5,27.7,1650,8.17,2,4,2,mountain,weathered_rock,fair,8.67,medium
SEG-0047,2026-07-31,17.5,58.9,103.4,27.7,1650,8.17,2,4,2,mountain,weathered_rock,fair,9.011,medium
SEG-0047,2026-08-01,19.5,55.7,104.5,27.7,1650,8.17,2,4,2,mountain,weathered_rock,fair,8.965,medium
SEG-0047,2026-08-02,12.2,49.2,113.6,27.7,1650,8.17,2,4,2,mountain,weathered_rock,fair,8.697,medium
SEG-0047,2026-08-03,3.4,35.1,97.8,27.7,1650,8.17,2,4,2,mountain,weathered_rock,fair,8.137,medium
SEG-0047,2026-08-04,18.1,33.7,112.1,27.7,1650,8.17,2,4,2,mountain,weathered_rock,fair,8.39,medium
SEG-0047,2026-08-05,5.3,26.8,94.7,27.7,1650,8.17,2,4,2,mountain,weathered_rock,fair,7.945,medium
SEG-0047,2026-08-06,15.9,39.3,91.9,27.7,1650,8.17,2,4,2,mountain,weathered_rock,fair,8.442,medium
SEG-0047,2026-08-07,3.8,25.0,78.2,27.7,1650,8.17,2,4,2,mountain,weathered_rock,fair,7.827,medium
SEG-0047,2026-08-08,64.9,84.6,123.6,27.7,1650,8.17,2,4,2,mountain,weathered_rock,fair,10.54,high
SEG-0047,2026-08-09,42.8,111.5,154.2,27.7,1650,8.17,2,4,2,mountain,weathered_rock,fair,10.948,high
SEG-0047,2026-08-10,42.2,149.9,193.0,27.7,1650,8.17,2,4,2,mountain,weathered_rock,fair,12.043,high
SEG-0047,2026-08-11,9.6,94.6,184.5,27.7,1650,8.17,2,4,2,mountain,weathered_rock,fair,10.028,high
SEG-0047,2026-08-12,1.3,53.1,180.5,27.7,1650,8.17,2,4,2,mountain,weathered_rock,fair,8.797,medium
SEG-0047,2026-08-13,40.7,51.6,205.3,27.7,1650,8.17,2,4,2,mountain,weathered_rock,fair,9.496,medium
SEG-0047,2026-08-14,42.4,84.4,243.9,27.7,1650,8.17,2,4,2,mountain,weathered_rock,fair,10.483,high
SEG-0047,2026-08-15,22.1,105.2,201.1,27.7,1650,8.17,2,4,2,mountain,weathered_rock,fair,10.561,high
SEG-0047,2026-08-16,35.7,100.2,194.0,27.7,1650,8.17,2,4,2,mountain,weathered_rock,fair,10.643,high
SEG-0047,2026-08-17,0.5,58.3,152.3,27.7,1650,8.17,2,4,2,mountain,weathered_rock,fair,8.841,medium
SEG-0047,2026-08-18,3.5,39.7,146.2,27.7,1650,8.17,2,4,2,mountain,weathered_rock,fair,8.391,medium
SEG-0047,2026-08-19,10.5,14.5,155.4,27.7,1650,8.17,2,4,2,mountain,weathered_rock,fair,7.88,medium
SEG-0047,2026-08-20,14.1,28.1,128.8,27.7,1650,8.17,2,4,2,mountain,weathered_rock,fair,8.222,medium
SEG-0047,2026-08-21,16.3,40.9,102.7,27.7,1650,8.17,2,4,2,mountain,weathered_rock,fair,8.52,medium
SEG-0047,2026-08-22,9.3,39.7,89.9,27.7,1650,8.17,2,4,2,mountain,weathered_rock,fair,8.335,medium
SEG-0047,2026-08-23,11.1,36.7,65.3,27.7,1650,8.17,2,4,2,mountain,weathered_rock,fair,8.22,medium
SEG-0047,2026-08-24,1.4,21.8,66.2,27.7,1650,8.17,2,4,2,mountain,weathered_rock,fair,7.67,medium
SEG-0047,2026-08-25,18.8,31.3,81.5,27.7,1650,8.17,2,4,2,mountain,weathered_rock,fair,8.255,medium
SEG-0047,2026-08-26,14.1,34.3,85.1,27.7,1650,8.17,2,4,2,mountain,weathered_rock,fair,8.263,medium
SEG-0047,2026-08-27,56.9,89.8,127.9,27.7,1650,8.17,2,4,2,mountain,weathered_rock,fair,10.551,high
SEG-0047,2026-08-28,30.1,101.1,141.7,27.7,1650,8.17,2,4,2,mountain,weathered_rock,fair,10.427,high
SEG-0047,2026-08-29,23.1,110.1,155.5,27.7,1650,8.17,2,4,2,mountain,weathered_rock,fair,10.58,high
SEG-0047,2026-08-30,15.5,68.7,159.9,27.7,1650,8.17,2,4,2,mountain,weathered_rock,fair,9.387,high
SEG-0047,2026-08-31,15.4,54.0,173.9,27.7,1650,8.17,2,4,2,mountain,weathered_rock,fair,9.042,medium
SEG-0047,2026-09-01,1.5,32.4,156.6,27.7,1650,8.17,2,4,2,mountain,weathered_rock,fair,8.196,medium
SEG-0047,2026-09-02,12.0,28.9,154.5,27.7,1650,8.17,2,4,2,mountain,weathered_rock,fair,8.278,medium
SEG-0047,2026-09-03,12.4,25.9,110.0,27.7,1650,8.17,2,4,2,mountain,weathered_rock,fair,8.084,medium
SEG-0047,2026-09-04,12.3,36.7,92.2,27.7,1650,8.17,2,4,2,mountain,weathered_rock,fair,8.314,medium
SEG-0047,2026-09-05,13.3,38.0,82.4,27.7,1650,8.17,2,4,2,mountain,weathered_rock,fair,8.338,medium
SEG-0047,2026-09-06,41.6,67.2,108.5,27.7,1650,8.17,2,4,2,mountain,weathered_rock,fair,9.65,medium
SEG-0047,2026-09-07,29.0,83.9,122.1,27.7,1650,8.17,2,4,2,mountain,weathered_rock,fair,9.908,high
SEG-0047,2026-09-08,23.6,94.2,144.2,27.7,1650,8.17,2,4,2,mountain,weathered_rock,fair,10.144,high
SEG-0047,2026-09-09,3.0,55.6,135.2,27.7,1650,8.17,2,4,2,mountain,weathered_rock,fair,8.766,medium
SEG-0047,2026-09-10,14.0,40.6,136.8,27.7,1650,8.17,2,4,2,mountain,weathered_rock,fair,8.567,medium
SEG-0047,2026-09-11,3.8,20.8,128.3,27.7,1650,8.17,2,4,2,mountain,weathered_rock,fair,7.856,medium
SEG-0047,2026-09-12,11.2,29.0,126.2,27.7,1650,8.17,2,4,2,mountain,weathered_rock,fair,8.189,medium
SEG-0047,2026-09-13,9.8,24.8,94.4,27.7,1650,8.17,2,4,2,mountain,weathered_rock,fair,7.969,medium
SEG-0047,2026-09-14,3.1,24.1,68.5,27.7,1650,8.17,2,4,2,mountain,weathered_rock,fair,7.765,medium
SEG-0047,2026-09-15,6.9,19.8,51.8,27.7,1650,8.17,2,4,2,mountain,weathered_rock,fair,7.672,medium
SEG-0047,2026-09-16,22.0,32.0,70.8,27.7,1650,8.17,2,4,2,mountain,weathered_rock,fair,8.298,medium
SEG-0048,2026-05-20,2.0,2.0,2.0,32.0,1650,16.81,1,0,2,mountain,weathered_rock,fair,6.684,medium
SEG-0048,2026-05-21,10.1,12.1,12.1,32.0,1650,16.81,1,0,2,mountain,weathered_rock,fair,7.112,medium
SEG-0048,2026-05-22,1.8,13.9,13.9,32.0,1650,16.81,1,0,2,mountain,weathered_rock,fair,7.023,medium
SEG-0048,2026-05-23,1.3,13.2,15.2,32.0,1650,16.81,1,0,2,mountain,weathered_rock,fair,7.0,medium
SEG-0048,2026-05-24,14.1,17.2,29.3,32.0,1650,16.81,1,0,2,mountain,weathered_rock,fair,7.36,medium
SEG-0048,2026-05-25,10.6,26.0,39.9,32.0,1650,16.81,1,0,2,mountain,weathered_rock,fair,7.558,medium
SEG-0048,2026-05-26,8.0,32.7,47.9,32.0,1650,16.81,1,0,2,mountain,weathered_rock,fair,7.71,medium
SEG-0048,2026-05-27,3.7,22.3,49.6,32.0,1650,16.81,1,0,2,mountain,weathered_rock,fair,7.372,medium
SEG-0048,2026-05-28,3.0,14.7,42.5,32.0,1650,16.81,1,0,2,mountain,weathered_rock,fair,7.143,medium
SEG-0048,2026-05-29,14.8,21.5,55.5,32.0,1650,16.81,1,0,2,mountain,weathered_rock,fair,7.556,medium
SEG-0048,2026-05-30,0.9,18.7,55.1,32.0,1650,16.81,1,0,2,mountain,weathered_rock,fair,7.246,medium
SEG-0048,2026-05-31,4.4,20.1,45.4,32.0,1650,16.81,1,0,2,mountain,weathered_rock,fair,7.315,medium
SEG-0048,2026-06-01,18.2,23.5,53.0,32.0,1650,16.81,1,0,2,mountain,weathered_rock,fair,7.659,medium
SEG-0048,2026-06-02,22.6,45.2,67.6,32.0,1650,16.81,1,0,2,mountain,weathered_rock,fair,8.338,medium
SEG-0048,2026-06-03,21.1,61.9,85.0,32.0,1650,16.81,1,0,2,mountain,weathered_rock,fair,8.794,medium
SEG-0048,2026-06-04,17.6,61.3,99.6,32.0,1650,16.81,1,0,2,mountain,weathered_rock,fair,8.759,medium
SEG-0048,2026-06-05,73.4,112.1,158.2,32.0,1650,16.81,1,0,2,mountain,weathered_rock,fair,11.19,high
SEG-0048,2026-06-06,37.5,128.5,194.8,32.0,1650,16.81,1,0,2,mountain,weathered_rock,fair,11.107,high
SEG-0048,2026-06-07,10.7,121.6,201.1,32.0,1650,16.81,1,0,2,mountain,weathered_rock,fair,10.489,high
SEG-0048,2026-06-08,21.4,69.6,204.3,32.0,1650,16.81,1,0,2,mountain,weathered_rock,fair,9.328,medium
SEG-0048,2026-06-09,51.2,83.3,232.9,32.0,1650,16.81,1,0,2,mountain,weathered_rock,fair,10.269,high
SEG-0048,2026-06-10,46.4,119.0,258.2,32.0,1650,16.81,1,0,2,mountain,weathered_rock,fair,11.185,high
SEG-0048,2026-06-11,36.8,134.4,277.4,32.0,1650,16.81,1,0,2,mountain,weathered_rock,fair,11.475,high
SEG-0048,2026-06-12,5.6,88.8,209.6,32.0,1650,16.81,1,0,2,mountain,weathered_rock,fair,9.573,medium
SEG-0048,2026-06-13,18.9,61.3,191.0,32.0,1650,16.81,1,0,2,mountain,weathered_rock,fair,9.033,medium
SEG-0048,2026-06-14,12.8,37.3,193.1,32.0,1650,16.81,1,0,2,mountain,weathered_rock,fair,8.311,medium
SEG-0048,2026-06-15,16.4,48.1,188.1,32.0,1650,16.81,1,0,2,mountain,weathered_rock,fair,8.639,medium
SEG-0048,2026-06-16,23.7,52.9,160.6,32.0,1650,16.81,1,0,2,mountain,weathered_rock,fair,8.812,medium
SEG-0048,2026-06-17,13.8,53.9,128.0,32.0,1650,16.81,1,0,2,mountain,weathered_rock,fair,8.581,medium
SEG-0048,2026-06-18,12.7,50.2,103.9,32.0,1650,16.81,1,0,2,mountain,weathered_rock,fair,8.399,medium
SEG-0048,2026-06-19,23.5,50.0,121.8,32.0,1650,16.81,1,0,2,mountain,weathered_rock,fair,8.627,medium
SEG-0048,2026-06-20,19.6,55.8,122.5,32.0,1650,16.81,1,0,2,mountain,weathered_rock,fair,8.713,medium
SEG-0048,2026-06-21,40.6,83.7,150.3,32.0,1650,16.81,1,0,2,mountain,weathered_rock,fair,9.872,medium
SEG-0048,2026-06-22,43.8,104.0,177.7,32.0,1650,16.81,1,0,2,mountain,weathered_rock,fair,10.53,high
SEG-0048,2026-06-23,24.8,109.2,178.8,32.0,1650,16.81,1,0,2,mountain,weathered_rock,fair,10.345,high
SEG-0048,2026-06-24,2.2,70.8,167.2,32.0,1650,16.81,1,0,2,mountain,weathered_rock,fair,8.931,medium
SEG-0048,2026-06-25,15.3,42.3,169.8,32.0,1650,16.81,1,0,2,mountain,weathered_rock,fair,8.419,medium
SEG-0048,2026-06-26,63.4,80.9,209.7,32.0,1650,16.81,1,0,2,mountain,weathered_rock,fair,10.35,medium
SEG-0048,2026-06-27,25.0,103.7,215.1,32.0,1650,16.81,1,0,2,mountain,weathered_rock,fair,10.305,high
SEG-0048,2026-06-28,20.8,109.2,195.3,32.0,1650,16.81,1,0,2,mountain,weathered_rock,fair,10.322,high
SEG-0048,2026-06-29,19.7,65.5,171.2,32.0,1650,16.81,1,0,2,mountain,weathered_rock,fair,9.101,medium
SEG-0048,2026-06-30,9.9,50.4,156.3,32.0,1650,16.81,1,0,2,mountain,weathered_rock,fair,8.501,medium
SEG-0048,2026-07-01,7.1,36.7,161.2,32.0,1650,16.81,1,0,2,mountain,weathered_rock,fair,8.111,medium
SEG-0048,2026-07-02,8.3,25.3,154.2,32.0,1650,16.81,1,0,2,mountain,weathered_rock,fair,7.815,medium
SEG-0048,2026-07-03,13.9,29.3,104.7,32.0,1650,16.81,1,0,2,mountain,weathered_rock,fair,7.879,medium
SEG-0048,2026-07-04,15.3,37.5,95.0,32.0,1650,16.81,1,0,2,mountain,weathered_rock,fair,8.089,medium
SEG-0048,2026-07-05,9.1,38.3,83.3,32.0,1650,16.81,1,0,2,mountain,weathered_rock,fair,7.972,medium
SEG-0048,2026-07-06,17.6,42.0,81.2,32.0,1650,16.81,1,0,2,mountain,weathered_rock,fair,8.207,medium
SEG-0048,2026-07-07,94.4,121.1,165.7,32.0,1650,16.81,1,0,2,mountain,weathered_rock,fair,11.802,high
SEG-0048,2026-07-08,28.9,140.9,187.5,32.0,1650,16.81,1,0,2,mountain,weathered_rock,fair,11.263,high
SEG-0048,2026-07-09,20.7,144.0,199.9,32.0,1650,16.81,1,0,2,mountain,weathered_rock,fair,11.238,high
SEG-0048,2026-07-10,13.0,62.6,199.0,32.0,1650,16.81,1,0,2,mountain,weathered_rock,fair,8.988,medium
SEG-0048,2026-07-11,15.5,49.2,199.2,32.0,1650,16.81,1,0,2,mountain,weathered_rock,fair,8.683,medium
SEG-0048,2026-07-12,71.8,100.3,261.9,32.0,1650,16.81,1,0,2,mountain,weathered_rock,fair,11.141,high
SEG-0048,2026-07-13,54.8,142.1,299.1,32.0,1650,16.81,1,0,2,mountain,weathered_rock,fair,12.041,high
SEG-0048,2026-07-14,40.0,166.6,244.7,32.0,1650,16.81,1,0,2,mountain,weathered_rock,fair,12.277,high
SEG-0048,2026-07-15,45.6,140.4,261.4,32.0,1650,16.81,1,0,2,mountain,weathered_rock,fair,11.737,high
SEG-0048,2026-07-16,23.3,108.9,264.0,32.0,1650,16.81,1,0,2,mountain,weathered_rock,fair,10.546,high
SEG-0048,2026-07-17,19.2,88.1,270.2,32.0,1650,16.81,1,0,2,mountain,weathered_rock,fair,9.953,high
SEG-0048,2026-07-18,16.2,58.7,270.9,32.0,1650,16.81,1,0,2,mountain,weathered_rock,fair,9.139,medium
SEG-0048,2026-07-19,11.6,47.0,210.7,32.0,1650,16.81,1,0,2,mountain,weathered_rock,fair,8.591,medium
SEG-0048,2026-07-20,18.6,46.4,174.5,32.0,1650,16.81,1,0,2,mountain,weathered_rock,fair,8.595,medium
SEG-0048,2026-07-21,1.5,31.7,136.0,32.0,1650,16.81,1,0,2,mountain,weathered_rock,fair,7.816,medium
SEG-0048,2026-07-22,17.7,37.8,108.1,32.0,1650,16.81,1,0,2,mountain,weathered_rock,fair,8.173,medium
SEG-0048,2026-07-23,14.7,33.9,99.5,32.0,1650,16.81,1,0,2,mountain,weathered_rock,fair,7.997,medium
SEG-0048,2026-07-24,15.6,48.0,95.9,32.0,1650,16.81,1,0,2,mountain,weathered_rock,fair,8.369,medium
SEG-0048,2026-07-25,18.4,48.7,98.1,32.0,1650,16.81,1,0,2,mountain,weathered_rock,fair,8.441,medium
SEG-0048,2026-07-26,3.1,37.1,89.6,32.0,1650,16.81,1,0,2,mountain,weathered_rock,fair,7.856,medium
SEG-0048,2026-07-27,19.2,40.7,90.2,32.0,1650,16.81,1,0,2,mountain,weathered_rock,fair,8.225,medium
SEG-0048,2026-07-28,3.8,26.1,92.5,32.0,1650,16.81,1,0,2,mountain,weathered_rock,fair,7.59,medium
SEG-0048,2026-07-29,22.7,45.7,97.5,32.0,1650,16.81,1,0,2,mountain,weathered_rock,fair,8.435,medium
SEG-0048,2026-07-30,18.7,45.2,101.5,32.0,1650,16.81,1,0,2,mountain,weathered_rock,fair,8.365,medium
SEG-0048,2026-07-31,17.5,58.9,103.4,32.0,1650,16.81,1,0,2,mountain,weathered_rock,fair,8.706,medium
SEG-0048,2026-08-01,19.5,55.7,104.5,32.0,1650,16.81,1,0,2,mountain,weathered_rock,fair,8.66,medium
SEG-0048,2026-08-02,12.2,49.2,113.6,32.0,1650,16.81,1,0,2,mountain,weathered_rock,fair,8.392,medium
SEG-0048,2026-08-03,3.4,35.1,97.8,32.0,1650,16.81,1,0,2,mountain,weathered_rock,fair,7.832,medium
SEG-0048,2026-08-04,18.1,33.7,112.1,32.0,1650,16.81,1,0,2,mountain,weathered_rock,fair,8.085,medium
SEG-0048,2026-08-05,5.3,26.8,94.7,32.0,1650,16.81,1,0,2,mountain,weathered_rock,fair,7.64,medium
SEG-0048,2026-08-06,15.9,39.3,91.9,32.0,1650,16.81,1,0,2,mountain,weathered_rock,fair,8.137,medium
SEG-0048,2026-08-07,3.8,25.0,78.2,32.0,1650,16.81,1,0,2,mountain,weathered_rock,fair,7.522,medium
SEG-0048,2026-08-08,64.9,84.6,123.6,32.0,1650,16.81,1,0,2,mountain,weathered_rock,fair,10.235,high
SEG-0048,2026-08-09,42.8,111.5,154.2,32.0,1650,16.81,1,0,2,mountain,weathered_rock,fair,10.643,high
SEG-0048,2026-08-10,42.2,149.9,193.0,32.0,1650,16.81,1,0,2,mountain,weathered_rock,fair,11.738,high
SEG-0048,2026-08-11,9.6,94.6,184.5,32.0,1650,16.81,1,0,2,mountain,weathered_rock,fair,9.723,high
SEG-0048,2026-08-12,1.3,53.1,180.5,32.0,1650,16.81,1,0,2,mountain,weathered_rock,fair,8.492,medium
SEG-0048,2026-08-13,40.7,51.6,205.3,32.0,1650,16.81,1,0,2,mountain,weathered_rock,fair,9.191,medium
SEG-0048,2026-08-14,42.4,84.4,243.9,32.0,1650,16.81,1,0,2,mountain,weathered_rock,fair,10.178,high
SEG-0048,2026-08-15,22.1,105.2,201.1,32.0,1650,16.81,1,0,2,mountain,weathered_rock,fair,10.256,high
SEG-0048,2026-08-16,35.7,100.2,194.0,32.0,1650,16.81,1,0,2,mountain,weathered_rock,fair,10.338,high
SEG-0048,2026-08-17,0.5,58.3,152.3,32.0,1650,16.81,1,0,2,mountain,weathered_rock,fair,8.536,medium
SEG-0048,2026-08-18,3.5,39.7,146.2,32.0,1650,16.81,1,0,2,mountain,weathered_rock,fair,8.086,medium
SEG-0048,2026-08-19,10.5,14.5,155.4,32.0,1650,16.81,1,0,2,mountain,weathered_rock,fair,7.575,medium
SEG-0048,2026-08-20,14.1,28.1,128.8,32.0,1650,16.81,1,0,2,mountain,weathered_rock,fair,7.917,medium
SEG-0048,2026-08-21,16.3,40.9,102.7,32.0,1650,16.81,1,0,2,mountain,weathered_rock,fair,8.215,medium
SEG-0048,2026-08-22,9.3,39.7,89.9,32.0,1650,16.81,1,0,2,mountain,weathered_rock,fair,8.03,medium
SEG-0048,2026-08-23,11.1,36.7,65.3,32.0,1650,16.81,1,0,2,mountain,weathered_rock,fair,7.915,medium
SEG-0048,2026-08-24,1.4,21.8,66.2,32.0,1650,16.81,1,0,2,mountain,weathered_rock,fair,7.365,medium
SEG-0048,2026-08-25,18.8,31.3,81.5,32.0,1650,16.81,1,0,2,mountain,weathered_rock,fair,7.95,medium
SEG-0048,2026-08-26,14.1,34.3,85.1,32.0,1650,16.81,1,0,2,mountain,weathered_rock,fair,7.958,medium
SEG-0048,2026-08-27,56.9,89.8,127.9,32.0,1650,16.81,1,0,2,mountain,weathered_rock,fair,10.246,high
SEG-0048,2026-08-28,30.1,101.1,141.7,32.0,1650,16.81,1,0,2,mountain,weathered_rock,fair,10.122,medium
SEG-0048,2026-08-29,23.1,110.1,155.5,32.0,1650,16.81,1,0,2,mountain,weathered_rock,fair,10.275,high
SEG-0048,2026-08-30,15.5,68.7,159.9,32.0,1650,16.81,1,0,2,mountain,weathered_rock,fair,9.082,medium
SEG-0048,2026-08-31,15.4,54.0,173.9,32.0,1650,16.81,1,0,2,mountain,weathered_rock,fair,8.737,medium
SEG-0048,2026-09-01,1.5,32.4,156.6,32.0,1650,16.81,1,0,2,mountain,weathered_rock,fair,7.891,medium
SEG-0048,2026-09-02,12.0,28.9,154.5,32.0,1650,16.81,1,0,2,mountain,weathered_rock,fair,7.973,medium
SEG-0048,2026-09-03,12.4,25.9,110.0,32.0,1650,16.81,1,0,2,mountain,weathered_rock,fair,7.779,medium
SEG-0048,2026-09-04,12.3,36.7,92.2,32.0,1650,16.81,1,0,2,mountain,weathered_rock,fair,8.009,medium
SEG-0048,2026-09-05,13.3,38.0,82.4,32.0,1650,16.81,1,0,2,mountain,weathered_rock,fair,8.033,medium
SEG-0048,2026-09-06,41.6,67.2,108.5,32.0,1650,16.81,1,0,2,mountain,weathered_rock,fair,9.345,medium
SEG-0048,2026-09-07,29.0,83.9,122.1,32.0,1650,16.81,1,0,2,mountain,weathered_rock,fair,9.603,medium
SEG-0048,2026-09-08,23.6,94.2,144.2,32.0,1650,16.81,1,0,2,mountain,weathered_rock,fair,9.839,medium
SEG-0048,2026-09-09,3.0,55.6,135.2,32.0,1650,16.81,1,0,2,mountain,weathered_rock,fair,8.461,medium
SEG-0048,2026-09-10,14.0,40.6,136.8,32.0,1650,16.81,1,0,2,mountain,weathered_rock,fair,8.262,medium
SEG-0048,2026-09-11,3.8,20.8,128.3,32.0,1650,16.81,1,0,2,mountain,weathered_rock,fair,7.551,medium
SEG-0048,2026-09-12,11.2,29.0,126.2,32.0,1650,16.81,1,0,2,mountain,weathered_rock,fair,7.884,medium
SEG-0048,2026-09-13,9.8,24.8,94.4,32.0,1650,16.81,1,0,2,mountain,weathered_rock,fair,7.663,medium
SEG-0048,2026-09-14,3.1,24.1,68.5,32.0,1650,16.81,1,0,2,mountain,weathered_rock,fair,7.46,medium
SEG-0048,2026-09-15,6.9,19.8,51.8,32.0,1650,16.81,1,0,2,mountain,weathered_rock,fair,7.367,medium
SEG-0048,2026-09-16,22.0,32.0,70.8,32.0,1650,16.81,1,0,2,mountain,weathered_rock,fair,7.993,medium
SEG-0049,2026-05-20,2.0,2.0,2.0,22.3,1450,5.27,5,1,1,mountain,weathered_rock,fair,7.439,medium
SEG-0049,2026-05-21,10.1,12.1,12.1,22.3,1450,5.27,5,1,1,mountain,weathered_rock,fair,7.867,medium
SEG-0049,2026-05-22,1.8,13.9,13.9,22.3,1450,5.27,5,1,1,mountain,weathered_rock,fair,7.778,medium
SEG-0049,2026-05-23,1.3,13.2,15.2,22.3,1450,5.27,5,1,1,mountain,weathered_rock,fair,7.755,medium
SEG-0049,2026-05-24,14.1,17.2,29.3,22.3,1450,5.27,5,1,1,mountain,weathered_rock,fair,8.115,medium
SEG-0049,2026-05-25,10.6,26.0,39.9,22.3,1450,5.27,5,1,1,mountain,weathered_rock,fair,8.313,medium
SEG-0049,2026-05-26,8.0,32.7,47.9,22.3,1450,5.27,5,1,1,mountain,weathered_rock,fair,8.465,medium
SEG-0049,2026-05-27,3.7,22.3,49.6,22.3,1450,5.27,5,1,1,mountain,weathered_rock,fair,8.127,medium
SEG-0049,2026-05-28,3.0,14.7,42.5,22.3,1450,5.27,5,1,1,mountain,weathered_rock,fair,7.898,medium
SEG-0049,2026-05-29,14.8,21.5,55.5,22.3,1450,5.27,5,1,1,mountain,weathered_rock,fair,8.311,medium
SEG-0049,2026-05-30,0.9,18.7,55.1,22.3,1450,5.27,5,1,1,mountain,weathered_rock,fair,8.001,medium
SEG-0049,2026-05-31,4.4,20.1,45.4,22.3,1450,5.27,5,1,1,mountain,weathered_rock,fair,8.07,medium
SEG-0049,2026-06-01,18.2,23.5,53.0,22.3,1450,5.27,5,1,1,mountain,weathered_rock,fair,8.414,medium
SEG-0049,2026-06-02,22.6,45.2,67.6,22.3,1450,5.27,5,1,1,mountain,weathered_rock,fair,9.093,medium
SEG-0049,2026-06-03,21.1,61.9,85.0,22.3,1450,5.27,5,1,1,mountain,weathered_rock,fair,9.549,high
SEG-0049,2026-06-04,17.6,61.3,99.6,22.3,1450,5.27,5,1,1,mountain,weathered_rock,fair,9.514,medium
SEG-0049,2026-06-05,73.4,112.1,158.2,22.3,1450,5.27,5,1,1,mountain,weathered_rock,fair,11.945,high
SEG-0049,2026-06-06,37.5,128.5,194.8,22.3,1450,5.27,5,1,1,mountain,weathered_rock,fair,11.862,high
SEG-0049,2026-06-07,10.7,121.6,201.1,22.3,1450,5.27,5,1,1,mountain,weathered_rock,fair,11.244,high
SEG-0049,2026-06-08,21.4,69.6,204.3,22.3,1450,5.27,5,1,1,mountain,weathered_rock,fair,10.083,high
SEG-0049,2026-06-09,51.2,83.3,232.9,22.3,1450,5.27,5,1,1,mountain,weathered_rock,fair,11.024,high
SEG-0049,2026-06-10,46.4,119.0,258.2,22.3,1450,5.27,5,1,1,mountain,weathered_rock,fair,11.94,high
SEG-0049,2026-06-11,36.8,134.4,277.4,22.3,1450,5.27,5,1,1,mountain,weathered_rock,fair,12.23,high
SEG-0049,2026-06-12,5.6,88.8,209.6,22.3,1450,5.27,5,1,1,mountain,weathered_rock,fair,10.328,high
SEG-0049,2026-06-13,18.9,61.3,191.0,22.3,1450,5.27,5,1,1,mountain,weathered_rock,fair,9.788,high
SEG-0049,2026-06-14,12.8,37.3,193.1,22.3,1450,5.27,5,1,1,mountain,weathered_rock,fair,9.066,medium
SEG-0049,2026-06-15,16.4,48.1,188.1,22.3,1450,5.27,5,1,1,mountain,weathered_rock,fair,9.394,medium
SEG-0049,2026-06-16,23.7,52.9,160.6,22.3,1450,5.27,5,1,1,mountain,weathered_rock,fair,9.567,medium
SEG-0049,2026-06-17,13.8,53.9,128.0,22.3,1450,5.27,5,1,1,mountain,weathered_rock,fair,9.335,medium
SEG-0049,2026-06-18,12.7,50.2,103.9,22.3,1450,5.27,5,1,1,mountain,weathered_rock,fair,9.154,medium
SEG-0049,2026-06-19,23.5,50.0,121.8,22.3,1450,5.27,5,1,1,mountain,weathered_rock,fair,9.382,medium
SEG-0049,2026-06-20,19.6,55.8,122.5,22.3,1450,5.27,5,1,1,mountain,weathered_rock,fair,9.468,medium
SEG-0049,2026-06-21,40.6,83.7,150.3,22.3,1450,5.27,5,1,1,mountain,weathered_rock,fair,10.627,high
SEG-0049,2026-06-22,43.8,104.0,177.7,22.3,1450,5.27,5,1,1,mountain,weathered_rock,fair,11.285,high
SEG-0049,2026-06-23,24.8,109.2,178.8,22.3,1450,5.27,5,1,1,mountain,weathered_rock,fair,11.1,high
SEG-0049,2026-06-24,2.2,70.8,167.2,22.3,1450,5.27,5,1,1,mountain,weathered_rock,fair,9.685,medium
SEG-0049,2026-06-25,15.3,42.3,169.8,22.3,1450,5.27,5,1,1,mountain,weathered_rock,fair,9.174,medium
SEG-0049,2026-06-26,63.4,80.9,209.7,22.3,1450,5.27,5,1,1,mountain,weathered_rock,fair,11.105,high
SEG-0049,2026-06-27,25.0,103.7,215.1,22.3,1450,5.27,5,1,1,mountain,weathered_rock,fair,11.06,high
SEG-0049,2026-06-28,20.8,109.2,195.3,22.3,1450,5.27,5,1,1,mountain,weathered_rock,fair,11.077,high
SEG-0049,2026-06-29,19.7,65.5,171.2,22.3,1450,5.27,5,1,1,mountain,weathered_rock,fair,9.856,medium
SEG-0049,2026-06-30,9.9,50.4,156.3,22.3,1450,5.27,5,1,1,mountain,weathered_rock,fair,9.256,medium
SEG-0049,2026-07-01,7.1,36.7,161.2,22.3,1450,5.27,5,1,1,mountain,weathered_rock,fair,8.866,medium
SEG-0049,2026-07-02,8.3,25.3,154.2,22.3,1450,5.27,5,1,1,mountain,weathered_rock,fair,8.57,medium
SEG-0049,2026-07-03,13.9,29.3,104.7,22.3,1450,5.27,5,1,1,mountain,weathered_rock,fair,8.634,medium
SEG-0049,2026-07-04,15.3,37.5,95.0,22.3,1450,5.27,5,1,1,mountain,weathered_rock,fair,8.844,medium
SEG-0049,2026-07-05,9.1,38.3,83.3,22.3,1450,5.27,5,1,1,mountain,weathered_rock,fair,8.727,medium
SEG-0049,2026-07-06,17.6,42.0,81.2,22.3,1450,5.27,5,1,1,mountain,weathered_rock,fair,8.962,medium
SEG-0049,2026-07-07,94.4,121.1,165.7,22.3,1450,5.27,5,1,1,mountain,weathered_rock,fair,12.557,high
SEG-0049,2026-07-08,28.9,140.9,187.5,22.3,1450,5.27,5,1,1,mountain,weathered_rock,fair,12.018,high
SEG-0049,2026-07-09,20.7,144.0,199.9,22.3,1450,5.27,5,1,1,mountain,weathered_rock,fair,11.993,high
SEG-0049,2026-07-10,13.0,62.6,199.0,22.3,1450,5.27,5,1,1,mountain,weathered_rock,fair,9.743,high
SEG-0049,2026-07-11,15.5,49.2,199.2,22.3,1450,5.27,5,1,1,mountain,weathered_rock,fair,9.438,medium
SEG-0049,2026-07-12,71.8,100.3,261.9,22.3,1450,5.27,5,1,1,mountain,weathered_rock,fair,11.896,high
SEG-0049,2026-07-13,54.8,142.1,299.1,22.3,1450,5.27,5,1,1,mountain,weathered_rock,fair,12.796,high
SEG-0049,2026-07-14,40.0,166.6,244.7,22.3,1450,5.27,5,1,1,mountain,weathered_rock,fair,13.032,high
SEG-0049,2026-07-15,45.6,140.4,261.4,22.3,1450,5.27,5,1,1,mountain,weathered_rock,fair,12.492,high
SEG-0049,2026-07-16,23.3,108.9,264.0,22.3,1450,5.27,5,1,1,mountain,weathered_rock,fair,11.301,high
SEG-0049,2026-07-17,19.2,88.1,270.2,22.3,1450,5.27,5,1,1,mountain,weathered_rock,fair,10.708,high
SEG-0049,2026-07-18,16.2,58.7,270.9,22.3,1450,5.27,5,1,1,mountain,weathered_rock,fair,9.894,medium
SEG-0049,2026-07-19,11.6,47.0,210.7,22.3,1450,5.27,5,1,1,mountain,weathered_rock,fair,9.346,medium
SEG-0049,2026-07-20,18.6,46.4,174.5,22.3,1450,5.27,5,1,1,mountain,weathered_rock,fair,9.35,medium
SEG-0049,2026-07-21,1.5,31.7,136.0,22.3,1450,5.27,5,1,1,mountain,weathered_rock,fair,8.571,medium
SEG-0049,2026-07-22,17.7,37.8,108.1,22.3,1450,5.27,5,1,1,mountain,weathered_rock,fair,8.928,medium
SEG-0049,2026-07-23,14.7,33.9,99.5,22.3,1450,5.27,5,1,1,mountain,weathered_rock,fair,8.752,medium
SEG-0049,2026-07-24,15.6,48.0,95.9,22.3,1450,5.27,5,1,1,mountain,weathered_rock,fair,9.124,medium
SEG-0049,2026-07-25,18.4,48.7,98.1,22.3,1450,5.27,5,1,1,mountain,weathered_rock,fair,9.196,medium
SEG-0049,2026-07-26,3.1,37.1,89.6,22.3,1450,5.27,5,1,1,mountain,weathered_rock,fair,8.611,medium
SEG-0049,2026-07-27,19.2,40.7,90.2,22.3,1450,5.27,5,1,1,mountain,weathered_rock,fair,8.98,medium
SEG-0049,2026-07-28,3.8,26.1,92.5,22.3,1450,5.27,5,1,1,mountain,weathered_rock,fair,8.345,medium
SEG-0049,2026-07-29,22.7,45.7,97.5,22.3,1450,5.27,5,1,1,mountain,weathered_rock,fair,9.19,medium
SEG-0049,2026-07-30,18.7,45.2,101.5,22.3,1450,5.27,5,1,1,mountain,weathered_rock,fair,9.12,medium
SEG-0049,2026-07-31,17.5,58.9,103.4,22.3,1450,5.27,5,1,1,mountain,weathered_rock,fair,9.461,medium
SEG-0049,2026-08-01,19.5,55.7,104.5,22.3,1450,5.27,5,1,1,mountain,weathered_rock,fair,9.415,high
SEG-0049,2026-08-02,12.2,49.2,113.6,22.3,1450,5.27,5,1,1,mountain,weathered_rock,fair,9.146,medium
SEG-0049,2026-08-03,3.4,35.1,97.8,22.3,1450,5.27,5,1,1,mountain,weathered_rock,fair,8.587,medium
SEG-0049,2026-08-04,18.1,33.7,112.1,22.3,1450,5.27,5,1,1,mountain,weathered_rock,fair,8.84,medium
SEG-0049,2026-08-05,5.3,26.8,94.7,22.3,1450,5.27,5,1,1,mountain,weathered_rock,fair,8.395,medium
SEG-0049,2026-08-06,15.9,39.3,91.9,22.3,1450,5.27,5,1,1,mountain,weathered_rock,fair,8.892,medium
SEG-0049,2026-08-07,3.8,25.0,78.2,22.3,1450,5.27,5,1,1,mountain,weathered_rock,fair,8.277,medium
SEG-0049,2026-08-08,64.9,84.6,123.6,22.3,1450,5.27,5,1,1,mountain,weathered_rock,fair,10.99,high
SEG-0049,2026-08-09,42.8,111.5,154.2,22.3,1450,5.27,5,1,1,mountain,weathered_rock,fair,11.398,high
SEG-0049,2026-08-10,42.2,149.9,193.0,22.3,1450,5.27,5,1,1,mountain,weathered_rock,fair,12.493,high
SEG-0049,2026-08-11,9.6,94.6,184.5,22.3,1450,5.27,5,1,1,mountain,weathered_rock,fair,10.478,high
SEG-0049,2026-08-12,1.3,53.1,180.5,22.3,1450,5.27,5,1,1,mountain,weathered_rock,fair,9.247,medium
SEG-0049,2026-08-13,40.7,51.6,205.3,22.3,1450,5.27,5,1,1,mountain,weathered_rock,fair,9.946,medium
SEG-0049,2026-08-14,42.4,84.4,243.9,22.3,1450,5.27,5,1,1,mountain,weathered_rock,fair,10.933,high
SEG-0049,2026-08-15,22.1,105.2,201.1,22.3,1450,5.27,5,1,1,mountain,weathered_rock,fair,11.011,high
SEG-0049,2026-08-16,35.7,100.2,194.0,22.3,1450,5.27,5,1,1,mountain,weathered_rock,fair,11.093,high
SEG-0049,2026-08-17,0.5,58.3,152.3,22.3,1450,5.27,5,1,1,mountain,weathered_rock,fair,9.291,medium
SEG-0049,2026-08-18,3.5,39.7,146.2,22.3,1450,5.27,5,1,1,mountain,weathered_rock,fair,8.841,medium
SEG-0049,2026-08-19,10.5,14.5,155.4,22.3,1450,5.27,5,1,1,mountain,weathered_rock,fair,8.33,medium
SEG-0049,2026-08-20,14.1,28.1,128.8,22.3,1450,5.27,5,1,1,mountain,weathered_rock,fair,8.672,medium
SEG-0049,2026-08-21,16.3,40.9,102.7,22.3,1450,5.27,5,1,1,mountain,weathered_rock,fair,8.97,medium
SEG-0049,2026-08-22,9.3,39.7,89.9,22.3,1450,5.27,5,1,1,mountain,weathered_rock,fair,8.785,medium
SEG-0049,2026-08-23,11.1,36.7,65.3,22.3,1450,5.27,5,1,1,mountain,weathered_rock,fair,8.67,medium
SEG-0049,2026-08-24,1.4,21.8,66.2,22.3,1450,5.27,5,1,1,mountain,weathered_rock,fair,8.12,medium
SEG-0049,2026-08-25,18.8,31.3,81.5,22.3,1450,5.27,5,1,1,mountain,weathered_rock,fair,8.705,medium
SEG-0049,2026-08-26,14.1,34.3,85.1,22.3,1450,5.27,5,1,1,mountain,weathered_rock,fair,8.713,medium
SEG-0049,2026-08-27,56.9,89.8,127.9,22.3,1450,5.27,5,1,1,mountain,weathered_rock,fair,11.001,high
SEG-0049,2026-08-28,30.1,101.1,141.7,22.3,1450,5.27,5,1,1,mountain,weathered_rock,fair,10.877,high
SEG-0049,2026-08-29,23.1,110.1,155.5,22.3,1450,5.27,5,1,1,mountain,weathered_rock,fair,11.03,high
SEG-0049,2026-08-30,15.5,68.7,159.9,22.3,1450,5.27,5,1,1,mountain,weathered_rock,fair,9.837,high
SEG-0049,2026-08-31,15.4,54.0,173.9,22.3,1450,5.27,5,1,1,mountain,weathered_rock,fair,9.492,medium
SEG-0049,2026-09-01,1.5,32.4,156.6,22.3,1450,5.27,5,1,1,mountain,weathered_rock,fair,8.646,medium
SEG-0049,2026-09-02,12.0,28.9,154.5,22.3,1450,5.27,5,1,1,mountain,weathered_rock,fair,8.728,medium
SEG-0049,2026-09-03,12.4,25.9,110.0,22.3,1450,5.27,5,1,1,mountain,weathered_rock,fair,8.534,medium
SEG-0049,2026-09-04,12.3,36.7,92.2,22.3,1450,5.27,5,1,1,mountain,weathered_rock,fair,8.764,medium
SEG-0049,2026-09-05,13.3,38.0,82.4,22.3,1450,5.27,5,1,1,mountain,weathered_rock,fair,8.788,medium
SEG-0049,2026-09-06,41.6,67.2,108.5,22.3,1450,5.27,5,1,1,mountain,weathered_rock,fair,10.1,high
SEG-0049,2026-09-07,29.0,83.9,122.1,22.3,1450,5.27,5,1,1,mountain,weathered_rock,fair,10.358,high
SEG-0049,2026-09-08,23.6,94.2,144.2,22.3,1450,5.27,5,1,1,mountain,weathered_rock,fair,10.594,high
SEG-0049,2026-09-09,3.0,55.6,135.2,22.3,1450,5.27,5,1,1,mountain,weathered_rock,fair,9.216,medium
SEG-0049,2026-09-10,14.0,40.6,136.8,22.3,1450,5.27,5,1,1,mountain,weathered_rock,fair,9.017,medium
SEG-0049,2026-09-11,3.8,20.8,128.3,22.3,1450,5.27,5,1,1,mountain,weathered_rock,fair,8.306,medium
SEG-0049,2026-09-12,11.2,29.0,126.2,22.3,1450,5.27,5,1,1,mountain,weathered_rock,fair,8.639,medium
SEG-0049,2026-09-13,9.8,24.8,94.4,22.3,1450,5.27,5,1,1,mountain,weathered_rock,fair,8.418,medium
SEG-0049,2026-09-14,3.1,24.1,68.5,22.3,1450,5.27,5,1,1,mountain,weathered_rock,fair,8.215,medium
SEG-0049,2026-09-15,6.9,19.8,51.8,22.3,1450,5.27,5,1,1,mountain,weathered_rock,fair,8.122,medium
SEG-0049,2026-09-16,22.0,32.0,70.8,22.3,1450,5.27,5,1,1,mountain,weathered_rock,fair,8.748,medium
SEG-0050,2026-05-20,9.2,9.2,9.2,33.3,1250,4.89,3,4,1,mountain,weathered_rock,poor,9.228,medium
SEG-0050,2026-05-21,0.3,9.5,9.5,33.3,1250,4.89,3,4,1,mountain,weathered_rock,poor,9.086,medium
SEG-0050,2026-05-22,7.7,17.2,17.2,33.3,1250,4.89,3,4,1,mountain,weathered_rock,poor,9.433,medium
SEG-0050,2026-05-23,3.2,11.2,20.4,33.3,1250,4.89,3,4,1,mountain,weathered_rock,poor,9.209,medium
SEG-0050,2026-05-24,5.3,16.2,25.7,33.3,1250,4.89,3,4,1,mountain,weathered_rock,poor,9.389,high
SEG-0050,2026-05-25,9.7,18.2,35.4,33.3,1250,4.89,3,4,1,mountain,weathered_rock,poor,9.543,high
SEG-0050,2026-05-26,15.1,30.1,50.5,33.3,1250,4.89,3,4,1,mountain,weathered_rock,poor,9.986,high
SEG-0050,2026-05-27,5.9,30.7,47.2,33.3,1250,4.89,3,4,1,mountain,weathered_rock,poor,9.836,medium
SEG-0050,2026-05-28,12.3,33.3,59.2,33.3,1250,4.89,3,4,1,mountain,weathered_rock,poor,10.045,high
SEG-0050,2026-05-29,14.9,33.1,66.4,33.3,1250,4.89,3,4,1,mountain,weathered_rock,poor,10.104,high
SEG-0050,2026-05-30,14.2,41.4,77.4,33.3,1250,4.89,3,4,1,mountain,weathered_rock,poor,10.338,high
SEG-0050,2026-05-31,55.1,84.2,127.2,33.3,1250,4.89,3,4,1,mountain,weathered_rock,poor,12.283,high
SEG-0050,2026-06-01,31.0,100.3,148.5,33.3,1250,4.89,3,4,1,mountain,weathered_rock,poor,12.351,high
SEG-0050,2026-06-02,31.9,118.0,165.3,33.3,1250,4.89,3,4,1,mountain,weathered_rock,poor,12.872,high
SEG-0050,2026-06-03,21.2,84.1,180.6,33.3,1250,4.89,3,4,1,mountain,weathered_rock,poor,11.851,high
SEG-0050,2026-06-04,4.2,57.3,172.5,33.3,1250,4.89,3,4,1,mountain,weathered_rock,poor,10.843,high
SEG-0050,2026-06-05,4.9,30.3,162.5,33.3,1250,4.89,3,4,1,mountain,weathered_rock,poor,10.125,high
SEG-0050,2026-06-06,22.1,31.2,170.4,33.3,1250,4.89,3,4,1,mountain,weathered_rock,poor,10.463,high
SEG-0050,2026-06-07,5.1,32.1,120.4,33.3,1250,4.89,3,4,1,mountain,weathered_rock,poor,10.06,high
SEG-0050,2026-06-08,6.2,33.4,95.6,33.3,1250,4.89,3,4,1,mountain,weathered_rock,poor,10.044,high
SEG-0050,2026-06-09,19.9,31.2,83.6,33.3,1250,4.89,3,4,1,mountain,weathered_rock,poor,10.187,high
SEG-0050,2026-06-10,7.1,33.2,69.5,33.3,1250,4.89,3,4,1,mountain,weathered_rock,poor,9.983,medium
SEG-0050,2026-06-11,16.5,43.5,81.8,33.3,1250,4.89,3,4,1,mountain,weathered_rock,poor,10.444,high
SEG-0050,2026-06-12,16.1,39.7,93.0,33.3,1250,4.89,3,4,1,mountain,weathered_rock,poor,10.369,high
SEG-0050,2026-06-13,9.3,41.9,80.2,33.3,1250,4.89,3,4,1,mountain,weathered_rock,poor,10.276,high
SEG-0050,2026-06-14,12.0,37.4,87.1,33.3,1250,4.89,3,4,1,mountain,weathered_rock,poor,10.223,high
SEG-0050,2026-06-15,21.2,42.5,102.1,33.3,1250,4.89,3,4,1,mountain,weathered_rock,poor,10.554,high
SEG-0050,2026-06-16,12.5,45.7,94.7,33.3,1250,4.89,3,4,1,mountain,weathered_rock,poor,10.469,high
SEG-0050,2026-06-17,7.2,40.9,94.8,33.3,1250,4.89,3,4,1,mountain,weathered_rock,poor,10.254,high
SEG-0050,2026-06-18,16.7,36.4,95.0,33.3,1250,4.89,3,4,1,mountain,weathered_rock,poor,10.299,high
SEG-0050,2026-06-19,5.6,29.5,84.5,33.3,1250,4.89,3,4,1,mountain,weathered_rock,poor,9.902,high
SEG-0050,2026-06-20,3.4,25.7,78.6,33.3,1250,4.89,3,4,1,mountain,weathered_rock,poor,9.75,medium
SEG-0050,2026-06-21,20.9,29.9,87.5,33.3,1250,4.89,3,4,1,mountain,weathered_rock,poor,10.181,high
SEG-0050,2026-06-22,19.8,44.1,86.1,33.3,1250,4.89,3,4,1,mountain,weathered_rock,poor,10.527,high
SEG-0050,2026-06-23,20.9,61.6,94.5,33.3,1250,4.89,3,4,1,mountain,weathered_rock,poor,11.024,high
SEG-0050,2026-06-24,12.6,53.3,99.9,33.3,1250,4.89,3,4,1,mountain,weathered_rock,poor,10.682,high
SEG-0050,2026-06-25,8.3,41.8,91.5,33.3,1250,4.89,3,4,1,mountain,weathered_rock,poor,10.287,high
SEG-0050,2026-06-26,23.0,43.9,108.9,33.3,1250,4.89,3,4,1,mountain,weathered_rock,poor,10.639,high
SEG-0050,2026-06-27,15.7,47.0,121.2,33.3,1250,4.89,3,4,1,mountain,weathered_rock,poor,10.63,high
SEG-0050,2026-06-28,23.0,61.7,123.3,33.3,1250,4.89,3,4,1,mountain,weathered_rock,poor,11.142,high
SEG-0050,2026-06-29,20.3,59.0,123.8,33.3,1250,4.89,3,4,1,mountain,weathered_rock,poor,11.027,high
SEG-0050,2026-06-30,6.0,49.3,108.9,33.3,1250,4.89,3,4,1,mountain,weathered_rock,poor,10.491,high
SEG-0050,2026-07-01,1.2,27.5,97.5,33.3,1250,4.89,3,4,1,mountain,weathered_rock,poor,9.811,medium
SEG-0050,2026-07-02,19.3,26.5,108.5,33.3,1250,4.89,3,4,1,mountain,weathered_rock,poor,10.123,medium
SEG-0050,2026-07-03,18.5,39.0,104.0,33.3,1250,4.89,3,4,1,mountain,weathered_rock,poor,10.422,high
SEG-0050,2026-07-04,3.6,41.4,91.9,33.3,1250,4.89,3,4,1,mountain,weathered_rock,poor,10.198,high
SEG-0050,2026-07-05,11.4,33.5,80.3,33.3,1250,4.89,3,4,1,mountain,weathered_rock,poor,10.093,high
SEG-0050,2026-07-06,0.1,15.1,60.1,33.3,1250,4.89,3,4,1,mountain,weathered_rock,poor,9.367,medium
SEG-0050,2026-07-07,1.5,13.0,55.6,33.3,1250,4.89,3,4,1,mountain,weathered_rock,poor,9.324,high
SEG-0050,2026-07-08,22.0,23.6,76.4,33.3,1250,4.89,3,4,1,mountain,weathered_rock,poor,10.005,medium
SEG-0050,2026-07-09,20.4,43.9,77.5,33.3,1250,4.89,3,4,1,mountain,weathered_rock,poor,10.509,high
SEG-0050,2026-07-10,19.2,61.6,78.2,33.3,1250,4.89,3,4,1,mountain,weathered_rock,poor,10.951,high
SEG-0050,2026-07-11,4.8,44.4,79.4,33.3,1250,4.89,3,4,1,mountain,weathered_rock,poor,10.262,high
SEG-0050,2026-07-12,15.8,39.8,83.8,33.3,1250,4.89,3,4,1,mountain,weathered_rock,poor,10.341,high
SEG-0050,2026-07-13,10.1,30.7,93.8,33.3,1250,4.89,3,4,1,mountain,weathered_rock,poor,10.035,high
SEG-0050,2026-07-14,16.9,42.8,109.2,33.3,1250,4.89,3,4,1,mountain,weathered_rock,poor,10.508,high
SEG-0050,2026-07-15,17.7,44.7,104.9,33.3,1250,4.89,3,4,1,mountain,weathered_rock,poor,10.559,high
SEG-0050,2026-07-16,25.0,59.6,109.5,33.3,1250,4.89,3,4,1,mountain,weathered_rock,poor,11.083,high
SEG-0050,2026-07-17,19.4,62.1,109.7,33.3,1250,4.89,3,4,1,mountain,weathered_rock,poor,11.054,high
SEG-0050,2026-07-18,14.9,59.3,119.8,33.3,1250,4.89,3,4,1,mountain,weathered_rock,poor,10.932,high
SEG-0050,2026-07-19,5.3,39.6,109.3,33.3,1250,4.89,3,4,1,mountain,weathered_rock,poor,10.228,high
SEG-0050,2026-07-20,6.2,26.4,105.4,33.3,1250,4.89,3,4,1,mountain,weathered_rock,poor,9.889,medium
SEG-0050,2026-07-21,12.5,24.0,101.0,33.3,1250,4.89,3,4,1,mountain,weathered_rock,poor,9.922,medium
SEG-0050,2026-07-22,11.5,30.2,94.8,33.3,1250,4.89,3,4,1,mountain,weathered_rock,poor,10.049,high
SEG-0050,2026-07-23,2.8,26.8,72.6,33.3,1250,4.89,3,4,1,mountain,weathered_rock,poor,9.752,medium
SEG-0050,2026-07-24,23.5,37.8,76.7,33.3,1250,4.89,3,4,1,mountain,weathered_rock,poor,10.401,high
SEG-0050,2026-07-25,7.0,33.3,68.8,33.3,1250,4.89,3,4,1,mountain,weathered_rock,poor,9.981,high
SEG-0050,2026-07-26,46.8,77.3,110.3,33.3,1250,4.89,3,4,1,mountain,weathered_rock,poor,11.916,high
SEG-0050,2026-07-27,27.8,81.6,131.9,33.3,1250,4.89,3,4,1,mountain,weathered_rock,poor,11.764,high
SEG-0050,2026-07-28,45.4,120.0,164.8,33.3,1250,4.89,3,4,1,mountain,weathered_rock,poor,13.152,high
SEG-0050,2026-07-29,31.9,105.1,185.2,33.3,1250,4.89,3,4,1,mountain,weathered_rock,poor,12.592,high
SEG-0050,2026-07-30,22.8,100.1,205.2,33.3,1250,4.89,3,4,1,mountain,weathered_rock,poor,12.362,high
SEG-0050,2026-07-31,9.1,63.8,190.8,33.3,1250,4.89,3,4,1,mountain,weathered_rock,poor,11.146,high
SEG-0050,2026-08-01,19.1,51.0,202.9,33.3,1250,4.89,3,4,1,mountain,weathered_rock,poor,11.016,high
SEG-0050,2026-08-02,19.8,48.0,175.9,33.3,1250,4.89,3,4,1,mountain,weathered_rock,poor,10.876,high
SEG-0050,2026-08-03,12.1,51.0,160.2,33.3,1250,4.89,3,4,1,mountain,weathered_rock,poor,10.78,high
SEG-0050,2026-08-04,4.3,36.2,119.1,33.3,1250,4.89,3,4,1,mountain,weathered_rock,poor,10.149,high
SEG-0050,2026-08-05,16.0,32.4,103.2,33.3,1250,4.89,3,4,1,mountain,weathered_rock,poor,10.206,high
SEG-0050,2026-08-06,0.2,20.5,80.6,33.3,1250,4.89,3,4,1,mountain,weathered_rock,poor,9.566,high
SEG-0050,2026-08-07,14.5,30.7,86.0,33.3,1250,4.89,3,4,1,mountain,weathered_rock,poor,10.089,high
SEG-0050,2026-08-08,17.8,32.5,84.7,33.3,1250,4.89,3,4,1,mountain,weathered_rock,poor,10.188,high
SEG-0050,2026-08-09,4.4,36.7,69.3,33.3,1250,4.89,3,4,1,mountain,weathered_rock,poor,10.027,medium
SEG-0050,2026-08-10,60.9,83.1,118.1,33.3,1250,4.89,3,4,1,mountain,weathered_rock,poor,12.328,high
SEG-0050,2026-08-11,29.8,95.1,143.6,33.3,1250,4.89,3,4,1,mountain,weathered_rock,poor,12.182,high
SEG-0050,2026-08-12,8.3,99.0,135.9,33.3,1250,4.89,3,4,1,mountain,weathered_rock,poor,11.896,high
SEG-0050,2026-08-13,43.6,81.7,179.3,33.3,1250,4.89,3,4,1,mountain,weathered_rock,poor,12.166,high
SEG-0050,2026-08-14,28.7,80.6,193.5,33.3,1250,4.89,3,4,1,mountain,weathered_rock,poor,11.923,high
SEG-0050,2026-08-15,32.1,104.4,207.8,33.3,1250,4.89,3,4,1,mountain,weathered_rock,poor,12.639,high
SEG-0050,2026-08-16,6.7,67.5,210.1,33.3,1250,4.89,3,4,1,mountain,weathered_rock,poor,11.254,high
SEG-0050,2026-08-17,47.7,86.5,196.9,33.3,1250,4.89,3,4,1,mountain,weathered_rock,poor,12.409,high
SEG-0050,2026-08-18,28.9,83.3,196.0,33.3,1250,4.89,3,4,1,mountain,weathered_rock,poor,12.004,high
SEG-0050,2026-08-19,38.1,114.7,225.8,33.3,1250,4.89,3,4,1,mountain,weathered_rock,poor,13.058,high
SEG-0050,2026-08-20,41.2,108.2,223.4,33.3,1250,4.89,3,4,1,mountain,weathered_rock,poor,12.935,high
SEG-0050,2026-08-21,14.9,94.2,209.6,33.3,1250,4.89,3,4,1,mountain,weathered_rock,poor,12.086,high
SEG-0050,2026-08-22,17.9,74.0,195.4,33.3,1250,4.89,3,4,1,mountain,weathered_rock,poor,11.573,high
SEG-0050,2026-08-23,7.4,40.2,196.1,33.3,1250,4.89,3,4,1,mountain,weathered_rock,poor,10.518,high
SEG-0050,2026-08-24,5.5,30.8,153.9,33.3,1250,4.89,3,4,1,mountain,weathered_rock,poor,10.125,medium
SEG-0050,2026-08-25,9.5,22.4,134.5,33.3,1250,4.89,3,4,1,mountain,weathered_rock,poor,9.921,medium
SEG-0050,2026-08-26,2.5,17.5,98.9,33.3,1250,4.89,3,4,1,mountain,weathered_rock,poor,9.577,medium
SEG-0050,2026-08-27,13.5,25.5,71.2,33.3,1250,4.89,3,4,1,mountain,weathered_rock,poor,9.896,medium
SEG-0050,2026-08-28,13.6,29.6,69.9,33.3,1250,4.89,3,4,1,mountain,weathered_rock,poor,10.001,high
SEG-0050,2026-08-29,9.3,36.4,61.3,33.3,1250,4.89,3,4,1,mountain,weathered_rock,poor,10.081,high
SEG-0050,2026-08-30,18.6,41.5,72.5,33.3,1250,4.89,3,4,1,mountain,weathered_rock,poor,10.402,high
SEG-0050,2026-08-31,8.1,36.0,75.1,33.3,1250,4.89,3,4,1,mountain,weathered_rock,poor,10.088,high
SEG-0050,2026-09-01,4.2,30.9,69.8,33.3,1250,4.89,3,4,1,mountain,weathered_rock,poor,9.874,medium
SEG-0050,2026-09-02,13.0,25.3,80.3,33.3,1250,4.89,3,4,1,mountain,weathered_rock,poor,9.907,medium
SEG-0050,2026-09-03,7.1,24.3,73.9,33.3,1250,4.89,3,4,1,mountain,weathered_rock,poor,9.763,high
SEG-0050,2026-09-04,8.1,28.2,68.4,33.3,1250,4.89,3,4,1,mountain,weathered_rock,poor,9.866,medium
SEG-0050,2026-09-05,5.3,20.5,64.4,33.3,1250,4.89,3,4,1,mountain,weathered_rock,poor,9.608,medium
SEG-0050,2026-09-06,10.3,23.7,56.1,33.3,1250,4.89,3,4,1,mountain,weathered_rock,poor,9.753,high
SEG-0050,2026-09-07,12.9,28.5,60.9,33.3,1250,4.89,3,4,1,mountain,weathered_rock,poor,9.935,medium
SEG-0050,2026-09-08,3.8,27.0,60.5,33.3,1250,4.89,3,4,1,mountain,weathered_rock,poor,9.74,medium
SEG-0050,2026-09-09,12.3,29.0,59.8,33.3,1250,4.89,3,4,1,mountain,weathered_rock,poor,9.935,medium
SEG-0050,2026-09-10,8.4,24.5,61.1,33.3,1250,4.89,3,4,1,mountain,weathered_rock,poor,9.755,high
SEG-0050,2026-09-11,2.4,23.1,55.4,33.3,1250,4.89,3,4,1,mountain,weathered_rock,poor,9.601,medium
SEG-0050,2026-09-12,6.6,17.4,56.7,33.3,1250,4.89,3,4,1,mountain,weathered_rock,poor,9.528,medium
SEG-0050,2026-09-13,3.6,12.6,50.0,33.3,1250,4.89,3,4,1,mountain,weathered_rock,poor,9.334,medium
SEG-0050,2026-09-14,8.7,18.9,45.8,33.3,1250,4.89,3,4,1,mountain,weathered_rock,poor,9.573,medium
SEG-0050,2026-09-15,3.2,15.5,45.2,33.3,1250,4.89,3,4,1,mountain,weathered_rock,poor,9.389,medium
SEG-0050,2026-09-16,3.3,15.2,36.2,33.3,1250,4.89,3,4,1,mountain,weathered_rock,poor,9.358,medium
SEG-0051,2026-05-20,9.2,9.2,9.2,40.0,1250,0.56,0,4,1,mountain,weathered_rock,good,8.083,medium
SEG-0051,2026-05-21,0.3,9.5,9.5,40.0,1250,0.56,0,4,1,mountain,weathered_rock,good,7.941,medium
SEG-0051,2026-05-22,7.7,17.2,17.2,40.0,1250,0.56,0,4,1,mountain,weathered_rock,good,8.288,medium
SEG-0051,2026-05-23,3.2,11.2,20.4,40.0,1250,0.56,0,4,1,mountain,weathered_rock,good,8.064,medium
SEG-0051,2026-05-24,5.3,16.2,25.7,40.0,1250,0.56,0,4,1,mountain,weathered_rock,good,8.244,medium
SEG-0051,2026-05-25,9.7,18.2,35.4,40.0,1250,0.56,0,4,1,mountain,weathered_rock,good,8.398,medium
SEG-0051,2026-05-26,15.1,30.1,50.5,40.0,1250,0.56,0,4,1,mountain,weathered_rock,good,8.841,medium
SEG-0051,2026-05-27,5.9,30.7,47.2,40.0,1250,0.56,0,4,1,mountain,weathered_rock,good,8.691,medium
SEG-0051,2026-05-28,12.3,33.3,59.2,40.0,1250,0.56,0,4,1,mountain,weathered_rock,good,8.9,medium
SEG-0051,2026-05-29,14.9,33.1,66.4,40.0,1250,0.56,0,4,1,mountain,weathered_rock,good,8.959,medium
SEG-0051,2026-05-30,14.2,41.4,77.4,40.0,1250,0.56,0,4,1,mountain,weathered_rock,good,9.193,medium
SEG-0051,2026-05-31,55.1,84.2,127.2,40.0,1250,0.56,0,4,1,mountain,weathered_rock,good,11.138,high
SEG-0051,2026-06-01,31.0,100.3,148.5,40.0,1250,0.56,0,4,1,mountain,weathered_rock,good,11.206,high
SEG-0051,2026-06-02,31.9,118.0,165.3,40.0,1250,0.56,0,4,1,mountain,weathered_rock,good,11.727,high
SEG-0051,2026-06-03,21.2,84.1,180.6,40.0,1250,0.56,0,4,1,mountain,weathered_rock,good,10.706,high
SEG-0051,2026-06-04,4.2,57.3,172.5,40.0,1250,0.56,0,4,1,mountain,weathered_rock,good,9.698,medium
SEG-0051,2026-06-05,4.9,30.3,162.5,40.0,1250,0.56,0,4,1,mountain,weathered_rock,good,8.98,medium
SEG-0051,2026-06-06,22.1,31.2,170.4,40.0,1250,0.56,0,4,1,mountain,weathered_rock,good,9.318,medium
SEG-0051,2026-06-07,5.1,32.1,120.4,40.0,1250,0.56,0,4,1,mountain,weathered_rock,good,8.915,medium
SEG-0051,2026-06-08,6.2,33.4,95.6,40.0,1250,0.56,0,4,1,mountain,weathered_rock,good,8.899,medium
SEG-0051,2026-06-09,19.9,31.2,83.6,40.0,1250,0.56,0,4,1,mountain,weathered_rock,good,9.042,medium
SEG-0051,2026-06-10,7.1,33.2,69.5,40.0,1250,0.56,0,4,1,mountain,weathered_rock,good,8.838,medium
SEG-0051,2026-06-11,16.5,43.5,81.8,40.0,1250,0.56,0,4,1,mountain,weathered_rock,good,9.299,high
SEG-0051,2026-06-12,16.1,39.7,93.0,40.0,1250,0.56,0,4,1,mountain,weathered_rock,good,9.224,medium
SEG-0051,2026-06-13,9.3,41.9,80.2,40.0,1250,0.56,0,4,1,mountain,weathered_rock,good,9.131,medium
SEG-0051,2026-06-14,12.0,37.4,87.1,40.0,1250,0.56,0,4,1,mountain,weathered_rock,good,9.078,medium
SEG-0051,2026-06-15,21.2,42.5,102.1,40.0,1250,0.56,0,4,1,mountain,weathered_rock,good,9.409,medium
SEG-0051,2026-06-16,12.5,45.7,94.7,40.0,1250,0.56,0,4,1,mountain,weathered_rock,good,9.324,medium
SEG-0051,2026-06-17,7.2,40.9,94.8,40.0,1250,0.56,0,4,1,mountain,weathered_rock,good,9.109,medium
SEG-0051,2026-06-18,16.7,36.4,95.0,40.0,1250,0.56,0,4,1,mountain,weathered_rock,good,9.154,medium
SEG-0051,2026-06-19,5.6,29.5,84.5,40.0,1250,0.56,0,4,1,mountain,weathered_rock,good,8.757,medium
SEG-0051,2026-06-20,3.4,25.7,78.6,40.0,1250,0.56,0,4,1,mountain,weathered_rock,good,8.605,medium
SEG-0051,2026-06-21,20.9,29.9,87.5,40.0,1250,0.56,0,4,1,mountain,weathered_rock,good,9.036,medium
SEG-0051,2026-06-22,19.8,44.1,86.1,40.0,1250,0.56,0,4,1,mountain,weathered_rock,good,9.382,medium
SEG-0051,2026-06-23,20.9,61.6,94.5,40.0,1250,0.56,0,4,1,mountain,weathered_rock,good,9.879,high
SEG-0051,2026-06-24,12.6,53.3,99.9,40.0,1250,0.56,0,4,1,mountain,weathered_rock,good,9.537,medium
SEG-0051,2026-06-25,8.3,41.8,91.5,40.0,1250,0.56,0,4,1,mountain,weathered_rock,good,9.142,medium
SEG-0051,2026-06-26,23.0,43.9,108.9,40.0,1250,0.56,0,4,1,mountain,weathered_rock,good,9.494,high
SEG-0051,2026-06-27,15.7,47.0,121.2,40.0,1250,0.56,0,4,1,mountain,weathered_rock,good,9.485,medium
SEG-0051,2026-06-28,23.0,61.7,123.3,40.0,1250,0.56,0,4,1,mountain,weathered_rock,good,9.997,high
SEG-0051,2026-06-29,20.3,59.0,123.8,40.0,1250,0.56,0,4,1,mountain,weathered_rock,good,9.882,high
SEG-0051,2026-06-30,6.0,49.3,108.9,40.0,1250,0.56,0,4,1,mountain,weathered_rock,good,9.346,medium
SEG-0051,2026-07-01,1.2,27.5,97.5,40.0,1250,0.56,0,4,1,mountain,weathered_rock,good,8.666,medium
SEG-0051,2026-07-02,19.3,26.5,108.5,40.0,1250,0.56,0,4,1,mountain,weathered_rock,good,8.978,medium
SEG-0051,2026-07-03,18.5,39.0,104.0,40.0,1250,0.56,0,4,1,mountain,weathered_rock,good,9.277,medium
SEG-0051,2026-07-04,3.6,41.4,91.9,40.0,1250,0.56,0,4,1,mountain,weathered_rock,good,9.053,medium
SEG-0051,2026-07-05,11.4,33.5,80.3,40.0,1250,0.56,0,4,1,mountain,weathered_rock,good,8.948,medium
SEG-0051,2026-07-06,0.1,15.1,60.1,40.0,1250,0.56,0,4,1,mountain,weathered_rock,good,8.222,medium
SEG-0051,2026-07-07,1.5,13.0,55.6,40.0,1250,0.56,0,4,1,mountain,weathered_rock,good,8.179,medium
SEG-0051,2026-07-08,22.0,23.6,76.4,40.0,1250,0.56,0,4,1,mountain,weathered_rock,good,8.86,medium
SEG-0051,2026-07-09,20.4,43.9,77.5,40.0,1250,0.56,0,4,1,mountain,weathered_rock,good,9.364,medium
SEG-0051,2026-07-10,19.2,61.6,78.2,40.0,1250,0.56,0,4,1,mountain,weathered_rock,good,9.806,medium
SEG-0051,2026-07-11,4.8,44.4,79.4,40.0,1250,0.56,0,4,1,mountain,weathered_rock,good,9.117,medium
SEG-0051,2026-07-12,15.8,39.8,83.8,40.0,1250,0.56,0,4,1,mountain,weathered_rock,good,9.196,medium
SEG-0051,2026-07-13,10.1,30.7,93.8,40.0,1250,0.56,0,4,1,mountain,weathered_rock,good,8.89,medium
SEG-0051,2026-07-14,16.9,42.8,109.2,40.0,1250,0.56,0,4,1,mountain,weathered_rock,good,9.363,medium
SEG-0051,2026-07-15,17.7,44.7,104.9,40.0,1250,0.56,0,4,1,mountain,weathered_rock,good,9.414,medium
SEG-0051,2026-07-16,25.0,59.6,109.5,40.0,1250,0.56,0,4,1,mountain,weathered_rock,good,9.938,high
SEG-0051,2026-07-17,19.4,62.1,109.7,40.0,1250,0.56,0,4,1,mountain,weathered_rock,good,9.909,high
SEG-0051,2026-07-18,14.9,59.3,119.8,40.0,1250,0.56,0,4,1,mountain,weathered_rock,good,9.787,medium
SEG-0051,2026-07-19,5.3,39.6,109.3,40.0,1250,0.56,0,4,1,mountain,weathered_rock,good,9.083,medium
SEG-0051,2026-07-20,6.2,26.4,105.4,40.0,1250,0.56,0,4,1,mountain,weathered_rock,good,8.744,medium
SEG-0051,2026-07-21,12.5,24.0,101.0,40.0,1250,0.56,0,4,1,mountain,weathered_rock,good,8.777,medium
SEG-0051,2026-07-22,11.5,30.2,94.8,40.0,1250,0.56,0,4,1,mountain,weathered_rock,good,8.904,medium
SEG-0051,2026-07-23,2.8,26.8,72.6,40.0,1250,0.56,0,4,1,mountain,weathered_rock,good,8.607,medium
SEG-0051,2026-07-24,23.5,37.8,76.7,40.0,1250,0.56,0,4,1,mountain,weathered_rock,good,9.256,medium
SEG-0051,2026-07-25,7.0,33.3,68.8,40.0,1250,0.56,0,4,1,mountain,weathered_rock,good,8.836,medium
SEG-0051,2026-07-26,46.8,77.3,110.3,40.0,1250,0.56,0,4,1,mountain,weathered_rock,good,10.771,high
SEG-0051,2026-07-27,27.8,81.6,131.9,40.0,1250,0.56,0,4,1,mountain,weathered_rock,good,10.619,high
SEG-0051,2026-07-28,45.4,120.0,164.8,40.0,1250,0.56,0,4,1,mountain,weathered_rock,good,12.007,high
SEG-0051,2026-07-29,31.9,105.1,185.2,40.0,1250,0.56,0,4,1,mountain,weathered_rock,good,11.447,high
SEG-0051,2026-07-30,22.8,100.1,205.2,40.0,1250,0.56,0,4,1,mountain,weathered_rock,good,11.217,high
SEG-0051,2026-07-31,9.1,63.8,190.8,40.0,1250,0.56,0,4,1,mountain,weathered_rock,good,10.001,high
SEG-0051,2026-08-01,19.1,51.0,202.9,40.0,1250,0.56,0,4,1,mountain,weathered_rock,good,9.871,high
SEG-0051,2026-08-02,19.8,48.0,175.9,40.0,1250,0.56,0,4,1,mountain,weathered_rock,good,9.731,medium
SEG-0051,2026-08-03,12.1,51.0,160.2,40.0,1250,0.56,0,4,1,mountain,weathered_rock,good,9.635,high
SEG-0051,2026-08-04,4.3,36.2,119.1,40.0,1250,0.56,0,4,1,mountain,weathered_rock,good,9.004,medium
SEG-0051,2026-08-05,16.0,32.4,103.2,40.0,1250,0.56,0,4,1,mountain,weathered_rock,good,9.061,medium
SEG-0051,2026-08-06,0.2,20.5,80.6,40.0,1250,0.56,0,4,1,mountain,weathered_rock,good,8.421,medium
SEG-0051,2026-08-07,14.5,30.7,86.0,40.0,1250,0.56,0,4,1,mountain,weathered_rock,good,8.944,medium
SEG-0051,2026-08-08,17.8,32.5,84.7,40.0,1250,0.56,0,4,1,mountain,weathered_rock,good,9.043,medium
SEG-0051,2026-08-09,4.4,36.7,69.3,40.0,1250,0.56,0,4,1,mountain,weathered_rock,good,8.882,medium
SEG-0051,2026-08-10,60.9,83.1,118.1,40.0,1250,0.56,0,4,1,mountain,weathered_rock,good,11.183,high
SEG-0051,2026-08-11,29.8,95.1,143.6,40.0,1250,0.56,0,4,1,mountain,weathered_rock,good,11.037,high
SEG-0051,2026-08-12,8.3,99.0,135.9,40.0,1250,0.56,0,4,1,mountain,weathered_rock,good,10.751,high
SEG-0051,2026-08-13,43.6,81.7,179.3,40.0,1250,0.56,0,4,1,mountain,weathered_rock,good,11.021,high
SEG-0051,2026-08-14,28.7,80.6,193.5,40.0,1250,0.56,0,4,1,mountain,weathered_rock,good,10.778,high
SEG-0051,2026-08-15,32.1,104.4,207.8,40.0,1250,0.56,0,4,1,mountain,weathered_rock,good,11.494,high
SEG-0051,2026-08-16,6.7,67.5,210.1,40.0,1250,0.56,0,4,1,mountain,weathered_rock,good,10.109,high
SEG-0051,2026-08-17,47.7,86.5,196.9,40.0,1250,0.56,0,4,1,mountain,weathered_rock,good,11.264,high
SEG-0051,2026-08-18,28.9,83.3,196.0,40.0,1250,0.56,0,4,1,mountain,weathered_rock,good,10.859,high
SEG-0051,2026-08-19,38.1,114.7,225.8,40.0,1250,0.56,0,4,1,mountain,weathered_rock,good,11.913,high
SEG-0051,2026-08-20,41.2,108.2,223.4,40.0,1250,0.56,0,4,1,mountain,weathered_rock,good,11.79,high
SEG-0051,2026-08-21,14.9,94.2,209.6,40.0,1250,0.56,0,4,1,mountain,weathered_rock,good,10.941,high
SEG-0051,2026-08-22,17.9,74.0,195.4,40.0,1250,0.56,0,4,1,mountain,weathered_rock,good,10.428,high
SEG-0051,2026-08-23,7.4,40.2,196.1,40.0,1250,0.56,0,4,1,mountain,weathered_rock,good,9.373,medium
SEG-0051,2026-08-24,5.5,30.8,153.9,40.0,1250,0.56,0,4,1,mountain,weathered_rock,good,8.98,medium
SEG-0051,2026-08-25,9.5,22.4,134.5,40.0,1250,0.56,0,4,1,mountain,weathered_rock,good,8.776,medium
SEG-0051,2026-08-26,2.5,17.5,98.9,40.0,1250,0.56,0,4,1,mountain,weathered_rock,good,8.432,medium
SEG-0051,2026-08-27,13.5,25.5,71.2,40.0,1250,0.56,0,4,1,mountain,weathered_rock,good,8.751,medium
SEG-0051,2026-08-28,13.6,29.6,69.9,40.0,1250,0.56,0,4,1,mountain,weathered_rock,good,8.856,medium
SEG-0051,2026-08-29,9.3,36.4,61.3,40.0,1250,0.56,0,4,1,mountain,weathered_rock,good,8.936,medium
SEG-0051,2026-08-30,18.6,41.5,72.5,40.0,1250,0.56,0,4,1,mountain,weathered_rock,good,9.257,medium
SEG-0051,2026-08-31,8.1,36.0,75.1,40.0,1250,0.56,0,4,1,mountain,weathered_rock,good,8.943,medium
SEG-0051,2026-09-01,4.2,30.9,69.8,40.0,1250,0.56,0,4,1,mountain,weathered_rock,good,8.729,medium
SEG-0051,2026-09-02,13.0,25.3,80.3,40.0,1250,0.56,0,4,1,mountain,weathered_rock,good,8.762,medium
SEG-0051,2026-09-03,7.1,24.3,73.9,40.0,1250,0.56,0,4,1,mountain,weathered_rock,good,8.618,medium
SEG-0051,2026-09-04,8.1,28.2,68.4,40.0,1250,0.56,0,4,1,mountain,weathered_rock,good,8.721,medium
SEG-0051,2026-09-05,5.3,20.5,64.4,40.0,1250,0.56,0,4,1,mountain,weathered_rock,good,8.463,medium
SEG-0051,2026-09-06,10.3,23.7,56.1,40.0,1250,0.56,0,4,1,mountain,weathered_rock,good,8.608,medium
SEG-0051,2026-09-07,12.9,28.5,60.9,40.0,1250,0.56,0,4,1,mountain,weathered_rock,good,8.79,medium
SEG-0051,2026-09-08,3.8,27.0,60.5,40.0,1250,0.56,0,4,1,mountain,weathered_rock,good,8.595,medium
SEG-0051,2026-09-09,12.3,29.0,59.8,40.0,1250,0.56,0,4,1,mountain,weathered_rock,good,8.79,medium
SEG-0051,2026-09-10,8.4,24.5,61.1,40.0,1250,0.56,0,4,1,mountain,weathered_rock,good,8.61,medium
SEG-0051,2026-09-11,2.4,23.1,55.4,40.0,1250,0.56,0,4,1,mountain,weathered_rock,good,8.456,medium
SEG-0051,2026-09-12,6.6,17.4,56.7,40.0,1250,0.56,0,4,1,mountain,weathered_rock,good,8.383,medium
SEG-0051,2026-09-13,3.6,12.6,50.0,40.0,1250,0.56,0,4,1,mountain,weathered_rock,good,8.189,medium
SEG-0051,2026-09-14,8.7,18.9,45.8,40.0,1250,0.56,0,4,1,mountain,weathered_rock,good,8.428,medium
SEG-0051,2026-09-15,3.2,15.5,45.2,40.0,1250,0.56,0,4,1,mountain,weathered_rock,good,8.244,medium
SEG-0051,2026-09-16,3.3,15.2,36.2,40.0,1250,0.56,0,4,1,mountain,weathered_rock,good,8.213,medium
SEG-0052,2026-05-20,2.0,2.0,2.0,37.0,1662,10.32,5,7,2,mountain,weathered_rock,poor,11.039,high
SEG-0052,2026-05-21,10.1,12.1,12.1,37.0,1662,10.32,5,7,2,mountain,weathered_rock,poor,11.467,high
SEG-0052,2026-05-22,1.8,13.9,13.9,37.0,1662,10.32,5,7,2,mountain,weathered_rock,poor,11.378,high
SEG-0052,2026-05-23,1.3,13.2,15.2,37.0,1662,10.32,5,7,2,mountain,weathered_rock,poor,11.355,high
SEG-0052,2026-05-24,14.1,17.2,29.3,37.0,1662,10.32,5,7,2,mountain,weathered_rock,poor,11.715,high
SEG-0052,2026-05-25,10.6,26.0,39.9,37.0,1662,10.32,5,7,2,mountain,weathered_rock,poor,11.914,high
SEG-0052,2026-05-26,8.0,32.7,47.9,37.0,1662,10.32,5,7,2,mountain,weathered_rock,poor,12.066,high
SEG-0052,2026-05-27,3.7,22.3,49.6,37.0,1662,10.32,5,7,2,mountain,weathered_rock,poor,11.727,high
SEG-0052,2026-05-28,3.0,14.7,42.5,37.0,1662,10.32,5,7,2,mountain,weathered_rock,poor,11.498,high
SEG-0052,2026-05-29,14.8,21.5,55.5,37.0,1662,10.32,5,7,2,mountain,weathered_rock,poor,11.911,high
SEG-0052,2026-05-30,0.9,18.7,55.1,37.0,1662,10.32,5,7,2,mountain,weathered_rock,poor,11.601,high
SEG-0052,2026-05-31,4.4,20.1,45.4,37.0,1662,10.32,5,7,2,mountain,weathered_rock,poor,11.67,high
SEG-0052,2026-06-01,18.2,23.5,53.0,37.0,1662,10.32,5,7,2,mountain,weathered_rock,poor,12.014,high
SEG-0052,2026-06-02,22.6,45.2,67.6,37.0,1662,10.32,5,7,2,mountain,weathered_rock,poor,12.693,high
SEG-0052,2026-06-03,21.1,61.9,85.0,37.0,1662,10.32,5,7,2,mountain,weathered_rock,poor,13.15,high
SEG-0052,2026-06-04,17.6,61.3,99.6,37.0,1662,10.32,5,7,2,mountain,weathered_rock,poor,13.115,high
SEG-0052,2026-06-05,73.4,112.1,158.2,37.0,1662,10.32,5,7,2,mountain,weathered_rock,poor,15.545,high
SEG-0052,2026-06-06,37.5,128.5,194.8,37.0,1662,10.32,5,7,2,mountain,weathered_rock,poor,15.462,high
SEG-0052,2026-06-07,10.7,121.6,201.1,37.0,1662,10.32,5,7,2,mountain,weathered_rock,poor,14.844,high
SEG-0052,2026-06-08,21.4,69.6,204.3,37.0,1662,10.32,5,7,2,mountain,weathered_rock,poor,13.683,high
SEG-0052,2026-06-09,51.2,83.3,232.9,37.0,1662,10.32,5,7,2,mountain,weathered_rock,poor,14.625,high
SEG-0052,2026-06-10,46.4,119.0,258.2,37.0,1662,10.32,5,7,2,mountain,weathered_rock,poor,15.541,high
SEG-0052,2026-06-11,36.8,134.4,277.4,37.0,1662,10.32,5,7,2,mountain,weathered_rock,poor,15.831,high
SEG-0052,2026-06-12,5.6,88.8,209.6,37.0,1662,10.32,5,7,2,mountain,weathered_rock,poor,13.928,high
SEG-0052,2026-06-13,18.9,61.3,191.0,37.0,1662,10.32,5,7,2,mountain,weathered_rock,poor,13.388,high
SEG-0052,2026-06-14,12.8,37.3,193.1,37.0,1662,10.32,5,7,2,mountain,weathered_rock,poor,12.666,high
SEG-0052,2026-06-15,16.4,48.1,188.1,37.0,1662,10.32,5,7,2,mountain,weathered_rock,poor,12.995,high
SEG-0052,2026-06-16,23.7,52.9,160.6,37.0,1662,10.32,5,7,2,mountain,weathered_rock,poor,13.168,high
SEG-0052,2026-06-17,13.8,53.9,128.0,37.0,1662,10.32,5,7,2,mountain,weathered_rock,poor,12.936,high
SEG-0052,2026-06-18,12.7,50.2,103.9,37.0,1662,10.32,5,7,2,mountain,weathered_rock,poor,12.755,high
SEG-0052,2026-06-19,23.5,50.0,121.8,37.0,1662,10.32,5,7,2,mountain,weathered_rock,poor,12.982,high
SEG-0052,2026-06-20,19.6,55.8,122.5,37.0,1662,10.32,5,7,2,mountain,weathered_rock,poor,13.069,high
SEG-0052,2026-06-21,40.6,83.7,150.3,37.0,1662,10.32,5,7,2,mountain,weathered_rock,poor,14.228,high
SEG-0052,2026-06-22,43.8,104.0,177.7,37.0,1662,10.32,5,7,2,mountain,weathered_rock,poor,14.885,high
SEG-0052,2026-06-23,24.8,109.2,178.8,37.0,1662,10.32,5,7,2,mountain,weathered_rock,poor,14.7,high
SEG-0052,2026-06-24,2.2,70.8,167.2,37.0,1662,10.32,5,7,2,mountain,weathered_rock,poor,13.286,high
SEG-0052,2026-06-25,15.3,42.3,169.8,37.0,1662,10.32,5,7,2,mountain,weathered_rock,poor,12.775,high
SEG-0052,2026-06-26,63.4,80.9,209.7,37.0,1662,10.32,5,7,2,mountain,weathered_rock,poor,14.706,high
SEG-0052,2026-06-27,25.0,103.7,215.1,37.0,1662,10.32,5,7,2,mountain,weathered_rock,poor,14.661,high
SEG-0052,2026-06-28,20.8,109.2,195.3,37.0,1662,10.32,5,7,2,mountain,weathered_rock,poor,14.678,high
SEG-0052,2026-06-29,19.7,65.5,171.2,37.0,1662,10.32,5,7,2,mountain,weathered_rock,poor,13.457,high
SEG-0052,2026-06-30,9.9,50.4,156.3,37.0,1662,10.32,5,7,2,mountain,weathered_rock,poor,12.856,high
SEG-0052,2026-07-01,7.1,36.7,161.2,37.0,1662,10.32,5,7,2,mountain,weathered_rock,poor,12.466,high
SEG-0052,2026-07-02,8.3,25.3,154.2,37.0,1662,10.32,5,7,2,mountain,weathered_rock,poor,12.171,high
SEG-0052,2026-07-03,13.9,29.3,104.7,37.0,1662,10.32,5,7,2,mountain,weathered_rock,poor,12.234,high
SEG-0052,2026-07-04,15.3,37.5,95.0,37.0,1662,10.32,5,7,2,mountain,weathered_rock,poor,12.444,high
SEG-0052,2026-07-05,9.1,38.3,83.3,37.0,1662,10.32,5,7,2,mountain,weathered_rock,poor,12.327,high
SEG-0052,2026-07-06,17.6,42.0,81.2,37.0,1662,10.32,5,7,2,mountain,weathered_rock,poor,12.562,high
SEG-0052,2026-07-07,94.4,121.1,165.7,37.0,1662,10.32,5,7,2,mountain,weathered_rock,poor,16.157,high
SEG-0052,2026-07-08,28.9,140.9,187.5,37.0,1662,10.32,5,7,2,mountain,weathered_rock,poor,15.618,high
SEG-0052,2026-07-09,20.7,144.0,199.9,37.0,1662,10.32,5,7,2,mountain,weathered_rock,poor,15.594,high
SEG-0052,2026-07-10,13.0,62.6,199.0,37.0,1662,10.32,5,7,2,mountain,weathered_rock,poor,13.344,high
SEG-0052,2026-07-11,15.5,49.2,199.2,37.0,1662,10.32,5,7,2,mountain,weathered_rock,poor,13.038,high
SEG-0052,2026-07-12,71.8,100.3,261.9,37.0,1662,10.32,5,7,2,mountain,weathered_rock,poor,15.497,high
SEG-0052,2026-07-13,54.8,142.1,299.1,37.0,1662,10.32,5,7,2,mountain,weathered_rock,poor,16.397,high
SEG-0052,2026-07-14,40.0,166.6,244.7,37.0,1662,10.32,5,7,2,mountain,weathered_rock,poor,16.632,high
SEG-0052,2026-07-15,45.6,140.4,261.4,37.0,1662,10.32,5,7,2,mountain,weathered_rock,poor,16.092,high
SEG-0052,2026-07-16,23.3,108.9,264.0,37.0,1662,10.32,5,7,2,mountain,weathered_rock,poor,14.901,high
SEG-0052,2026-07-17,19.2,88.1,270.2,37.0,1662,10.32,5,7,2,mountain,weathered_rock,poor,14.308,high
SEG-0052,2026-07-18,16.2,58.7,270.9,37.0,1662,10.32,5,7,2,mountain,weathered_rock,poor,13.494,high
SEG-0052,2026-07-19,11.6,47.0,210.7,37.0,1662,10.32,5,7,2,mountain,weathered_rock,poor,12.947,high
SEG-0052,2026-07-20,18.6,46.4,174.5,37.0,1662,10.32,5,7,2,mountain,weathered_rock,poor,12.95,high
SEG-0052,2026-07-21,1.5,31.7,136.0,37.0,1662,10.32,5,7,2,mountain,weathered_rock,poor,12.172,high
SEG-0052,2026-07-22,17.7,37.8,108.1,37.0,1662,10.32,5,7,2,mountain,weathered_rock,poor,12.529,high
SEG-0052,2026-07-23,14.7,33.9,99.5,37.0,1662,10.32,5,7,2,mountain,weathered_rock,poor,12.353,high
SEG-0052,2026-07-24,15.6,48.0,95.9,37.0,1662,10.32,5,7,2,mountain,weathered_rock,poor,12.725,high
SEG-0052,2026-07-25,18.4,48.7,98.1,37.0,1662,10.32,5,7,2,mountain,weathered_rock,poor,12.797,high
SEG-0052,2026-07-26,3.1,37.1,89.6,37.0,1662,10.32,5,7,2,mountain,weathered_rock,poor,12.212,high
SEG-0052,2026-07-27,19.2,40.7,90.2,37.0,1662,10.32,5,7,2,mountain,weathered_rock,poor,12.581,high
SEG-0052,2026-07-28,3.8,26.1,92.5,37.0,1662,10.32,5,7,2,mountain,weathered_rock,poor,11.945,high
SEG-0052,2026-07-29,22.7,45.7,97.5,37.0,1662,10.32,5,7,2,mountain,weathered_rock,poor,12.79,high
SEG-0052,2026-07-30,18.7,45.2,101.5,37.0,1662,10.32,5,7,2,mountain,weathered_rock,poor,12.72,high
SEG-0052,2026-07-31,17.5,58.9,103.4,37.0,1662,10.32,5,7,2,mountain,weathered_rock,poor,13.061,high
SEG-0052,2026-08-01,19.5,55.7,104.5,37.0,1662,10.32,5,7,2,mountain,weathered_rock,poor,13.015,high
SEG-0052,2026-08-02,12.2,49.2,113.6,37.0,1662,10.32,5,7,2,mountain,weathered_rock,poor,12.747,high
SEG-0052,2026-08-03,3.4,35.1,97.8,37.0,1662,10.32,5,7,2,mountain,weathered_rock,poor,12.187,high
SEG-0052,2026-08-04,18.1,33.7,112.1,37.0,1662,10.32,5,7,2,mountain,weathered_rock,poor,12.44,high
SEG-0052,2026-08-05,5.3,26.8,94.7,37.0,1662,10.32,5,7,2,mountain,weathered_rock,poor,11.995,high
SEG-0052,2026-08-06,15.9,39.3,91.9,37.0,1662,10.32,5,7,2,mountain,weathered_rock,poor,12.493,high
SEG-0052,2026-08-07,3.8,25.0,78.2,37.0,1662,10.32,5,7,2,mountain,weathered_rock,poor,11.878,high
SEG-0052,2026-08-08,64.9,84.6,123.6,37.0,1662,10.32,5,7,2,mountain,weathered_rock,poor,14.591,high
SEG-0052,2026-08-09,42.8,111.5,154.2,37.0,1662,10.32,5,7,2,mountain,weathered_rock,poor,14.999,high
SEG-0052,2026-08-10,42.2,149.9,193.0,37.0,1662,10.32,5,7,2,mountain,weathered_rock,poor,16.093,high
SEG-0052,2026-08-11,9.6,94.6,184.5,37.0,1662,10.32,5,7,2,mountain,weathered_rock,poor,14.078,high
SEG-0052,2026-08-12,1.3,53.1,180.5,37.0,1662,10.32,5,7,2,mountain,weathered_rock,poor,12.847,high
SEG-0052,2026-08-13,40.7,51.6,205.3,37.0,1662,10.32,5,7,2,mountain,weathered_rock,poor,13.546,high
SEG-0052,2026-08-14,42.4,84.4,243.9,37.0,1662,10.32,5,7,2,mountain,weathered_rock,poor,14.534,high
SEG-0052,2026-08-15,22.1,105.2,201.1,37.0,1662,10.32,5,7,2,mountain,weathered_rock,poor,14.612,high
SEG-0052,2026-08-16,35.7,100.2,194.0,37.0,1662,10.32,5,7,2,mountain,weathered_rock,poor,14.693,high
SEG-0052,2026-08-17,0.5,58.3,152.3,37.0,1662,10.32,5,7,2,mountain,weathered_rock,poor,12.891,high
SEG-0052,2026-08-18,3.5,39.7,146.2,37.0,1662,10.32,5,7,2,mountain,weathered_rock,poor,12.442,high
SEG-0052,2026-08-19,10.5,14.5,155.4,37.0,1662,10.32,5,7,2,mountain,weathered_rock,poor,11.931,high
SEG-0052,2026-08-20,14.1,28.1,128.8,37.0,1662,10.32,5,7,2,mountain,weathered_rock,poor,12.272,high
SEG-0052,2026-08-21,16.3,40.9,102.7,37.0,1662,10.32,5,7,2,mountain,weathered_rock,poor,12.571,high
SEG-0052,2026-08-22,9.3,39.7,89.9,37.0,1662,10.32,5,7,2,mountain,weathered_rock,poor,12.385,high
SEG-0052,2026-08-23,11.1,36.7,65.3,37.0,1662,10.32,5,7,2,mountain,weathered_rock,poor,12.27,high
SEG-0052,2026-08-24,1.4,21.8,66.2,37.0,1662,10.32,5,7,2,mountain,weathered_rock,poor,11.721,high
SEG-0052,2026-08-25,18.8,31.3,81.5,37.0,1662,10.32,5,7,2,mountain,weathered_rock,poor,12.305,high
SEG-0052,2026-08-26,14.1,34.3,85.1,37.0,1662,10.32,5,7,2,mountain,weathered_rock,poor,12.313,high
SEG-0052,2026-08-27,56.9,89.8,127.9,37.0,1662,10.32,5,7,2,mountain,weathered_rock,poor,14.602,high
SEG-0052,2026-08-28,30.1,101.1,141.7,37.0,1662,10.32,5,7,2,mountain,weathered_rock,poor,14.478,high
SEG-0052,2026-08-29,23.1,110.1,155.5,37.0,1662,10.32,5,7,2,mountain,weathered_rock,poor,14.631,high
SEG-0052,2026-08-30,15.5,68.7,159.9,37.0,1662,10.32,5,7,2,mountain,weathered_rock,poor,13.437,high
SEG-0052,2026-08-31,15.4,54.0,173.9,37.0,1662,10.32,5,7,2,mountain,weathered_rock,poor,13.092,high
SEG-0052,2026-09-01,1.5,32.4,156.6,37.0,1662,10.32,5,7,2,mountain,weathered_rock,poor,12.246,high
SEG-0052,2026-09-02,12.0,28.9,154.5,37.0,1662,10.32,5,7,2,mountain,weathered_rock,poor,12.328,high
SEG-0052,2026-09-03,12.4,25.9,110.0,37.0,1662,10.32,5,7,2,mountain,weathered_rock,poor,12.135,high
SEG-0052,2026-09-04,12.3,36.7,92.2,37.0,1662,10.32,5,7,2,mountain,weathered_rock,poor,12.365,high
SEG-0052,2026-09-05,13.3,38.0,82.4,37.0,1662,10.32,5,7,2,mountain,weathered_rock,poor,12.389,high
SEG-0052,2026-09-06,41.6,67.2,108.5,37.0,1662,10.32,5,7,2,mountain,weathered_rock,poor,13.701,high
SEG-0052,2026-09-07,29.0,83.9,122.1,37.0,1662,10.32,5,7,2,mountain,weathered_rock,poor,13.958,high
SEG-0052,2026-09-08,23.6,94.2,144.2,37.0,1662,10.32,5,7,2,mountain,weathered_rock,poor,14.195,high
SEG-0052,2026-09-09,3.0,55.6,135.2,37.0,1662,10.32,5,7,2,mountain,weathered_rock,poor,12.816,high
SEG-0052,2026-09-10,14.0,40.6,136.8,37.0,1662,10.32,5,7,2,mountain,weathered_rock,poor,12.618,high
SEG-0052,2026-09-11,3.8,20.8,128.3,37.0,1662,10.32,5,7,2,mountain,weathered_rock,poor,11.906,high
SEG-0052,2026-09-12,11.2,29.0,126.2,37.0,1662,10.32,5,7,2,mountain,weathered_rock,poor,12.239,high
SEG-0052,2026-09-13,9.8,24.8,94.4,37.0,1662,10.32,5,7,2,mountain,weathered_rock,poor,12.019,high
SEG-0052,2026-09-14,3.1,24.1,68.5,37.0,1662,10.32,5,7,2,mountain,weathered_rock,poor,11.816,high
SEG-0052,2026-09-15,6.9,19.8,51.8,37.0,1662,10.32,5,7,2,mountain,weathered_rock,poor,11.722,high
SEG-0052,2026-09-16,22.0,32.0,70.8,37.0,1662,10.32,5,7,2,mountain,weathered_rock,poor,12.349,high
SEG-0053,2026-05-20,4.2,4.2,4.2,22.5,1675,15.11,0,2,2,mountain,weathered_rock,good,4.521,low
SEG-0053,2026-05-21,7.7,11.9,11.9,22.5,1675,15.11,0,2,2,mountain,weathered_rock,good,4.802,low
SEG-0053,2026-05-22,0.0,11.9,11.9,22.5,1675,15.11,0,2,2,mountain,weathered_rock,good,4.671,low
SEG-0053,2026-05-23,27.8,35.5,39.7,22.5,1675,15.11,0,2,2,mountain,weathered_rock,good,5.834,low
SEG-0053,2026-05-24,25.9,53.7,65.6,22.5,1675,15.11,0,2,2,mountain,weathered_rock,good,6.346,low
SEG-0053,2026-05-25,10.0,63.7,75.6,22.5,1675,15.11,0,2,2,mountain,weathered_rock,good,6.363,medium
SEG-0053,2026-05-26,1.2,37.1,76.8,22.5,1675,15.11,0,2,2,mountain,weathered_rock,good,5.525,low
SEG-0053,2026-05-27,2.9,14.1,75.5,22.5,1675,15.11,0,2,2,mountain,weathered_rock,good,4.952,low
SEG-0053,2026-05-28,3.8,7.9,71.6,22.5,1675,15.11,0,2,2,mountain,weathered_rock,good,4.796,low
SEG-0053,2026-05-29,10.8,17.5,82.4,22.5,1675,15.11,0,2,2,mountain,weathered_rock,good,5.194,low
SEG-0053,2026-05-30,11.7,26.3,66.3,22.5,1675,15.11,0,2,2,mountain,weathered_rock,good,5.394,low
SEG-0053,2026-05-31,11.9,34.4,52.3,22.5,1675,15.11,0,2,2,mountain,weathered_rock,good,5.569,low
SEG-0053,2026-06-01,20.8,44.4,63.1,22.5,1675,15.11,0,2,2,mountain,weathered_rock,good,6.01,low
SEG-0053,2026-06-02,11.9,44.6,73.8,22.5,1675,15.11,0,2,2,mountain,weathered_rock,good,5.894,low
SEG-0053,2026-06-03,16.6,49.3,87.5,22.5,1675,15.11,0,2,2,mountain,weathered_rock,good,6.133,low
SEG-0053,2026-06-04,20.3,48.8,104.0,22.5,1675,15.11,0,2,2,mountain,weathered_rock,good,6.229,medium
SEG-0053,2026-06-05,20.7,57.6,113.9,22.5,1675,15.11,0,2,2,mountain,weathered_rock,good,6.491,medium
SEG-0053,2026-06-06,4.3,45.3,106.5,22.5,1675,15.11,0,2,2,mountain,weathered_rock,good,5.873,low
SEG-0053,2026-06-07,14.5,39.5,109.1,22.5,1675,15.11,0,2,2,mountain,weathered_rock,good,5.902,low
SEG-0053,2026-06-08,17.7,36.5,106.0,22.5,1675,15.11,0,2,2,mountain,weathered_rock,good,5.87,low
SEG-0053,2026-06-09,1.0,33.2,95.1,22.5,1675,15.11,0,2,2,mountain,weathered_rock,good,5.47,low
SEG-0053,2026-06-10,7.0,25.7,85.5,22.5,1675,15.11,0,2,2,mountain,weathered_rock,good,5.351,low
SEG-0053,2026-06-11,0.6,8.6,65.8,22.5,1675,15.11,0,2,2,mountain,weathered_rock,good,4.744,low
SEG-0053,2026-06-12,23.8,31.4,68.9,22.5,1675,15.11,0,2,2,mountain,weathered_rock,good,5.739,low
SEG-0053,2026-06-13,0.2,24.6,64.8,22.5,1675,15.11,0,2,2,mountain,weathered_rock,good,5.15,low
SEG-0053,2026-06-14,10.4,34.4,60.7,22.5,1675,15.11,0,2,2,mountain,weathered_rock,good,5.567,low
SEG-0053,2026-06-15,11.6,22.2,54.6,22.5,1675,15.11,0,2,2,mountain,weathered_rock,good,5.253,low
SEG-0053,2026-06-16,16.2,38.2,69.8,22.5,1675,15.11,0,2,2,mountain,weathered_rock,good,5.789,low
SEG-0053,2026-06-17,55.7,83.5,118.5,22.5,1675,15.11,0,2,2,mountain,weathered_rock,good,7.773,medium
SEG-0053,2026-06-18,32.7,104.6,150.6,22.5,1675,15.11,0,2,2,mountain,weathered_rock,good,8.018,medium
SEG-0053,2026-06-19,45.3,133.7,172.1,22.5,1675,15.11,0,2,2,mountain,weathered_rock,good,9.048,medium
SEG-0053,2026-06-20,24.3,102.3,196.2,22.5,1675,15.11,0,2,2,mountain,weathered_rock,good,7.941,medium
SEG-0053,2026-06-21,7.1,76.7,192.9,22.5,1675,15.11,0,2,2,mountain,weathered_rock,good,6.974,medium
SEG-0053,2026-06-22,2.0,33.4,183.3,22.5,1675,15.11,0,2,2,mountain,weathered_rock,good,5.735,low
SEG-0053,2026-06-23,22.4,31.5,189.5,22.5,1675,15.11,0,2,2,mountain,weathered_rock,good,6.05,low
SEG-0053,2026-06-24,5.7,30.1,139.5,22.5,1675,15.11,0,2,2,mountain,weathered_rock,good,5.592,low
SEG-0053,2026-06-25,0.7,28.8,107.5,22.5,1675,15.11,0,2,2,mountain,weathered_rock,good,5.385,low
SEG-0053,2026-06-26,1.0,7.4,63.2,22.5,1675,15.11,0,2,2,mountain,weathered_rock,good,4.712,low
SEG-0053,2026-06-27,15.4,17.1,54.3,22.5,1675,15.11,0,2,2,mountain,weathered_rock,good,5.184,low
SEG-0053,2026-06-28,72.8,89.2,120.0,22.5,1675,15.11,0,2,2,mountain,weathered_rock,good,8.216,medium
SEG-0053,2026-06-29,35.9,124.1,153.9,22.5,1675,15.11,0,2,2,mountain,weathered_rock,good,8.589,medium
SEG-0053,2026-06-30,23.0,131.7,154.5,22.5,1675,15.11,0,2,2,mountain,weathered_rock,good,8.569,medium
SEG-0053,2026-07-01,58.3,117.2,207.1,22.5,1675,15.11,0,2,2,mountain,weathered_rock,good,8.937,medium
SEG-0053,2026-07-02,29.9,111.2,236.3,22.5,1675,15.11,0,2,2,mountain,weathered_rock,good,8.378,medium
SEG-0053,2026-07-03,34.4,122.6,269.7,22.5,1675,15.11,0,2,2,mountain,weathered_rock,good,8.843,medium
SEG-0053,2026-07-04,40.1,104.4,294.4,22.5,1675,15.11,0,2,2,mountain,weathered_rock,good,8.534,medium
SEG-0053,2026-07-05,19.4,93.9,241.0,22.5,1675,15.11,0,2,2,mountain,weathered_rock,good,7.763,medium
SEG-0053,2026-07-06,8.7,68.2,213.8,22.5,1675,15.11,0,2,2,mountain,weathered_rock,good,6.838,medium
SEG-0053,2026-07-07,79.4,107.5,270.2,22.5,1675,15.11,0,2,2,mountain,weathered_rock,good,9.217,medium
SEG-0053,2026-07-08,35.4,123.5,247.3,22.5,1675,15.11,0,2,2,mountain,weathered_rock,good,8.822,medium
SEG-0053,2026-07-09,19.2,134.0,236.6,22.5,1675,15.11,0,2,2,mountain,weathered_rock,good,8.79,medium
SEG-0053,2026-07-10,7.0,61.6,209.2,22.5,1675,15.11,0,2,2,mountain,weathered_rock,good,6.625,medium
SEG-0053,2026-07-11,25.8,52.0,194.9,22.5,1675,15.11,0,2,2,mountain,weathered_rock,good,6.655,medium
SEG-0053,2026-07-12,8.9,41.7,184.4,22.5,1675,15.11,0,2,2,mountain,weathered_rock,good,6.071,medium
SEG-0053,2026-07-13,23.5,58.2,199.2,22.5,1675,15.11,0,2,2,mountain,weathered_rock,good,6.789,medium
SEG-0053,2026-07-14,21.1,53.5,140.9,22.5,1675,15.11,0,2,2,mountain,weathered_rock,good,6.466,medium
SEG-0053,2026-07-15,6.5,51.1,112.0,22.5,1675,15.11,0,2,2,mountain,weathered_rock,good,6.076,low
SEG-0053,2026-07-16,18.7,46.3,111.5,22.5,1675,15.11,0,2,2,mountain,weathered_rock,good,6.157,low
SEG-0053,2026-07-17,20.8,46.0,125.3,22.5,1675,15.11,0,2,2,mountain,weathered_rock,good,6.223,low
SEG-0053,2026-07-18,22.6,62.1,122.1,22.5,1675,15.11,0,2,2,mountain,weathered_rock,good,6.663,medium
SEG-0053,2026-07-19,11.2,54.6,124.4,22.5,1675,15.11,0,2,2,mountain,weathered_rock,good,6.281,low
SEG-0053,2026-07-20,9.9,43.7,110.8,22.5,1675,15.11,0,2,2,mountain,weathered_rock,good,5.938,low
SEG-0053,2026-07-21,10.9,32.0,100.6,22.5,1675,15.11,0,2,2,mountain,weathered_rock,good,5.623,low
SEG-0053,2026-07-22,5.1,25.9,99.2,22.5,1675,15.11,0,2,2,mountain,weathered_rock,good,5.362,low
SEG-0053,2026-07-23,19.5,35.5,100.0,22.5,1675,15.11,0,2,2,mountain,weathered_rock,good,5.858,low
SEG-0053,2026-07-24,2.2,26.8,81.4,22.5,1675,15.11,0,2,2,mountain,weathered_rock,good,5.287,low
SEG-0053,2026-07-25,8.8,30.5,67.6,22.5,1675,15.11,0,2,2,mountain,weathered_rock,good,5.457,low
SEG-0053,2026-07-26,7.9,18.9,64.3,22.5,1675,15.11,0,2,2,mountain,weathered_rock,good,5.131,low
SEG-0053,2026-07-27,2.0,18.7,56.4,22.5,1675,15.11,0,2,2,mountain,weathered_rock,good,5.004,low
SEG-0053,2026-07-28,16.1,26.0,61.6,22.5,1675,15.11,0,2,2,mountain,weathered_rock,good,5.448,low
SEG-0053,2026-07-29,26.1,44.2,82.6,22.5,1675,15.11,0,2,2,mountain,weathered_rock,good,6.149,low
SEG-0053,2026-07-30,16.3,58.5,79.4,22.5,1675,15.11,0,2,2,mountain,weathered_rock,good,6.345,medium
SEG-0053,2026-07-31,22.5,64.9,99.7,22.5,1675,15.11,0,2,2,mountain,weathered_rock,good,6.673,medium
SEG-0053,2026-08-01,1.5,40.3,92.4,22.5,1675,15.11,0,2,2,mountain,weathered_rock,good,5.656,low
SEG-0053,2026-08-02,18.1,42.1,102.6,22.5,1675,15.11,0,2,2,mountain,weathered_rock,good,6.013,low
SEG-0053,2026-08-03,14.9,34.5,115.5,22.5,1675,15.11,0,2,2,mountain,weathered_rock,good,5.797,low
SEG-0053,2026-08-04,6.0,39.0,105.4,22.5,1675,15.11,0,2,2,mountain,weathered_rock,good,5.735,low
SEG-0053,2026-08-05,18.9,39.8,98.2,22.5,1675,15.11,0,2,2,mountain,weathered_rock,good,5.955,low
SEG-0053,2026-08-06,12.7,37.6,94.6,22.5,1675,15.11,0,2,2,mountain,weathered_rock,good,5.782,low
SEG-0053,2026-08-07,7.6,39.2,79.7,22.5,1675,15.11,0,2,2,mountain,weathered_rock,good,5.696,low
SEG-0053,2026-08-08,2.1,22.4,80.3,22.5,1675,15.11,0,2,2,mountain,weathered_rock,good,5.168,low
SEG-0053,2026-08-09,19.3,29.0,81.5,22.5,1675,15.11,0,2,2,mountain,weathered_rock,good,5.635,low
SEG-0053,2026-08-10,8.8,30.2,75.4,22.5,1675,15.11,0,2,2,mountain,weathered_rock,good,5.471,low
SEG-0053,2026-08-11,75.2,103.3,144.6,22.5,1675,15.11,0,2,2,mountain,weathered_rock,good,8.691,medium
SEG-0053,2026-08-12,24.4,108.4,150.1,22.5,1675,15.11,0,2,2,mountain,weathered_rock,good,7.975,medium
SEG-0053,2026-08-13,29.6,129.2,167.0,22.5,1675,15.11,0,2,2,mountain,weathered_rock,good,8.65,medium
SEG-0053,2026-08-14,22.7,76.7,182.1,22.5,1675,15.11,0,2,2,mountain,weathered_rock,good,7.21,medium
SEG-0053,2026-08-15,11.0,63.3,191.0,22.5,1675,15.11,0,2,2,mountain,weathered_rock,good,6.687,low
SEG-0053,2026-08-16,12.2,45.9,183.9,22.5,1675,15.11,0,2,2,mountain,weathered_rock,good,6.235,low
SEG-0053,2026-08-17,60.0,83.2,235.1,22.5,1675,15.11,0,2,2,mountain,weathered_rock,good,8.158,medium
SEG-0053,2026-08-18,20.5,92.7,180.4,22.5,1675,15.11,0,2,2,mountain,weathered_rock,good,7.584,medium
SEG-0053,2026-08-19,8.5,89.0,164.5,22.5,1675,15.11,0,2,2,mountain,weathered_rock,good,7.24,medium
SEG-0053,2026-08-20,6.5,35.5,141.4,22.5,1675,15.11,0,2,2,mountain,weathered_rock,good,5.751,low
SEG-0053,2026-08-21,14.1,29.1,132.8,22.5,1675,15.11,0,2,2,mountain,weathered_rock,good,5.69,low
SEG-0053,2026-08-22,12.0,32.6,133.8,22.5,1675,15.11,0,2,2,mountain,weathered_rock,good,5.748,low
SEG-0053,2026-08-23,12.9,39.0,134.5,22.5,1675,15.11,0,2,2,mountain,weathered_rock,good,5.932,low
SEG-0053,2026-08-24,12.6,37.5,87.1,22.5,1675,15.11,0,2,2,mountain,weathered_rock,good,5.757,low
SEG-0053,2026-08-25,6.4,31.9,73.0,22.5,1675,15.11,0,2,2,mountain,weathered_rock,good,5.468,low
SEG-0053,2026-08-26,19.6,38.6,84.1,22.5,1675,15.11,0,2,2,mountain,weathered_rock,good,5.897,low
SEG-0053,2026-08-27,8.3,34.3,85.9,22.5,1675,15.11,0,2,2,mountain,weathered_rock,good,5.598,low
SEG-0053,2026-08-28,7.2,35.1,79.0,22.5,1675,15.11,0,2,2,mountain,weathered_rock,good,5.581,low
SEG-0053,2026-08-29,1.7,17.2,68.7,22.5,1675,15.11,0,2,2,mountain,weathered_rock,good,4.994,low
SEG-0053,2026-08-30,2.8,11.7,58.6,22.5,1675,15.11,0,2,2,mountain,weathered_rock,good,4.842,low
SEG-0053,2026-08-31,2.6,7.1,48.6,22.5,1675,15.11,0,2,2,mountain,weathered_rock,good,4.691,low
SEG-0053,2026-09-01,8.9,14.3,51.1,22.5,1675,15.11,0,2,2,mountain,weathered_rock,good,4.992,low
SEG-0053,2026-09-02,6.6,18.1,38.1,22.5,1675,15.11,0,2,2,mountain,weathered_rock,good,5.016,low
SEG-0053,2026-09-03,12.5,28.0,42.3,22.5,1675,15.11,0,2,2,mountain,weathered_rock,good,5.386,low
SEG-0053,2026-09-04,6.8,25.9,41.9,22.5,1675,15.11,0,2,2,mountain,weathered_rock,good,5.233,low
SEG-0053,2026-09-05,10.5,29.8,50.7,22.5,1675,15.11,0,2,2,mountain,weathered_rock,good,5.421,low
SEG-0053,2026-09-06,11.6,28.9,59.5,22.5,1675,15.11,0,2,2,mountain,weathered_rock,good,5.441,low
SEG-0053,2026-09-07,11.3,33.4,68.2,22.5,1675,15.11,0,2,2,mountain,weathered_rock,good,5.577,low
SEG-0053,2026-09-08,2.5,25.4,61.8,22.5,1675,15.11,0,2,2,mountain,weathered_rock,good,5.202,low
SEG-0053,2026-09-09,2.9,16.7,58.1,22.5,1675,15.11,0,2,2,mountain,weathered_rock,good,4.972,low
SEG-0053,2026-09-10,8.6,14.0,54.2,22.5,1675,15.11,0,2,2,mountain,weathered_rock,good,4.988,low
SEG-0053,2026-09-11,23.7,35.2,71.1,22.5,1675,15.11,0,2,2,mountain,weathered_rock,good,5.842,low
SEG-0053,2026-09-12,16.0,48.3,76.6,22.5,1675,15.11,0,2,2,mountain,weathered_rock,good,6.067,medium
SEG-0053,2026-09-13,9.7,49.4,74.7,22.5,1675,15.11,0,2,2,mountain,weathered_rock,good,5.983,low
SEG-0053,2026-09-14,5.3,31.0,68.7,22.5,1675,15.11,0,2,2,mountain,weathered_rock,good,5.414,low
SEG-0053,2026-09-15,6.1,21.1,72.3,22.5,1675,15.11,0,2,2,mountain,weathered_rock,good,5.18,low
SEG-0053,2026-09-16,3.4,14.8,72.8,22.5,1675,15.11,0,2,2,mountain,weathered_rock,good,4.972,low
SEG-0054,2026-05-20,4.2,4.2,4.2,32.8,1727,16.23,3,4,2,mountain,weathered_rock,fair,8.439,medium
SEG-0054,2026-05-21,7.7,11.9,11.9,32.8,1727,16.23,3,4,2,mountain,weathered_rock,fair,8.72,medium
SEG-0054,2026-05-22,0.0,11.9,11.9,32.8,1727,16.23,3,4,2,mountain,weathered_rock,fair,8.589,medium
SEG-0054,2026-05-23,27.8,35.5,39.7,32.8,1727,16.23,3,4,2,mountain,weathered_rock,fair,9.752,medium
SEG-0054,2026-05-24,25.9,53.7,65.6,32.8,1727,16.23,3,4,2,mountain,weathered_rock,fair,10.264,high
SEG-0054,2026-05-25,10.0,63.7,75.6,32.8,1727,16.23,3,4,2,mountain,weathered_rock,fair,10.281,high
SEG-0054,2026-05-26,1.2,37.1,76.8,32.8,1727,16.23,3,4,2,mountain,weathered_rock,fair,9.443,medium
SEG-0054,2026-05-27,2.9,14.1,75.5,32.8,1727,16.23,3,4,2,mountain,weathered_rock,fair,8.871,medium
SEG-0054,2026-05-28,3.8,7.9,71.6,32.8,1727,16.23,3,4,2,mountain,weathered_rock,fair,8.714,medium
SEG-0054,2026-05-29,10.8,17.5,82.4,32.8,1727,16.23,3,4,2,mountain,weathered_rock,fair,9.112,medium
SEG-0054,2026-05-30,11.7,26.3,66.3,32.8,1727,16.23,3,4,2,mountain,weathered_rock,fair,9.312,high
SEG-0054,2026-05-31,11.9,34.4,52.3,32.8,1727,16.23,3,4,2,mountain,weathered_rock,fair,9.488,medium
SEG-0054,2026-06-01,20.8,44.4,63.1,32.8,1727,16.23,3,4,2,mountain,weathered_rock,fair,9.929,medium
SEG-0054,2026-06-02,11.9,44.6,73.8,32.8,1727,16.23,3,4,2,mountain,weathered_rock,fair,9.812,medium
SEG-0054,2026-06-03,16.6,49.3,87.5,32.8,1727,16.23,3,4,2,mountain,weathered_rock,fair,10.052,high
SEG-0054,2026-06-04,20.3,48.8,104.0,32.8,1727,16.23,3,4,2,mountain,weathered_rock,fair,10.147,medium
SEG-0054,2026-06-05,20.7,57.6,113.9,32.8,1727,16.23,3,4,2,mountain,weathered_rock,fair,10.41,high
SEG-0054,2026-06-06,4.3,45.3,106.5,32.8,1727,16.23,3,4,2,mountain,weathered_rock,fair,9.791,medium
SEG-0054,2026-06-07,14.5,39.5,109.1,32.8,1727,16.23,3,4,2,mountain,weathered_rock,fair,9.821,high
SEG-0054,2026-06-08,17.7,36.5,106.0,32.8,1727,16.23,3,4,2,mountain,weathered_rock,fair,9.789,high
SEG-0054,2026-06-09,1.0,33.2,95.1,32.8,1727,16.23,3,4,2,mountain,weathered_rock,fair,9.389,medium
SEG-0054,2026-06-10,7.0,25.7,85.5,32.8,1727,16.23,3,4,2,mountain,weathered_rock,fair,9.269,medium
SEG-0054,2026-06-11,0.6,8.6,65.8,32.8,1727,16.23,3,4,2,mountain,weathered_rock,fair,8.662,medium
SEG-0054,2026-06-12,23.8,31.4,68.9,32.8,1727,16.23,3,4,2,mountain,weathered_rock,fair,9.658,medium
SEG-0054,2026-06-13,0.2,24.6,64.8,32.8,1727,16.23,3,4,2,mountain,weathered_rock,fair,9.068,medium
SEG-0054,2026-06-14,10.4,34.4,60.7,32.8,1727,16.23,3,4,2,mountain,weathered_rock,fair,9.485,high
SEG-0054,2026-06-15,11.6,22.2,54.6,32.8,1727,16.23,3,4,2,mountain,weathered_rock,fair,9.172,medium
SEG-0054,2026-06-16,16.2,38.2,69.8,32.8,1727,16.23,3,4,2,mountain,weathered_rock,fair,9.708,medium
SEG-0054,2026-06-17,55.7,83.5,118.5,32.8,1727,16.23,3,4,2,mountain,weathered_rock,fair,11.691,high
SEG-0054,2026-06-18,32.7,104.6,150.6,32.8,1727,16.23,3,4,2,mountain,weathered_rock,fair,11.937,high
SEG-0054,2026-06-19,45.3,133.7,172.1,32.8,1727,16.23,3,4,2,mountain,weathered_rock,fair,12.967,high
SEG-0054,2026-06-20,24.3,102.3,196.2,32.8,1727,16.23,3,4,2,mountain,weathered_rock,fair,11.86,high
SEG-0054,2026-06-21,7.1,76.7,192.9,32.8,1727,16.23,3,4,2,mountain,weathered_rock,fair,10.893,high
SEG-0054,2026-06-22,2.0,33.4,183.3,32.8,1727,16.23,3,4,2,mountain,weathered_rock,fair,9.654,high
SEG-0054,2026-06-23,22.4,31.5,189.5,32.8,1727,16.23,3,4,2,mountain,weathered_rock,fair,9.968,medium
SEG-0054,2026-06-24,5.7,30.1,139.5,32.8,1727,16.23,3,4,2,mountain,weathered_rock,fair,9.51,medium
SEG-0054,2026-06-25,0.7,28.8,107.5,32.8,1727,16.23,3,4,2,mountain,weathered_rock,fair,9.303,medium
SEG-0054,2026-06-26,1.0,7.4,63.2,32.8,1727,16.23,3,4,2,mountain,weathered_rock,fair,8.63,medium
SEG-0054,2026-06-27,15.4,17.1,54.3,32.8,1727,16.23,3,4,2,mountain,weathered_rock,fair,9.103,medium
SEG-0054,2026-06-28,72.8,89.2,120.0,32.8,1727,16.23,3,4,2,mountain,weathered_rock,fair,12.134,high
SEG-0054,2026-06-29,35.9,124.1,153.9,32.8,1727,16.23,3,4,2,mountain,weathered_rock,fair,12.507,high
SEG-0054,2026-06-30,23.0,131.7,154.5,32.8,1727,16.23,3,4,2,mountain,weathered_rock,fair,12.487,high
SEG-0054,2026-07-01,58.3,117.2,207.1,32.8,1727,16.23,3,4,2,mountain,weathered_rock,fair,12.855,high
SEG-0054,2026-07-02,29.9,111.2,236.3,32.8,1727,16.23,3,4,2,mountain,weathered_rock,fair,12.296,high
SEG-0054,2026-07-03,34.4,122.6,269.7,32.8,1727,16.23,3,4,2,mountain,weathered_rock,fair,12.761,high
SEG-0054,2026-07-04,40.1,104.4,294.4,32.8,1727,16.23,3,4,2,mountain,weathered_rock,fair,12.453,high
SEG-0054,2026-07-05,19.4,93.9,241.0,32.8,1727,16.23,3,4,2,mountain,weathered_rock,fair,11.681,high
SEG-0054,2026-07-06,8.7,68.2,213.8,32.8,1727,16.23,3,4,2,mountain,weathered_rock,fair,10.756,high
SEG-0054,2026-07-07,79.4,107.5,270.2,32.8,1727,16.23,3,4,2,mountain,weathered_rock,fair,13.135,high
SEG-0054,2026-07-08,35.4,123.5,247.3,32.8,1727,16.23,3,4,2,mountain,weathered_rock,fair,12.74,high
SEG-0054,2026-07-09,19.2,134.0,236.6,32.8,1727,16.23,3,4,2,mountain,weathered_rock,fair,12.708,high
SEG-0054,2026-07-10,7.0,61.6,209.2,32.8,1727,16.23,3,4,2,mountain,weathered_rock,fair,10.543,high
SEG-0054,2026-07-11,25.8,52.0,194.9,32.8,1727,16.23,3,4,2,mountain,weathered_rock,fair,10.574,high
SEG-0054,2026-07-12,8.9,41.7,184.4,32.8,1727,16.23,3,4,2,mountain,weathered_rock,fair,9.99,medium
SEG-0054,2026-07-13,23.5,58.2,199.2,32.8,1727,16.23,3,4,2,mountain,weathered_rock,fair,10.708,high
SEG-0054,2026-07-14,21.1,53.5,140.9,32.8,1727,16.23,3,4,2,mountain,weathered_rock,fair,10.384,high
SEG-0054,2026-07-15,6.5,51.1,112.0,32.8,1727,16.23,3,4,2,mountain,weathered_rock,fair,9.994,high
SEG-0054,2026-07-16,18.7,46.3,111.5,32.8,1727,16.23,3,4,2,mountain,weathered_rock,fair,10.075,high
SEG-0054,2026-07-17,20.8,46.0,125.3,32.8,1727,16.23,3,4,2,mountain,weathered_rock,fair,10.141,high
SEG-0054,2026-07-18,22.6,62.1,122.1,32.8,1727,16.23,3,4,2,mountain,weathered_rock,fair,10.582,high
SEG-0054,2026-07-19,11.2,54.6,124.4,32.8,1727,16.23,3,4,2,mountain,weathered_rock,fair,10.199,high
SEG-0054,2026-07-20,9.9,43.7,110.8,32.8,1727,16.23,3,4,2,mountain,weathered_rock,fair,9.856,high
SEG-0054,2026-07-21,10.9,32.0,100.6,32.8,1727,16.23,3,4,2,mountain,weathered_rock,fair,9.541,medium
SEG-0054,2026-07-22,5.1,25.9,99.2,32.8,1727,16.23,3,4,2,mountain,weathered_rock,fair,9.28,medium
SEG-0054,2026-07-23,19.5,35.5,100.0,32.8,1727,16.23,3,4,2,mountain,weathered_rock,fair,9.777,high
SEG-0054,2026-07-24,2.2,26.8,81.4,32.8,1727,16.23,3,4,2,mountain,weathered_rock,fair,9.205,medium
SEG-0054,2026-07-25,8.8,30.5,67.6,32.8,1727,16.23,3,4,2,mountain,weathered_rock,fair,9.376,medium
SEG-0054,2026-07-26,7.9,18.9,64.3,32.8,1727,16.23,3,4,2,mountain,weathered_rock,fair,9.05,medium
SEG-0054,2026-07-27,2.0,18.7,56.4,32.8,1727,16.23,3,4,2,mountain,weathered_rock,fair,8.922,medium
SEG-0054,2026-07-28,16.1,26.0,61.6,32.8,1727,16.23,3,4,2,mountain,weathered_rock,fair,9.366,medium
SEG-0054,2026-07-29,26.1,44.2,82.6,32.8,1727,16.23,3,4,2,mountain,weathered_rock,fair,10.067,medium
SEG-0054,2026-07-30,16.3,58.5,79.4,32.8,1727,16.23,3,4,2,mountain,weathered_rock,fair,10.264,high
SEG-0054,2026-07-31,22.5,64.9,99.7,32.8,1727,16.23,3,4,2,mountain,weathered_rock,fair,10.591,high
SEG-0054,2026-08-01,1.5,40.3,92.4,32.8,1727,16.23,3,4,2,mountain,weathered_rock,fair,9.575,high
SEG-0054,2026-08-02,18.1,42.1,102.6,32.8,1727,16.23,3,4,2,mountain,weathered_rock,fair,9.932,high
SEG-0054,2026-08-03,14.9,34.5,115.5,32.8,1727,16.23,3,4,2,mountain,weathered_rock,fair,9.715,high
SEG-0054,2026-08-04,6.0,39.0,105.4,32.8,1727,16.23,3,4,2,mountain,weathered_rock,fair,9.653,medium
SEG-0054,2026-08-05,18.9,39.8,98.2,32.8,1727,16.23,3,4,2,mountain,weathered_rock,fair,9.873,high
SEG-0054,2026-08-06,12.7,37.6,94.6,32.8,1727,16.23,3,4,2,mountain,weathered_rock,fair,9.701,high
SEG-0054,2026-08-07,7.6,39.2,79.7,32.8,1727,16.23,3,4,2,mountain,weathered_rock,fair,9.615,high
SEG-0054,2026-08-08,2.1,22.4,80.3,32.8,1727,16.23,3,4,2,mountain,weathered_rock,fair,9.086,medium
SEG-0054,2026-08-09,19.3,29.0,81.5,32.8,1727,16.23,3,4,2,mountain,weathered_rock,fair,9.553,medium
SEG-0054,2026-08-10,8.8,30.2,75.4,32.8,1727,16.23,3,4,2,mountain,weathered_rock,fair,9.389,medium
SEG-0054,2026-08-11,75.2,103.3,144.6,32.8,1727,16.23,3,4,2,mountain,weathered_rock,fair,12.609,high
SEG-0054,2026-08-12,24.4,108.4,150.1,32.8,1727,16.23,3,4,2,mountain,weathered_rock,fair,11.893,high
SEG-0054,2026-08-13,29.6,129.2,167.0,32.8,1727,16.23,3,4,2,mountain,weathered_rock,fair,12.569,high
SEG-0054,2026-08-14,22.7,76.7,182.1,32.8,1727,16.23,3,4,2,mountain,weathered_rock,fair,11.128,high
SEG-0054,2026-08-15,11.0,63.3,191.0,32.8,1727,16.23,3,4,2,mountain,weathered_rock,fair,10.605,high
SEG-0054,2026-08-16,12.2,45.9,183.9,32.8,1727,16.23,3,4,2,mountain,weathered_rock,fair,10.154,high
SEG-0054,2026-08-17,60.0,83.2,235.1,32.8,1727,16.23,3,4,2,mountain,weathered_rock,fair,12.077,high
SEG-0054,2026-08-18,20.5,92.7,180.4,32.8,1727,16.23,3,4,2,mountain,weathered_rock,fair,11.502,high
SEG-0054,2026-08-19,8.5,89.0,164.5,32.8,1727,16.23,3,4,2,mountain,weathered_rock,fair,11.158,high
SEG-0054,2026-08-20,6.5,35.5,141.4,32.8,1727,16.23,3,4,2,mountain,weathered_rock,fair,9.669,medium
SEG-0054,2026-08-21,14.1,29.1,132.8,32.8,1727,16.23,3,4,2,mountain,weathered_rock,fair,9.609,medium
SEG-0054,2026-08-22,12.0,32.6,133.8,32.8,1727,16.23,3,4,2,mountain,weathered_rock,fair,9.667,high
SEG-0054,2026-08-23,12.9,39.0,134.5,32.8,1727,16.23,3,4,2,mountain,weathered_rock,fair,9.85,high
SEG-0054,2026-08-24,12.6,37.5,87.1,32.8,1727,16.23,3,4,2,mountain,weathered_rock,fair,9.676,medium
SEG-0054,2026-08-25,6.4,31.9,73.0,32.8,1727,16.23,3,4,2,mountain,weathered_rock,fair,9.386,medium
SEG-0054,2026-08-26,19.6,38.6,84.1,32.8,1727,16.23,3,4,2,mountain,weathered_rock,fair,9.815,high
SEG-0054,2026-08-27,8.3,34.3,85.9,32.8,1727,16.23,3,4,2,mountain,weathered_rock,fair,9.516,medium
SEG-0054,2026-08-28,7.2,35.1,79.0,32.8,1727,16.23,3,4,2,mountain,weathered_rock,fair,9.499,medium
SEG-0054,2026-08-29,1.7,17.2,68.7,32.8,1727,16.23,3,4,2,mountain,weathered_rock,fair,8.912,medium
SEG-0054,2026-08-30,2.8,11.7,58.6,32.8,1727,16.23,3,4,2,mountain,weathered_rock,fair,8.76,medium
SEG-0054,2026-08-31,2.6,7.1,48.6,32.8,1727,16.23,3,4,2,mountain,weathered_rock,fair,8.61,medium
SEG-0054,2026-09-01,8.9,14.3,51.1,32.8,1727,16.23,3,4,2,mountain,weathered_rock,fair,8.911,medium
SEG-0054,2026-09-02,6.6,18.1,38.1,32.8,1727,16.23,3,4,2,mountain,weathered_rock,fair,8.935,medium
SEG-0054,2026-09-03,12.5,28.0,42.3,32.8,1727,16.23,3,4,2,mountain,weathered_rock,fair,9.304,medium
SEG-0054,2026-09-04,6.8,25.9,41.9,32.8,1727,16.23,3,4,2,mountain,weathered_rock,fair,9.151,medium
SEG-0054,2026-09-05,10.5,29.8,50.7,32.8,1727,16.23,3,4,2,mountain,weathered_rock,fair,9.34,medium
SEG-0054,2026-09-06,11.6,28.9,59.5,32.8,1727,16.23,3,4,2,mountain,weathered_rock,fair,9.359,medium
SEG-0054,2026-09-07,11.3,33.4,68.2,32.8,1727,16.23,3,4,2,mountain,weathered_rock,fair,9.495,medium
SEG-0054,2026-09-08,2.5,25.4,61.8,32.8,1727,16.23,3,4,2,mountain,weathered_rock,fair,9.12,medium
SEG-0054,2026-09-09,2.9,16.7,58.1,32.8,1727,16.23,3,4,2,mountain,weathered_rock,fair,8.89,medium
SEG-0054,2026-09-10,8.6,14.0,54.2,32.8,1727,16.23,3,4,2,mountain,weathered_rock,fair,8.906,medium
SEG-0054,2026-09-11,23.7,35.2,71.1,32.8,1727,16.23,3,4,2,mountain,weathered_rock,fair,9.761,medium
SEG-0054,2026-09-12,16.0,48.3,76.6,32.8,1727,16.23,3,4,2,mountain,weathered_rock,fair,9.986,high
SEG-0054,2026-09-13,9.7,49.4,74.7,32.8,1727,16.23,3,4,2,mountain,weathered_rock,fair,9.902,high
SEG-0054,2026-09-14,5.3,31.0,68.7,32.8,1727,16.23,3,4,2,mountain,weathered_rock,fair,9.332,medium
SEG-0054,2026-09-15,6.1,21.1,72.3,32.8,1727,16.23,3,4,2,mountain,weathered_rock,fair,9.098,medium
SEG-0054,2026-09-16,3.4,14.8,72.8,32.8,1727,16.23,3,4,2,mountain,weathered_rock,fair,8.89,medium
SEG-0055,2026-05-20,3.0,3.0,3.0,37.5,1780,12.17,2,3,2,mountain,weathered_rock,fair,8.463,medium
SEG-0055,2026-05-21,13.0,16.0,16.0,37.5,1780,12.17,2,3,2,mountain,weathered_rock,fair,9.007,medium
SEG-0055,2026-05-22,1.0,17.0,17.0,37.5,1780,12.17,2,3,2,mountain,weathered_rock,fair,8.832,medium
SEG-0055,2026-05-23,13.0,27.0,30.0,37.5,1780,12.17,2,3,2,mountain,weathered_rock,fair,9.332,medium
SEG-0055,2026-05-24,8.3,22.3,38.3,37.5,1780,12.17,2,3,2,mountain,weathered_rock,fair,9.152,medium
SEG-0055,2026-05-25,10.6,31.9,48.9,37.5,1780,12.17,2,3,2,mountain,weathered_rock,fair,9.47,medium
SEG-0055,2026-05-26,0.8,19.7,49.7,37.5,1780,12.17,2,3,2,mountain,weathered_rock,fair,8.988,medium
SEG-0055,2026-05-27,11.4,22.8,58.1,37.5,1780,12.17,2,3,2,mountain,weathered_rock,fair,9.272,medium
SEG-0055,2026-05-28,13.4,25.6,58.5,37.5,1780,12.17,2,3,2,mountain,weathered_rock,fair,9.38,medium
SEG-0055,2026-05-29,9.7,34.5,67.2,37.5,1780,12.17,2,3,2,mountain,weathered_rock,fair,9.573,high
SEG-0055,2026-05-30,13.5,36.6,67.7,37.5,1780,12.17,2,3,2,mountain,weathered_rock,fair,9.693,medium
SEG-0055,2026-05-31,2.2,25.4,61.6,37.5,1780,12.17,2,3,2,mountain,weathered_rock,fair,9.193,medium
SEG-0055,2026-06-01,76.2,91.9,127.2,37.5,1780,12.17,2,3,2,mountain,weathered_rock,fair,12.361,high
SEG-0055,2026-06-02,26.3,104.7,152.7,37.5,1780,12.17,2,3,2,mountain,weathered_rock,fair,11.915,high
SEG-0055,2026-06-03,38.2,140.7,179.5,37.5,1780,12.17,2,3,2,mountain,weathered_rock,fair,13.127,high
SEG-0055,2026-06-04,30.9,95.4,197.0,37.5,1780,12.17,2,3,2,mountain,weathered_rock,fair,11.873,high
SEG-0055,2026-06-05,2.6,71.7,189.9,37.5,1780,12.17,2,3,2,mountain,weathered_rock,fair,10.757,high
SEG-0055,2026-06-06,10.5,44.0,186.9,37.5,1780,12.17,2,3,2,mountain,weathered_rock,fair,10.162,high
SEG-0055,2026-06-07,5.9,19.0,190.6,37.5,1780,12.17,2,3,2,mountain,weathered_rock,fair,9.444,medium
SEG-0055,2026-06-08,10.9,27.3,125.3,37.5,1780,12.17,2,3,2,mountain,weathered_rock,fair,9.566,medium
SEG-0055,2026-06-09,22.1,38.9,121.1,37.5,1780,12.17,2,3,2,mountain,weathered_rock,fair,10.046,high
SEG-0055,2026-06-10,8.7,41.7,91.6,37.5,1780,12.17,2,3,2,mountain,weathered_rock,fair,9.81,high
SEG-0055,2026-06-11,12.9,43.7,73.6,37.5,1780,12.17,2,3,2,mountain,weathered_rock,fair,9.884,high
SEG-0055,2026-06-12,19.9,41.5,90.9,37.5,1780,12.17,2,3,2,mountain,weathered_rock,fair,9.993,high
SEG-0055,2026-06-13,75.8,108.6,156.2,37.5,1780,12.17,2,3,2,mountain,weathered_rock,fair,12.868,high
SEG-0055,2026-06-14,32.6,128.3,182.9,37.5,1780,12.17,2,3,2,mountain,weathered_rock,fair,12.719,high
SEG-0055,2026-06-15,30.9,139.3,202.9,37.5,1780,12.17,2,3,2,mountain,weathered_rock,fair,13.031,high
SEG-0055,2026-06-16,26.0,89.5,206.8,37.5,1780,12.17,2,3,2,mountain,weathered_rock,fair,11.664,high
SEG-0055,2026-06-17,12.7,69.6,210.8,37.5,1780,12.17,2,3,2,mountain,weathered_rock,fair,10.931,high
SEG-0055,2026-06-18,12.1,50.8,210.0,37.5,1780,12.17,2,3,2,mountain,weathered_rock,fair,10.43,high
SEG-0055,2026-06-19,16.5,41.3,206.6,37.5,1780,12.17,2,3,2,mountain,weathered_rock,fair,10.248,high
SEG-0055,2026-06-20,10.2,38.8,141.0,37.5,1780,12.17,2,3,2,mountain,weathered_rock,fair,9.896,medium
SEG-0055,2026-06-21,12.1,38.8,120.5,37.5,1780,12.17,2,3,2,mountain,weathered_rock,fair,9.872,medium
SEG-0055,2026-06-22,17.1,39.4,106.7,37.5,1780,12.17,2,3,2,mountain,weathered_rock,fair,9.935,high
SEG-0055,2026-06-23,43.2,72.4,123.9,37.5,1780,12.17,2,3,2,mountain,weathered_rock,fair,11.284,high
SEG-0055,2026-06-24,40.8,101.1,152.0,37.5,1780,12.17,2,3,2,mountain,weathered_rock,fair,12.066,high
SEG-0055,2026-06-25,20.3,104.3,160.2,37.5,1780,12.17,2,3,2,mountain,weathered_rock,fair,11.823,high
SEG-0055,2026-06-26,21.0,82.1,164.7,37.5,1780,12.17,2,3,2,mountain,weathered_rock,fair,11.271,high
SEG-0055,2026-06-27,8.1,49.4,162.6,37.5,1780,12.17,2,3,2,mountain,weathered_rock,fair,10.195,high
SEG-0055,2026-06-28,22.5,51.6,173.0,37.5,1780,12.17,2,3,2,mountain,weathered_rock,fair,10.526,high
SEG-0055,2026-06-29,10.0,40.6,165.9,37.5,1780,12.17,2,3,2,mountain,weathered_rock,fair,10.008,high
SEG-0055,2026-06-30,23.6,56.1,146.3,37.5,1780,12.17,2,3,2,mountain,weathered_rock,fair,10.588,high
SEG-0055,2026-07-01,0.4,34.0,105.9,37.5,1780,12.17,2,3,2,mountain,weathered_rock,fair,9.508,medium
SEG-0055,2026-07-02,1.9,25.9,87.5,37.5,1780,12.17,2,3,2,mountain,weathered_rock,fair,9.272,high
SEG-0055,2026-07-03,9.8,12.1,76.3,37.5,1780,12.17,2,3,2,mountain,weathered_rock,fair,9.017,medium
SEG-0055,2026-07-04,2.1,13.8,70.3,37.5,1780,12.17,2,3,2,mountain,weathered_rock,fair,8.914,medium
SEG-0055,2026-07-05,8.2,20.1,56.0,37.5,1780,12.17,2,3,2,mountain,weathered_rock,fair,9.142,medium
SEG-0055,2026-07-06,12.7,23.0,58.7,37.5,1780,12.17,2,3,2,mountain,weathered_rock,fair,9.301,medium
SEG-0055,2026-07-07,15.0,35.9,50.1,37.5,1780,12.17,2,3,2,mountain,weathered_rock,fair,9.652,medium
SEG-0055,2026-07-08,5.4,33.1,55.1,37.5,1780,12.17,2,3,2,mountain,weathered_rock,fair,9.43,medium
SEG-0055,2026-07-09,19.3,39.7,72.5,37.5,1780,12.17,2,3,2,mountain,weathered_rock,fair,9.886,medium
SEG-0055,2026-07-10,10.7,35.4,73.4,37.5,1780,12.17,2,3,2,mountain,weathered_rock,fair,9.63,medium
SEG-0055,2026-07-11,19.8,49.8,91.1,37.5,1780,12.17,2,3,2,mountain,weathered_rock,fair,10.208,high
SEG-0055,2026-07-12,17.1,47.6,100.0,37.5,1780,12.17,2,3,2,mountain,weathered_rock,fair,10.129,high
SEG-0055,2026-07-13,51.1,88.0,138.4,37.5,1780,12.17,2,3,2,mountain,weathered_rock,fair,11.863,high
SEG-0055,2026-07-14,48.1,116.3,171.5,37.5,1780,12.17,2,3,2,mountain,weathered_rock,fair,12.639,high
SEG-0055,2026-07-15,13.7,112.9,179.8,37.5,1780,12.17,2,3,2,mountain,weathered_rock,fair,11.989,high
SEG-0055,2026-07-16,0.9,62.7,161.4,37.5,1780,12.17,2,3,2,mountain,weathered_rock,fair,10.415,high
SEG-0055,2026-07-17,20.2,34.8,170.9,37.5,1780,12.17,2,3,2,mountain,weathered_rock,fair,10.044,high
SEG-0055,2026-07-18,20.9,42.0,172.0,37.5,1780,12.17,2,3,2,mountain,weathered_rock,fair,10.246,high
SEG-0055,2026-07-19,70.8,111.9,225.7,37.5,1780,12.17,2,3,2,mountain,weathered_rock,fair,13.06,high
SEG-0055,2026-07-20,26.4,118.1,201.0,37.5,1780,12.17,2,3,2,mountain,weathered_rock,fair,12.398,high
SEG-0055,2026-07-21,36.1,133.3,189.0,37.5,1780,12.17,2,3,2,mountain,weathered_rock,fair,12.925,high
SEG-0055,2026-07-22,36.2,98.7,211.5,37.5,1780,12.17,2,3,2,mountain,weathered_rock,fair,12.089,high
SEG-0055,2026-07-23,24.5,96.8,235.1,37.5,1780,12.17,2,3,2,mountain,weathered_rock,fair,11.906,high
SEG-0055,2026-07-24,5.5,66.2,220.4,37.5,1780,12.17,2,3,2,mountain,weathered_rock,fair,10.747,high
SEG-0055,2026-07-25,8.0,38.0,207.5,37.5,1780,12.17,2,3,2,mountain,weathered_rock,fair,10.021,medium
SEG-0055,2026-07-26,15.3,28.8,152.0,37.5,1780,12.17,2,3,2,mountain,weathered_rock,fair,9.753,medium
SEG-0055,2026-07-27,18.9,42.2,144.5,37.5,1780,12.17,2,3,2,mountain,weathered_rock,fair,10.142,high
SEG-0055,2026-07-28,9.5,43.7,117.9,37.5,1780,12.17,2,3,2,mountain,weathered_rock,fair,9.948,medium
SEG-0055,2026-07-29,18.7,47.1,100.4,37.5,1780,12.17,2,3,2,mountain,weathered_rock,fair,10.145,high
SEG-0055,2026-07-30,11.9,40.1,87.8,37.5,1780,12.17,2,3,2,mountain,weathered_rock,fair,9.812,medium
SEG-0055,2026-07-31,6.6,37.2,88.9,37.5,1780,12.17,2,3,2,mountain,weathered_rock,fair,9.65,medium
SEG-0055,2026-08-01,69.3,87.8,150.2,37.5,1780,12.17,2,3,2,mountain,weathered_rock,fair,12.2,high
SEG-0055,2026-08-02,38.2,114.1,173.1,37.5,1780,12.17,2,3,2,mountain,weathered_rock,fair,12.418,high
SEG-0055,2026-08-03,41.8,149.3,196.0,37.5,1780,12.17,2,3,2,mountain,weathered_rock,fair,13.457,high
SEG-0055,2026-08-04,36.3,116.3,222.8,37.5,1780,12.17,2,3,2,mountain,weathered_rock,fair,12.58,high
SEG-0055,2026-08-05,1.8,79.9,205.9,37.5,1780,12.17,2,3,2,mountain,weathered_rock,fair,11.0,high
SEG-0055,2026-08-06,2.8,40.9,196.8,37.5,1780,12.17,2,3,2,mountain,weathered_rock,fair,9.978,high
SEG-0055,2026-08-07,2.2,6.8,192.4,37.5,1780,12.17,2,3,2,mountain,weathered_rock,fair,9.069,medium
SEG-0055,2026-08-08,0.5,5.5,123.6,37.5,1780,12.17,2,3,2,mountain,weathered_rock,fair,8.817,medium
SEG-0055,2026-08-09,6.0,8.7,91.4,37.5,1780,12.17,2,3,2,mountain,weathered_rock,fair,8.906,medium
SEG-0055,2026-08-10,16.8,23.3,66.4,37.5,1780,12.17,2,3,2,mountain,weathered_rock,fair,9.4,medium
SEG-0055,2026-08-11,10.8,33.6,40.9,37.5,1780,12.17,2,3,2,mountain,weathered_rock,fair,9.496,medium
SEG-0055,2026-08-12,0.7,28.3,39.8,37.5,1780,12.17,2,3,2,mountain,weathered_rock,fair,9.183,medium
SEG-0055,2026-08-13,15.0,26.5,52.0,37.5,1780,12.17,2,3,2,mountain,weathered_rock,fair,9.413,high
SEG-0055,2026-08-14,15.8,31.5,65.6,37.5,1780,12.17,2,3,2,mountain,weathered_rock,fair,9.594,medium
SEG-0055,2026-08-15,18.6,49.4,83.7,37.5,1780,12.17,2,3,2,mountain,weathered_rock,fair,10.157,high
SEG-0055,2026-08-16,2.1,36.5,79.8,37.5,1780,12.17,2,3,2,mountain,weathered_rock,fair,9.53,high
SEG-0055,2026-08-17,0.8,21.5,63.8,37.5,1780,12.17,2,3,2,mountain,weathered_rock,fair,9.074,medium
SEG-0055,2026-08-18,4.5,7.4,57.5,37.5,1780,12.17,2,3,2,mountain,weathered_rock,fair,8.753,medium
SEG-0055,2026-08-19,64.9,70.2,121.7,37.5,1780,12.17,2,3,2,mountain,weathered_rock,fair,11.589,high
SEG-0055,2026-08-20,25.1,94.5,131.8,37.5,1780,12.17,2,3,2,mountain,weathered_rock,fair,11.572,high
SEG-0055,2026-08-21,10.1,100.1,126.1,37.5,1780,12.17,2,3,2,mountain,weathered_rock,fair,11.447,high
SEG-0055,2026-08-22,11.7,46.9,119.2,37.5,1780,12.17,2,3,2,mountain,weathered_rock,fair,10.072,medium
SEG-0055,2026-08-23,16.9,38.7,134.0,37.5,1780,12.17,2,3,2,mountain,weathered_rock,fair,9.988,high
SEG-0055,2026-08-24,16.5,45.1,149.7,37.5,1780,12.17,2,3,2,mountain,weathered_rock,fair,10.191,high
SEG-0055,2026-08-25,75.4,108.8,220.6,37.5,1780,12.17,2,3,2,mountain,weathered_rock,fair,13.043,high
SEG-0055,2026-08-26,37.1,129.0,192.8,37.5,1780,12.17,2,3,2,mountain,weathered_rock,fair,12.841,high
SEG-0055,2026-08-27,31.6,144.1,199.3,37.5,1780,12.17,2,3,2,mountain,weathered_rock,fair,13.158,high
SEG-0055,2026-08-28,22.3,91.0,211.5,37.5,1780,12.17,2,3,2,mountain,weathered_rock,fair,11.653,high
SEG-0055,2026-08-29,5.5,59.4,205.3,37.5,1780,12.17,2,3,2,mountain,weathered_rock,fair,10.528,high
SEG-0055,2026-08-30,1.0,28.8,189.4,37.5,1780,12.17,2,3,2,mountain,weathered_rock,fair,9.613,high
SEG-0055,2026-08-31,15.9,22.4,188.8,37.5,1780,12.17,2,3,2,mountain,weathered_rock,fair,9.698,medium
SEG-0055,2026-09-01,13.5,30.4,126.9,37.5,1780,12.17,2,3,2,mountain,weathered_rock,fair,9.695,medium
SEG-0055,2026-09-02,6.2,35.6,96.0,37.5,1780,12.17,2,3,2,mountain,weathered_rock,fair,9.621,medium
SEG-0055,2026-09-03,5.6,25.3,70.0,37.5,1780,12.17,2,3,2,mountain,weathered_rock,fair,9.272,medium
SEG-0055,2026-09-04,1.5,13.3,49.2,37.5,1780,12.17,2,3,2,mountain,weathered_rock,fair,8.833,medium
SEG-0055,2026-09-05,26.3,33.4,70.0,37.5,1780,12.17,2,3,2,mountain,weathered_rock,fair,9.834,high
SEG-0055,2026-09-06,22.5,50.3,91.5,37.5,1780,12.17,2,3,2,mountain,weathered_rock,fair,10.268,high
SEG-0055,2026-09-07,13.5,62.3,89.1,37.5,1780,12.17,2,3,2,mountain,weathered_rock,fair,10.42,high
SEG-0055,2026-09-08,0.2,36.2,75.8,37.5,1780,12.17,2,3,2,mountain,weathered_rock,fair,9.479,medium
SEG-0055,2026-09-09,6.3,20.0,75.9,37.5,1780,12.17,2,3,2,mountain,weathered_rock,fair,9.162,high
SEG-0055,2026-09-10,2.0,8.5,72.3,37.5,1780,12.17,2,3,2,mountain,weathered_rock,fair,8.78,medium
SEG-0055,2026-09-11,6.0,14.3,76.8,37.5,1780,12.17,2,3,2,mountain,weathered_rock,fair,9.011,medium
SEG-0055,2026-09-12,4.5,12.5,55.0,37.5,1780,12.17,2,3,2,mountain,weathered_rock,fair,8.879,medium
SEG-0055,2026-09-13,9.1,19.6,41.6,37.5,1780,12.17,2,3,2,mountain,weathered_rock,fair,9.105,medium
SEG-0055,2026-09-14,4.1,17.7,32.2,37.5,1780,12.17,2,3,2,mountain,weathered_rock,fair,8.944,medium
SEG-0055,2026-09-15,2.3,15.5,34.3,37.5,1780,12.17,2,3,2,mountain,weathered_rock,fair,8.862,medium
SEG-0055,2026-09-16,9.9,16.3,37.9,37.5,1780,12.17,2,3,2,mountain,weathered_rock,fair,9.022,medium
SEG-0056,2026-05-20,16.2,16.2,16.2,13.0,259,15.63,1,2,2,hilly,lateritic,fair,4.058,low
SEG-0056,2026-05-21,4.2,20.4,20.4,13.0,259,15.63,1,2,2,hilly,lateritic,fair,3.974,low
SEG-0056,2026-05-22,3.3,23.7,23.7,13.0,259,15.63,1,2,2,hilly,lateritic,fair,4.054,low
SEG-0056,2026-05-23,3.7,11.2,27.4,13.0,259,15.63,1,2,2,hilly,lateritic,fair,3.746,low
SEG-0056,2026-05-24,16.4,23.4,43.8,13.0,259,15.63,1,2,2,hilly,lateritic,fair,4.324,low
SEG-0056,2026-05-25,1.9,22.0,45.7,13.0,259,15.63,1,2,2,hilly,lateritic,fair,4.047,low
SEG-0056,2026-05-26,12.1,30.4,57.8,13.0,259,15.63,1,2,2,hilly,lateritic,fair,4.472,low
SEG-0056,2026-05-27,10.3,24.3,51.9,13.0,259,15.63,1,2,2,hilly,lateritic,fair,4.266,low
SEG-0056,2026-05-28,14.7,37.1,62.4,13.0,259,15.63,1,2,2,hilly,lateritic,fair,4.703,low
SEG-0056,2026-05-29,3.1,28.1,62.2,13.0,259,15.63,1,2,2,hilly,lateritic,fair,4.271,low
SEG-0056,2026-05-30,1.5,19.3,60.0,13.0,259,15.63,1,2,2,hilly,lateritic,fair,4.009,low
SEG-0056,2026-05-31,16.8,21.4,60.4,13.0,259,15.63,1,2,2,hilly,lateritic,fair,4.325,low
SEG-0056,2026-06-01,3.2,21.5,61.7,13.0,259,15.63,1,2,2,hilly,lateritic,fair,4.1,low
SEG-0056,2026-06-02,7.2,27.2,56.8,13.0,259,15.63,1,2,2,hilly,lateritic,fair,4.302,low
SEG-0056,2026-06-03,10.7,21.1,57.2,13.0,259,15.63,1,2,2,hilly,lateritic,fair,4.204,low
SEG-0056,2026-06-04,13.1,31.0,55.6,13.0,259,15.63,1,2,2,hilly,lateritic,fair,4.498,low
SEG-0056,2026-06-05,42.8,66.6,95.3,13.0,259,15.63,1,2,2,hilly,lateritic,fair,6.038,medium
SEG-0056,2026-06-06,44.9,100.8,138.7,13.0,259,15.63,1,2,2,hilly,lateritic,fair,7.082,medium
SEG-0056,2026-06-07,40.2,127.9,162.1,13.0,259,15.63,1,2,2,hilly,lateritic,fair,7.771,medium
SEG-0056,2026-06-08,50.4,135.5,209.3,13.0,259,15.63,1,2,2,hilly,lateritic,fair,8.272,medium
SEG-0056,2026-06-09,3.1,93.7,205.2,13.0,259,15.63,1,2,2,hilly,lateritic,fair,6.37,medium
SEG-0056,2026-06-10,17.4,70.9,211.9,13.0,259,15.63,1,2,2,hilly,lateritic,fair,6.038,medium
SEG-0056,2026-06-11,10.3,30.8,209.1,13.0,259,15.63,1,2,2,hilly,lateritic,fair,4.867,low
SEG-0056,2026-06-12,12.4,40.1,178.7,13.0,259,15.63,1,2,2,hilly,lateritic,fair,5.061,low
SEG-0056,2026-06-13,10.0,32.7,143.8,13.0,259,15.63,1,2,2,hilly,lateritic,fair,4.732,low
SEG-0056,2026-06-14,3.4,25.8,107.0,13.0,259,15.63,1,2,2,hilly,lateritic,fair,4.339,low
SEG-0056,2026-06-15,10.0,23.4,66.6,13.0,259,15.63,1,2,2,hilly,lateritic,fair,4.278,low
SEG-0056,2026-06-16,6.2,19.6,69.7,13.0,259,15.63,1,2,2,hilly,lateritic,fair,4.123,low
SEG-0056,2026-06-17,4.5,20.7,56.8,13.0,259,15.63,1,2,2,hilly,lateritic,fair,4.087,low
SEG-0056,2026-06-18,11.1,21.8,57.6,13.0,259,15.63,1,2,2,hilly,lateritic,fair,4.23,low
SEG-0056,2026-06-19,8.5,24.1,53.7,13.0,259,15.63,1,2,2,hilly,lateritic,fair,4.235,low
SEG-0056,2026-06-20,21.4,41.0,65.1,13.0,259,15.63,1,2,2,hilly,lateritic,fair,4.925,low
SEG-0056,2026-06-21,16.8,46.7,78.5,13.0,259,15.63,1,2,2,hilly,lateritic,fair,5.032,low
SEG-0056,2026-06-22,7.8,46.0,76.3,13.0,259,15.63,1,2,2,hilly,lateritic,fair,4.855,low
SEG-0056,2026-06-23,15.2,39.8,85.3,13.0,259,15.63,1,2,2,hilly,lateritic,fair,4.844,low
SEG-0056,2026-06-24,9.2,32.2,90.0,13.0,259,15.63,1,2,2,hilly,lateritic,fair,4.558,low
SEG-0056,2026-06-25,8.3,32.7,87.2,13.0,259,15.63,1,2,2,hilly,lateritic,fair,4.548,low
SEG-0056,2026-06-26,23.2,40.7,101.9,13.0,259,15.63,1,2,2,hilly,lateritic,fair,5.049,low
SEG-0056,2026-06-27,21.7,53.2,102.2,13.0,259,15.63,1,2,2,hilly,lateritic,fair,5.35,low
SEG-0056,2026-06-28,23.9,68.8,109.3,13.0,259,15.63,1,2,2,hilly,lateritic,fair,5.812,low
SEG-0056,2026-06-29,6.3,51.9,107.8,13.0,259,15.63,1,2,2,hilly,lateritic,fair,5.07,low
SEG-0056,2026-06-30,24.0,54.2,116.6,13.0,259,15.63,1,2,2,hilly,lateritic,fair,5.454,low
SEG-0056,2026-07-01,19.8,50.1,127.2,13.0,259,15.63,1,2,2,hilly,lateritic,fair,5.306,low
SEG-0056,2026-07-02,9.0,52.8,127.9,13.0,259,15.63,1,2,2,hilly,lateritic,fair,5.194,low
SEG-0056,2026-07-03,7.9,36.7,112.6,13.0,259,15.63,1,2,2,hilly,lateritic,fair,4.715,low
SEG-0056,2026-07-04,1.2,18.1,92.1,13.0,259,15.63,1,2,2,hilly,lateritic,fair,4.061,low
SEG-0056,2026-07-05,8.6,17.7,76.8,13.0,259,15.63,1,2,2,hilly,lateritic,fair,4.134,low
SEG-0056,2026-07-06,11.4,21.2,81.9,13.0,259,15.63,1,2,2,hilly,lateritic,fair,4.287,low
SEG-0056,2026-07-07,3.5,23.5,61.4,13.0,259,15.63,1,2,2,hilly,lateritic,fair,4.156,low
SEG-0056,2026-07-08,2.6,17.5,44.2,13.0,259,15.63,1,2,2,hilly,lateritic,fair,3.937,low
SEG-0056,2026-07-09,23.2,29.3,58.4,13.0,259,15.63,1,2,2,hilly,lateritic,fair,4.633,low
SEG-0056,2026-07-10,7.9,33.7,58.4,13.0,259,15.63,1,2,2,hilly,lateritic,fair,4.488,low
SEG-0056,2026-07-11,3.3,34.4,60.5,13.0,259,15.63,1,2,2,hilly,lateritic,fair,4.433,low
SEG-0056,2026-07-12,4.2,15.4,56.1,13.0,259,15.63,1,2,2,hilly,lateritic,fair,3.943,low
SEG-0056,2026-07-13,1.0,8.5,45.7,13.0,259,15.63,1,2,2,hilly,lateritic,fair,3.68,low
SEG-0056,2026-07-14,7.3,12.5,49.5,13.0,259,15.63,1,2,2,hilly,lateritic,fair,3.902,low
SEG-0056,2026-07-15,15.4,23.7,62.3,13.0,259,15.63,1,2,2,hilly,lateritic,fair,4.366,low
SEG-0056,2026-07-16,26.5,49.2,65.6,13.0,259,15.63,1,2,2,hilly,lateritic,fair,5.227,low
SEG-0056,2026-07-17,4.6,46.5,62.3,13.0,259,15.63,1,2,2,hilly,lateritic,fair,4.775,low
SEG-0056,2026-07-18,7.9,39.0,66.9,13.0,259,15.63,1,2,2,hilly,lateritic,fair,4.649,low
SEG-0056,2026-07-19,9.6,22.1,72.3,13.0,259,15.63,1,2,2,hilly,lateritic,fair,4.253,low
SEG-0056,2026-07-20,1.9,19.4,73.2,13.0,259,15.63,1,2,2,hilly,lateritic,fair,4.055,low
SEG-0056,2026-07-21,22.0,33.5,87.9,13.0,259,15.63,1,2,2,hilly,lateritic,fair,4.803,low
SEG-0056,2026-07-22,84.7,108.6,157.2,13.0,259,15.63,1,2,2,hilly,lateritic,fair,8.012,medium
SEG-0056,2026-07-23,60.3,167.0,191.0,13.0,259,15.63,1,2,2,hilly,lateritic,fair,9.209,medium
SEG-0056,2026-07-24,9.2,154.2,195.6,13.0,259,15.63,1,2,2,hilly,lateritic,fair,8.02,medium
SEG-0056,2026-07-25,23.0,92.5,210.7,13.0,259,15.63,1,2,2,hilly,lateritic,fair,6.692,low
SEG-0056,2026-07-26,25.5,57.7,226.6,13.0,259,15.63,1,2,2,hilly,lateritic,fair,5.873,low
SEG-0056,2026-07-27,26.1,74.6,250.8,13.0,259,15.63,1,2,2,hilly,lateritic,fair,6.39,medium
SEG-0056,2026-07-28,12.4,64.0,241.2,13.0,259,15.63,1,2,2,hilly,lateritic,fair,5.855,low
SEG-0056,2026-07-29,20.7,59.2,177.2,13.0,259,15.63,1,2,2,hilly,lateritic,fair,5.695,low
SEG-0056,2026-07-30,20.6,53.7,137.5,13.0,259,15.63,1,2,2,hilly,lateritic,fair,5.441,low
SEG-0056,2026-07-31,3.8,45.1,132.1,13.0,259,15.63,1,2,2,hilly,lateritic,fair,4.917,low
SEG-0056,2026-08-01,9.2,33.6,118.3,13.0,259,15.63,1,2,2,hilly,lateritic,fair,4.672,low
SEG-0056,2026-08-02,20.0,33.0,112.8,13.0,259,15.63,1,2,2,hilly,lateritic,fair,4.825,low
SEG-0056,2026-08-03,7.1,36.3,93.8,13.0,259,15.63,1,2,2,hilly,lateritic,fair,4.639,low
SEG-0056,2026-08-04,5.7,32.8,87.1,13.0,259,15.63,1,2,2,hilly,lateritic,fair,4.506,low
SEG-0056,2026-08-05,22.0,34.8,88.4,13.0,259,15.63,1,2,2,hilly,lateritic,fair,4.838,low
SEG-0056,2026-08-06,58.9,86.6,126.7,13.0,259,15.63,1,2,2,hilly,lateritic,fair,6.918,medium
SEG-0056,2026-08-07,44.2,125.1,167.1,13.0,259,15.63,1,2,2,hilly,lateritic,fair,7.78,medium
SEG-0056,2026-08-08,30.5,133.6,188.4,13.0,259,15.63,1,2,2,hilly,lateritic,fair,7.827,medium
SEG-0056,2026-08-09,6.9,81.6,175.3,13.0,259,15.63,1,2,2,hilly,lateritic,fair,6.038,low
SEG-0056,2026-08-10,9.5,46.9,177.7,13.0,259,15.63,1,2,2,hilly,lateritic,fair,5.186,low
SEG-0056,2026-08-11,9.6,26.0,181.6,13.0,259,15.63,1,2,2,hilly,lateritic,fair,4.655,low
SEG-0056,2026-08-12,20.4,39.5,180.0,13.0,259,15.63,1,2,2,hilly,lateritic,fair,5.185,low
SEG-0056,2026-08-13,10.4,40.4,131.5,13.0,259,15.63,1,2,2,hilly,lateritic,fair,4.905,low
SEG-0056,2026-08-14,9.7,40.5,97.0,13.0,259,15.63,1,2,2,hilly,lateritic,fair,4.801,low
SEG-0056,2026-08-15,3.3,23.4,69.8,13.0,259,15.63,1,2,2,hilly,lateritic,fair,4.173,low
SEG-0056,2026-08-16,18.2,31.2,81.1,13.0,259,15.63,1,2,2,hilly,lateritic,fair,4.66,low
SEG-0056,2026-08-17,43.2,64.7,114.8,13.0,259,15.63,1,2,2,hilly,lateritic,fair,6.049,low
SEG-0056,2026-08-18,30.2,91.6,135.4,13.0,259,15.63,1,2,2,hilly,lateritic,fair,6.584,medium
SEG-0056,2026-08-19,45.2,118.6,160.2,13.0,259,15.63,1,2,2,hilly,lateritic,fair,7.609,medium
SEG-0056,2026-08-20,39.7,115.1,189.5,13.0,259,15.63,1,2,2,hilly,lateritic,fair,7.505,medium
SEG-0056,2026-08-21,1.0,85.9,180.8,13.0,259,15.63,1,2,2,hilly,lateritic,fair,6.064,low
SEG-0056,2026-08-22,17.6,58.3,195.1,13.0,259,15.63,1,2,2,hilly,lateritic,fair,5.668,low
SEG-0056,2026-08-23,16.4,35.0,193.3,13.0,259,15.63,1,2,2,hilly,lateritic,fair,5.037,low
SEG-0056,2026-08-24,17.0,51.0,167.1,13.0,259,15.63,1,2,2,hilly,lateritic,fair,5.391,low
SEG-0056,2026-08-25,14.3,47.7,151.2,13.0,259,15.63,1,2,2,hilly,lateritic,fair,5.216,low
SEG-0056,2026-08-26,20.4,51.7,126.4,13.0,259,15.63,1,2,2,hilly,lateritic,fair,5.355,low
SEG-0056,2026-08-27,4.4,39.1,91.1,13.0,259,15.63,1,2,2,hilly,lateritic,fair,4.658,low
SEG-0056,2026-08-28,9.3,34.1,99.4,13.0,259,15.63,1,2,2,hilly,lateritic,fair,4.635,low
SEG-0056,2026-08-29,21.5,35.2,103.3,13.0,259,15.63,1,2,2,hilly,lateritic,fair,4.881,low
SEG-0056,2026-08-30,14.3,45.1,101.2,13.0,259,15.63,1,2,2,hilly,lateritic,fair,5.011,low
SEG-0056,2026-08-31,21.7,57.5,105.9,13.0,259,15.63,1,2,2,hilly,lateritic,fair,5.472,low
SEG-0056,2026-09-01,8.4,44.4,100.0,13.0,259,15.63,1,2,2,hilly,lateritic,fair,4.889,low
SEG-0056,2026-09-02,11.0,41.1,90.6,13.0,259,15.63,1,2,2,hilly,lateritic,fair,4.821,low
SEG-0056,2026-09-03,46.1,65.5,132.3,13.0,259,15.63,1,2,2,hilly,lateritic,fair,6.167,low
SEG-0056,2026-09-04,30.5,87.6,153.5,13.0,259,15.63,1,2,2,hilly,lateritic,fair,6.535,medium
SEG-0056,2026-09-05,26.1,102.7,158.1,13.0,259,15.63,1,2,2,hilly,lateritic,fair,6.865,medium
SEG-0056,2026-09-06,18.5,75.1,162.3,13.0,259,15.63,1,2,2,hilly,lateritic,fair,6.03,low
SEG-0056,2026-09-07,0.1,44.7,140.7,13.0,259,15.63,1,2,2,hilly,lateritic,fair,4.867,low
SEG-0056,2026-09-08,14.8,33.4,147.1,13.0,259,15.63,1,2,2,hilly,lateritic,fair,4.841,low
SEG-0056,2026-09-09,10.3,25.2,146.4,13.0,259,15.63,1,2,2,hilly,lateritic,fair,4.549,low
SEG-0056,2026-09-10,51.3,76.4,151.6,13.0,259,15.63,1,2,2,hilly,lateritic,fair,6.592,low
SEG-0056,2026-09-11,17.8,79.4,138.9,13.0,259,15.63,1,2,2,hilly,lateritic,fair,6.066,low
SEG-0056,2026-09-12,28.9,98.0,141.7,13.0,259,15.63,1,2,2,hilly,lateritic,fair,6.746,medium
SEG-0056,2026-09-13,23.0,69.7,146.2,13.0,259,15.63,1,2,2,hilly,lateritic,fair,5.922,low
SEG-0056,2026-09-14,20.4,72.3,166.5,13.0,259,15.63,1,2,2,hilly,lateritic,fair,6.001,low
SEG-0056,2026-09-15,6.6,50.0,158.3,13.0,259,15.63,1,2,2,hilly,lateritic,fair,5.164,low
SEG-0056,2026-09-16,0.6,27.6,148.6,13.0,259,15.63,1,2,2,hilly,lateritic,fair,4.453,low
SEG-0057,2026-05-20,0.2,0.2,0.2,21.7,259,13.39,0,0,2,hilly,lateritic,fair,3.881,low
SEG-0057,2026-05-21,10.2,10.4,10.4,21.7,259,13.39,0,0,2,hilly,lateritic,fair,4.344,low
SEG-0057,2026-05-22,0.3,10.7,10.7,21.7,259,13.39,0,0,2,hilly,lateritic,fair,4.184,low
SEG-0057,2026-05-23,3.1,13.6,13.8,21.7,259,13.39,0,0,2,hilly,lateritic,fair,4.316,low
SEG-0057,2026-05-24,5.0,8.4,18.8,21.7,259,13.39,0,0,2,hilly,lateritic,fair,4.227,low
SEG-0057,2026-05-25,1.8,9.9,20.6,21.7,259,13.39,0,0,2,hilly,lateritic,fair,4.216,low
SEG-0057,2026-05-26,38.1,44.9,58.7,21.7,259,13.39,0,0,2,hilly,lateritic,fair,5.848,low
SEG-0057,2026-05-27,29.6,69.5,88.1,21.7,259,13.39,0,0,2,hilly,lateritic,fair,6.424,medium
SEG-0057,2026-05-28,37.0,104.7,114.9,21.7,259,13.39,0,0,2,hilly,lateritic,fair,7.539,medium
SEG-0057,2026-05-29,16.4,83.0,131.0,21.7,259,13.39,0,0,2,hilly,lateritic,fair,6.669,medium
SEG-0057,2026-05-30,14.7,68.1,142.6,21.7,259,13.39,0,0,2,hilly,lateritic,fair,6.284,low
SEG-0057,2026-05-31,19.0,50.1,156.6,21.7,259,13.39,0,0,2,hilly,lateritic,fair,5.928,low
SEG-0057,2026-06-01,28.1,61.8,182.9,21.7,259,13.39,0,0,2,hilly,lateritic,fair,6.459,medium
SEG-0057,2026-06-02,22.4,69.5,167.2,21.7,259,13.39,0,0,2,hilly,lateritic,fair,6.519,low
SEG-0057,2026-06-03,22.1,72.6,159.7,21.7,259,13.39,0,0,2,hilly,lateritic,fair,6.574,low
SEG-0057,2026-06-04,17.5,62.0,140.2,21.7,259,13.39,0,0,2,hilly,lateritic,fair,6.167,low
SEG-0057,2026-06-05,2.8,42.4,126.6,21.7,259,13.39,0,0,2,hilly,lateritic,fair,5.37,low
SEG-0057,2026-06-06,4.8,25.1,116.7,21.7,259,13.39,0,0,2,hilly,lateritic,fair,4.927,low
SEG-0057,2026-06-07,10.2,17.8,107.9,21.7,259,13.39,0,0,2,hilly,lateritic,fair,4.804,low
SEG-0057,2026-06-08,26.6,41.6,106.4,21.7,259,13.39,0,0,2,hilly,lateritic,fair,5.698,low
SEG-0057,2026-06-09,83.6,120.4,167.6,21.7,259,13.39,0,0,2,hilly,lateritic,fair,8.884,medium
SEG-0057,2026-06-10,40.2,150.4,185.7,21.7,259,13.39,0,0,2,hilly,lateritic,fair,8.976,medium
SEG-0057,2026-06-11,5.1,128.9,173.3,21.7,259,13.39,0,0,2,hilly,lateritic,fair,7.786,medium
SEG-0057,2026-06-12,96.9,142.2,267.4,21.7,259,13.39,0,0,2,hilly,lateritic,fair,9.951,medium
SEG-0057,2026-06-13,51.6,153.6,314.2,21.7,259,13.39,0,0,2,hilly,lateritic,fair,9.606,medium
SEG-0057,2026-06-14,58.6,207.1,362.6,21.7,259,13.39,0,0,2,hilly,lateritic,fair,11.25,high
SEG-0057,2026-06-15,42.1,152.3,378.1,21.7,259,13.39,0,0,2,hilly,lateritic,fair,9.587,medium
SEG-0057,2026-06-16,7.8,108.5,302.3,21.7,259,13.39,0,0,2,hilly,lateritic,fair,7.656,medium
SEG-0057,2026-06-17,7.3,57.2,269.4,21.7,259,13.39,0,0,2,hilly,lateritic,fair,6.224,low
SEG-0057,2026-06-18,11.9,27.0,276.2,21.7,259,13.39,0,0,2,hilly,lateritic,fair,5.535,low
SEG-0057,2026-06-19,19.2,38.4,198.5,21.7,259,13.39,0,0,2,hilly,lateritic,fair,5.742,low
SEG-0057,2026-06-20,27.5,58.6,174.4,21.7,259,13.39,0,0,2,hilly,lateritic,fair,6.342,low
SEG-0057,2026-06-21,14.5,61.2,130.3,21.7,259,13.39,0,0,2,hilly,lateritic,fair,6.068,low
SEG-0057,2026-06-22,14.0,56.0,102.2,21.7,259,13.39,0,0,2,hilly,lateritic,fair,5.847,low
SEG-0057,2026-06-23,27.9,56.4,122.3,21.7,259,13.39,0,0,2,hilly,lateritic,fair,6.149,low
SEG-0057,2026-06-24,28.4,70.3,143.4,21.7,259,13.39,0,0,2,hilly,lateritic,fair,6.577,low
SEG-0057,2026-06-25,51.9,108.2,183.4,21.7,259,13.39,0,0,2,hilly,lateritic,fair,8.071,medium
SEG-0057,2026-06-26,59.8,140.1,224.0,21.7,259,13.39,0,0,2,hilly,lateritic,fair,9.147,medium
SEG-0057,2026-06-27,62.1,173.8,258.6,21.7,259,13.39,0,0,2,hilly,lateritic,fair,10.157,high
SEG-0057,2026-06-28,23.4,145.3,267.5,21.7,259,13.39,0,0,2,hilly,lateritic,fair,8.783,medium
SEG-0057,2026-06-29,16.7,102.2,270.2,21.7,259,13.39,0,0,2,hilly,lateritic,fair,7.556,medium
SEG-0057,2026-06-30,19.8,59.9,262.1,21.7,259,13.39,0,0,2,hilly,lateritic,fair,6.486,low
SEG-0057,2026-07-01,117.5,154.0,351.2,21.7,259,13.39,0,0,2,hilly,lateritic,fair,10.839,high
SEG-0057,2026-07-02,42.2,179.5,341.5,21.7,259,13.39,0,0,2,hilly,lateritic,fair,10.195,high
SEG-0057,2026-07-03,55.8,215.5,337.5,21.7,259,13.39,0,0,2,hilly,lateritic,fair,11.351,high
SEG-0057,2026-07-04,22.7,120.7,298.1,21.7,259,13.39,0,0,2,hilly,lateritic,fair,8.215,medium
SEG-0057,2026-07-05,22.1,100.6,296.8,21.7,259,13.39,0,0,2,hilly,lateritic,fair,7.679,medium
SEG-0057,2026-07-06,26.7,71.5,306.8,21.7,259,13.39,0,0,2,hilly,lateritic,fair,7.028,medium
SEG-0057,2026-07-07,27.0,75.8,314.0,21.7,259,13.39,0,0,2,hilly,lateritic,fair,7.165,medium
SEG-0057,2026-07-08,12.2,65.9,208.7,21.7,259,13.39,0,0,2,hilly,lateritic,fair,6.366,low
SEG-0057,2026-07-09,22.2,61.4,188.7,21.7,259,13.39,0,0,2,hilly,lateritic,fair,6.364,low
SEG-0057,2026-07-10,2.9,37.3,135.8,21.7,259,13.39,0,0,2,hilly,lateritic,fair,5.264,low
SEG-0057,2026-07-11,24.4,49.5,137.5,21.7,259,13.39,0,0,2,hilly,lateritic,fair,5.951,low
SEG-0057,2026-07-12,21.8,49.1,137.2,21.7,259,13.39,0,0,2,hilly,lateritic,fair,5.896,low
SEG-0057,2026-07-13,27.9,74.1,138.4,21.7,259,13.39,0,0,2,hilly,lateritic,fair,6.653,medium
SEG-0057,2026-07-14,21.0,70.7,132.4,21.7,259,13.39,0,0,2,hilly,lateritic,fair,6.431,medium
SEG-0057,2026-07-15,8.7,57.6,128.9,21.7,259,13.39,0,0,2,hilly,lateritic,fair,5.872,low
SEG-0057,2026-07-16,0.1,29.8,106.8,21.7,259,13.39,0,0,2,hilly,lateritic,fair,4.942,low
SEG-0057,2026-07-17,16.9,25.7,120.8,21.7,259,13.39,0,0,2,hilly,lateritic,fair,5.159,low
SEG-0057,2026-07-18,18.1,35.1,114.5,21.7,259,13.39,0,0,2,hilly,lateritic,fair,5.407,low
SEG-0057,2026-07-19,14.0,49.0,106.7,21.7,259,13.39,0,0,2,hilly,lateritic,fair,5.677,low
SEG-0057,2026-07-20,5.2,37.3,84.0,21.7,259,13.39,0,0,2,hilly,lateritic,fair,5.161,low
SEG-0057,2026-07-21,12.8,32.0,75.8,21.7,259,13.39,0,0,2,hilly,lateritic,fair,5.13,low
SEG-0057,2026-07-22,3.0,21.0,70.1,21.7,259,13.39,0,0,2,hilly,lateritic,fair,4.661,low
SEG-0057,2026-07-23,17.7,33.5,87.7,21.7,259,13.39,0,0,2,hilly,lateritic,fair,5.285,low
SEG-0057,2026-07-24,20.7,41.4,91.5,21.7,259,13.39,0,0,2,hilly,lateritic,fair,5.551,low
SEG-0057,2026-07-25,27.4,65.8,100.8,21.7,259,13.39,0,0,2,hilly,lateritic,fair,6.325,medium
SEG-0057,2026-07-26,117.6,165.7,204.4,21.7,259,13.39,0,0,2,hilly,lateritic,fair,10.741,high
SEG-0057,2026-07-27,49.4,194.4,248.6,21.7,259,13.39,0,0,2,hilly,lateritic,fair,10.449,high
SEG-0057,2026-07-28,16.1,183.1,251.9,21.7,259,13.39,0,0,2,hilly,lateritic,fair,9.599,medium
SEG-0057,2026-07-29,85.6,151.1,334.5,21.7,259,13.39,0,0,2,hilly,lateritic,fair,10.175,high
SEG-0057,2026-07-30,55.8,157.5,372.6,21.7,259,13.39,0,0,2,hilly,lateritic,fair,9.94,high
SEG-0057,2026-07-31,20.6,162.0,372.5,21.7,259,13.39,0,0,2,hilly,lateritic,fair,9.458,medium
SEG-0057,2026-08-01,15.0,91.4,360.1,21.7,259,13.39,0,0,2,hilly,lateritic,fair,7.493,medium
SEG-0057,2026-08-02,13.4,49.0,255.9,21.7,259,13.39,0,0,2,hilly,lateritic,fair,6.077,low
SEG-0057,2026-08-03,0.7,29.1,207.2,21.7,259,13.39,0,0,2,hilly,lateritic,fair,5.21,low
SEG-0057,2026-08-04,5.0,19.1,196.1,21.7,259,13.39,0,0,2,hilly,lateritic,fair,4.992,low
SEG-0057,2026-08-05,10.9,16.6,121.4,21.7,259,13.39,0,0,2,hilly,lateritic,fair,4.822,low
SEG-0057,2026-08-06,17.9,33.8,83.5,21.7,259,13.39,0,0,2,hilly,lateritic,fair,5.284,low
SEG-0057,2026-08-07,5.1,33.9,68.0,21.7,259,13.39,0,0,2,hilly,lateritic,fair,5.027,low
SEG-0057,2026-08-08,8.0,31.0,61.0,21.7,259,13.39,0,0,2,hilly,lateritic,fair,4.981,low
SEG-0057,2026-08-09,20.5,33.6,68.1,21.7,259,13.39,0,0,2,hilly,lateritic,fair,5.281,low
SEG-0057,2026-08-10,15.1,43.6,82.5,21.7,259,13.39,0,0,2,hilly,lateritic,fair,5.489,low
SEG-0057,2026-08-11,20.2,55.8,97.7,21.7,259,13.39,0,0,2,hilly,lateritic,fair,5.934,low
SEG-0057,2026-08-12,3.6,38.9,90.4,21.7,259,13.39,0,0,2,hilly,lateritic,fair,5.193,low
SEG-0057,2026-08-13,14.2,38.0,86.7,21.7,259,13.39,0,0,2,hilly,lateritic,fair,5.339,low
SEG-0057,2026-08-14,5.4,23.2,87.0,21.7,259,13.39,0,0,2,hilly,lateritic,fair,4.806,low
SEG-0057,2026-08-15,14.3,33.9,93.3,21.7,259,13.39,0,0,2,hilly,lateritic,fair,5.253,low
SEG-0057,2026-08-16,1.2,20.9,74.0,21.7,259,13.39,0,0,2,hilly,lateritic,fair,4.639,low
SEG-0057,2026-08-17,15.0,30.5,73.9,21.7,259,13.39,0,0,2,hilly,lateritic,fair,5.123,low
SEG-0057,2026-08-18,14.4,30.6,68.1,21.7,259,13.39,0,0,2,hilly,lateritic,fair,5.099,low
SEG-0057,2026-08-19,89.1,118.5,153.6,21.7,259,13.39,0,0,2,hilly,lateritic,fair,8.89,medium
SEG-0057,2026-08-20,47.5,151.0,186.9,21.7,259,13.39,0,0,2,hilly,lateritic,fair,9.119,medium
SEG-0057,2026-08-21,40.6,177.2,222.1,21.7,259,13.39,0,0,2,hilly,lateritic,fair,9.78,medium
SEG-0057,2026-08-22,37.7,125.8,245.5,21.7,259,13.39,0,0,2,hilly,lateritic,fair,8.458,medium
SEG-0057,2026-08-23,0.7,79.0,245.0,21.7,259,13.39,0,0,2,hilly,lateritic,fair,6.611,medium
SEG-0057,2026-08-24,10.9,49.3,240.9,21.7,259,13.39,0,0,2,hilly,lateritic,fair,6.001,low
SEG-0057,2026-08-25,24.7,36.3,251.2,21.7,259,13.39,0,0,2,hilly,lateritic,fair,5.926,medium
SEG-0057,2026-08-26,23.6,59.2,185.7,21.7,259,13.39,0,0,2,hilly,lateritic,fair,6.323,low
SEG-0057,2026-08-27,4.3,52.6,142.5,21.7,259,13.39,0,0,2,hilly,lateritic,fair,5.704,low
SEG-0057,2026-08-28,22.2,50.1,124.1,21.7,259,13.39,0,0,2,hilly,lateritic,fair,5.893,low
SEG-0057,2026-08-29,14.4,40.9,100.8,21.7,259,13.39,0,0,2,hilly,lateritic,fair,5.457,low
SEG-0057,2026-08-30,6.6,43.2,106.7,21.7,259,13.39,0,0,2,hilly,lateritic,fair,5.4,low
SEG-0057,2026-08-31,18.4,39.4,114.2,21.7,259,13.39,0,0,2,hilly,lateritic,fair,5.523,low
SEG-0057,2026-09-01,44.8,69.8,134.3,21.7,259,13.39,0,0,2,hilly,lateritic,fair,6.817,medium
SEG-0057,2026-09-02,32.2,95.4,142.9,21.7,259,13.39,0,0,2,hilly,lateritic,fair,7.292,medium
SEG-0057,2026-09-03,14.7,91.7,153.3,21.7,259,13.39,0,0,2,hilly,lateritic,fair,6.927,medium
SEG-0057,2026-09-04,10.8,57.7,141.9,21.7,259,13.39,0,0,2,hilly,lateritic,fair,5.946,low
SEG-0057,2026-09-05,16.5,42.0,144.0,21.7,259,13.39,0,0,2,hilly,lateritic,fair,5.64,low
SEG-0057,2026-09-06,0.3,27.6,137.7,21.7,259,13.39,0,0,2,hilly,lateritic,fair,4.973,low
SEG-0057,2026-09-07,2.1,18.9,121.4,21.7,259,13.39,0,0,2,hilly,lateritic,fair,4.732,low
SEG-0057,2026-09-08,5.8,8.2,82.4,21.7,259,13.39,0,0,2,hilly,lateritic,fair,4.41,low
SEG-0057,2026-09-09,3.4,11.3,53.6,21.7,259,13.39,0,0,2,hilly,lateritic,fair,4.371,low
SEG-0057,2026-09-10,1.9,11.1,40.8,21.7,259,13.39,0,0,2,hilly,lateritic,fair,4.305,low
SEG-0057,2026-09-11,10.0,15.3,40.0,21.7,259,13.39,0,0,2,hilly,lateritic,fair,4.549,low
SEG-0057,2026-09-12,7.0,18.9,30.5,21.7,259,13.39,0,0,2,hilly,lateritic,fair,4.566,low
SEG-0057,2026-09-13,3.0,20.0,33.2,21.7,259,13.39,0,0,2,hilly,lateritic,fair,4.534,low
SEG-0057,2026-09-14,46.2,56.2,77.3,21.7,259,13.39,0,0,2,hilly,lateritic,fair,6.331,low
SEG-0057,2026-09-15,22.0,71.2,93.5,21.7,259,13.39,0,0,2,hilly,lateritic,fair,6.354,low
SEG-0057,2026-09-16,0.2,68.4,90.3,21.7,259,13.39,0,0,2,hilly,lateritic,fair,5.902,low
SEG-0058,2026-05-20,0.2,0.2,0.2,27.3,1002,3.29,2,3,2,mountain,weathered_rock,fair,6.455,low
SEG-0058,2026-05-21,10.2,10.4,10.4,27.3,1002,3.29,2,3,2,mountain,weathered_rock,fair,6.918,medium
SEG-0058,2026-05-22,0.3,10.7,10.7,27.3,1002,3.29,2,3,2,mountain,weathered_rock,fair,6.759,low
SEG-0058,2026-05-23,3.1,13.6,13.8,27.3,1002,3.29,2,3,2,mountain,weathered_rock,fair,6.89,medium
SEG-0058,2026-05-24,5.0,8.4,18.8,27.3,1002,3.29,2,3,2,mountain,weathered_rock,fair,6.801,medium
SEG-0058,2026-05-25,1.8,9.9,20.6,27.3,1002,3.29,2,3,2,mountain,weathered_rock,fair,6.791,medium
SEG-0058,2026-05-26,38.1,44.9,58.7,27.3,1002,3.29,2,3,2,mountain,weathered_rock,fair,8.422,medium
SEG-0058,2026-05-27,29.6,69.5,88.1,27.3,1002,3.29,2,3,2,mountain,weathered_rock,fair,8.998,medium
SEG-0058,2026-05-28,37.0,104.7,114.9,27.3,1002,3.29,2,3,2,mountain,weathered_rock,fair,10.113,high
SEG-0058,2026-05-29,16.4,83.0,131.0,27.3,1002,3.29,2,3,2,mountain,weathered_rock,fair,9.243,medium
SEG-0058,2026-05-30,14.7,68.1,142.6,27.3,1002,3.29,2,3,2,mountain,weathered_rock,fair,8.859,medium
SEG-0058,2026-05-31,19.0,50.1,156.6,27.3,1002,3.29,2,3,2,mountain,weathered_rock,fair,8.502,medium
SEG-0058,2026-06-01,28.1,61.8,182.9,27.3,1002,3.29,2,3,2,mountain,weathered_rock,fair,9.033,medium
SEG-0058,2026-06-02,22.4,69.5,167.2,27.3,1002,3.29,2,3,2,mountain,weathered_rock,fair,9.094,medium
SEG-0058,2026-06-03,22.1,72.6,159.7,27.3,1002,3.29,2,3,2,mountain,weathered_rock,fair,9.148,medium
SEG-0058,2026-06-04,17.5,62.0,140.2,27.3,1002,3.29,2,3,2,mountain,weathered_rock,fair,8.741,medium
SEG-0058,2026-06-05,2.8,42.4,126.6,27.3,1002,3.29,2,3,2,mountain,weathered_rock,fair,7.944,medium
SEG-0058,2026-06-06,4.8,25.1,116.7,27.3,1002,3.29,2,3,2,mountain,weathered_rock,fair,7.501,medium
SEG-0058,2026-06-07,10.2,17.8,107.9,27.3,1002,3.29,2,3,2,mountain,weathered_rock,fair,7.379,medium
SEG-0058,2026-06-08,26.6,41.6,106.4,27.3,1002,3.29,2,3,2,mountain,weathered_rock,fair,8.272,medium
SEG-0058,2026-06-09,83.6,120.4,167.6,27.3,1002,3.29,2,3,2,mountain,weathered_rock,fair,11.458,high
SEG-0058,2026-06-10,40.2,150.4,185.7,27.3,1002,3.29,2,3,2,mountain,weathered_rock,fair,11.55,high
SEG-0058,2026-06-11,5.1,128.9,173.3,27.3,1002,3.29,2,3,2,mountain,weathered_rock,fair,10.361,high
SEG-0058,2026-06-12,96.9,142.2,267.4,27.3,1002,3.29,2,3,2,mountain,weathered_rock,fair,12.526,high
SEG-0058,2026-06-13,51.6,153.6,314.2,27.3,1002,3.29,2,3,2,mountain,weathered_rock,fair,12.181,high
SEG-0058,2026-06-14,58.6,207.1,362.6,27.3,1002,3.29,2,3,2,mountain,weathered_rock,fair,13.824,high
SEG-0058,2026-06-15,42.1,152.3,378.1,27.3,1002,3.29,2,3,2,mountain,weathered_rock,fair,12.161,high
SEG-0058,2026-06-16,7.8,108.5,302.3,27.3,1002,3.29,2,3,2,mountain,weathered_rock,fair,10.231,high
SEG-0058,2026-06-17,7.3,57.2,269.4,27.3,1002,3.29,2,3,2,mountain,weathered_rock,fair,8.798,medium
SEG-0058,2026-06-18,11.9,27.0,276.2,27.3,1002,3.29,2,3,2,mountain,weathered_rock,fair,8.11,medium
SEG-0058,2026-06-19,19.2,38.4,198.5,27.3,1002,3.29,2,3,2,mountain,weathered_rock,fair,8.317,medium
SEG-0058,2026-06-20,27.5,58.6,174.4,27.3,1002,3.29,2,3,2,mountain,weathered_rock,fair,8.917,medium
SEG-0058,2026-06-21,14.5,61.2,130.3,27.3,1002,3.29,2,3,2,mountain,weathered_rock,fair,8.642,medium
SEG-0058,2026-06-22,14.0,56.0,102.2,27.3,1002,3.29,2,3,2,mountain,weathered_rock,fair,8.421,medium
SEG-0058,2026-06-23,27.9,56.4,122.3,27.3,1002,3.29,2,3,2,mountain,weathered_rock,fair,8.723,medium
SEG-0058,2026-06-24,28.4,70.3,143.4,27.3,1002,3.29,2,3,2,mountain,weathered_rock,fair,9.151,medium
SEG-0058,2026-06-25,51.9,108.2,183.4,27.3,1002,3.29,2,3,2,mountain,weathered_rock,fair,10.646,high
SEG-0058,2026-06-26,59.8,140.1,224.0,27.3,1002,3.29,2,3,2,mountain,weathered_rock,fair,11.721,high
SEG-0058,2026-06-27,62.1,173.8,258.6,27.3,1002,3.29,2,3,2,mountain,weathered_rock,fair,12.732,high
SEG-0058,2026-06-28,23.4,145.3,267.5,27.3,1002,3.29,2,3,2,mountain,weathered_rock,fair,11.357,high
SEG-0058,2026-06-29,16.7,102.2,270.2,27.3,1002,3.29,2,3,2,mountain,weathered_rock,fair,10.13,medium
SEG-0058,2026-06-30,19.8,59.9,262.1,27.3,1002,3.29,2,3,2,mountain,weathered_rock,fair,9.061,medium
SEG-0058,2026-07-01,117.5,154.0,351.2,27.3,1002,3.29,2,3,2,mountain,weathered_rock,fair,13.413,high
SEG-0058,2026-07-02,42.2,179.5,341.5,27.3,1002,3.29,2,3,2,mountain,weathered_rock,fair,12.769,high
SEG-0058,2026-07-03,55.8,215.5,337.5,27.3,1002,3.29,2,3,2,mountain,weathered_rock,fair,13.926,high
SEG-0058,2026-07-04,22.7,120.7,298.1,27.3,1002,3.29,2,3,2,mountain,weathered_rock,fair,10.79,high
SEG-0058,2026-07-05,22.1,100.6,296.8,27.3,1002,3.29,2,3,2,mountain,weathered_rock,fair,10.253,high
SEG-0058,2026-07-06,26.7,71.5,306.8,27.3,1002,3.29,2,3,2,mountain,weathered_rock,fair,9.603,high
SEG-0058,2026-07-07,27.0,75.8,314.0,27.3,1002,3.29,2,3,2,mountain,weathered_rock,fair,9.739,high
SEG-0058,2026-07-08,12.2,65.9,208.7,27.3,1002,3.29,2,3,2,mountain,weathered_rock,fair,8.941,medium
SEG-0058,2026-07-09,22.2,61.4,188.7,27.3,1002,3.29,2,3,2,mountain,weathered_rock,fair,8.939,medium
SEG-0058,2026-07-10,2.9,37.3,135.8,27.3,1002,3.29,2,3,2,mountain,weathered_rock,fair,7.838,medium
SEG-0058,2026-07-11,24.4,49.5,137.5,27.3,1002,3.29,2,3,2,mountain,weathered_rock,fair,8.526,medium
SEG-0058,2026-07-12,21.8,49.1,137.2,27.3,1002,3.29,2,3,2,mountain,weathered_rock,fair,8.47,medium
SEG-0058,2026-07-13,27.9,74.1,138.4,27.3,1002,3.29,2,3,2,mountain,weathered_rock,fair,9.227,medium
SEG-0058,2026-07-14,21.0,70.7,132.4,27.3,1002,3.29,2,3,2,mountain,weathered_rock,fair,9.005,medium
SEG-0058,2026-07-15,8.7,57.6,128.9,27.3,1002,3.29,2,3,2,mountain,weathered_rock,fair,8.446,medium
SEG-0058,2026-07-16,0.1,29.8,106.8,27.3,1002,3.29,2,3,2,mountain,weathered_rock,fair,7.516,medium
SEG-0058,2026-07-17,16.9,25.7,120.8,27.3,1002,3.29,2,3,2,mountain,weathered_rock,fair,7.734,medium
SEG-0058,2026-07-18,18.1,35.1,114.5,27.3,1002,3.29,2,3,2,mountain,weathered_rock,fair,7.981,medium
SEG-0058,2026-07-19,14.0,49.0,106.7,27.3,1002,3.29,2,3,2,mountain,weathered_rock,fair,8.251,medium
SEG-0058,2026-07-20,5.2,37.3,84.0,27.3,1002,3.29,2,3,2,mountain,weathered_rock,fair,7.735,medium
SEG-0058,2026-07-21,12.8,32.0,75.8,27.3,1002,3.29,2,3,2,mountain,weathered_rock,fair,7.704,medium
SEG-0058,2026-07-22,3.0,21.0,70.1,27.3,1002,3.29,2,3,2,mountain,weathered_rock,fair,7.236,medium
SEG-0058,2026-07-23,17.7,33.5,87.7,27.3,1002,3.29,2,3,2,mountain,weathered_rock,fair,7.859,medium
SEG-0058,2026-07-24,20.7,41.4,91.5,27.3,1002,3.29,2,3,2,mountain,weathered_rock,fair,8.126,medium
SEG-0058,2026-07-25,27.4,65.8,100.8,27.3,1002,3.29,2,3,2,mountain,weathered_rock,fair,8.9,medium
SEG-0058,2026-07-26,117.6,165.7,204.4,27.3,1002,3.29,2,3,2,mountain,weathered_rock,fair,13.315,high
SEG-0058,2026-07-27,49.4,194.4,248.6,27.3,1002,3.29,2,3,2,mountain,weathered_rock,fair,13.024,high
SEG-0058,2026-07-28,16.1,183.1,251.9,27.3,1002,3.29,2,3,2,mountain,weathered_rock,fair,12.173,high
SEG-0058,2026-07-29,85.6,151.1,334.5,27.3,1002,3.29,2,3,2,mountain,weathered_rock,fair,12.75,high
SEG-0058,2026-07-30,55.8,157.5,372.6,27.3,1002,3.29,2,3,2,mountain,weathered_rock,fair,12.514,high
SEG-0058,2026-07-31,20.6,162.0,372.5,27.3,1002,3.29,2,3,2,mountain,weathered_rock,fair,12.032,high
SEG-0058,2026-08-01,15.0,91.4,360.1,27.3,1002,3.29,2,3,2,mountain,weathered_rock,fair,10.068,high
SEG-0058,2026-08-02,13.4,49.0,255.9,27.3,1002,3.29,2,3,2,mountain,weathered_rock,fair,8.651,medium
SEG-0058,2026-08-03,0.7,29.1,207.2,27.3,1002,3.29,2,3,2,mountain,weathered_rock,fair,7.784,medium
SEG-0058,2026-08-04,5.0,19.1,196.1,27.3,1002,3.29,2,3,2,mountain,weathered_rock,fair,7.567,medium
SEG-0058,2026-08-05,10.9,16.6,121.4,27.3,1002,3.29,2,3,2,mountain,weathered_rock,fair,7.397,medium
SEG-0058,2026-08-06,17.9,33.8,83.5,27.3,1002,3.29,2,3,2,mountain,weathered_rock,fair,7.859,medium
SEG-0058,2026-08-07,5.1,33.9,68.0,27.3,1002,3.29,2,3,2,mountain,weathered_rock,fair,7.601,medium
SEG-0058,2026-08-08,8.0,31.0,61.0,27.3,1002,3.29,2,3,2,mountain,weathered_rock,fair,7.556,medium
SEG-0058,2026-08-09,20.5,33.6,68.1,27.3,1002,3.29,2,3,2,mountain,weathered_rock,fair,7.855,medium
SEG-0058,2026-08-10,15.1,43.6,82.5,27.3,1002,3.29,2,3,2,mountain,weathered_rock,fair,8.063,medium
SEG-0058,2026-08-11,20.2,55.8,97.7,27.3,1002,3.29,2,3,2,mountain,weathered_rock,fair,8.509,medium
SEG-0058,2026-08-12,3.6,38.9,90.4,27.3,1002,3.29,2,3,2,mountain,weathered_rock,fair,7.767,medium
SEG-0058,2026-08-13,14.2,38.0,86.7,27.3,1002,3.29,2,3,2,mountain,weathered_rock,fair,7.914,medium
SEG-0058,2026-08-14,5.4,23.2,87.0,27.3,1002,3.29,2,3,2,mountain,weathered_rock,fair,7.38,medium
SEG-0058,2026-08-15,14.3,33.9,93.3,27.3,1002,3.29,2,3,2,mountain,weathered_rock,fair,7.827,medium
SEG-0058,2026-08-16,1.2,20.9,74.0,27.3,1002,3.29,2,3,2,mountain,weathered_rock,fair,7.213,medium
SEG-0058,2026-08-17,15.0,30.5,73.9,27.3,1002,3.29,2,3,2,mountain,weathered_rock,fair,7.697,medium
SEG-0058,2026-08-18,14.4,30.6,68.1,27.3,1002,3.29,2,3,2,mountain,weathered_rock,fair,7.674,medium
SEG-0058,2026-08-19,89.1,118.5,153.6,27.3,1002,3.29,2,3,2,mountain,weathered_rock,fair,11.464,high
SEG-0058,2026-08-20,47.5,151.0,186.9,27.3,1002,3.29,2,3,2,mountain,weathered_rock,fair,11.693,high
SEG-0058,2026-08-21,40.6,177.2,222.1,27.3,1002,3.29,2,3,2,mountain,weathered_rock,fair,12.354,high
SEG-0058,2026-08-22,37.7,125.8,245.5,27.3,1002,3.29,2,3,2,mountain,weathered_rock,fair,11.033,high
SEG-0058,2026-08-23,0.7,79.0,245.0,27.3,1002,3.29,2,3,2,mountain,weathered_rock,fair,9.186,high
SEG-0058,2026-08-24,10.9,49.3,240.9,27.3,1002,3.29,2,3,2,mountain,weathered_rock,fair,8.575,medium
SEG-0058,2026-08-25,24.7,36.3,251.2,27.3,1002,3.29,2,3,2,mountain,weathered_rock,fair,8.5,medium
SEG-0058,2026-08-26,23.6,59.2,185.7,27.3,1002,3.29,2,3,2,mountain,weathered_rock,fair,8.897,medium
SEG-0058,2026-08-27,4.3,52.6,142.5,27.3,1002,3.29,2,3,2,mountain,weathered_rock,fair,8.278,medium
SEG-0058,2026-08-28,22.2,50.1,124.1,27.3,1002,3.29,2,3,2,mountain,weathered_rock,fair,8.467,medium
SEG-0058,2026-08-29,14.4,40.9,100.8,27.3,1002,3.29,2,3,2,mountain,weathered_rock,fair,8.031,medium
SEG-0058,2026-08-30,6.6,43.2,106.7,27.3,1002,3.29,2,3,2,mountain,weathered_rock,fair,7.975,medium
SEG-0058,2026-08-31,18.4,39.4,114.2,27.3,1002,3.29,2,3,2,mountain,weathered_rock,fair,8.097,medium
SEG-0058,2026-09-01,44.8,69.8,134.3,27.3,1002,3.29,2,3,2,mountain,weathered_rock,fair,9.392,medium
SEG-0058,2026-09-02,32.2,95.4,142.9,27.3,1002,3.29,2,3,2,mountain,weathered_rock,fair,9.867,medium
SEG-0058,2026-09-03,14.7,91.7,153.3,27.3,1002,3.29,2,3,2,mountain,weathered_rock,fair,9.502,medium
SEG-0058,2026-09-04,10.8,57.7,141.9,27.3,1002,3.29,2,3,2,mountain,weathered_rock,fair,8.52,medium
SEG-0058,2026-09-05,16.5,42.0,144.0,27.3,1002,3.29,2,3,2,mountain,weathered_rock,fair,8.214,medium
SEG-0058,2026-09-06,0.3,27.6,137.7,27.3,1002,3.29,2,3,2,mountain,weathered_rock,fair,7.547,medium
SEG-0058,2026-09-07,2.1,18.9,121.4,27.3,1002,3.29,2,3,2,mountain,weathered_rock,fair,7.307,medium
SEG-0058,2026-09-08,5.8,8.2,82.4,27.3,1002,3.29,2,3,2,mountain,weathered_rock,fair,6.984,medium
SEG-0058,2026-09-09,3.4,11.3,53.6,27.3,1002,3.29,2,3,2,mountain,weathered_rock,fair,6.945,medium
SEG-0058,2026-09-10,1.9,11.1,40.8,27.3,1002,3.29,2,3,2,mountain,weathered_rock,fair,6.879,medium
SEG-0058,2026-09-11,10.0,15.3,40.0,27.3,1002,3.29,2,3,2,mountain,weathered_rock,fair,7.124,medium
SEG-0058,2026-09-12,7.0,18.9,30.5,27.3,1002,3.29,2,3,2,mountain,weathered_rock,fair,7.14,medium
SEG-0058,2026-09-13,3.0,20.0,33.2,27.3,1002,3.29,2,3,2,mountain,weathered_rock,fair,7.108,medium
SEG-0058,2026-09-14,46.2,56.2,77.3,27.3,1002,3.29,2,3,2,mountain,weathered_rock,fair,8.905,medium
SEG-0058,2026-09-15,22.0,71.2,93.5,27.3,1002,3.29,2,3,2,mountain,weathered_rock,fair,8.928,medium
SEG-0058,2026-09-16,0.2,68.4,90.3,27.3,1002,3.29,2,3,2,mountain,weathered_rock,fair,8.476,medium
SEG-0059,2026-05-20,1.1,1.1,1.1,35.4,1092,3.99,0,7,2,mountain,weathered_rock,fair,7.052,medium
SEG-0059,2026-05-21,9.7,10.8,10.8,35.4,1092,3.99,0,7,2,mountain,weathered_rock,fair,7.477,medium
SEG-0059,2026-05-22,3.5,14.3,14.3,35.4,1092,3.99,0,7,2,mountain,weathered_rock,fair,7.472,medium
SEG-0059,2026-05-23,55.4,68.6,69.7,35.4,1092,3.99,0,7,2,mountain,weathered_rock,fair,9.918,high
SEG-0059,2026-05-24,20.5,79.4,90.2,35.4,1092,3.99,0,7,2,mountain,weathered_rock,fair,9.662,medium
SEG-0059,2026-05-25,38.8,114.7,129.0,35.4,1092,3.99,0,7,2,mountain,weathered_rock,fair,10.998,high
SEG-0059,2026-05-26,37.3,96.6,166.3,35.4,1092,3.99,0,7,2,mountain,weathered_rock,fair,10.604,high
SEG-0059,2026-05-27,12.3,88.4,177.5,35.4,1092,3.99,0,7,2,mountain,weathered_rock,fair,9.997,high
SEG-0059,2026-05-28,1.6,51.2,169.4,35.4,1092,3.99,0,7,2,mountain,weathered_rock,fair,8.826,medium
SEG-0059,2026-05-29,18.9,32.8,184.8,35.4,1092,3.99,0,7,2,mountain,weathered_rock,fair,8.684,medium
SEG-0059,2026-05-30,10.2,30.7,139.6,35.4,1092,3.99,0,7,2,mountain,weathered_rock,fair,8.357,medium
SEG-0059,2026-05-31,12.4,41.5,131.5,35.4,1092,3.99,0,7,2,mountain,weathered_rock,fair,8.653,medium
SEG-0059,2026-06-01,22.3,44.9,115.0,35.4,1092,3.99,0,7,2,mountain,weathered_rock,fair,8.864,medium
SEG-0059,2026-06-02,26.3,61.0,104.0,35.4,1092,3.99,0,7,2,mountain,weathered_rock,fair,9.321,medium
SEG-0059,2026-06-03,9.0,57.6,100.7,35.4,1092,3.99,0,7,2,mountain,weathered_rock,fair,8.929,medium
SEG-0059,2026-06-04,14.1,49.4,113.2,35.4,1092,3.99,0,7,2,mountain,weathered_rock,fair,8.837,medium
SEG-0059,2026-06-05,20.0,43.1,114.3,35.4,1092,3.99,0,7,2,mountain,weathered_rock,fair,8.776,medium
SEG-0059,2026-06-06,0.6,34.7,104.7,35.4,1092,3.99,0,7,2,mountain,weathered_rock,fair,8.202,medium
SEG-0059,2026-06-07,9.5,30.1,101.8,35.4,1092,3.99,0,7,2,mountain,weathered_rock,fair,8.225,medium
SEG-0059,2026-06-08,21.2,31.3,100.7,35.4,1092,3.99,0,7,2,mountain,weathered_rock,fair,8.453,medium
SEG-0059,2026-06-09,27.7,58.4,102.1,35.4,1092,3.99,0,7,2,mountain,weathered_rock,fair,9.271,medium
SEG-0059,2026-06-10,22.1,71.0,115.2,35.4,1092,3.99,0,7,2,mountain,weathered_rock,fair,9.54,medium
SEG-0059,2026-06-11,109.7,159.5,210.8,35.4,1092,3.99,0,7,2,mountain,weathered_rock,fair,13.593,high
SEG-0059,2026-06-12,62.8,194.6,253.6,35.4,1092,3.99,0,7,2,mountain,weathered_rock,fair,13.826,high
SEG-0059,2026-06-13,30.8,203.3,283.8,35.4,1092,3.99,0,7,2,mountain,weathered_rock,fair,13.591,high
SEG-0059,2026-06-14,63.2,156.8,337.5,35.4,1092,3.99,0,7,2,mountain,weathered_rock,fair,13.081,high
SEG-0059,2026-06-15,27.5,121.5,343.8,35.4,1092,3.99,0,7,2,mountain,weathered_rock,fair,11.573,high
SEG-0059,2026-06-16,29.6,120.3,345.7,35.4,1092,3.99,0,7,2,mountain,weathered_rock,fair,11.583,high
SEG-0059,2026-06-17,12.0,69.1,335.6,35.4,1092,3.99,0,7,2,mountain,weathered_rock,fair,9.925,high
SEG-0059,2026-06-18,10.8,52.4,236.7,35.4,1092,3.99,0,7,2,mountain,weathered_rock,fair,9.198,medium
SEG-0059,2026-06-19,16.0,38.8,189.9,35.4,1092,3.99,0,7,2,mountain,weathered_rock,fair,8.804,medium
SEG-0059,2026-06-20,13.4,40.2,172.5,35.4,1092,3.99,0,7,2,mountain,weathered_rock,fair,8.749,medium
SEG-0059,2026-06-21,13.8,43.2,123.1,35.4,1092,3.99,0,7,2,mountain,weathered_rock,fair,8.698,medium
SEG-0059,2026-06-22,12.2,39.4,107.8,35.4,1092,3.99,0,7,2,mountain,weathered_rock,fair,8.53,medium
SEG-0059,2026-06-23,17.9,43.9,96.1,35.4,1092,3.99,0,7,2,mountain,weathered_rock,fair,8.711,medium
SEG-0059,2026-06-24,14.1,44.2,98.2,35.4,1092,3.99,0,7,2,mountain,weathered_rock,fair,8.66,medium
SEG-0059,2026-06-25,16.5,48.5,103.9,35.4,1092,3.99,0,7,2,mountain,weathered_rock,fair,8.829,medium
SEG-0059,2026-06-26,5.2,35.8,93.1,35.4,1092,3.99,0,7,2,mountain,weathered_rock,fair,8.277,medium
SEG-0059,2026-06-27,6.2,27.9,85.9,35.4,1092,3.99,0,7,2,mountain,weathered_rock,fair,8.068,medium
SEG-0059,2026-06-28,29.0,40.4,101.1,35.4,1092,3.99,0,7,2,mountain,weathered_rock,fair,8.823,medium
SEG-0059,2026-06-29,4.7,39.9,93.6,35.4,1092,3.99,0,7,2,mountain,weathered_rock,fair,8.376,medium
SEG-0059,2026-06-30,25.9,59.6,101.6,35.4,1092,3.99,0,7,2,mountain,weathered_rock,fair,9.271,medium
SEG-0059,2026-07-01,23.3,53.9,110.8,35.4,1092,3.99,0,7,2,mountain,weathered_rock,fair,9.104,medium
SEG-0059,2026-07-02,109.9,159.1,204.2,35.4,1092,3.99,0,7,2,mountain,weathered_rock,fair,13.568,high
SEG-0059,2026-07-03,34.0,167.2,233.0,35.4,1092,3.99,0,7,2,mountain,weathered_rock,fair,12.567,high
SEG-0059,2026-07-04,61.5,205.4,288.3,35.4,1092,3.99,0,7,2,mountain,weathered_rock,fair,14.18,high
SEG-0059,2026-07-05,23.5,119.0,282.8,35.4,1092,3.99,0,7,2,mountain,weathered_rock,fair,11.273,high
SEG-0059,2026-07-06,8.6,93.6,286.7,35.4,1092,3.99,0,7,2,mountain,weathered_rock,fair,10.37,high
SEG-0059,2026-07-07,24.7,56.8,285.5,35.4,1092,3.99,0,7,2,mountain,weathered_rock,fair,9.683,medium
SEG-0059,2026-07-08,9.0,42.3,271.2,35.4,1092,3.99,0,7,2,mountain,weathered_rock,fair,9.0,medium
SEG-0059,2026-07-09,18.4,52.1,179.7,35.4,1092,3.99,0,7,2,mountain,weathered_rock,fair,9.163,medium
SEG-0059,2026-07-10,23.2,50.6,168.9,35.4,1092,3.99,0,7,2,mountain,weathered_rock,fair,9.176,medium
SEG-0059,2026-07-11,28.0,69.6,135.4,35.4,1092,3.99,0,7,2,mountain,weathered_rock,fair,9.659,medium
SEG-0059,2026-07-12,0.4,51.6,112.3,35.4,1092,3.99,0,7,2,mountain,weathered_rock,fair,8.659,medium
SEG-0059,2026-07-13,29.3,57.7,133.0,35.4,1092,3.99,0,7,2,mountain,weathered_rock,fair,9.365,medium
SEG-0059,2026-07-14,12.3,42.0,120.6,35.4,1092,3.99,0,7,2,mountain,weathered_rock,fair,8.634,medium
SEG-0059,2026-07-15,12.4,54.0,124.0,35.4,1092,3.99,0,7,2,mountain,weathered_rock,fair,8.957,medium
SEG-0059,2026-07-16,19.8,44.5,125.4,35.4,1092,3.99,0,7,2,mountain,weathered_rock,fair,8.84,medium
SEG-0059,2026-07-17,20.8,53.0,123.0,35.4,1092,3.99,0,7,2,mountain,weathered_rock,fair,9.071,medium
SEG-0059,2026-07-18,24.2,64.8,119.2,35.4,1092,3.99,0,7,2,mountain,weathered_rock,fair,9.425,medium
SEG-0059,2026-07-19,8.8,53.8,127.6,35.4,1092,3.99,0,7,2,mountain,weathered_rock,fair,8.901,medium
SEG-0059,2026-07-20,14.6,47.6,112.9,35.4,1092,3.99,0,7,2,mountain,weathered_rock,fair,8.798,medium
SEG-0059,2026-07-21,27.9,51.3,128.5,35.4,1092,3.99,0,7,2,mountain,weathered_rock,fair,9.163,medium
SEG-0059,2026-07-22,9.0,51.5,125.1,35.4,1092,3.99,0,7,2,mountain,weathered_rock,fair,8.837,medium
SEG-0059,2026-07-23,9.9,46.8,115.2,35.4,1092,3.99,0,7,2,mountain,weathered_rock,fair,8.703,medium
SEG-0059,2026-07-24,28.7,47.6,123.1,35.4,1092,3.99,0,7,2,mountain,weathered_rock,fair,9.065,medium
SEG-0059,2026-07-25,15.5,54.1,114.4,35.4,1092,3.99,0,7,2,mountain,weathered_rock,fair,8.986,medium
SEG-0059,2026-07-26,112.3,156.5,217.9,35.4,1092,3.99,0,7,2,mountain,weathered_rock,fair,13.579,high
SEG-0059,2026-07-27,62.1,189.9,265.4,35.4,1092,3.99,0,7,2,mountain,weathered_rock,fair,13.724,high
SEG-0059,2026-07-28,54.6,229.0,292.1,35.4,1092,3.99,0,7,2,mountain,weathered_rock,fair,14.687,high
SEG-0059,2026-07-29,9.8,126.5,292.9,35.4,1092,3.99,0,7,2,mountain,weathered_rock,fair,11.262,high
SEG-0059,2026-07-30,14.3,78.7,297.3,35.4,1092,3.99,0,7,2,mountain,weathered_rock,fair,10.108,high
SEG-0059,2026-07-31,15.3,39.4,283.9,35.4,1092,3.99,0,7,2,mountain,weathered_rock,fair,9.067,medium
SEG-0059,2026-08-01,11.1,40.7,279.5,35.4,1092,3.99,0,7,2,mountain,weathered_rock,fair,9.017,medium
SEG-0059,2026-08-02,5.3,31.7,172.5,35.4,1092,3.99,0,7,2,mountain,weathered_rock,fair,8.39,medium
SEG-0059,2026-08-03,15.2,31.6,125.6,35.4,1092,3.99,0,7,2,mountain,weathered_rock,fair,8.427,medium
SEG-0059,2026-08-04,21.3,41.8,92.3,35.4,1092,3.99,0,7,2,mountain,weathered_rock,fair,8.704,medium
SEG-0059,2026-08-05,19.7,56.2,102.2,35.4,1092,3.99,0,7,2,mountain,weathered_rock,fair,9.079,medium
SEG-0059,2026-08-06,7.6,48.6,95.5,35.4,1092,3.99,0,7,2,mountain,weathered_rock,fair,8.657,medium
SEG-0059,2026-08-07,10.6,37.9,90.8,35.4,1092,3.99,0,7,2,mountain,weathered_rock,fair,8.417,medium
SEG-0059,2026-08-08,8.8,27.0,88.5,35.4,1092,3.99,0,7,2,mountain,weathered_rock,fair,8.096,medium
SEG-0059,2026-08-09,5.2,24.6,88.4,35.4,1092,3.99,0,7,2,mountain,weathered_rock,fair,7.973,medium
SEG-0059,2026-08-10,8.1,22.1,81.3,35.4,1092,3.99,0,7,2,mountain,weathered_rock,fair,7.937,medium
SEG-0059,2026-08-11,2.7,16.0,62.7,35.4,1092,3.99,0,7,2,mountain,weathered_rock,fair,7.636,medium
SEG-0059,2026-08-12,24.2,35.0,67.2,35.4,1092,3.99,0,7,2,mountain,weathered_rock,fair,8.508,medium
SEG-0059,2026-08-13,7.0,33.9,66.6,35.4,1092,3.99,0,7,2,mountain,weathered_rock,fair,8.185,medium
SEG-0059,2026-08-14,9.2,40.4,65.2,35.4,1092,3.99,0,7,2,mountain,weathered_rock,fair,8.387,medium
SEG-0059,2026-08-15,19.4,35.6,75.8,35.4,1092,3.99,0,7,2,mountain,weathered_rock,fair,8.465,medium
SEG-0059,2026-08-16,2.2,30.8,72.8,35.4,1092,3.99,0,7,2,mountain,weathered_rock,fair,8.04,medium
SEG-0059,2026-08-17,7.3,28.9,72.0,35.4,1092,3.99,0,7,2,mountain,weathered_rock,fair,8.075,medium
SEG-0059,2026-08-18,7.8,17.3,77.1,35.4,1092,3.99,0,7,2,mountain,weathered_rock,fair,7.796,medium
SEG-0059,2026-08-19,11.7,26.8,64.6,35.4,1092,3.99,0,7,2,mountain,weathered_rock,fair,8.075,medium
SEG-0059,2026-08-20,18.7,38.2,76.3,35.4,1092,3.99,0,7,2,mountain,weathered_rock,fair,8.522,medium
SEG-0059,2026-08-21,1.2,31.6,68.3,35.4,1092,3.99,0,7,2,mountain,weathered_rock,fair,8.031,medium
SEG-0059,2026-08-22,0.8,20.7,49.7,35.4,1092,3.99,0,7,2,mountain,weathered_rock,fair,7.69,medium
SEG-0059,2026-08-23,15.8,17.8,63.3,35.4,1092,3.99,0,7,2,mountain,weathered_rock,fair,7.907,medium
SEG-0059,2026-08-24,19.9,36.5,75.9,35.4,1092,3.99,0,7,2,mountain,weathered_rock,fair,8.497,medium
SEG-0059,2026-08-25,18.8,54.5,86.9,35.4,1092,3.99,0,7,2,mountain,weathered_rock,fair,8.977,medium
SEG-0059,2026-08-26,18.4,57.1,93.6,35.4,1092,3.99,0,7,2,mountain,weathered_rock,fair,9.056,medium
SEG-0059,2026-08-27,17.3,54.5,92.2,35.4,1092,3.99,0,7,2,mountain,weathered_rock,fair,8.966,medium
SEG-0059,2026-08-28,40.0,75.7,131.0,35.4,1092,3.99,0,7,2,mountain,weathered_rock,fair,10.01,high
SEG-0059,2026-08-29,43.9,101.2,174.1,35.4,1092,3.99,0,7,2,mountain,weathered_rock,fair,10.858,high
SEG-0059,2026-08-30,41.1,125.0,199.4,35.4,1092,3.99,0,7,2,mountain,weathered_rock,fair,11.498,high
SEG-0059,2026-08-31,5.1,90.1,184.6,35.4,1092,3.99,0,7,2,mountain,weathered_rock,fair,9.938,medium
SEG-0059,2026-09-01,9.4,55.6,175.2,35.4,1092,3.99,0,7,2,mountain,weathered_rock,fair,9.089,medium
SEG-0059,2026-09-02,5.3,19.8,162.1,35.4,1092,3.99,0,7,2,mountain,weathered_rock,fair,8.052,medium
SEG-0059,2026-09-03,2.4,17.1,147.2,35.4,1092,3.99,0,7,2,mountain,weathered_rock,fair,7.892,medium
SEG-0059,2026-09-04,12.9,20.6,120.1,35.4,1092,3.99,0,7,2,mountain,weathered_rock,fair,8.087,medium
SEG-0059,2026-09-05,6.6,21.9,82.8,35.4,1092,3.99,0,7,2,mountain,weathered_rock,fair,7.911,medium
SEG-0059,2026-09-06,2.1,21.6,43.8,35.4,1092,3.99,0,7,2,mountain,weathered_rock,fair,7.719,medium
SEG-0059,2026-09-07,5.5,14.2,44.2,35.4,1092,3.99,0,7,2,mountain,weathered_rock,fair,7.586,medium
SEG-0059,2026-09-08,1.9,9.5,36.7,35.4,1092,3.99,0,7,2,mountain,weathered_rock,fair,7.382,medium
SEG-0059,2026-09-09,6.1,13.5,37.5,35.4,1092,3.99,0,7,2,mountain,weathered_rock,fair,7.559,medium
SEG-0059,2026-09-10,17.3,25.3,52.4,35.4,1092,3.99,0,7,2,mountain,weathered_rock,fair,8.097,medium
SEG-0059,2026-09-11,4.8,28.2,44.3,35.4,1092,3.99,0,7,2,mountain,weathered_rock,fair,7.938,medium
SEG-0059,2026-09-12,2.2,24.3,39.9,35.4,1092,3.99,0,7,2,mountain,weathered_rock,fair,7.78,medium
SEG-0059,2026-09-13,15.0,22.0,52.8,35.4,1092,3.99,0,7,2,mountain,weathered_rock,fair,7.974,medium
SEG-0059,2026-09-14,16.2,33.4,63.5,35.4,1092,3.99,0,7,2,mountain,weathered_rock,fair,8.32,medium
SEG-0059,2026-09-15,1.9,33.1,63.5,35.4,1092,3.99,0,7,2,mountain,weathered_rock,fair,8.069,medium
SEG-0059,2026-09-16,4.6,22.7,62.0,35.4,1092,3.99,0,7,2,mountain,weathered_rock,fair,7.84,medium
SEG-0060,2026-05-20,2.0,2.0,2.0,40.2,620,0.91,1,3,2,mountain,weathered_rock,fair,8.45,medium
SEG-0060,2026-05-21,2.3,4.3,4.3,40.2,620,0.91,1,3,2,mountain,weathered_rock,fair,8.522,medium
SEG-0060,2026-05-22,17.7,22.0,22.0,40.2,620,0.91,1,3,2,mountain,weathered_rock,fair,9.292,medium
SEG-0060,2026-05-23,14.5,34.5,36.5,40.2,620,0.91,1,3,2,mountain,weathered_rock,fair,9.603,high
SEG-0060,2026-05-24,17.8,50.0,54.3,40.2,620,0.91,1,3,2,mountain,weathered_rock,fair,10.111,high
SEG-0060,2026-05-25,3.4,35.7,57.7,40.2,620,0.91,1,3,2,mountain,weathered_rock,fair,9.504,medium
SEG-0060,2026-05-26,36.4,57.6,94.1,40.2,620,0.91,1,3,2,mountain,weathered_rock,fair,10.734,high
SEG-0060,2026-05-27,28.2,68.0,120.3,40.2,620,0.91,1,3,2,mountain,weathered_rock,fair,10.937,high
SEG-0060,2026-05-28,28.5,93.1,146.5,40.2,620,0.91,1,3,2,mountain,weathered_rock,fair,11.667,high
SEG-0060,2026-05-29,7.7,64.4,136.5,40.2,620,0.91,1,3,2,mountain,weathered_rock,fair,10.54,high
SEG-0060,2026-05-30,17.0,53.2,139.0,40.2,620,0.91,1,3,2,mountain,weathered_rock,fair,10.413,high
SEG-0060,2026-05-31,7.9,32.6,129.1,40.2,620,0.91,1,3,2,mountain,weathered_rock,fair,9.696,medium
SEG-0060,2026-06-01,9.0,33.9,134.7,40.2,620,0.91,1,3,2,mountain,weathered_rock,fair,9.764,medium
SEG-0060,2026-06-02,16.4,33.3,114.7,40.2,620,0.91,1,3,2,mountain,weathered_rock,fair,9.819,medium
SEG-0060,2026-06-03,20.7,46.1,107.2,40.2,620,0.91,1,3,2,mountain,weathered_rock,fair,10.204,high
SEG-0060,2026-06-04,4.6,41.7,83.3,40.2,620,0.91,1,3,2,mountain,weathered_rock,fair,9.75,high
SEG-0060,2026-06-05,25.9,51.2,101.5,40.2,620,0.91,1,3,2,mountain,weathered_rock,fair,10.41,high
SEG-0060,2026-06-06,21.9,52.4,106.4,40.2,620,0.91,1,3,2,mountain,weathered_rock,fair,10.386,high
SEG-0060,2026-06-07,68.2,116.0,166.7,40.2,620,0.91,1,3,2,mountain,weathered_rock,fair,12.993,high
SEG-0060,2026-06-08,61.9,152.0,219.6,40.2,620,0.91,1,3,2,mountain,weathered_rock,fair,13.967,high
SEG-0060,2026-06-09,13.3,143.4,216.5,40.2,620,0.91,1,3,2,mountain,weathered_rock,fair,12.909,high
SEG-0060,2026-06-10,26.3,101.5,222.1,40.2,620,0.91,1,3,2,mountain,weathered_rock,fair,12.056,high
SEG-0060,2026-06-11,18.7,58.3,236.2,40.2,620,0.91,1,3,2,mountain,weathered_rock,fair,10.842,high
SEG-0060,2026-06-12,28.2,73.2,238.5,40.2,620,0.91,1,3,2,mountain,weathered_rock,fair,11.397,high
SEG-0060,2026-06-13,14.2,61.1,230.8,40.2,620,0.91,1,3,2,mountain,weathered_rock,fair,10.824,high
SEG-0060,2026-06-14,17.1,59.5,179.7,40.2,620,0.91,1,3,2,mountain,weathered_rock,fair,10.691,high
SEG-0060,2026-06-15,10.1,41.4,127.9,40.2,620,0.91,1,3,2,mountain,weathered_rock,fair,9.959,medium
SEG-0060,2026-06-16,27.3,54.5,141.9,40.2,620,0.91,1,3,2,mountain,weathered_rock,fair,10.63,high
SEG-0060,2026-06-17,8.7,46.1,124.3,40.2,620,0.91,1,3,2,mountain,weathered_rock,fair,10.047,high
SEG-0060,2026-06-18,18.5,54.5,124.1,40.2,620,0.91,1,3,2,mountain,weathered_rock,fair,10.432,high
SEG-0060,2026-06-19,29.3,56.5,125.2,40.2,620,0.91,1,3,2,mountain,weathered_rock,fair,10.67,high
SEG-0060,2026-06-20,20.9,68.7,131.9,40.2,620,0.91,1,3,2,mountain,weathered_rock,fair,10.863,high
SEG-0060,2026-06-21,19.6,69.8,134.4,40.2,620,0.91,1,3,2,mountain,weathered_rock,fair,10.877,high
SEG-0060,2026-06-22,0.3,40.8,124.6,40.2,620,0.91,1,3,2,mountain,weathered_rock,fair,9.768,high
SEG-0060,2026-06-23,20.7,40.6,118.0,40.2,620,0.91,1,3,2,mountain,weathered_rock,fair,10.091,high
SEG-0060,2026-06-24,12.7,33.7,122.0,40.2,620,0.91,1,3,2,mountain,weathered_rock,fair,9.787,high
SEG-0060,2026-06-25,8.4,41.8,111.9,40.2,620,0.91,1,3,2,mountain,weathered_rock,fair,9.896,medium
SEG-0060,2026-06-26,25.7,46.8,108.3,40.2,620,0.91,1,3,2,mountain,weathered_rock,fair,10.311,high
SEG-0060,2026-06-27,5.3,39.4,92.7,40.2,620,0.91,1,3,2,mountain,weathered_rock,fair,9.728,high
SEG-0060,2026-06-28,47.5,78.5,120.6,40.2,620,0.91,1,3,2,mountain,weathered_rock,fair,11.539,high
SEG-0060,2026-06-29,50.8,103.6,171.1,40.2,620,0.91,1,3,2,mountain,weathered_rock,fair,12.387,high
SEG-0060,2026-06-30,33.4,131.7,183.8,40.2,620,0.91,1,3,2,mountain,weathered_rock,fair,12.856,high
SEG-0060,2026-07-01,35.6,119.8,206.7,40.2,620,0.91,1,3,2,mountain,weathered_rock,fair,12.647,high
SEG-0060,2026-07-02,1.6,70.6,199.9,40.2,620,0.91,1,3,2,mountain,weathered_rock,fair,10.772,high
SEG-0060,2026-07-03,32.2,69.4,206.4,40.2,620,0.91,1,3,2,mountain,weathered_rock,fair,11.278,high
SEG-0060,2026-07-04,2.0,35.8,203.1,40.2,620,0.91,1,3,2,mountain,weathered_rock,fair,9.882,high
SEG-0060,2026-07-05,17.7,51.9,173.3,40.2,620,0.91,1,3,2,mountain,weathered_rock,fair,10.486,high
SEG-0060,2026-07-06,10.5,30.2,133.0,40.2,620,0.91,1,3,2,mountain,weathered_rock,fair,9.688,medium
SEG-0060,2026-07-07,16.5,44.7,116.1,40.2,620,0.91,1,3,2,mountain,weathered_rock,fair,10.121,high
SEG-0060,2026-07-08,21.3,48.3,101.8,40.2,620,0.91,1,3,2,mountain,weathered_rock,fair,10.257,high
SEG-0060,2026-07-09,115.3,153.1,215.5,40.2,620,0.91,1,3,2,mountain,weathered_rock,fair,14.892,high
SEG-0060,2026-07-10,65.5,202.1,248.8,40.2,620,0.91,1,3,2,mountain,weathered_rock,fair,15.411,high
SEG-0060,2026-07-11,60.9,241.7,307.7,40.2,620,0.91,1,3,2,mountain,weathered_rock,fair,16.525,high
SEG-0060,2026-07-12,23.7,150.1,313.7,40.2,620,0.91,1,3,2,mountain,weathered_rock,fair,13.527,high
SEG-0060,2026-07-13,15.9,100.5,319.1,40.2,620,0.91,1,3,2,mountain,weathered_rock,fair,12.12,high
SEG-0060,2026-07-14,13.4,53.0,316.0,40.2,620,0.91,1,3,2,mountain,weathered_rock,fair,10.834,high
SEG-0060,2026-07-15,28.3,57.6,323.0,40.2,620,0.91,1,3,2,mountain,weathered_rock,fair,11.226,high
SEG-0060,2026-07-16,28.5,70.2,236.2,40.2,620,0.91,1,3,2,mountain,weathered_rock,fair,11.318,high
SEG-0060,2026-07-17,14.2,71.0,184.9,40.2,620,0.91,1,3,2,mountain,weathered_rock,fair,10.955,high
SEG-0060,2026-07-18,0.5,43.2,124.5,40.2,620,0.91,1,3,2,mountain,weathered_rock,fair,9.833,high
SEG-0060,2026-07-19,27.0,41.7,127.8,40.2,620,0.91,1,3,2,mountain,weathered_rock,fair,10.254,high
SEG-0060,2026-07-20,14.2,41.7,126.1,40.2,620,0.91,1,3,2,mountain,weathered_rock,fair,10.031,medium
SEG-0060,2026-07-21,31.1,72.3,143.8,40.2,620,0.91,1,3,2,mountain,weathered_rock,fair,11.163,high
SEG-0060,2026-07-22,7.1,52.4,122.6,40.2,620,0.91,1,3,2,mountain,weathered_rock,fair,10.179,medium
SEG-0060,2026-07-23,20.2,58.4,114.3,40.2,620,0.91,1,3,2,mountain,weathered_rock,fair,10.535,high
SEG-0060,2026-07-24,22.4,49.7,122.5,40.2,620,0.91,1,3,2,mountain,weathered_rock,fair,10.369,high
SEG-0060,2026-07-25,8.0,50.6,130.0,40.2,620,0.91,1,3,2,mountain,weathered_rock,fair,10.168,high
SEG-0060,2026-07-26,29.4,59.8,132.4,40.2,620,0.91,1,3,2,mountain,weathered_rock,fair,10.778,high
SEG-0060,2026-07-27,29.4,66.8,147.6,40.2,620,0.91,1,3,2,mountain,weathered_rock,fair,11.002,high
SEG-0060,2026-07-28,19.9,78.7,136.4,40.2,620,0.91,1,3,2,mountain,weathered_rock,fair,11.119,high
SEG-0060,2026-07-29,28.7,78.0,158.0,40.2,620,0.91,1,3,2,mountain,weathered_rock,fair,11.309,high
SEG-0060,2026-07-30,29.3,77.9,167.1,40.2,620,0.91,1,3,2,mountain,weathered_rock,fair,11.342,high
SEG-0060,2026-07-31,25.1,83.1,169.8,40.2,620,0.91,1,3,2,mountain,weathered_rock,fair,11.413,high
SEG-0060,2026-08-01,0.1,54.5,161.9,40.2,620,0.91,1,3,2,mountain,weathered_rock,fair,10.223,high
SEG-0060,2026-08-02,12.1,37.3,144.6,40.2,620,0.91,1,3,2,mountain,weathered_rock,fair,9.932,medium
SEG-0060,2026-08-03,23.1,35.3,138.3,40.2,620,0.91,1,3,2,mountain,weathered_rock,fair,10.05,high
SEG-0060,2026-08-04,12.6,47.8,131.0,40.2,620,0.91,1,3,2,mountain,weathered_rock,fair,10.176,high
SEG-0060,2026-08-05,5.1,40.8,107.4,40.2,620,0.91,1,3,2,mountain,weathered_rock,fair,9.802,medium
SEG-0060,2026-08-06,19.4,37.1,97.5,40.2,620,0.91,1,3,2,mountain,weathered_rock,fair,9.922,high
SEG-0060,2026-08-07,7.8,32.3,80.2,40.2,620,0.91,1,3,2,mountain,weathered_rock,fair,9.552,medium
SEG-0060,2026-08-08,14.6,41.8,94.7,40.2,620,0.91,1,3,2,mountain,weathered_rock,fair,9.954,high
SEG-0060,2026-08-09,3.5,25.9,86.1,40.2,620,0.91,1,3,2,mountain,weathered_rock,fair,9.329,medium
SEG-0060,2026-08-10,4.4,22.5,67.4,40.2,620,0.91,1,3,2,mountain,weathered_rock,fair,9.204,medium
SEG-0060,2026-08-11,1.0,8.9,55.8,40.2,620,0.91,1,3,2,mountain,weathered_rock,fair,8.761,medium
SEG-0060,2026-08-12,3.5,8.9,54.2,40.2,620,0.91,1,3,2,mountain,weathered_rock,fair,8.799,medium
SEG-0060,2026-08-13,8.9,13.4,43.7,40.2,620,0.91,1,3,2,mountain,weathered_rock,fair,8.979,medium
SEG-0060,2026-08-14,74.0,86.4,109.9,40.2,620,0.91,1,3,2,mountain,weathered_rock,fair,12.166,high
SEG-0060,2026-08-15,37.6,120.5,132.9,40.2,620,0.91,1,3,2,mountain,weathered_rock,fair,12.497,high
SEG-0060,2026-08-16,43.1,154.7,172.5,40.2,620,0.91,1,3,2,mountain,weathered_rock,fair,13.588,high
SEG-0060,2026-08-17,80.4,161.1,248.5,40.2,620,0.91,1,3,2,mountain,weathered_rock,fair,14.598,high
SEG-0060,2026-08-18,35.8,159.3,283.3,40.2,620,0.91,1,3,2,mountain,weathered_rock,fair,13.888,high
SEG-0060,2026-08-19,77.1,193.3,356.9,40.2,620,0.91,1,3,2,mountain,weathered_rock,fair,15.677,high
SEG-0060,2026-08-20,41.3,154.2,389.3,40.2,620,0.91,1,3,2,mountain,weathered_rock,fair,14.141,high
SEG-0060,2026-08-21,50.2,168.6,365.5,40.2,620,0.91,1,3,2,mountain,weathered_rock,fair,14.601,high
SEG-0060,2026-08-22,45.9,137.4,373.8,40.2,620,0.91,1,3,2,mountain,weathered_rock,fair,13.74,high
SEG-0060,2026-08-23,15.2,111.3,345.9,40.2,620,0.91,1,3,2,mountain,weathered_rock,fair,12.462,high
SEG-0060,2026-08-24,0.7,61.8,266.2,40.2,620,0.91,1,3,2,mountain,weathered_rock,fair,10.71,high
SEG-0060,2026-08-25,1.0,16.9,231.4,40.2,620,0.91,1,3,2,mountain,weathered_rock,fair,9.452,medium
SEG-0060,2026-08-26,18.7,20.4,173.0,40.2,620,0.91,1,3,2,mountain,weathered_rock,fair,9.683,high
SEG-0060,2026-08-27,1.4,21.1,133.1,40.2,620,0.91,1,3,2,mountain,weathered_rock,fair,9.297,medium
SEG-0060,2026-08-28,7.7,27.8,90.6,40.2,620,0.91,1,3,2,mountain,weathered_rock,fair,9.462,medium
SEG-0060,2026-08-29,18.0,27.1,62.7,40.2,620,0.91,1,3,2,mountain,weathered_rock,fair,9.542,medium
SEG-0060,2026-08-30,14.9,40.6,62.4,40.2,620,0.91,1,3,2,mountain,weathered_rock,fair,9.84,medium
SEG-0060,2026-08-31,0.0,32.9,61.7,40.2,620,0.91,1,3,2,mountain,weathered_rock,fair,9.384,medium
SEG-0060,2026-09-01,41.5,56.4,102.2,40.2,620,0.91,1,3,2,mountain,weathered_rock,fair,10.812,high
SEG-0060,2026-09-02,21.1,62.6,104.6,40.2,620,0.91,1,3,2,mountain,weathered_rock,fair,10.633,high
SEG-0060,2026-09-03,17.8,80.4,121.0,40.2,620,0.91,1,3,2,mountain,weathered_rock,fair,11.085,high
SEG-0060,2026-09-04,15.4,54.3,128.7,40.2,620,0.91,1,3,2,mountain,weathered_rock,fair,10.387,high
SEG-0060,2026-09-05,0.5,33.7,111.2,40.2,620,0.91,1,3,2,mountain,weathered_rock,fair,9.55,medium
SEG-0060,2026-09-06,15.1,31.0,111.4,40.2,620,0.91,1,3,2,mountain,weathered_rock,fair,9.728,high
SEG-0060,2026-09-07,12.7,28.3,124.1,40.2,620,0.91,1,3,2,mountain,weathered_rock,fair,9.652,medium
SEG-0060,2026-09-08,14.4,42.2,97.0,40.2,620,0.91,1,3,2,mountain,weathered_rock,fair,9.968,high
SEG-0060,2026-09-09,54.0,81.1,129.9,40.2,620,0.91,1,3,2,mountain,weathered_rock,fair,11.743,high
SEG-0060,2026-09-10,36.1,104.5,148.2,40.2,620,0.91,1,3,2,mountain,weathered_rock,fair,12.097,high
SEG-0060,2026-09-11,18.2,108.3,151.0,40.2,620,0.91,1,3,2,mountain,weathered_rock,fair,11.899,high
SEG-0060,2026-09-12,12.4,66.7,162.9,40.2,620,0.91,1,3,2,mountain,weathered_rock,fair,10.752,high
SEG-0060,2026-09-13,9.4,40.0,157.2,40.2,620,0.91,1,3,2,mountain,weathered_rock,fair,9.991,medium
SEG-0060,2026-09-14,11.1,32.9,155.6,40.2,620,0.91,1,3,2,mountain,weathered_rock,fair,9.831,medium
SEG-0060,2026-09-15,2.6,23.1,143.8,40.2,620,0.91,1,3,2,mountain,weathered_rock,fair,9.399,medium
SEG-0060,2026-09-16,1.5,15.2,91.3,40.2,620,0.91,1,3,2,mountain,weathered_rock,fair,9.031,medium
SEG-0061,2026-05-20,2.0,2.0,2.0,24.2,386,11.73,2,4,2,mountain,weathered_rock,fair,5.895,low
SEG-0061,2026-05-21,2.3,4.3,4.3,24.2,386,11.73,2,4,2,mountain,weathered_rock,fair,5.966,low
SEG-0061,2026-05-22,17.7,22.0,22.0,24.2,386,11.73,2,4,2,mountain,weathered_rock,fair,6.737,medium
SEG-0061,2026-05-23,14.5,34.5,36.5,24.2,386,11.73,2,4,2,mountain,weathered_rock,fair,7.048,medium
SEG-0061,2026-05-24,17.8,50.0,54.3,24.2,386,11.73,2,4,2,mountain,weathered_rock,fair,7.556,medium
SEG-0061,2026-05-25,3.4,35.7,57.7,24.2,386,11.73,2,4,2,mountain,weathered_rock,fair,6.948,medium
SEG-0061,2026-05-26,36.4,57.6,94.1,24.2,386,11.73,2,4,2,mountain,weathered_rock,fair,8.179,medium
SEG-0061,2026-05-27,28.2,68.0,120.3,24.2,386,11.73,2,4,2,mountain,weathered_rock,fair,8.382,medium
SEG-0061,2026-05-28,28.5,93.1,146.5,24.2,386,11.73,2,4,2,mountain,weathered_rock,fair,9.112,medium
SEG-0061,2026-05-29,7.7,64.4,136.5,24.2,386,11.73,2,4,2,mountain,weathered_rock,fair,7.984,medium
SEG-0061,2026-05-30,17.0,53.2,139.0,24.2,386,11.73,2,4,2,mountain,weathered_rock,fair,7.858,medium
SEG-0061,2026-05-31,7.9,32.6,129.1,24.2,386,11.73,2,4,2,mountain,weathered_rock,fair,7.141,medium
SEG-0061,2026-06-01,9.0,33.9,134.7,24.2,386,11.73,2,4,2,mountain,weathered_rock,fair,7.209,medium
SEG-0061,2026-06-02,16.4,33.3,114.7,24.2,386,11.73,2,4,2,mountain,weathered_rock,fair,7.264,medium
SEG-0061,2026-06-03,20.7,46.1,107.2,24.2,386,11.73,2,4,2,mountain,weathered_rock,fair,7.649,medium
SEG-0061,2026-06-04,4.6,41.7,83.3,24.2,386,11.73,2,4,2,mountain,weathered_rock,fair,7.195,medium
SEG-0061,2026-06-05,25.9,51.2,101.5,24.2,386,11.73,2,4,2,mountain,weathered_rock,fair,7.854,medium
SEG-0061,2026-06-06,21.9,52.4,106.4,24.2,386,11.73,2,4,2,mountain,weathered_rock,fair,7.831,medium
SEG-0061,2026-06-07,68.2,116.0,166.7,24.2,386,11.73,2,4,2,mountain,weathered_rock,fair,10.438,high
SEG-0061,2026-06-08,61.9,152.0,219.6,24.2,386,11.73,2,4,2,mountain,weathered_rock,fair,11.412,high
SEG-0061,2026-06-09,13.3,143.4,216.5,24.2,386,11.73,2,4,2,mountain,weathered_rock,fair,10.354,high
SEG-0061,2026-06-10,26.3,101.5,222.1,24.2,386,11.73,2,4,2,mountain,weathered_rock,fair,9.501,medium
SEG-0061,2026-06-11,18.7,58.3,236.2,24.2,386,11.73,2,4,2,mountain,weathered_rock,fair,8.287,medium
SEG-0061,2026-06-12,28.2,73.2,238.5,24.2,386,11.73,2,4,2,mountain,weathered_rock,fair,8.842,medium
SEG-0061,2026-06-13,14.2,61.1,230.8,24.2,386,11.73,2,4,2,mountain,weathered_rock,fair,8.268,medium
SEG-0061,2026-06-14,17.1,59.5,179.7,24.2,386,11.73,2,4,2,mountain,weathered_rock,fair,8.136,medium
SEG-0061,2026-06-15,10.1,41.4,127.9,24.2,386,11.73,2,4,2,mountain,weathered_rock,fair,7.404,medium
SEG-0061,2026-06-16,27.3,54.5,141.9,24.2,386,11.73,2,4,2,mountain,weathered_rock,fair,8.075,medium
SEG-0061,2026-06-17,8.7,46.1,124.3,24.2,386,11.73,2,4,2,mountain,weathered_rock,fair,7.492,medium
SEG-0061,2026-06-18,18.5,54.5,124.1,24.2,386,11.73,2,4,2,mountain,weathered_rock,fair,7.876,medium
SEG-0061,2026-06-19,29.3,56.5,125.2,24.2,386,11.73,2,4,2,mountain,weathered_rock,fair,8.115,medium
SEG-0061,2026-06-20,20.9,68.7,131.9,24.2,386,11.73,2,4,2,mountain,weathered_rock,fair,8.308,medium
SEG-0061,2026-06-21,19.6,69.8,134.4,24.2,386,11.73,2,4,2,mountain,weathered_rock,fair,8.321,medium
SEG-0061,2026-06-22,0.3,40.8,124.6,24.2,386,11.73,2,4,2,mountain,weathered_rock,fair,7.212,medium
SEG-0061,2026-06-23,20.7,40.6,118.0,24.2,386,11.73,2,4,2,mountain,weathered_rock,fair,7.536,medium
SEG-0061,2026-06-24,12.7,33.7,122.0,24.2,386,11.73,2,4,2,mountain,weathered_rock,fair,7.231,medium
SEG-0061,2026-06-25,8.4,41.8,111.9,24.2,386,11.73,2,4,2,mountain,weathered_rock,fair,7.341,medium
SEG-0061,2026-06-26,25.7,46.8,108.3,24.2,386,11.73,2,4,2,mountain,weathered_rock,fair,7.755,medium
SEG-0061,2026-06-27,5.3,39.4,92.7,24.2,386,11.73,2,4,2,mountain,weathered_rock,fair,7.173,medium
SEG-0061,2026-06-28,47.5,78.5,120.6,24.2,386,11.73,2,4,2,mountain,weathered_rock,fair,8.984,medium
SEG-0061,2026-06-29,50.8,103.6,171.1,24.2,386,11.73,2,4,2,mountain,weathered_rock,fair,9.831,medium
SEG-0061,2026-06-30,33.4,131.7,183.8,24.2,386,11.73,2,4,2,mountain,weathered_rock,fair,10.301,high
SEG-0061,2026-07-01,35.6,119.8,206.7,24.2,386,11.73,2,4,2,mountain,weathered_rock,fair,10.092,medium
SEG-0061,2026-07-02,1.6,70.6,199.9,24.2,386,11.73,2,4,2,mountain,weathered_rock,fair,8.216,medium
SEG-0061,2026-07-03,32.2,69.4,206.4,24.2,386,11.73,2,4,2,mountain,weathered_rock,fair,8.723,medium
SEG-0061,2026-07-04,2.0,35.8,203.1,24.2,386,11.73,2,4,2,mountain,weathered_rock,fair,7.327,medium
SEG-0061,2026-07-05,17.7,51.9,173.3,24.2,386,11.73,2,4,2,mountain,weathered_rock,fair,7.931,medium
SEG-0061,2026-07-06,10.5,30.2,133.0,24.2,386,11.73,2,4,2,mountain,weathered_rock,fair,7.133,medium
SEG-0061,2026-07-07,16.5,44.7,116.1,24.2,386,11.73,2,4,2,mountain,weathered_rock,fair,7.566,medium
SEG-0061,2026-07-08,21.3,48.3,101.8,24.2,386,11.73,2,4,2,mountain,weathered_rock,fair,7.702,medium
SEG-0061,2026-07-09,115.3,153.1,215.5,24.2,386,11.73,2,4,2,mountain,weathered_rock,fair,12.337,high
SEG-0061,2026-07-10,65.5,202.1,248.8,24.2,386,11.73,2,4,2,mountain,weathered_rock,fair,12.856,high
SEG-0061,2026-07-11,60.9,241.7,307.7,24.2,386,11.73,2,4,2,mountain,weathered_rock,fair,13.969,high
SEG-0061,2026-07-12,23.7,150.1,313.7,24.2,386,11.73,2,4,2,mountain,weathered_rock,fair,10.972,high
SEG-0061,2026-07-13,15.9,100.5,319.1,24.2,386,11.73,2,4,2,mountain,weathered_rock,fair,9.565,medium
SEG-0061,2026-07-14,13.4,53.0,316.0,24.2,386,11.73,2,4,2,mountain,weathered_rock,fair,8.279,medium
SEG-0061,2026-07-15,28.3,57.6,323.0,24.2,386,11.73,2,4,2,mountain,weathered_rock,fair,8.671,medium
SEG-0061,2026-07-16,28.5,70.2,236.2,24.2,386,11.73,2,4,2,mountain,weathered_rock,fair,8.763,medium
SEG-0061,2026-07-17,14.2,71.0,184.9,24.2,386,11.73,2,4,2,mountain,weathered_rock,fair,8.4,medium
SEG-0061,2026-07-18,0.5,43.2,124.5,24.2,386,11.73,2,4,2,mountain,weathered_rock,fair,7.278,medium
SEG-0061,2026-07-19,27.0,41.7,127.8,24.2,386,11.73,2,4,2,mountain,weathered_rock,fair,7.698,medium
SEG-0061,2026-07-20,14.2,41.7,126.1,24.2,386,11.73,2,4,2,mountain,weathered_rock,fair,7.476,medium
SEG-0061,2026-07-21,31.1,72.3,143.8,24.2,386,11.73,2,4,2,mountain,weathered_rock,fair,8.608,medium
SEG-0061,2026-07-22,7.1,52.4,122.6,24.2,386,11.73,2,4,2,mountain,weathered_rock,fair,7.624,medium
SEG-0061,2026-07-23,20.2,58.4,114.3,24.2,386,11.73,2,4,2,mountain,weathered_rock,fair,7.98,medium
SEG-0061,2026-07-24,22.4,49.7,122.5,24.2,386,11.73,2,4,2,mountain,weathered_rock,fair,7.814,medium
SEG-0061,2026-07-25,8.0,50.6,130.0,24.2,386,11.73,2,4,2,mountain,weathered_rock,fair,7.613,medium
SEG-0061,2026-07-26,29.4,59.8,132.4,24.2,386,11.73,2,4,2,mountain,weathered_rock,fair,8.222,medium
SEG-0061,2026-07-27,29.4,66.8,147.6,24.2,386,11.73,2,4,2,mountain,weathered_rock,fair,8.446,medium
SEG-0061,2026-07-28,19.9,78.7,136.4,24.2,386,11.73,2,4,2,mountain,weathered_rock,fair,8.563,medium
SEG-0061,2026-07-29,28.7,78.0,158.0,24.2,386,11.73,2,4,2,mountain,weathered_rock,fair,8.754,medium
SEG-0061,2026-07-30,29.3,77.9,167.1,24.2,386,11.73,2,4,2,mountain,weathered_rock,fair,8.787,medium
SEG-0061,2026-07-31,25.1,83.1,169.8,24.2,386,11.73,2,4,2,mountain,weathered_rock,fair,8.858,medium
SEG-0061,2026-08-01,0.1,54.5,161.9,24.2,386,11.73,2,4,2,mountain,weathered_rock,fair,7.668,medium
SEG-0061,2026-08-02,12.1,37.3,144.6,24.2,386,11.73,2,4,2,mountain,weathered_rock,fair,7.377,medium
SEG-0061,2026-08-03,23.1,35.3,138.3,24.2,386,11.73,2,4,2,mountain,weathered_rock,fair,7.495,medium
SEG-0061,2026-08-04,12.6,47.8,131.0,24.2,386,11.73,2,4,2,mountain,weathered_rock,fair,7.621,medium
SEG-0061,2026-08-05,5.1,40.8,107.4,24.2,386,11.73,2,4,2,mountain,weathered_rock,fair,7.247,medium
SEG-0061,2026-08-06,19.4,37.1,97.5,24.2,386,11.73,2,4,2,mountain,weathered_rock,fair,7.366,medium
SEG-0061,2026-08-07,7.8,32.3,80.2,24.2,386,11.73,2,4,2,mountain,weathered_rock,fair,6.997,medium
SEG-0061,2026-08-08,14.6,41.8,94.7,24.2,386,11.73,2,4,2,mountain,weathered_rock,fair,7.399,medium
SEG-0061,2026-08-09,3.5,25.9,86.1,24.2,386,11.73,2,4,2,mountain,weathered_rock,fair,6.773,low
SEG-0061,2026-08-10,4.4,22.5,67.4,24.2,386,11.73,2,4,2,mountain,weathered_rock,fair,6.649,low
SEG-0061,2026-08-11,1.0,8.9,55.8,24.2,386,11.73,2,4,2,mountain,weathered_rock,fair,6.206,medium
SEG-0061,2026-08-12,3.5,8.9,54.2,24.2,386,11.73,2,4,2,mountain,weathered_rock,fair,6.244,medium
SEG-0061,2026-08-13,8.9,13.4,43.7,24.2,386,11.73,2,4,2,mountain,weathered_rock,fair,6.424,low
SEG-0061,2026-08-14,74.0,86.4,109.9,24.2,386,11.73,2,4,2,mountain,weathered_rock,fair,9.61,medium
SEG-0061,2026-08-15,37.6,120.5,132.9,24.2,386,11.73,2,4,2,mountain,weathered_rock,fair,9.941,medium
SEG-0061,2026-08-16,43.1,154.7,172.5,24.2,386,11.73,2,4,2,mountain,weathered_rock,fair,11.033,high
SEG-0061,2026-08-17,80.4,161.1,248.5,24.2,386,11.73,2,4,2,mountain,weathered_rock,fair,12.042,high
SEG-0061,2026-08-18,35.8,159.3,283.3,24.2,386,11.73,2,4,2,mountain,weathered_rock,fair,11.333,high
SEG-0061,2026-08-19,77.1,193.3,356.9,24.2,386,11.73,2,4,2,mountain,weathered_rock,fair,13.122,high
SEG-0061,2026-08-20,41.3,154.2,389.3,24.2,386,11.73,2,4,2,mountain,weathered_rock,fair,11.586,high
SEG-0061,2026-08-21,50.2,168.6,365.5,24.2,386,11.73,2,4,2,mountain,weathered_rock,fair,12.046,high
SEG-0061,2026-08-22,45.9,137.4,373.8,24.2,386,11.73,2,4,2,mountain,weathered_rock,fair,11.184,high
SEG-0061,2026-08-23,15.2,111.3,345.9,24.2,386,11.73,2,4,2,mountain,weathered_rock,fair,9.907,medium
SEG-0061,2026-08-24,0.7,61.8,266.2,24.2,386,11.73,2,4,2,mountain,weathered_rock,fair,8.154,medium
SEG-0061,2026-08-25,1.0,16.9,231.4,24.2,386,11.73,2,4,2,mountain,weathered_rock,fair,6.896,medium
SEG-0061,2026-08-26,18.7,20.4,173.0,24.2,386,11.73,2,4,2,mountain,weathered_rock,fair,7.128,medium
SEG-0061,2026-08-27,1.4,21.1,133.1,24.2,386,11.73,2,4,2,mountain,weathered_rock,fair,6.742,low
SEG-0061,2026-08-28,7.7,27.8,90.6,24.2,386,11.73,2,4,2,mountain,weathered_rock,fair,6.907,medium
SEG-0061,2026-08-29,18.0,27.1,62.7,24.2,386,11.73,2,4,2,mountain,weathered_rock,fair,6.987,medium
SEG-0061,2026-08-30,14.9,40.6,62.4,24.2,386,11.73,2,4,2,mountain,weathered_rock,fair,7.284,medium
SEG-0061,2026-08-31,0.0,32.9,61.7,24.2,386,11.73,2,4,2,mountain,weathered_rock,fair,6.829,low
SEG-0061,2026-09-01,41.5,56.4,102.2,24.2,386,11.73,2,4,2,mountain,weathered_rock,fair,8.257,medium
SEG-0061,2026-09-02,21.1,62.6,104.6,24.2,386,11.73,2,4,2,mountain,weathered_rock,fair,8.078,medium
SEG-0061,2026-09-03,17.8,80.4,121.0,24.2,386,11.73,2,4,2,mountain,weathered_rock,fair,8.529,medium
SEG-0061,2026-09-04,15.4,54.3,128.7,24.2,386,11.73,2,4,2,mountain,weathered_rock,fair,7.831,medium
SEG-0061,2026-09-05,0.5,33.7,111.2,24.2,386,11.73,2,4,2,mountain,weathered_rock,fair,6.994,medium
SEG-0061,2026-09-06,15.1,31.0,111.4,24.2,386,11.73,2,4,2,mountain,weathered_rock,fair,7.173,medium
SEG-0061,2026-09-07,12.7,28.3,124.1,24.2,386,11.73,2,4,2,mountain,weathered_rock,fair,7.097,medium
SEG-0061,2026-09-08,14.4,42.2,97.0,24.2,386,11.73,2,4,2,mountain,weathered_rock,fair,7.412,medium
SEG-0061,2026-09-09,54.0,81.1,129.9,24.2,386,11.73,2,4,2,mountain,weathered_rock,fair,9.188,medium
SEG-0061,2026-09-10,36.1,104.5,148.2,24.2,386,11.73,2,4,2,mountain,weathered_rock,fair,9.542,medium
SEG-0061,2026-09-11,18.2,108.3,151.0,24.2,386,11.73,2,4,2,mountain,weathered_rock,fair,9.344,medium
SEG-0061,2026-09-12,12.4,66.7,162.9,24.2,386,11.73,2,4,2,mountain,weathered_rock,fair,8.197,medium
SEG-0061,2026-09-13,9.4,40.0,157.2,24.2,386,11.73,2,4,2,mountain,weathered_rock,fair,7.436,medium
SEG-0061,2026-09-14,11.1,32.9,155.6,24.2,386,11.73,2,4,2,mountain,weathered_rock,fair,7.276,low
SEG-0061,2026-09-15,2.6,23.1,143.8,24.2,386,11.73,2,4,2,mountain,weathered_rock,fair,6.844,medium
SEG-0061,2026-09-16,1.5,15.2,91.3,24.2,386,11.73,2,4,2,mountain,weathered_rock,fair,6.475,medium
SEG-0062,2026-05-20,16.2,16.2,16.2,28.8,1247,15.85,3,0,1,mountain,weathered_rock,good,7.272,medium
SEG-0062,2026-05-21,4.2,20.4,20.4,28.8,1247,15.85,3,0,1,mountain,weathered_rock,good,7.189,medium
SEG-0062,2026-05-22,3.3,23.7,23.7,28.8,1247,15.85,3,0,1,mountain,weathered_rock,good,7.269,medium
SEG-0062,2026-05-23,3.7,11.2,27.4,28.8,1247,15.85,3,0,1,mountain,weathered_rock,good,6.961,medium
SEG-0062,2026-05-24,16.4,23.4,43.8,28.8,1247,15.85,3,0,1,mountain,weathered_rock,good,7.539,medium
SEG-0062,2026-05-25,1.9,22.0,45.7,28.8,1247,15.85,3,0,1,mountain,weathered_rock,good,7.261,medium
SEG-0062,2026-05-26,12.1,30.4,57.8,28.8,1247,15.85,3,0,1,mountain,weathered_rock,good,7.686,medium
SEG-0062,2026-05-27,10.3,24.3,51.9,28.8,1247,15.85,3,0,1,mountain,weathered_rock,good,7.481,medium
SEG-0062,2026-05-28,14.7,37.1,62.4,28.8,1247,15.85,3,0,1,mountain,weathered_rock,good,7.917,medium
SEG-0062,2026-05-29,3.1,28.1,62.2,28.8,1247,15.85,3,0,1,mountain,weathered_rock,good,7.486,medium
SEG-0062,2026-05-30,1.5,19.3,60.0,28.8,1247,15.85,3,0,1,mountain,weathered_rock,good,7.223,medium
SEG-0062,2026-05-31,16.8,21.4,60.4,28.8,1247,15.85,3,0,1,mountain,weathered_rock,good,7.539,medium
SEG-0062,2026-06-01,3.2,21.5,61.7,28.8,1247,15.85,3,0,1,mountain,weathered_rock,good,7.314,medium
SEG-0062,2026-06-02,7.2,27.2,56.8,28.8,1247,15.85,3,0,1,mountain,weathered_rock,good,7.517,medium
SEG-0062,2026-06-03,10.7,21.1,57.2,28.8,1247,15.85,3,0,1,mountain,weathered_rock,good,7.419,medium
SEG-0062,2026-06-04,13.1,31.0,55.6,28.8,1247,15.85,3,0,1,mountain,weathered_rock,good,7.713,medium
SEG-0062,2026-06-05,42.8,66.6,95.3,28.8,1247,15.85,3,0,1,mountain,weathered_rock,good,9.252,medium
SEG-0062,2026-06-06,44.9,100.8,138.7,28.8,1247,15.85,3,0,1,mountain,weathered_rock,good,10.297,high
SEG-0062,2026-06-07,40.2,127.9,162.1,28.8,1247,15.85,3,0,1,mountain,weathered_rock,good,10.986,high
SEG-0062,2026-06-08,50.4,135.5,209.3,28.8,1247,15.85,3,0,1,mountain,weathered_rock,good,11.487,high
SEG-0062,2026-06-09,3.1,93.7,205.2,28.8,1247,15.85,3,0,1,mountain,weathered_rock,good,9.584,high
SEG-0062,2026-06-10,17.4,70.9,211.9,28.8,1247,15.85,3,0,1,mountain,weathered_rock,good,9.253,medium
SEG-0062,2026-06-11,10.3,30.8,209.1,28.8,1247,15.85,3,0,1,mountain,weathered_rock,good,8.082,medium
SEG-0062,2026-06-12,12.4,40.1,178.7,28.8,1247,15.85,3,0,1,mountain,weathered_rock,good,8.276,medium
SEG-0062,2026-06-13,10.0,32.7,143.8,28.8,1247,15.85,3,0,1,mountain,weathered_rock,good,7.947,medium
SEG-0062,2026-06-14,3.4,25.8,107.0,28.8,1247,15.85,3,0,1,mountain,weathered_rock,good,7.554,medium
SEG-0062,2026-06-15,10.0,23.4,66.6,28.8,1247,15.85,3,0,1,mountain,weathered_rock,good,7.493,medium
SEG-0062,2026-06-16,6.2,19.6,69.7,28.8,1247,15.85,3,0,1,mountain,weathered_rock,good,7.338,medium
SEG-0062,2026-06-17,4.5,20.7,56.8,28.8,1247,15.85,3,0,1,mountain,weathered_rock,good,7.302,medium
SEG-0062,2026-06-18,11.1,21.8,57.6,28.8,1247,15.85,3,0,1,mountain,weathered_rock,good,7.445,medium
SEG-0062,2026-06-19,8.5,24.1,53.7,28.8,1247,15.85,3,0,1,mountain,weathered_rock,good,7.45,medium
SEG-0062,2026-06-20,21.4,41.0,65.1,28.8,1247,15.85,3,0,1,mountain,weathered_rock,good,8.14,medium
SEG-0062,2026-06-21,16.8,46.7,78.5,28.8,1247,15.85,3,0,1,mountain,weathered_rock,good,8.247,medium
SEG-0062,2026-06-22,7.8,46.0,76.3,28.8,1247,15.85,3,0,1,mountain,weathered_rock,good,8.07,medium
SEG-0062,2026-06-23,15.2,39.8,85.3,28.8,1247,15.85,3,0,1,mountain,weathered_rock,good,8.059,medium
SEG-0062,2026-06-24,9.2,32.2,90.0,28.8,1247,15.85,3,0,1,mountain,weathered_rock,good,7.772,medium
SEG-0062,2026-06-25,8.3,32.7,87.2,28.8,1247,15.85,3,0,1,mountain,weathered_rock,good,7.762,medium
SEG-0062,2026-06-26,23.2,40.7,101.9,28.8,1247,15.85,3,0,1,mountain,weathered_rock,good,8.264,medium
SEG-0062,2026-06-27,21.7,53.2,102.2,28.8,1247,15.85,3,0,1,mountain,weathered_rock,good,8.564,medium
SEG-0062,2026-06-28,23.9,68.8,109.3,28.8,1247,15.85,3,0,1,mountain,weathered_rock,good,9.027,medium
SEG-0062,2026-06-29,6.3,51.9,107.8,28.8,1247,15.85,3,0,1,mountain,weathered_rock,good,8.284,medium
SEG-0062,2026-06-30,24.0,54.2,116.6,28.8,1247,15.85,3,0,1,mountain,weathered_rock,good,8.669,medium
SEG-0062,2026-07-01,19.8,50.1,127.2,28.8,1247,15.85,3,0,1,mountain,weathered_rock,good,8.52,medium
SEG-0062,2026-07-02,9.0,52.8,127.9,28.8,1247,15.85,3,0,1,mountain,weathered_rock,good,8.409,medium
SEG-0062,2026-07-03,7.9,36.7,112.6,28.8,1247,15.85,3,0,1,mountain,weathered_rock,good,7.929,medium
SEG-0062,2026-07-04,1.2,18.1,92.1,28.8,1247,15.85,3,0,1,mountain,weathered_rock,good,7.275,medium
SEG-0062,2026-07-05,8.6,17.7,76.8,28.8,1247,15.85,3,0,1,mountain,weathered_rock,good,7.349,medium
SEG-0062,2026-07-06,11.4,21.2,81.9,28.8,1247,15.85,3,0,1,mountain,weathered_rock,good,7.501,medium
SEG-0062,2026-07-07,3.5,23.5,61.4,28.8,1247,15.85,3,0,1,mountain,weathered_rock,good,7.37,medium
SEG-0062,2026-07-08,2.6,17.5,44.2,28.8,1247,15.85,3,0,1,mountain,weathered_rock,good,7.152,medium
SEG-0062,2026-07-09,23.2,29.3,58.4,28.8,1247,15.85,3,0,1,mountain,weathered_rock,good,7.848,medium
SEG-0062,2026-07-10,7.9,33.7,58.4,28.8,1247,15.85,3,0,1,mountain,weathered_rock,good,7.702,medium
SEG-0062,2026-07-11,3.3,34.4,60.5,28.8,1247,15.85,3,0,1,mountain,weathered_rock,good,7.648,medium
SEG-0062,2026-07-12,4.2,15.4,56.1,28.8,1247,15.85,3,0,1,mountain,weathered_rock,good,7.157,medium
SEG-0062,2026-07-13,1.0,8.5,45.7,28.8,1247,15.85,3,0,1,mountain,weathered_rock,good,6.895,medium
SEG-0062,2026-07-14,7.3,12.5,49.5,28.8,1247,15.85,3,0,1,mountain,weathered_rock,good,7.116,medium
SEG-0062,2026-07-15,15.4,23.7,62.3,28.8,1247,15.85,3,0,1,mountain,weathered_rock,good,7.58,medium
SEG-0062,2026-07-16,26.5,49.2,65.6,28.8,1247,15.85,3,0,1,mountain,weathered_rock,good,8.441,medium
SEG-0062,2026-07-17,4.6,46.5,62.3,28.8,1247,15.85,3,0,1,mountain,weathered_rock,good,7.99,medium
SEG-0062,2026-07-18,7.9,39.0,66.9,28.8,1247,15.85,3,0,1,mountain,weathered_rock,good,7.863,medium
SEG-0062,2026-07-19,9.6,22.1,72.3,28.8,1247,15.85,3,0,1,mountain,weathered_rock,good,7.468,medium
SEG-0062,2026-07-20,1.9,19.4,73.2,28.8,1247,15.85,3,0,1,mountain,weathered_rock,good,7.269,medium
SEG-0062,2026-07-21,22.0,33.5,87.9,28.8,1247,15.85,3,0,1,mountain,weathered_rock,good,8.018,medium
SEG-0062,2026-07-22,84.7,108.6,157.2,28.8,1247,15.85,3,0,1,mountain,weathered_rock,good,11.227,high
SEG-0062,2026-07-23,60.3,167.0,191.0,28.8,1247,15.85,3,0,1,mountain,weathered_rock,good,12.424,high
SEG-0062,2026-07-24,9.2,154.2,195.6,28.8,1247,15.85,3,0,1,mountain,weathered_rock,good,11.235,high
SEG-0062,2026-07-25,23.0,92.5,210.7,28.8,1247,15.85,3,0,1,mountain,weathered_rock,good,9.907,medium
SEG-0062,2026-07-26,25.5,57.7,226.6,28.8,1247,15.85,3,0,1,mountain,weathered_rock,good,9.088,medium
SEG-0062,2026-07-27,26.1,74.6,250.8,28.8,1247,15.85,3,0,1,mountain,weathered_rock,good,9.604,high
SEG-0062,2026-07-28,12.4,64.0,241.2,28.8,1247,15.85,3,0,1,mountain,weathered_rock,good,9.069,medium
SEG-0062,2026-07-29,20.7,59.2,177.2,28.8,1247,15.85,3,0,1,mountain,weathered_rock,good,8.91,medium
SEG-0062,2026-07-30,20.6,53.7,137.5,28.8,1247,15.85,3,0,1,mountain,weathered_rock,good,8.656,medium
SEG-0062,2026-07-31,3.8,45.1,132.1,28.8,1247,15.85,3,0,1,mountain,weathered_rock,good,8.132,medium
SEG-0062,2026-08-01,9.2,33.6,118.3,28.8,1247,15.85,3,0,1,mountain,weathered_rock,good,7.886,medium
SEG-0062,2026-08-02,20.0,33.0,112.8,28.8,1247,15.85,3,0,1,mountain,weathered_rock,good,8.039,medium
SEG-0062,2026-08-03,7.1,36.3,93.8,28.8,1247,15.85,3,0,1,mountain,weathered_rock,good,7.854,medium
SEG-0062,2026-08-04,5.7,32.8,87.1,28.8,1247,15.85,3,0,1,mountain,weathered_rock,good,7.72,medium
SEG-0062,2026-08-05,22.0,34.8,88.4,28.8,1247,15.85,3,0,1,mountain,weathered_rock,good,8.053,medium
SEG-0062,2026-08-06,58.9,86.6,126.7,28.8,1247,15.85,3,0,1,mountain,weathered_rock,good,10.132,high
SEG-0062,2026-08-07,44.2,125.1,167.1,28.8,1247,15.85,3,0,1,mountain,weathered_rock,good,10.995,high
SEG-0062,2026-08-08,30.5,133.6,188.4,28.8,1247,15.85,3,0,1,mountain,weathered_rock,good,11.041,high
SEG-0062,2026-08-09,6.9,81.6,175.3,28.8,1247,15.85,3,0,1,mountain,weathered_rock,good,9.252,medium
SEG-0062,2026-08-10,9.5,46.9,177.7,28.8,1247,15.85,3,0,1,mountain,weathered_rock,good,8.401,medium
SEG-0062,2026-08-11,9.6,26.0,181.6,28.8,1247,15.85,3,0,1,mountain,weathered_rock,good,7.87,medium
SEG-0062,2026-08-12,20.4,39.5,180.0,28.8,1247,15.85,3,0,1,mountain,weathered_rock,good,8.4,medium
SEG-0062,2026-08-13,10.4,40.4,131.5,28.8,1247,15.85,3,0,1,mountain,weathered_rock,good,8.12,medium
SEG-0062,2026-08-14,9.7,40.5,97.0,28.8,1247,15.85,3,0,1,mountain,weathered_rock,good,8.016,medium
SEG-0062,2026-08-15,3.3,23.4,69.8,28.8,1247,15.85,3,0,1,mountain,weathered_rock,good,7.388,low
SEG-0062,2026-08-16,18.2,31.2,81.1,28.8,1247,15.85,3,0,1,mountain,weathered_rock,good,7.875,medium
SEG-0062,2026-08-17,43.2,64.7,114.8,28.8,1247,15.85,3,0,1,mountain,weathered_rock,good,9.263,medium
SEG-0062,2026-08-18,30.2,91.6,135.4,28.8,1247,15.85,3,0,1,mountain,weathered_rock,good,9.799,medium
SEG-0062,2026-08-19,45.2,118.6,160.2,28.8,1247,15.85,3,0,1,mountain,weathered_rock,good,10.824,high
SEG-0062,2026-08-20,39.7,115.1,189.5,28.8,1247,15.85,3,0,1,mountain,weathered_rock,good,10.72,high
SEG-0062,2026-08-21,1.0,85.9,180.8,28.8,1247,15.85,3,0,1,mountain,weathered_rock,good,9.279,high
SEG-0062,2026-08-22,17.6,58.3,195.1,28.8,1247,15.85,3,0,1,mountain,weathered_rock,good,8.883,medium
SEG-0062,2026-08-23,16.4,35.0,193.3,28.8,1247,15.85,3,0,1,mountain,weathered_rock,good,8.252,medium
SEG-0062,2026-08-24,17.0,51.0,167.1,28.8,1247,15.85,3,0,1,mountain,weathered_rock,good,8.606,medium
SEG-0062,2026-08-25,14.3,47.7,151.2,28.8,1247,15.85,3,0,1,mountain,weathered_rock,good,8.43,medium
SEG-0062,2026-08-26,20.4,51.7,126.4,28.8,1247,15.85,3,0,1,mountain,weathered_rock,good,8.57,medium
SEG-0062,2026-08-27,4.4,39.1,91.1,28.8,1247,15.85,3,0,1,mountain,weathered_rock,good,7.873,medium
SEG-0062,2026-08-28,9.3,34.1,99.4,28.8,1247,15.85,3,0,1,mountain,weathered_rock,good,7.849,medium
SEG-0062,2026-08-29,21.5,35.2,103.3,28.8,1247,15.85,3,0,1,mountain,weathered_rock,good,8.096,medium
SEG-0062,2026-08-30,14.3,45.1,101.2,28.8,1247,15.85,3,0,1,mountain,weathered_rock,good,8.225,medium
SEG-0062,2026-08-31,21.7,57.5,105.9,28.8,1247,15.85,3,0,1,mountain,weathered_rock,good,8.686,medium
SEG-0062,2026-09-01,8.4,44.4,100.0,28.8,1247,15.85,3,0,1,mountain,weathered_rock,good,8.103,medium
SEG-0062,2026-09-02,11.0,41.1,90.6,28.8,1247,15.85,3,0,1,mountain,weathered_rock,good,8.036,medium
SEG-0062,2026-09-03,46.1,65.5,132.3,28.8,1247,15.85,3,0,1,mountain,weathered_rock,good,9.382,medium
SEG-0062,2026-09-04,30.5,87.6,153.5,28.8,1247,15.85,3,0,1,mountain,weathered_rock,good,9.749,high
SEG-0062,2026-09-05,26.1,102.7,158.1,28.8,1247,15.85,3,0,1,mountain,weathered_rock,good,10.08,high
SEG-0062,2026-09-06,18.5,75.1,162.3,28.8,1247,15.85,3,0,1,mountain,weathered_rock,good,9.245,medium
SEG-0062,2026-09-07,0.1,44.7,140.7,28.8,1247,15.85,3,0,1,mountain,weathered_rock,good,8.082,medium
SEG-0062,2026-09-08,14.8,33.4,147.1,28.8,1247,15.85,3,0,1,mountain,weathered_rock,good,8.056,medium
SEG-0062,2026-09-09,10.3,25.2,146.4,28.8,1247,15.85,3,0,1,mountain,weathered_rock,good,7.764,medium
SEG-0062,2026-09-10,51.3,76.4,151.6,28.8,1247,15.85,3,0,1,mountain,weathered_rock,good,9.807,medium
SEG-0062,2026-09-11,17.8,79.4,138.9,28.8,1247,15.85,3,0,1,mountain,weathered_rock,good,9.28,high
SEG-0062,2026-09-12,28.9,98.0,141.7,28.8,1247,15.85,3,0,1,mountain,weathered_rock,good,9.96,high
SEG-0062,2026-09-13,23.0,69.7,146.2,28.8,1247,15.85,3,0,1,mountain,weathered_rock,good,9.136,medium
SEG-0062,2026-09-14,20.4,72.3,166.5,28.8,1247,15.85,3,0,1,mountain,weathered_rock,good,9.216,medium
SEG-0062,2026-09-15,6.6,50.0,158.3,28.8,1247,15.85,3,0,1,mountain,weathered_rock,good,8.379,medium
SEG-0062,2026-09-16,0.6,27.6,148.6,28.8,1247,15.85,3,0,1,mountain,weathered_rock,good,7.668,medium
SEG-0063,2026-05-20,6.9,6.9,6.9,25.7,2415,10.94,0,0,1,mountain,weathered_rock,good,5.257,low
SEG-0063,2026-05-21,9.3,16.2,16.2,25.7,2415,10.94,0,0,1,mountain,weathered_rock,good,5.566,low
SEG-0063,2026-05-22,1.6,17.8,17.8,25.7,2415,10.94,0,0,1,mountain,weathered_rock,good,5.481,low
SEG-0063,2026-05-23,8.5,19.4,26.3,25.7,2415,10.94,0,0,1,mountain,weathered_rock,good,5.663,low
SEG-0063,2026-05-24,6.6,16.7,32.9,25.7,2415,10.94,0,0,1,mountain,weathered_rock,good,5.579,low
SEG-0063,2026-05-25,6.3,21.4,39.2,25.7,2415,10.94,0,0,1,mountain,weathered_rock,good,5.713,low
SEG-0063,2026-05-26,19.2,32.1,58.4,25.7,2415,10.94,0,0,1,mountain,weathered_rock,good,6.263,low
SEG-0063,2026-05-27,5.5,31.0,57.0,25.7,2415,10.94,0,0,1,mountain,weathered_rock,good,5.998,low
SEG-0063,2026-05-28,17.8,42.5,65.5,25.7,2415,10.94,0,0,1,mountain,weathered_rock,good,6.529,low
SEG-0063,2026-05-29,4.0,27.3,67.9,25.7,2415,10.94,0,0,1,mountain,weathered_rock,good,5.906,low
SEG-0063,2026-05-30,10.5,32.3,69.9,25.7,2415,10.94,0,0,1,mountain,weathered_rock,good,6.152,low
SEG-0063,2026-05-31,18.3,32.8,81.6,25.7,2415,10.94,0,0,1,mountain,weathered_rock,good,6.33,low
SEG-0063,2026-06-01,3.3,32.1,78.6,25.7,2415,10.94,0,0,1,mountain,weathered_rock,good,6.049,low
SEG-0063,2026-06-02,25.8,47.4,85.2,25.7,2415,10.94,0,0,1,mountain,weathered_rock,good,6.847,medium
SEG-0063,2026-06-03,94.0,123.1,173.7,25.7,2415,10.94,0,0,1,mountain,weathered_rock,good,10.218,medium
SEG-0063,2026-06-04,47.0,166.8,202.9,25.7,2415,10.94,0,0,1,mountain,weathered_rock,good,10.636,high
SEG-0063,2026-06-05,27.8,168.8,226.7,25.7,2415,10.94,0,0,1,mountain,weathered_rock,good,10.427,high
SEG-0063,2026-06-06,1.1,75.9,217.3,25.7,2415,10.94,0,0,1,mountain,weathered_rock,good,7.531,medium
SEG-0063,2026-06-07,20.1,49.0,219.1,25.7,2415,10.94,0,0,1,mountain,weathered_rock,good,7.16,medium
SEG-0063,2026-06-08,5.9,27.1,221.7,25.7,2415,10.94,0,0,1,mountain,weathered_rock,good,6.356,low
SEG-0063,2026-06-09,78.6,104.6,274.5,25.7,2415,10.94,0,0,1,mountain,weathered_rock,good,9.752,medium
SEG-0063,2026-06-10,50.4,134.9,230.9,25.7,2415,10.94,0,0,1,mountain,weathered_rock,good,9.941,high
SEG-0063,2026-06-11,26.2,155.2,210.1,25.7,2415,10.94,0,0,1,mountain,weathered_rock,good,10.0,high
SEG-0063,2026-06-12,17.8,94.4,200.1,25.7,2415,10.94,0,0,1,mountain,weathered_rock,good,8.249,medium
SEG-0063,2026-06-13,22.8,66.8,221.8,25.7,2415,10.94,0,0,1,mountain,weathered_rock,good,7.676,medium
SEG-0063,2026-06-14,28.5,69.1,230.2,25.7,2415,10.94,0,0,1,mountain,weathered_rock,good,7.856,medium
SEG-0063,2026-06-15,25.0,76.3,249.3,25.7,2415,10.94,0,0,1,mountain,weathered_rock,good,8.036,medium
SEG-0063,2026-06-16,6.4,59.9,177.1,25.7,2415,10.94,0,0,1,mountain,weathered_rock,good,7.095,medium
SEG-0063,2026-06-17,12.3,43.7,139.0,25.7,2415,10.94,0,0,1,mountain,weathered_rock,good,6.669,medium
SEG-0063,2026-06-18,6.5,25.2,119.3,25.7,2415,10.94,0,0,1,mountain,weathered_rock,good,6.036,low
SEG-0063,2026-06-19,16.0,34.8,117.5,25.7,2415,10.94,0,0,1,mountain,weathered_rock,good,6.442,low
SEG-0063,2026-06-20,16.1,38.6,110.8,25.7,2415,10.94,0,0,1,mountain,weathered_rock,good,6.524,low
SEG-0063,2026-06-21,10.5,42.6,92.8,25.7,2415,10.94,0,0,1,mountain,weathered_rock,good,6.483,medium
SEG-0063,2026-06-22,29.4,56.0,97.2,25.7,2415,10.94,0,0,1,mountain,weathered_rock,good,7.165,medium
SEG-0063,2026-06-23,11.1,51.0,101.9,25.7,2415,10.94,0,0,1,mountain,weathered_rock,good,6.737,low
SEG-0063,2026-06-24,22.5,63.0,112.1,25.7,2415,10.94,0,0,1,mountain,weathered_rock,good,7.271,medium
SEG-0063,2026-06-25,0.7,34.3,106.3,25.7,2415,10.94,0,0,1,mountain,weathered_rock,good,6.138,low
SEG-0063,2026-06-26,11.3,34.5,101.6,25.7,2415,10.94,0,0,1,mountain,weathered_rock,good,6.31,low
SEG-0063,2026-06-27,93.7,105.7,179.2,25.7,2415,10.94,0,0,1,mountain,weathered_rock,good,9.776,medium
SEG-0063,2026-06-28,50.1,155.1,218.8,25.7,2415,10.94,0,0,1,mountain,weathered_rock,good,10.428,high
SEG-0063,2026-06-29,50.1,193.9,239.5,25.7,2415,10.94,0,0,1,mountain,weathered_rock,good,11.493,high
SEG-0063,2026-06-30,39.0,139.2,267.4,25.7,2415,10.94,0,0,1,mountain,weathered_rock,good,9.959,medium
SEG-0063,2026-07-01,3.0,92.1,247.9,25.7,2415,10.94,0,0,1,mountain,weathered_rock,good,8.069,medium
SEG-0063,2026-07-02,8.0,50.0,255.2,25.7,2415,10.94,0,0,1,mountain,weathered_rock,good,7.08,medium
SEG-0063,2026-07-03,3.5,14.5,247.4,25.7,2415,10.94,0,0,1,mountain,weathered_rock,good,6.059,low
SEG-0063,2026-07-04,18.4,29.9,172.1,25.7,2415,10.94,0,0,1,mountain,weathered_rock,good,6.505,medium
SEG-0063,2026-07-05,5.5,27.4,127.5,25.7,2415,10.94,0,0,1,mountain,weathered_rock,good,6.098,medium
SEG-0063,2026-07-06,15.4,39.3,92.8,25.7,2415,10.94,0,0,1,mountain,weathered_rock,good,6.481,medium
SEG-0063,2026-07-07,10.1,31.0,63.9,25.7,2415,10.94,0,0,1,mountain,weathered_rock,good,6.095,low
SEG-0063,2026-07-08,0.2,25.7,61.1,25.7,2415,10.94,0,0,1,mountain,weathered_rock,good,5.781,low
SEG-0063,2026-07-09,21.2,31.5,74.3,25.7,2415,10.94,0,0,1,mountain,weathered_rock,good,6.325,medium
SEG-0063,2026-07-10,2.7,24.1,73.5,25.7,2415,10.94,0,0,1,mountain,weathered_rock,good,5.816,low
SEG-0063,2026-07-11,24.4,48.3,79.5,25.7,2415,10.94,0,0,1,mountain,weathered_rock,good,6.831,medium
SEG-0063,2026-07-12,5.6,32.7,79.6,25.7,2415,10.94,0,0,1,mountain,weathered_rock,good,6.106,low
SEG-0063,2026-07-13,9.7,39.7,73.9,25.7,2415,10.94,0,0,1,mountain,weathered_rock,good,6.342,medium
SEG-0063,2026-07-14,20.0,35.3,83.8,25.7,2415,10.94,0,0,1,mountain,weathered_rock,good,6.43,low
SEG-0063,2026-07-15,20.0,49.7,103.6,25.7,2415,10.94,0,0,1,mountain,weathered_rock,good,6.859,medium
SEG-0063,2026-07-16,30.2,70.2,112.6,25.7,2415,10.94,0,0,1,mountain,weathered_rock,good,7.59,medium
SEG-0063,2026-07-17,0.3,50.5,110.2,25.7,2415,10.94,0,0,1,mountain,weathered_rock,good,6.563,medium
SEG-0063,2026-07-18,6.1,36.6,91.9,25.7,2415,10.94,0,0,1,mountain,weathered_rock,good,6.25,low
SEG-0063,2026-07-19,5.1,11.5,91.4,25.7,2415,10.94,0,0,1,mountain,weathered_rock,good,5.579,low
SEG-0063,2026-07-20,8.9,20.1,90.6,25.7,2415,10.94,0,0,1,mountain,weathered_rock,good,5.865,low
SEG-0063,2026-07-21,13.1,27.1,83.7,25.7,2415,10.94,0,0,1,mountain,weathered_rock,good,6.099,low
SEG-0063,2026-07-22,23.8,45.8,87.5,25.7,2415,10.94,0,0,1,mountain,weathered_rock,good,6.778,medium
SEG-0063,2026-07-23,25.0,61.9,82.3,25.7,2415,10.94,0,0,1,mountain,weathered_rock,good,7.202,medium
SEG-0063,2026-07-24,28.4,77.2,110.4,25.7,2415,10.94,0,0,1,mountain,weathered_rock,good,7.735,medium
SEG-0063,2026-07-25,3.0,56.4,107.3,25.7,2415,10.94,0,0,1,mountain,weathered_rock,good,6.754,medium
SEG-0063,2026-07-26,29.2,60.6,131.4,25.7,2415,10.94,0,0,1,mountain,weathered_rock,good,7.375,medium
SEG-0063,2026-07-27,16.3,48.5,138.8,25.7,2415,10.94,0,0,1,mountain,weathered_rock,good,6.862,medium
SEG-0063,2026-07-28,10.2,55.7,135.9,25.7,2415,10.94,0,0,1,mountain,weathered_rock,good,6.937,medium
SEG-0063,2026-07-29,30.8,57.3,142.9,25.7,2415,10.94,0,0,1,mountain,weathered_rock,good,7.348,medium
SEG-0063,2026-07-30,25.7,66.7,143.6,25.7,2415,10.94,0,0,1,mountain,weathered_rock,good,7.508,medium
SEG-0063,2026-07-31,111.9,168.4,227.1,25.7,2415,10.94,0,0,1,mountain,weathered_rock,good,11.847,high
SEG-0063,2026-08-01,49.6,187.2,273.7,25.7,2415,10.94,0,0,1,mountain,weathered_rock,good,11.405,high
SEG-0063,2026-08-02,52.9,214.4,297.4,25.7,2415,10.94,0,0,1,mountain,weathered_rock,good,12.233,high
SEG-0063,2026-08-03,22.7,125.2,303.8,25.7,2415,10.94,0,0,1,mountain,weathered_rock,good,9.418,medium
SEG-0063,2026-08-04,16.0,91.6,309.6,25.7,2415,10.94,0,0,1,mountain,weathered_rock,good,8.447,medium
SEG-0063,2026-08-05,84.0,122.7,362.8,25.7,2415,10.94,0,0,1,mountain,weathered_rock,good,10.558,high
SEG-0063,2026-08-06,38.7,138.7,375.8,25.7,2415,10.94,0,0,1,mountain,weathered_rock,good,10.239,high
SEG-0063,2026-08-07,26.0,148.7,289.9,25.7,2415,10.94,0,0,1,mountain,weathered_rock,good,10.047,high
SEG-0063,2026-08-08,49.4,114.1,289.7,25.7,2415,10.94,0,0,1,mountain,weathered_rock,good,9.545,high
SEG-0063,2026-08-09,1.6,77.0,238.4,25.7,2415,10.94,0,0,1,mountain,weathered_rock,good,7.627,medium
SEG-0063,2026-08-10,0.4,51.4,216.1,25.7,2415,10.94,0,0,1,mountain,weathered_rock,good,6.879,medium
SEG-0063,2026-08-11,14.6,16.6,214.7,25.7,2415,10.94,0,0,1,mountain,weathered_rock,good,6.212,low
SEG-0063,2026-08-12,16.7,31.7,147.4,25.7,2415,10.94,0,0,1,mountain,weathered_rock,good,6.455,low
SEG-0063,2026-08-13,41.4,72.7,150.1,25.7,2415,10.94,0,0,1,mountain,weathered_rock,good,7.949,medium
SEG-0063,2026-08-14,48.6,106.7,172.7,25.7,2415,10.94,0,0,1,mountain,weathered_rock,good,9.017,medium
SEG-0063,2026-08-15,38.1,128.1,161.4,25.7,2415,10.94,0,0,1,mountain,weathered_rock,good,9.364,medium
SEG-0063,2026-08-16,4.6,91.3,164.4,25.7,2415,10.94,0,0,1,mountain,weathered_rock,good,7.846,medium
SEG-0063,2026-08-17,0.3,43.0,164.3,25.7,2415,10.94,0,0,1,mountain,weathered_rock,good,6.517,medium
SEG-0063,2026-08-18,17.0,21.9,166.7,25.7,2415,10.94,0,0,1,mountain,weathered_rock,good,6.259,low
SEG-0063,2026-08-19,9.5,26.8,159.5,25.7,2415,10.94,0,0,1,mountain,weathered_rock,good,6.239,medium
SEG-0063,2026-08-20,6.8,33.3,124.9,25.7,2415,10.94,0,0,1,mountain,weathered_rock,good,6.267,medium
SEG-0063,2026-08-21,8.9,25.2,85.2,25.7,2415,10.94,0,0,1,mountain,weathered_rock,good,5.983,low
SEG-0063,2026-08-22,4.3,20.0,51.4,25.7,2415,10.94,0,0,1,mountain,weathered_rock,good,5.676,low
SEG-0063,2026-08-23,10.8,24.0,57.6,25.7,2415,10.94,0,0,1,mountain,weathered_rock,good,5.908,low
SEG-0063,2026-08-24,13.8,28.9,71.1,25.7,2415,10.94,0,0,1,mountain,weathered_rock,good,6.123,low
SEG-0063,2026-08-25,6.5,31.1,60.6,25.7,2415,10.94,0,0,1,mountain,weathered_rock,good,6.027,low
SEG-0063,2026-08-26,8.1,28.4,59.2,25.7,2415,10.94,0,0,1,mountain,weathered_rock,good,5.981,low
SEG-0063,2026-08-27,9.0,23.6,61.4,25.7,2415,10.94,0,0,1,mountain,weathered_rock,good,5.877,low
SEG-0063,2026-08-28,4.7,21.8,57.2,25.7,2415,10.94,0,0,1,mountain,weathered_rock,good,5.746,low
SEG-0063,2026-08-29,15.4,29.1,68.3,25.7,2415,10.94,0,0,1,mountain,weathered_rock,good,6.148,low
SEG-0063,2026-08-30,18.1,38.2,75.6,25.7,2415,10.94,0,0,1,mountain,weathered_rock,good,6.451,medium
SEG-0063,2026-08-31,5.8,39.3,67.6,25.7,2415,10.94,0,0,1,mountain,weathered_rock,good,6.248,low
SEG-0063,2026-09-01,10.0,33.9,71.1,25.7,2415,10.94,0,0,1,mountain,weathered_rock,good,6.189,low
SEG-0063,2026-09-02,12.1,27.9,75.1,25.7,2415,10.94,0,0,1,mountain,weathered_rock,good,6.079,low
SEG-0063,2026-09-03,13.7,35.8,79.8,25.7,2415,10.94,0,0,1,mountain,weathered_rock,good,6.325,low
SEG-0063,2026-09-04,6.9,32.7,82.0,25.7,2415,10.94,0,0,1,mountain,weathered_rock,good,6.135,low
SEG-0063,2026-09-05,3.2,23.8,69.8,25.7,2415,10.94,0,0,1,mountain,weathered_rock,good,5.807,low
SEG-0063,2026-09-06,13.4,23.5,65.1,25.7,2415,10.94,0,0,1,mountain,weathered_rock,good,5.96,low
SEG-0063,2026-09-07,3.7,20.3,63.0,25.7,2415,10.94,0,0,1,mountain,weathered_rock,good,5.706,low
SEG-0063,2026-09-08,6.7,23.8,59.7,25.7,2415,10.94,0,0,1,mountain,weathered_rock,good,5.839,low
SEG-0063,2026-09-09,11.7,22.1,59.3,25.7,2415,10.94,0,0,1,mountain,weathered_rock,good,5.878,low
SEG-0063,2026-09-10,16.8,35.2,62.4,25.7,2415,10.94,0,0,1,mountain,weathered_rock,good,6.314,medium
SEG-0063,2026-09-11,8.7,37.2,64.2,25.7,2415,10.94,0,0,1,mountain,weathered_rock,good,6.233,low
SEG-0063,2026-09-12,8.7,34.2,69.7,25.7,2415,10.94,0,0,1,mountain,weathered_rock,good,6.171,low
SEG-0063,2026-09-13,2.6,20.0,58.9,25.7,2415,10.94,0,0,1,mountain,weathered_rock,good,5.668,low
SEG-0063,2026-09-14,3.1,14.4,58.3,25.7,2415,10.94,0,0,1,mountain,weathered_rock,good,5.529,low
SEG-0063,2026-09-15,12.7,18.4,64.3,25.7,2415,10.94,0,0,1,mountain,weathered_rock,good,5.813,low
SEG-0063,2026-09-16,8.8,24.6,61.4,25.7,2415,10.94,0,0,1,mountain,weathered_rock,good,5.9,low
SEG-0064,2026-05-20,6.9,6.9,6.9,27.6,2731,16.24,0,1,1,mountain,weathered_rock,poor,6.985,medium
SEG-0064,2026-05-21,9.3,16.2,16.2,27.6,2731,16.24,0,1,1,mountain,weathered_rock,poor,7.293,medium
SEG-0064,2026-05-22,1.6,17.8,17.8,27.6,2731,16.24,0,1,1,mountain,weathered_rock,poor,7.208,low
SEG-0064,2026-05-23,8.5,19.4,26.3,27.6,2731,16.24,0,1,1,mountain,weathered_rock,poor,7.39,medium
SEG-0064,2026-05-24,6.6,16.7,32.9,27.6,2731,16.24,0,1,1,mountain,weathered_rock,poor,7.306,medium
SEG-0064,2026-05-25,6.3,21.4,39.2,27.6,2731,16.24,0,1,1,mountain,weathered_rock,poor,7.44,medium
SEG-0064,2026-05-26,19.2,32.1,58.4,27.6,2731,16.24,0,1,1,mountain,weathered_rock,poor,7.991,medium
SEG-0064,2026-05-27,5.5,31.0,57.0,27.6,2731,16.24,0,1,1,mountain,weathered_rock,poor,7.725,medium
SEG-0064,2026-05-28,17.8,42.5,65.5,27.6,2731,16.24,0,1,1,mountain,weathered_rock,poor,8.257,medium
SEG-0064,2026-05-29,4.0,27.3,67.9,27.6,2731,16.24,0,1,1,mountain,weathered_rock,poor,7.633,medium
SEG-0064,2026-05-30,10.5,32.3,69.9,27.6,2731,16.24,0,1,1,mountain,weathered_rock,poor,7.879,medium
SEG-0064,2026-05-31,18.3,32.8,81.6,27.6,2731,16.24,0,1,1,mountain,weathered_rock,poor,8.057,medium
SEG-0064,2026-06-01,3.3,32.1,78.6,27.6,2731,16.24,0,1,1,mountain,weathered_rock,poor,7.776,medium
SEG-0064,2026-06-02,25.8,47.4,85.2,27.6,2731,16.24,0,1,1,mountain,weathered_rock,poor,8.574,medium
SEG-0064,2026-06-03,94.0,123.1,173.7,27.6,2731,16.24,0,1,1,mountain,weathered_rock,poor,11.945,high
SEG-0064,2026-06-04,47.0,166.8,202.9,27.6,2731,16.24,0,1,1,mountain,weathered_rock,poor,12.363,high
SEG-0064,2026-06-05,27.8,168.8,226.7,27.6,2731,16.24,0,1,1,mountain,weathered_rock,poor,12.154,high
SEG-0064,2026-06-06,1.1,75.9,217.3,27.6,2731,16.24,0,1,1,mountain,weathered_rock,poor,9.259,medium
SEG-0064,2026-06-07,20.1,49.0,219.1,27.6,2731,16.24,0,1,1,mountain,weathered_rock,poor,8.887,medium
SEG-0064,2026-06-08,5.9,27.1,221.7,27.6,2731,16.24,0,1,1,mountain,weathered_rock,poor,8.084,medium
SEG-0064,2026-06-09,78.6,104.6,274.5,27.6,2731,16.24,0,1,1,mountain,weathered_rock,poor,11.48,high
SEG-0064,2026-06-10,50.4,134.9,230.9,27.6,2731,16.24,0,1,1,mountain,weathered_rock,poor,11.668,high
SEG-0064,2026-06-11,26.2,155.2,210.1,27.6,2731,16.24,0,1,1,mountain,weathered_rock,poor,11.727,high
SEG-0064,2026-06-12,17.8,94.4,200.1,27.6,2731,16.24,0,1,1,mountain,weathered_rock,poor,9.976,high
SEG-0064,2026-06-13,22.8,66.8,221.8,27.6,2731,16.24,0,1,1,mountain,weathered_rock,poor,9.403,high
SEG-0064,2026-06-14,28.5,69.1,230.2,27.6,2731,16.24,0,1,1,mountain,weathered_rock,poor,9.583,high
SEG-0064,2026-06-15,25.0,76.3,249.3,27.6,2731,16.24,0,1,1,mountain,weathered_rock,poor,9.763,high
SEG-0064,2026-06-16,6.4,59.9,177.1,27.6,2731,16.24,0,1,1,mountain,weathered_rock,poor,8.822,medium
SEG-0064,2026-06-17,12.3,43.7,139.0,27.6,2731,16.24,0,1,1,mountain,weathered_rock,poor,8.396,medium
SEG-0064,2026-06-18,6.5,25.2,119.3,27.6,2731,16.24,0,1,1,mountain,weathered_rock,poor,7.763,medium
SEG-0064,2026-06-19,16.0,34.8,117.5,27.6,2731,16.24,0,1,1,mountain,weathered_rock,poor,8.169,medium
SEG-0064,2026-06-20,16.1,38.6,110.8,27.6,2731,16.24,0,1,1,mountain,weathered_rock,poor,8.251,medium
SEG-0064,2026-06-21,10.5,42.6,92.8,27.6,2731,16.24,0,1,1,mountain,weathered_rock,poor,8.21,medium
SEG-0064,2026-06-22,29.4,56.0,97.2,27.6,2731,16.24,0,1,1,mountain,weathered_rock,poor,8.892,medium
SEG-0064,2026-06-23,11.1,51.0,101.9,27.6,2731,16.24,0,1,1,mountain,weathered_rock,poor,8.464,medium
SEG-0064,2026-06-24,22.5,63.0,112.1,27.6,2731,16.24,0,1,1,mountain,weathered_rock,poor,8.998,medium
SEG-0064,2026-06-25,0.7,34.3,106.3,27.6,2731,16.24,0,1,1,mountain,weathered_rock,poor,7.865,medium
SEG-0064,2026-06-26,11.3,34.5,101.6,27.6,2731,16.24,0,1,1,mountain,weathered_rock,poor,8.037,medium
SEG-0064,2026-06-27,93.7,105.7,179.2,27.6,2731,16.24,0,1,1,mountain,weathered_rock,poor,11.503,high
SEG-0064,2026-06-28,50.1,155.1,218.8,27.6,2731,16.24,0,1,1,mountain,weathered_rock,poor,12.155,high
SEG-0064,2026-06-29,50.1,193.9,239.5,27.6,2731,16.24,0,1,1,mountain,weathered_rock,poor,13.221,high
SEG-0064,2026-06-30,39.0,139.2,267.4,27.6,2731,16.24,0,1,1,mountain,weathered_rock,poor,11.686,high
SEG-0064,2026-07-01,3.0,92.1,247.9,27.6,2731,16.24,0,1,1,mountain,weathered_rock,poor,9.796,high
SEG-0064,2026-07-02,8.0,50.0,255.2,27.6,2731,16.24,0,1,1,mountain,weathered_rock,poor,8.807,medium
SEG-0064,2026-07-03,3.5,14.5,247.4,27.6,2731,16.24,0,1,1,mountain,weathered_rock,poor,7.786,medium
SEG-0064,2026-07-04,18.4,29.9,172.1,27.6,2731,16.24,0,1,1,mountain,weathered_rock,poor,8.232,medium
SEG-0064,2026-07-05,5.5,27.4,127.5,27.6,2731,16.24,0,1,1,mountain,weathered_rock,poor,7.825,medium
SEG-0064,2026-07-06,15.4,39.3,92.8,27.6,2731,16.24,0,1,1,mountain,weathered_rock,poor,8.208,medium
SEG-0064,2026-07-07,10.1,31.0,63.9,27.6,2731,16.24,0,1,1,mountain,weathered_rock,poor,7.822,medium
SEG-0064,2026-07-08,0.2,25.7,61.1,27.6,2731,16.24,0,1,1,mountain,weathered_rock,poor,7.509,medium
SEG-0064,2026-07-09,21.2,31.5,74.3,27.6,2731,16.24,0,1,1,mountain,weathered_rock,poor,8.053,medium
SEG-0064,2026-07-10,2.7,24.1,73.5,27.6,2731,16.24,0,1,1,mountain,weathered_rock,poor,7.544,medium
SEG-0064,2026-07-11,24.4,48.3,79.5,27.6,2731,16.24,0,1,1,mountain,weathered_rock,poor,8.558,medium
SEG-0064,2026-07-12,5.6,32.7,79.6,27.6,2731,16.24,0,1,1,mountain,weathered_rock,poor,7.833,medium
SEG-0064,2026-07-13,9.7,39.7,73.9,27.6,2731,16.24,0,1,1,mountain,weathered_rock,poor,8.069,medium
SEG-0064,2026-07-14,20.0,35.3,83.8,27.6,2731,16.24,0,1,1,mountain,weathered_rock,poor,8.157,medium
SEG-0064,2026-07-15,20.0,49.7,103.6,27.6,2731,16.24,0,1,1,mountain,weathered_rock,poor,8.586,medium
SEG-0064,2026-07-16,30.2,70.2,112.6,27.6,2731,16.24,0,1,1,mountain,weathered_rock,poor,9.317,medium
SEG-0064,2026-07-17,0.3,50.5,110.2,27.6,2731,16.24,0,1,1,mountain,weathered_rock,poor,8.29,medium
SEG-0064,2026-07-18,6.1,36.6,91.9,27.6,2731,16.24,0,1,1,mountain,weathered_rock,poor,7.977,medium
SEG-0064,2026-07-19,5.1,11.5,91.4,27.6,2731,16.24,0,1,1,mountain,weathered_rock,poor,7.306,medium
SEG-0064,2026-07-20,8.9,20.1,90.6,27.6,2731,16.24,0,1,1,mountain,weathered_rock,poor,7.592,medium
SEG-0064,2026-07-21,13.1,27.1,83.7,27.6,2731,16.24,0,1,1,mountain,weathered_rock,poor,7.826,medium
SEG-0064,2026-07-22,23.8,45.8,87.5,27.6,2731,16.24,0,1,1,mountain,weathered_rock,poor,8.505,medium
SEG-0064,2026-07-23,25.0,61.9,82.3,27.6,2731,16.24,0,1,1,mountain,weathered_rock,poor,8.93,medium
SEG-0064,2026-07-24,28.4,77.2,110.4,27.6,2731,16.24,0,1,1,mountain,weathered_rock,poor,9.463,medium
SEG-0064,2026-07-25,3.0,56.4,107.3,27.6,2731,16.24,0,1,1,mountain,weathered_rock,poor,8.481,medium
SEG-0064,2026-07-26,29.2,60.6,131.4,27.6,2731,16.24,0,1,1,mountain,weathered_rock,poor,9.102,medium
SEG-0064,2026-07-27,16.3,48.5,138.8,27.6,2731,16.24,0,1,1,mountain,weathered_rock,poor,8.589,medium
SEG-0064,2026-07-28,10.2,55.7,135.9,27.6,2731,16.24,0,1,1,mountain,weathered_rock,poor,8.664,medium
SEG-0064,2026-07-29,30.8,57.3,142.9,27.6,2731,16.24,0,1,1,mountain,weathered_rock,poor,9.075,medium
SEG-0064,2026-07-30,25.7,66.7,143.6,27.6,2731,16.24,0,1,1,mountain,weathered_rock,poor,9.235,medium
SEG-0064,2026-07-31,111.9,168.4,227.1,27.6,2731,16.24,0,1,1,mountain,weathered_rock,poor,13.574,high
SEG-0064,2026-08-01,49.6,187.2,273.7,27.6,2731,16.24,0,1,1,mountain,weathered_rock,poor,13.132,high
SEG-0064,2026-08-02,52.9,214.4,297.4,27.6,2731,16.24,0,1,1,mountain,weathered_rock,poor,13.96,high
SEG-0064,2026-08-03,22.7,125.2,303.8,27.6,2731,16.24,0,1,1,mountain,weathered_rock,poor,11.145,high
SEG-0064,2026-08-04,16.0,91.6,309.6,27.6,2731,16.24,0,1,1,mountain,weathered_rock,poor,10.174,high
SEG-0064,2026-08-05,84.0,122.7,362.8,27.6,2731,16.24,0,1,1,mountain,weathered_rock,poor,12.285,high
SEG-0064,2026-08-06,38.7,138.7,375.8,27.6,2731,16.24,0,1,1,mountain,weathered_rock,poor,11.966,high
SEG-0064,2026-08-07,26.0,148.7,289.9,27.6,2731,16.24,0,1,1,mountain,weathered_rock,poor,11.774,high
SEG-0064,2026-08-08,49.4,114.1,289.7,27.6,2731,16.24,0,1,1,mountain,weathered_rock,poor,11.272,high
SEG-0064,2026-08-09,1.6,77.0,238.4,27.6,2731,16.24,0,1,1,mountain,weathered_rock,poor,9.354,medium
SEG-0064,2026-08-10,0.4,51.4,216.1,27.6,2731,16.24,0,1,1,mountain,weathered_rock,poor,8.606,medium
SEG-0064,2026-08-11,14.6,16.6,214.7,27.6,2731,16.24,0,1,1,mountain,weathered_rock,poor,7.939,medium
SEG-0064,2026-08-12,16.7,31.7,147.4,27.6,2731,16.24,0,1,1,mountain,weathered_rock,poor,8.182,medium
SEG-0064,2026-08-13,41.4,72.7,150.1,27.6,2731,16.24,0,1,1,mountain,weathered_rock,poor,9.676,high
SEG-0064,2026-08-14,48.6,106.7,172.7,27.6,2731,16.24,0,1,1,mountain,weathered_rock,poor,10.744,high
SEG-0064,2026-08-15,38.1,128.1,161.4,27.6,2731,16.24,0,1,1,mountain,weathered_rock,poor,11.091,high
SEG-0064,2026-08-16,4.6,91.3,164.4,27.6,2731,16.24,0,1,1,mountain,weathered_rock,poor,9.573,medium
SEG-0064,2026-08-17,0.3,43.0,164.3,27.6,2731,16.24,0,1,1,mountain,weathered_rock,poor,8.244,medium
SEG-0064,2026-08-18,17.0,21.9,166.7,27.6,2731,16.24,0,1,1,mountain,weathered_rock,poor,7.986,medium
SEG-0064,2026-08-19,9.5,26.8,159.5,27.6,2731,16.24,0,1,1,mountain,weathered_rock,poor,7.966,medium
SEG-0064,2026-08-20,6.8,33.3,124.9,27.6,2731,16.24,0,1,1,mountain,weathered_rock,poor,7.994,medium
SEG-0064,2026-08-21,8.9,25.2,85.2,27.6,2731,16.24,0,1,1,mountain,weathered_rock,poor,7.71,medium
SEG-0064,2026-08-22,4.3,20.0,51.4,27.6,2731,16.24,0,1,1,mountain,weathered_rock,poor,7.403,medium
SEG-0064,2026-08-23,10.8,24.0,57.6,27.6,2731,16.24,0,1,1,mountain,weathered_rock,poor,7.635,medium
SEG-0064,2026-08-24,13.8,28.9,71.1,27.6,2731,16.24,0,1,1,mountain,weathered_rock,poor,7.85,medium
SEG-0064,2026-08-25,6.5,31.1,60.6,27.6,2731,16.24,0,1,1,mountain,weathered_rock,poor,7.755,medium
SEG-0064,2026-08-26,8.1,28.4,59.2,27.6,2731,16.24,0,1,1,mountain,weathered_rock,poor,7.708,medium
SEG-0064,2026-08-27,9.0,23.6,61.4,27.6,2731,16.24,0,1,1,mountain,weathered_rock,poor,7.604,medium
SEG-0064,2026-08-28,4.7,21.8,57.2,27.6,2731,16.24,0,1,1,mountain,weathered_rock,poor,7.473,medium
SEG-0064,2026-08-29,15.4,29.1,68.3,27.6,2731,16.24,0,1,1,mountain,weathered_rock,poor,7.875,medium
SEG-0064,2026-08-30,18.1,38.2,75.6,27.6,2731,16.24,0,1,1,mountain,weathered_rock,poor,8.178,medium
SEG-0064,2026-08-31,5.8,39.3,67.6,27.6,2731,16.24,0,1,1,mountain,weathered_rock,poor,7.975,medium
SEG-0064,2026-09-01,10.0,33.9,71.1,27.6,2731,16.24,0,1,1,mountain,weathered_rock,poor,7.916,medium
SEG-0064,2026-09-02,12.1,27.9,75.1,27.6,2731,16.24,0,1,1,mountain,weathered_rock,poor,7.807,medium
SEG-0064,2026-09-03,13.7,35.8,79.8,27.6,2731,16.24,0,1,1,mountain,weathered_rock,poor,8.052,medium
SEG-0064,2026-09-04,6.9,32.7,82.0,27.6,2731,16.24,0,1,1,mountain,weathered_rock,poor,7.862,medium
SEG-0064,2026-09-05,3.2,23.8,69.8,27.6,2731,16.24,0,1,1,mountain,weathered_rock,poor,7.534,medium
SEG-0064,2026-09-06,13.4,23.5,65.1,27.6,2731,16.24,0,1,1,mountain,weathered_rock,poor,7.687,medium
SEG-0064,2026-09-07,3.7,20.3,63.0,27.6,2731,16.24,0,1,1,mountain,weathered_rock,poor,7.433,medium
SEG-0064,2026-09-08,6.7,23.8,59.7,27.6,2731,16.24,0,1,1,mountain,weathered_rock,poor,7.566,medium
SEG-0064,2026-09-09,11.7,22.1,59.3,27.6,2731,16.24,0,1,1,mountain,weathered_rock,poor,7.606,medium
SEG-0064,2026-09-10,16.8,35.2,62.4,27.6,2731,16.24,0,1,1,mountain,weathered_rock,poor,8.041,medium
SEG-0064,2026-09-11,8.7,37.2,64.2,27.6,2731,16.24,0,1,1,mountain,weathered_rock,poor,7.961,medium
SEG-0064,2026-09-12,8.7,34.2,69.7,27.6,2731,16.24,0,1,1,mountain,weathered_rock,poor,7.898,medium
SEG-0064,2026-09-13,2.6,20.0,58.9,27.6,2731,16.24,0,1,1,mountain,weathered_rock,poor,7.395,medium
SEG-0064,2026-09-14,3.1,14.4,58.3,27.6,2731,16.24,0,1,1,mountain,weathered_rock,poor,7.256,medium
SEG-0064,2026-09-15,12.7,18.4,64.3,27.6,2731,16.24,0,1,1,mountain,weathered_rock,poor,7.54,medium
SEG-0064,2026-09-16,8.8,24.6,61.4,27.6,2731,16.24,0,1,1,mountain,weathered_rock,poor,7.627,medium
SEG-0065,2026-05-20,69.1,69.1,69.1,24.2,1060,8.05,2,3,1,mountain,weathered_rock,fair,9.168,medium
SEG-0065,2026-05-21,22.9,92.0,92.0,24.2,1060,8.05,2,3,1,mountain,weathered_rock,fair,9.041,medium
SEG-0065,2026-05-22,9.2,101.2,101.2,24.2,1060,8.05,2,3,1,mountain,weathered_rock,fair,9.073,medium
SEG-0065,2026-05-23,12.4,44.5,113.6,24.2,1060,8.05,2,3,1,mountain,weathered_rock,fair,7.687,medium
SEG-0065,2026-05-24,7.1,28.7,120.7,24.2,1060,8.05,2,3,1,mountain,weathered_rock,fair,7.206,medium
SEG-0065,2026-05-25,3.8,23.3,124.5,24.2,1060,8.05,2,3,1,mountain,weathered_rock,fair,7.02,medium
SEG-0065,2026-05-26,60.8,71.7,185.3,24.2,1060,8.05,2,3,1,mountain,weathered_rock,fair,9.414,medium
SEG-0065,2026-05-27,35.4,100.0,151.6,24.2,1060,8.05,2,3,1,mountain,weathered_rock,fair,9.626,high
SEG-0065,2026-05-28,19.2,115.4,147.9,24.2,1060,8.05,2,3,1,mountain,weathered_rock,fair,9.741,medium
SEG-0065,2026-05-29,14.3,68.9,153.0,24.2,1060,8.05,2,3,1,mountain,weathered_rock,fair,8.462,medium
SEG-0065,2026-05-30,19.0,52.5,159.6,24.2,1060,8.05,2,3,1,mountain,weathered_rock,fair,8.134,medium
SEG-0065,2026-05-31,0.2,33.5,152.7,24.2,1060,8.05,2,3,1,mountain,weathered_rock,fair,7.301,medium
SEG-0065,2026-06-01,12.1,31.3,161.0,24.2,1060,8.05,2,3,1,mountain,weathered_rock,fair,7.469,medium
SEG-0065,2026-06-02,19.5,31.8,119.7,24.2,1060,8.05,2,3,1,mountain,weathered_rock,fair,7.494,medium
SEG-0065,2026-06-03,26.0,57.6,110.3,24.2,1060,8.05,2,3,1,mountain,weathered_rock,fair,8.25,medium
SEG-0065,2026-06-04,7.8,53.3,98.9,24.2,1060,8.05,2,3,1,mountain,weathered_rock,fair,7.797,medium
SEG-0065,2026-06-05,29.1,62.9,113.7,24.2,1060,8.05,2,3,1,mountain,weathered_rock,fair,8.45,medium
SEG-0065,2026-06-06,13.5,50.4,108.2,24.2,1060,8.05,2,3,1,mountain,weathered_rock,fair,7.844,medium
SEG-0065,2026-06-07,24.4,67.0,132.4,24.2,1060,8.05,2,3,1,mountain,weathered_rock,fair,8.528,medium
SEG-0065,2026-06-08,5.9,43.8,126.2,24.2,1060,8.05,2,3,1,mountain,weathered_rock,fair,7.593,medium
SEG-0065,2026-06-09,1.4,31.7,108.1,24.2,1060,8.05,2,3,1,mountain,weathered_rock,fair,7.152,medium
SEG-0065,2026-06-10,4.7,12.0,86.8,24.2,1060,8.05,2,3,1,mountain,weathered_rock,fair,6.638,medium
SEG-0065,2026-06-11,21.3,27.4,100.3,24.2,1060,8.05,2,3,1,mountain,weathered_rock,fair,7.357,medium
SEG-0065,2026-06-12,65.9,91.9,137.1,24.2,1060,8.05,2,3,1,mountain,weathered_rock,fair,9.894,medium
SEG-0065,2026-06-13,34.4,121.6,158.0,24.2,1060,8.05,2,3,1,mountain,weathered_rock,fair,10.188,high
SEG-0065,2026-06-14,40.3,140.6,173.9,24.2,1060,8.05,2,3,1,mountain,weathered_rock,fair,10.826,high
SEG-0065,2026-06-15,4.3,79.0,172.3,24.2,1060,8.05,2,3,1,mountain,weathered_rock,fair,8.608,medium
SEG-0065,2026-06-16,23.4,68.0,194.3,24.2,1060,8.05,2,3,1,mountain,weathered_rock,fair,8.707,medium
SEG-0065,2026-06-17,55.7,83.4,245.3,24.2,1060,8.05,2,3,1,mountain,weathered_rock,fair,9.797,medium
SEG-0065,2026-06-18,36.7,115.8,260.7,24.2,1060,8.05,2,3,1,mountain,weathered_rock,fair,10.359,high
SEG-0065,2026-06-19,47.3,139.7,242.1,24.2,1060,8.05,2,3,1,mountain,weathered_rock,fair,11.109,high
SEG-0065,2026-06-20,24.5,108.5,232.2,24.2,1060,8.05,2,3,1,mountain,weathered_rock,fair,9.883,high
SEG-0065,2026-06-21,21.5,93.3,213.4,24.2,1060,8.05,2,3,1,mountain,weathered_rock,fair,9.385,medium
SEG-0065,2026-06-22,18.7,64.7,227.8,24.2,1060,8.05,2,3,1,mountain,weathered_rock,fair,8.634,medium
SEG-0065,2026-06-23,8.7,48.9,213.1,24.2,1060,8.05,2,3,1,mountain,weathered_rock,fair,8.012,medium
SEG-0065,2026-06-24,7.2,34.6,164.6,24.2,1060,8.05,2,3,1,mountain,weathered_rock,fair,7.482,medium
SEG-0065,2026-06-25,103.0,118.9,230.9,24.2,1060,8.05,2,3,1,mountain,weathered_rock,fair,11.484,high
SEG-0065,2026-06-26,46.8,157.0,230.4,24.2,1060,8.05,2,3,1,mountain,weathered_rock,fair,11.518,high
SEG-0065,2026-06-27,24.0,173.8,229.9,24.2,1060,8.05,2,3,1,mountain,weathered_rock,fair,11.566,high
SEG-0065,2026-06-28,23.3,94.1,231.7,24.2,1060,8.05,2,3,1,mountain,weathered_rock,fair,9.487,high
SEG-0065,2026-06-29,27.6,74.9,240.6,24.2,1060,8.05,2,3,1,mountain,weathered_rock,fair,9.085,medium
SEG-0065,2026-06-30,17.2,68.1,249.1,24.2,1060,8.05,2,3,1,mountain,weathered_rock,fair,8.755,medium
SEG-0065,2026-07-01,13.7,58.5,255.6,24.2,1060,8.05,2,3,1,mountain,weathered_rock,fair,8.464,medium
SEG-0065,2026-07-02,18.7,49.6,171.3,24.2,1060,8.05,2,3,1,mountain,weathered_rock,fair,8.086,medium
SEG-0065,2026-07-03,21.8,54.2,146.3,24.2,1060,8.05,2,3,1,mountain,weathered_rock,fair,8.189,medium
SEG-0065,2026-07-04,30.0,70.5,152.3,24.2,1060,8.05,2,3,1,mountain,weathered_rock,fair,8.769,medium
SEG-0065,2026-07-05,11.2,63.0,140.2,24.2,1060,8.05,2,3,1,mountain,weathered_rock,fair,8.221,medium
SEG-0065,2026-07-06,32.3,73.5,144.9,24.2,1060,8.05,2,3,1,mountain,weathered_rock,fair,8.866,medium
SEG-0065,2026-07-07,10.5,54.0,138.2,24.2,1060,8.05,2,3,1,mountain,weathered_rock,fair,7.97,medium
SEG-0065,2026-07-08,10.9,53.7,135.4,24.2,1060,8.05,2,3,1,mountain,weathered_rock,fair,7.961,medium
SEG-0065,2026-07-09,3.3,24.7,120.0,24.2,1060,8.05,2,3,1,mountain,weathered_rock,fair,7.035,medium
SEG-0065,2026-07-10,12.5,26.7,110.7,24.2,1060,8.05,2,3,1,mountain,weathered_rock,fair,7.218,medium
SEG-0065,2026-07-11,24.6,40.4,105.3,24.2,1060,8.05,2,3,1,mountain,weathered_rock,fair,7.765,medium
SEG-0065,2026-07-12,22.8,59.9,116.9,24.2,1060,8.05,2,3,1,mountain,weathered_rock,fair,8.273,medium
SEG-0065,2026-07-13,6.5,53.9,91.1,24.2,1060,8.05,2,3,1,mountain,weathered_rock,fair,7.769,medium
SEG-0065,2026-07-14,23.3,52.6,103.9,24.2,1060,8.05,2,3,1,mountain,weathered_rock,fair,8.056,medium
SEG-0065,2026-07-15,26.5,56.3,119.5,24.2,1060,8.05,2,3,1,mountain,weathered_rock,fair,8.25,medium
SEG-0065,2026-07-16,14.4,64.2,130.6,24.2,1060,8.05,2,3,1,mountain,weathered_rock,fair,8.28,medium
SEG-0065,2026-07-17,27.2,68.1,145.3,24.2,1060,8.05,2,3,1,mountain,weathered_rock,fair,8.64,medium
SEG-0065,2026-07-18,0.4,42.0,121.1,24.2,1060,8.05,2,3,1,mountain,weathered_rock,fair,7.439,medium
SEG-0065,2026-07-19,18.0,45.6,116.3,24.2,1060,8.05,2,3,1,mountain,weathered_rock,fair,7.818,medium
SEG-0065,2026-07-20,29.0,47.4,138.8,24.2,1060,8.05,2,3,1,mountain,weathered_rock,fair,8.114,medium
SEG-0065,2026-07-21,8.6,55.6,124.1,24.2,1060,8.05,2,3,1,mountain,weathered_rock,fair,7.94,medium
SEG-0065,2026-07-22,31.2,68.8,128.8,24.2,1060,8.05,2,3,1,mountain,weathered_rock,fair,8.68,medium
SEG-0065,2026-07-23,4.2,44.0,118.6,24.2,1060,8.05,2,3,1,mountain,weathered_rock,fair,7.549,medium
SEG-0065,2026-07-24,26.3,61.7,117.7,24.2,1060,8.05,2,3,1,mountain,weathered_rock,fair,8.382,medium
SEG-0065,2026-07-25,32.1,62.6,149.4,24.2,1060,8.05,2,3,1,mountain,weathered_rock,fair,8.591,medium
SEG-0065,2026-07-26,14.2,72.6,145.6,24.2,1060,8.05,2,3,1,mountain,weathered_rock,fair,8.536,medium
SEG-0065,2026-07-27,84.9,131.2,201.5,24.2,1060,8.05,2,3,1,mountain,weathered_rock,fair,11.416,high
SEG-0065,2026-07-28,42.7,141.8,235.6,24.2,1060,8.05,2,3,1,mountain,weathered_rock,fair,11.068,high
SEG-0065,2026-07-29,48.4,176.0,252.8,24.2,1060,8.05,2,3,1,mountain,weathered_rock,fair,12.101,high
SEG-0065,2026-07-30,22.7,113.8,271.3,24.2,1060,8.05,2,3,1,mountain,weathered_rock,fair,10.098,high
SEG-0065,2026-07-31,25.0,96.1,270.0,24.2,1060,8.05,2,3,1,mountain,weathered_rock,fair,9.673,medium
SEG-0065,2026-08-01,71.1,118.8,309.0,24.2,1060,8.05,2,3,1,mountain,weathered_rock,fair,11.154,high
SEG-0065,2026-08-02,29.5,125.6,324.3,24.2,1060,8.05,2,3,1,mountain,weathered_rock,fair,10.666,high
SEG-0065,2026-08-03,48.4,149.0,287.8,24.2,1060,8.05,2,3,1,mountain,weathered_rock,fair,11.495,high
SEG-0065,2026-08-04,10.1,88.0,255.2,24.2,1060,8.05,2,3,1,mountain,weathered_rock,fair,9.169,medium
SEG-0065,2026-08-05,21.1,79.6,227.9,24.2,1060,8.05,2,3,1,mountain,weathered_rock,fair,9.062,medium
SEG-0065,2026-08-06,2.3,33.5,207.5,24.2,1060,8.05,2,3,1,mountain,weathered_rock,fair,7.488,medium
SEG-0065,2026-08-07,80.0,103.4,262.5,24.2,1060,8.05,2,3,1,mountain,weathered_rock,fair,10.777,high
SEG-0065,2026-08-08,26.6,108.9,218.0,24.2,1060,8.05,2,3,1,mountain,weathered_rock,fair,9.89,medium
SEG-0065,2026-08-09,25.1,131.7,213.6,24.2,1060,8.05,2,3,1,mountain,weathered_rock,fair,10.445,high
SEG-0065,2026-08-10,23.9,75.6,189.1,24.2,1060,8.05,2,3,1,mountain,weathered_rock,fair,8.899,medium
SEG-0065,2026-08-11,21.8,70.8,200.8,24.2,1060,8.05,2,3,1,mountain,weathered_rock,fair,8.771,medium
SEG-0065,2026-08-12,22.0,67.7,201.7,24.2,1060,8.05,2,3,1,mountain,weathered_rock,fair,8.696,medium
SEG-0065,2026-08-13,87.5,131.3,286.9,24.2,1060,8.05,2,3,1,mountain,weathered_rock,fair,11.697,high
SEG-0065,2026-08-14,28.0,137.5,234.9,24.2,1060,8.05,2,3,1,mountain,weathered_rock,fair,10.704,high
SEG-0065,2026-08-15,30.4,145.9,238.7,24.2,1060,8.05,2,3,1,mountain,weathered_rock,fair,10.974,high
SEG-0065,2026-08-16,43.5,101.9,257.1,24.2,1060,8.05,2,3,1,mountain,weathered_rock,fair,10.103,high
SEG-0065,2026-08-17,59.0,132.9,292.2,24.2,1060,8.05,2,3,1,mountain,weathered_rock,fair,11.269,high
SEG-0065,2026-08-18,35.0,137.5,305.4,24.2,1060,8.05,2,3,1,mountain,weathered_rock,fair,11.017,high
SEG-0065,2026-08-19,20.9,114.9,304.3,24.2,1060,8.05,2,3,1,mountain,weathered_rock,fair,10.187,high
SEG-0065,2026-08-20,14.4,70.3,231.2,24.2,1060,8.05,2,3,1,mountain,weathered_rock,fair,8.715,medium
SEG-0065,2026-08-21,11.2,46.5,214.4,24.2,1060,8.05,2,3,1,mountain,weathered_rock,fair,7.996,medium
SEG-0065,2026-08-22,65.8,91.4,249.8,24.2,1060,8.05,2,3,1,mountain,weathered_rock,fair,10.189,high
SEG-0065,2026-08-23,47.0,124.0,253.3,24.2,1060,8.05,2,3,1,mountain,weathered_rock,fair,10.727,high
SEG-0065,2026-08-24,2.2,115.0,196.5,24.2,1060,8.05,2,3,1,mountain,weathered_rock,fair,9.575,medium
SEG-0065,2026-08-25,1.2,50.4,162.7,24.2,1060,8.05,2,3,1,mountain,weathered_rock,fair,7.785,medium
SEG-0065,2026-08-26,20.6,24.0,162.4,24.2,1060,8.05,2,3,1,mountain,weathered_rock,fair,7.428,medium
SEG-0065,2026-08-27,17.0,38.8,165.0,24.2,1060,8.05,2,3,1,mountain,weathered_rock,fair,7.759,medium
SEG-0065,2026-08-28,8.0,45.6,161.8,24.2,1060,8.05,2,3,1,mountain,weathered_rock,fair,7.774,medium
SEG-0065,2026-08-29,50.2,75.2,146.2,24.2,1060,8.05,2,3,1,mountain,weathered_rock,fair,9.218,medium
SEG-0065,2026-08-30,47.8,106.0,147.0,24.2,1060,8.05,2,3,1,mountain,weathered_rock,fair,9.98,high
SEG-0065,2026-08-31,35.4,133.4,180.2,24.2,1060,8.05,2,3,1,mountain,weathered_rock,fair,10.573,high
SEG-0065,2026-09-01,15.3,98.5,194.3,24.2,1060,8.05,2,3,1,mountain,weathered_rock,fair,9.362,medium
SEG-0065,2026-09-02,15.2,65.9,188.9,24.2,1060,8.05,2,3,1,mountain,weathered_rock,fair,8.498,medium
SEG-0065,2026-09-03,4.8,35.3,176.7,24.2,1060,8.05,2,3,1,mountain,weathered_rock,fair,7.492,medium
SEG-0065,2026-09-04,6.9,26.9,175.6,24.2,1060,8.05,2,3,1,mountain,weathered_rock,fair,7.307,medium
SEG-0065,2026-09-05,2.0,13.7,127.4,24.2,1060,8.05,2,3,1,mountain,weathered_rock,fair,6.748,medium
SEG-0065,2026-09-06,4.4,13.3,84.0,24.2,1060,8.05,2,3,1,mountain,weathered_rock,fair,6.659,medium
SEG-0065,2026-09-07,9.9,16.3,58.5,24.2,1060,8.05,2,3,1,mountain,weathered_rock,fair,6.76,medium
SEG-0065,2026-09-08,9.6,23.9,52.8,24.2,1060,8.05,2,3,1,mountain,weathered_rock,fair,6.937,medium
SEG-0065,2026-09-09,4.0,23.5,41.6,24.2,1060,8.05,2,3,1,mountain,weathered_rock,fair,6.8,medium
SEG-0065,2026-09-10,10.7,24.3,47.5,24.2,1060,8.05,2,3,1,mountain,weathered_rock,fair,6.951,low
SEG-0065,2026-09-11,13.3,28.0,53.9,24.2,1060,8.05,2,3,1,mountain,weathered_rock,fair,7.109,medium
SEG-0065,2026-09-12,5.9,29.9,57.8,24.2,1060,8.05,2,3,1,mountain,weathered_rock,fair,7.044,medium
SEG-0065,2026-09-13,6.8,26.0,60.2,24.2,1060,8.05,2,3,1,mountain,weathered_rock,fair,6.964,medium
SEG-0065,2026-09-14,11.4,24.1,61.7,24.2,1060,8.05,2,3,1,mountain,weathered_rock,fair,6.997,medium
SEG-0065,2026-09-15,9.7,27.9,61.8,24.2,1060,8.05,2,3,1,mountain,weathered_rock,fair,7.067,medium
SEG-0065,2026-09-16,9.3,30.4,67.1,24.2,1060,8.05,2,3,1,mountain,weathered_rock,fair,7.14,medium
SEG-0066,2026-05-20,1.4,1.4,1.4,40.9,1099,9.37,0,1,1,mountain,weathered_rock,fair,7.294,medium
SEG-0066,2026-05-21,5.4,6.8,6.8,40.9,1099,9.37,0,1,1,mountain,weathered_rock,fair,7.517,medium
SEG-0066,2026-05-22,13.4,20.2,20.2,40.9,1099,9.37,0,1,1,mountain,weathered_rock,fair,8.038,medium
SEG-0066,2026-05-23,12.4,31.2,32.6,40.9,1099,9.37,0,1,1,mountain,weathered_rock,fair,8.341,medium
SEG-0066,2026-05-24,17.4,43.2,50.0,40.9,1099,9.37,0,1,1,mountain,weathered_rock,fair,8.786,medium
SEG-0066,2026-05-25,72.3,102.1,122.3,40.9,1099,9.37,0,1,1,mountain,weathered_rock,fair,11.45,high
SEG-0066,2026-05-26,25.7,115.4,148.0,40.9,1099,9.37,0,1,1,mountain,weathered_rock,fair,11.074,high
SEG-0066,2026-05-27,10.5,108.5,157.1,40.9,1099,9.37,0,1,1,mountain,weathered_rock,fair,10.661,high
SEG-0066,2026-05-28,5.6,41.8,157.3,40.9,1099,9.37,0,1,1,mountain,weathered_rock,fair,8.844,medium
SEG-0066,2026-05-29,0.5,16.6,144.4,40.9,1099,9.37,0,1,1,mountain,weathered_rock,fair,8.067,medium
SEG-0066,2026-05-30,6.6,12.7,138.6,40.9,1099,9.37,0,1,1,mountain,weathered_rock,fair,8.053,medium
SEG-0066,2026-05-31,4.6,11.7,125.8,40.9,1099,9.37,0,1,1,mountain,weathered_rock,fair,7.958,medium
SEG-0066,2026-06-01,10.9,22.1,64.4,40.9,1099,9.37,0,1,1,mountain,weathered_rock,fair,8.167,medium
SEG-0066,2026-06-02,18.6,34.1,57.3,40.9,1099,9.37,0,1,1,mountain,weathered_rock,fair,8.59,medium
SEG-0066,2026-06-03,18.4,47.9,65.2,40.9,1099,9.37,0,1,1,mountain,weathered_rock,fair,8.967,medium
SEG-0066,2026-06-04,27.6,64.6,87.2,40.9,1099,9.37,0,1,1,mountain,weathered_rock,fair,9.618,medium
SEG-0066,2026-06-05,11.7,57.7,98.4,40.9,1099,9.37,0,1,1,mountain,weathered_rock,fair,9.199,medium
SEG-0066,2026-06-06,94.4,133.7,186.2,40.9,1099,9.37,0,1,1,mountain,weathered_rock,fair,12.823,high
SEG-0066,2026-06-07,59.3,165.4,240.9,40.9,1099,9.37,0,1,1,mountain,weathered_rock,fair,13.201,high
SEG-0066,2026-06-08,51.5,205.2,281.5,40.9,1099,9.37,0,1,1,mountain,weathered_rock,fair,14.214,high
SEG-0066,2026-06-09,43.2,154.0,306.1,40.9,1099,9.37,0,1,1,mountain,weathered_rock,fair,12.81,high
SEG-0066,2026-06-10,9.2,103.9,296.9,40.9,1099,9.37,0,1,1,mountain,weathered_rock,fair,10.904,high
SEG-0066,2026-06-11,21.5,73.9,290.8,40.9,1099,9.37,0,1,1,mountain,weathered_rock,fair,10.316,high
SEG-0066,2026-06-12,13.8,44.5,292.9,40.9,1099,9.37,0,1,1,mountain,weathered_rock,fair,9.427,medium
SEG-0066,2026-06-13,28.2,63.5,226.7,40.9,1099,9.37,0,1,1,mountain,weathered_rock,fair,9.983,medium
SEG-0066,2026-06-14,21.5,63.5,188.9,40.9,1099,9.37,0,1,1,mountain,weathered_rock,fair,9.766,high
SEG-0066,2026-06-15,21.7,71.4,159.1,40.9,1099,9.37,0,1,1,mountain,weathered_rock,fair,9.892,medium
SEG-0066,2026-06-16,15.3,58.5,131.2,40.9,1099,9.37,0,1,1,mountain,weathered_rock,fair,9.371,medium
SEG-0066,2026-06-17,3.2,40.2,125.2,40.9,1099,9.37,0,1,1,mountain,weathered_rock,fair,8.673,medium
SEG-0066,2026-06-18,21.6,40.1,125.3,40.9,1099,9.37,0,1,1,mountain,weathered_rock,fair,8.984,medium
SEG-0066,2026-06-19,8.6,33.4,120.1,40.9,1099,9.37,0,1,1,mountain,weathered_rock,fair,8.574,medium
SEG-0066,2026-06-20,28.9,59.1,120.8,40.9,1099,9.37,0,1,1,mountain,weathered_rock,fair,9.59,medium
SEG-0066,2026-06-21,3.6,41.1,102.9,40.9,1099,9.37,0,1,1,mountain,weathered_rock,fair,8.642,medium
SEG-0066,2026-06-22,13.6,46.1,94.8,40.9,1099,9.37,0,1,1,mountain,weathered_rock,fair,8.92,medium
SEG-0066,2026-06-23,7.2,24.4,86.7,40.9,1099,9.37,0,1,1,mountain,weathered_rock,fair,8.225,medium
SEG-0066,2026-06-24,29.8,50.6,113.3,40.9,1099,9.37,0,1,1,mountain,weathered_rock,fair,9.363,medium
SEG-0066,2026-06-25,96.2,133.2,187.9,40.9,1099,9.37,0,1,1,mountain,weathered_rock,fair,12.845,high
SEG-0066,2026-06-26,62.0,188.0,241.3,40.9,1099,9.37,0,1,1,mountain,weathered_rock,fair,13.835,high
SEG-0066,2026-06-27,30.1,188.3,242.5,40.9,1099,9.37,0,1,1,mountain,weathered_rock,fair,13.304,high
SEG-0066,2026-06-28,49.5,141.6,288.4,40.9,1099,9.37,0,1,1,mountain,weathered_rock,fair,12.546,high
SEG-0066,2026-06-29,0.4,80.0,275.2,40.9,1099,9.37,0,1,1,mountain,weathered_rock,fair,10.073,high
SEG-0066,2026-06-30,24.5,74.4,292.5,40.9,1099,9.37,0,1,1,mountain,weathered_rock,fair,10.385,high
SEG-0066,2026-07-01,22.2,47.1,284.9,40.9,1099,9.37,0,1,1,mountain,weathered_rock,fair,9.615,medium
SEG-0066,2026-07-02,56.0,102.7,244.7,40.9,1099,9.37,0,1,1,mountain,weathered_rock,fair,11.525,high
SEG-0066,2026-07-03,52.4,130.6,235.1,40.9,1099,9.37,0,1,1,mountain,weathered_rock,fair,12.162,high
SEG-0066,2026-07-04,54.1,162.5,259.1,40.9,1099,9.37,0,1,1,mountain,weathered_rock,fair,13.087,high
SEG-0066,2026-07-05,67.1,173.6,276.7,40.9,1099,9.37,0,1,1,mountain,weathered_rock,fair,13.645,high
SEG-0066,2026-07-06,13.6,134.8,289.9,40.9,1099,9.37,0,1,1,mountain,weathered_rock,fair,11.763,high
SEG-0066,2026-07-07,16.9,97.6,282.3,40.9,1099,9.37,0,1,1,mountain,weathered_rock,fair,10.831,high
SEG-0066,2026-07-08,11.0,41.5,271.1,40.9,1099,9.37,0,1,1,mountain,weathered_rock,fair,9.241,medium
SEG-0066,2026-07-09,57.8,85.7,272.9,40.9,1099,9.37,0,1,1,mountain,weathered_rock,fair,11.191,high
SEG-0066,2026-07-10,67.2,136.0,287.7,40.9,1099,9.37,0,1,1,mountain,weathered_rock,fair,12.699,high
SEG-0066,2026-07-11,47.2,172.2,280.8,40.9,1099,9.37,0,1,1,mountain,weathered_rock,fair,13.281,high
SEG-0066,2026-07-12,57.7,172.1,271.4,40.9,1099,9.37,0,1,1,mountain,weathered_rock,fair,13.431,high
SEG-0066,2026-07-13,8.3,113.2,266.1,40.9,1099,9.37,0,1,1,mountain,weathered_rock,fair,11.046,high
SEG-0066,2026-07-14,3.5,69.5,252.7,40.9,1099,9.37,0,1,1,mountain,weathered_rock,fair,9.791,high
SEG-0066,2026-07-15,6.9,18.7,248.6,40.9,1099,9.37,0,1,1,mountain,weathered_rock,fair,8.517,medium
SEG-0066,2026-07-16,29.2,39.6,220.0,40.9,1099,9.37,0,1,1,mountain,weathered_rock,fair,9.361,medium
SEG-0066,2026-07-17,15.5,51.6,168.3,40.9,1099,9.37,0,1,1,mountain,weathered_rock,fair,9.297,medium
SEG-0066,2026-07-18,96.9,141.6,218.0,40.9,1099,9.37,0,1,1,mountain,weathered_rock,fair,13.158,high
SEG-0066,2026-07-19,57.9,170.3,218.2,40.9,1099,9.37,0,1,1,mountain,weathered_rock,fair,13.242,high
SEG-0066,2026-07-20,2.1,156.9,212.0,40.9,1099,9.37,0,1,1,mountain,weathered_rock,fair,11.928,high
SEG-0066,2026-07-21,8.3,68.3,216.8,40.9,1099,9.37,0,1,1,mountain,weathered_rock,fair,9.743,high
SEG-0066,2026-07-22,13.7,24.1,223.6,40.9,1099,9.37,0,1,1,mountain,weathered_rock,fair,8.704,medium
SEG-0066,2026-07-23,20.9,42.9,215.3,40.9,1099,9.37,0,1,1,mountain,weathered_rock,fair,9.292,medium
SEG-0066,2026-07-24,2.9,37.5,202.7,40.9,1099,9.37,0,1,1,mountain,weathered_rock,fair,8.811,medium
SEG-0066,2026-07-25,18.5,42.3,124.3,40.9,1099,9.37,0,1,1,mountain,weathered_rock,fair,8.986,medium
SEG-0066,2026-07-26,18.6,40.0,85.0,40.9,1099,9.37,0,1,1,mountain,weathered_rock,fair,8.819,medium
SEG-0066,2026-07-27,27.3,64.4,110.2,40.9,1099,9.37,0,1,1,mountain,weathered_rock,fair,9.671,high
SEG-0066,2026-07-28,18.4,64.3,120.3,40.9,1099,9.37,0,1,1,mountain,weathered_rock,fair,9.545,medium
SEG-0066,2026-07-29,5.1,50.8,111.7,40.9,1099,9.37,0,1,1,mountain,weathered_rock,fair,8.944,medium
SEG-0066,2026-07-30,5.7,29.2,96.5,40.9,1099,9.37,0,1,1,mountain,weathered_rock,fair,8.351,medium
SEG-0066,2026-07-31,10.6,21.4,104.2,40.9,1099,9.37,0,1,1,mountain,weathered_rock,fair,8.253,medium
SEG-0066,2026-08-01,16.4,32.7,102.1,40.9,1099,9.37,0,1,1,mountain,weathered_rock,fair,8.639,medium
SEG-0066,2026-08-02,91.4,118.4,174.9,40.9,1099,9.37,0,1,1,mountain,weathered_rock,fair,12.343,high
SEG-0066,2026-08-03,42.1,149.9,189.7,40.9,1099,9.37,0,1,1,mountain,weathered_rock,fair,12.364,high
SEG-0066,2026-08-04,41.5,175.0,212.8,40.9,1099,9.37,0,1,1,mountain,weathered_rock,fair,13.07,high
SEG-0066,2026-08-05,9.5,93.1,217.2,40.9,1099,9.37,0,1,1,mountain,weathered_rock,fair,10.409,high
SEG-0066,2026-08-06,83.2,134.2,294.7,40.9,1099,9.37,0,1,1,mountain,weathered_rock,fair,12.944,high
SEG-0066,2026-08-07,47.6,140.3,331.7,40.9,1099,9.37,0,1,1,mountain,weathered_rock,fair,12.599,high
SEG-0066,2026-08-08,48.6,179.4,363.9,40.9,1099,9.37,0,1,1,mountain,weathered_rock,fair,13.721,high
SEG-0066,2026-08-09,21.2,117.4,293.7,40.9,1099,9.37,0,1,1,mountain,weathered_rock,fair,11.45,high
SEG-0066,2026-08-10,18.8,88.6,270.4,40.9,1099,9.37,0,1,1,mountain,weathered_rock,fair,10.596,high
SEG-0066,2026-08-11,9.7,49.7,238.6,40.9,1099,9.37,0,1,1,mountain,weathered_rock,fair,9.343,medium
SEG-0066,2026-08-12,2.0,30.5,231.1,40.9,1099,9.37,0,1,1,mountain,weathered_rock,fair,8.692,medium
SEG-0066,2026-08-13,59.5,71.2,207.4,40.9,1099,9.37,0,1,1,mountain,weathered_rock,fair,10.663,high
SEG-0066,2026-08-14,27.0,88.5,186.8,40.9,1099,9.37,0,1,1,mountain,weathered_rock,fair,10.503,high
SEG-0066,2026-08-15,4.9,91.4,143.1,40.9,1099,9.37,0,1,1,mountain,weathered_rock,fair,10.083,high
SEG-0066,2026-08-16,5.5,37.4,127.4,40.9,1099,9.37,0,1,1,mountain,weathered_rock,fair,8.646,medium
SEG-0066,2026-08-17,4.1,14.5,112.7,40.9,1099,9.37,0,1,1,mountain,weathered_rock,fair,7.986,medium
SEG-0066,2026-08-18,16.8,26.4,119.8,40.9,1099,9.37,0,1,1,mountain,weathered_rock,fair,8.531,medium
SEG-0066,2026-08-19,18.1,39.0,135.9,40.9,1099,9.37,0,1,1,mountain,weathered_rock,fair,8.925,medium
SEG-0066,2026-08-20,23.3,58.2,99.7,40.9,1099,9.37,0,1,1,mountain,weathered_rock,fair,9.413,medium
SEG-0066,2026-08-21,6.6,48.0,79.3,40.9,1099,9.37,0,1,1,mountain,weathered_rock,fair,8.808,medium
SEG-0066,2026-08-22,23.2,53.1,97.6,40.9,1099,9.37,0,1,1,mountain,weathered_rock,fair,9.273,medium
SEG-0066,2026-08-23,11.7,41.5,103.8,40.9,1099,9.37,0,1,1,mountain,weathered_rock,fair,8.793,medium
SEG-0066,2026-08-24,16.9,51.8,116.6,40.9,1099,9.37,0,1,1,mountain,weathered_rock,fair,9.184,medium
SEG-0066,2026-08-25,20.6,49.2,120.4,40.9,1099,9.37,0,1,1,mountain,weathered_rock,fair,9.19,medium
SEG-0066,2026-08-26,9.4,46.9,111.7,40.9,1099,9.37,0,1,1,mountain,weathered_rock,fair,8.916,medium
SEG-0066,2026-08-27,14.8,44.8,103.2,40.9,1099,9.37,0,1,1,mountain,weathered_rock,fair,8.93,medium
SEG-0066,2026-08-28,7.3,31.5,103.9,40.9,1099,9.37,0,1,1,mountain,weathered_rock,fair,8.458,medium
SEG-0066,2026-08-29,50.2,72.3,130.9,40.9,1099,9.37,0,1,1,mountain,weathered_rock,fair,10.323,high
SEG-0066,2026-08-30,28.9,86.4,148.1,40.9,1099,9.37,0,1,1,mountain,weathered_rock,fair,10.375,high
SEG-0066,2026-08-31,30.2,109.3,161.4,40.9,1099,9.37,0,1,1,mountain,weathered_rock,fair,11.029,high
SEG-0066,2026-09-01,9.3,68.4,150.1,40.9,1099,9.37,0,1,1,mountain,weathered_rock,fair,9.579,medium
SEG-0066,2026-09-02,9.9,49.4,150.6,40.9,1099,9.37,0,1,1,mountain,weathered_rock,fair,9.096,medium
SEG-0066,2026-09-03,13.1,32.3,148.9,40.9,1099,9.37,0,1,1,mountain,weathered_rock,fair,8.702,medium
SEG-0066,2026-09-04,8.9,31.9,150.5,40.9,1099,9.37,0,1,1,mountain,weathered_rock,fair,8.624,medium
SEG-0066,2026-09-05,7.8,29.8,108.1,40.9,1099,9.37,0,1,1,mountain,weathered_rock,fair,8.434,medium
SEG-0066,2026-09-06,7.0,23.7,86.2,40.9,1099,9.37,0,1,1,mountain,weathered_rock,fair,8.202,medium
SEG-0066,2026-09-07,8.6,23.4,64.6,40.9,1099,9.37,0,1,1,mountain,weathered_rock,fair,8.162,medium
SEG-0066,2026-09-08,41.3,56.9,96.6,40.9,1099,9.37,0,1,1,mountain,weathered_rock,fair,9.677,high
SEG-0066,2026-09-09,24.1,74.0,110.8,40.9,1099,9.37,0,1,1,mountain,weathered_rock,fair,9.868,high
SEG-0066,2026-09-10,13.5,78.9,111.2,40.9,1099,9.37,0,1,1,mountain,weathered_rock,fair,9.816,medium
SEG-0066,2026-09-11,12.7,50.3,115.0,40.9,1099,9.37,0,1,1,mountain,weathered_rock,fair,9.069,medium
SEG-0066,2026-09-12,9.8,36.0,117.0,40.9,1099,9.37,0,1,1,mountain,weathered_rock,fair,8.654,medium
SEG-0066,2026-09-13,11.8,34.3,121.8,40.9,1099,9.37,0,1,1,mountain,weathered_rock,fair,8.657,medium
SEG-0066,2026-09-14,16.5,38.1,129.7,40.9,1099,9.37,0,1,1,mountain,weathered_rock,fair,8.857,medium
SEG-0066,2026-09-15,12.0,40.3,100.4,40.9,1099,9.37,0,1,1,mountain,weathered_rock,fair,8.757,medium
SEG-0066,2026-09-16,4.3,32.8,80.6,40.9,1099,9.37,0,1,1,mountain,weathered_rock,fair,8.377,medium
SEG-0067,2026-05-20,10.5,10.5,10.5,17.3,231,7.86,1,2,1,hilly,lateritic,fair,4.429,low
SEG-0067,2026-05-21,2.8,13.3,13.3,17.3,231,7.86,1,2,1,hilly,lateritic,fair,4.379,low
SEG-0067,2026-05-22,19.0,32.3,32.3,17.3,231,7.86,1,2,1,hilly,lateritic,fair,5.201,low
SEG-0067,2026-05-23,19.2,41.0,51.5,17.3,231,7.86,1,2,1,hilly,lateritic,fair,5.483,low
SEG-0067,2026-05-24,18.3,56.5,69.8,17.3,231,7.86,1,2,1,hilly,lateritic,fair,5.921,low
SEG-0067,2026-05-25,16.2,53.7,86.0,17.3,231,7.86,1,2,1,hilly,lateritic,fair,5.857,low
SEG-0067,2026-05-26,6.8,41.3,92.8,17.3,231,7.86,1,2,1,hilly,lateritic,fair,5.394,low
SEG-0067,2026-05-27,16.2,39.2,98.5,17.3,231,7.86,1,2,1,hilly,lateritic,fair,5.514,low
SEG-0067,2026-05-28,2.1,25.1,97.8,17.3,231,7.86,1,2,1,hilly,lateritic,fair,4.906,low
SEG-0067,2026-05-29,16.0,34.3,94.8,17.3,231,7.86,1,2,1,hilly,lateritic,fair,5.373,low
SEG-0067,2026-05-30,39.1,57.2,114.7,17.3,231,7.86,1,2,1,hilly,lateritic,fair,6.416,low
SEG-0067,2026-05-31,22.0,77.1,118.4,17.3,231,7.86,1,2,1,hilly,lateritic,fair,6.653,medium
SEG-0067,2026-06-01,11.2,72.3,113.4,17.3,231,7.86,1,2,1,hilly,lateritic,fair,6.331,low
SEG-0067,2026-06-02,20.2,53.4,126.8,17.3,231,7.86,1,2,1,hilly,lateritic,fair,6.029,low
SEG-0067,2026-06-03,23.8,55.2,134.4,17.3,231,7.86,1,2,1,hilly,lateritic,fair,6.158,low
SEG-0067,2026-06-04,28.3,72.3,160.6,17.3,231,7.86,1,2,1,hilly,lateritic,fair,6.752,medium
SEG-0067,2026-06-05,2.6,54.7,147.2,17.3,231,7.86,1,2,1,hilly,lateritic,fair,5.82,low
SEG-0067,2026-06-06,2.8,33.7,110.9,17.3,231,7.86,1,2,1,hilly,lateritic,fair,5.178,low
SEG-0067,2026-06-07,16.5,21.9,105.4,17.3,231,7.86,1,2,1,hilly,lateritic,fair,5.089,low
SEG-0067,2026-06-08,17.7,37.0,111.9,17.3,231,7.86,1,2,1,hilly,lateritic,fair,5.52,low
SEG-0067,2026-06-09,8.2,42.4,99.9,17.3,231,7.86,1,2,1,hilly,lateritic,fair,5.465,low
SEG-0067,2026-06-10,3.5,29.4,79.6,17.3,231,7.86,1,2,1,hilly,lateritic,fair,4.992,low
SEG-0067,2026-06-11,68.2,79.9,119.5,17.3,231,7.86,1,2,1,hilly,lateritic,fair,7.514,medium
SEG-0067,2026-06-12,46.1,117.8,163.0,17.3,231,7.86,1,2,1,hilly,lateritic,fair,8.244,medium
SEG-0067,2026-06-13,55.7,170.0,215.9,17.3,231,7.86,1,2,1,hilly,lateritic,fair,9.91,medium
SEG-0067,2026-06-14,58.2,160.0,257.6,17.3,231,7.86,1,2,1,hilly,lateritic,fair,9.807,high
SEG-0067,2026-06-15,4.2,118.1,244.1,17.3,231,7.86,1,2,1,hilly,lateritic,fair,7.762,medium
SEG-0067,2026-06-16,20.8,83.2,256.7,17.3,231,7.86,1,2,1,hilly,lateritic,fair,7.172,medium
SEG-0067,2026-06-17,14.1,39.1,267.3,17.3,231,7.86,1,2,1,hilly,lateritic,fair,5.94,low
SEG-0067,2026-06-18,28.3,63.2,227.4,17.3,231,7.86,1,2,1,hilly,lateritic,fair,6.699,medium
SEG-0067,2026-06-19,3.6,46.0,184.9,17.3,231,7.86,1,2,1,hilly,lateritic,fair,5.715,low
SEG-0067,2026-06-20,11.1,43.0,140.3,17.3,231,7.86,1,2,1,hilly,lateritic,fair,5.641,low
SEG-0067,2026-06-21,16.7,31.4,98.8,17.3,231,7.86,1,2,1,hilly,lateritic,fair,5.321,low
SEG-0067,2026-06-22,79.9,107.7,174.5,17.3,231,7.86,1,2,1,hilly,lateritic,fair,8.587,medium
SEG-0067,2026-06-23,40.0,136.6,193.7,17.3,231,7.86,1,2,1,hilly,lateritic,fair,8.713,medium
SEG-0067,2026-06-24,19.8,139.7,199.4,17.3,231,7.86,1,2,1,hilly,lateritic,fair,8.466,medium
SEG-0067,2026-06-25,25.6,85.4,196.7,17.3,231,7.86,1,2,1,hilly,lateritic,fair,7.145,medium
SEG-0067,2026-06-26,14.2,59.6,207.3,17.3,231,7.86,1,2,1,hilly,lateritic,fair,6.31,low
SEG-0067,2026-06-27,18.7,58.5,214.9,17.3,231,7.86,1,2,1,hilly,lateritic,fair,6.379,low
SEG-0067,2026-06-28,97.5,130.4,295.7,17.3,231,7.86,1,2,1,hilly,lateritic,fair,9.81,medium
SEG-0067,2026-06-29,50.2,166.4,266.0,17.3,231,7.86,1,2,1,hilly,lateritic,fair,9.86,medium
SEG-0067,2026-06-30,56.3,204.0,282.3,17.3,231,7.86,1,2,1,hilly,lateritic,fair,10.986,high
SEG-0067,2026-07-01,9.4,115.9,271.9,17.3,231,7.86,1,2,1,hilly,lateritic,fair,7.87,medium
SEG-0067,2026-07-02,106.0,171.7,352.3,17.3,231,7.86,1,2,1,hilly,lateritic,fair,11.184,high
SEG-0067,2026-07-03,68.8,184.2,406.9,17.3,231,7.86,1,2,1,hilly,lateritic,fair,11.027,high
SEG-0067,2026-07-04,15.3,190.1,403.5,17.3,231,7.86,1,2,1,hilly,lateritic,fair,10.261,high
SEG-0067,2026-07-05,22.2,106.3,328.2,17.3,231,7.86,1,2,1,hilly,lateritic,fair,7.993,medium
SEG-0067,2026-07-06,31.8,69.3,309.8,17.3,231,7.86,1,2,1,hilly,lateritic,fair,7.143,medium
SEG-0067,2026-07-07,28.5,82.5,282.0,17.3,231,7.86,1,2,1,hilly,lateritic,fair,7.354,medium
SEG-0067,2026-07-08,6.2,66.5,278.8,17.3,231,7.86,1,2,1,hilly,lateritic,fair,6.55,medium
SEG-0067,2026-07-09,19.5,54.2,192.3,17.3,231,7.86,1,2,1,hilly,lateritic,fair,6.218,low
SEG-0067,2026-07-10,22.4,48.1,145.9,17.3,231,7.86,1,2,1,hilly,lateritic,fair,5.982,low
SEG-0067,2026-07-11,15.1,57.0,145.7,17.3,231,7.86,1,2,1,hilly,lateritic,fair,6.088,low
SEG-0067,2026-07-12,19.5,57.0,143.0,17.3,231,7.86,1,2,1,hilly,lateritic,fair,6.156,medium
SEG-0067,2026-07-13,12.8,47.4,124.0,17.3,231,7.86,1,2,1,hilly,lateritic,fair,5.74,low
SEG-0067,2026-07-14,2.3,34.6,97.8,17.3,231,7.86,1,2,1,hilly,lateritic,fair,5.157,low
SEG-0067,2026-07-15,117.1,132.2,208.7,17.3,231,7.86,1,2,1,hilly,lateritic,fair,9.951,high
SEG-0067,2026-07-16,53.4,172.8,242.6,17.3,231,7.86,1,2,1,hilly,lateritic,fair,10.017,high
SEG-0067,2026-07-17,54.4,224.9,274.6,17.3,231,7.86,1,2,1,hilly,lateritic,fair,11.476,high
SEG-0067,2026-07-18,26.1,133.9,285.6,17.3,231,7.86,1,2,1,hilly,lateritic,fair,8.659,medium
SEG-0067,2026-07-19,25.5,106.0,291.6,17.3,231,7.86,1,2,1,hilly,lateritic,fair,7.94,medium
SEG-0067,2026-07-20,0.3,51.9,279.1,17.3,231,7.86,1,2,1,hilly,lateritic,fair,6.071,medium
SEG-0067,2026-07-21,20.1,45.9,296.9,17.3,231,7.86,1,2,1,hilly,lateritic,fair,6.301,low
SEG-0067,2026-07-22,18.0,38.4,197.8,17.3,231,7.86,1,2,1,hilly,lateritic,fair,5.797,low
SEG-0067,2026-07-23,20.1,58.2,164.5,17.3,231,7.86,1,2,1,hilly,lateritic,fair,6.256,medium
SEG-0067,2026-07-24,15.8,53.9,125.9,17.3,231,7.86,1,2,1,hilly,lateritic,fair,5.965,low
SEG-0067,2026-07-25,5.7,41.6,105.5,17.3,231,7.86,1,2,1,hilly,lateritic,fair,5.418,low
SEG-0067,2026-07-26,19.5,41.0,99.5,17.3,231,7.86,1,2,1,hilly,lateritic,fair,5.62,low
SEG-0067,2026-07-27,14.4,39.6,113.6,17.3,231,7.86,1,2,1,hilly,lateritic,fair,5.536,low
SEG-0067,2026-07-28,8.9,42.8,102.4,17.3,231,7.86,1,2,1,hilly,lateritic,fair,5.495,low
SEG-0067,2026-07-29,16.3,39.6,100.7,17.3,231,7.86,1,2,1,hilly,lateritic,fair,5.533,low
SEG-0067,2026-07-30,19.6,44.8,100.2,17.3,231,7.86,1,2,1,hilly,lateritic,fair,5.722,low
SEG-0067,2026-07-31,13.2,49.1,97.6,17.3,231,7.86,1,2,1,hilly,lateritic,fair,5.718,low
SEG-0067,2026-08-01,0.6,33.4,92.5,17.3,231,7.86,1,2,1,hilly,lateritic,fair,5.082,low
SEG-0067,2026-08-02,9.7,23.5,82.7,17.3,231,7.86,1,2,1,hilly,lateritic,fair,4.952,low
SEG-0067,2026-08-03,2.2,12.5,70.5,17.3,231,7.86,1,2,1,hilly,lateritic,fair,4.505,low
SEG-0067,2026-08-04,4.2,16.1,65.8,17.3,231,7.86,1,2,1,hilly,lateritic,fair,4.62,low
SEG-0067,2026-08-05,24.4,30.8,73.9,17.3,231,7.86,1,2,1,hilly,lateritic,fair,5.368,low
SEG-0067,2026-08-06,17.4,46.0,71.7,17.3,231,7.86,1,2,1,hilly,lateritic,fair,5.638,low
SEG-0067,2026-08-07,21.4,63.2,79.9,17.3,231,7.86,1,2,1,hilly,lateritic,fair,6.176,medium
SEG-0067,2026-08-08,5.8,44.6,85.1,17.3,231,7.86,1,2,1,hilly,lateritic,fair,5.441,low
SEG-0067,2026-08-09,23.5,50.7,98.9,17.3,231,7.86,1,2,1,hilly,lateritic,fair,5.939,low
SEG-0067,2026-08-10,20.2,49.5,116.9,17.3,231,7.86,1,2,1,hilly,lateritic,fair,5.901,low
SEG-0067,2026-08-11,4.5,48.2,117.2,17.3,231,7.86,1,2,1,hilly,lateritic,fair,5.601,low
SEG-0067,2026-08-12,23.3,48.0,116.1,17.3,231,7.86,1,2,1,hilly,lateritic,fair,5.912,low
SEG-0067,2026-08-13,0.5,28.3,99.2,17.3,231,7.86,1,2,1,hilly,lateritic,fair,4.966,low
SEG-0067,2026-08-14,3.3,27.1,81.1,17.3,231,7.86,1,2,1,hilly,lateritic,fair,4.933,low
SEG-0067,2026-08-15,4.4,8.2,79.7,17.3,231,7.86,1,2,1,hilly,lateritic,fair,4.456,low
SEG-0067,2026-08-16,46.4,54.1,102.6,17.3,231,7.86,1,2,1,hilly,lateritic,fair,6.426,low
SEG-0067,2026-08-17,40.4,91.2,122.8,17.3,231,7.86,1,2,1,hilly,lateritic,fair,7.345,medium
SEG-0067,2026-08-18,39.6,126.4,157.9,17.3,231,7.86,1,2,1,hilly,lateritic,fair,8.343,medium
SEG-0067,2026-08-19,23.4,103.4,158.0,17.3,231,7.86,1,2,1,hilly,lateritic,fair,7.47,medium
SEG-0067,2026-08-20,85.0,148.0,242.5,17.3,231,7.86,1,2,1,hilly,lateritic,fair,9.909,medium
SEG-0067,2026-08-21,25.6,134.0,264.8,17.3,231,7.86,1,2,1,hilly,lateritic,fair,8.596,medium
SEG-0067,2026-08-22,46.0,156.6,306.4,17.3,231,7.86,1,2,1,hilly,lateritic,fair,9.645,high
SEG-0067,2026-08-23,9.9,81.5,269.9,17.3,231,7.86,1,2,1,hilly,lateritic,fair,6.978,medium
SEG-0067,2026-08-24,17.8,73.7,247.3,17.3,231,7.86,1,2,1,hilly,lateritic,fair,6.848,medium
SEG-0067,2026-08-25,3.6,31.3,211.3,17.3,231,7.86,1,2,1,hilly,lateritic,fair,5.405,low
SEG-0067,2026-08-26,22.1,43.5,210.0,17.3,231,7.86,1,2,1,hilly,lateritic,fair,6.033,low
SEG-0067,2026-08-27,1.0,26.7,126.0,17.3,231,7.86,1,2,1,hilly,lateritic,fair,5.007,low
SEG-0067,2026-08-28,12.6,35.7,113.0,17.3,231,7.86,1,2,1,hilly,lateritic,fair,5.402,low
SEG-0067,2026-08-29,50.9,64.5,117.9,17.3,231,7.86,1,2,1,hilly,lateritic,fair,6.815,medium
SEG-0067,2026-08-30,37.9,101.4,145.9,17.3,231,7.86,1,2,1,hilly,lateritic,fair,7.631,medium
SEG-0067,2026-08-31,28.4,117.2,156.5,17.3,231,7.86,1,2,1,hilly,lateritic,fair,7.909,medium
SEG-0067,2026-09-01,32.5,98.8,185.4,17.3,231,7.86,1,2,1,hilly,lateritic,fair,7.58,medium
SEG-0067,2026-09-02,6.6,67.5,169.9,17.3,231,7.86,1,2,1,hilly,lateritic,fair,6.283,low
SEG-0067,2026-09-03,15.9,55.0,184.8,17.3,231,7.86,1,2,1,hilly,lateritic,fair,6.157,low
SEG-0067,2026-09-04,16.5,39.0,188.7,17.3,231,7.86,1,2,1,hilly,lateritic,fair,5.762,low
SEG-0067,2026-09-05,9.5,41.9,147.3,17.3,231,7.86,1,2,1,hilly,lateritic,fair,5.605,low
SEG-0067,2026-09-06,4.6,30.6,114.0,17.3,231,7.86,1,2,1,hilly,lateritic,fair,5.136,low
SEG-0067,2026-09-07,8.6,22.7,94.2,17.3,231,7.86,1,2,1,hilly,lateritic,fair,4.944,low
SEG-0067,2026-09-08,14.7,27.9,76.4,17.3,231,7.86,1,2,1,hilly,lateritic,fair,5.134,low
SEG-0067,2026-09-09,5.7,29.0,75.5,17.3,231,7.86,1,2,1,hilly,lateritic,fair,5.007,low
SEG-0067,2026-09-10,11.8,32.2,71.4,17.3,231,7.86,1,2,1,hilly,lateritic,fair,5.183,low
SEG-0067,2026-09-11,4.7,22.2,59.6,17.3,231,7.86,1,2,1,hilly,lateritic,fair,4.77,low
SEG-0067,2026-09-12,38.5,55.0,88.6,17.3,231,7.86,1,2,1,hilly,lateritic,fair,6.277,low
SEG-0067,2026-09-13,32.6,75.8,116.6,17.3,231,7.86,1,2,1,hilly,lateritic,fair,6.795,medium
SEG-0067,2026-09-14,30.9,102.0,138.9,17.3,231,7.86,1,2,1,hilly,lateritic,fair,7.508,medium
SEG-0067,2026-09-15,23.2,86.7,147.4,17.3,231,7.86,1,2,1,hilly,lateritic,fair,7.003,medium
SEG-0067,2026-09-16,16.1,70.2,157.8,17.3,231,7.86,1,2,1,hilly,lateritic,fair,6.482,low
SEG-0068,2026-05-20,7.6,7.6,7.6,40.7,433,10.09,0,4,1,mountain,weathered_rock,poor,8.248,medium
SEG-0068,2026-05-21,13.0,20.6,20.6,40.7,433,10.09,0,4,1,mountain,weathered_rock,poor,8.713,medium
SEG-0068,2026-05-22,12.9,33.5,33.5,40.7,433,10.09,0,4,1,mountain,weathered_rock,poor,9.082,medium
SEG-0068,2026-05-23,14.9,40.8,48.4,40.7,433,10.09,0,4,1,mountain,weathered_rock,poor,9.347,medium
SEG-0068,2026-05-24,11.7,39.5,60.1,40.7,433,10.09,0,4,1,mountain,weathered_rock,poor,9.291,medium
SEG-0068,2026-05-25,15.8,42.4,75.9,40.7,433,10.09,0,4,1,mountain,weathered_rock,poor,9.48,high
SEG-0068,2026-05-26,6.7,34.2,82.6,40.7,433,10.09,0,4,1,mountain,weathered_rock,poor,9.13,medium
SEG-0068,2026-05-27,5.8,28.3,80.8,40.7,433,10.09,0,4,1,mountain,weathered_rock,poor,8.956,high
SEG-0068,2026-05-28,0.2,12.7,68.0,40.7,433,10.09,0,4,1,mountain,weathered_rock,poor,8.42,medium
SEG-0068,2026-05-29,3.3,9.3,58.4,40.7,433,10.09,0,4,1,mountain,weathered_rock,poor,8.358,medium
SEG-0068,2026-05-30,16.3,19.8,59.8,40.7,433,10.09,0,4,1,mountain,weathered_rock,poor,8.856,medium
SEG-0068,2026-05-31,11.3,30.9,59.4,40.7,433,10.09,0,4,1,mountain,weathered_rock,poor,9.059,medium
SEG-0068,2026-06-01,6.7,34.3,50.3,40.7,433,10.09,0,4,1,mountain,weathered_rock,poor,9.044,medium
SEG-0068,2026-06-02,11.3,29.3,54.9,40.7,433,10.09,0,4,1,mountain,weathered_rock,poor,9.005,medium
SEG-0068,2026-06-03,63.3,81.3,112.4,40.7,433,10.09,0,4,1,mountain,weathered_rock,poor,11.399,high
SEG-0068,2026-06-04,39.4,114.0,151.6,40.7,433,10.09,0,4,1,mountain,weathered_rock,poor,11.951,high
SEG-0068,2026-06-05,3.8,106.5,152.1,40.7,433,10.09,0,4,1,mountain,weathered_rock,poor,11.152,high
SEG-0068,2026-06-06,2.7,45.9,138.5,40.7,433,10.09,0,4,1,mountain,weathered_rock,poor,9.52,medium
SEG-0068,2026-06-07,3.9,10.4,131.1,40.7,433,10.09,0,4,1,mountain,weathered_rock,poor,8.597,medium
SEG-0068,2026-06-08,23.9,30.5,148.3,40.7,433,10.09,0,4,1,mountain,weathered_rock,poor,9.507,high
SEG-0068,2026-06-09,22.3,50.1,159.3,40.7,433,10.09,0,4,1,mountain,weathered_rock,poor,10.02,high
SEG-0068,2026-06-10,21.6,67.8,117.6,40.7,433,10.09,0,4,1,mountain,weathered_rock,poor,10.353,high
SEG-0068,2026-06-11,10.6,54.5,88.8,40.7,433,10.09,0,4,1,mountain,weathered_rock,poor,9.741,high
SEG-0068,2026-06-12,2.1,34.3,87.1,40.7,433,10.09,0,4,1,mountain,weathered_rock,poor,9.067,medium
SEG-0068,2026-06-13,79.3,92.0,163.7,40.7,433,10.09,0,4,1,mountain,weathered_rock,poor,12.09,high
SEG-0068,2026-06-14,40.8,122.2,200.6,40.7,433,10.09,0,4,1,mountain,weathered_rock,poor,12.322,high
SEG-0068,2026-06-15,27.1,147.2,203.8,40.7,433,10.09,0,4,1,mountain,weathered_rock,poor,12.748,high
SEG-0068,2026-06-16,13.2,81.1,194.7,40.7,433,10.09,0,4,1,mountain,weathered_rock,poor,10.768,high
SEG-0068,2026-06-17,8.9,49.2,182.0,40.7,433,10.09,0,4,1,mountain,weathered_rock,poor,9.831,high
SEG-0068,2026-06-18,24.8,46.9,196.2,40.7,433,10.09,0,4,1,mountain,weathered_rock,poor,10.08,high
SEG-0068,2026-06-19,49.4,83.1,243.5,40.7,433,10.09,0,4,1,mountain,weathered_rock,poor,11.57,high
SEG-0068,2026-06-20,47.2,121.4,211.4,40.7,433,10.09,0,4,1,mountain,weathered_rock,poor,12.44,high
SEG-0068,2026-06-21,49.9,146.5,220.5,40.7,433,10.09,0,4,1,mountain,weathered_rock,poor,13.164,high
SEG-0068,2026-06-22,29.5,126.6,222.9,40.7,433,10.09,0,4,1,mountain,weathered_rock,poor,12.306,high
SEG-0068,2026-06-23,21.4,100.8,231.1,40.7,433,10.09,0,4,1,mountain,weathered_rock,poor,11.52,high
SEG-0068,2026-06-24,3.6,54.5,225.8,40.7,433,10.09,0,4,1,mountain,weathered_rock,poor,9.999,high
SEG-0068,2026-06-25,3.2,28.2,204.2,40.7,433,10.09,0,4,1,mountain,weathered_rock,poor,9.249,medium
SEG-0068,2026-06-26,24.4,31.2,179.2,40.7,433,10.09,0,4,1,mountain,weathered_rock,poor,9.619,medium
SEG-0068,2026-06-27,0.4,28.0,132.4,40.7,433,10.09,0,4,1,mountain,weathered_rock,poor,8.999,medium
SEG-0068,2026-06-28,23.4,48.2,105.9,40.7,433,10.09,0,4,1,mountain,weathered_rock,poor,9.842,medium
SEG-0068,2026-06-29,16.9,40.7,93.3,40.7,433,10.09,0,4,1,mountain,weathered_rock,poor,9.502,medium
SEG-0068,2026-06-30,82.6,122.9,154.5,40.7,433,10.09,0,4,1,mountain,weathered_rock,poor,12.924,high
SEG-0068,2026-07-01,42.4,141.9,193.3,40.7,433,10.09,0,4,1,mountain,weathered_rock,poor,12.842,high
SEG-0068,2026-07-02,24.9,149.9,215.0,40.7,433,10.09,0,4,1,mountain,weathered_rock,poor,12.812,high
SEG-0068,2026-07-03,1.5,68.8,192.1,40.7,433,10.09,0,4,1,mountain,weathered_rock,poor,10.242,high
SEG-0068,2026-07-04,4.6,31.0,196.3,40.7,433,10.09,0,4,1,mountain,weathered_rock,poor,9.324,medium
SEG-0068,2026-07-05,17.8,23.9,190.7,40.7,433,10.09,0,4,1,mountain,weathered_rock,poor,9.348,medium
SEG-0068,2026-07-06,4.6,27.0,178.4,40.7,433,10.09,0,4,1,mountain,weathered_rock,poor,9.171,medium
SEG-0068,2026-07-07,16.7,39.1,112.5,40.7,433,10.09,0,4,1,mountain,weathered_rock,poor,9.51,medium
SEG-0068,2026-07-08,6.6,27.9,76.7,40.7,433,10.09,0,4,1,mountain,weathered_rock,poor,8.948,medium
SEG-0068,2026-07-09,75.6,98.9,127.4,40.7,433,10.09,0,4,1,mountain,weathered_rock,poor,12.107,high
SEG-0068,2026-07-10,41.4,123.6,167.3,40.7,433,10.09,0,4,1,mountain,weathered_rock,poor,12.277,high
SEG-0068,2026-07-11,35.4,152.4,198.1,40.7,433,10.09,0,4,1,mountain,weathered_rock,poor,13.009,high
SEG-0068,2026-07-12,56.4,133.2,236.7,40.7,433,10.09,0,4,1,mountain,weathered_rock,poor,12.973,high
SEG-0068,2026-07-13,22.8,114.6,254.9,40.7,433,10.09,0,4,1,mountain,weathered_rock,poor,11.968,high
SEG-0068,2026-07-14,2.5,81.7,240.7,40.7,433,10.09,0,4,1,mountain,weathered_rock,poor,10.728,high
SEG-0068,2026-07-15,8.0,33.3,242.1,40.7,433,10.09,0,4,1,mountain,weathered_rock,poor,9.567,medium
SEG-0068,2026-07-16,25.7,36.2,192.2,40.7,433,10.09,0,4,1,mountain,weathered_rock,poor,9.807,medium
SEG-0068,2026-07-17,1.2,34.9,152.0,40.7,433,10.09,0,4,1,mountain,weathered_rock,poor,9.246,medium
SEG-0068,2026-07-18,23.0,49.9,139.6,40.7,433,10.09,0,4,1,mountain,weathered_rock,poor,9.972,high
SEG-0068,2026-07-19,70.7,94.9,153.9,40.7,433,10.09,0,4,1,mountain,weathered_rock,poor,11.992,high
SEG-0068,2026-07-20,29.3,123.0,160.4,40.7,433,10.09,0,4,1,mountain,weathered_rock,poor,12.037,high
SEG-0068,2026-07-21,47.8,147.8,205.7,40.7,433,10.09,0,4,1,mountain,weathered_rock,poor,13.121,high
SEG-0068,2026-07-22,34.8,111.9,232.5,40.7,433,10.09,0,4,1,mountain,weathered_rock,poor,12.04,high
SEG-0068,2026-07-23,11.1,93.7,217.9,40.7,433,10.09,0,4,1,mountain,weathered_rock,poor,11.124,high
SEG-0068,2026-07-24,17.7,63.6,234.4,40.7,433,10.09,0,4,1,mountain,weathered_rock,poor,10.499,high
SEG-0068,2026-07-25,26.9,55.7,238.3,40.7,433,10.09,0,4,1,mountain,weathered_rock,poor,10.461,high
SEG-0068,2026-07-26,13.4,58.0,181.0,40.7,433,10.09,0,4,1,mountain,weathered_rock,poor,10.133,high
SEG-0068,2026-07-27,22.3,62.6,174.0,40.7,433,10.09,0,4,1,mountain,weathered_rock,poor,10.385,high
SEG-0068,2026-07-28,21.7,57.4,147.9,40.7,433,10.09,0,4,1,mountain,weathered_rock,poor,10.168,high
SEG-0068,2026-07-29,25.9,69.9,139.0,40.7,433,10.09,0,4,1,mountain,weathered_rock,poor,10.54,high
SEG-0068,2026-07-30,14.5,62.1,142.4,40.7,433,10.09,0,4,1,mountain,weathered_rock,poor,10.153,high
SEG-0068,2026-07-31,13.0,53.4,137.7,40.7,433,10.09,0,4,1,mountain,weathered_rock,poor,9.888,medium
SEG-0068,2026-08-01,4.2,31.7,115.0,40.7,433,10.09,0,4,1,mountain,weathered_rock,poor,9.112,medium
SEG-0068,2026-08-02,1.7,18.9,103.3,40.7,433,10.09,0,4,1,mountain,weathered_rock,poor,8.704,medium
SEG-0068,2026-08-03,21.0,26.9,102.0,40.7,433,10.09,0,4,1,mountain,weathered_rock,poor,9.237,medium
SEG-0068,2026-08-04,9.3,32.0,89.6,40.7,433,10.09,0,4,1,mountain,weathered_rock,poor,9.136,medium
SEG-0068,2026-08-05,18.4,48.7,82.1,40.7,433,10.09,0,4,1,mountain,weathered_rock,poor,9.705,medium
SEG-0068,2026-08-06,10.7,38.4,78.3,40.7,433,10.09,0,4,1,mountain,weathered_rock,poor,9.295,medium
SEG-0068,2026-08-07,19.8,48.9,85.1,40.7,433,10.09,0,4,1,mountain,weathered_rock,poor,9.742,high
SEG-0068,2026-08-08,18.7,49.2,99.6,40.7,433,10.09,0,4,1,mountain,weathered_rock,poor,9.771,high
SEG-0068,2026-08-09,11.8,50.3,109.7,40.7,433,10.09,0,4,1,mountain,weathered_rock,poor,9.71,medium
SEG-0068,2026-08-10,3.6,34.1,92.3,40.7,433,10.09,0,4,1,mountain,weathered_rock,poor,9.101,medium
SEG-0068,2026-08-11,4.5,19.9,87.5,40.7,433,10.09,0,4,1,mountain,weathered_rock,poor,8.734,medium
SEG-0068,2026-08-12,21.5,29.6,90.6,40.7,433,10.09,0,4,1,mountain,weathered_rock,poor,9.284,medium
SEG-0068,2026-08-13,20.9,46.9,100.8,40.7,433,10.09,0,4,1,mountain,weathered_rock,poor,9.752,high
SEG-0068,2026-08-14,14.3,56.7,95.3,40.7,433,10.09,0,4,1,mountain,weathered_rock,poor,9.879,medium
SEG-0068,2026-08-15,14.7,49.9,91.3,40.7,433,10.09,0,4,1,mountain,weathered_rock,poor,9.698,medium
SEG-0068,2026-08-16,10.6,39.6,90.1,40.7,433,10.09,0,4,1,mountain,weathered_rock,poor,9.357,medium
SEG-0068,2026-08-17,4.9,30.2,91.4,40.7,433,10.09,0,4,1,mountain,weathered_rock,poor,9.02,medium
SEG-0068,2026-08-18,17.3,32.8,104.2,40.7,433,10.09,0,4,1,mountain,weathered_rock,poor,9.333,medium
SEG-0068,2026-08-19,21.1,43.3,103.8,40.7,433,10.09,0,4,1,mountain,weathered_rock,poor,9.67,medium
SEG-0068,2026-08-20,1.2,39.6,84.1,40.7,433,10.09,0,4,1,mountain,weathered_rock,poor,9.181,medium
SEG-0068,2026-08-21,0.3,22.6,70.1,40.7,433,10.09,0,4,1,mountain,weathered_rock,poor,8.685,medium
SEG-0068,2026-08-22,19.6,21.1,75.0,40.7,433,10.09,0,4,1,mountain,weathered_rock,poor,8.988,medium
SEG-0068,2026-08-23,19.8,39.7,84.2,40.7,433,10.09,0,4,1,mountain,weathered_rock,poor,9.5,medium
SEG-0068,2026-08-24,6.7,46.1,86.0,40.7,433,10.09,0,4,1,mountain,weathered_rock,poor,9.449,medium
SEG-0068,2026-08-25,8.3,34.8,77.0,40.7,433,10.09,0,4,1,mountain,weathered_rock,poor,9.158,medium
SEG-0068,2026-08-26,12.5,27.5,68.4,40.7,433,10.09,0,4,1,mountain,weathered_rock,poor,9.015,medium
SEG-0068,2026-08-27,18.2,39.0,85.4,40.7,433,10.09,0,4,1,mountain,weathered_rock,poor,9.458,medium
SEG-0068,2026-08-28,17.5,48.2,102.6,40.7,433,10.09,0,4,1,mountain,weathered_rock,poor,9.733,high
SEG-0068,2026-08-29,14.7,50.4,97.7,40.7,433,10.09,0,4,1,mountain,weathered_rock,poor,9.729,high
SEG-0068,2026-08-30,58.3,90.5,136.2,40.7,433,10.09,0,4,1,mountain,weathered_rock,poor,11.619,high
SEG-0068,2026-08-31,32.9,105.9,162.4,40.7,433,10.09,0,4,1,mountain,weathered_rock,poor,11.659,high
SEG-0068,2026-09-01,21.8,113.0,175.9,40.7,433,10.09,0,4,1,mountain,weathered_rock,poor,11.692,high
SEG-0068,2026-09-02,7.1,61.8,170.5,40.7,433,10.09,0,4,1,mountain,weathered_rock,poor,10.096,high
SEG-0068,2026-09-03,14.6,43.5,166.9,40.7,433,10.09,0,4,1,mountain,weathered_rock,poor,9.738,medium
SEG-0068,2026-09-04,9.6,31.3,159.0,40.7,433,10.09,0,4,1,mountain,weathered_rock,poor,9.314,high
SEG-0068,2026-09-05,13.0,37.2,157.3,40.7,433,10.09,0,4,1,mountain,weathered_rock,poor,9.521,medium
SEG-0068,2026-09-06,5.4,28.0,104.4,40.7,433,10.09,0,4,1,mountain,weathered_rock,poor,9.007,medium
SEG-0068,2026-09-07,14.1,32.5,85.6,40.7,433,10.09,0,4,1,mountain,weathered_rock,poor,9.22,medium
SEG-0068,2026-09-08,8.6,28.1,72.4,40.7,433,10.09,0,4,1,mountain,weathered_rock,poor,8.976,medium
SEG-0068,2026-09-09,12.3,35.0,77.6,40.7,433,10.09,0,4,1,mountain,weathered_rock,poor,9.232,medium
SEG-0068,2026-09-10,34.4,55.3,97.4,40.7,433,10.09,0,4,1,mountain,weathered_rock,poor,10.19,high
SEG-0068,2026-09-11,28.5,75.2,116.3,40.7,433,10.09,0,4,1,mountain,weathered_rock,poor,10.659,high
SEG-0068,2026-09-12,19.2,82.1,122.5,40.7,433,10.09,0,4,1,mountain,weathered_rock,poor,10.698,high
SEG-0068,2026-09-13,1.2,48.9,118.3,40.7,433,10.09,0,4,1,mountain,weathered_rock,poor,9.517,medium
SEG-0068,2026-09-14,0.7,21.1,104.9,40.7,433,10.09,0,4,1,mountain,weathered_rock,poor,8.749,medium
SEG-0068,2026-09-15,3.9,5.8,100.2,40.7,433,10.09,0,4,1,mountain,weathered_rock,poor,8.393,medium
SEG-0068,2026-09-16,3.1,7.7,91.0,40.7,433,10.09,0,4,1,mountain,weathered_rock,poor,8.403,medium
SEG-0069,2026-05-20,1.5,1.5,1.5,20.0,352,8.23,3,5,1,mountain,weathered_rock,poor,6.577,low
SEG-0069,2026-05-21,8.4,9.9,9.9,20.0,352,8.23,3,5,1,mountain,weathered_rock,poor,6.936,medium
SEG-0069,2026-05-22,1.2,11.1,11.1,20.0,352,8.23,3,5,1,mountain,weathered_rock,poor,6.848,medium
SEG-0069,2026-05-23,7.3,16.9,18.4,20.0,352,8.23,3,5,1,mountain,weathered_rock,poor,7.122,medium
SEG-0069,2026-05-24,17.0,25.5,35.4,20.0,352,8.23,3,5,1,mountain,weathered_rock,poor,7.558,medium
SEG-0069,2026-05-25,34.3,58.6,69.7,20.0,352,8.23,3,5,1,mountain,weathered_rock,poor,8.807,medium
SEG-0069,2026-05-26,18.2,69.5,87.9,20.0,352,8.23,3,5,1,mountain,weathered_rock,poor,8.867,medium
SEG-0069,2026-05-27,57.0,109.5,143.4,20.0,352,8.23,3,5,1,mountain,weathered_rock,poor,10.719,high
SEG-0069,2026-05-28,21.3,96.5,156.3,20.0,352,8.23,3,5,1,mountain,weathered_rock,poor,9.809,medium
SEG-0069,2026-05-29,36.3,114.6,191.4,20.0,352,8.23,3,5,1,mountain,weathered_rock,poor,10.631,high
SEG-0069,2026-05-30,27.4,85.0,211.5,20.0,352,8.23,3,5,1,mountain,weathered_rock,poor,9.766,high
SEG-0069,2026-05-31,8.0,71.7,202.5,20.0,352,8.23,3,5,1,mountain,weathered_rock,poor,9.065,medium
SEG-0069,2026-06-01,9.5,44.9,177.7,20.0,352,8.23,3,5,1,mountain,weathered_rock,poor,8.326,medium
SEG-0069,2026-06-02,13.4,30.9,172.9,20.0,352,8.23,3,5,1,mountain,weathered_rock,poor,8.015,medium
SEG-0069,2026-06-03,70.1,93.0,186.0,20.0,352,8.23,3,5,1,mountain,weathered_rock,poor,10.63,high
SEG-0069,2026-06-04,42.1,125.6,206.8,20.0,352,8.23,3,5,1,mountain,weathered_rock,poor,11.058,high
SEG-0069,2026-06-05,16.5,128.7,187.0,20.0,352,8.23,3,5,1,mountain,weathered_rock,poor,10.649,high
SEG-0069,2026-06-06,23.2,81.8,182.8,20.0,352,8.23,3,5,1,mountain,weathered_rock,poor,9.532,medium
SEG-0069,2026-06-07,4.0,43.7,178.8,20.0,352,8.23,3,5,1,mountain,weathered_rock,poor,8.204,medium
SEG-0069,2026-06-08,16.2,43.4,185.5,20.0,352,8.23,3,5,1,mountain,weathered_rock,poor,8.422,medium
SEG-0069,2026-06-09,24.0,44.2,196.1,20.0,352,8.23,3,5,1,mountain,weathered_rock,poor,8.605,medium
SEG-0069,2026-06-10,21.1,61.3,147.1,20.0,352,8.23,3,5,1,mountain,weathered_rock,poor,8.865,medium
SEG-0069,2026-06-11,26.3,71.4,131.3,20.0,352,8.23,3,5,1,mountain,weathered_rock,poor,9.173,medium
SEG-0069,2026-06-12,14.7,62.1,129.5,20.0,352,8.23,3,5,1,mountain,weathered_rock,poor,8.729,medium
SEG-0069,2026-06-13,20.2,61.2,126.5,20.0,352,8.23,3,5,1,mountain,weathered_rock,poor,8.791,medium
SEG-0069,2026-06-14,23.6,58.5,146.1,20.0,352,8.23,3,5,1,mountain,weathered_rock,poor,8.832,medium
SEG-0069,2026-06-15,20.1,63.9,150.0,20.0,352,8.23,3,5,1,mountain,weathered_rock,poor,8.924,medium
SEG-0069,2026-06-16,18.1,61.8,144.1,20.0,352,8.23,3,5,1,mountain,weathered_rock,poor,8.819,medium
SEG-0069,2026-06-17,18.8,57.0,141.8,20.0,352,8.23,3,5,1,mountain,weathered_rock,poor,8.7,medium
SEG-0069,2026-06-18,0.9,37.8,116.4,20.0,352,8.23,3,5,1,mountain,weathered_rock,poor,7.827,medium
SEG-0069,2026-06-19,26.1,45.8,127.8,20.0,352,8.23,3,5,1,mountain,weathered_rock,poor,8.494,medium
SEG-0069,2026-06-20,12.9,39.9,120.5,20.0,352,8.23,3,5,1,mountain,weathered_rock,poor,8.096,medium
SEG-0069,2026-06-21,88.8,127.8,185.7,20.0,352,8.23,3,5,1,mountain,weathered_rock,poor,11.851,high
SEG-0069,2026-06-22,42.3,144.0,207.9,20.0,352,8.23,3,5,1,mountain,weathered_rock,poor,11.543,high
SEG-0069,2026-06-23,39.9,171.0,229.7,20.0,352,8.23,3,5,1,mountain,weathered_rock,poor,12.264,high
SEG-0069,2026-06-24,55.6,137.8,266.5,20.0,352,8.23,3,5,1,mountain,weathered_rock,poor,11.769,high
SEG-0069,2026-06-25,11.6,107.1,277.2,20.0,352,8.23,3,5,1,mountain,weathered_rock,poor,10.252,high
SEG-0069,2026-06-26,24.2,91.4,275.3,20.0,352,8.23,3,5,1,mountain,weathered_rock,poor,10.053,medium
SEG-0069,2026-06-27,13.2,49.0,275.6,20.0,352,8.23,3,5,1,mountain,weathered_rock,poor,8.765,medium
SEG-0069,2026-06-28,8.5,45.9,195.3,20.0,352,8.23,3,5,1,mountain,weathered_rock,poor,8.383,medium
SEG-0069,2026-06-29,2.4,24.1,155.4,20.0,352,8.23,3,5,1,mountain,weathered_rock,poor,7.603,medium
SEG-0069,2026-06-30,2.4,13.3,117.9,20.0,352,8.23,3,5,1,mountain,weathered_rock,poor,7.219,medium
SEG-0069,2026-07-01,28.1,32.9,90.4,20.0,352,8.23,3,5,1,mountain,weathered_rock,poor,8.09,medium
SEG-0069,2026-07-02,9.7,40.2,88.5,20.0,352,8.23,3,5,1,mountain,weathered_rock,poor,7.962,medium
SEG-0069,2026-07-03,1.5,39.3,65.8,20.0,352,8.23,3,5,1,mountain,weathered_rock,poor,7.737,medium
SEG-0069,2026-07-04,25.9,37.1,78.5,20.0,352,8.23,3,5,1,mountain,weathered_rock,poor,8.129,medium
SEG-0069,2026-07-05,14.4,41.8,84.4,20.0,352,8.23,3,5,1,mountain,weathered_rock,poor,8.072,medium
SEG-0069,2026-07-06,13.1,53.4,95.1,20.0,352,8.23,3,5,1,mountain,weathered_rock,poor,8.381,medium
SEG-0069,2026-07-07,18.1,45.6,110.8,20.0,352,8.23,3,5,1,mountain,weathered_rock,poor,8.306,medium
SEG-0069,2026-07-08,4.2,35.4,86.9,20.0,352,8.23,3,5,1,mountain,weathered_rock,poor,7.739,medium
SEG-0069,2026-07-09,71.3,93.6,148.5,20.0,352,8.23,3,5,1,mountain,weathered_rock,poor,10.562,high
SEG-0069,2026-07-10,48.1,123.6,195.1,20.0,352,8.23,3,5,1,mountain,weathered_rock,poor,11.076,high
SEG-0069,2026-07-11,2.7,122.1,171.9,20.0,352,8.23,3,5,1,mountain,weathered_rock,poor,10.202,high
SEG-0069,2026-07-12,15.9,66.7,173.4,20.0,352,8.23,3,5,1,mountain,weathered_rock,poor,8.99,medium
SEG-0069,2026-07-13,15.1,33.7,175.4,20.0,352,8.23,3,5,1,mountain,weathered_rock,poor,8.124,medium
SEG-0069,2026-07-14,28.5,59.5,185.8,20.0,352,8.23,3,5,1,mountain,weathered_rock,poor,9.051,medium
SEG-0069,2026-07-15,17.6,61.2,199.2,20.0,352,8.23,3,5,1,mountain,weathered_rock,poor,8.947,medium
SEG-0069,2026-07-16,16.2,62.3,144.1,20.0,352,8.23,3,5,1,mountain,weathered_rock,poor,8.8,medium
SEG-0069,2026-07-17,20.4,54.2,116.4,20.0,352,8.23,3,5,1,mountain,weathered_rock,poor,8.585,medium
SEG-0069,2026-07-18,24.4,61.0,138.1,20.0,352,8.23,3,5,1,mountain,weathered_rock,poor,8.889,medium
SEG-0069,2026-07-19,18.4,63.2,140.6,20.0,352,8.23,3,5,1,mountain,weathered_rock,poor,8.851,medium
SEG-0069,2026-07-20,14.6,57.4,140.1,20.0,352,8.23,3,5,1,mountain,weathered_rock,poor,8.634,medium
SEG-0069,2026-07-21,17.8,50.8,129.4,20.0,352,8.23,3,5,1,mountain,weathered_rock,poor,8.488,medium
SEG-0069,2026-07-22,26.4,58.8,138.2,20.0,352,8.23,3,5,1,mountain,weathered_rock,poor,8.866,medium
SEG-0069,2026-07-23,15.5,59.7,137.5,20.0,352,8.23,3,5,1,mountain,weathered_rock,poor,8.702,medium
SEG-0069,2026-07-24,8.6,50.5,125.7,20.0,352,8.23,3,5,1,mountain,weathered_rock,poor,8.313,medium
SEG-0069,2026-07-25,23.0,47.1,124.3,20.0,352,8.23,3,5,1,mountain,weathered_rock,poor,8.466,medium
SEG-0069,2026-07-26,84.5,116.1,190.4,20.0,352,8.23,3,5,1,mountain,weathered_rock,poor,11.487,high
SEG-0069,2026-07-27,56.9,164.4,232.7,20.0,352,8.23,3,5,1,mountain,weathered_rock,poor,12.39,high
SEG-0069,2026-07-28,42.2,183.6,257.1,20.0,352,8.23,3,5,1,mountain,weathered_rock,poor,12.706,high
SEG-0069,2026-07-29,8.7,107.8,239.4,20.0,352,8.23,3,5,1,mountain,weathered_rock,poor,10.117,high
SEG-0069,2026-07-30,0.7,51.6,224.6,20.0,352,8.23,3,5,1,mountain,weathered_rock,poor,8.48,medium
SEG-0069,2026-07-31,15.1,24.5,231.1,20.0,352,8.23,3,5,1,mountain,weathered_rock,poor,8.038,medium
SEG-0069,2026-08-01,14.9,30.7,223.0,20.0,352,8.23,3,5,1,mountain,weathered_rock,poor,8.173,medium
SEG-0069,2026-08-02,0.1,30.1,138.6,20.0,352,8.23,3,5,1,mountain,weathered_rock,poor,7.674,medium
SEG-0069,2026-08-03,1.0,16.0,82.7,20.0,352,8.23,3,5,1,mountain,weathered_rock,poor,7.169,medium
SEG-0069,2026-08-04,19.7,20.8,60.2,20.0,352,8.23,3,5,1,mountain,weathered_rock,poor,7.55,medium
SEG-0069,2026-08-05,2.6,23.3,54.1,20.0,352,8.23,3,5,1,mountain,weathered_rock,poor,7.307,medium
SEG-0069,2026-08-06,4.6,26.9,58.0,20.0,352,8.23,3,5,1,mountain,weathered_rock,poor,7.446,medium
SEG-0069,2026-08-07,5.4,12.6,48.3,20.0,352,8.23,3,5,1,mountain,weathered_rock,poor,7.061,medium
SEG-0069,2026-08-08,10.4,20.4,43.8,20.0,352,8.23,3,5,1,mountain,weathered_rock,poor,7.336,medium
SEG-0069,2026-08-09,13.2,29.0,56.9,20.0,352,8.23,3,5,1,mountain,weathered_rock,poor,7.643,medium
SEG-0069,2026-08-10,18.0,41.6,73.9,20.0,352,8.23,3,5,1,mountain,weathered_rock,poor,8.099,medium
SEG-0069,2026-08-11,10.3,41.5,64.5,20.0,352,8.23,3,5,1,mountain,weathered_rock,poor,7.94,medium
SEG-0069,2026-08-12,15.1,43.4,77.0,20.0,352,8.23,3,5,1,mountain,weathered_rock,poor,8.105,medium
SEG-0069,2026-08-13,13.6,39.0,86.0,20.0,352,8.23,3,5,1,mountain,weathered_rock,poor,7.99,medium
SEG-0069,2026-08-14,19.5,48.2,100.1,20.0,352,8.23,3,5,1,mountain,weathered_rock,poor,8.368,medium
SEG-0069,2026-08-15,3.8,36.9,93.5,20.0,352,8.23,3,5,1,mountain,weathered_rock,poor,7.79,medium
SEG-0069,2026-08-16,17.6,40.9,97.9,20.0,352,8.23,3,5,1,mountain,weathered_rock,poor,8.14,medium
SEG-0069,2026-08-17,9.1,30.5,89.0,20.0,352,8.23,3,5,1,mountain,weathered_rock,poor,7.701,medium
SEG-0069,2026-08-18,18.0,44.7,96.7,20.0,352,8.23,3,5,1,mountain,weathered_rock,poor,8.243,medium
SEG-0069,2026-08-19,5.2,32.3,86.8,20.0,352,8.23,3,5,1,mountain,weathered_rock,poor,7.675,medium
SEG-0069,2026-08-20,13.1,36.3,86.3,20.0,352,8.23,3,5,1,mountain,weathered_rock,poor,7.912,medium
SEG-0069,2026-08-21,1.5,19.8,68.3,20.0,352,8.23,3,5,1,mountain,weathered_rock,poor,7.237,medium
SEG-0069,2026-08-22,14.6,29.2,79.1,20.0,352,8.23,3,5,1,mountain,weathered_rock,poor,7.733,medium
SEG-0069,2026-08-23,0.0,16.1,61.5,20.0,352,8.23,3,5,1,mountain,weathered_rock,poor,7.096,medium
SEG-0069,2026-08-24,4.3,18.9,56.7,20.0,352,8.23,3,5,1,mountain,weathered_rock,poor,7.229,low
SEG-0069,2026-08-25,20.8,25.1,59.5,20.0,352,8.23,3,5,1,mountain,weathered_rock,poor,7.678,medium
SEG-0069,2026-08-26,54.0,79.1,108.3,20.0,352,8.23,3,5,1,mountain,weathered_rock,poor,9.781,high
SEG-0069,2026-08-27,23.4,98.2,118.6,20.0,352,8.23,3,5,1,mountain,weathered_rock,poor,9.786,medium
SEG-0069,2026-08-28,43.6,121.0,160.7,20.0,352,8.23,3,5,1,mountain,weathered_rock,poor,10.838,high
SEG-0069,2026-08-29,31.6,98.6,177.7,20.0,352,8.23,3,5,1,mountain,weathered_rock,poor,10.098,high
SEG-0069,2026-08-30,8.5,83.7,186.2,20.0,352,8.23,3,5,1,mountain,weathered_rock,poor,9.341,high
SEG-0069,2026-08-31,3.0,43.1,184.9,20.0,352,8.23,3,5,1,mountain,weathered_rock,poor,8.188,medium
SEG-0069,2026-09-01,15.2,26.7,179.3,20.0,352,8.23,3,5,1,mountain,weathered_rock,poor,7.954,medium
SEG-0069,2026-09-02,9.3,27.5,134.6,20.0,352,8.23,3,5,1,mountain,weathered_rock,poor,7.752,medium
SEG-0069,2026-09-03,5.4,29.9,116.6,20.0,352,8.23,3,5,1,mountain,weathered_rock,poor,7.698,medium
SEG-0069,2026-09-04,7.7,22.4,80.7,20.0,352,8.23,3,5,1,mountain,weathered_rock,poor,7.444,medium
SEG-0069,2026-09-05,10.8,23.9,59.9,20.0,352,8.23,3,5,1,mountain,weathered_rock,poor,7.478,medium
SEG-0069,2026-09-06,15.1,33.6,66.5,20.0,352,8.23,3,5,1,mountain,weathered_rock,poor,7.822,medium
SEG-0069,2026-09-07,1.4,27.3,64.9,20.0,352,8.23,3,5,1,mountain,weathered_rock,poor,7.42,medium
SEG-0069,2026-09-08,12.2,28.7,61.9,20.0,352,8.23,3,5,1,mountain,weathered_rock,poor,7.632,medium
SEG-0069,2026-09-09,7.9,21.5,60.5,20.0,352,8.23,3,5,1,mountain,weathered_rock,poor,7.368,medium
SEG-0069,2026-09-10,4.4,24.5,59.5,20.0,352,8.23,3,5,1,mountain,weathered_rock,poor,7.384,medium
SEG-0069,2026-09-11,0.9,13.2,52.7,20.0,352,8.23,3,5,1,mountain,weathered_rock,poor,7.012,medium
SEG-0069,2026-09-12,9.6,14.9,51.5,20.0,352,8.23,3,5,1,mountain,weathered_rock,poor,7.201,medium
SEG-0069,2026-09-13,2.0,12.5,38.4,20.0,352,8.23,3,5,1,mountain,weathered_rock,poor,6.973,medium
SEG-0069,2026-09-14,9.1,20.7,46.1,20.0,352,8.23,3,5,1,mountain,weathered_rock,poor,7.328,medium
SEG-0069,2026-09-15,7.4,18.5,41.3,20.0,352,8.23,3,5,1,mountain,weathered_rock,poor,7.229,medium
SEG-0069,2026-09-16,14.3,30.8,47.7,20.0,352,8.23,3,5,1,mountain,weathered_rock,poor,7.683,medium
SEG-0070,2026-05-20,14.1,14.1,14.1,17.5,123,5.47,3,2,2,hilly,lateritic,good,5.175,low
SEG-0070,2026-05-21,4.6,18.7,18.7,17.5,123,5.47,3,2,2,hilly,lateritic,good,5.146,low
SEG-0070,2026-05-22,48.1,66.8,66.8,17.5,123,5.47,3,2,2,hilly,lateritic,good,7.269,medium
SEG-0070,2026-05-23,31.6,84.3,98.4,17.5,123,5.47,3,2,2,hilly,lateritic,good,7.53,medium
SEG-0070,2026-05-24,13.3,93.0,111.7,17.5,123,5.47,3,2,2,hilly,lateritic,good,7.482,medium
SEG-0070,2026-05-25,11.6,56.5,123.3,17.5,123,5.47,3,2,2,hilly,lateritic,good,6.536,medium
SEG-0070,2026-05-26,13.0,37.9,136.3,17.5,123,5.47,3,2,2,hilly,lateritic,good,6.112,low
SEG-0070,2026-05-27,11.5,36.1,133.7,17.5,123,5.47,3,2,2,hilly,lateritic,good,6.032,low
SEG-0070,2026-05-28,3.6,28.1,132.7,17.5,123,5.47,3,2,2,hilly,lateritic,good,5.687,low
SEG-0070,2026-05-29,3.0,18.1,87.6,17.5,123,5.47,3,2,2,hilly,lateritic,good,5.293,low
SEG-0070,2026-05-30,1.2,7.8,57.2,17.5,123,5.47,3,2,2,hilly,lateritic,good,4.911,low
SEG-0070,2026-05-31,9.9,14.1,53.8,17.5,123,5.47,3,2,2,hilly,lateritic,good,5.213,low
SEG-0070,2026-06-01,51.1,62.2,93.3,17.5,123,5.47,3,2,2,hilly,lateritic,good,7.273,medium
SEG-0070,2026-06-02,39.3,100.3,119.6,17.5,123,5.47,3,2,2,hilly,lateritic,good,8.135,medium
SEG-0070,2026-06-03,52.2,142.6,160.3,17.5,123,5.47,3,2,2,hilly,lateritic,good,9.566,medium
SEG-0070,2026-06-04,14.0,105.5,170.7,17.5,123,5.47,3,2,2,hilly,lateritic,good,7.981,medium
SEG-0070,2026-06-05,3.9,70.1,171.6,17.5,123,5.47,3,2,2,hilly,lateritic,good,6.891,medium
SEG-0070,2026-06-06,2.0,19.9,172.4,17.5,123,5.47,3,2,2,hilly,lateritic,good,5.556,low
SEG-0070,2026-06-07,18.0,23.9,180.5,17.5,123,5.47,3,2,2,hilly,lateritic,good,5.954,low
SEG-0070,2026-06-08,8.3,28.3,137.7,17.5,123,5.47,3,2,2,hilly,lateritic,good,5.786,low
SEG-0070,2026-06-09,9.3,35.6,107.7,17.5,123,5.47,3,2,2,hilly,lateritic,good,5.91,medium
SEG-0070,2026-06-10,17.0,34.6,72.5,17.5,123,5.47,3,2,2,hilly,lateritic,good,5.918,low
SEG-0070,2026-06-11,25.2,51.5,83.7,17.5,123,5.47,3,2,2,hilly,lateritic,good,6.528,low
SEG-0070,2026-06-12,16.0,58.2,95.8,17.5,123,5.47,3,2,2,hilly,lateritic,good,6.579,medium
SEG-0070,2026-06-13,25.9,67.1,119.7,17.5,123,5.47,3,2,2,hilly,lateritic,good,7.044,medium
SEG-0070,2026-06-14,13.8,55.7,115.5,17.5,123,5.47,3,2,2,hilly,lateritic,good,6.531,medium
SEG-0070,2026-06-15,17.9,57.6,125.1,17.5,123,5.47,3,2,2,hilly,lateritic,good,6.676,medium
SEG-0070,2026-06-16,10.2,41.9,126.0,17.5,123,5.47,3,2,2,hilly,lateritic,good,6.14,medium
SEG-0070,2026-06-17,2.1,30.2,111.1,17.5,123,5.47,3,2,2,hilly,lateritic,good,5.657,low
SEG-0070,2026-06-18,3.4,15.7,89.3,17.5,123,5.47,3,2,2,hilly,lateritic,good,5.242,low
SEG-0070,2026-06-19,3.4,8.9,76.7,17.5,123,5.47,3,2,2,hilly,lateritic,good,5.03,low
SEG-0070,2026-06-20,17.7,24.5,68.5,17.5,123,5.47,3,2,2,hilly,lateritic,good,5.657,low
SEG-0070,2026-06-21,20.2,41.3,74.9,17.5,123,5.47,3,2,2,hilly,lateritic,good,6.154,low
SEG-0070,2026-06-22,13.4,51.3,70.4,17.5,123,5.47,3,2,2,hilly,lateritic,good,6.286,medium
SEG-0070,2026-06-23,16.3,49.9,76.5,17.5,123,5.47,3,2,2,hilly,lateritic,good,6.315,medium
SEG-0070,2026-06-24,23.8,53.5,98.2,17.5,123,5.47,3,2,2,hilly,lateritic,good,6.596,medium
SEG-0070,2026-06-25,16.1,56.2,110.9,17.5,123,5.47,3,2,2,hilly,lateritic,good,6.57,medium
SEG-0070,2026-06-26,20.7,60.6,128.2,17.5,123,5.47,3,2,2,hilly,lateritic,good,6.81,medium
SEG-0070,2026-06-27,20.3,57.1,130.8,17.5,123,5.47,3,2,2,hilly,lateritic,good,6.72,medium
SEG-0070,2026-06-28,15.9,56.9,126.5,17.5,123,5.47,3,2,2,hilly,lateritic,good,6.628,medium
SEG-0070,2026-06-29,18.8,55.0,131.9,17.5,123,5.47,3,2,2,hilly,lateritic,good,6.643,low
SEG-0070,2026-06-30,13.5,48.2,129.1,17.5,123,5.47,3,2,2,hilly,lateritic,good,6.368,medium
SEG-0070,2026-07-01,26.8,59.1,132.1,17.5,123,5.47,3,2,2,hilly,lateritic,good,6.886,medium
SEG-0070,2026-07-02,46.8,87.1,162.8,17.5,123,5.47,3,2,2,hilly,lateritic,good,8.038,medium
SEG-0070,2026-07-03,33.3,106.9,175.4,17.5,123,5.47,3,2,2,hilly,lateritic,good,8.358,medium
SEG-0070,2026-07-04,12.9,93.0,168.0,17.5,123,5.47,3,2,2,hilly,lateritic,good,7.63,medium
SEG-0070,2026-07-05,21.0,67.2,173.1,17.5,123,5.47,3,2,2,hilly,lateritic,good,7.111,medium
SEG-0070,2026-07-06,85.3,119.2,239.6,17.5,123,5.47,3,2,2,hilly,lateritic,good,9.739,high
SEG-0070,2026-07-07,46.2,152.5,272.3,17.5,123,5.47,3,2,2,hilly,lateritic,good,10.03,high
SEG-0070,2026-07-08,28.9,160.4,274.4,17.5,123,5.47,3,2,2,hilly,lateritic,good,9.947,high
SEG-0070,2026-07-09,10.4,85.5,238.0,17.5,123,5.47,3,2,2,hilly,lateritic,good,7.585,medium
SEG-0070,2026-07-10,47.8,87.1,252.5,17.5,123,5.47,3,2,2,hilly,lateritic,good,8.302,medium
SEG-0070,2026-07-11,31.0,89.2,270.6,17.5,123,5.47,3,2,2,hilly,lateritic,good,8.121,medium
SEG-0070,2026-07-12,53.4,132.2,303.0,17.5,123,5.47,3,2,2,hilly,lateritic,good,9.709,medium
SEG-0070,2026-07-13,19.7,104.1,237.4,17.5,123,5.47,3,2,2,hilly,lateritic,good,8.225,medium
SEG-0070,2026-07-14,27.2,100.3,218.4,17.5,123,5.47,3,2,2,hilly,lateritic,good,8.201,medium
SEG-0070,2026-07-15,8.9,55.8,198.4,17.5,123,5.47,3,2,2,hilly,lateritic,good,6.678,low
SEG-0070,2026-07-16,8.2,44.3,196.2,17.5,123,5.47,3,2,2,hilly,lateritic,good,6.361,medium
SEG-0070,2026-07-17,12.6,29.7,161.0,17.5,123,5.47,3,2,2,hilly,lateritic,good,5.96,low
SEG-0070,2026-07-18,20.0,40.8,150.0,17.5,123,5.47,3,2,2,hilly,lateritic,good,6.344,low
SEG-0070,2026-07-19,12.4,45.0,109.0,17.5,123,5.47,3,2,2,hilly,lateritic,good,6.211,low
SEG-0070,2026-07-20,8.5,40.9,97.8,17.5,123,5.47,3,2,2,hilly,lateritic,good,6.007,low
SEG-0070,2026-07-21,21.0,41.9,91.6,17.5,123,5.47,3,2,2,hilly,lateritic,good,6.229,low
SEG-0070,2026-07-22,1.7,31.2,84.4,17.5,123,5.47,3,2,2,hilly,lateritic,good,5.603,low
SEG-0070,2026-07-23,0.9,23.6,77.1,17.5,123,5.47,3,2,2,hilly,lateritic,good,5.371,low
SEG-0070,2026-07-24,18.6,21.2,83.1,17.5,123,5.47,3,2,2,hilly,lateritic,good,5.626,low
SEG-0070,2026-07-25,10.7,30.2,73.8,17.5,123,5.47,3,2,2,hilly,lateritic,good,5.7,low
SEG-0070,2026-07-26,8.0,37.3,69.4,17.5,123,5.47,3,2,2,hilly,lateritic,good,5.827,low
SEG-0070,2026-07-27,3.4,22.1,64.3,17.5,123,5.47,3,2,2,hilly,lateritic,good,5.34,low
SEG-0070,2026-07-28,28.8,40.2,72.1,17.5,123,5.47,3,2,2,hilly,lateritic,good,6.263,low
SEG-0070,2026-07-29,28.7,60.9,99.1,17.5,123,5.47,3,2,2,hilly,lateritic,good,6.874,medium
SEG-0070,2026-07-30,15.9,73.4,114.1,17.5,123,5.47,3,2,2,hilly,lateritic,good,7.023,medium
SEG-0070,2026-07-31,5.0,49.6,100.5,17.5,123,5.47,3,2,2,hilly,lateritic,good,6.181,low
SEG-0070,2026-08-01,10.9,31.8,100.7,17.5,123,5.47,3,2,2,hilly,lateritic,good,5.819,low
SEG-0070,2026-08-02,19.5,35.4,112.2,17.5,123,5.47,3,2,2,hilly,lateritic,good,6.091,low
SEG-0070,2026-08-03,9.0,39.4,117.8,17.5,123,5.47,3,2,2,hilly,lateritic,good,6.032,low
SEG-0070,2026-08-04,11.4,39.9,100.4,17.5,123,5.47,3,2,2,hilly,lateritic,good,6.038,low
SEG-0070,2026-08-05,2.8,23.2,74.5,17.5,123,5.47,3,2,2,hilly,lateritic,good,5.386,low
SEG-0070,2026-08-06,3.6,17.8,62.2,17.5,123,5.47,3,2,2,hilly,lateritic,good,5.225,low
SEG-0070,2026-08-07,1.7,8.1,58.9,17.5,123,5.47,3,2,2,hilly,lateritic,good,4.932,low
SEG-0070,2026-08-08,2.1,7.4,50.1,17.5,123,5.47,3,2,2,hilly,lateritic,good,4.896,low
SEG-0070,2026-08-09,19.9,23.7,50.5,17.5,123,5.47,3,2,2,hilly,lateritic,good,5.624,low
SEG-0070,2026-08-10,71.7,93.7,113.2,17.5,123,5.47,3,2,2,hilly,lateritic,good,8.497,medium
SEG-0070,2026-08-11,22.8,114.4,124.6,17.5,123,5.47,3,2,2,hilly,lateritic,good,8.235,medium
SEG-0070,2026-08-12,28.2,122.7,150.0,17.5,123,5.47,3,2,2,hilly,lateritic,good,8.612,medium
SEG-0070,2026-08-13,26.0,77.0,172.4,17.5,123,5.47,3,2,2,hilly,lateritic,good,7.448,medium
SEG-0070,2026-08-14,7.1,61.3,177.8,17.5,123,5.47,3,2,2,hilly,lateritic,good,6.734,medium
SEG-0070,2026-08-15,2.3,35.4,178.0,17.5,123,5.47,3,2,2,hilly,lateritic,good,5.979,low
SEG-0070,2026-08-16,76.2,85.6,234.3,17.5,123,5.47,3,2,2,hilly,lateritic,good,8.696,medium
SEG-0070,2026-08-17,45.3,123.8,207.9,17.5,123,5.47,3,2,2,hilly,lateritic,good,9.091,medium
SEG-0070,2026-08-18,33.7,155.2,218.8,17.5,123,5.47,3,2,2,hilly,lateritic,good,9.74,medium
SEG-0070,2026-08-19,5.3,84.3,195.9,17.5,123,5.47,3,2,2,hilly,lateritic,good,7.351,medium
SEG-0070,2026-08-20,14.8,53.8,184.7,17.5,123,5.47,3,2,2,hilly,lateritic,good,6.689,low
SEG-0070,2026-08-21,8.1,28.2,185.7,17.5,123,5.47,3,2,2,hilly,lateritic,good,5.912,low
SEG-0070,2026-08-22,6.4,29.3,189.8,17.5,123,5.47,3,2,2,hilly,lateritic,good,5.923,low
SEG-0070,2026-08-23,13.5,28.0,127.1,17.5,123,5.47,3,2,2,hilly,lateritic,good,5.837,low
SEG-0070,2026-08-24,8.1,28.0,89.9,17.5,123,5.47,3,2,2,hilly,lateritic,good,5.643,low
SEG-0070,2026-08-25,50.6,72.2,106.8,17.5,123,5.47,3,2,2,hilly,lateritic,good,7.561,medium
SEG-0070,2026-08-26,30.2,88.9,131.7,17.5,123,5.47,3,2,2,hilly,lateritic,good,7.717,medium
SEG-0070,2026-08-27,29.5,110.3,146.4,17.5,123,5.47,3,2,2,hilly,lateritic,good,8.302,medium
SEG-0070,2026-08-28,29.5,89.2,167.8,17.5,123,5.47,3,2,2,hilly,lateritic,good,7.812,medium
SEG-0070,2026-08-29,17.6,76.6,179.0,17.5,123,5.47,3,2,2,hilly,lateritic,good,7.313,medium
SEG-0070,2026-08-30,17.3,64.4,182.8,17.5,123,5.47,3,2,2,hilly,lateritic,good,7.002,medium
SEG-0070,2026-08-31,13.9,48.8,188.6,17.5,123,5.47,3,2,2,hilly,lateritic,good,6.554,low
SEG-0070,2026-09-01,27.6,58.8,165.6,17.5,123,5.47,3,2,2,hilly,lateritic,good,6.984,medium
SEG-0070,2026-09-02,22.4,63.9,157.8,17.5,123,5.47,3,2,2,hilly,lateritic,good,7.006,medium
SEG-0070,2026-09-03,16.4,66.4,144.7,17.5,123,5.47,3,2,2,hilly,lateritic,good,6.933,medium
SEG-0070,2026-09-04,24.4,63.2,139.6,17.5,123,5.47,3,2,2,hilly,lateritic,good,6.972,medium
SEG-0070,2026-09-05,11.8,52.6,133.8,17.5,123,5.47,3,2,2,hilly,lateritic,good,6.466,medium
SEG-0070,2026-09-06,3.8,40.0,120.3,17.5,123,5.47,3,2,2,hilly,lateritic,good,5.966,low
SEG-0070,2026-09-07,3.2,18.8,109.6,17.5,123,5.47,3,2,2,hilly,lateritic,good,5.375,low
SEG-0070,2026-09-08,4.2,11.2,86.2,17.5,123,5.47,3,2,2,hilly,lateritic,good,5.13,low
SEG-0070,2026-09-09,14.6,22.0,78.4,17.5,123,5.47,3,2,2,hilly,lateritic,good,5.566,low
SEG-0070,2026-09-10,6.8,25.6,68.8,17.5,123,5.47,3,2,2,hilly,lateritic,good,5.501,low
SEG-0070,2026-09-11,10.7,32.1,55.1,17.5,123,5.47,3,2,2,hilly,lateritic,good,5.698,low
SEG-0070,2026-09-12,8.1,25.6,51.4,17.5,123,5.47,3,2,2,hilly,lateritic,good,5.475,low
SEG-0070,2026-09-13,11.8,30.6,59.4,17.5,123,5.47,3,2,2,hilly,lateritic,good,5.69,low
SEG-0070,2026-09-14,13.5,33.4,69.7,17.5,123,5.47,3,2,2,hilly,lateritic,good,5.82,low
SEG-0070,2026-09-15,13.9,39.2,79.4,17.5,123,5.47,3,2,2,hilly,lateritic,good,6.004,low
SEG-0070,2026-09-16,14.0,41.4,78.8,17.5,123,5.47,3,2,2,hilly,lateritic,good,6.061,low
SEG-0071,2026-05-20,7.6,7.6,7.6,17.3,165,4.43,3,3,2,hilly,lateritic,fair,5.467,low
SEG-0071,2026-05-21,13.0,20.6,20.6,17.3,165,4.43,3,3,2,hilly,lateritic,fair,5.933,low
SEG-0071,2026-05-22,12.9,33.5,33.5,17.3,165,4.43,3,3,2,hilly,lateritic,fair,6.302,low
SEG-0071,2026-05-23,14.9,40.8,48.4,17.3,165,4.43,3,3,2,hilly,lateritic,fair,6.566,low
SEG-0071,2026-05-24,11.7,39.5,60.1,17.3,165,4.43,3,3,2,hilly,lateritic,fair,6.51,medium
SEG-0071,2026-05-25,15.8,42.4,75.9,17.3,165,4.43,3,3,2,hilly,lateritic,fair,6.699,medium
SEG-0071,2026-05-26,6.7,34.2,82.6,17.3,165,4.43,3,3,2,hilly,lateritic,fair,6.349,low
SEG-0071,2026-05-27,5.8,28.3,80.8,17.3,165,4.43,3,3,2,hilly,lateritic,fair,6.176,low
SEG-0071,2026-05-28,0.2,12.7,68.0,17.3,165,4.43,3,3,2,hilly,lateritic,fair,5.64,low
SEG-0071,2026-05-29,3.3,9.3,58.4,17.3,165,4.43,3,3,2,hilly,lateritic,fair,5.578,low
SEG-0071,2026-05-30,16.3,19.8,59.8,17.3,165,4.43,3,3,2,hilly,lateritic,fair,6.076,low
SEG-0071,2026-05-31,11.3,30.9,59.4,17.3,165,4.43,3,3,2,hilly,lateritic,fair,6.278,low
SEG-0071,2026-06-01,6.7,34.3,50.3,17.3,165,4.43,3,3,2,hilly,lateritic,fair,6.263,low
SEG-0071,2026-06-02,11.3,29.3,54.9,17.3,165,4.43,3,3,2,hilly,lateritic,fair,6.224,low
SEG-0071,2026-06-03,63.3,81.3,112.4,17.3,165,4.43,3,3,2,hilly,lateritic,fair,8.618,medium
SEG-0071,2026-06-04,39.4,114.0,151.6,17.3,165,4.43,3,3,2,hilly,lateritic,fair,9.17,medium
SEG-0071,2026-06-05,3.8,106.5,152.1,17.3,165,4.43,3,3,2,hilly,lateritic,fair,8.371,medium
SEG-0071,2026-06-06,2.7,45.9,138.5,17.3,165,4.43,3,3,2,hilly,lateritic,fair,6.739,medium
SEG-0071,2026-06-07,3.9,10.4,131.1,17.3,165,4.43,3,3,2,hilly,lateritic,fair,5.816,low
SEG-0071,2026-06-08,23.9,30.5,148.3,17.3,165,4.43,3,3,2,hilly,lateritic,fair,6.726,low
SEG-0071,2026-06-09,22.3,50.1,159.3,17.3,165,4.43,3,3,2,hilly,lateritic,fair,7.239,medium
SEG-0071,2026-06-10,21.6,67.8,117.6,17.3,165,4.43,3,3,2,hilly,lateritic,fair,7.573,medium
SEG-0071,2026-06-11,10.6,54.5,88.8,17.3,165,4.43,3,3,2,hilly,lateritic,fair,6.961,medium
SEG-0071,2026-06-12,2.1,34.3,87.1,17.3,165,4.43,3,3,2,hilly,lateritic,fair,6.286,medium
SEG-0071,2026-06-13,79.3,92.0,163.7,17.3,165,4.43,3,3,2,hilly,lateritic,fair,9.31,medium
SEG-0071,2026-06-14,40.8,122.2,200.6,17.3,165,4.43,3,3,2,hilly,lateritic,fair,9.542,medium
SEG-0071,2026-06-15,27.1,147.2,203.8,17.3,165,4.43,3,3,2,hilly,lateritic,fair,9.968,medium
SEG-0071,2026-06-16,13.2,81.1,194.7,17.3,165,4.43,3,3,2,hilly,lateritic,fair,7.988,medium
SEG-0071,2026-06-17,8.9,49.2,182.0,17.3,165,4.43,3,3,2,hilly,lateritic,fair,7.05,medium
SEG-0071,2026-06-18,24.8,46.9,196.2,17.3,165,4.43,3,3,2,hilly,lateritic,fair,7.3,low
SEG-0071,2026-06-19,49.4,83.1,243.5,17.3,165,4.43,3,3,2,hilly,lateritic,fair,8.789,medium
SEG-0071,2026-06-20,47.2,121.4,211.4,17.3,165,4.43,3,3,2,hilly,lateritic,fair,9.659,medium
SEG-0071,2026-06-21,49.9,146.5,220.5,17.3,165,4.43,3,3,2,hilly,lateritic,fair,10.383,high
SEG-0071,2026-06-22,29.5,126.6,222.9,17.3,165,4.43,3,3,2,hilly,lateritic,fair,9.525,medium
SEG-0071,2026-06-23,21.4,100.8,231.1,17.3,165,4.43,3,3,2,hilly,lateritic,fair,8.739,medium
SEG-0071,2026-06-24,3.6,54.5,225.8,17.3,165,4.43,3,3,2,hilly,lateritic,fair,7.218,medium
SEG-0071,2026-06-25,3.2,28.2,204.2,17.3,165,4.43,3,3,2,hilly,lateritic,fair,6.468,medium
SEG-0071,2026-06-26,24.4,31.2,179.2,17.3,165,4.43,3,3,2,hilly,lateritic,fair,6.838,medium
SEG-0071,2026-06-27,0.4,28.0,132.4,17.3,165,4.43,3,3,2,hilly,lateritic,fair,6.218,low
SEG-0071,2026-06-28,23.4,48.2,105.9,17.3,165,4.43,3,3,2,hilly,lateritic,fair,7.061,low
SEG-0071,2026-06-29,16.9,40.7,93.3,17.3,165,4.43,3,3,2,hilly,lateritic,fair,6.721,medium
SEG-0071,2026-06-30,82.6,122.9,154.5,17.3,165,4.43,3,3,2,hilly,lateritic,fair,10.144,high
SEG-0071,2026-07-01,42.4,141.9,193.3,17.3,165,4.43,3,3,2,hilly,lateritic,fair,10.061,high
SEG-0071,2026-07-02,24.9,149.9,215.0,17.3,165,4.43,3,3,2,hilly,lateritic,fair,10.031,high
SEG-0071,2026-07-03,1.5,68.8,192.1,17.3,165,4.43,3,3,2,hilly,lateritic,fair,7.462,medium
SEG-0071,2026-07-04,4.6,31.0,196.3,17.3,165,4.43,3,3,2,hilly,lateritic,fair,6.543,low
SEG-0071,2026-07-05,17.8,23.9,190.7,17.3,165,4.43,3,3,2,hilly,lateritic,fair,6.568,medium
SEG-0071,2026-07-06,4.6,27.0,178.4,17.3,165,4.43,3,3,2,hilly,lateritic,fair,6.39,medium
SEG-0071,2026-07-07,16.7,39.1,112.5,17.3,165,4.43,3,3,2,hilly,lateritic,fair,6.729,medium
SEG-0071,2026-07-08,6.6,27.9,76.7,17.3,165,4.43,3,3,2,hilly,lateritic,fair,6.168,low
SEG-0071,2026-07-09,75.6,98.9,127.4,17.3,165,4.43,3,3,2,hilly,lateritic,fair,9.326,medium
SEG-0071,2026-07-10,41.4,123.6,167.3,17.3,165,4.43,3,3,2,hilly,lateritic,fair,9.497,medium
SEG-0071,2026-07-11,35.4,152.4,198.1,17.3,165,4.43,3,3,2,hilly,lateritic,fair,10.228,high
SEG-0071,2026-07-12,56.4,133.2,236.7,17.3,165,4.43,3,3,2,hilly,lateritic,fair,10.192,high
SEG-0071,2026-07-13,22.8,114.6,254.9,17.3,165,4.43,3,3,2,hilly,lateritic,fair,9.187,medium
SEG-0071,2026-07-14,2.5,81.7,240.7,17.3,165,4.43,3,3,2,hilly,lateritic,fair,7.948,medium
SEG-0071,2026-07-15,8.0,33.3,242.1,17.3,165,4.43,3,3,2,hilly,lateritic,fair,6.787,low
SEG-0071,2026-07-16,25.7,36.2,192.2,17.3,165,4.43,3,3,2,hilly,lateritic,fair,7.026,medium
SEG-0071,2026-07-17,1.2,34.9,152.0,17.3,165,4.43,3,3,2,hilly,lateritic,fair,6.465,low
SEG-0071,2026-07-18,23.0,49.9,139.6,17.3,165,4.43,3,3,2,hilly,lateritic,fair,7.192,medium
SEG-0071,2026-07-19,70.7,94.9,153.9,17.3,165,4.43,3,3,2,hilly,lateritic,fair,9.212,medium
SEG-0071,2026-07-20,29.3,123.0,160.4,17.3,165,4.43,3,3,2,hilly,lateritic,fair,9.256,medium
SEG-0071,2026-07-21,47.8,147.8,205.7,17.3,165,4.43,3,3,2,hilly,lateritic,fair,10.34,high
SEG-0071,2026-07-22,34.8,111.9,232.5,17.3,165,4.43,3,3,2,hilly,lateritic,fair,9.26,medium
SEG-0071,2026-07-23,11.1,93.7,217.9,17.3,165,4.43,3,3,2,hilly,lateritic,fair,8.343,medium
SEG-0071,2026-07-24,17.7,63.6,234.4,17.3,165,4.43,3,3,2,hilly,lateritic,fair,7.718,medium
SEG-0071,2026-07-25,26.9,55.7,238.3,17.3,165,4.43,3,3,2,hilly,lateritic,fair,7.68,medium
SEG-0071,2026-07-26,13.4,58.0,181.0,17.3,165,4.43,3,3,2,hilly,lateritic,fair,7.353,low
SEG-0071,2026-07-27,22.3,62.6,174.0,17.3,165,4.43,3,3,2,hilly,lateritic,fair,7.604,medium
SEG-0071,2026-07-28,21.7,57.4,147.9,17.3,165,4.43,3,3,2,hilly,lateritic,fair,7.387,medium
SEG-0071,2026-07-29,25.9,69.9,139.0,17.3,165,4.43,3,3,2,hilly,lateritic,fair,7.759,medium
SEG-0071,2026-07-30,14.5,62.1,142.4,17.3,165,4.43,3,3,2,hilly,lateritic,fair,7.372,medium
SEG-0071,2026-07-31,13.0,53.4,137.7,17.3,165,4.43,3,3,2,hilly,lateritic,fair,7.107,medium
SEG-0071,2026-08-01,4.2,31.7,115.0,17.3,165,4.43,3,3,2,hilly,lateritic,fair,6.331,low
SEG-0071,2026-08-02,1.7,18.9,103.3,17.3,165,4.43,3,3,2,hilly,lateritic,fair,5.924,low
SEG-0071,2026-08-03,21.0,26.9,102.0,17.3,165,4.43,3,3,2,hilly,lateritic,fair,6.456,low
SEG-0071,2026-08-04,9.3,32.0,89.6,17.3,165,4.43,3,3,2,hilly,lateritic,fair,6.356,low
SEG-0071,2026-08-05,18.4,48.7,82.1,17.3,165,4.43,3,3,2,hilly,lateritic,fair,6.924,medium
SEG-0071,2026-08-06,10.7,38.4,78.3,17.3,165,4.43,3,3,2,hilly,lateritic,fair,6.515,medium
SEG-0071,2026-08-07,19.8,48.9,85.1,17.3,165,4.43,3,3,2,hilly,lateritic,fair,6.961,medium
SEG-0071,2026-08-08,18.7,49.2,99.6,17.3,165,4.43,3,3,2,hilly,lateritic,fair,6.99,medium
SEG-0071,2026-08-09,11.8,50.3,109.7,17.3,165,4.43,3,3,2,hilly,lateritic,fair,6.929,medium
SEG-0071,2026-08-10,3.6,34.1,92.3,17.3,165,4.43,3,3,2,hilly,lateritic,fair,6.321,low
SEG-0071,2026-08-11,4.5,19.9,87.5,17.3,165,4.43,3,3,2,hilly,lateritic,fair,5.954,low
SEG-0071,2026-08-12,21.5,29.6,90.6,17.3,165,4.43,3,3,2,hilly,lateritic,fair,6.503,medium
SEG-0071,2026-08-13,20.9,46.9,100.8,17.3,165,4.43,3,3,2,hilly,lateritic,fair,6.971,medium
SEG-0071,2026-08-14,14.3,56.7,95.3,17.3,165,4.43,3,3,2,hilly,lateritic,fair,7.099,medium
SEG-0071,2026-08-15,14.7,49.9,91.3,17.3,165,4.43,3,3,2,hilly,lateritic,fair,6.918,medium
SEG-0071,2026-08-16,10.6,39.6,90.1,17.3,165,4.43,3,3,2,hilly,lateritic,fair,6.577,medium
SEG-0071,2026-08-17,4.9,30.2,91.4,17.3,165,4.43,3,3,2,hilly,lateritic,fair,6.239,medium
SEG-0071,2026-08-18,17.3,32.8,104.2,17.3,165,4.43,3,3,2,hilly,lateritic,fair,6.553,medium
SEG-0071,2026-08-19,21.1,43.3,103.8,17.3,165,4.43,3,3,2,hilly,lateritic,fair,6.889,medium
SEG-0071,2026-08-20,1.2,39.6,84.1,17.3,165,4.43,3,3,2,hilly,lateritic,fair,6.401,low
SEG-0071,2026-08-21,0.3,22.6,70.1,17.3,165,4.43,3,3,2,hilly,lateritic,fair,5.905,medium
SEG-0071,2026-08-22,19.6,21.1,75.0,17.3,165,4.43,3,3,2,hilly,lateritic,fair,6.207,low
SEG-0071,2026-08-23,19.8,39.7,84.2,17.3,165,4.43,3,3,2,hilly,lateritic,fair,6.72,low
SEG-0071,2026-08-24,6.7,46.1,86.0,17.3,165,4.43,3,3,2,hilly,lateritic,fair,6.668,low
SEG-0071,2026-08-25,8.3,34.8,77.0,17.3,165,4.43,3,3,2,hilly,lateritic,fair,6.377,medium
SEG-0071,2026-08-26,12.5,27.5,68.4,17.3,165,4.43,3,3,2,hilly,lateritic,fair,6.235,low
SEG-0071,2026-08-27,18.2,39.0,85.4,17.3,165,4.43,3,3,2,hilly,lateritic,fair,6.678,medium
SEG-0071,2026-08-28,17.5,48.2,102.6,17.3,165,4.43,3,3,2,hilly,lateritic,fair,6.952,medium
SEG-0071,2026-08-29,14.7,50.4,97.7,17.3,165,4.43,3,3,2,hilly,lateritic,fair,6.948,medium
SEG-0071,2026-08-30,58.3,90.5,136.2,17.3,165,4.43,3,3,2,hilly,lateritic,fair,8.838,medium
SEG-0071,2026-08-31,32.9,105.9,162.4,17.3,165,4.43,3,3,2,hilly,lateritic,fair,8.879,medium
SEG-0071,2026-09-01,21.8,113.0,175.9,17.3,165,4.43,3,3,2,hilly,lateritic,fair,8.912,medium
SEG-0071,2026-09-02,7.1,61.8,170.5,17.3,165,4.43,3,3,2,hilly,lateritic,fair,7.316,medium
SEG-0071,2026-09-03,14.6,43.5,166.9,17.3,165,4.43,3,3,2,hilly,lateritic,fair,6.957,medium
SEG-0071,2026-09-04,9.6,31.3,159.0,17.3,165,4.43,3,3,2,hilly,lateritic,fair,6.534,medium
SEG-0071,2026-09-05,13.0,37.2,157.3,17.3,165,4.43,3,3,2,hilly,lateritic,fair,6.74,low
SEG-0071,2026-09-06,5.4,28.0,104.4,17.3,165,4.43,3,3,2,hilly,lateritic,fair,6.226,medium
SEG-0071,2026-09-07,14.1,32.5,85.6,17.3,165,4.43,3,3,2,hilly,lateritic,fair,6.439,low
SEG-0071,2026-09-08,8.6,28.1,72.4,17.3,165,4.43,3,3,2,hilly,lateritic,fair,6.195,low
SEG-0071,2026-09-09,12.3,35.0,77.6,17.3,165,4.43,3,3,2,hilly,lateritic,fair,6.452,medium
SEG-0071,2026-09-10,34.4,55.3,97.4,17.3,165,4.43,3,3,2,hilly,lateritic,fair,7.41,low
SEG-0071,2026-09-11,28.5,75.2,116.3,17.3,165,4.43,3,3,2,hilly,lateritic,fair,7.879,medium
SEG-0071,2026-09-12,19.2,82.1,122.5,17.3,165,4.43,3,3,2,hilly,lateritic,fair,7.917,medium
SEG-0071,2026-09-13,1.2,48.9,118.3,17.3,165,4.43,3,3,2,hilly,lateritic,fair,6.736,medium
SEG-0071,2026-09-14,0.7,21.1,104.9,17.3,165,4.43,3,3,2,hilly,lateritic,fair,5.968,medium
SEG-0071,2026-09-15,3.9,5.8,100.2,17.3,165,4.43,3,3,2,hilly,lateritic,fair,5.612,low
SEG-0071,2026-09-16,3.1,7.7,91.0,17.3,165,4.43,3,3,2,hilly,lateritic,fair,5.622,low
