district_id,district_name,state_code,obs_date,rainfall_mm,temp_max_c,temp_min_c,humidity_pct,wind_kmph,source
D-AS-01,Kamrup Metropolitan,AS,2026-05-20,0.4,28.7,21.3,64,3.7,IMD-synthetic
D-AS-01,Kamrup Metropolitan,AS,2026-05-21,10.8,28.2,19.7,66,7.9,IMD-synthetic
D-AS-01,Kamrup Metropolitan,AS,2026-05-22,0.1,31.7,22.8,53,12.2,IMD-synthetic
D-AS-01,Kamrup Metropolitan,AS,2026-05-23,16.5,30.0,24.7,67,22.4,IMD-synthetic
D-AS-01,Kamrup Metropolitan,AS,2026-05-24,13.8,31.0,21.1,69,24.8,IMD-synthetic
D-AS-01,Kamrup Metropolitan,AS,2026-05-25,10.5,31.3,23.8,70,15.1,IMD-synthetic
D-AS-01,Kamrup Metropolitan,AS,2026-05-26,12.8,29.8,23.5,64,17.3,IMD-synthetic
D-AS-01,Kamrup Metropolitan,AS,2026-05-27,9.0,30.8,24.4,59,8.9,IMD-synthetic
D-AS-01,Kamrup Metropolitan,AS,2026-05-28,5.5,30.3,24.6,59,18.7,IMD-synthetic
D-AS-01,Kamrup Metropolitan,AS,2026-05-29,1.1,29.6,21.9,58,7.0,IMD-synthetic
D-AS-01,Kamrup Metropolitan,AS,2026-05-30,15.5,30.4,21.9,74,20.4,IMD-synthetic
D-AS-01,Kamrup Metropolitan,AS,2026-05-31,0.1,29.3,20.5,64,24.9,IMD-synthetic
D-AS-01,Kamrup Metropolitan,AS,2026-06-01,19.7,30.1,22.1,68,7.3,IMD-synthetic
D-AS-01,Kamrup Metropolitan,AS,2026-06-02,0.8,29.2,20.8,58,6.0,IMD-synthetic
D-AS-01,Kamrup Metropolitan,AS,2026-06-03,3.4,30.9,25.8,59,15.5,IMD-synthetic
D-AS-01,Kamrup Metropolitan,AS,2026-06-04,65.9,31.3,25.4,99,9.9,IMD-synthetic
D-AS-01,Kamrup Metropolitan,AS,2026-06-05,39.9,28.6,19.2,83,24.8,IMD-synthetic
D-AS-01,Kamrup Metropolitan,AS,2026-06-06,38.9,31.6,24.2,89,3.3,IMD-synthetic
D-AS-01,Kamrup Metropolitan,AS,2026-06-07,54.6,27.6,22.3,99,3.0,IMD-synthetic
D-AS-01,Kamrup Metropolitan,AS,2026-06-08,52.7,26.4,20.6,90,18.1,IMD-synthetic
D-AS-01,Kamrup Metropolitan,AS,2026-06-09,43.1,27.8,19.3,92,6.0,IMD-synthetic
D-AS-01,Kamrup Metropolitan,AS,2026-06-10,19.7,27.6,18.5,79,4.6,IMD-synthetic
D-AS-01,Kamrup Metropolitan,AS,2026-06-11,74.4,31.4,24.5,99,6.8,IMD-synthetic
D-AS-01,Kamrup Metropolitan,AS,2026-06-12,43.9,31.4,25.2,92,9.2,IMD-synthetic
D-AS-01,Kamrup Metropolitan,AS,2026-06-13,46.7,31.3,22.3,92,3.0,IMD-synthetic
D-AS-01,Kamrup Metropolitan,AS,2026-06-14,17.4,27.3,19.1,64,12.1,IMD-synthetic
D-AS-01,Kamrup Metropolitan,AS,2026-06-15,11.4,29.2,19.7,66,5.7,IMD-synthetic
D-AS-01,Kamrup Metropolitan,AS,2026-06-16,13.8,30.9,22.8,74,20.6,IMD-synthetic
D-AS-01,Kamrup Metropolitan,AS,2026-06-17,21.8,30.4,23.8,70,24.4,IMD-synthetic
D-AS-01,Kamrup Metropolitan,AS,2026-06-18,11.9,31.5,23.7,69,10.1,IMD-synthetic
D-AS-01,Kamrup Metropolitan,AS,2026-06-19,8.6,30.0,23.2,61,8.7,IMD-synthetic
D-AS-01,Kamrup Metropolitan,AS,2026-06-20,23.2,30.1,22.5,70,7.8,IMD-synthetic
D-AS-01,Kamrup Metropolitan,AS,2026-06-21,14.6,28.4,21.0,72,12.8,IMD-synthetic
D-AS-01,Kamrup Metropolitan,AS,2026-06-22,54.0,30.4,23.9,97,13.4,IMD-synthetic
D-AS-01,Kamrup Metropolitan,AS,2026-06-23,42.1,29.0,20.3,86,18.9,IMD-synthetic
D-AS-01,Kamrup Metropolitan,AS,2026-06-24,34.4,28.1,22.5,78,4.9,IMD-synthetic
D-AS-01,Kamrup Metropolitan,AS,2026-06-25,20.1,28.0,21.9,72,19.4,IMD-synthetic
D-AS-01,Kamrup Metropolitan,AS,2026-06-26,13.8,28.7,23.2,64,7.5,IMD-synthetic
D-AS-01,Kamrup Metropolitan,AS,2026-06-27,0.4,30.4,24.0,65,15.3,IMD-synthetic
D-AS-01,Kamrup Metropolitan,AS,2026-06-28,3.3,32.4,24.9,66,15.8,IMD-synthetic
D-AS-01,Kamrup Metropolitan,AS,2026-06-29,11.6,28.1,22.8,73,13.5,IMD-synthetic
D-AS-01,Kamrup Metropolitan,AS,2026-06-30,10.6,27.5,19.4,60,5.6,IMD-synthetic
D-AS-01,Kamrup Metropolitan,AS,2026-07-01,8.8,33.0,27.4,68,16.6,IMD-synthetic
D-AS-01,Kamrup Metropolitan,AS,2026-07-02,6.5,30.2,22.9,62,22.6,IMD-synthetic
D-AS-01,Kamrup Metropolitan,AS,2026-07-03,8.8,30.8,22.8,68,24.7,IMD-synthetic
D-AS-01,Kamrup Metropolitan,AS,2026-07-04,6.1,31.1,25.3,58,3.8,IMD-synthetic
D-AS-01,Kamrup Metropolitan,AS,2026-07-05,88.5,28.5,23.3,99,8.8,IMD-synthetic
D-AS-01,Kamrup Metropolitan,AS,2026-07-06,56.7,26.7,20.5,95,21.0,IMD-synthetic
D-AS-01,Kamrup Metropolitan,AS,2026-07-07,48.0,31.2,25.2,87,7.4,IMD-synthetic
D-AS-01,Kamrup Metropolitan,AS,2026-07-08,7.7,27.9,22.6,68,16.3,IMD-synthetic
D-AS-01,Kamrup Metropolitan,AS,2026-07-09,26.6,29.4,22.1,74,11.7,IMD-synthetic
D-AS-01,Kamrup Metropolitan,AS,2026-07-10,15.6,29.6,21.6,75,19.6,IMD-synthetic
D-AS-01,Kamrup Metropolitan,AS,2026-07-11,0.7,28.6,20.2,64,16.1,IMD-synthetic
D-AS-01,Kamrup Metropolitan,AS,2026-07-12,96.8,29.0,20.2,99,14.5,IMD-synthetic
D-AS-01,Kamrup Metropolitan,AS,2026-07-13,43.2,28.1,18.1,88,21.5,IMD-synthetic
D-AS-01,Kamrup Metropolitan,AS,2026-07-14,60.3,29.0,22.0,98,4.5,IMD-synthetic
D-AS-01,Kamrup Metropolitan,AS,2026-07-15,34.0,29.1,21.6,85,11.6,IMD-synthetic
D-AS-01,Kamrup Metropolitan,AS,2026-07-16,1.1,27.7,21.4,54,20.5,IMD-synthetic
D-AS-01,Kamrup Metropolitan,AS,2026-07-17,23.8,26.8,17.5,75,3.3,IMD-synthetic
D-AS-01,Kamrup Metropolitan,AS,2026-07-18,17.9,29.9,22.7,65,8.4,IMD-synthetic
D-AS-01,Kamrup Metropolitan,AS,2026-07-19,8.3,32.3,24.9,58,17.1,IMD-synthetic
D-AS-01,Kamrup Metropolitan,AS,2026-07-20,20.5,28.7,23.6,72,7.4,IMD-synthetic
D-AS-01,Kamrup Metropolitan,AS,2026-07-21,3.3,32.8,24.6,56,24.4,IMD-synthetic
D-AS-01,Kamrup Metropolitan,AS,2026-07-22,20.3,29.4,22.0,72,13.0,IMD-synthetic
D-AS-01,Kamrup Metropolitan,AS,2026-07-23,5.5,30.7,22.0,57,3.7,IMD-synthetic
D-AS-01,Kamrup Metropolitan,AS,2026-07-24,24.6,28.8,19.9,72,2.1,IMD-synthetic
D-AS-01,Kamrup Metropolitan,AS,2026-07-25,24.1,30.3,22.0,80,12.7,IMD-synthetic
D-AS-01,Kamrup Metropolitan,AS,2026-07-26,9.6,31.6,24.7,71,22.9,IMD-synthetic
D-AS-01,Kamrup Metropolitan,AS,2026-07-27,6.9,29.4,20.1,62,9.6,IMD-synthetic
D-AS-01,Kamrup Metropolitan,AS,2026-07-28,26.3,29.0,19.1,81,17.6,IMD-synthetic
D-AS-01,Kamrup Metropolitan,AS,2026-07-29,27.8,27.5,17.7,76,4.4,IMD-synthetic
D-AS-01,Kamrup Metropolitan,AS,2026-07-30,2.9,32.6,27.5,56,22.9,IMD-synthetic
D-AS-01,Kamrup Metropolitan,AS,2026-07-31,2.2,31.8,25.5,62,11.5,IMD-synthetic
D-AS-01,Kamrup Metropolitan,AS,2026-08-01,75.7,31.1,24.2,99,19.2,IMD-synthetic
D-AS-01,Kamrup Metropolitan,AS,2026-08-02,40.9,31.8,26.6,81,17.1,IMD-synthetic
D-AS-01,Kamrup Metropolitan,AS,2026-08-03,45.0,32.4,23.7,89,4.4,IMD-synthetic
D-AS-01,Kamrup Metropolitan,AS,2026-08-04,19.3,29.5,21.0,78,3.1,IMD-synthetic
D-AS-01,Kamrup Metropolitan,AS,2026-08-05,6.5,29.3,23.6,63,15.6,IMD-synthetic
D-AS-01,Kamrup Metropolitan,AS,2026-08-06,3.8,27.6,18.2,63,7.8,IMD-synthetic
D-AS-01,Kamrup Metropolitan,AS,2026-08-07,3.2,29.9,23.6,57,2.2,IMD-synthetic
D-AS-01,Kamrup Metropolitan,AS,2026-08-08,19.9,30.9,25.1,72,10.3,IMD-synthetic
D-AS-01,Kamrup Metropolitan,AS,2026-08-09,14.1,29.5,23.2,73,6.8,IMD-synthetic
D-AS-01,Kamrup Metropolitan,AS,2026-08-10,10.7,28.4,20.5,67,25.8,IMD-synthetic
D-AS-01,Kamrup Metropolitan,AS,2026-08-11,21.6,30.8,24.4,75,18.5,IMD-synthetic
D-AS-01,Kamrup Metropolitan,AS,2026-08-12,1.1,30.8,23.3,65,8.9,IMD-synthetic
D-AS-01,Kamrup Metropolitan,AS,2026-08-13,13.4,29.1,20.9,70,18.3,IMD-synthetic
D-AS-01,Kamrup Metropolitan,AS,2026-08-14,14.6,32.0,23.9,74,17.5,IMD-synthetic
D-AS-01,Kamrup Metropolitan,AS,2026-08-15,9.7,30.5,21.8,60,9.1,IMD-synthetic
D-AS-01,Kamrup Metropolitan,AS,2026-08-16,3.9,27.9,20.2,68,14.7,IMD-synthetic
D-AS-01,Kamrup Metropolitan,AS,2026-08-17,18.3,28.4,19.3,71,21.4,IMD-synthetic
D-AS-01,Kamrup Metropolitan,AS,2026-08-18,7.5,27.8,18.0,59,25.2,IMD-synthetic
D-AS-01,Kamrup Metropolitan,AS,2026-08-19,16.0,32.8,23.0,74,10.8,IMD-synthetic
D-AS-01,Kamrup Metropolitan,AS,2026-08-20,0.3,30.4,23.1,61,18.1,IMD-synthetic
D-AS-01,Kamrup Metropolitan,AS,2026-08-21,18.2,32.5,27.0,68,2.6,IMD-synthetic
D-AS-01,Kamrup Metropolitan,AS,2026-08-22,12.4,32.5,26.4,61,21.8,IMD-synthetic
D-AS-01,Kamrup Metropolitan,AS,2026-08-23,6.7,29.5,23.8,69,9.3,IMD-synthetic
D-AS-01,Kamrup Metropolitan,AS,2026-08-24,2.1,32.5,26.8,59,18.1,IMD-synthetic
D-AS-01,Kamrup Metropolitan,AS,2026-08-25,20.9,29.4,20.7,68,12.0,IMD-synthetic
D-AS-01,Kamrup Metropolitan,AS,2026-08-26,10.8,29.5,19.7,60,10.9,IMD-synthetic
D-AS-01,Kamrup Metropolitan,AS,2026-08-27,21.0,32.0,26.5,76,15.1,IMD-synthetic
D-AS-01,Kamrup Metropolitan,AS,2026-08-28,7.9,29.5,23.6,59,22.4,IMD-synthetic
D-AS-01,Kamrup Metropolitan,AS,2026-08-29,14.6,30.8,22.8,62,20.9,IMD-synthetic
D-AS-01,Kamrup Metropolitan,AS,2026-08-30,2.8,30.5,25.2,64,7.0,IMD-synthetic
D-AS-01,Kamrup Metropolitan,AS,2026-08-31,19.2,28.8,23.1,78,2.1,IMD-synthetic
D-AS-01,Kamrup Metropolitan,AS,2026-09-01,2.2,27.9,21.6,55,17.9,IMD-synthetic
D-AS-01,Kamrup Metropolitan,AS,2026-09-02,36.0,31.3,23.4,77,8.4,IMD-synthetic
D-AS-01,Kamrup Metropolitan,AS,2026-09-03,17.5,29.4,23.8,65,12.8,IMD-synthetic
D-AS-01,Kamrup Metropolitan,AS,2026-09-04,9.1,29.8,23.7,66,19.5,IMD-synthetic
D-AS-01,Kamrup Metropolitan,AS,2026-09-05,10.1,28.8,20.6,59,26.0,IMD-synthetic
D-AS-01,Kamrup Metropolitan,AS,2026-09-06,6.5,27.7,19.1,62,23.6,IMD-synthetic
D-AS-01,Kamrup Metropolitan,AS,2026-09-07,2.3,27.9,19.8,61,19.1,IMD-synthetic
D-AS-01,Kamrup Metropolitan,AS,2026-09-08,9.2,28.8,21.3,64,21.0,IMD-synthetic
D-AS-01,Kamrup Metropolitan,AS,2026-09-09,10.0,32.3,24.5,71,12.3,IMD-synthetic
D-AS-01,Kamrup Metropolitan,AS,2026-09-10,6.3,32.1,25.1,66,9.5,IMD-synthetic
D-AS-01,Kamrup Metropolitan,AS,2026-09-11,3.9,32.9,24.5,61,4.2,IMD-synthetic
D-AS-01,Kamrup Metropolitan,AS,2026-09-12,27.2,31.2,22.1,78,16.1,IMD-synthetic
D-AS-01,Kamrup Metropolitan,AS,2026-09-13,25.0,28.8,23.2,74,18.0,IMD-synthetic
D-AS-01,Kamrup Metropolitan,AS,2026-09-14,28.3,31.9,23.3,85,16.4,IMD-synthetic
D-AS-01,Kamrup Metropolitan,AS,2026-09-15,8.9,28.3,20.0,61,4.6,IMD-synthetic
D-AS-01,Kamrup Metropolitan,AS,2026-09-16,5.6,31.7,23.8,67,22.3,IMD-synthetic
D-AS-02,Nagaon,AS,2026-05-20,14.1,30.6,22.4,62,24.3,IMD-synthetic
D-AS-02,Nagaon,AS,2026-05-21,4.6,28.2,19.7,59,10.2,IMD-synthetic
D-AS-02,Nagaon,AS,2026-05-22,48.1,28.8,23.1,94,2.7,IMD-synthetic
D-AS-02,Nagaon,AS,2026-05-23,31.6,27.9,20.8,78,10.9,IMD-synthetic
D-AS-02,Nagaon,AS,2026-05-24,13.3,30.4,25.0,62,5.8,IMD-synthetic
D-AS-02,Nagaon,AS,2026-05-25,11.6,28.6,20.3,66,12.6,IMD-synthetic
D-AS-02,Nagaon,AS,2026-05-26,13.0,27.6,20.5,65,18.3,IMD-synthetic
D-AS-02,Nagaon,AS,2026-05-27,11.5,27.3,20.3,68,2.2,IMD-synthetic
D-AS-02,Nagaon,AS,2026-05-28,3.6,27.9,21.6,59,2.2,IMD-synthetic
D-AS-02,Nagaon,AS,2026-05-29,3.0,29.4,20.9,61,22.0,IMD-synthetic
D-AS-02,Nagaon,AS,2026-05-30,1.2,32.3,27.1,53,24.1,IMD-synthetic
D-AS-02,Nagaon,AS,2026-05-31,9.9,30.4,21.9,64,4.8,IMD-synthetic
D-AS-02,Nagaon,AS,2026-06-01,51.1,32.0,24.7,97,10.7,IMD-synthetic
D-AS-02,Nagaon,AS,2026-06-02,39.3,27.2,20.0,85,3.9,IMD-synthetic
D-AS-02,Nagaon,AS,2026-06-03,52.2,30.8,24.7,99,3.8,IMD-synthetic
D-AS-02,Nagaon,AS,2026-06-04,14.0,28.1,19.2,66,25.0,IMD-synthetic
D-AS-02,Nagaon,AS,2026-06-05,3.9,27.7,21.4,57,5.7,IMD-synthetic
D-AS-02,Nagaon,AS,2026-06-06,2.0,32.8,24.7,59,15.5,IMD-synthetic
D-AS-02,Nagaon,AS,2026-06-07,18.0,32.2,24.0,78,9.8,IMD-synthetic
D-AS-02,Nagaon,AS,2026-06-08,8.3,29.7,22.4,66,21.1,IMD-synthetic
D-AS-02,Nagaon,AS,2026-06-09,9.3,27.5,20.2,59,10.8,IMD-synthetic
D-AS-02,Nagaon,AS,2026-06-10,17.0,32.8,27.3,72,11.2,IMD-synthetic
D-AS-02,Nagaon,AS,2026-06-11,25.2,31.2,26.0,82,15.7,IMD-synthetic
D-AS-02,Nagaon,AS,2026-06-12,16.0,29.9,20.1,69,21.5,IMD-synthetic
D-AS-02,Nagaon,AS,2026-06-13,25.9,27.2,19.0,70,19.0,IMD-synthetic
D-AS-02,Nagaon,AS,2026-06-14,13.8,30.6,23.8,74,11.3,IMD-synthetic
D-AS-02,Nagaon,AS,2026-06-15,17.9,27.2,19.0,69,9.9,IMD-synthetic
D-AS-02,Nagaon,AS,2026-06-16,10.2,28.5,19.2,72,16.5,IMD-synthetic
D-AS-02,Nagaon,AS,2026-06-17,2.1,31.1,21.5,57,17.7,IMD-synthetic
D-AS-02,Nagaon,AS,2026-06-18,3.4,31.4,26.0,62,17.4,IMD-synthetic
D-AS-02,Nagaon,AS,2026-06-19,3.4,31.3,21.6,68,23.9,IMD-synthetic
D-AS-02,Nagaon,AS,2026-06-20,17.7,29.9,24.8,68,24.8,IMD-synthetic
D-AS-02,Nagaon,AS,2026-06-21,20.2,28.0,18.0,68,9.1,IMD-synthetic
D-AS-02,Nagaon,AS,2026-06-22,13.4,30.2,21.5,68,17.9,IMD-synthetic
D-AS-02,Nagaon,AS,2026-06-23,16.3,30.5,24.7,65,18.6,IMD-synthetic
D-AS-02,Nagaon,AS,2026-06-24,23.8,31.1,25.9,73,19.3,IMD-synthetic
D-AS-02,Nagaon,AS,2026-06-25,16.1,31.4,22.5,66,7.7,IMD-synthetic
D-AS-02,Nagaon,AS,2026-06-26,20.7,32.2,26.2,75,15.7,IMD-synthetic
D-AS-02,Nagaon,AS,2026-06-27,20.3,31.5,24.0,72,5.9,IMD-synthetic
D-AS-02,Nagaon,AS,2026-06-28,15.9,32.1,26.8,69,10.9,IMD-synthetic
D-AS-02,Nagaon,AS,2026-06-29,18.8,30.0,24.4,66,5.8,IMD-synthetic
D-AS-02,Nagaon,AS,2026-06-30,13.5,31.9,26.4,74,21.6,IMD-synthetic
D-AS-02,Nagaon,AS,2026-07-01,26.8,29.2,22.2,75,11.3,IMD-synthetic
D-AS-02,Nagaon,AS,2026-07-02,46.8,32.0,22.8,93,21.0,IMD-synthetic
D-AS-02,Nagaon,AS,2026-07-03,33.3,28.3,19.2,85,5.3,IMD-synthetic
D-AS-02,Nagaon,AS,2026-07-04,12.9,27.0,21.6,64,22.0,IMD-synthetic
D-AS-02,Nagaon,AS,2026-07-05,21.0,30.0,24.4,70,9.2,IMD-synthetic
D-AS-02,Nagaon,AS,2026-07-06,85.3,29.5,24.2,99,14.0,IMD-synthetic
D-AS-02,Nagaon,AS,2026-07-07,46.2,30.2,22.3,94,9.0,IMD-synthetic
D-AS-02,Nagaon,AS,2026-07-08,28.9,28.8,20.9,74,18.0,IMD-synthetic
D-AS-02,Nagaon,AS,2026-07-09,10.4,32.7,25.0,70,14.2,IMD-synthetic
D-AS-02,Nagaon,AS,2026-07-10,47.8,28.7,21.8,95,10.6,IMD-synthetic
D-AS-02,Nagaon,AS,2026-07-11,31.0,28.1,19.8,75,16.0,IMD-synthetic
D-AS-02,Nagaon,AS,2026-07-12,53.4,27.1,20.3,94,17.4,IMD-synthetic
D-AS-02,Nagaon,AS,2026-07-13,19.7,32.7,25.3,68,5.2,IMD-synthetic
D-AS-02,Nagaon,AS,2026-07-14,27.2,26.9,20.9,82,23.3,IMD-synthetic
D-AS-02,Nagaon,AS,2026-07-15,8.9,29.4,20.3,64,2.9,IMD-synthetic
D-AS-02,Nagaon,AS,2026-07-16,8.2,32.2,27.0,66,8.6,IMD-synthetic
D-AS-02,Nagaon,AS,2026-07-17,12.6,29.4,22.2,74,10.1,IMD-synthetic
D-AS-02,Nagaon,AS,2026-07-18,20.0,29.0,20.0,69,4.0,IMD-synthetic
D-AS-02,Nagaon,AS,2026-07-19,12.4,32.9,27.0,64,4.5,IMD-synthetic
D-AS-02,Nagaon,AS,2026-07-20,8.5,29.7,21.1,60,12.7,IMD-synthetic
D-AS-02,Nagaon,AS,2026-07-21,21.0,32.3,24.2,72,17.3,IMD-synthetic
D-AS-02,Nagaon,AS,2026-07-22,1.7,31.2,24.2,60,20.0,IMD-synthetic
D-AS-02,Nagaon,AS,2026-07-23,0.9,32.2,23.8,58,5.0,IMD-synthetic
D-AS-02,Nagaon,AS,2026-07-24,18.6,29.0,19.3,65,5.7,IMD-synthetic
D-AS-02,Nagaon,AS,2026-07-25,10.7,29.7,24.3,61,10.8,IMD-synthetic
D-AS-02,Nagaon,AS,2026-07-26,8.0,32.8,27.7,60,14.4,IMD-synthetic
D-AS-02,Nagaon,AS,2026-07-27,3.4,31.8,23.3,57,16.7,IMD-synthetic
D-AS-02,Nagaon,AS,2026-07-28,28.8,27.9,22.2,73,6.1,IMD-synthetic
D-AS-02,Nagaon,AS,2026-07-29,28.7,31.6,21.8,85,18.0,IMD-synthetic
D-AS-02,Nagaon,AS,2026-07-30,15.9,28.6,22.1,65,19.0,IMD-synthetic
D-AS-02,Nagaon,AS,2026-07-31,5.0,29.3,23.2,69,21.0,IMD-synthetic
D-AS-02,Nagaon,AS,2026-08-01,10.9,29.2,21.3,66,25.6,IMD-synthetic
D-AS-02,Nagaon,AS,2026-08-02,19.5,27.2,20.2,75,13.5,IMD-synthetic
D-AS-02,Nagaon,AS,2026-08-03,9.0,30.5,24.9,62,3.8,IMD-synthetic
D-AS-02,Nagaon,AS,2026-08-04,11.4,27.8,18.7,67,16.1,IMD-synthetic
D-AS-02,Nagaon,AS,2026-08-05,2.8,30.1,20.8,65,14.4,IMD-synthetic
D-AS-02,Nagaon,AS,2026-08-06,3.6,32.7,26.6,67,14.5,IMD-synthetic
D-AS-02,Nagaon,AS,2026-08-07,1.7,28.3,18.5,57,17.0,IMD-synthetic
D-AS-02,Nagaon,AS,2026-08-08,2.1,31.0,23.0,61,6.1,IMD-synthetic
D-AS-02,Nagaon,AS,2026-08-09,19.9,28.9,19.3,66,22.7,IMD-synthetic
D-AS-02,Nagaon,AS,2026-08-10,71.7,27.6,21.5,99,16.8,IMD-synthetic
D-AS-02,Nagaon,AS,2026-08-11,22.8,32.1,24.4,76,9.3,IMD-synthetic
D-AS-02,Nagaon,AS,2026-08-12,28.2,31.5,24.5,78,18.5,IMD-synthetic
D-AS-02,Nagaon,AS,2026-08-13,26.0,29.2,21.9,74,5.4,IMD-synthetic
D-AS-02,Nagaon,AS,2026-08-14,7.1,33.0,26.3,62,20.3,IMD-synthetic
D-AS-02,Nagaon,AS,2026-08-15,2.3,28.6,23.0,59,5.4,IMD-synthetic
D-AS-02,Nagaon,AS,2026-08-16,76.2,28.4,18.6,99,21.5,IMD-synthetic
D-AS-02,Nagaon,AS,2026-08-17,45.3,30.7,24.8,85,25.9,IMD-synthetic
D-AS-02,Nagaon,AS,2026-08-18,33.7,31.9,24.4,76,11.4,IMD-synthetic
D-AS-02,Nagaon,AS,2026-08-19,5.3,30.6,25.4,59,16.3,IMD-synthetic
D-AS-02,Nagaon,AS,2026-08-20,14.8,28.6,23.6,63,5.2,IMD-synthetic
D-AS-02,Nagaon,AS,2026-08-21,8.1,29.5,24.3,58,15.5,IMD-synthetic
D-AS-02,Nagaon,AS,2026-08-22,6.4,29.4,22.1,64,21.8,IMD-synthetic
D-AS-02,Nagaon,AS,2026-08-23,13.5,27.7,22.2,66,25.7,IMD-synthetic
D-AS-02,Nagaon,AS,2026-08-24,8.1,27.9,19.9,63,3.0,IMD-synthetic
D-AS-02,Nagaon,AS,2026-08-25,50.6,29.2,21.9,95,14.4,IMD-synthetic
D-AS-02,Nagaon,AS,2026-08-26,30.2,30.3,24.5,87,19.7,IMD-synthetic
D-AS-02,Nagaon,AS,2026-08-27,29.5,28.7,19.6,80,19.0,IMD-synthetic
D-AS-02,Nagaon,AS,2026-08-28,29.5,31.6,24.8,82,25.5,IMD-synthetic
D-AS-02,Nagaon,AS,2026-08-29,17.6,31.2,22.8,64,13.4,IMD-synthetic
D-AS-02,Nagaon,AS,2026-08-30,17.3,31.5,23.6,74,16.0,IMD-synthetic
D-AS-02,Nagaon,AS,2026-08-31,13.9,30.7,21.5,63,18.3,IMD-synthetic
D-AS-02,Nagaon,AS,2026-09-01,27.6,26.8,20.2,73,18.6,IMD-synthetic
D-AS-02,Nagaon,AS,2026-09-02,22.4,31.4,21.8,79,19.7,IMD-synthetic
D-AS-02,Nagaon,AS,2026-09-03,16.4,27.7,21.7,68,17.9,IMD-synthetic
D-AS-02,Nagaon,AS,2026-09-04,24.4,28.6,22.7,81,10.2,IMD-synthetic
D-AS-02,Nagaon,AS,2026-09-05,11.8,31.3,23.1,69,16.6,IMD-synthetic
D-AS-02,Nagaon,AS,2026-09-06,3.8,30.5,24.4,68,9.1,IMD-synthetic
D-AS-02,Nagaon,AS,2026-09-07,3.2,31.3,24.7,59,24.4,IMD-synthetic
D-AS-02,Nagaon,AS,2026-09-08,4.2,27.8,19.4,60,25.5,IMD-synthetic
D-AS-02,Nagaon,AS,2026-09-09,14.6,31.8,25.3,66,19.1,IMD-synthetic
D-AS-02,Nagaon,AS,2026-09-10,6.8,28.6,21.2,59,14.9,IMD-synthetic
D-AS-02,Nagaon,AS,2026-09-11,10.7,27.8,19.7,67,7.8,IMD-synthetic
D-AS-02,Nagaon,AS,2026-09-12,8.1,30.9,25.6,63,19.2,IMD-synthetic
D-AS-02,Nagaon,AS,2026-09-13,11.8,27.0,19.2,73,11.8,IMD-synthetic
D-AS-02,Nagaon,AS,2026-09-14,13.5,29.8,23.8,74,9.7,IMD-synthetic
D-AS-02,Nagaon,AS,2026-09-15,13.9,27.5,19.6,69,19.4,IMD-synthetic
D-AS-02,Nagaon,AS,2026-09-16,14.0,28.0,18.6,64,24.1,IMD-synthetic
D-AS-03,Jorhat,AS,2026-05-20,6.8,29.9,20.2,70,24.2,IMD-synthetic
D-AS-03,Jorhat,AS,2026-05-21,0.2,30.4,24.9,65,8.8,IMD-synthetic
D-AS-03,Jorhat,AS,2026-05-22,9.3,29.8,20.1,70,13.2,IMD-synthetic
D-AS-03,Jorhat,AS,2026-05-23,1.9,27.9,20.6,56,6.5,IMD-synthetic
D-AS-03,Jorhat,AS,2026-05-24,13.6,30.2,21.4,63,22.5,IMD-synthetic
D-AS-03,Jorhat,AS,2026-05-25,14.2,29.9,24.5,71,6.4,IMD-synthetic
D-AS-03,Jorhat,AS,2026-05-26,5.6,28.4,22.1,59,20.1,IMD-synthetic
D-AS-03,Jorhat,AS,2026-05-27,5.2,31.3,26.2,64,18.6,IMD-synthetic
D-AS-03,Jorhat,AS,2026-05-28,44.3,27.2,18.8,95,23.3,IMD-synthetic
D-AS-03,Jorhat,AS,2026-05-29,32.0,30.6,22.4,87,10.8,IMD-synthetic
D-AS-03,Jorhat,AS,2026-05-30,16.4,29.6,22.3,77,11.0,IMD-synthetic
D-AS-03,Jorhat,AS,2026-05-31,15.7,31.3,22.3,74,20.3,IMD-synthetic
D-AS-03,Jorhat,AS,2026-06-01,15.7,31.5,23.9,70,10.7,IMD-synthetic
D-AS-03,Jorhat,AS,2026-06-02,3.0,31.9,22.4,56,14.9,IMD-synthetic
D-AS-03,Jorhat,AS,2026-06-03,22.5,29.3,20.9,77,13.7,IMD-synthetic
D-AS-03,Jorhat,AS,2026-06-04,11.7,27.1,21.4,66,15.5,IMD-synthetic
D-AS-03,Jorhat,AS,2026-06-05,17.7,28.6,23.5,67,2.1,IMD-synthetic
D-AS-03,Jorhat,AS,2026-06-06,1.9,29.5,21.0,60,3.4,IMD-synthetic
D-AS-03,Jorhat,AS,2026-06-07,26.0,29.4,23.0,72,5.3,IMD-synthetic
D-AS-03,Jorhat,AS,2026-06-08,19.2,32.5,25.6,77,12.8,IMD-synthetic
D-AS-03,Jorhat,AS,2026-06-09,10.0,27.3,17.5,71,5.2,IMD-synthetic
D-AS-03,Jorhat,AS,2026-06-10,3.1,32.9,25.9,55,25.5,IMD-synthetic
D-AS-03,Jorhat,AS,2026-06-11,19.9,32.5,25.2,75,12.2,IMD-synthetic
D-AS-03,Jorhat,AS,2026-06-12,6.1,29.7,23.9,58,23.0,IMD-synthetic
D-AS-03,Jorhat,AS,2026-06-13,0.8,31.0,22.9,65,23.3,IMD-synthetic
D-AS-03,Jorhat,AS,2026-06-14,1.8,30.5,23.3,62,22.9,IMD-synthetic
D-AS-03,Jorhat,AS,2026-06-15,1.2,29.6,21.9,63,20.6,IMD-synthetic
D-AS-03,Jorhat,AS,2026-06-16,26.2,28.0,18.4,78,15.9,IMD-synthetic
D-AS-03,Jorhat,AS,2026-06-17,21.6,28.1,18.7,80,14.5,IMD-synthetic
D-AS-03,Jorhat,AS,2026-06-18,7.3,30.2,22.2,67,6.2,IMD-synthetic
D-AS-03,Jorhat,AS,2026-06-19,14.7,27.0,20.3,71,11.1,IMD-synthetic
D-AS-03,Jorhat,AS,2026-06-20,18.4,29.1,22.6,67,14.9,IMD-synthetic
D-AS-03,Jorhat,AS,2026-06-21,5.9,32.1,26.4,62,3.4,IMD-synthetic
D-AS-03,Jorhat,AS,2026-06-22,11.0,30.0,23.1,63,9.9,IMD-synthetic
D-AS-03,Jorhat,AS,2026-06-23,90.1,26.1,17.5,99,8.4,IMD-synthetic
D-AS-03,Jorhat,AS,2026-06-24,46.4,29.8,20.4,87,20.3,IMD-synthetic
D-AS-03,Jorhat,AS,2026-06-25,47.9,29.6,22.2,97,10.0,IMD-synthetic
D-AS-03,Jorhat,AS,2026-06-26,0.4,32.6,22.8,53,26.0,IMD-synthetic
D-AS-03,Jorhat,AS,2026-06-27,6.4,30.5,24.5,69,15.2,IMD-synthetic
D-AS-03,Jorhat,AS,2026-06-28,10.0,30.0,23.2,62,14.3,IMD-synthetic
D-AS-03,Jorhat,AS,2026-06-29,2.6,32.8,25.5,65,23.9,IMD-synthetic
D-AS-03,Jorhat,AS,2026-06-30,10.9,30.2,24.1,61,8.3,IMD-synthetic
D-AS-03,Jorhat,AS,2026-07-01,16.7,29.2,23.4,68,11.1,IMD-synthetic
D-AS-03,Jorhat,AS,2026-07-02,14.4,30.7,22.3,65,21.7,IMD-synthetic
D-AS-03,Jorhat,AS,2026-07-03,18.5,29.6,23.8,76,6.1,IMD-synthetic
D-AS-03,Jorhat,AS,2026-07-04,14.1,32.3,24.6,70,3.4,IMD-synthetic
D-AS-03,Jorhat,AS,2026-07-05,104.6,29.3,20.5,99,22.2,IMD-synthetic
D-AS-03,Jorhat,AS,2026-07-06,36.3,30.6,25.6,84,11.0,IMD-synthetic
D-AS-03,Jorhat,AS,2026-07-07,19.2,30.4,23.0,72,2.2,IMD-synthetic
D-AS-03,Jorhat,AS,2026-07-08,0.3,30.2,23.8,65,2.4,IMD-synthetic
D-AS-03,Jorhat,AS,2026-07-09,19.4,31.5,22.0,67,4.3,IMD-synthetic
D-AS-03,Jorhat,AS,2026-07-10,5.5,30.1,21.0,59,11.5,IMD-synthetic
D-AS-03,Jorhat,AS,2026-07-11,11.7,30.2,20.2,63,18.4,IMD-synthetic
D-AS-03,Jorhat,AS,2026-07-12,18.8,31.8,23.0,66,11.1,IMD-synthetic
D-AS-03,Jorhat,AS,2026-07-13,1.6,27.0,21.1,60,12.4,IMD-synthetic
D-AS-03,Jorhat,AS,2026-07-14,16.3,31.9,26.4,70,3.0,IMD-synthetic
D-AS-03,Jorhat,AS,2026-07-15,25.0,31.9,24.5,70,3.8,IMD-synthetic
D-AS-03,Jorhat,AS,2026-07-16,25.9,30.0,24.8,83,9.5,IMD-synthetic
D-AS-03,Jorhat,AS,2026-07-17,16.9,31.2,22.6,69,3.8,IMD-synthetic
D-AS-03,Jorhat,AS,2026-07-18,6.9,31.9,25.0,69,10.0,IMD-synthetic
D-AS-03,Jorhat,AS,2026-07-19,4.0,32.9,24.3,61,25.4,IMD-synthetic
D-AS-03,Jorhat,AS,2026-07-20,59.7,26.5,18.5,99,16.3,IMD-synthetic
D-AS-03,Jorhat,AS,2026-07-21,60.2,28.0,19.8,99,12.8,IMD-synthetic
D-AS-03,Jorhat,AS,2026-07-22,36.2,29.7,22.8,79,16.1,IMD-synthetic
D-AS-03,Jorhat,AS,2026-07-23,22.3,28.4,22.2,68,8.4,IMD-synthetic
D-AS-03,Jorhat,AS,2026-07-24,22.6,27.6,20.7,72,4.2,IMD-synthetic
D-AS-03,Jorhat,AS,2026-07-25,12.8,31.4,25.9,62,12.3,IMD-synthetic
D-AS-03,Jorhat,AS,2026-07-26,14.8,27.4,22.0,70,16.3,IMD-synthetic
D-AS-03,Jorhat,AS,2026-07-27,24.9,26.7,19.6,80,19.4,IMD-synthetic
D-AS-03,Jorhat,AS,2026-07-28,28.6,28.0,20.4,81,6.1,IMD-synthetic
D-AS-03,Jorhat,AS,2026-07-29,7.7,27.8,22.0,61,9.2,IMD-synthetic
D-AS-03,Jorhat,AS,2026-07-30,10.4,32.5,23.9,66,16.8,IMD-synthetic
D-AS-03,Jorhat,AS,2026-07-31,3.9,27.0,20.0,66,11.1,IMD-synthetic
D-AS-03,Jorhat,AS,2026-08-01,9.7,29.4,20.3,67,16.3,IMD-synthetic
D-AS-03,Jorhat,AS,2026-08-02,13.3,31.0,23.6,63,11.6,IMD-synthetic
D-AS-03,Jorhat,AS,2026-08-03,16.2,30.5,20.7,74,9.8,IMD-synthetic
D-AS-03,Jorhat,AS,2026-08-04,17.4,28.9,19.2,66,25.9,IMD-synthetic
D-AS-03,Jorhat,AS,2026-08-05,16.9,26.9,18.3,77,7.0,IMD-synthetic
D-AS-03,Jorhat,AS,2026-08-06,18.4,27.1,17.9,76,18.2,IMD-synthetic
D-AS-03,Jorhat,AS,2026-08-07,6.7,28.4,22.6,62,11.0,IMD-synthetic
D-AS-03,Jorhat,AS,2026-08-08,13.2,30.3,22.6,74,22.9,IMD-synthetic
D-AS-03,Jorhat,AS,2026-08-09,0.8,32.8,24.3,63,16.3,IMD-synthetic
D-AS-03,Jorhat,AS,2026-08-10,2.4,28.5,20.2,56,16.7,IMD-synthetic
D-AS-03,Jorhat,AS,2026-08-11,14.2,30.6,20.8,66,21.1,IMD-synthetic
D-AS-03,Jorhat,AS,2026-08-12,2.2,28.3,19.6,61,18.5,IMD-synthetic
D-AS-03,Jorhat,AS,2026-08-13,8.3,29.6,21.2,67,5.6,IMD-synthetic
D-AS-03,Jorhat,AS,2026-08-14,10.7,28.6,19.0,60,22.0,IMD-synthetic
D-AS-03,Jorhat,AS,2026-08-15,7.7,28.9,20.0,64,10.4,IMD-synthetic
D-AS-03,Jorhat,AS,2026-08-16,15.9,29.5,24.2,63,19.1,IMD-synthetic
D-AS-03,Jorhat,AS,2026-08-17,65.8,30.0,24.2,99,7.9,IMD-synthetic
D-AS-03,Jorhat,AS,2026-08-18,26.4,27.5,19.7,83,7.6,IMD-synthetic
D-AS-03,Jorhat,AS,2026-08-19,32.1,27.6,19.4,80,2.7,IMD-synthetic
D-AS-03,Jorhat,AS,2026-08-20,4.4,30.5,23.6,64,6.9,IMD-synthetic
D-AS-03,Jorhat,AS,2026-08-21,17.9,27.1,21.6,76,6.5,IMD-synthetic
D-AS-03,Jorhat,AS,2026-08-22,10.1,28.4,19.1,66,17.3,IMD-synthetic
D-AS-03,Jorhat,AS,2026-08-23,13.5,30.3,23.6,73,16.8,IMD-synthetic
D-AS-03,Jorhat,AS,2026-08-24,15.6,28.5,20.4,64,5.2,IMD-synthetic
D-AS-03,Jorhat,AS,2026-08-25,6.7,28.0,19.5,63,12.0,IMD-synthetic
D-AS-03,Jorhat,AS,2026-08-26,8.5,28.0,19.8,67,17.5,IMD-synthetic
D-AS-03,Jorhat,AS,2026-08-27,12.3,29.7,24.0,65,12.8,IMD-synthetic
D-AS-03,Jorhat,AS,2026-08-28,80.5,28.6,22.6,99,15.5,IMD-synthetic
D-AS-03,Jorhat,AS,2026-08-29,38.3,28.8,21.3,88,12.7,IMD-synthetic
D-AS-03,Jorhat,AS,2026-08-30,26.2,30.0,21.0,73,2.8,IMD-synthetic
D-AS-03,Jorhat,AS,2026-08-31,6.4,31.6,23.8,67,13.9,IMD-synthetic
D-AS-03,Jorhat,AS,2026-09-01,8.8,28.5,20.8,72,15.0,IMD-synthetic
D-AS-03,Jorhat,AS,2026-09-02,11.7,29.5,23.4,66,19.7,IMD-synthetic
D-AS-03,Jorhat,AS,2026-09-03,3.8,32.2,27.0,58,22.7,IMD-synthetic
D-AS-03,Jorhat,AS,2026-09-04,50.0,27.6,18.5,95,10.4,IMD-synthetic
D-AS-03,Jorhat,AS,2026-09-05,27.6,30.3,24.5,73,7.0,IMD-synthetic
D-AS-03,Jorhat,AS,2026-09-06,0.9,29.1,22.7,60,9.8,IMD-synthetic
D-AS-03,Jorhat,AS,2026-09-07,4.4,28.5,19.2,68,18.3,IMD-synthetic
D-AS-03,Jorhat,AS,2026-09-08,14.8,31.5,21.9,76,22.8,IMD-synthetic
D-AS-03,Jorhat,AS,2026-09-09,13.3,28.3,19.7,72,20.3,IMD-synthetic
D-AS-03,Jorhat,AS,2026-09-10,7.5,30.3,24.0,63,12.8,IMD-synthetic
D-AS-03,Jorhat,AS,2026-09-11,13.5,27.3,19.7,65,24.5,IMD-synthetic
D-AS-03,Jorhat,AS,2026-09-12,14.6,28.7,23.7,73,19.6,IMD-synthetic
D-AS-03,Jorhat,AS,2026-09-13,7.0,30.9,24.1,57,14.8,IMD-synthetic
D-AS-03,Jorhat,AS,2026-09-14,6.6,28.2,21.9,68,10.1,IMD-synthetic
D-AS-03,Jorhat,AS,2026-09-15,8.7,29.8,23.1,67,3.2,IMD-synthetic
D-AS-03,Jorhat,AS,2026-09-16,12.0,29.6,24.0,72,12.6,IMD-synthetic
D-AS-04,Dibrugarh,AS,2026-05-20,34.4,30.5,24.8,85,5.8,IMD-synthetic
D-AS-04,Dibrugarh,AS,2026-05-21,35.2,28.0,19.7,80,10.9,IMD-synthetic
D-AS-04,Dibrugarh,AS,2026-05-22,34.6,27.3,20.3,80,18.8,IMD-synthetic
D-AS-04,Dibrugarh,AS,2026-05-23,11.3,30.9,25.9,66,5.2,IMD-synthetic
D-AS-04,Dibrugarh,AS,2026-05-24,11.7,26.8,18.3,71,25.7,IMD-synthetic
D-AS-04,Dibrugarh,AS,2026-05-25,2.3,27.3,20.4,63,4.5,IMD-synthetic
D-AS-04,Dibrugarh,AS,2026-05-26,15.1,27.5,18.6,73,5.2,IMD-synthetic
D-AS-04,Dibrugarh,AS,2026-05-27,2.5,30.0,25.0,62,12.6,IMD-synthetic
D-AS-04,Dibrugarh,AS,2026-05-28,10.8,27.6,20.5,69,22.6,IMD-synthetic
D-AS-04,Dibrugarh,AS,2026-05-29,32.1,27.1,18.4,79,12.3,IMD-synthetic
D-AS-04,Dibrugarh,AS,2026-05-30,32.5,27.9,19.7,78,16.4,IMD-synthetic
D-AS-04,Dibrugarh,AS,2026-05-31,4.9,32.5,27.4,67,23.0,IMD-synthetic
D-AS-04,Dibrugarh,AS,2026-06-01,16.0,27.8,20.8,72,20.8,IMD-synthetic
D-AS-04,Dibrugarh,AS,2026-06-02,6.3,29.1,22.9,65,3.7,IMD-synthetic
D-AS-04,Dibrugarh,AS,2026-06-03,0.3,29.1,22.5,57,22.1,IMD-synthetic
D-AS-04,Dibrugarh,AS,2026-06-04,14.4,27.7,20.3,75,3.8,IMD-synthetic
D-AS-04,Dibrugarh,AS,2026-06-05,0.4,28.2,18.6,65,11.6,IMD-synthetic
D-AS-04,Dibrugarh,AS,2026-06-06,18.8,31.2,24.1,70,17.4,IMD-synthetic
D-AS-04,Dibrugarh,AS,2026-06-07,4.0,27.3,21.9,67,25.4,IMD-synthetic
D-AS-04,Dibrugarh,AS,2026-06-08,8.6,30.3,21.5,67,17.4,IMD-synthetic
D-AS-04,Dibrugarh,AS,2026-06-09,11.5,32.4,26.2,63,24.2,IMD-synthetic
D-AS-04,Dibrugarh,AS,2026-06-10,16.1,27.0,18.7,72,6.2,IMD-synthetic
D-AS-04,Dibrugarh,AS,2026-06-11,81.7,26.5,16.7,99,20.8,IMD-synthetic
D-AS-04,Dibrugarh,AS,2026-06-12,47.8,27.1,21.5,96,8.5,IMD-synthetic
D-AS-04,Dibrugarh,AS,2026-06-13,20.3,26.7,17.7,70,3.5,IMD-synthetic
D-AS-04,Dibrugarh,AS,2026-06-14,15.2,27.1,19.8,67,14.0,IMD-synthetic
D-AS-04,Dibrugarh,AS,2026-06-15,9.7,28.3,22.8,66,19.3,IMD-synthetic
D-AS-04,Dibrugarh,AS,2026-06-16,13.4,26.9,17.6,64,13.3,IMD-synthetic
D-AS-04,Dibrugarh,AS,2026-06-17,4.0,32.4,23.1,62,23.9,IMD-synthetic
D-AS-04,Dibrugarh,AS,2026-06-18,11.1,28.7,21.6,69,8.5,IMD-synthetic
D-AS-04,Dibrugarh,AS,2026-06-19,48.1,30.1,24.8,88,14.4,IMD-synthetic
D-AS-04,Dibrugarh,AS,2026-06-20,27.7,28.8,19.4,83,20.6,IMD-synthetic
D-AS-04,Dibrugarh,AS,2026-06-21,35.6,26.8,19.5,82,9.0,IMD-synthetic
D-AS-04,Dibrugarh,AS,2026-06-22,19.5,28.0,21.2,79,25.9,IMD-synthetic
D-AS-04,Dibrugarh,AS,2026-06-23,19.3,29.9,20.9,67,24.4,IMD-synthetic
D-AS-04,Dibrugarh,AS,2026-06-24,61.2,30.9,21.5,99,2.0,IMD-synthetic
D-AS-04,Dibrugarh,AS,2026-06-25,45.9,31.2,22.6,85,14.7,IMD-synthetic
D-AS-04,Dibrugarh,AS,2026-06-26,33.4,29.3,24.0,89,19.1,IMD-synthetic
D-AS-04,Dibrugarh,AS,2026-06-27,29.1,31.9,22.4,79,18.8,IMD-synthetic
D-AS-04,Dibrugarh,AS,2026-06-28,25.7,27.0,21.5,71,21.7,IMD-synthetic
D-AS-04,Dibrugarh,AS,2026-06-29,44.8,30.1,24.4,87,22.4,IMD-synthetic
D-AS-04,Dibrugarh,AS,2026-06-30,53.8,28.4,19.2,94,12.9,IMD-synthetic
D-AS-04,Dibrugarh,AS,2026-07-01,36.4,32.0,26.3,88,4.6,IMD-synthetic
D-AS-04,Dibrugarh,AS,2026-07-02,32.3,29.1,22.5,76,10.6,IMD-synthetic
D-AS-04,Dibrugarh,AS,2026-07-03,13.0,29.5,20.2,62,21.4,IMD-synthetic
D-AS-04,Dibrugarh,AS,2026-07-04,20.3,30.2,24.1,78,5.6,IMD-synthetic
D-AS-04,Dibrugarh,AS,2026-07-05,27.9,28.8,23.6,75,21.7,IMD-synthetic
D-AS-04,Dibrugarh,AS,2026-07-06,27.4,31.6,23.8,78,4.3,IMD-synthetic
D-AS-04,Dibrugarh,AS,2026-07-07,22.9,27.3,22.0,78,7.3,IMD-synthetic
D-AS-04,Dibrugarh,AS,2026-07-08,11.5,30.8,21.1,61,16.1,IMD-synthetic
D-AS-04,Dibrugarh,AS,2026-07-09,2.2,32.9,26.9,62,21.4,IMD-synthetic
D-AS-04,Dibrugarh,AS,2026-07-10,24.4,31.4,25.8,82,3.2,IMD-synthetic
D-AS-04,Dibrugarh,AS,2026-07-11,12.5,31.0,23.5,66,12.2,IMD-synthetic
D-AS-04,Dibrugarh,AS,2026-07-12,26.2,28.1,20.9,72,16.7,IMD-synthetic
D-AS-04,Dibrugarh,AS,2026-07-13,18.7,29.6,20.2,71,4.1,IMD-synthetic
D-AS-04,Dibrugarh,AS,2026-07-14,12.1,30.6,21.6,63,25.9,IMD-synthetic
D-AS-04,Dibrugarh,AS,2026-07-15,0.6,29.2,20.6,59,20.8,IMD-synthetic
D-AS-04,Dibrugarh,AS,2026-07-16,16.3,28.6,22.2,63,16.3,IMD-synthetic
D-AS-04,Dibrugarh,AS,2026-07-17,48.7,32.0,24.4,96,26.0,IMD-synthetic
D-AS-04,Dibrugarh,AS,2026-07-18,60.4,26.5,18.2,98,21.6,IMD-synthetic
D-AS-04,Dibrugarh,AS,2026-07-19,58.6,26.3,16.3,96,22.3,IMD-synthetic
D-AS-04,Dibrugarh,AS,2026-07-20,10.2,31.8,22.6,61,16.2,IMD-synthetic
D-AS-04,Dibrugarh,AS,2026-07-21,20.1,32.1,27.0,75,24.7,IMD-synthetic
D-AS-04,Dibrugarh,AS,2026-07-22,16.2,27.8,17.9,75,13.8,IMD-synthetic
D-AS-04,Dibrugarh,AS,2026-07-23,14.1,27.2,21.0,64,14.6,IMD-synthetic
D-AS-04,Dibrugarh,AS,2026-07-24,57.7,26.7,18.1,99,22.3,IMD-synthetic
D-AS-04,Dibrugarh,AS,2026-07-25,39.3,26.4,18.5,92,20.6,IMD-synthetic
D-AS-04,Dibrugarh,AS,2026-07-26,56.3,31.1,21.3,96,24.6,IMD-synthetic
D-AS-04,Dibrugarh,AS,2026-07-27,41.7,26.8,20.3,83,5.8,IMD-synthetic
D-AS-04,Dibrugarh,AS,2026-07-28,22.8,32.3,24.1,70,25.2,IMD-synthetic
D-AS-04,Dibrugarh,AS,2026-07-29,26.8,31.2,25.1,79,6.2,IMD-synthetic
D-AS-04,Dibrugarh,AS,2026-07-30,19.8,27.3,18.7,79,24.8,IMD-synthetic
D-AS-04,Dibrugarh,AS,2026-07-31,28.7,32.2,27.0,80,24.1,IMD-synthetic
D-AS-04,Dibrugarh,AS,2026-08-01,4.9,30.2,20.5,57,19.9,IMD-synthetic
D-AS-04,Dibrugarh,AS,2026-08-02,21.7,27.6,18.2,68,19.0,IMD-synthetic
D-AS-04,Dibrugarh,AS,2026-08-03,19.6,29.3,23.0,69,3.6,IMD-synthetic
D-AS-04,Dibrugarh,AS,2026-08-04,2.4,26.9,20.0,63,25.3,IMD-synthetic
D-AS-04,Dibrugarh,AS,2026-08-05,10.9,29.0,21.3,61,13.5,IMD-synthetic
D-AS-04,Dibrugarh,AS,2026-08-06,14.4,30.8,25.0,63,22.3,IMD-synthetic
D-AS-04,Dibrugarh,AS,2026-08-07,7.0,32.5,27.1,59,11.0,IMD-synthetic
D-AS-04,Dibrugarh,AS,2026-08-08,12.1,32.1,26.6,68,16.7,IMD-synthetic
D-AS-04,Dibrugarh,AS,2026-08-09,0.7,32.5,26.7,64,5.8,IMD-synthetic
D-AS-04,Dibrugarh,AS,2026-08-10,4.5,28.0,19.5,65,19.5,IMD-synthetic
D-AS-04,Dibrugarh,AS,2026-08-11,6.2,28.2,23.0,64,22.2,IMD-synthetic
D-AS-04,Dibrugarh,AS,2026-08-12,8.0,29.3,22.8,66,16.4,IMD-synthetic
D-AS-04,Dibrugarh,AS,2026-08-13,0.6,27.9,21.4,53,22.3,IMD-synthetic
D-AS-04,Dibrugarh,AS,2026-08-14,8.8,29.7,21.4,59,15.1,IMD-synthetic
D-AS-04,Dibrugarh,AS,2026-08-15,19.6,28.8,21.6,69,13.2,IMD-synthetic
D-AS-04,Dibrugarh,AS,2026-08-16,5.9,27.2,18.4,65,4.1,IMD-synthetic
D-AS-04,Dibrugarh,AS,2026-08-17,12.0,32.5,24.6,68,22.2,IMD-synthetic
D-AS-04,Dibrugarh,AS,2026-08-18,9.2,30.0,20.7,65,23.2,IMD-synthetic
D-AS-04,Dibrugarh,AS,2026-08-19,1.7,32.3,23.7,60,23.6,IMD-synthetic
D-AS-04,Dibrugarh,AS,2026-08-20,15.0,30.4,24.8,73,6.1,IMD-synthetic
D-AS-04,Dibrugarh,AS,2026-08-21,21.5,31.4,25.8,72,25.7,IMD-synthetic
D-AS-04,Dibrugarh,AS,2026-08-22,22.0,30.3,21.1,71,23.9,IMD-synthetic
D-AS-04,Dibrugarh,AS,2026-08-23,1.5,29.2,22.2,57,8.6,IMD-synthetic
D-AS-04,Dibrugarh,AS,2026-08-24,19.3,31.3,23.2,72,12.1,IMD-synthetic
D-AS-04,Dibrugarh,AS,2026-08-25,3.3,30.4,21.6,67,24.2,IMD-synthetic
D-AS-04,Dibrugarh,AS,2026-08-26,2.2,28.6,20.9,58,11.9,IMD-synthetic
D-AS-04,Dibrugarh,AS,2026-08-27,10.7,30.4,25.2,63,5.5,IMD-synthetic
D-AS-04,Dibrugarh,AS,2026-08-28,15.3,26.9,17.5,67,7.7,IMD-synthetic
D-AS-04,Dibrugarh,AS,2026-08-29,20.3,31.9,26.8,77,9.3,IMD-synthetic
D-AS-04,Dibrugarh,AS,2026-08-30,10.9,30.9,25.4,71,5.2,IMD-synthetic
D-AS-04,Dibrugarh,AS,2026-08-31,9.8,31.7,25.4,64,17.5,IMD-synthetic
D-AS-04,Dibrugarh,AS,2026-09-01,3.2,31.8,23.1,64,22.8,IMD-synthetic
D-AS-04,Dibrugarh,AS,2026-09-02,7.9,27.7,21.1,64,5.3,IMD-synthetic
D-AS-04,Dibrugarh,AS,2026-09-03,13.5,26.9,20.9,73,22.1,IMD-synthetic
D-AS-04,Dibrugarh,AS,2026-09-04,7.0,32.3,23.8,60,21.8,IMD-synthetic
D-AS-04,Dibrugarh,AS,2026-09-05,9.7,27.5,22.3,64,16.3,IMD-synthetic
D-AS-04,Dibrugarh,AS,2026-09-06,13.3,30.2,23.5,63,23.5,IMD-synthetic
D-AS-04,Dibrugarh,AS,2026-09-07,10.6,28.4,21.5,61,15.7,IMD-synthetic
D-AS-04,Dibrugarh,AS,2026-09-08,13.1,30.6,22.2,64,11.8,IMD-synthetic
D-AS-04,Dibrugarh,AS,2026-09-09,24.3,32.0,23.8,77,2.2,IMD-synthetic
D-AS-04,Dibrugarh,AS,2026-09-10,19.7,31.4,24.9,79,17.4,IMD-synthetic
D-AS-04,Dibrugarh,AS,2026-09-11,22.6,28.8,22.1,71,13.2,IMD-synthetic
D-AS-04,Dibrugarh,AS,2026-09-12,27.0,31.4,24.4,72,14.3,IMD-synthetic
D-AS-04,Dibrugarh,AS,2026-09-13,12.9,28.9,20.7,69,9.2,IMD-synthetic
D-AS-04,Dibrugarh,AS,2026-09-14,1.0,32.8,24.6,64,8.3,IMD-synthetic
D-AS-04,Dibrugarh,AS,2026-09-15,13.7,28.5,22.8,72,23.6,IMD-synthetic
D-AS-04,Dibrugarh,AS,2026-09-16,12.3,30.3,22.0,70,19.3,IMD-synthetic
D-AS-05,Tinsukia,AS,2026-05-20,17.1,28.1,21.0,69,2.8,IMD-synthetic
D-AS-05,Tinsukia,AS,2026-05-21,9.8,27.8,19.2,61,14.8,IMD-synthetic
D-AS-05,Tinsukia,AS,2026-05-22,15.6,30.6,23.1,74,22.2,IMD-synthetic
D-AS-05,Tinsukia,AS,2026-05-23,3.1,27.4,21.8,57,21.4,IMD-synthetic
D-AS-05,Tinsukia,AS,2026-05-24,3.1,30.9,24.2,55,10.5,IMD-synthetic
D-AS-05,Tinsukia,AS,2026-05-25,5.3,31.5,24.8,59,9.1,IMD-synthetic
D-AS-05,Tinsukia,AS,2026-05-26,8.1,31.9,24.0,70,3.7,IMD-synthetic
D-AS-05,Tinsukia,AS,2026-05-27,8.6,31.9,25.0,62,3.3,IMD-synthetic
D-AS-05,Tinsukia,AS,2026-05-28,2.4,28.0,21.0,61,23.8,IMD-synthetic
D-AS-05,Tinsukia,AS,2026-05-29,5.4,31.1,22.2,62,17.1,IMD-synthetic
D-AS-05,Tinsukia,AS,2026-05-30,10.9,26.7,20.3,70,6.0,IMD-synthetic
D-AS-05,Tinsukia,AS,2026-05-31,8.4,31.3,25.9,66,17.2,IMD-synthetic
D-AS-05,Tinsukia,AS,2026-06-01,25.5,28.7,23.5,72,11.0,IMD-synthetic
D-AS-05,Tinsukia,AS,2026-06-02,84.9,28.6,23.5,99,19.6,IMD-synthetic
D-AS-05,Tinsukia,AS,2026-06-03,33.1,31.6,25.0,76,14.1,IMD-synthetic
D-AS-05,Tinsukia,AS,2026-06-04,35.5,26.7,21.5,90,12.9,IMD-synthetic
D-AS-05,Tinsukia,AS,2026-06-05,13.8,29.2,20.8,63,25.9,IMD-synthetic
D-AS-05,Tinsukia,AS,2026-06-06,19.8,27.5,18.0,77,2.5,IMD-synthetic
D-AS-05,Tinsukia,AS,2026-06-07,26.0,27.7,22.6,77,5.0,IMD-synthetic
D-AS-05,Tinsukia,AS,2026-06-08,20.9,28.8,20.6,77,17.0,IMD-synthetic
D-AS-05,Tinsukia,AS,2026-06-09,1.3,27.5,18.3,53,4.8,IMD-synthetic
D-AS-05,Tinsukia,AS,2026-06-10,3.3,28.3,19.8,57,18.5,IMD-synthetic
D-AS-05,Tinsukia,AS,2026-06-11,79.4,29.5,23.2,99,5.3,IMD-synthetic
D-AS-05,Tinsukia,AS,2026-06-12,51.0,26.6,18.0,89,4.7,IMD-synthetic
D-AS-05,Tinsukia,AS,2026-06-13,29.5,27.6,21.6,76,14.6,IMD-synthetic
D-AS-05,Tinsukia,AS,2026-06-14,18.6,28.3,23.1,71,7.0,IMD-synthetic
D-AS-05,Tinsukia,AS,2026-06-15,8.7,26.7,18.3,70,22.0,IMD-synthetic
D-AS-05,Tinsukia,AS,2026-06-16,3.9,27.3,19.7,64,4.4,IMD-synthetic
D-AS-05,Tinsukia,AS,2026-06-17,6.1,32.7,26.2,62,4.4,IMD-synthetic
D-AS-05,Tinsukia,AS,2026-06-18,1.0,28.6,19.6,57,19.7,IMD-synthetic
D-AS-05,Tinsukia,AS,2026-06-19,20.0,26.8,17.5,75,6.1,IMD-synthetic
D-AS-05,Tinsukia,AS,2026-06-20,11.5,30.4,21.0,61,21.6,IMD-synthetic
D-AS-05,Tinsukia,AS,2026-06-21,10.6,32.5,26.1,64,22.4,IMD-synthetic
D-AS-05,Tinsukia,AS,2026-06-22,17.1,31.4,25.8,73,3.4,IMD-synthetic
D-AS-05,Tinsukia,AS,2026-06-23,4.2,29.3,21.3,66,18.3,IMD-synthetic
D-AS-05,Tinsukia,AS,2026-06-24,10.0,28.8,23.7,68,22.1,IMD-synthetic
D-AS-05,Tinsukia,AS,2026-06-25,3.4,32.3,26.7,60,3.1,IMD-synthetic
D-AS-05,Tinsukia,AS,2026-06-26,8.3,31.0,22.6,68,15.8,IMD-synthetic
D-AS-05,Tinsukia,AS,2026-06-27,25.8,30.5,23.8,77,18.8,IMD-synthetic
D-AS-05,Tinsukia,AS,2026-06-28,17.5,28.1,21.4,73,11.2,IMD-synthetic
D-AS-05,Tinsukia,AS,2026-06-29,14.7,32.5,27.2,71,5.8,IMD-synthetic
D-AS-05,Tinsukia,AS,2026-06-30,22.5,31.7,26.3,74,7.8,IMD-synthetic
D-AS-05,Tinsukia,AS,2026-07-01,1.5,28.2,20.0,58,7.6,IMD-synthetic
D-AS-05,Tinsukia,AS,2026-07-02,23.1,29.2,19.9,74,4.8,IMD-synthetic
D-AS-05,Tinsukia,AS,2026-07-03,18.8,27.2,20.1,72,2.0,IMD-synthetic
D-AS-05,Tinsukia,AS,2026-07-04,17.4,30.3,23.8,71,7.0,IMD-synthetic
D-AS-05,Tinsukia,AS,2026-07-05,27.4,28.6,23.3,74,12.9,IMD-synthetic
D-AS-05,Tinsukia,AS,2026-07-06,17.9,29.4,21.1,74,4.7,IMD-synthetic
D-AS-05,Tinsukia,AS,2026-07-07,6.4,28.8,19.7,69,9.0,IMD-synthetic
D-AS-05,Tinsukia,AS,2026-07-08,20.2,26.8,21.0,68,19.2,IMD-synthetic
D-AS-05,Tinsukia,AS,2026-07-09,3.1,30.5,24.6,67,11.4,IMD-synthetic
D-AS-05,Tinsukia,AS,2026-07-10,22.5,30.8,25.3,73,24.2,IMD-synthetic
D-AS-05,Tinsukia,AS,2026-07-11,17.0,31.2,23.9,73,24.9,IMD-synthetic
D-AS-05,Tinsukia,AS,2026-07-12,14.4,29.8,24.6,75,22.1,IMD-synthetic
D-AS-05,Tinsukia,AS,2026-07-13,14.7,32.1,26.2,70,19.5,IMD-synthetic
D-AS-05,Tinsukia,AS,2026-07-14,11.2,30.3,20.9,66,11.2,IMD-synthetic
D-AS-05,Tinsukia,AS,2026-07-15,26.4,31.0,24.6,83,25.3,IMD-synthetic
D-AS-05,Tinsukia,AS,2026-07-16,3.8,29.3,20.8,65,9.2,IMD-synthetic
D-AS-05,Tinsukia,AS,2026-07-17,24.8,30.7,21.0,78,6.8,IMD-synthetic
D-AS-05,Tinsukia,AS,2026-07-18,8.4,28.8,20.4,71,17.6,IMD-synthetic
D-AS-05,Tinsukia,AS,2026-07-19,14.5,30.8,24.2,63,10.5,IMD-synthetic
D-AS-05,Tinsukia,AS,2026-07-20,16.4,30.6,23.5,73,22.2,IMD-synthetic
D-AS-05,Tinsukia,AS,2026-07-21,24.4,31.3,23.7,69,5.5,IMD-synthetic
D-AS-05,Tinsukia,AS,2026-07-22,5.8,31.3,25.5,60,8.0,IMD-synthetic
D-AS-05,Tinsukia,AS,2026-07-23,19.9,28.3,19.5,66,21.5,IMD-synthetic
D-AS-05,Tinsukia,AS,2026-07-24,25.0,30.9,21.6,79,15.5,IMD-synthetic
D-AS-05,Tinsukia,AS,2026-07-25,22.6,31.3,24.9,77,24.2,IMD-synthetic
D-AS-05,Tinsukia,AS,2026-07-26,27.6,32.3,25.7,79,2.3,IMD-synthetic
D-AS-05,Tinsukia,AS,2026-07-27,17.9,31.2,21.8,76,23.9,IMD-synthetic
D-AS-05,Tinsukia,AS,2026-07-28,18.7,31.1,23.4,73,20.6,IMD-synthetic
D-AS-05,Tinsukia,AS,2026-07-29,8.5,27.8,19.4,60,6.2,IMD-synthetic
D-AS-05,Tinsukia,AS,2026-07-30,10.9,29.3,21.5,61,16.0,IMD-synthetic
D-AS-05,Tinsukia,AS,2026-07-31,9.5,31.0,25.2,60,9.7,IMD-synthetic
D-AS-05,Tinsukia,AS,2026-08-01,64.2,29.8,22.3,99,10.6,IMD-synthetic
D-AS-05,Tinsukia,AS,2026-08-02,41.6,28.1,22.0,83,3.6,IMD-synthetic
D-AS-05,Tinsukia,AS,2026-08-03,34.6,28.8,21.1,77,7.3,IMD-synthetic
D-AS-05,Tinsukia,AS,2026-08-04,27.4,28.4,21.6,74,20.1,IMD-synthetic
D-AS-05,Tinsukia,AS,2026-08-05,22.0,31.4,21.5,67,18.1,IMD-synthetic
D-AS-05,Tinsukia,AS,2026-08-06,20.0,30.2,22.1,79,18.4,IMD-synthetic
D-AS-05,Tinsukia,AS,2026-08-07,20.2,32.2,25.3,73,8.8,IMD-synthetic
D-AS-05,Tinsukia,AS,2026-08-08,18.2,28.8,19.8,70,3.1,IMD-synthetic
D-AS-05,Tinsukia,AS,2026-08-09,4.3,29.9,20.2,57,25.0,IMD-synthetic
D-AS-05,Tinsukia,AS,2026-08-10,0.2,27.3,18.9,62,22.8,IMD-synthetic
D-AS-05,Tinsukia,AS,2026-08-11,2.3,30.1,21.6,67,20.6,IMD-synthetic
D-AS-05,Tinsukia,AS,2026-08-12,20.7,31.0,25.2,72,10.0,IMD-synthetic
D-AS-05,Tinsukia,AS,2026-08-13,43.1,27.7,22.3,93,23.9,IMD-synthetic
D-AS-05,Tinsukia,AS,2026-08-14,32.2,29.0,22.0,78,11.3,IMD-synthetic
D-AS-05,Tinsukia,AS,2026-08-15,0.1,31.2,25.9,62,3.1,IMD-synthetic
D-AS-05,Tinsukia,AS,2026-08-16,7.9,29.7,23.3,67,16.6,IMD-synthetic
D-AS-05,Tinsukia,AS,2026-08-17,20.5,28.8,19.7,66,5.8,IMD-synthetic
D-AS-05,Tinsukia,AS,2026-08-18,16.5,31.4,22.2,67,17.2,IMD-synthetic
D-AS-05,Tinsukia,AS,2026-08-19,19.6,32.3,23.0,74,25.0,IMD-synthetic
D-AS-05,Tinsukia,AS,2026-08-20,41.3,26.4,18.5,86,15.1,IMD-synthetic
D-AS-05,Tinsukia,AS,2026-08-21,24.2,27.7,19.0,79,7.1,IMD-synthetic
D-AS-05,Tinsukia,AS,2026-08-22,44.6,31.2,25.5,85,16.8,IMD-synthetic
D-AS-05,Tinsukia,AS,2026-08-23,28.4,27.1,18.7,79,3.3,IMD-synthetic
D-AS-05,Tinsukia,AS,2026-08-24,21.9,29.8,21.6,68,18.1,IMD-synthetic
D-AS-05,Tinsukia,AS,2026-08-25,4.4,30.3,20.5,60,18.1,IMD-synthetic
D-AS-05,Tinsukia,AS,2026-08-26,6.3,27.2,21.2,63,9.9,IMD-synthetic
D-AS-05,Tinsukia,AS,2026-08-27,15.3,27.5,19.7,74,25.0,IMD-synthetic
D-AS-05,Tinsukia,AS,2026-08-28,6.9,31.5,22.9,65,8.6,IMD-synthetic
D-AS-05,Tinsukia,AS,2026-08-29,15.0,28.6,21.2,68,20.6,IMD-synthetic
D-AS-05,Tinsukia,AS,2026-08-30,2.4,30.7,25.3,57,21.8,IMD-synthetic
D-AS-05,Tinsukia,AS,2026-08-31,4.3,31.2,23.1,65,23.4,IMD-synthetic
D-AS-05,Tinsukia,AS,2026-09-01,9.7,31.6,23.7,69,7.1,IMD-synthetic
D-AS-05,Tinsukia,AS,2026-09-02,42.2,32.2,24.8,92,10.8,IMD-synthetic
D-AS-05,Tinsukia,AS,2026-09-03,19.2,31.2,22.5,69,13.2,IMD-synthetic
D-AS-05,Tinsukia,AS,2026-09-04,24.1,28.8,21.3,78,22.4,IMD-synthetic
D-AS-05,Tinsukia,AS,2026-09-05,9.4,27.7,20.1,64,6.3,IMD-synthetic
D-AS-05,Tinsukia,AS,2026-09-06,10.1,32.5,23.8,65,10.6,IMD-synthetic
D-AS-05,Tinsukia,AS,2026-09-07,7.5,27.1,20.3,57,7.0,IMD-synthetic
D-AS-05,Tinsukia,AS,2026-09-08,5.5,29.6,22.3,56,25.5,IMD-synthetic
D-AS-05,Tinsukia,AS,2026-09-09,10.8,29.8,20.7,71,8.3,IMD-synthetic
D-AS-05,Tinsukia,AS,2026-09-10,2.7,30.7,23.9,63,22.1,IMD-synthetic
D-AS-05,Tinsukia,AS,2026-09-11,5.8,32.2,24.6,61,22.8,IMD-synthetic
D-AS-05,Tinsukia,AS,2026-09-12,7.4,30.4,22.9,59,6.0,IMD-synthetic
D-AS-05,Tinsukia,AS,2026-09-13,33.4,27.2,21.4,83,21.6,IMD-synthetic
D-AS-05,Tinsukia,AS,2026-09-14,26.7,28.9,22.2,72,18.2,IMD-synthetic
D-AS-05,Tinsukia,AS,2026-09-15,23.6,30.0,21.8,74,7.8,IMD-synthetic
D-AS-05,Tinsukia,AS,2026-09-16,17.5,30.1,24.4,71,23.4,IMD-synthetic
D-AS-06,Cachar,AS,2026-05-20,2.9,32.8,25.2,59,25.3,IMD-synthetic
D-AS-06,Cachar,AS,2026-05-21,15.1,31.5,22.4,75,7.2,IMD-synthetic
D-AS-06,Cachar,AS,2026-05-22,8.1,30.1,24.0,63,5.4,IMD-synthetic
D-AS-06,Cachar,AS,2026-05-23,13.2,30.9,23.3,63,18.5,IMD-synthetic
D-AS-06,Cachar,AS,2026-05-24,10.2,27.6,20.7,60,2.4,IMD-synthetic
D-AS-06,Cachar,AS,2026-05-25,15.6,31.2,22.1,71,6.3,IMD-synthetic
D-AS-06,Cachar,AS,2026-05-26,10.3,32.5,24.8,69,4.2,IMD-synthetic
D-AS-06,Cachar,AS,2026-05-27,15.5,30.3,25.3,75,18.3,IMD-synthetic
D-AS-06,Cachar,AS,2026-05-28,7.2,32.5,24.0,63,24.5,IMD-synthetic
D-AS-06,Cachar,AS,2026-05-29,13.2,29.2,20.2,73,22.1,IMD-synthetic
D-AS-06,Cachar,AS,2026-05-30,7.3,28.8,20.0,69,4.0,IMD-synthetic
D-AS-06,Cachar,AS,2026-05-31,9.3,28.8,23.8,68,2.2,IMD-synthetic
D-AS-06,Cachar,AS,2026-06-01,13.7,29.4,23.4,72,11.8,IMD-synthetic
D-AS-06,Cachar,AS,2026-06-02,11.2,30.7,24.4,67,15.6,IMD-synthetic
D-AS-06,Cachar,AS,2026-06-03,26.2,29.3,23.3,78,15.4,IMD-synthetic
D-AS-06,Cachar,AS,2026-06-04,14.7,30.0,20.1,70,20.6,IMD-synthetic
D-AS-06,Cachar,AS,2026-06-05,3.6,32.5,26.9,57,20.8,IMD-synthetic
D-AS-06,Cachar,AS,2026-06-06,2.6,30.4,21.5,65,16.7,IMD-synthetic
D-AS-06,Cachar,AS,2026-06-07,1.4,29.7,21.5,64,21.8,IMD-synthetic
D-AS-06,Cachar,AS,2026-06-08,15.8,27.6,21.3,68,16.6,IMD-synthetic
D-AS-06,Cachar,AS,2026-06-09,24.5,29.4,21.1,73,25.1,IMD-synthetic
D-AS-06,Cachar,AS,2026-06-10,78.1,28.7,22.7,99,21.3,IMD-synthetic
D-AS-06,Cachar,AS,2026-06-11,34.9,27.0,19.0,83,7.6,IMD-synthetic
D-AS-06,Cachar,AS,2026-06-12,1.0,28.8,23.8,54,25.9,IMD-synthetic
D-AS-06,Cachar,AS,2026-06-13,9.3,29.6,21.7,65,19.7,IMD-synthetic
D-AS-06,Cachar,AS,2026-06-14,72.9,30.5,22.7,99,10.3,IMD-synthetic
D-AS-06,Cachar,AS,2026-06-15,50.6,27.9,18.1,93,11.7,IMD-synthetic
D-AS-06,Cachar,AS,2026-06-16,64.7,26.9,21.5,99,24.7,IMD-synthetic
D-AS-06,Cachar,AS,2026-06-17,50.2,32.3,22.9,98,15.8,IMD-synthetic
D-AS-06,Cachar,AS,2026-06-18,25.5,30.3,21.5,80,25.1,IMD-synthetic
D-AS-06,Cachar,AS,2026-06-19,12.2,30.7,25.6,62,3.6,IMD-synthetic
D-AS-06,Cachar,AS,2026-06-20,26.2,31.0,24.9,74,24.9,IMD-synthetic
D-AS-06,Cachar,AS,2026-06-21,0.3,32.4,26.2,53,18.2,IMD-synthetic
D-AS-06,Cachar,AS,2026-06-22,2.0,32.9,25.5,58,23.5,IMD-synthetic
D-AS-06,Cachar,AS,2026-06-23,25.0,31.0,21.5,76,6.8,IMD-synthetic
D-AS-06,Cachar,AS,2026-06-24,23.0,28.2,22.2,71,16.8,IMD-synthetic
D-AS-06,Cachar,AS,2026-06-25,2.8,32.8,24.4,63,16.7,IMD-synthetic
D-AS-06,Cachar,AS,2026-06-26,14.3,27.4,20.0,70,13.8,IMD-synthetic
D-AS-06,Cachar,AS,2026-06-27,23.7,32.2,24.7,82,24.0,IMD-synthetic
D-AS-06,Cachar,AS,2026-06-28,5.9,30.7,25.4,67,13.5,IMD-synthetic
D-AS-06,Cachar,AS,2026-06-29,13.3,29.5,21.1,63,25.4,IMD-synthetic
D-AS-06,Cachar,AS,2026-06-30,12.1,31.3,26.2,63,15.9,IMD-synthetic
D-AS-06,Cachar,AS,2026-07-01,17.7,28.6,20.9,67,13.3,IMD-synthetic
D-AS-06,Cachar,AS,2026-07-02,10.5,30.2,24.1,69,10.9,IMD-synthetic
D-AS-06,Cachar,AS,2026-07-03,8.1,28.3,22.6,65,7.5,IMD-synthetic
D-AS-06,Cachar,AS,2026-07-04,7.8,28.6,21.4,62,5.5,IMD-synthetic
D-AS-06,Cachar,AS,2026-07-05,4.3,32.1,26.2,62,25.9,IMD-synthetic
D-AS-06,Cachar,AS,2026-07-06,14.9,31.4,22.5,66,15.5,IMD-synthetic
D-AS-06,Cachar,AS,2026-07-07,11.5,31.3,26.0,71,13.4,IMD-synthetic
D-AS-06,Cachar,AS,2026-07-08,13.0,29.2,22.4,68,24.4,IMD-synthetic
D-AS-06,Cachar,AS,2026-07-09,0.6,28.1,18.8,65,6.8,IMD-synthetic
D-AS-06,Cachar,AS,2026-07-10,18.7,28.1,19.2,70,18.2,IMD-synthetic
D-AS-06,Cachar,AS,2026-07-11,21.2,32.3,25.4,70,17.2,IMD-synthetic
D-AS-06,Cachar,AS,2026-07-12,4.8,32.1,25.4,64,15.7,IMD-synthetic
D-AS-06,Cachar,AS,2026-07-13,2.1,28.3,22.2,57,9.0,IMD-synthetic
D-AS-06,Cachar,AS,2026-07-14,18.6,28.7,21.5,77,10.7,IMD-synthetic
D-AS-06,Cachar,AS,2026-07-15,27.8,29.4,23.5,71,19.5,IMD-synthetic
D-AS-06,Cachar,AS,2026-07-16,27.1,31.1,25.7,73,4.5,IMD-synthetic
D-AS-06,Cachar,AS,2026-07-17,79.6,26.2,19.2,99,4.0,IMD-synthetic
D-AS-06,Cachar,AS,2026-07-18,37.3,27.7,19.4,90,9.4,IMD-synthetic
D-AS-06,Cachar,AS,2026-07-19,36.8,28.5,20.4,79,22.1,IMD-synthetic
D-AS-06,Cachar,AS,2026-07-20,67.5,31.7,22.4,99,22.9,IMD-synthetic
D-AS-06,Cachar,AS,2026-07-21,59.1,29.7,24.0,99,14.9,IMD-synthetic
D-AS-06,Cachar,AS,2026-07-22,48.0,29.3,20.6,97,12.4,IMD-synthetic
D-AS-06,Cachar,AS,2026-07-23,49.6,29.7,20.2,93,7.5,IMD-synthetic
D-AS-06,Cachar,AS,2026-07-24,68.1,27.8,21.3,99,21.6,IMD-synthetic
D-AS-06,Cachar,AS,2026-07-25,56.3,28.5,21.2,91,24.1,IMD-synthetic
D-AS-06,Cachar,AS,2026-07-26,59.5,29.2,24.2,99,9.0,IMD-synthetic
D-AS-06,Cachar,AS,2026-07-27,0.2,29.6,22.5,59,11.5,IMD-synthetic
D-AS-06,Cachar,AS,2026-07-28,21.2,29.3,22.4,70,12.1,IMD-synthetic
D-AS-06,Cachar,AS,2026-07-29,22.0,32.5,23.5,76,8.8,IMD-synthetic
D-AS-06,Cachar,AS,2026-07-30,23.3,29.5,20.2,70,9.0,IMD-synthetic
D-AS-06,Cachar,AS,2026-07-31,17.8,28.7,20.6,67,2.5,IMD-synthetic
D-AS-06,Cachar,AS,2026-08-01,35.6,32.6,26.2,78,12.5,IMD-synthetic
D-AS-06,Cachar,AS,2026-08-02,22.3,27.5,22.4,70,12.1,IMD-synthetic
D-AS-06,Cachar,AS,2026-08-03,41.6,29.7,22.8,90,2.8,IMD-synthetic
D-AS-06,Cachar,AS,2026-08-04,24.1,31.5,25.8,72,11.4,IMD-synthetic
D-AS-06,Cachar,AS,2026-08-05,4.0,32.7,26.4,60,2.3,IMD-synthetic
D-AS-06,Cachar,AS,2026-08-06,15.8,29.4,19.5,66,25.9,IMD-synthetic
D-AS-06,Cachar,AS,2026-08-07,16.2,27.7,19.4,66,11.3,IMD-synthetic
D-AS-06,Cachar,AS,2026-08-08,20.7,28.0,19.4,76,15.2,IMD-synthetic
D-AS-06,Cachar,AS,2026-08-09,10.6,29.0,22.2,60,18.0,IMD-synthetic
D-AS-06,Cachar,AS,2026-08-10,5.2,29.9,24.8,66,16.0,IMD-synthetic
D-AS-06,Cachar,AS,2026-08-11,5.4,33.1,25.2,65,18.5,IMD-synthetic
D-AS-06,Cachar,AS,2026-08-12,17.0,28.6,21.1,73,10.1,IMD-synthetic
D-AS-06,Cachar,AS,2026-08-13,16.8,27.4,20.6,65,14.9,IMD-synthetic
D-AS-06,Cachar,AS,2026-08-14,10.8,29.1,21.3,68,10.3,IMD-synthetic
D-AS-06,Cachar,AS,2026-08-15,16.2,27.2,20.3,73,8.0,IMD-synthetic
D-AS-06,Cachar,AS,2026-08-16,55.6,28.2,19.7,93,6.5,IMD-synthetic
D-AS-06,Cachar,AS,2026-08-17,30.7,31.2,24.8,85,23.9,IMD-synthetic
D-AS-06,Cachar,AS,2026-08-18,35.9,27.2,21.4,81,8.3,IMD-synthetic
D-AS-06,Cachar,AS,2026-08-19,31.2,26.8,18.6,79,6.5,IMD-synthetic
D-AS-06,Cachar,AS,2026-08-20,72.0,27.6,19.0,99,14.9,IMD-synthetic
D-AS-06,Cachar,AS,2026-08-21,31.7,30.0,22.5,81,16.7,IMD-synthetic
D-AS-06,Cachar,AS,2026-08-22,30.1,30.7,25.1,80,3.6,IMD-synthetic
D-AS-06,Cachar,AS,2026-08-23,2.9,32.6,26.6,60,4.4,IMD-synthetic
D-AS-06,Cachar,AS,2026-08-24,18.5,31.0,23.4,74,8.1,IMD-synthetic
D-AS-06,Cachar,AS,2026-08-25,13.4,27.6,17.9,64,13.8,IMD-synthetic
D-AS-06,Cachar,AS,2026-08-26,1.8,32.1,26.8,61,24.5,IMD-synthetic
D-AS-06,Cachar,AS,2026-08-27,8.1,31.5,22.4,61,3.0,IMD-synthetic
D-AS-06,Cachar,AS,2026-08-28,38.3,28.0,20.4,80,7.5,IMD-synthetic
D-AS-06,Cachar,AS,2026-08-29,31.7,28.0,19.7,82,24.7,IMD-synthetic
D-AS-06,Cachar,AS,2026-08-30,36.0,30.1,21.4,87,15.8,IMD-synthetic
D-AS-06,Cachar,AS,2026-08-31,15.5,29.7,24.2,73,15.2,IMD-synthetic
D-AS-06,Cachar,AS,2026-09-01,10.1,30.4,22.4,72,23.7,IMD-synthetic
D-AS-06,Cachar,AS,2026-09-02,15.3,32.2,25.1,71,21.8,IMD-synthetic
D-AS-06,Cachar,AS,2026-09-03,3.7,30.6,23.7,62,19.9,IMD-synthetic
D-AS-06,Cachar,AS,2026-09-04,6.9,33.0,28.0,57,8.8,IMD-synthetic
D-AS-06,Cachar,AS,2026-09-05,57.3,28.2,21.7,95,22.5,IMD-synthetic
D-AS-06,Cachar,AS,2026-09-06,15.7,32.0,23.6,66,15.3,IMD-synthetic
D-AS-06,Cachar,AS,2026-09-07,14.2,28.1,22.9,66,5.3,IMD-synthetic
D-AS-06,Cachar,AS,2026-09-08,8.9,28.6,19.5,59,11.6,IMD-synthetic
D-AS-06,Cachar,AS,2026-09-09,11.3,31.5,22.5,62,21.8,IMD-synthetic
D-AS-06,Cachar,AS,2026-09-10,8.8,32.7,24.7,62,19.5,IMD-synthetic
D-AS-06,Cachar,AS,2026-09-11,1.2,27.7,18.8,57,21.6,IMD-synthetic
D-AS-06,Cachar,AS,2026-09-12,13.3,32.4,26.3,70,16.5,IMD-synthetic
D-AS-06,Cachar,AS,2026-09-13,36.8,28.6,23.4,85,5.6,IMD-synthetic
D-AS-06,Cachar,AS,2026-09-14,24.0,28.3,23.0,79,11.4,IMD-synthetic
D-AS-06,Cachar,AS,2026-09-15,23.0,30.5,23.0,71,9.0,IMD-synthetic
D-AS-06,Cachar,AS,2026-09-16,22.1,27.8,22.4,75,3.2,IMD-synthetic
D-AS-07,Dima Hasao,AS,2026-05-20,1.5,26.7,17.8,54,5.2,IMD-synthetic
D-AS-07,Dima Hasao,AS,2026-05-21,8.4,27.5,21.5,66,19.7,IMD-synthetic
D-AS-07,Dima Hasao,AS,2026-05-22,1.2,28.4,21.8,65,4.2,IMD-synthetic
D-AS-07,Dima Hasao,AS,2026-05-23,7.3,25.7,19.1,65,2.6,IMD-synthetic
D-AS-07,Dima Hasao,AS,2026-05-24,17.0,27.2,17.2,70,5.5,IMD-synthetic
D-AS-07,Dima Hasao,AS,2026-05-25,34.3,25.4,16.6,87,4.7,IMD-synthetic
D-AS-07,Dima Hasao,AS,2026-05-26,18.2,29.2,19.6,76,21.7,IMD-synthetic
D-AS-07,Dima Hasao,AS,2026-05-27,57.0,24.6,17.2,96,19.8,IMD-synthetic
D-AS-07,Dima Hasao,AS,2026-05-28,21.3,26.7,17.9,74,17.0,IMD-synthetic
D-AS-07,Dima Hasao,AS,2026-05-29,36.3,27.3,19.0,82,23.7,IMD-synthetic
D-AS-07,Dima Hasao,AS,2026-05-30,27.4,24.8,19.5,73,18.7,IMD-synthetic
D-AS-07,Dima Hasao,AS,2026-05-31,8.0,29.3,24.0,66,17.9,IMD-synthetic
D-AS-07,Dima Hasao,AS,2026-06-01,9.5,24.2,17.7,71,11.3,IMD-synthetic
D-AS-07,Dima Hasao,AS,2026-06-02,13.4,27.8,18.3,68,16.3,IMD-synthetic
D-AS-07,Dima Hasao,AS,2026-06-03,70.1,25.3,15.7,99,7.9,IMD-synthetic
D-AS-07,Dima Hasao,AS,2026-06-04,42.1,25.1,18.1,83,10.3,IMD-synthetic
D-AS-07,Dima Hasao,AS,2026-06-05,16.5,24.9,15.0,70,21.5,IMD-synthetic
D-AS-07,Dima Hasao,AS,2026-06-06,23.2,28.7,19.6,68,15.3,IMD-synthetic
D-AS-07,Dima Hasao,AS,2026-06-07,4.0,29.1,20.8,56,11.2,IMD-synthetic
D-AS-07,Dima Hasao,AS,2026-06-08,16.2,27.2,21.1,66,5.7,IMD-synthetic
D-AS-07,Dima Hasao,AS,2026-06-09,24.0,25.3,17.6,71,5.3,IMD-synthetic
D-AS-07,Dima Hasao,AS,2026-06-10,21.1,28.6,22.1,76,14.6,IMD-synthetic
D-AS-07,Dima Hasao,AS,2026-06-11,26.3,29.2,23.5,83,24.0,IMD-synthetic
D-AS-07,Dima Hasao,AS,2026-06-12,14.7,29.2,23.6,66,23.1,IMD-synthetic
D-AS-07,Dima Hasao,AS,2026-06-13,20.2,28.7,21.6,71,12.6,IMD-synthetic
D-AS-07,Dima Hasao,AS,2026-06-14,23.6,29.0,22.6,79,4.6,IMD-synthetic
D-AS-07,Dima Hasao,AS,2026-06-15,20.1,27.1,20.8,74,7.5,IMD-synthetic
D-AS-07,Dima Hasao,AS,2026-06-16,18.1,25.6,17.2,71,14.1,IMD-synthetic
D-AS-07,Dima Hasao,AS,2026-06-17,18.8,25.7,16.4,72,5.3,IMD-synthetic
D-AS-07,Dima Hasao,AS,2026-06-18,0.9,28.3,23.2,56,11.9,IMD-synthetic
D-AS-07,Dima Hasao,AS,2026-06-19,26.1,27.9,22.6,83,25.7,IMD-synthetic
D-AS-07,Dima Hasao,AS,2026-06-20,12.9,25.5,18.2,64,11.7,IMD-synthetic
D-AS-07,Dima Hasao,AS,2026-06-21,88.8,26.6,19.6,99,15.7,IMD-synthetic
D-AS-07,Dima Hasao,AS,2026-06-22,42.3,26.9,18.4,82,4.6,IMD-synthetic
D-AS-07,Dima Hasao,AS,2026-06-23,39.9,28.4,19.0,83,14.9,IMD-synthetic
D-AS-07,Dima Hasao,AS,2026-06-24,55.6,23.1,16.2,99,25.1,IMD-synthetic
D-AS-07,Dima Hasao,AS,2026-06-25,11.6,28.9,20.0,64,6.0,IMD-synthetic
D-AS-07,Dima Hasao,AS,2026-06-26,24.2,27.5,18.0,75,17.5,IMD-synthetic
D-AS-07,Dima Hasao,AS,2026-06-27,13.2,24.6,16.7,73,15.1,IMD-synthetic
D-AS-07,Dima Hasao,AS,2026-06-28,8.5,23.8,16.5,70,23.5,IMD-synthetic
D-AS-07,Dima Hasao,AS,2026-06-29,2.4,25.7,17.5,63,5.9,IMD-synthetic
D-AS-07,Dima Hasao,AS,2026-06-30,2.4,28.0,19.8,54,19.0,IMD-synthetic
D-AS-07,Dima Hasao,AS,2026-07-01,28.1,27.0,21.2,79,3.1,IMD-synthetic
D-AS-07,Dima Hasao,AS,2026-07-02,9.7,28.8,19.5,61,5.5,IMD-synthetic
D-AS-07,Dima Hasao,AS,2026-07-03,1.5,25.6,16.9,66,8.9,IMD-synthetic
D-AS-07,Dima Hasao,AS,2026-07-04,25.9,29.1,24.1,80,2.3,IMD-synthetic
D-AS-07,Dima Hasao,AS,2026-07-05,14.4,28.4,20.4,68,7.2,IMD-synthetic
D-AS-07,Dima Hasao,AS,2026-07-06,13.1,26.2,18.2,61,23.2,IMD-synthetic
D-AS-07,Dima Hasao,AS,2026-07-07,18.1,28.4,22.4,67,3.3,IMD-synthetic
D-AS-07,Dima Hasao,AS,2026-07-08,4.2,23.9,16.0,63,9.9,IMD-synthetic
D-AS-07,Dima Hasao,AS,2026-07-09,71.3,23.6,15.2,99,18.6,IMD-synthetic
D-AS-07,Dima Hasao,AS,2026-07-10,48.1,27.7,21.8,92,15.9,IMD-synthetic
D-AS-07,Dima Hasao,AS,2026-07-11,2.7,25.5,18.7,59,3.6,IMD-synthetic
D-AS-07,Dima Hasao,AS,2026-07-12,15.9,25.3,19.6,72,8.6,IMD-synthetic
D-AS-07,Dima Hasao,AS,2026-07-13,15.1,27.7,19.6,64,19.5,IMD-synthetic
D-AS-07,Dima Hasao,AS,2026-07-14,28.5,26.2,17.8,85,25.7,IMD-synthetic
D-AS-07,Dima Hasao,AS,2026-07-15,17.6,25.4,17.8,78,10.5,IMD-synthetic
D-AS-07,Dima Hasao,AS,2026-07-16,16.2,26.6,18.4,70,6.3,IMD-synthetic
D-AS-07,Dima Hasao,AS,2026-07-17,20.4,29.3,24.3,66,17.0,IMD-synthetic
D-AS-07,Dima Hasao,AS,2026-07-18,24.4,28.2,18.2,74,10.0,IMD-synthetic
D-AS-07,Dima Hasao,AS,2026-07-19,18.4,23.5,17.5,68,21.0,IMD-synthetic
D-AS-07,Dima Hasao,AS,2026-07-20,14.6,25.5,20.5,71,10.2,IMD-synthetic
D-AS-07,Dima Hasao,AS,2026-07-21,17.8,23.6,17.7,69,10.1,IMD-synthetic
D-AS-07,Dima Hasao,AS,2026-07-22,26.4,28.1,19.9,77,17.1,IMD-synthetic
D-AS-07,Dima Hasao,AS,2026-07-23,15.5,25.5,16.6,68,19.8,IMD-synthetic
D-AS-07,Dima Hasao,AS,2026-07-24,8.6,28.0,21.4,65,7.0,IMD-synthetic
D-AS-07,Dima Hasao,AS,2026-07-25,23.0,28.7,21.9,81,8.7,IMD-synthetic
D-AS-07,Dima Hasao,AS,2026-07-26,84.5,27.4,19.5,99,16.3,IMD-synthetic
D-AS-07,Dima Hasao,AS,2026-07-27,56.9,27.3,18.8,96,2.8,IMD-synthetic
D-AS-07,Dima Hasao,AS,2026-07-28,42.2,26.0,19.8,87,24.8,IMD-synthetic
D-AS-07,Dima Hasao,AS,2026-07-29,8.7,24.3,15.4,68,23.9,IMD-synthetic
D-AS-07,Dima Hasao,AS,2026-07-30,0.7,26.6,19.1,55,24.2,IMD-synthetic
D-AS-07,Dima Hasao,AS,2026-07-31,15.1,28.2,22.5,74,21.7,IMD-synthetic
D-AS-07,Dima Hasao,AS,2026-08-01,14.9,24.3,15.7,68,19.1,IMD-synthetic
D-AS-07,Dima Hasao,AS,2026-08-02,0.1,29.4,21.0,60,4.1,IMD-synthetic
D-AS-07,Dima Hasao,AS,2026-08-03,1.0,26.9,18.6,57,15.9,IMD-synthetic
D-AS-07,Dima Hasao,AS,2026-08-04,19.7,25.4,19.4,69,9.7,IMD-synthetic
D-AS-07,Dima Hasao,AS,2026-08-05,2.6,24.6,18.2,54,17.0,IMD-synthetic
D-AS-07,Dima Hasao,AS,2026-08-06,4.6,25.8,19.2,57,18.9,IMD-synthetic
D-AS-07,Dima Hasao,AS,2026-08-07,5.4,24.1,16.0,60,12.6,IMD-synthetic
D-AS-07,Dima Hasao,AS,2026-08-08,10.4,27.6,22.1,60,12.2,IMD-synthetic
D-AS-07,Dima Hasao,AS,2026-08-09,13.2,27.1,17.9,71,16.8,IMD-synthetic
D-AS-07,Dima Hasao,AS,2026-08-10,18.0,27.7,19.3,72,25.4,IMD-synthetic
D-AS-07,Dima Hasao,AS,2026-08-11,10.3,24.4,15.3,72,13.2,IMD-synthetic
D-AS-07,Dima Hasao,AS,2026-08-12,15.1,27.8,20.5,65,7.4,IMD-synthetic
D-AS-07,Dima Hasao,AS,2026-08-13,13.6,29.0,22.0,71,18.0,IMD-synthetic
D-AS-07,Dima Hasao,AS,2026-08-14,19.5,26.2,21.0,72,10.4,IMD-synthetic
D-AS-07,Dima Hasao,AS,2026-08-15,3.8,28.3,20.3,56,4.5,IMD-synthetic
D-AS-07,Dima Hasao,AS,2026-08-16,17.6,25.4,17.2,75,14.8,IMD-synthetic
D-AS-07,Dima Hasao,AS,2026-08-17,9.1,27.3,19.6,72,11.2,IMD-synthetic
D-AS-07,Dima Hasao,AS,2026-08-18,18.0,27.0,18.1,70,20.9,IMD-synthetic
D-AS-07,Dima Hasao,AS,2026-08-19,5.2,27.6,22.2,68,15.8,IMD-synthetic
D-AS-07,Dima Hasao,AS,2026-08-20,13.1,26.3,18.5,72,6.2,IMD-synthetic
D-AS-07,Dima Hasao,AS,2026-08-21,1.5,24.4,15.3,63,11.1,IMD-synthetic
D-AS-07,Dima Hasao,AS,2026-08-22,14.6,24.1,15.0,74,23.7,IMD-synthetic
D-AS-07,Dima Hasao,AS,2026-08-23,0.0,24.6,18.9,59,11.4,IMD-synthetic
D-AS-07,Dima Hasao,AS,2026-08-24,4.3,27.8,21.2,62,23.9,IMD-synthetic
D-AS-07,Dima Hasao,AS,2026-08-25,20.8,26.0,16.1,71,4.1,IMD-synthetic
D-AS-07,Dima Hasao,AS,2026-08-26,54.0,23.6,17.1,94,15.2,IMD-synthetic
D-AS-07,Dima Hasao,AS,2026-08-27,23.4,27.6,18.5,73,22.7,IMD-synthetic
D-AS-07,Dima Hasao,AS,2026-08-28,43.6,24.4,15.9,88,9.6,IMD-synthetic
D-AS-07,Dima Hasao,AS,2026-08-29,31.6,25.5,17.8,83,13.4,IMD-synthetic
D-AS-07,Dima Hasao,AS,2026-08-30,8.5,29.2,20.0,60,25.9,IMD-synthetic
D-AS-07,Dima Hasao,AS,2026-08-31,3.0,24.1,19.0,64,13.7,IMD-synthetic
D-AS-07,Dima Hasao,AS,2026-09-01,15.2,24.0,15.8,68,12.9,IMD-synthetic
D-AS-07,Dima Hasao,AS,2026-09-02,9.3,26.2,20.3,65,15.2,IMD-synthetic
D-AS-07,Dima Hasao,AS,2026-09-03,5.4,24.8,16.8,63,22.3,IMD-synthetic
D-AS-07,Dima Hasao,AS,2026-09-04,7.7,26.1,18.4,62,25.5,IMD-synthetic
D-AS-07,Dima Hasao,AS,2026-09-05,10.8,24.3,16.9,69,5.4,IMD-synthetic
D-AS-07,Dima Hasao,AS,2026-09-06,15.1,29.4,20.5,69,3.9,IMD-synthetic
D-AS-07,Dima Hasao,AS,2026-09-07,1.4,26.6,17.9,66,3.9,IMD-synthetic
D-AS-07,Dima Hasao,AS,2026-09-08,12.2,25.4,20.1,65,20.7,IMD-synthetic
D-AS-07,Dima Hasao,AS,2026-09-09,7.9,26.4,17.7,63,25.1,IMD-synthetic
D-AS-07,Dima Hasao,AS,2026-09-10,4.4,23.9,14.3,65,19.4,IMD-synthetic
D-AS-07,Dima Hasao,AS,2026-09-11,0.9,26.6,20.8,53,25.8,IMD-synthetic
D-AS-07,Dima Hasao,AS,2026-09-12,9.6,25.3,19.9,65,22.4,IMD-synthetic
D-AS-07,Dima Hasao,AS,2026-09-13,2.0,25.4,16.1,53,4.7,IMD-synthetic
D-AS-07,Dima Hasao,AS,2026-09-14,9.1,24.5,17.3,69,8.3,IMD-synthetic
D-AS-07,Dima Hasao,AS,2026-09-15,7.4,28.4,19.1,61,4.0,IMD-synthetic
D-AS-07,Dima Hasao,AS,2026-09-16,14.3,24.4,16.9,75,20.5,IMD-synthetic
D-AS-08,Karbi Anglong,AS,2026-05-20,7.6,30.2,24.1,67,10.3,IMD-synthetic
D-AS-08,Karbi Anglong,AS,2026-05-21,13.0,27.0,21.2,66,9.2,IMD-synthetic
D-AS-08,Karbi Anglong,AS,2026-05-22,12.9,29.5,22.6,70,13.4,IMD-synthetic
D-AS-08,Karbi Anglong,AS,2026-05-23,14.9,26.3,16.7,68,18.3,IMD-synthetic
D-AS-08,Karbi Anglong,AS,2026-05-24,11.7,26.5,16.9,69,24.9,IMD-synthetic
D-AS-08,Karbi Anglong,AS,2026-05-25,15.8,31.4,24.7,66,4.4,IMD-synthetic
D-AS-08,Karbi Anglong,AS,2026-05-26,6.7,31.0,22.3,66,16.1,IMD-synthetic
D-AS-08,Karbi Anglong,AS,2026-05-27,5.8,30.5,24.6,63,18.1,IMD-synthetic
D-AS-08,Karbi Anglong,AS,2026-05-28,0.2,27.1,21.6,58,7.3,IMD-synthetic
D-AS-08,Karbi Anglong,AS,2026-05-29,3.3,26.6,21.1,67,17.8,IMD-synthetic
D-AS-08,Karbi Anglong,AS,2026-05-30,16.3,30.0,21.5,65,22.6,IMD-synthetic
D-AS-08,Karbi Anglong,AS,2026-05-31,11.3,31.7,23.9,73,23.5,IMD-synthetic
D-AS-08,Karbi Anglong,AS,2026-06-01,6.7,29.2,19.5,65,24.1,IMD-synthetic
D-AS-08,Karbi Anglong,AS,2026-06-02,11.3,31.7,22.9,64,5.9,IMD-synthetic
D-AS-08,Karbi Anglong,AS,2026-06-03,63.3,27.4,22.1,99,8.4,IMD-synthetic
D-AS-08,Karbi Anglong,AS,2026-06-04,39.4,28.8,19.2,88,6.3,IMD-synthetic
D-AS-08,Karbi Anglong,AS,2026-06-05,3.8,31.0,24.9,63,23.9,IMD-synthetic
D-AS-08,Karbi Anglong,AS,2026-06-06,2.7,26.9,19.0,57,12.7,IMD-synthetic
D-AS-08,Karbi Anglong,AS,2026-06-07,3.9,30.3,20.6,64,8.4,IMD-synthetic
D-AS-08,Karbi Anglong,AS,2026-06-08,23.9,29.5,21.9,81,13.8,IMD-synthetic
D-AS-08,Karbi Anglong,AS,2026-06-09,22.3,30.8,21.9,75,2.1,IMD-synthetic
D-AS-08,Karbi Anglong,AS,2026-06-10,21.6,29.0,21.2,80,10.6,IMD-synthetic
D-AS-08,Karbi Anglong,AS,2026-06-11,10.6,30.1,20.3,60,14.8,IMD-synthetic
D-AS-08,Karbi Anglong,AS,2026-06-12,2.1,29.2,20.4,62,6.2,IMD-synthetic
D-AS-08,Karbi Anglong,AS,2026-06-13,79.3,26.9,19.9,99,18.5,IMD-synthetic
D-AS-08,Karbi Anglong,AS,2026-06-14,40.8,31.1,23.9,83,2.9,IMD-synthetic
D-AS-08,Karbi Anglong,AS,2026-06-15,27.1,32.0,25.8,76,21.0,IMD-synthetic
D-AS-08,Karbi Anglong,AS,2026-06-16,13.2,32.0,22.9,74,2.4,IMD-synthetic
D-AS-08,Karbi Anglong,AS,2026-06-17,8.9,30.7,23.7,61,17.7,IMD-synthetic
D-AS-08,Karbi Anglong,AS,2026-06-18,24.8,31.3,23.6,79,7.6,IMD-synthetic
D-AS-08,Karbi Anglong,AS,2026-06-19,49.4,29.6,22.2,99,3.1,IMD-synthetic
D-AS-08,Karbi Anglong,AS,2026-06-20,47.2,26.5,20.6,85,9.4,IMD-synthetic
D-AS-08,Karbi Anglong,AS,2026-06-21,49.9,28.4,22.5,95,21.6,IMD-synthetic
D-AS-08,Karbi Anglong,AS,2026-06-22,29.5,29.0,20.0,75,21.3,IMD-synthetic
D-AS-08,Karbi Anglong,AS,2026-06-23,21.4,32.0,23.6,71,25.4,IMD-synthetic
D-AS-08,Karbi Anglong,AS,2026-06-24,3.6,31.4,22.4,65,16.2,IMD-synthetic
D-AS-08,Karbi Anglong,AS,2026-06-25,3.2,27.3,20.2,63,15.3,IMD-synthetic
D-AS-08,Karbi Anglong,AS,2026-06-26,24.4,26.3,20.8,80,16.7,IMD-synthetic
D-AS-08,Karbi Anglong,AS,2026-06-27,0.4,29.4,24.4,54,4.1,IMD-synthetic
D-AS-08,Karbi Anglong,AS,2026-06-28,23.4,28.6,19.6,79,18.6,IMD-synthetic
D-AS-08,Karbi Anglong,AS,2026-06-29,16.9,29.3,22.2,76,16.7,IMD-synthetic
D-AS-08,Karbi Anglong,AS,2026-06-30,82.6,28.8,23.4,99,9.2,IMD-synthetic
D-AS-08,Karbi Anglong,AS,2026-07-01,42.4,29.1,23.1,95,25.4,IMD-synthetic
D-AS-08,Karbi Anglong,AS,2026-07-02,24.9,32.0,24.5,75,17.0,IMD-synthetic
D-AS-08,Karbi Anglong,AS,2026-07-03,1.5,27.1,21.4,64,23.9,IMD-synthetic
D-AS-08,Karbi Anglong,AS,2026-07-04,4.6,31.9,26.6,60,7.0,IMD-synthetic
D-AS-08,Karbi Anglong,AS,2026-07-05,17.8,31.5,24.2,65,3.3,IMD-synthetic
D-AS-08,Karbi Anglong,AS,2026-07-06,4.6,26.6,19.0,56,7.6,IMD-synthetic
D-AS-08,Karbi Anglong,AS,2026-07-07,16.7,28.7,20.0,76,7.5,IMD-synthetic
D-AS-08,Karbi Anglong,AS,2026-07-08,6.6,27.8,20.7,59,23.4,IMD-synthetic
D-AS-08,Karbi Anglong,AS,2026-07-09,75.6,30.6,24.9,99,12.9,IMD-synthetic
D-AS-08,Karbi Anglong,AS,2026-07-10,41.4,26.6,18.0,89,25.4,IMD-synthetic
D-AS-08,Karbi Anglong,AS,2026-07-11,35.4,26.7,18.2,77,5.3,IMD-synthetic
D-AS-08,Karbi Anglong,AS,2026-07-12,56.4,28.3,22.4,96,23.3,IMD-synthetic
D-AS-08,Karbi Anglong,AS,2026-07-13,22.8,29.9,21.8,70,25.3,IMD-synthetic
D-AS-08,Karbi Anglong,AS,2026-07-14,2.5,31.6,24.2,67,16.2,IMD-synthetic
D-AS-08,Karbi Anglong,AS,2026-07-15,8.0,30.7,22.0,61,9.9,IMD-synthetic
D-AS-08,Karbi Anglong,AS,2026-07-16,25.7,29.6,23.9,78,2.1,IMD-synthetic
D-AS-08,Karbi Anglong,AS,2026-07-17,1.2,29.3,20.5,53,14.7,IMD-synthetic
D-AS-08,Karbi Anglong,AS,2026-07-18,23.0,31.0,23.7,71,15.4,IMD-synthetic
D-AS-08,Karbi Anglong,AS,2026-07-19,70.7,26.6,19.8,99,26.0,IMD-synthetic
D-AS-08,Karbi Anglong,AS,2026-07-20,29.3,30.0,24.2,78,15.7,IMD-synthetic
D-AS-08,Karbi Anglong,AS,2026-07-21,47.8,31.5,24.2,87,18.9,IMD-synthetic
D-AS-08,Karbi Anglong,AS,2026-07-22,34.8,31.1,23.0,86,2.0,IMD-synthetic
D-AS-08,Karbi Anglong,AS,2026-07-23,11.1,30.4,22.7,63,20.1,IMD-synthetic
D-AS-08,Karbi Anglong,AS,2026-07-24,17.7,29.6,23.6,73,16.9,IMD-synthetic
D-AS-08,Karbi Anglong,AS,2026-07-25,26.9,29.1,19.5,75,3.2,IMD-synthetic
D-AS-08,Karbi Anglong,AS,2026-07-26,13.4,26.5,19.7,70,18.9,IMD-synthetic
D-AS-08,Karbi Anglong,AS,2026-07-27,22.3,26.9,20.2,75,17.6,IMD-synthetic
D-AS-08,Karbi Anglong,AS,2026-07-28,21.7,31.3,22.8,77,20.3,IMD-synthetic
D-AS-08,Karbi Anglong,AS,2026-07-29,25.9,29.1,22.0,70,10.9,IMD-synthetic
D-AS-08,Karbi Anglong,AS,2026-07-30,14.5,31.2,23.8,69,21.8,IMD-synthetic
D-AS-08,Karbi Anglong,AS,2026-07-31,13.0,28.5,20.1,70,25.5,IMD-synthetic
D-AS-08,Karbi Anglong,AS,2026-08-01,4.2,31.7,26.3,60,6.3,IMD-synthetic
D-AS-08,Karbi Anglong,AS,2026-08-02,1.7,27.4,21.8,55,5.6,IMD-synthetic
D-AS-08,Karbi Anglong,AS,2026-08-03,21.0,26.3,19.2,76,24.4,IMD-synthetic
D-AS-08,Karbi Anglong,AS,2026-08-04,9.3,30.7,25.6,61,2.5,IMD-synthetic
D-AS-08,Karbi Anglong,AS,2026-08-05,18.4,29.3,22.6,72,17.7,IMD-synthetic
D-AS-08,Karbi Anglong,AS,2026-08-06,10.7,30.3,22.6,67,13.0,IMD-synthetic
D-AS-08,Karbi Anglong,AS,2026-08-07,19.8,28.0,19.1,69,10.9,IMD-synthetic
D-AS-08,Karbi Anglong,AS,2026-08-08,18.7,27.1,20.7,78,16.8,IMD-synthetic
D-AS-08,Karbi Anglong,AS,2026-08-09,11.8,27.4,21.5,70,23.7,IMD-synthetic
D-AS-08,Karbi Anglong,AS,2026-08-10,3.6,27.1,17.1,62,12.6,IMD-synthetic
D-AS-08,Karbi Anglong,AS,2026-08-11,4.5,30.6,22.3,68,5.6,IMD-synthetic
D-AS-08,Karbi Anglong,AS,2026-08-12,21.5,29.3,23.7,67,24.3,IMD-synthetic
D-AS-08,Karbi Anglong,AS,2026-08-13,20.9,31.7,25.9,80,15.1,IMD-synthetic
D-AS-08,Karbi Anglong,AS,2026-08-14,14.3,28.0,18.5,75,20.1,IMD-synthetic
D-AS-08,Karbi Anglong,AS,2026-08-15,14.7,31.0,22.4,75,10.1,IMD-synthetic
D-AS-08,Karbi Anglong,AS,2026-08-16,10.6,26.5,18.1,61,2.6,IMD-synthetic
D-AS-08,Karbi Anglong,AS,2026-08-17,4.9,28.5,21.9,63,6.7,IMD-synthetic
D-AS-08,Karbi Anglong,AS,2026-08-18,17.3,30.8,24.8,65,22.4,IMD-synthetic
D-AS-08,Karbi Anglong,AS,2026-08-19,21.1,32.0,25.0,73,16.5,IMD-synthetic
D-AS-08,Karbi Anglong,AS,2026-08-20,1.2,30.5,23.5,62,12.3,IMD-synthetic
D-AS-08,Karbi Anglong,AS,2026-08-21,0.3,28.5,22.0,58,15.5,IMD-synthetic
D-AS-08,Karbi Anglong,AS,2026-08-22,19.6,30.6,23.5,71,5.9,IMD-synthetic
D-AS-08,Karbi Anglong,AS,2026-08-23,19.8,30.5,23.4,77,16.4,IMD-synthetic
D-AS-08,Karbi Anglong,AS,2026-08-24,6.7,32.3,24.7,61,24.4,IMD-synthetic
D-AS-08,Karbi Anglong,AS,2026-08-25,8.3,26.4,18.2,61,6.2,IMD-synthetic
D-AS-08,Karbi Anglong,AS,2026-08-26,12.5,31.8,25.8,72,8.9,IMD-synthetic
D-AS-08,Karbi Anglong,AS,2026-08-27,18.2,28.0,20.1,71,19.8,IMD-synthetic
D-AS-08,Karbi Anglong,AS,2026-08-28,17.5,27.1,20.6,73,17.3,IMD-synthetic
D-AS-08,Karbi Anglong,AS,2026-08-29,14.7,28.0,22.1,74,17.5,IMD-synthetic
D-AS-08,Karbi Anglong,AS,2026-08-30,58.3,31.3,23.3,97,13.5,IMD-synthetic
D-AS-08,Karbi Anglong,AS,2026-08-31,32.9,27.5,19.1,88,21.6,IMD-synthetic
D-AS-08,Karbi Anglong,AS,2026-09-01,21.8,30.5,25.4,70,16.0,IMD-synthetic
D-AS-08,Karbi Anglong,AS,2026-09-02,7.1,30.5,23.7,57,10.7,IMD-synthetic
D-AS-08,Karbi Anglong,AS,2026-09-03,14.6,26.5,20.0,71,3.8,IMD-synthetic
D-AS-08,Karbi Anglong,AS,2026-09-04,9.6,30.9,22.9,61,9.7,IMD-synthetic
D-AS-08,Karbi Anglong,AS,2026-09-05,13.0,31.1,24.7,70,10.7,IMD-synthetic
D-AS-08,Karbi Anglong,AS,2026-09-06,5.4,27.2,21.5,59,20.7,IMD-synthetic
D-AS-08,Karbi Anglong,AS,2026-09-07,14.1,27.2,21.1,68,22.0,IMD-synthetic
D-AS-08,Karbi Anglong,AS,2026-09-08,8.6,30.5,20.7,69,19.1,IMD-synthetic
D-AS-08,Karbi Anglong,AS,2026-09-09,12.3,28.8,19.2,62,5.1,IMD-synthetic
D-AS-08,Karbi Anglong,AS,2026-09-10,34.4,28.1,19.0,88,16.3,IMD-synthetic
D-AS-08,Karbi Anglong,AS,2026-09-11,28.5,28.1,19.6,72,21.5,IMD-synthetic
D-AS-08,Karbi Anglong,AS,2026-09-12,19.2,31.3,25.6,68,5.0,IMD-synthetic
D-AS-08,Karbi Anglong,AS,2026-09-13,1.2,30.6,21.7,53,20.6,IMD-synthetic
D-AS-08,Karbi Anglong,AS,2026-09-14,0.7,27.1,18.1,59,3.4,IMD-synthetic
D-AS-08,Karbi Anglong,AS,2026-09-15,3.9,26.8,18.5,65,20.8,IMD-synthetic
D-AS-08,Karbi Anglong,AS,2026-09-16,3.1,31.8,25.9,59,4.2,IMD-synthetic
D-AS-09,Sonitpur,AS,2026-05-20,16.2,32.5,25.8,65,14.0,IMD-synthetic
D-AS-09,Sonitpur,AS,2026-05-21,4.2,30.4,24.9,63,2.3,IMD-synthetic
D-AS-09,Sonitpur,AS,2026-05-22,3.3,28.7,19.2,61,25.4,IMD-synthetic
D-AS-09,Sonitpur,AS,2026-05-23,3.7,30.0,21.5,59,16.1,IMD-synthetic
D-AS-09,Sonitpur,AS,2026-05-24,16.4,27.9,21.1,68,7.1,IMD-synthetic
D-AS-09,Sonitpur,AS,2026-05-25,1.9,32.9,27.3,54,5.3,IMD-synthetic
D-AS-09,Sonitpur,AS,2026-05-26,12.1,30.2,25.0,65,4.8,IMD-synthetic
D-AS-09,Sonitpur,AS,2026-05-27,10.3,28.8,18.9,65,15.3,IMD-synthetic
D-AS-09,Sonitpur,AS,2026-05-28,14.7,28.0,22.7,74,13.4,IMD-synthetic
D-AS-09,Sonitpur,AS,2026-05-29,3.1,33.0,25.5,55,12.5,IMD-synthetic
D-AS-09,Sonitpur,AS,2026-05-30,1.5,27.9,20.9,61,4.4,IMD-synthetic
D-AS-09,Sonitpur,AS,2026-05-31,16.8,27.2,17.3,68,16.3,IMD-synthetic
D-AS-09,Sonitpur,AS,2026-06-01,3.2,32.0,23.4,58,19.1,IMD-synthetic
D-AS-09,Sonitpur,AS,2026-06-02,7.2,31.7,23.5,62,13.4,IMD-synthetic
D-AS-09,Sonitpur,AS,2026-06-03,10.7,29.8,23.4,70,4.6,IMD-synthetic
D-AS-09,Sonitpur,AS,2026-06-04,13.1,30.6,24.9,62,3.3,IMD-synthetic
D-AS-09,Sonitpur,AS,2026-06-05,42.8,27.4,19.4,86,9.3,IMD-synthetic
D-AS-09,Sonitpur,AS,2026-06-06,44.9,30.9,22.6,90,13.8,IMD-synthetic
D-AS-09,Sonitpur,AS,2026-06-07,40.2,28.2,20.7,87,15.0,IMD-synthetic
D-AS-09,Sonitpur,AS,2026-06-08,50.4,29.5,24.4,97,25.8,IMD-synthetic
D-AS-09,Sonitpur,AS,2026-06-09,3.1,29.7,20.4,60,2.9,IMD-synthetic
D-AS-09,Sonitpur,AS,2026-06-10,17.4,31.5,22.1,66,12.3,IMD-synthetic
D-AS-09,Sonitpur,AS,2026-06-11,10.3,31.5,23.7,66,15.3,IMD-synthetic
D-AS-09,Sonitpur,AS,2026-06-12,12.4,30.2,24.4,61,8.3,IMD-synthetic
D-AS-09,Sonitpur,AS,2026-06-13,10.0,31.0,22.2,62,3.5,IMD-synthetic
D-AS-09,Sonitpur,AS,2026-06-14,3.4,29.2,20.2,62,20.4,IMD-synthetic
D-AS-09,Sonitpur,AS,2026-06-15,10.0,29.5,19.5,64,3.4,IMD-synthetic
D-AS-09,Sonitpur,AS,2026-06-16,6.2,28.8,23.4,65,22.9,IMD-synthetic
D-AS-09,Sonitpur,AS,2026-06-17,4.5,30.2,25.0,64,12.1,IMD-synthetic
D-AS-09,Sonitpur,AS,2026-06-18,11.1,27.0,19.7,60,9.6,IMD-synthetic
D-AS-09,Sonitpur,AS,2026-06-19,8.5,27.5,20.1,67,6.9,IMD-synthetic
D-AS-09,Sonitpur,AS,2026-06-20,21.4,30.7,24.9,71,25.3,IMD-synthetic
D-AS-09,Sonitpur,AS,2026-06-21,16.8,32.6,27.2,75,7.1,IMD-synthetic
D-AS-09,Sonitpur,AS,2026-06-22,7.8,30.4,21.4,66,25.0,IMD-synthetic
D-AS-09,Sonitpur,AS,2026-06-23,15.2,30.4,24.0,70,14.7,IMD-synthetic
D-AS-09,Sonitpur,AS,2026-06-24,9.2,27.4,18.3,65,9.2,IMD-synthetic
D-AS-09,Sonitpur,AS,2026-06-25,8.3,29.4,23.1,65,18.1,IMD-synthetic
D-AS-09,Sonitpur,AS,2026-06-26,23.2,30.4,22.8,70,14.0,IMD-synthetic
D-AS-09,Sonitpur,AS,2026-06-27,21.7,32.3,26.0,76,21.4,IMD-synthetic
D-AS-09,Sonitpur,AS,2026-06-28,23.9,32.3,23.7,69,6.8,IMD-synthetic
D-AS-09,Sonitpur,AS,2026-06-29,6.3,31.4,22.6,68,11.8,IMD-synthetic
D-AS-09,Sonitpur,AS,2026-06-30,24.0,30.5,21.3,72,8.9,IMD-synthetic
D-AS-09,Sonitpur,AS,2026-07-01,19.8,28.2,22.0,67,2.7,IMD-synthetic
D-AS-09,Sonitpur,AS,2026-07-02,9.0,29.8,19.8,64,23.7,IMD-synthetic
D-AS-09,Sonitpur,AS,2026-07-03,7.9,27.1,18.2,61,15.2,IMD-synthetic
D-AS-09,Sonitpur,AS,2026-07-04,1.2,31.4,22.5,53,23.5,IMD-synthetic
D-AS-09,Sonitpur,AS,2026-07-05,8.6,27.3,17.5,70,18.1,IMD-synthetic
D-AS-09,Sonitpur,AS,2026-07-06,11.4,31.9,22.7,63,15.7,IMD-synthetic
D-AS-09,Sonitpur,AS,2026-07-07,3.5,31.0,23.1,65,14.6,IMD-synthetic
D-AS-09,Sonitpur,AS,2026-07-08,2.6,30.6,21.7,58,22.0,IMD-synthetic
D-AS-09,Sonitpur,AS,2026-07-09,23.2,31.1,21.4,71,4.6,IMD-synthetic
D-AS-09,Sonitpur,AS,2026-07-10,7.9,29.4,20.1,58,14.8,IMD-synthetic
D-AS-09,Sonitpur,AS,2026-07-11,3.3,30.3,22.9,57,8.7,IMD-synthetic
D-AS-09,Sonitpur,AS,2026-07-12,4.2,29.8,23.0,59,17.5,IMD-synthetic
D-AS-09,Sonitpur,AS,2026-07-13,1.0,31.5,22.5,53,24.0,IMD-synthetic
D-AS-09,Sonitpur,AS,2026-07-14,7.3,29.3,21.1,66,23.7,IMD-synthetic
D-AS-09,Sonitpur,AS,2026-07-15,15.4,28.2,21.0,62,25.1,IMD-synthetic
D-AS-09,Sonitpur,AS,2026-07-16,26.5,28.4,18.7,81,9.1,IMD-synthetic
D-AS-09,Sonitpur,AS,2026-07-17,4.6,29.6,23.0,66,17.5,IMD-synthetic
D-AS-09,Sonitpur,AS,2026-07-18,7.9,27.4,18.5,64,19.7,IMD-synthetic
D-AS-09,Sonitpur,AS,2026-07-19,9.6,29.4,19.8,60,5.8,IMD-synthetic
D-AS-09,Sonitpur,AS,2026-07-20,1.9,29.6,21.0,60,9.8,IMD-synthetic
D-AS-09,Sonitpur,AS,2026-07-21,22.0,30.5,24.6,73,17.4,IMD-synthetic
D-AS-09,Sonitpur,AS,2026-07-22,84.7,27.5,22.1,99,14.4,IMD-synthetic
D-AS-09,Sonitpur,AS,2026-07-23,60.3,31.0,22.2,99,18.5,IMD-synthetic
D-AS-09,Sonitpur,AS,2026-07-24,9.2,29.8,21.1,62,18.5,IMD-synthetic
D-AS-09,Sonitpur,AS,2026-07-25,23.0,27.9,20.8,70,23.0,IMD-synthetic
D-AS-09,Sonitpur,AS,2026-07-26,25.5,28.0,18.3,82,17.5,IMD-synthetic
D-AS-09,Sonitpur,AS,2026-07-27,26.1,32.5,26.5,80,6.1,IMD-synthetic
D-AS-09,Sonitpur,AS,2026-07-28,12.4,28.4,23.0,65,24.7,IMD-synthetic
D-AS-09,Sonitpur,AS,2026-07-29,20.7,29.3,19.7,72,18.2,IMD-synthetic
D-AS-09,Sonitpur,AS,2026-07-30,20.6,27.9,18.6,77,8.9,IMD-synthetic
D-AS-09,Sonitpur,AS,2026-07-31,3.8,32.1,24.1,68,8.8,IMD-synthetic
D-AS-09,Sonitpur,AS,2026-08-01,9.2,29.4,23.7,62,8.3,IMD-synthetic
D-AS-09,Sonitpur,AS,2026-08-02,20.0,28.9,20.5,72,2.2,IMD-synthetic
D-AS-09,Sonitpur,AS,2026-08-03,7.1,31.1,22.7,66,19.0,IMD-synthetic
D-AS-09,Sonitpur,AS,2026-08-04,5.7,27.5,22.2,60,7.6,IMD-synthetic
D-AS-09,Sonitpur,AS,2026-08-05,22.0,32.3,22.5,75,20.0,IMD-synthetic
D-AS-09,Sonitpur,AS,2026-08-06,58.9,28.4,18.5,99,5.2,IMD-synthetic
D-AS-09,Sonitpur,AS,2026-08-07,44.2,26.6,20.7,85,13.8,IMD-synthetic
D-AS-09,Sonitpur,AS,2026-08-08,30.5,29.4,24.0,83,12.4,IMD-synthetic
D-AS-09,Sonitpur,AS,2026-08-09,6.9,32.8,25.3,70,8.7,IMD-synthetic
D-AS-09,Sonitpur,AS,2026-08-10,9.5,32.3,26.0,70,24.2,IMD-synthetic
D-AS-09,Sonitpur,AS,2026-08-11,9.6,27.9,19.2,65,24.8,IMD-synthetic
D-AS-09,Sonitpur,AS,2026-08-12,20.4,30.5,23.3,68,3.3,IMD-synthetic
D-AS-09,Sonitpur,AS,2026-08-13,10.4,27.9,20.6,60,23.5,IMD-synthetic
D-AS-09,Sonitpur,AS,2026-08-14,9.7,32.8,25.0,65,4.7,IMD-synthetic
D-AS-09,Sonitpur,AS,2026-08-15,3.3,29.1,23.1,58,22.0,IMD-synthetic
D-AS-09,Sonitpur,AS,2026-08-16,18.2,30.1,21.8,67,26.0,IMD-synthetic
D-AS-09,Sonitpur,AS,2026-08-17,43.2,31.9,25.7,89,4.3,IMD-synthetic
D-AS-09,Sonitpur,AS,2026-08-18,30.2,28.3,18.4,74,11.0,IMD-synthetic
D-AS-09,Sonitpur,AS,2026-08-19,45.2,26.9,20.3,84,13.0,IMD-synthetic
D-AS-09,Sonitpur,AS,2026-08-20,39.7,29.3,21.2,83,17.8,IMD-synthetic
D-AS-09,Sonitpur,AS,2026-08-21,1.0,30.8,23.5,65,26.0,IMD-synthetic
D-AS-09,Sonitpur,AS,2026-08-22,17.6,27.5,18.2,75,8.8,IMD-synthetic
D-AS-09,Sonitpur,AS,2026-08-23,16.4,30.1,22.1,64,8.1,IMD-synthetic
D-AS-09,Sonitpur,AS,2026-08-24,17.0,29.2,24.1,66,11.3,IMD-synthetic
D-AS-09,Sonitpur,AS,2026-08-25,14.3,32.6,26.8,66,21.2,IMD-synthetic
D-AS-09,Sonitpur,AS,2026-08-26,20.4,32.1,24.1,71,4.3,IMD-synthetic
D-AS-09,Sonitpur,AS,2026-08-27,4.4,29.7,22.8,58,16.4,IMD-synthetic
D-AS-09,Sonitpur,AS,2026-08-28,9.3,29.1,23.2,67,4.2,IMD-synthetic
D-AS-09,Sonitpur,AS,2026-08-29,21.5,30.8,22.6,77,24.3,IMD-synthetic
D-AS-09,Sonitpur,AS,2026-08-30,14.3,27.3,20.0,63,21.2,IMD-synthetic
D-AS-09,Sonitpur,AS,2026-08-31,21.7,30.8,24.3,70,12.3,IMD-synthetic
D-AS-09,Sonitpur,AS,2026-09-01,8.4,32.4,24.8,65,11.9,IMD-synthetic
D-AS-09,Sonitpur,AS,2026-09-02,11.0,31.8,25.0,67,20.4,IMD-synthetic
D-AS-09,Sonitpur,AS,2026-09-03,46.1,27.4,21.5,89,4.0,IMD-synthetic
D-AS-09,Sonitpur,AS,2026-09-04,30.5,28.3,20.4,79,18.1,IMD-synthetic
D-AS-09,Sonitpur,AS,2026-09-05,26.1,28.2,18.4,82,6.5,IMD-synthetic
D-AS-09,Sonitpur,AS,2026-09-06,18.5,31.2,23.2,77,4.6,IMD-synthetic
D-AS-09,Sonitpur,AS,2026-09-07,0.1,27.8,21.9,58,18.6,IMD-synthetic
D-AS-09,Sonitpur,AS,2026-09-08,14.8,30.4,23.0,71,25.4,IMD-synthetic
D-AS-09,Sonitpur,AS,2026-09-09,10.3,31.0,24.0,63,5.0,IMD-synthetic
D-AS-09,Sonitpur,AS,2026-09-10,51.3,30.4,24.5,88,13.5,IMD-synthetic
D-AS-09,Sonitpur,AS,2026-09-11,17.8,28.2,19.0,76,14.9,IMD-synthetic
D-AS-09,Sonitpur,AS,2026-09-12,28.9,29.1,23.5,84,19.7,IMD-synthetic
D-AS-09,Sonitpur,AS,2026-09-13,23.0,29.6,24.5,74,7.8,IMD-synthetic
D-AS-09,Sonitpur,AS,2026-09-14,20.4,31.7,24.7,70,4.5,IMD-synthetic
D-AS-09,Sonitpur,AS,2026-09-15,6.6,29.4,21.9,64,19.5,IMD-synthetic
D-AS-09,Sonitpur,AS,2026-09-16,0.6,29.5,21.9,62,24.4,IMD-synthetic
D-AS-10,Bongaigaon,AS,2026-05-20,14.9,28.4,23.1,62,15.8,IMD-synthetic
D-AS-10,Bongaigaon,AS,2026-05-21,4.6,31.0,21.6,56,16.9,IMD-synthetic
D-AS-10,Bongaigaon,AS,2026-05-22,7.7,29.7,23.9,67,13.3,IMD-synthetic
D-AS-10,Bongaigaon,AS,2026-05-23,8.7,30.6,22.2,70,22.5,IMD-synthetic
D-AS-10,Bongaigaon,AS,2026-05-24,8.0,32.4,23.8,63,12.0,IMD-synthetic
D-AS-10,Bongaigaon,AS,2026-05-25,11.2,29.2,21.8,73,5.9,IMD-synthetic
D-AS-10,Bongaigaon,AS,2026-05-26,11.9,27.5,20.1,62,5.8,IMD-synthetic
D-AS-10,Bongaigaon,AS,2026-05-27,13.6,32.6,25.1,64,15.4,IMD-synthetic
D-AS-10,Bongaigaon,AS,2026-05-28,6.2,28.7,20.3,58,22.6,IMD-synthetic
D-AS-10,Bongaigaon,AS,2026-05-29,13.9,29.0,23.4,64,15.5,IMD-synthetic
D-AS-10,Bongaigaon,AS,2026-05-30,17.1,31.6,22.8,74,15.4,IMD-synthetic
D-AS-10,Bongaigaon,AS,2026-05-31,14.7,32.2,24.2,63,3.2,IMD-synthetic
D-AS-10,Bongaigaon,AS,2026-06-01,21.1,32.6,23.8,80,20.8,IMD-synthetic
D-AS-10,Bongaigaon,AS,2026-06-02,22.6,27.4,19.6,74,6.0,IMD-synthetic
D-AS-10,Bongaigaon,AS,2026-06-03,5.4,29.3,20.7,65,20.3,IMD-synthetic
D-AS-10,Bongaigaon,AS,2026-06-04,23.0,27.8,21.0,79,5.0,IMD-synthetic
D-AS-10,Bongaigaon,AS,2026-06-05,25.6,31.4,26.4,81,13.4,IMD-synthetic
D-AS-10,Bongaigaon,AS,2026-06-06,4.5,28.7,20.1,60,17.1,IMD-synthetic
D-AS-10,Bongaigaon,AS,2026-06-07,19.9,30.1,21.2,67,12.3,IMD-synthetic
D-AS-10,Bongaigaon,AS,2026-06-08,23.7,32.5,24.9,78,24.6,IMD-synthetic
D-AS-10,Bongaigaon,AS,2026-06-09,20.3,31.2,23.6,67,10.1,IMD-synthetic
D-AS-10,Bongaigaon,AS,2026-06-10,20.4,29.5,22.5,66,24.1,IMD-synthetic
D-AS-10,Bongaigaon,AS,2026-06-11,15.2,32.8,22.9,73,23.0,IMD-synthetic
D-AS-10,Bongaigaon,AS,2026-06-12,11.1,32.3,23.8,71,19.3,IMD-synthetic
D-AS-10,Bongaigaon,AS,2026-06-13,9.1,32.0,22.5,66,5.5,IMD-synthetic
D-AS-10,Bongaigaon,AS,2026-06-14,17.0,32.3,24.2,72,12.6,IMD-synthetic
D-AS-10,Bongaigaon,AS,2026-06-15,21.4,30.7,21.8,79,4.0,IMD-synthetic
D-AS-10,Bongaigaon,AS,2026-06-16,10.3,31.4,22.0,66,15.0,IMD-synthetic
D-AS-10,Bongaigaon,AS,2026-06-17,13.5,28.9,22.2,70,2.6,IMD-synthetic
D-AS-10,Bongaigaon,AS,2026-06-18,14.2,28.5,19.3,66,12.1,IMD-synthetic
D-AS-10,Bongaigaon,AS,2026-06-19,19.3,31.9,25.6,72,5.0,IMD-synthetic
D-AS-10,Bongaigaon,AS,2026-06-20,24.8,29.5,21.6,69,10.1,IMD-synthetic
D-AS-10,Bongaigaon,AS,2026-06-21,19.7,30.4,21.8,78,18.0,IMD-synthetic
D-AS-10,Bongaigaon,AS,2026-06-22,6.2,28.9,20.6,67,15.7,IMD-synthetic
D-AS-10,Bongaigaon,AS,2026-06-23,10.0,31.5,26.0,66,6.6,IMD-synthetic
D-AS-10,Bongaigaon,AS,2026-06-24,12.0,27.9,20.8,66,4.2,IMD-synthetic
D-AS-10,Bongaigaon,AS,2026-06-25,3.4,28.4,23.0,63,11.7,IMD-synthetic
D-AS-10,Bongaigaon,AS,2026-06-26,20.5,32.1,24.2,75,25.9,IMD-synthetic
D-AS-10,Bongaigaon,AS,2026-06-27,25.0,31.2,24.1,71,14.1,IMD-synthetic
D-AS-10,Bongaigaon,AS,2026-06-28,12.1,32.8,25.2,67,18.7,IMD-synthetic
D-AS-10,Bongaigaon,AS,2026-06-29,0.9,28.1,20.3,65,4.9,IMD-synthetic
D-AS-10,Bongaigaon,AS,2026-06-30,2.9,29.4,23.0,61,4.8,IMD-synthetic
D-AS-10,Bongaigaon,AS,2026-07-01,10.8,28.8,23.7,61,20.8,IMD-synthetic
D-AS-10,Bongaigaon,AS,2026-07-02,27.0,28.6,22.2,73,19.8,IMD-synthetic
D-AS-10,Bongaigaon,AS,2026-07-03,67.0,31.3,24.2,99,15.6,IMD-synthetic
D-AS-10,Bongaigaon,AS,2026-07-04,58.0,30.9,23.5,99,16.5,IMD-synthetic
D-AS-10,Bongaigaon,AS,2026-07-05,53.5,29.3,22.0,95,12.8,IMD-synthetic
D-AS-10,Bongaigaon,AS,2026-07-06,56.9,28.2,19.2,99,11.8,IMD-synthetic
D-AS-10,Bongaigaon,AS,2026-07-07,11.4,30.3,20.5,72,19.7,IMD-synthetic
D-AS-10,Bongaigaon,AS,2026-07-08,25.0,31.0,23.1,80,19.0,IMD-synthetic
D-AS-10,Bongaigaon,AS,2026-07-09,3.6,30.5,24.5,63,15.8,IMD-synthetic
D-AS-10,Bongaigaon,AS,2026-07-10,77.9,30.4,22.9,99,17.8,IMD-synthetic
D-AS-10,Bongaigaon,AS,2026-07-11,46.1,32.2,25.8,87,21.9,IMD-synthetic
D-AS-10,Bongaigaon,AS,2026-07-12,56.0,29.8,24.4,98,9.7,IMD-synthetic
D-AS-10,Bongaigaon,AS,2026-07-13,47.9,29.4,19.7,90,6.3,IMD-synthetic
D-AS-10,Bongaigaon,AS,2026-07-14,65.1,27.7,22.1,98,6.0,IMD-synthetic
D-AS-10,Bongaigaon,AS,2026-07-15,33.5,28.2,22.8,79,11.8,IMD-synthetic
D-AS-10,Bongaigaon,AS,2026-07-16,34.3,30.3,23.7,76,3.4,IMD-synthetic
D-AS-10,Bongaigaon,AS,2026-07-17,41.5,28.4,21.3,85,11.0,IMD-synthetic
D-AS-10,Bongaigaon,AS,2026-07-18,3.5,28.4,19.6,62,13.8,IMD-synthetic
D-AS-10,Bongaigaon,AS,2026-07-19,11.1,27.7,22.4,66,11.8,IMD-synthetic
D-AS-10,Bongaigaon,AS,2026-07-20,11.7,28.4,19.0,63,25.1,IMD-synthetic
D-AS-10,Bongaigaon,AS,2026-07-21,7.1,30.4,21.5,61,11.8,IMD-synthetic
D-AS-10,Bongaigaon,AS,2026-07-22,76.6,30.6,24.9,99,6.0,IMD-synthetic
D-AS-10,Bongaigaon,AS,2026-07-23,36.8,32.3,22.5,85,3.0,IMD-synthetic
D-AS-10,Bongaigaon,AS,2026-07-24,55.2,32.1,24.0,99,6.0,IMD-synthetic
D-AS-10,Bongaigaon,AS,2026-07-25,30.8,32.2,25.8,77,18.3,IMD-synthetic
D-AS-10,Bongaigaon,AS,2026-07-26,24.3,28.1,18.9,72,5.9,IMD-synthetic
D-AS-10,Bongaigaon,AS,2026-07-27,2.0,27.7,19.2,65,19.4,IMD-synthetic
D-AS-10,Bongaigaon,AS,2026-07-28,25.3,28.1,20.6,80,23.2,IMD-synthetic
D-AS-10,Bongaigaon,AS,2026-07-29,18.3,32.8,24.3,68,17.9,IMD-synthetic
D-AS-10,Bongaigaon,AS,2026-07-30,6.1,32.9,26.3,69,5.2,IMD-synthetic
D-AS-10,Bongaigaon,AS,2026-07-31,17.5,26.9,21.9,66,15.3,IMD-synthetic
D-AS-10,Bongaigaon,AS,2026-08-01,10.8,29.4,24.0,71,17.6,IMD-synthetic
D-AS-10,Bongaigaon,AS,2026-08-02,19.7,31.8,24.6,67,25.3,IMD-synthetic
D-AS-10,Bongaigaon,AS,2026-08-03,13.3,29.3,20.1,72,25.6,IMD-synthetic
D-AS-10,Bongaigaon,AS,2026-08-04,8.2,28.2,23.2,68,20.2,IMD-synthetic
D-AS-10,Bongaigaon,AS,2026-08-05,15.7,28.1,19.0,71,21.4,IMD-synthetic
D-AS-10,Bongaigaon,AS,2026-08-06,21.6,32.7,27.5,74,18.9,IMD-synthetic
D-AS-10,Bongaigaon,AS,2026-08-07,0.2,33.1,24.9,53,8.7,IMD-synthetic
D-AS-10,Bongaigaon,AS,2026-08-08,3.8,28.3,19.6,64,16.5,IMD-synthetic
D-AS-10,Bongaigaon,AS,2026-08-09,13.0,31.5,25.9,74,22.5,IMD-synthetic
D-AS-10,Bongaigaon,AS,2026-08-10,16.1,28.6,19.4,63,25.3,IMD-synthetic
D-AS-10,Bongaigaon,AS,2026-08-11,13.6,31.1,21.7,61,12.3,IMD-synthetic
D-AS-10,Bongaigaon,AS,2026-08-12,14.4,32.1,25.5,73,11.8,IMD-synthetic
D-AS-10,Bongaigaon,AS,2026-08-13,11.4,30.0,22.4,60,19.3,IMD-synthetic
D-AS-10,Bongaigaon,AS,2026-08-14,60.2,28.1,21.1,98,23.1,IMD-synthetic
D-AS-10,Bongaigaon,AS,2026-08-15,42.1,32.4,26.3,91,25.0,IMD-synthetic
D-AS-10,Bongaigaon,AS,2026-08-16,44.9,27.6,21.0,84,17.0,IMD-synthetic
D-AS-10,Bongaigaon,AS,2026-08-17,73.5,29.5,21.4,99,8.0,IMD-synthetic
D-AS-10,Bongaigaon,AS,2026-08-18,24.8,28.2,21.5,70,10.0,IMD-synthetic
D-AS-10,Bongaigaon,AS,2026-08-19,41.8,32.2,23.3,89,20.3,IMD-synthetic
D-AS-10,Bongaigaon,AS,2026-08-20,12.8,27.5,22.2,61,9.5,IMD-synthetic
D-AS-10,Bongaigaon,AS,2026-08-21,1.4,28.0,18.4,59,9.2,IMD-synthetic
D-AS-10,Bongaigaon,AS,2026-08-22,1.5,31.2,23.4,57,11.2,IMD-synthetic
D-AS-10,Bongaigaon,AS,2026-08-23,16.6,28.3,20.3,72,2.3,IMD-synthetic
D-AS-10,Bongaigaon,AS,2026-08-24,17.6,32.2,24.1,69,24.5,IMD-synthetic
D-AS-10,Bongaigaon,AS,2026-08-25,10.0,29.0,23.0,60,16.3,IMD-synthetic
D-AS-10,Bongaigaon,AS,2026-08-26,78.2,26.7,19.2,99,13.6,IMD-synthetic
D-AS-10,Bongaigaon,AS,2026-08-27,37.5,27.7,22.0,78,5.1,IMD-synthetic
D-AS-10,Bongaigaon,AS,2026-08-28,11.3,30.9,24.1,68,15.0,IMD-synthetic
D-AS-10,Bongaigaon,AS,2026-08-29,10.4,30.7,24.2,72,14.4,IMD-synthetic
D-AS-10,Bongaigaon,AS,2026-08-30,3.2,28.6,19.5,62,3.3,IMD-synthetic
D-AS-10,Bongaigaon,AS,2026-08-31,21.6,30.7,24.7,68,6.5,IMD-synthetic
D-AS-10,Bongaigaon,AS,2026-09-01,10.6,29.8,21.3,71,15.6,IMD-synthetic
D-AS-10,Bongaigaon,AS,2026-09-02,4.6,29.1,23.6,67,23.9,IMD-synthetic
D-AS-10,Bongaigaon,AS,2026-09-03,14.1,30.8,22.3,68,7.1,IMD-synthetic
D-AS-10,Bongaigaon,AS,2026-09-04,11.8,31.9,22.9,65,11.6,IMD-synthetic
D-AS-10,Bongaigaon,AS,2026-09-05,0.1,27.3,20.5,59,5.4,IMD-synthetic
D-AS-10,Bongaigaon,AS,2026-09-06,9.7,32.5,25.7,72,6.8,IMD-synthetic
D-AS-10,Bongaigaon,AS,2026-09-07,3.4,28.7,22.8,66,7.9,IMD-synthetic
D-AS-10,Bongaigaon,AS,2026-09-08,2.7,28.7,23.2,65,5.3,IMD-synthetic
D-AS-10,Bongaigaon,AS,2026-09-09,13.6,29.0,22.9,67,10.9,IMD-synthetic
D-AS-10,Bongaigaon,AS,2026-09-10,2.6,30.3,21.3,62,12.4,IMD-synthetic
D-AS-10,Bongaigaon,AS,2026-09-11,1.8,32.5,26.8,55,14.8,IMD-synthetic
D-AS-10,Bongaigaon,AS,2026-09-12,4.9,29.7,21.5,68,20.3,IMD-synthetic
D-AS-10,Bongaigaon,AS,2026-09-13,13.1,28.8,23.1,64,17.1,IMD-synthetic
D-AS-10,Bongaigaon,AS,2026-09-14,1.9,30.2,22.3,60,19.5,IMD-synthetic
D-AS-10,Bongaigaon,AS,2026-09-15,12.1,30.7,24.9,65,23.2,IMD-synthetic
D-AS-10,Bongaigaon,AS,2026-09-16,5.7,30.2,24.3,65,14.6,IMD-synthetic
D-AS-11,Sivasagar,AS,2026-05-20,16.4,29.5,21.6,72,21.0,IMD-synthetic
D-AS-11,Sivasagar,AS,2026-05-21,3.6,32.3,25.0,57,7.2,IMD-synthetic
D-AS-11,Sivasagar,AS,2026-05-22,6.5,27.8,18.6,60,4.0,IMD-synthetic
D-AS-11,Sivasagar,AS,2026-05-23,5.1,30.0,23.8,56,14.3,IMD-synthetic
D-AS-11,Sivasagar,AS,2026-05-24,7.7,29.4,22.6,64,8.6,IMD-synthetic
D-AS-11,Sivasagar,AS,2026-05-25,35.6,30.2,23.4,78,22.2,IMD-synthetic
D-AS-11,Sivasagar,AS,2026-05-26,27.1,30.4,21.5,83,4.4,IMD-synthetic
D-AS-11,Sivasagar,AS,2026-05-27,18.6,26.9,20.9,67,9.9,IMD-synthetic
D-AS-11,Sivasagar,AS,2026-05-28,14.0,30.8,24.4,71,26.0,IMD-synthetic
D-AS-11,Sivasagar,AS,2026-05-29,12.9,31.2,21.6,61,9.2,IMD-synthetic
D-AS-11,Sivasagar,AS,2026-05-30,13.4,29.2,22.2,69,17.7,IMD-synthetic
D-AS-11,Sivasagar,AS,2026-05-31,8.8,31.4,25.7,63,7.4,IMD-synthetic
D-AS-11,Sivasagar,AS,2026-06-01,12.5,29.9,21.0,71,19.3,IMD-synthetic
D-AS-11,Sivasagar,AS,2026-06-02,20.9,28.5,22.6,77,18.8,IMD-synthetic
D-AS-11,Sivasagar,AS,2026-06-03,11.9,30.1,23.2,68,5.1,IMD-synthetic
D-AS-11,Sivasagar,AS,2026-06-04,0.3,31.8,22.6,56,12.1,IMD-synthetic
D-AS-11,Sivasagar,AS,2026-06-05,10.6,31.5,23.8,63,2.6,IMD-synthetic
D-AS-11,Sivasagar,AS,2026-06-06,24.3,27.5,17.7,73,17.1,IMD-synthetic
D-AS-11,Sivasagar,AS,2026-06-07,16.0,31.9,22.0,66,11.4,IMD-synthetic
D-AS-11,Sivasagar,AS,2026-06-08,5.0,27.5,19.7,61,23.5,IMD-synthetic
D-AS-11,Sivasagar,AS,2026-06-09,2.8,30.2,25.0,63,13.7,IMD-synthetic
D-AS-11,Sivasagar,AS,2026-06-10,1.8,32.7,26.3,56,17.8,IMD-synthetic
D-AS-11,Sivasagar,AS,2026-06-11,62.5,26.0,19.4,99,11.4,IMD-synthetic
D-AS-11,Sivasagar,AS,2026-06-12,55.7,26.8,19.7,99,11.3,IMD-synthetic
D-AS-11,Sivasagar,AS,2026-06-13,5.4,32.1,25.6,67,18.0,IMD-synthetic
D-AS-11,Sivasagar,AS,2026-06-14,15.2,28.6,22.6,72,13.0,IMD-synthetic
D-AS-11,Sivasagar,AS,2026-06-15,26.1,29.2,20.1,78,7.9,IMD-synthetic
D-AS-11,Sivasagar,AS,2026-06-16,15.0,29.7,22.4,63,4.2,IMD-synthetic
D-AS-11,Sivasagar,AS,2026-06-17,24.2,28.6,19.4,80,11.4,IMD-synthetic
D-AS-11,Sivasagar,AS,2026-06-18,22.4,29.1,23.2,76,12.4,IMD-synthetic
D-AS-11,Sivasagar,AS,2026-06-19,17.4,30.9,25.4,73,3.0,IMD-synthetic
D-AS-11,Sivasagar,AS,2026-06-20,4.2,32.2,24.5,64,3.6,IMD-synthetic
D-AS-11,Sivasagar,AS,2026-06-21,23.8,32.0,24.9,79,4.9,IMD-synthetic
D-AS-11,Sivasagar,AS,2026-06-22,19.9,29.7,20.8,71,6.0,IMD-synthetic
D-AS-11,Sivasagar,AS,2026-06-23,1.2,27.1,18.9,62,13.1,IMD-synthetic
D-AS-11,Sivasagar,AS,2026-06-24,10.5,28.0,22.8,62,19.0,IMD-synthetic
D-AS-11,Sivasagar,AS,2026-06-25,17.7,29.5,22.2,65,17.8,IMD-synthetic
D-AS-11,Sivasagar,AS,2026-06-26,11.5,29.6,23.2,62,22.1,IMD-synthetic
D-AS-11,Sivasagar,AS,2026-06-27,4.7,27.6,18.9,57,18.1,IMD-synthetic
D-AS-11,Sivasagar,AS,2026-06-28,50.1,28.3,22.2,87,18.2,IMD-synthetic
D-AS-11,Sivasagar,AS,2026-06-29,32.8,30.6,21.4,86,17.4,IMD-synthetic
D-AS-11,Sivasagar,AS,2026-06-30,47.6,31.6,24.6,89,3.3,IMD-synthetic
D-AS-11,Sivasagar,AS,2026-07-01,93.4,31.0,24.1,99,4.2,IMD-synthetic
D-AS-11,Sivasagar,AS,2026-07-02,42.5,32.2,25.5,84,18.1,IMD-synthetic
D-AS-11,Sivasagar,AS,2026-07-03,36.0,31.7,22.7,88,6.0,IMD-synthetic
D-AS-11,Sivasagar,AS,2026-07-04,12.0,27.4,20.8,68,6.5,IMD-synthetic
D-AS-11,Sivasagar,AS,2026-07-05,15.6,32.3,26.7,65,10.6,IMD-synthetic
D-AS-11,Sivasagar,AS,2026-07-06,11.6,28.7,21.8,66,3.6,IMD-synthetic
D-AS-11,Sivasagar,AS,2026-07-07,18.7,28.9,23.6,68,9.2,IMD-synthetic
D-AS-11,Sivasagar,AS,2026-07-08,28.3,27.1,19.4,85,22.4,IMD-synthetic
D-AS-11,Sivasagar,AS,2026-07-09,27.6,30.1,20.2,81,18.3,IMD-synthetic
D-AS-11,Sivasagar,AS,2026-07-10,20.0,28.6,20.4,78,9.6,IMD-synthetic
D-AS-11,Sivasagar,AS,2026-07-11,13.9,28.7,20.7,69,11.2,IMD-synthetic
D-AS-11,Sivasagar,AS,2026-07-12,6.7,30.4,20.5,59,16.8,IMD-synthetic
D-AS-11,Sivasagar,AS,2026-07-13,8.9,31.2,22.4,66,3.4,IMD-synthetic
D-AS-11,Sivasagar,AS,2026-07-14,8.6,27.7,21.7,58,24.2,IMD-synthetic
D-AS-11,Sivasagar,AS,2026-07-15,27.3,30.9,24.3,75,17.4,IMD-synthetic
D-AS-11,Sivasagar,AS,2026-07-16,15.0,32.6,24.4,66,2.6,IMD-synthetic
D-AS-11,Sivasagar,AS,2026-07-17,9.5,28.3,20.6,71,18.0,IMD-synthetic
D-AS-11,Sivasagar,AS,2026-07-18,19.8,31.0,23.0,71,9.7,IMD-synthetic
D-AS-11,Sivasagar,AS,2026-07-19,0.2,32.2,26.9,54,17.2,IMD-synthetic
D-AS-11,Sivasagar,AS,2026-07-20,5.9,27.4,19.4,67,24.4,IMD-synthetic
D-AS-11,Sivasagar,AS,2026-07-21,2.3,31.3,24.7,63,7.9,IMD-synthetic
D-AS-11,Sivasagar,AS,2026-07-22,7.2,28.6,21.4,65,8.5,IMD-synthetic
D-AS-11,Sivasagar,AS,2026-07-23,2.3,32.8,25.8,55,12.6,IMD-synthetic
D-AS-11,Sivasagar,AS,2026-07-24,21.2,31.2,22.1,77,2.5,IMD-synthetic
D-AS-11,Sivasagar,AS,2026-07-25,24.6,31.1,21.5,77,5.7,IMD-synthetic
D-AS-11,Sivasagar,AS,2026-07-26,7.4,29.6,22.3,62,16.5,IMD-synthetic
D-AS-11,Sivasagar,AS,2026-07-27,90.1,26.6,17.0,99,22.7,IMD-synthetic
D-AS-11,Sivasagar,AS,2026-07-28,52.5,28.3,21.3,94,11.5,IMD-synthetic
D-AS-11,Sivasagar,AS,2026-07-29,11.1,28.6,18.7,60,23.2,IMD-synthetic
D-AS-11,Sivasagar,AS,2026-07-30,3.6,32.5,26.7,65,25.0,IMD-synthetic
D-AS-11,Sivasagar,AS,2026-07-31,21.7,28.7,20.2,76,10.8,IMD-synthetic
D-AS-11,Sivasagar,AS,2026-08-01,79.3,30.1,23.9,99,21.5,IMD-synthetic
D-AS-11,Sivasagar,AS,2026-08-02,37.8,30.4,21.9,87,8.3,IMD-synthetic
D-AS-11,Sivasagar,AS,2026-08-03,33.4,30.5,24.2,83,24.8,IMD-synthetic
D-AS-11,Sivasagar,AS,2026-08-04,0.3,31.6,23.4,65,11.5,IMD-synthetic
D-AS-11,Sivasagar,AS,2026-08-05,19.9,29.7,23.8,71,21.9,IMD-synthetic
D-AS-11,Sivasagar,AS,2026-08-06,6.7,32.7,24.4,62,9.4,IMD-synthetic
D-AS-11,Sivasagar,AS,2026-08-07,19.4,31.0,25.6,74,20.6,IMD-synthetic
D-AS-11,Sivasagar,AS,2026-08-08,3.2,31.4,21.7,59,9.4,IMD-synthetic
D-AS-11,Sivasagar,AS,2026-08-09,18.0,26.7,21.4,74,14.6,IMD-synthetic
D-AS-11,Sivasagar,AS,2026-08-10,16.2,27.7,20.8,73,6.8,IMD-synthetic
D-AS-11,Sivasagar,AS,2026-08-11,20.9,29.3,20.2,69,3.4,IMD-synthetic
D-AS-11,Sivasagar,AS,2026-08-12,16.8,28.2,18.7,69,17.0,IMD-synthetic
D-AS-11,Sivasagar,AS,2026-08-13,19.2,27.6,21.1,70,8.6,IMD-synthetic
D-AS-11,Sivasagar,AS,2026-08-14,12.9,29.6,21.2,62,3.5,IMD-synthetic
D-AS-11,Sivasagar,AS,2026-08-15,0.2,30.5,20.6,53,14.5,IMD-synthetic
D-AS-11,Sivasagar,AS,2026-08-16,59.6,31.7,25.4,99,20.2,IMD-synthetic
D-AS-11,Sivasagar,AS,2026-08-17,37.1,28.4,20.0,82,9.6,IMD-synthetic
D-AS-11,Sivasagar,AS,2026-08-18,28.0,28.7,21.7,80,25.4,IMD-synthetic
D-AS-11,Sivasagar,AS,2026-08-19,43.8,31.1,26.1,94,11.6,IMD-synthetic
D-AS-11,Sivasagar,AS,2026-08-20,20.4,26.8,21.2,73,24.8,IMD-synthetic
D-AS-11,Sivasagar,AS,2026-08-21,5.5,29.6,21.2,68,14.4,IMD-synthetic
D-AS-11,Sivasagar,AS,2026-08-22,0.1,30.8,21.1,56,17.2,IMD-synthetic
D-AS-11,Sivasagar,AS,2026-08-23,21.4,31.0,22.6,70,13.6,IMD-synthetic
D-AS-11,Sivasagar,AS,2026-08-24,17.5,28.8,19.1,77,13.4,IMD-synthetic
D-AS-11,Sivasagar,AS,2026-08-25,15.4,27.3,20.4,71,19.1,IMD-synthetic
D-AS-11,Sivasagar,AS,2026-08-26,19.3,31.4,22.8,65,14.0,IMD-synthetic
D-AS-11,Sivasagar,AS,2026-08-27,82.6,31.5,24.2,99,24.9,IMD-synthetic
D-AS-11,Sivasagar,AS,2026-08-28,34.1,29.6,23.4,78,24.7,IMD-synthetic
D-AS-11,Sivasagar,AS,2026-08-29,39.5,26.9,16.9,80,24.3,IMD-synthetic
D-AS-11,Sivasagar,AS,2026-08-30,30.2,28.8,22.4,83,18.0,IMD-synthetic
D-AS-11,Sivasagar,AS,2026-08-31,14.8,30.7,21.1,71,13.8,IMD-synthetic
D-AS-11,Sivasagar,AS,2026-09-01,5.1,28.2,20.3,68,3.6,IMD-synthetic
D-AS-11,Sivasagar,AS,2026-09-02,14.0,31.2,22.6,70,20.8,IMD-synthetic
D-AS-11,Sivasagar,AS,2026-09-03,6.7,28.3,22.0,60,4.7,IMD-synthetic
D-AS-11,Sivasagar,AS,2026-09-04,9.1,27.9,18.2,66,5.1,IMD-synthetic
D-AS-11,Sivasagar,AS,2026-09-05,5.8,31.3,24.7,64,6.6,IMD-synthetic
D-AS-11,Sivasagar,AS,2026-09-06,6.5,31.5,22.5,69,5.0,IMD-synthetic
D-AS-11,Sivasagar,AS,2026-09-07,9.1,27.5,22.5,70,9.6,IMD-synthetic
D-AS-11,Sivasagar,AS,2026-09-08,4.6,28.2,19.8,57,8.8,IMD-synthetic
D-AS-11,Sivasagar,AS,2026-09-09,13.0,31.7,26.5,65,14.1,IMD-synthetic
D-AS-11,Sivasagar,AS,2026-09-10,4.2,32.0,24.1,63,7.2,IMD-synthetic
D-AS-11,Sivasagar,AS,2026-09-11,14.8,27.1,18.0,64,19.2,IMD-synthetic
D-AS-11,Sivasagar,AS,2026-09-12,14.3,28.1,19.4,74,20.6,IMD-synthetic
D-AS-11,Sivasagar,AS,2026-09-13,11.2,28.6,19.5,72,5.8,IMD-synthetic
D-AS-11,Sivasagar,AS,2026-09-14,35.3,30.4,20.4,87,11.4,IMD-synthetic
D-AS-11,Sivasagar,AS,2026-09-15,24.4,28.3,19.8,71,22.6,IMD-synthetic
D-AS-11,Sivasagar,AS,2026-09-16,22.1,27.4,18.6,75,21.3,IMD-synthetic
D-AS-12,Karimganj,AS,2026-05-20,12.2,29.9,24.1,62,18.7,IMD-synthetic
D-AS-12,Karimganj,AS,2026-05-21,2.5,28.6,19.9,64,2.2,IMD-synthetic
D-AS-12,Karimganj,AS,2026-05-22,9.9,31.3,21.4,60,24.8,IMD-synthetic
D-AS-12,Karimganj,AS,2026-05-23,14.5,32.7,27.2,75,6.3,IMD-synthetic
D-AS-12,Karimganj,AS,2026-05-24,51.3,30.1,20.3,96,11.7,IMD-synthetic
D-AS-12,Karimganj,AS,2026-05-25,17.8,28.5,21.1,74,24.9,IMD-synthetic
D-AS-12,Karimganj,AS,2026-05-26,29.8,29.1,20.6,83,17.8,IMD-synthetic
D-AS-12,Karimganj,AS,2026-05-27,32.2,32.0,23.7,78,17.7,IMD-synthetic
D-AS-12,Karimganj,AS,2026-05-28,2.1,27.8,20.4,62,14.2,IMD-synthetic
D-AS-12,Karimganj,AS,2026-05-29,63.9,29.2,20.7,98,16.2,IMD-synthetic
D-AS-12,Karimganj,AS,2026-05-30,24.6,33.0,24.5,73,5.0,IMD-synthetic
D-AS-12,Karimganj,AS,2026-05-31,23.5,31.3,22.0,75,11.7,IMD-synthetic
D-AS-12,Karimganj,AS,2026-06-01,47.2,28.9,19.8,96,14.7,IMD-synthetic
D-AS-12,Karimganj,AS,2026-06-02,72.3,31.1,22.8,99,7.0,IMD-synthetic
D-AS-12,Karimganj,AS,2026-06-03,45.9,27.3,18.0,93,2.1,IMD-synthetic
D-AS-12,Karimganj,AS,2026-06-04,39.6,28.6,23.4,87,17.7,IMD-synthetic
D-AS-12,Karimganj,AS,2026-06-05,29.0,28.4,19.6,73,5.0,IMD-synthetic
D-AS-12,Karimganj,AS,2026-06-06,25.5,28.0,18.1,79,8.0,IMD-synthetic
D-AS-12,Karimganj,AS,2026-06-07,93.4,27.6,19.9,99,13.8,IMD-synthetic
D-AS-12,Karimganj,AS,2026-06-08,35.7,32.2,22.2,85,14.3,IMD-synthetic
D-AS-12,Karimganj,AS,2026-06-09,46.8,30.6,25.4,85,5.4,IMD-synthetic
D-AS-12,Karimganj,AS,2026-06-10,51.8,27.8,22.1,95,16.2,IMD-synthetic
D-AS-12,Karimganj,AS,2026-06-11,19.2,29.6,21.9,69,17.6,IMD-synthetic
D-AS-12,Karimganj,AS,2026-06-12,12.0,32.8,24.4,73,5.4,IMD-synthetic
D-AS-12,Karimganj,AS,2026-06-13,16.6,28.7,20.5,72,19.1,IMD-synthetic
D-AS-12,Karimganj,AS,2026-06-14,17.1,30.2,24.4,75,9.6,IMD-synthetic
D-AS-12,Karimganj,AS,2026-06-15,10.0,33.0,26.8,62,14.8,IMD-synthetic
D-AS-12,Karimganj,AS,2026-06-16,10.7,29.2,23.8,72,20.7,IMD-synthetic
D-AS-12,Karimganj,AS,2026-06-17,21.0,28.7,23.2,80,7.3,IMD-synthetic
D-AS-12,Karimganj,AS,2026-06-18,20.6,27.8,20.2,78,16.1,IMD-synthetic
D-AS-12,Karimganj,AS,2026-06-19,2.5,29.4,21.5,57,8.5,IMD-synthetic
D-AS-12,Karimganj,AS,2026-06-20,1.3,29.3,20.5,55,21.3,IMD-synthetic
D-AS-12,Karimganj,AS,2026-06-21,20.8,30.3,20.9,72,16.2,IMD-synthetic
D-AS-12,Karimganj,AS,2026-06-22,18.1,31.4,23.1,66,15.6,IMD-synthetic
D-AS-12,Karimganj,AS,2026-06-23,24.2,30.8,23.9,79,18.3,IMD-synthetic
D-AS-12,Karimganj,AS,2026-06-24,12.1,29.8,23.0,67,8.9,IMD-synthetic
D-AS-12,Karimganj,AS,2026-06-25,13.7,31.5,21.9,64,17.3,IMD-synthetic
D-AS-12,Karimganj,AS,2026-06-26,64.7,28.2,22.7,98,19.5,IMD-synthetic
D-AS-12,Karimganj,AS,2026-06-27,54.4,27.5,22.2,99,15.3,IMD-synthetic
D-AS-12,Karimganj,AS,2026-06-28,41.0,31.9,22.1,86,14.2,IMD-synthetic
D-AS-12,Karimganj,AS,2026-06-29,12.7,30.3,20.3,73,18.7,IMD-synthetic
D-AS-12,Karimganj,AS,2026-06-30,16.3,32.6,23.9,73,18.9,IMD-synthetic
D-AS-12,Karimganj,AS,2026-07-01,7.0,31.7,21.9,68,23.1,IMD-synthetic
D-AS-12,Karimganj,AS,2026-07-02,17.6,30.7,20.9,73,23.2,IMD-synthetic
D-AS-12,Karimganj,AS,2026-07-03,6.5,27.7,18.5,63,24.9,IMD-synthetic
D-AS-12,Karimganj,AS,2026-07-04,10.9,29.4,23.8,72,8.0,IMD-synthetic
D-AS-12,Karimganj,AS,2026-07-05,22.1,27.7,21.2,71,7.1,IMD-synthetic
D-AS-12,Karimganj,AS,2026-07-06,16.4,28.4,21.9,76,17.4,IMD-synthetic
D-AS-12,Karimganj,AS,2026-07-07,1.0,30.1,22.0,59,10.5,IMD-synthetic
D-AS-12,Karimganj,AS,2026-07-08,9.5,29.3,24.3,71,6.5,IMD-synthetic
D-AS-12,Karimganj,AS,2026-07-09,2.9,30.3,24.9,61,5.7,IMD-synthetic
D-AS-12,Karimganj,AS,2026-07-10,14.1,28.1,19.8,65,11.5,IMD-synthetic
D-AS-12,Karimganj,AS,2026-07-11,12.3,28.3,19.2,62,12.5,IMD-synthetic
D-AS-12,Karimganj,AS,2026-07-12,4.7,29.4,22.2,60,22.9,IMD-synthetic
D-AS-12,Karimganj,AS,2026-07-13,5.5,27.5,20.5,66,23.6,IMD-synthetic
D-AS-12,Karimganj,AS,2026-07-14,5.7,30.2,21.9,59,12.1,IMD-synthetic
D-AS-12,Karimganj,AS,2026-07-15,23.1,31.3,24.7,78,23.2,IMD-synthetic
D-AS-12,Karimganj,AS,2026-07-16,26.6,32.0,25.1,72,4.6,IMD-synthetic
D-AS-12,Karimganj,AS,2026-07-17,66.7,26.3,17.9,99,21.9,IMD-synthetic
D-AS-12,Karimganj,AS,2026-07-18,42.8,30.2,25.2,88,8.8,IMD-synthetic
D-AS-12,Karimganj,AS,2026-07-19,60.7,27.3,19.7,97,20.4,IMD-synthetic
D-AS-12,Karimganj,AS,2026-07-20,56.9,32.4,26.2,99,6.8,IMD-synthetic
D-AS-12,Karimganj,AS,2026-07-21,51.7,31.4,22.9,95,6.3,IMD-synthetic
D-AS-12,Karimganj,AS,2026-07-22,17.0,30.9,24.8,65,2.9,IMD-synthetic
D-AS-12,Karimganj,AS,2026-07-23,26.8,29.5,21.4,72,3.2,IMD-synthetic
D-AS-12,Karimganj,AS,2026-07-24,8.8,31.0,24.8,62,13.5,IMD-synthetic
D-AS-12,Karimganj,AS,2026-07-25,18.6,28.9,22.6,68,10.4,IMD-synthetic
D-AS-12,Karimganj,AS,2026-07-26,9.2,27.5,22.3,59,19.9,IMD-synthetic
D-AS-12,Karimganj,AS,2026-07-27,13.6,32.6,27.1,64,24.8,IMD-synthetic
D-AS-12,Karimganj,AS,2026-07-28,8.8,27.8,22.7,65,22.7,IMD-synthetic
D-AS-12,Karimganj,AS,2026-07-29,21.4,29.2,20.3,74,10.9,IMD-synthetic
D-AS-12,Karimganj,AS,2026-07-30,6.1,29.6,20.2,58,19.8,IMD-synthetic
D-AS-12,Karimganj,AS,2026-07-31,16.9,32.6,24.3,66,18.9,IMD-synthetic
D-AS-12,Karimganj,AS,2026-08-01,1.7,30.6,23.9,63,25.8,IMD-synthetic
D-AS-12,Karimganj,AS,2026-08-02,15.9,27.4,21.4,70,8.1,IMD-synthetic
D-AS-12,Karimganj,AS,2026-08-03,18.8,32.5,22.6,77,12.8,IMD-synthetic
D-AS-12,Karimganj,AS,2026-08-04,20.1,27.4,20.3,79,14.1,IMD-synthetic
D-AS-12,Karimganj,AS,2026-08-05,47.7,32.4,26.0,98,3.5,IMD-synthetic
D-AS-12,Karimganj,AS,2026-08-06,46.2,27.7,18.6,91,14.8,IMD-synthetic
D-AS-12,Karimganj,AS,2026-08-07,34.8,27.2,20.0,83,15.5,IMD-synthetic
D-AS-12,Karimganj,AS,2026-08-08,31.8,30.5,24.5,74,15.7,IMD-synthetic
D-AS-12,Karimganj,AS,2026-08-09,0.2,32.9,25.3,59,19.3,IMD-synthetic
D-AS-12,Karimganj,AS,2026-08-10,18.8,28.8,22.5,66,7.4,IMD-synthetic
D-AS-12,Karimganj,AS,2026-08-11,6.4,31.1,21.4,60,5.2,IMD-synthetic
D-AS-12,Karimganj,AS,2026-08-12,1.1,33.2,23.3,55,4.8,IMD-synthetic
D-AS-12,Karimganj,AS,2026-08-13,14.0,33.0,26.4,75,23.2,IMD-synthetic
D-AS-12,Karimganj,AS,2026-08-14,3.0,32.7,26.2,67,17.0,IMD-synthetic
D-AS-12,Karimganj,AS,2026-08-15,45.1,32.4,26.5,97,14.9,IMD-synthetic
D-AS-12,Karimganj,AS,2026-08-16,46.4,31.3,22.4,85,19.9,IMD-synthetic
D-AS-12,Karimganj,AS,2026-08-17,31.6,30.8,21.4,83,15.2,IMD-synthetic
D-AS-12,Karimganj,AS,2026-08-18,4.9,28.9,21.0,66,20.1,IMD-synthetic
D-AS-12,Karimganj,AS,2026-08-19,5.1,31.6,24.8,68,4.2,IMD-synthetic
D-AS-12,Karimganj,AS,2026-08-20,4.1,32.5,26.6,61,19.5,IMD-synthetic
D-AS-12,Karimganj,AS,2026-08-21,0.5,28.3,22.4,57,16.6,IMD-synthetic
D-AS-12,Karimganj,AS,2026-08-22,55.1,29.2,21.0,96,19.4,IMD-synthetic
D-AS-12,Karimganj,AS,2026-08-23,25.5,31.5,26.4,71,11.2,IMD-synthetic
D-AS-12,Karimganj,AS,2026-08-24,0.3,32.4,22.7,54,20.5,IMD-synthetic
D-AS-12,Karimganj,AS,2026-08-25,20.7,30.6,21.6,66,21.0,IMD-synthetic
D-AS-12,Karimganj,AS,2026-08-26,18.1,32.2,26.8,66,20.2,IMD-synthetic
D-AS-12,Karimganj,AS,2026-08-27,18.0,28.9,21.5,68,15.0,IMD-synthetic
D-AS-12,Karimganj,AS,2026-08-28,12.0,27.3,22.1,68,4.5,IMD-synthetic
D-AS-12,Karimganj,AS,2026-08-29,9.2,27.2,21.1,61,11.2,IMD-synthetic
D-AS-12,Karimganj,AS,2026-08-30,6.3,32.8,24.4,66,19.2,IMD-synthetic
D-AS-12,Karimganj,AS,2026-08-31,10.9,33.1,27.0,73,8.8,IMD-synthetic
D-AS-12,Karimganj,AS,2026-09-01,27.9,32.4,22.8,84,16.5,IMD-synthetic
D-AS-12,Karimganj,AS,2026-09-02,18.4,30.2,22.2,74,5.6,IMD-synthetic
D-AS-12,Karimganj,AS,2026-09-03,26.8,28.7,19.6,75,4.5,IMD-synthetic
D-AS-12,Karimganj,AS,2026-09-04,10.1,32.8,23.7,69,3.8,IMD-synthetic
D-AS-12,Karimganj,AS,2026-09-05,50.0,27.4,21.7,93,21.1,IMD-synthetic
D-AS-12,Karimganj,AS,2026-09-06,32.2,31.7,26.1,80,19.4,IMD-synthetic
D-AS-12,Karimganj,AS,2026-09-07,5.0,28.1,19.3,60,13.9,IMD-synthetic
D-AS-12,Karimganj,AS,2026-09-08,14.9,30.7,22.5,64,24.7,IMD-synthetic
D-AS-12,Karimganj,AS,2026-09-09,5.9,30.6,22.9,63,14.9,IMD-synthetic
D-AS-12,Karimganj,AS,2026-09-10,1.3,31.6,24.0,63,21.5,IMD-synthetic
D-AS-12,Karimganj,AS,2026-09-11,1.3,29.5,23.5,64,10.7,IMD-synthetic
D-AS-12,Karimganj,AS,2026-09-12,2.0,28.0,18.4,58,22.4,IMD-synthetic
D-AS-12,Karimganj,AS,2026-09-13,2.1,30.1,20.9,61,24.4,IMD-synthetic
D-AS-12,Karimganj,AS,2026-09-14,3.2,28.7,20.0,55,18.7,IMD-synthetic
D-AS-12,Karimganj,AS,2026-09-15,11.2,31.4,24.3,60,4.5,IMD-synthetic
D-AS-12,Karimganj,AS,2026-09-16,7.3,30.8,25.0,59,5.4,IMD-synthetic
D-AR-01,Papum Pare,AR,2026-05-20,0.2,30.1,23.0,62,13.3,IMD-synthetic
D-AR-01,Papum Pare,AR,2026-05-21,10.2,30.6,23.2,69,12.7,IMD-synthetic
D-AR-01,Papum Pare,AR,2026-05-22,0.3,25.7,20.4,61,16.5,IMD-synthetic
D-AR-01,Papum Pare,AR,2026-05-23,3.1,27.4,20.3,67,12.9,IMD-synthetic
D-AR-01,Papum Pare,AR,2026-05-24,5.0,28.4,21.9,58,24.4,IMD-synthetic
D-AR-01,Papum Pare,AR,2026-05-25,1.8,27.3,17.5,63,11.6,IMD-synthetic
D-AR-01,Papum Pare,AR,2026-05-26,38.1,28.9,21.1,90,21.6,IMD-synthetic
D-AR-01,Papum Pare,AR,2026-05-27,29.6,26.5,18.3,84,6.0,IMD-synthetic
D-AR-01,Papum Pare,AR,2026-05-28,37.0,28.3,22.3,79,3.9,IMD-synthetic
D-AR-01,Papum Pare,AR,2026-05-29,16.4,25.0,18.6,71,3.6,IMD-synthetic
D-AR-01,Papum Pare,AR,2026-05-30,14.7,26.7,18.9,71,2.8,IMD-synthetic
D-AR-01,Papum Pare,AR,2026-05-31,19.0,28.2,20.4,76,3.1,IMD-synthetic
D-AR-01,Papum Pare,AR,2026-06-01,28.1,24.7,17.9,75,11.6,IMD-synthetic
D-AR-01,Papum Pare,AR,2026-06-02,22.4,29.1,19.2,77,4.3,IMD-synthetic
D-AR-01,Papum Pare,AR,2026-06-03,22.1,25.3,16.3,69,16.1,IMD-synthetic
D-AR-01,Papum Pare,AR,2026-06-04,17.5,29.9,23.4,66,13.1,IMD-synthetic
D-AR-01,Papum Pare,AR,2026-06-05,2.8,29.3,19.9,65,17.7,IMD-synthetic
D-AR-01,Papum Pare,AR,2026-06-06,4.8,30.8,23.2,65,17.6,IMD-synthetic
D-AR-01,Papum Pare,AR,2026-06-07,10.2,29.6,22.9,64,22.5,IMD-synthetic
D-AR-01,Papum Pare,AR,2026-06-08,26.6,29.3,22.4,73,16.6,IMD-synthetic
D-AR-01,Papum Pare,AR,2026-06-09,83.6,29.7,24.2,99,20.4,IMD-synthetic
D-AR-01,Papum Pare,AR,2026-06-10,40.2,29.6,20.6,92,14.0,IMD-synthetic
D-AR-01,Papum Pare,AR,2026-06-11,5.1,26.8,21.5,63,10.5,IMD-synthetic
D-AR-01,Papum Pare,AR,2026-06-12,96.9,25.0,17.6,99,23.0,IMD-synthetic
D-AR-01,Papum Pare,AR,2026-06-13,51.6,25.1,19.5,96,3.0,IMD-synthetic
D-AR-01,Papum Pare,AR,2026-06-14,58.6,26.5,17.2,99,5.1,IMD-synthetic
D-AR-01,Papum Pare,AR,2026-06-15,42.1,29.4,19.6,86,18.4,IMD-synthetic
D-AR-01,Papum Pare,AR,2026-06-16,7.8,30.2,21.8,66,17.5,IMD-synthetic
D-AR-01,Papum Pare,AR,2026-06-17,7.3,29.9,24.9,69,9.0,IMD-synthetic
D-AR-01,Papum Pare,AR,2026-06-18,11.9,25.3,18.4,66,4.2,IMD-synthetic
D-AR-01,Papum Pare,AR,2026-06-19,19.2,30.2,22.9,66,19.6,IMD-synthetic
D-AR-01,Papum Pare,AR,2026-06-20,27.5,29.2,23.2,75,9.6,IMD-synthetic
D-AR-01,Papum Pare,AR,2026-06-21,14.5,29.1,21.7,66,2.9,IMD-synthetic
D-AR-01,Papum Pare,AR,2026-06-22,14.0,28.7,22.1,62,16.4,IMD-synthetic
D-AR-01,Papum Pare,AR,2026-06-23,27.9,26.8,19.6,78,3.3,IMD-synthetic
D-AR-01,Papum Pare,AR,2026-06-24,28.4,28.7,22.4,80,4.0,IMD-synthetic
D-AR-01,Papum Pare,AR,2026-06-25,51.9,29.5,22.2,94,7.1,IMD-synthetic
D-AR-01,Papum Pare,AR,2026-06-26,59.8,25.2,19.9,99,12.3,IMD-synthetic
D-AR-01,Papum Pare,AR,2026-06-27,62.1,25.8,19.8,99,13.6,IMD-synthetic
D-AR-01,Papum Pare,AR,2026-06-28,23.4,30.5,23.3,81,15.7,IMD-synthetic
D-AR-01,Papum Pare,AR,2026-06-29,16.7,30.2,24.2,73,15.9,IMD-synthetic
D-AR-01,Papum Pare,AR,2026-06-30,19.8,29.7,21.0,77,19.6,IMD-synthetic
D-AR-01,Papum Pare,AR,2026-07-01,117.5,26.1,19.5,99,18.2,IMD-synthetic
D-AR-01,Papum Pare,AR,2026-07-02,42.2,28.7,18.8,94,22.6,IMD-synthetic
D-AR-01,Papum Pare,AR,2026-07-03,55.8,28.0,20.1,91,19.9,IMD-synthetic
D-AR-01,Papum Pare,AR,2026-07-04,22.7,29.3,21.3,70,7.0,IMD-synthetic
D-AR-01,Papum Pare,AR,2026-07-05,22.1,30.4,23.5,72,9.2,IMD-synthetic
D-AR-01,Papum Pare,AR,2026-07-06,26.7,25.4,17.9,84,11.9,IMD-synthetic
D-AR-01,Papum Pare,AR,2026-07-07,27.0,27.2,17.3,75,24.2,IMD-synthetic
D-AR-01,Papum Pare,AR,2026-07-08,12.2,28.2,22.4,66,8.8,IMD-synthetic
D-AR-01,Papum Pare,AR,2026-07-09,22.2,28.5,20.0,80,23.7,IMD-synthetic
D-AR-01,Papum Pare,AR,2026-07-10,2.9,30.1,24.7,54,24.4,IMD-synthetic
D-AR-01,Papum Pare,AR,2026-07-11,24.4,28.4,20.7,77,14.1,IMD-synthetic
D-AR-01,Papum Pare,AR,2026-07-12,21.8,29.8,23.7,78,15.2,IMD-synthetic
D-AR-01,Papum Pare,AR,2026-07-13,27.9,30.3,23.5,82,13.1,IMD-synthetic
D-AR-01,Papum Pare,AR,2026-07-14,21.0,29.4,22.4,79,20.8,IMD-synthetic
D-AR-01,Papum Pare,AR,2026-07-15,8.7,28.9,22.4,70,23.8,IMD-synthetic
D-AR-01,Papum Pare,AR,2026-07-16,0.1,30.5,25.3,52,21.0,IMD-synthetic
D-AR-01,Papum Pare,AR,2026-07-17,16.9,29.2,22.6,66,15.7,IMD-synthetic
D-AR-01,Papum Pare,AR,2026-07-18,18.1,27.1,19.0,70,3.2,IMD-synthetic
D-AR-01,Papum Pare,AR,2026-07-19,14.0,30.5,23.5,71,11.7,IMD-synthetic
D-AR-01,Papum Pare,AR,2026-07-20,5.2,26.4,17.8,57,4.8,IMD-synthetic
D-AR-01,Papum Pare,AR,2026-07-21,12.8,29.4,19.8,72,5.8,IMD-synthetic
D-AR-01,Papum Pare,AR,2026-07-22,3.0,25.2,20.1,64,5.7,IMD-synthetic
D-AR-01,Papum Pare,AR,2026-07-23,17.7,30.6,22.7,64,19.6,IMD-synthetic
D-AR-01,Papum Pare,AR,2026-07-24,20.7,29.4,23.5,75,7.3,IMD-synthetic
D-AR-01,Papum Pare,AR,2026-07-25,27.4,29.0,20.0,76,8.3,IMD-synthetic
D-AR-01,Papum Pare,AR,2026-07-26,117.6,26.9,18.7,99,4.5,IMD-synthetic
D-AR-01,Papum Pare,AR,2026-07-27,49.4,27.8,22.3,90,23.5,IMD-synthetic
D-AR-01,Papum Pare,AR,2026-07-28,16.1,27.0,17.8,68,13.8,IMD-synthetic
D-AR-01,Papum Pare,AR,2026-07-29,85.6,27.4,21.3,99,23.4,IMD-synthetic
D-AR-01,Papum Pare,AR,2026-07-30,55.8,26.9,21.1,95,23.7,IMD-synthetic
D-AR-01,Papum Pare,AR,2026-07-31,20.6,29.9,24.3,71,10.3,IMD-synthetic
D-AR-01,Papum Pare,AR,2026-08-01,15.0,24.9,17.3,66,4.9,IMD-synthetic
D-AR-01,Papum Pare,AR,2026-08-02,13.4,28.0,19.2,64,10.8,IMD-synthetic
D-AR-01,Papum Pare,AR,2026-08-03,0.7,25.9,20.5,62,5.0,IMD-synthetic
D-AR-01,Papum Pare,AR,2026-08-04,5.0,25.5,17.0,64,13.2,IMD-synthetic
D-AR-01,Papum Pare,AR,2026-08-05,10.9,30.6,21.0,63,6.7,IMD-synthetic
D-AR-01,Papum Pare,AR,2026-08-06,17.9,30.6,25.1,75,16.1,IMD-synthetic
D-AR-01,Papum Pare,AR,2026-08-07,5.1,29.3,22.1,61,16.3,IMD-synthetic
D-AR-01,Papum Pare,AR,2026-08-08,8.0,25.6,18.7,60,10.5,IMD-synthetic
D-AR-01,Papum Pare,AR,2026-08-09,20.5,27.4,18.0,79,8.1,IMD-synthetic
D-AR-01,Papum Pare,AR,2026-08-10,15.1,30.1,20.3,69,11.6,IMD-synthetic
D-AR-01,Papum Pare,AR,2026-08-11,20.2,27.3,21.4,69,7.2,IMD-synthetic
D-AR-01,Papum Pare,AR,2026-08-12,3.6,26.9,21.9,64,19.2,IMD-synthetic
D-AR-01,Papum Pare,AR,2026-08-13,14.2,26.8,20.6,62,8.8,IMD-synthetic
D-AR-01,Papum Pare,AR,2026-08-14,5.4,28.4,19.8,69,21.4,IMD-synthetic
D-AR-01,Papum Pare,AR,2026-08-15,14.3,28.7,20.3,68,21.5,IMD-synthetic
D-AR-01,Papum Pare,AR,2026-08-16,1.2,28.0,22.8,56,4.9,IMD-synthetic
D-AR-01,Papum Pare,AR,2026-08-17,15.0,28.4,22.2,62,2.4,IMD-synthetic
D-AR-01,Papum Pare,AR,2026-08-18,14.4,24.9,17.6,63,25.2,IMD-synthetic
D-AR-01,Papum Pare,AR,2026-08-19,89.1,23.8,15.6,99,4.3,IMD-synthetic
D-AR-01,Papum Pare,AR,2026-08-20,47.5,28.6,22.2,95,11.6,IMD-synthetic
D-AR-01,Papum Pare,AR,2026-08-21,40.6,26.3,18.2,85,18.7,IMD-synthetic
D-AR-01,Papum Pare,AR,2026-08-22,37.7,29.5,19.7,80,11.0,IMD-synthetic
D-AR-01,Papum Pare,AR,2026-08-23,0.7,25.4,20.3,53,9.7,IMD-synthetic
D-AR-01,Papum Pare,AR,2026-08-24,10.9,25.9,19.9,72,10.9,IMD-synthetic
D-AR-01,Papum Pare,AR,2026-08-25,24.7,30.3,21.0,72,20.8,IMD-synthetic
D-AR-01,Papum Pare,AR,2026-08-26,23.6,25.1,18.5,77,21.5,IMD-synthetic
D-AR-01,Papum Pare,AR,2026-08-27,4.3,25.8,18.5,56,22.7,IMD-synthetic
D-AR-01,Papum Pare,AR,2026-08-28,22.2,30.5,23.4,73,4.9,IMD-synthetic
D-AR-01,Papum Pare,AR,2026-08-29,14.4,28.8,18.9,66,19.5,IMD-synthetic
D-AR-01,Papum Pare,AR,2026-08-30,6.6,26.7,21.3,64,22.9,IMD-synthetic
D-AR-01,Papum Pare,AR,2026-08-31,18.4,26.0,20.6,78,3.4,IMD-synthetic
D-AR-01,Papum Pare,AR,2026-09-01,44.8,26.6,19.2,88,21.5,IMD-synthetic
D-AR-01,Papum Pare,AR,2026-09-02,32.2,27.6,21.0,87,19.0,IMD-synthetic
D-AR-01,Papum Pare,AR,2026-09-03,14.7,25.5,19.8,75,11.3,IMD-synthetic
D-AR-01,Papum Pare,AR,2026-09-04,10.8,26.1,19.1,60,12.2,IMD-synthetic
D-AR-01,Papum Pare,AR,2026-09-05,16.5,28.3,22.8,70,4.6,IMD-synthetic
D-AR-01,Papum Pare,AR,2026-09-06,0.3,27.8,21.5,58,14.7,IMD-synthetic
D-AR-01,Papum Pare,AR,2026-09-07,2.1,28.3,21.5,56,11.5,IMD-synthetic
D-AR-01,Papum Pare,AR,2026-09-08,5.8,27.6,20.8,56,11.2,IMD-synthetic
D-AR-01,Papum Pare,AR,2026-09-09,3.4,26.2,20.3,58,16.6,IMD-synthetic
D-AR-01,Papum Pare,AR,2026-09-10,1.9,25.3,19.1,54,4.8,IMD-synthetic
D-AR-01,Papum Pare,AR,2026-09-11,10.0,26.3,18.6,62,23.2,IMD-synthetic
D-AR-01,Papum Pare,AR,2026-09-12,7.0,27.3,21.2,68,18.6,IMD-synthetic
D-AR-01,Papum Pare,AR,2026-09-13,3.0,26.3,18.1,63,8.9,IMD-synthetic
D-AR-01,Papum Pare,AR,2026-09-14,46.2,28.5,21.1,88,23.8,IMD-synthetic
D-AR-01,Papum Pare,AR,2026-09-15,22.0,26.6,21.3,70,23.6,IMD-synthetic
D-AR-01,Papum Pare,AR,2026-09-16,0.2,27.9,21.2,54,8.3,IMD-synthetic
D-AR-02,Tawang,AR,2026-05-20,62.6,9.8,3.0,99,2.0,IMD-synthetic
D-AR-02,Tawang,AR,2026-05-21,38.5,12.9,7.7,79,18.3,IMD-synthetic
D-AR-02,Tawang,AR,2026-05-22,25.8,11.7,4.2,80,20.6,IMD-synthetic
D-AR-02,Tawang,AR,2026-05-23,21.6,15.2,8.5,73,10.4,IMD-synthetic
D-AR-02,Tawang,AR,2026-05-24,12.9,12.0,4.7,72,9.2,IMD-synthetic
D-AR-02,Tawang,AR,2026-05-25,10.1,14.6,5.3,70,13.6,IMD-synthetic
D-AR-02,Tawang,AR,2026-05-26,10.1,14.4,8.7,64,7.3,IMD-synthetic
D-AR-02,Tawang,AR,2026-05-27,6.9,10.8,2.9,66,12.3,IMD-synthetic
D-AR-02,Tawang,AR,2026-05-28,1.7,16.2,9.3,54,8.6,IMD-synthetic
D-AR-02,Tawang,AR,2026-05-29,10.6,16.0,6.1,71,6.2,IMD-synthetic
D-AR-02,Tawang,AR,2026-05-30,6.8,12.6,4.7,69,8.6,IMD-synthetic
D-AR-02,Tawang,AR,2026-05-31,11.3,14.8,5.6,61,21.1,IMD-synthetic
D-AR-02,Tawang,AR,2026-06-01,23.6,12.4,6.8,68,24.3,IMD-synthetic
D-AR-02,Tawang,AR,2026-06-02,20.3,13.5,7.1,74,5.9,IMD-synthetic
D-AR-02,Tawang,AR,2026-06-03,1.9,12.5,5.2,56,21.8,IMD-synthetic
D-AR-02,Tawang,AR,2026-06-04,14.6,10.5,3.7,73,3.2,IMD-synthetic
D-AR-02,Tawang,AR,2026-06-05,26.2,15.0,7.5,83,15.5,IMD-synthetic
D-AR-02,Tawang,AR,2026-06-06,21.3,11.2,2.5,72,24.0,IMD-synthetic
D-AR-02,Tawang,AR,2026-06-07,1.0,16.3,10.1,62,11.3,IMD-synthetic
D-AR-02,Tawang,AR,2026-06-08,27.0,15.6,6.0,79,6.2,IMD-synthetic
D-AR-02,Tawang,AR,2026-06-09,26.1,15.1,9.4,81,8.0,IMD-synthetic
D-AR-02,Tawang,AR,2026-06-10,5.9,12.5,6.0,69,13.1,IMD-synthetic
D-AR-02,Tawang,AR,2026-06-11,23.3,15.4,9.9,75,18.7,IMD-synthetic
D-AR-02,Tawang,AR,2026-06-12,20.4,12.5,5.7,72,25.1,IMD-synthetic
D-AR-02,Tawang,AR,2026-06-13,27.2,10.4,1.6,72,5.4,IMD-synthetic
D-AR-02,Tawang,AR,2026-06-14,23.5,13.8,6.9,77,23.6,IMD-synthetic
D-AR-02,Tawang,AR,2026-06-15,1.6,15.8,10.2,62,13.1,IMD-synthetic
D-AR-02,Tawang,AR,2026-06-16,15.4,15.5,10.1,66,25.7,IMD-synthetic
D-AR-02,Tawang,AR,2026-06-17,17.7,15.4,7.6,74,22.7,IMD-synthetic
D-AR-02,Tawang,AR,2026-06-18,17.4,13.5,4.9,74,14.4,IMD-synthetic
D-AR-02,Tawang,AR,2026-06-19,28.8,11.1,1.6,81,5.7,IMD-synthetic
D-AR-02,Tawang,AR,2026-06-20,21.4,16.0,7.0,75,6.8,IMD-synthetic
D-AR-02,Tawang,AR,2026-06-21,86.0,10.0,4.5,99,13.4,IMD-synthetic
D-AR-02,Tawang,AR,2026-06-22,57.7,12.4,7.1,94,11.7,IMD-synthetic
D-AR-02,Tawang,AR,2026-06-23,24.5,15.4,7.7,80,18.4,IMD-synthetic
D-AR-02,Tawang,AR,2026-06-24,18.4,13.0,4.8,67,21.6,IMD-synthetic
D-AR-02,Tawang,AR,2026-06-25,5.1,15.1,7.4,62,9.0,IMD-synthetic
D-AR-02,Tawang,AR,2026-06-26,28.6,13.2,4.9,77,18.7,IMD-synthetic
D-AR-02,Tawang,AR,2026-06-27,12.4,13.1,8.0,67,15.5,IMD-synthetic
D-AR-02,Tawang,AR,2026-06-28,48.8,13.8,5.5,92,23.8,IMD-synthetic
D-AR-02,Tawang,AR,2026-06-29,41.7,10.9,1.5,87,2.2,IMD-synthetic
D-AR-02,Tawang,AR,2026-06-30,35.1,13.2,3.9,79,23.7,IMD-synthetic
D-AR-02,Tawang,AR,2026-07-01,16.7,11.5,5.7,72,15.5,IMD-synthetic
D-AR-02,Tawang,AR,2026-07-02,28.0,11.1,2.2,80,24.2,IMD-synthetic
D-AR-02,Tawang,AR,2026-07-03,85.4,15.1,7.1,99,19.0,IMD-synthetic
D-AR-02,Tawang,AR,2026-07-04,51.2,13.8,7.5,97,16.1,IMD-synthetic
D-AR-02,Tawang,AR,2026-07-05,53.9,13.3,4.2,90,2.7,IMD-synthetic
D-AR-02,Tawang,AR,2026-07-06,59.5,11.1,2.8,99,18.3,IMD-synthetic
D-AR-02,Tawang,AR,2026-07-07,7.5,15.2,5.6,68,4.5,IMD-synthetic
D-AR-02,Tawang,AR,2026-07-08,23.7,12.6,2.7,81,3.5,IMD-synthetic
D-AR-02,Tawang,AR,2026-07-09,1.2,15.2,8.0,58,17.2,IMD-synthetic
D-AR-02,Tawang,AR,2026-07-10,73.8,13.7,6.8,99,15.8,IMD-synthetic
D-AR-02,Tawang,AR,2026-07-11,39.9,11.6,4.4,83,6.8,IMD-synthetic
D-AR-02,Tawang,AR,2026-07-12,26.5,15.1,9.1,78,17.1,IMD-synthetic
D-AR-02,Tawang,AR,2026-07-13,6.6,15.5,6.0,61,11.8,IMD-synthetic
D-AR-02,Tawang,AR,2026-07-14,2.3,11.8,3.2,66,17.4,IMD-synthetic
D-AR-02,Tawang,AR,2026-07-15,27.1,13.7,6.3,75,16.8,IMD-synthetic
D-AR-02,Tawang,AR,2026-07-16,4.5,11.1,4.0,60,3.7,IMD-synthetic
D-AR-02,Tawang,AR,2026-07-17,72.2,10.2,4.0,99,9.9,IMD-synthetic
D-AR-02,Tawang,AR,2026-07-18,40.8,15.7,6.1,84,18.9,IMD-synthetic
D-AR-02,Tawang,AR,2026-07-19,35.1,15.4,5.6,77,15.8,IMD-synthetic
D-AR-02,Tawang,AR,2026-07-20,63.9,15.3,7.8,99,3.4,IMD-synthetic
D-AR-02,Tawang,AR,2026-07-21,3.6,13.5,3.9,58,2.7,IMD-synthetic
D-AR-02,Tawang,AR,2026-07-22,8.5,12.6,3.8,59,15.1,IMD-synthetic
D-AR-02,Tawang,AR,2026-07-23,30.1,14.2,4.8,76,3.7,IMD-synthetic
D-AR-02,Tawang,AR,2026-07-24,29.5,14.5,5.7,73,25.5,IMD-synthetic
D-AR-02,Tawang,AR,2026-07-25,19.5,14.1,8.7,73,24.7,IMD-synthetic
D-AR-02,Tawang,AR,2026-07-26,1.4,10.9,3.4,62,12.4,IMD-synthetic
D-AR-02,Tawang,AR,2026-07-27,27.7,16.1,11.0,72,20.6,IMD-synthetic
D-AR-02,Tawang,AR,2026-07-28,17.4,15.6,7.2,74,15.3,IMD-synthetic
D-AR-02,Tawang,AR,2026-07-29,100.5,11.6,4.5,99,12.5,IMD-synthetic
D-AR-02,Tawang,AR,2026-07-30,65.5,15.5,8.7,99,12.5,IMD-synthetic
D-AR-02,Tawang,AR,2026-07-31,34.7,11.5,3.6,79,19.9,IMD-synthetic
D-AR-02,Tawang,AR,2026-08-01,19.8,13.8,3.8,66,19.3,IMD-synthetic
D-AR-02,Tawang,AR,2026-08-02,1.9,11.5,5.6,53,10.4,IMD-synthetic
D-AR-02,Tawang,AR,2026-08-03,6.1,12.4,4.4,62,4.9,IMD-synthetic
D-AR-02,Tawang,AR,2026-08-04,90.2,10.5,2.0,99,23.5,IMD-synthetic
D-AR-02,Tawang,AR,2026-08-05,49.1,12.6,6.1,91,15.2,IMD-synthetic
D-AR-02,Tawang,AR,2026-08-06,49.4,11.4,1.9,91,15.0,IMD-synthetic
D-AR-02,Tawang,AR,2026-08-07,8.7,13.1,3.3,64,3.9,IMD-synthetic
D-AR-02,Tawang,AR,2026-08-08,21.0,13.5,7.0,74,4.9,IMD-synthetic
D-AR-02,Tawang,AR,2026-08-09,19.7,10.6,4.4,71,20.3,IMD-synthetic
D-AR-02,Tawang,AR,2026-08-10,0.5,15.7,9.3,60,9.2,IMD-synthetic
D-AR-02,Tawang,AR,2026-08-11,1.5,15.8,8.9,53,11.2,IMD-synthetic
D-AR-02,Tawang,AR,2026-08-12,5.6,12.9,4.6,63,17.8,IMD-synthetic
D-AR-02,Tawang,AR,2026-08-13,90.2,14.7,5.9,99,21.9,IMD-synthetic
D-AR-02,Tawang,AR,2026-08-14,32.3,14.7,8.6,74,19.4,IMD-synthetic
D-AR-02,Tawang,AR,2026-08-15,42.4,15.2,6.3,94,20.1,IMD-synthetic
D-AR-02,Tawang,AR,2026-08-16,13.8,16.2,6.5,65,25.8,IMD-synthetic
D-AR-02,Tawang,AR,2026-08-17,10.6,14.9,6.1,63,25.0,IMD-synthetic
D-AR-02,Tawang,AR,2026-08-18,24.8,11.8,2.3,73,18.4,IMD-synthetic
D-AR-02,Tawang,AR,2026-08-19,24.9,14.9,8.4,77,2.9,IMD-synthetic
D-AR-02,Tawang,AR,2026-08-20,6.7,12.1,3.8,67,2.3,IMD-synthetic
D-AR-02,Tawang,AR,2026-08-21,16.5,15.5,6.3,69,2.4,IMD-synthetic
D-AR-02,Tawang,AR,2026-08-22,91.7,12.1,2.9,99,3.4,IMD-synthetic
D-AR-02,Tawang,AR,2026-08-23,51.3,11.5,3.4,92,3.5,IMD-synthetic
D-AR-02,Tawang,AR,2026-08-24,19.1,12.1,2.8,67,17.1,IMD-synthetic
D-AR-02,Tawang,AR,2026-08-25,15.4,10.8,5.2,63,18.4,IMD-synthetic
D-AR-02,Tawang,AR,2026-08-26,14.5,10.7,2.1,63,19.1,IMD-synthetic
D-AR-02,Tawang,AR,2026-08-27,6.4,14.7,5.4,61,19.2,IMD-synthetic
D-AR-02,Tawang,AR,2026-08-28,8.7,11.1,3.9,65,7.7,IMD-synthetic
D-AR-02,Tawang,AR,2026-08-29,9.3,15.5,8.4,67,23.0,IMD-synthetic
D-AR-02,Tawang,AR,2026-08-30,8.2,15.3,8.6,63,17.6,IMD-synthetic
D-AR-02,Tawang,AR,2026-08-31,24.3,14.1,8.3,69,24.3,IMD-synthetic
D-AR-02,Tawang,AR,2026-09-01,0.4,14.4,5.4,59,20.7,IMD-synthetic
D-AR-02,Tawang,AR,2026-09-02,10.1,12.6,6.5,70,2.8,IMD-synthetic
D-AR-02,Tawang,AR,2026-09-03,6.6,16.6,11.2,57,24.5,IMD-synthetic
D-AR-02,Tawang,AR,2026-09-04,8.7,14.0,6.3,63,19.6,IMD-synthetic
D-AR-02,Tawang,AR,2026-09-05,9.1,10.9,3.5,65,12.6,IMD-synthetic
D-AR-02,Tawang,AR,2026-09-06,14.5,12.3,6.1,65,20.4,IMD-synthetic
D-AR-02,Tawang,AR,2026-09-07,7.9,15.1,9.5,60,19.6,IMD-synthetic
D-AR-02,Tawang,AR,2026-09-08,6.3,12.7,5.2,69,17.7,IMD-synthetic
D-AR-02,Tawang,AR,2026-09-09,7.8,13.1,5.3,69,5.0,IMD-synthetic
D-AR-02,Tawang,AR,2026-09-10,13.5,13.0,5.1,63,8.2,IMD-synthetic
D-AR-02,Tawang,AR,2026-09-11,5.4,11.1,4.0,69,15.8,IMD-synthetic
D-AR-02,Tawang,AR,2026-09-12,13.4,15.9,6.5,61,4.9,IMD-synthetic
D-AR-02,Tawang,AR,2026-09-13,9.6,16.2,7.5,60,2.8,IMD-synthetic
D-AR-02,Tawang,AR,2026-09-14,12.0,16.5,10.8,72,24.0,IMD-synthetic
D-AR-02,Tawang,AR,2026-09-15,6.1,13.0,5.2,66,4.9,IMD-synthetic
D-AR-02,Tawang,AR,2026-09-16,15.6,14.0,5.9,76,3.1,IMD-synthetic
D-AR-03,West Kameng,AR,2026-05-20,6.9,16.8,9.8,63,22.0,IMD-synthetic
D-AR-03,West Kameng,AR,2026-05-21,9.3,14.9,9.0,69,24.0,IMD-synthetic
D-AR-03,West Kameng,AR,2026-05-22,1.6,19.6,11.6,58,17.6,IMD-synthetic
D-AR-03,West Kameng,AR,2026-05-23,8.5,17.1,9.2,71,4.3,IMD-synthetic
D-AR-03,West Kameng,AR,2026-05-24,6.6,17.5,8.0,64,22.3,IMD-synthetic
D-AR-03,West Kameng,AR,2026-05-25,6.3,16.0,10.1,58,21.5,IMD-synthetic
D-AR-03,West Kameng,AR,2026-05-26,19.2,15.2,7.6,73,16.8,IMD-synthetic
D-AR-03,West Kameng,AR,2026-05-27,5.5,14.8,8.4,61,23.2,IMD-synthetic
D-AR-03,West Kameng,AR,2026-05-28,17.8,19.9,11.1,77,18.0,IMD-synthetic
D-AR-03,West Kameng,AR,2026-05-29,4.0,19.2,10.4,55,23.7,IMD-synthetic
D-AR-03,West Kameng,AR,2026-05-30,10.5,18.8,13.8,71,2.6,IMD-synthetic
D-AR-03,West Kameng,AR,2026-05-31,18.3,17.3,8.6,72,21.9,IMD-synthetic
D-AR-03,West Kameng,AR,2026-06-01,3.3,18.4,9.2,60,12.4,IMD-synthetic
D-AR-03,West Kameng,AR,2026-06-02,25.8,19.7,11.0,71,10.5,IMD-synthetic
D-AR-03,West Kameng,AR,2026-06-03,94.0,14.6,7.1,99,17.1,IMD-synthetic
D-AR-03,West Kameng,AR,2026-06-04,47.0,18.1,9.6,89,24.2,IMD-synthetic
D-AR-03,West Kameng,AR,2026-06-05,27.8,18.5,11.9,83,17.9,IMD-synthetic
D-AR-03,West Kameng,AR,2026-06-06,1.1,18.0,13.0,54,11.0,IMD-synthetic
D-AR-03,West Kameng,AR,2026-06-07,20.1,15.5,9.7,77,19.6,IMD-synthetic
D-AR-03,West Kameng,AR,2026-06-08,5.9,19.4,9.6,68,20.0,IMD-synthetic
D-AR-03,West Kameng,AR,2026-06-09,78.6,16.6,8.1,99,18.5,IMD-synthetic
D-AR-03,West Kameng,AR,2026-06-10,50.4,17.2,11.0,92,14.7,IMD-synthetic
D-AR-03,West Kameng,AR,2026-06-11,26.2,18.8,9.4,79,13.8,IMD-synthetic
D-AR-03,West Kameng,AR,2026-06-12,17.8,17.2,10.7,67,25.1,IMD-synthetic
D-AR-03,West Kameng,AR,2026-06-13,22.8,16.4,9.2,71,12.2,IMD-synthetic
D-AR-03,West Kameng,AR,2026-06-14,28.5,17.7,11.0,77,5.1,IMD-synthetic
D-AR-03,West Kameng,AR,2026-06-15,25.0,19.0,11.0,79,2.7,IMD-synthetic
D-AR-03,West Kameng,AR,2026-06-16,6.4,19.2,12.2,64,9.8,IMD-synthetic
D-AR-03,West Kameng,AR,2026-06-17,12.3,18.9,11.8,64,3.3,IMD-synthetic
D-AR-03,West Kameng,AR,2026-06-18,6.5,17.9,12.7,62,7.3,IMD-synthetic
D-AR-03,West Kameng,AR,2026-06-19,16.0,18.6,13.0,76,16.7,IMD-synthetic
D-AR-03,West Kameng,AR,2026-06-20,16.1,19.7,14.6,68,20.7,IMD-synthetic
D-AR-03,West Kameng,AR,2026-06-21,10.5,18.6,13.3,60,7.1,IMD-synthetic
D-AR-03,West Kameng,AR,2026-06-22,29.4,18.8,11.8,82,9.0,IMD-synthetic
D-AR-03,West Kameng,AR,2026-06-23,11.1,16.5,8.7,63,2.3,IMD-synthetic
D-AR-03,West Kameng,AR,2026-06-24,22.5,17.0,9.5,78,3.0,IMD-synthetic
D-AR-03,West Kameng,AR,2026-06-25,0.7,18.0,9.6,52,20.0,IMD-synthetic
D-AR-03,West Kameng,AR,2026-06-26,11.3,16.4,7.3,72,22.7,IMD-synthetic
D-AR-03,West Kameng,AR,2026-06-27,93.7,17.2,10.1,99,21.9,IMD-synthetic
D-AR-03,West Kameng,AR,2026-06-28,50.1,14.3,5.6,98,6.7,IMD-synthetic
D-AR-03,West Kameng,AR,2026-06-29,50.1,15.3,8.7,94,2.6,IMD-synthetic
D-AR-03,West Kameng,AR,2026-06-30,39.0,14.8,8.5,88,13.3,IMD-synthetic
D-AR-03,West Kameng,AR,2026-07-01,3.0,20.0,12.2,60,23.8,IMD-synthetic
D-AR-03,West Kameng,AR,2026-07-02,8.0,14.2,6.7,63,10.9,IMD-synthetic
D-AR-03,West Kameng,AR,2026-07-03,3.5,15.5,5.6,60,7.6,IMD-synthetic
D-AR-03,West Kameng,AR,2026-07-04,18.4,17.8,11.1,76,25.4,IMD-synthetic
D-AR-03,West Kameng,AR,2026-07-05,5.5,19.3,11.9,59,5.4,IMD-synthetic
D-AR-03,West Kameng,AR,2026-07-06,15.4,18.3,10.5,66,20.4,IMD-synthetic
D-AR-03,West Kameng,AR,2026-07-07,10.1,16.1,10.3,63,15.6,IMD-synthetic
D-AR-03,West Kameng,AR,2026-07-08,0.2,18.4,9.6,63,15.1,IMD-synthetic
D-AR-03,West Kameng,AR,2026-07-09,21.2,15.8,7.3,74,22.6,IMD-synthetic
D-AR-03,West Kameng,AR,2026-07-10,2.7,14.8,6.3,59,20.2,IMD-synthetic
D-AR-03,West Kameng,AR,2026-07-11,24.4,14.8,7.6,82,2.9,IMD-synthetic
D-AR-03,West Kameng,AR,2026-07-12,5.6,18.9,11.5,66,15.1,IMD-synthetic
D-AR-03,West Kameng,AR,2026-07-13,9.7,16.7,10.2,71,18.2,IMD-synthetic
D-AR-03,West Kameng,AR,2026-07-14,20.0,16.1,7.8,67,14.6,IMD-synthetic
D-AR-03,West Kameng,AR,2026-07-15,20.0,18.2,10.6,69,13.1,IMD-synthetic
D-AR-03,West Kameng,AR,2026-07-16,30.2,18.0,8.7,75,14.6,IMD-synthetic
D-AR-03,West Kameng,AR,2026-07-17,0.3,16.7,10.9,53,25.4,IMD-synthetic
D-AR-03,West Kameng,AR,2026-07-18,6.1,18.3,10.6,60,3.5,IMD-synthetic
D-AR-03,West Kameng,AR,2026-07-19,5.1,16.2,8.4,58,17.1,IMD-synthetic
D-AR-03,West Kameng,AR,2026-07-20,8.9,19.0,9.7,66,9.3,IMD-synthetic
D-AR-03,West Kameng,AR,2026-07-21,13.1,15.5,7.8,70,3.9,IMD-synthetic
D-AR-03,West Kameng,AR,2026-07-22,23.8,15.5,9.2,70,21.1,IMD-synthetic
D-AR-03,West Kameng,AR,2026-07-23,25.0,15.8,6.9,77,8.7,IMD-synthetic
D-AR-03,West Kameng,AR,2026-07-24,28.4,17.8,10.4,74,20.8,IMD-synthetic
D-AR-03,West Kameng,AR,2026-07-25,3.0,19.0,13.3,56,23.0,IMD-synthetic
D-AR-03,West Kameng,AR,2026-07-26,29.2,14.0,6.4,78,18.0,IMD-synthetic
D-AR-03,West Kameng,AR,2026-07-27,16.3,14.6,6.8,68,11.3,IMD-synthetic
D-AR-03,West Kameng,AR,2026-07-28,10.2,17.2,9.5,71,22.2,IMD-synthetic
D-AR-03,West Kameng,AR,2026-07-29,30.8,18.7,10.1,85,15.5,IMD-synthetic
D-AR-03,West Kameng,AR,2026-07-30,25.7,17.9,10.1,76,10.4,IMD-synthetic
D-AR-03,West Kameng,AR,2026-07-31,111.9,17.0,10.3,99,16.8,IMD-synthetic
D-AR-03,West Kameng,AR,2026-08-01,49.6,18.9,12.9,91,24.4,IMD-synthetic
D-AR-03,West Kameng,AR,2026-08-02,52.9,14.5,7.7,91,16.1,IMD-synthetic
D-AR-03,West Kameng,AR,2026-08-03,22.7,19.3,11.8,68,8.6,IMD-synthetic
D-AR-03,West Kameng,AR,2026-08-04,16.0,16.3,6.3,73,8.6,IMD-synthetic
D-AR-03,West Kameng,AR,2026-08-05,84.0,18.0,8.4,99,17.2,IMD-synthetic
D-AR-03,West Kameng,AR,2026-08-06,38.7,16.4,7.0,89,21.4,IMD-synthetic
D-AR-03,West Kameng,AR,2026-08-07,26.0,14.0,4.5,72,19.7,IMD-synthetic
D-AR-03,West Kameng,AR,2026-08-08,49.4,14.2,7.1,98,3.3,IMD-synthetic
D-AR-03,West Kameng,AR,2026-08-09,1.6,14.8,7.1,66,6.7,IMD-synthetic
D-AR-03,West Kameng,AR,2026-08-10,0.4,19.2,10.0,56,19.0,IMD-synthetic
D-AR-03,West Kameng,AR,2026-08-11,14.6,19.6,12.0,75,11.7,IMD-synthetic
D-AR-03,West Kameng,AR,2026-08-12,16.7,14.3,5.2,70,19.5,IMD-synthetic
D-AR-03,West Kameng,AR,2026-08-13,41.4,17.2,8.8,86,17.2,IMD-synthetic
D-AR-03,West Kameng,AR,2026-08-14,48.6,19.1,12.5,93,4.8,IMD-synthetic
D-AR-03,West Kameng,AR,2026-08-15,38.1,18.6,13.2,91,4.1,IMD-synthetic
D-AR-03,West Kameng,AR,2026-08-16,4.6,14.7,8.1,63,2.5,IMD-synthetic
D-AR-03,West Kameng,AR,2026-08-17,0.3,18.0,10.7,64,24.6,IMD-synthetic
D-AR-03,West Kameng,AR,2026-08-18,17.0,19.6,10.3,74,19.7,IMD-synthetic
D-AR-03,West Kameng,AR,2026-08-19,9.5,15.8,9.4,66,11.9,IMD-synthetic
D-AR-03,West Kameng,AR,2026-08-20,6.8,15.3,5.4,60,12.6,IMD-synthetic
D-AR-03,West Kameng,AR,2026-08-21,8.9,16.3,7.4,65,21.9,IMD-synthetic
D-AR-03,West Kameng,AR,2026-08-22,4.3,19.8,11.9,57,15.6,IMD-synthetic
D-AR-03,West Kameng,AR,2026-08-23,10.8,17.9,9.5,63,10.2,IMD-synthetic
D-AR-03,West Kameng,AR,2026-08-24,13.8,18.4,12.1,68,7.1,IMD-synthetic
D-AR-03,West Kameng,AR,2026-08-25,6.5,19.6,12.0,65,13.4,IMD-synthetic
D-AR-03,West Kameng,AR,2026-08-26,8.1,17.5,9.2,70,9.7,IMD-synthetic
D-AR-03,West Kameng,AR,2026-08-27,9.0,19.5,13.7,64,10.1,IMD-synthetic
D-AR-03,West Kameng,AR,2026-08-28,4.7,16.3,10.5,62,20.0,IMD-synthetic
D-AR-03,West Kameng,AR,2026-08-29,15.4,17.5,9.0,73,13.4,IMD-synthetic
D-AR-03,West Kameng,AR,2026-08-30,18.1,17.5,10.1,70,3.0,IMD-synthetic
D-AR-03,West Kameng,AR,2026-08-31,5.8,19.7,10.1,57,12.2,IMD-synthetic
D-AR-03,West Kameng,AR,2026-09-01,10.0,17.6,11.8,61,9.2,IMD-synthetic
D-AR-03,West Kameng,AR,2026-09-02,12.1,17.2,7.4,68,5.3,IMD-synthetic
D-AR-03,West Kameng,AR,2026-09-03,13.7,14.3,8.8,72,5.4,IMD-synthetic
D-AR-03,West Kameng,AR,2026-09-04,6.9,16.9,8.6,59,6.1,IMD-synthetic
D-AR-03,West Kameng,AR,2026-09-05,3.2,19.3,12.1,64,5.7,IMD-synthetic
D-AR-03,West Kameng,AR,2026-09-06,13.4,14.0,8.2,62,15.2,IMD-synthetic
D-AR-03,West Kameng,AR,2026-09-07,3.7,17.0,10.1,61,7.8,IMD-synthetic
D-AR-03,West Kameng,AR,2026-09-08,6.7,16.0,6.3,62,9.9,IMD-synthetic
D-AR-03,West Kameng,AR,2026-09-09,11.7,19.3,11.3,67,10.3,IMD-synthetic
D-AR-03,West Kameng,AR,2026-09-10,16.8,14.1,4.7,66,7.6,IMD-synthetic
D-AR-03,West Kameng,AR,2026-09-11,8.7,14.1,6.1,63,3.9,IMD-synthetic
D-AR-03,West Kameng,AR,2026-09-12,8.7,14.3,7.8,59,11.2,IMD-synthetic
D-AR-03,West Kameng,AR,2026-09-13,2.6,16.0,7.6,60,8.3,IMD-synthetic
D-AR-03,West Kameng,AR,2026-09-14,3.1,16.6,9.0,55,21.3,IMD-synthetic
D-AR-03,West Kameng,AR,2026-09-15,12.7,17.9,10.9,72,5.9,IMD-synthetic
D-AR-03,West Kameng,AR,2026-09-16,8.8,18.2,13.1,67,18.1,IMD-synthetic
D-AR-04,Lower Subansiri,AR,2026-05-20,1.1,21.4,12.7,54,21.4,IMD-synthetic
D-AR-04,Lower Subansiri,AR,2026-05-21,9.7,23.4,14.8,70,25.3,IMD-synthetic
D-AR-04,Lower Subansiri,AR,2026-05-22,3.5,21.4,12.6,66,3.9,IMD-synthetic
D-AR-04,Lower Subansiri,AR,2026-05-23,55.4,19.2,10.1,99,12.9,IMD-synthetic
D-AR-04,Lower Subansiri,AR,2026-05-24,20.5,20.2,14.6,73,10.8,IMD-synthetic
D-AR-04,Lower Subansiri,AR,2026-05-25,38.8,22.4,16.1,83,9.1,IMD-synthetic
D-AR-04,Lower Subansiri,AR,2026-05-26,37.3,21.5,15.6,83,2.4,IMD-synthetic
D-AR-04,Lower Subansiri,AR,2026-05-27,12.3,22.3,15.5,61,19.7,IMD-synthetic
D-AR-04,Lower Subansiri,AR,2026-05-28,1.6,19.4,10.8,61,12.3,IMD-synthetic
D-AR-04,Lower Subansiri,AR,2026-05-29,18.9,22.7,16.5,76,22.0,IMD-synthetic
D-AR-04,Lower Subansiri,AR,2026-05-30,10.2,21.5,16.1,64,5.5,IMD-synthetic
D-AR-04,Lower Subansiri,AR,2026-05-31,12.4,24.0,17.1,74,3.9,IMD-synthetic
D-AR-04,Lower Subansiri,AR,2026-06-01,22.3,21.1,16.0,80,8.2,IMD-synthetic
D-AR-04,Lower Subansiri,AR,2026-06-02,26.3,23.5,16.3,72,6.6,IMD-synthetic
D-AR-04,Lower Subansiri,AR,2026-06-03,9.0,21.8,12.5,61,21.2,IMD-synthetic
D-AR-04,Lower Subansiri,AR,2026-06-04,14.1,23.2,16.0,72,20.7,IMD-synthetic
D-AR-04,Lower Subansiri,AR,2026-06-05,20.0,22.2,12.7,75,8.5,IMD-synthetic
D-AR-04,Lower Subansiri,AR,2026-06-06,0.6,21.4,15.8,56,16.4,IMD-synthetic
D-AR-04,Lower Subansiri,AR,2026-06-07,9.5,20.1,15.0,63,3.5,IMD-synthetic
D-AR-04,Lower Subansiri,AR,2026-06-08,21.2,23.5,15.6,75,9.9,IMD-synthetic
D-AR-04,Lower Subansiri,AR,2026-06-09,27.7,18.5,11.8,76,12.7,IMD-synthetic
D-AR-04,Lower Subansiri,AR,2026-06-10,22.1,19.8,11.3,76,8.1,IMD-synthetic
D-AR-04,Lower Subansiri,AR,2026-06-11,109.7,20.9,13.1,99,7.0,IMD-synthetic
D-AR-04,Lower Subansiri,AR,2026-06-12,62.8,20.1,13.6,99,18.2,IMD-synthetic
D-AR-04,Lower Subansiri,AR,2026-06-13,30.8,22.1,16.3,78,12.4,IMD-synthetic
D-AR-04,Lower Subansiri,AR,2026-06-14,63.2,18.0,8.1,99,13.8,IMD-synthetic
D-AR-04,Lower Subansiri,AR,2026-06-15,27.5,19.2,11.2,83,4.3,IMD-synthetic
D-AR-04,Lower Subansiri,AR,2026-06-16,29.6,21.8,15.9,74,20.7,IMD-synthetic
D-AR-04,Lower Subansiri,AR,2026-06-17,12.0,21.1,12.3,66,16.4,IMD-synthetic
D-AR-04,Lower Subansiri,AR,2026-06-18,10.8,19.4,10.0,73,20.3,IMD-synthetic
D-AR-04,Lower Subansiri,AR,2026-06-19,16.0,21.0,11.7,70,13.1,IMD-synthetic
D-AR-04,Lower Subansiri,AR,2026-06-20,13.4,24.2,18.3,65,14.8,IMD-synthetic
D-AR-04,Lower Subansiri,AR,2026-06-21,13.8,19.7,10.2,67,17.7,IMD-synthetic
D-AR-04,Lower Subansiri,AR,2026-06-22,12.2,22.5,14.4,62,16.9,IMD-synthetic
D-AR-04,Lower Subansiri,AR,2026-06-23,17.9,23.0,13.3,69,8.0,IMD-synthetic
D-AR-04,Lower Subansiri,AR,2026-06-24,14.1,19.2,12.3,72,23.2,IMD-synthetic
D-AR-04,Lower Subansiri,AR,2026-06-25,16.5,23.8,14.5,65,10.9,IMD-synthetic
D-AR-04,Lower Subansiri,AR,2026-06-26,5.2,24.4,14.8,60,9.0,IMD-synthetic
D-AR-04,Lower Subansiri,AR,2026-06-27,6.2,21.6,15.4,64,25.8,IMD-synthetic
D-AR-04,Lower Subansiri,AR,2026-06-28,29.0,21.4,15.8,80,10.0,IMD-synthetic
D-AR-04,Lower Subansiri,AR,2026-06-29,4.7,21.6,11.8,55,2.8,IMD-synthetic
D-AR-04,Lower Subansiri,AR,2026-06-30,25.9,24.4,15.1,71,12.0,IMD-synthetic
D-AR-04,Lower Subansiri,AR,2026-07-01,23.3,19.2,10.3,77,14.8,IMD-synthetic
D-AR-04,Lower Subansiri,AR,2026-07-02,109.9,17.4,8.3,99,19.4,IMD-synthetic
D-AR-04,Lower Subansiri,AR,2026-07-03,34.0,20.7,11.1,84,12.6,IMD-synthetic
D-AR-04,Lower Subansiri,AR,2026-07-04,61.5,18.5,9.3,99,15.9,IMD-synthetic
D-AR-04,Lower Subansiri,AR,2026-07-05,23.5,20.7,12.4,70,7.8,IMD-synthetic
D-AR-04,Lower Subansiri,AR,2026-07-06,8.6,20.7,12.2,64,19.0,IMD-synthetic
D-AR-04,Lower Subansiri,AR,2026-07-07,24.7,20.5,12.1,73,12.8,IMD-synthetic
D-AR-04,Lower Subansiri,AR,2026-07-08,9.0,19.0,13.3,65,2.6,IMD-synthetic
D-AR-04,Lower Subansiri,AR,2026-07-09,18.4,22.9,16.4,74,15.6,IMD-synthetic
D-AR-04,Lower Subansiri,AR,2026-07-10,23.2,22.6,16.8,79,5.1,IMD-synthetic
D-AR-04,Lower Subansiri,AR,2026-07-11,28.0,20.0,13.9,83,16.0,IMD-synthetic
D-AR-04,Lower Subansiri,AR,2026-07-12,0.4,21.1,13.6,64,14.4,IMD-synthetic
D-AR-04,Lower Subansiri,AR,2026-07-13,29.3,24.2,16.0,80,14.0,IMD-synthetic
D-AR-04,Lower Subansiri,AR,2026-07-14,12.3,24.2,16.0,72,13.6,IMD-synthetic
D-AR-04,Lower Subansiri,AR,2026-07-15,12.4,22.7,17.4,63,7.0,IMD-synthetic
D-AR-04,Lower Subansiri,AR,2026-07-16,19.8,22.9,17.3,68,14.0,IMD-synthetic
D-AR-04,Lower Subansiri,AR,2026-07-17,20.8,18.6,9.9,78,20.9,IMD-synthetic
D-AR-04,Lower Subansiri,AR,2026-07-18,24.2,20.7,15.5,77,24.8,IMD-synthetic
D-AR-04,Lower Subansiri,AR,2026-07-19,8.8,24.5,15.3,65,3.9,IMD-synthetic
D-AR-04,Lower Subansiri,AR,2026-07-20,14.6,21.8,15.6,73,6.4,IMD-synthetic
D-AR-04,Lower Subansiri,AR,2026-07-21,27.9,19.8,11.2,74,25.5,IMD-synthetic
D-AR-04,Lower Subansiri,AR,2026-07-22,9.0,23.2,14.5,71,23.7,IMD-synthetic
D-AR-04,Lower Subansiri,AR,2026-07-23,9.9,20.0,13.8,69,13.5,IMD-synthetic
D-AR-04,Lower Subansiri,AR,2026-07-24,28.7,18.7,9.7,73,13.5,IMD-synthetic
D-AR-04,Lower Subansiri,AR,2026-07-25,15.5,19.2,11.3,71,9.2,IMD-synthetic
D-AR-04,Lower Subansiri,AR,2026-07-26,112.3,17.7,8.3,99,6.7,IMD-synthetic
D-AR-04,Lower Subansiri,AR,2026-07-27,62.1,21.5,14.2,95,20.1,IMD-synthetic
D-AR-04,Lower Subansiri,AR,2026-07-28,54.6,20.9,15.0,97,14.3,IMD-synthetic
D-AR-04,Lower Subansiri,AR,2026-07-29,9.8,23.9,17.7,62,15.5,IMD-synthetic
D-AR-04,Lower Subansiri,AR,2026-07-30,14.3,24.5,14.8,68,9.7,IMD-synthetic
D-AR-04,Lower Subansiri,AR,2026-07-31,15.3,19.6,14.3,68,9.3,IMD-synthetic
D-AR-04,Lower Subansiri,AR,2026-08-01,11.1,22.5,14.8,62,20.7,IMD-synthetic
D-AR-04,Lower Subansiri,AR,2026-08-02,5.3,21.8,15.2,63,4.5,IMD-synthetic
D-AR-04,Lower Subansiri,AR,2026-08-03,15.2,22.1,16.3,64,20.4,IMD-synthetic
D-AR-04,Lower Subansiri,AR,2026-08-04,21.3,22.2,16.4,80,25.5,IMD-synthetic
D-AR-04,Lower Subansiri,AR,2026-08-05,19.7,23.2,16.9,78,13.3,IMD-synthetic
D-AR-04,Lower Subansiri,AR,2026-08-06,7.6,19.6,12.9,62,19.9,IMD-synthetic
D-AR-04,Lower Subansiri,AR,2026-08-07,10.6,21.1,14.0,70,11.7,IMD-synthetic
D-AR-04,Lower Subansiri,AR,2026-08-08,8.8,23.6,13.7,68,2.5,IMD-synthetic
D-AR-04,Lower Subansiri,AR,2026-08-09,5.2,23.1,16.6,60,9.7,IMD-synthetic
D-AR-04,Lower Subansiri,AR,2026-08-10,8.1,22.1,16.1,60,14.1,IMD-synthetic
D-AR-04,Lower Subansiri,AR,2026-08-11,2.7,20.3,13.7,60,19.3,IMD-synthetic
D-AR-04,Lower Subansiri,AR,2026-08-12,24.2,18.8,10.5,78,23.8,IMD-synthetic
D-AR-04,Lower Subansiri,AR,2026-08-13,7.0,22.4,15.5,58,17.4,IMD-synthetic
D-AR-04,Lower Subansiri,AR,2026-08-14,9.2,24.3,18.7,60,20.0,IMD-synthetic
D-AR-04,Lower Subansiri,AR,2026-08-15,19.4,21.1,15.3,67,9.2,IMD-synthetic
D-AR-04,Lower Subansiri,AR,2026-08-16,2.2,20.3,12.4,64,8.3,IMD-synthetic
D-AR-04,Lower Subansiri,AR,2026-08-17,7.3,18.9,10.0,58,20.9,IMD-synthetic
D-AR-04,Lower Subansiri,AR,2026-08-18,7.8,23.9,14.4,63,23.2,IMD-synthetic
D-AR-04,Lower Subansiri,AR,2026-08-19,11.7,21.5,14.8,69,18.9,IMD-synthetic
D-AR-04,Lower Subansiri,AR,2026-08-20,18.7,18.7,13.1,70,11.5,IMD-synthetic
D-AR-04,Lower Subansiri,AR,2026-08-21,1.2,22.0,12.4,60,2.4,IMD-synthetic
D-AR-04,Lower Subansiri,AR,2026-08-22,0.8,21.9,12.9,63,13.8,IMD-synthetic
D-AR-04,Lower Subansiri,AR,2026-08-23,15.8,23.0,15.2,76,20.7,IMD-synthetic
D-AR-04,Lower Subansiri,AR,2026-08-24,19.9,23.6,18.2,78,16.6,IMD-synthetic
D-AR-04,Lower Subansiri,AR,2026-08-25,18.8,23.2,16.0,69,12.8,IMD-synthetic
D-AR-04,Lower Subansiri,AR,2026-08-26,18.4,22.5,17.1,73,10.2,IMD-synthetic
D-AR-04,Lower Subansiri,AR,2026-08-27,17.3,23.5,16.3,64,15.8,IMD-synthetic
D-AR-04,Lower Subansiri,AR,2026-08-28,40.0,19.6,12.5,83,7.3,IMD-synthetic
D-AR-04,Lower Subansiri,AR,2026-08-29,43.9,20.1,12.8,92,20.5,IMD-synthetic
D-AR-04,Lower Subansiri,AR,2026-08-30,41.1,20.3,10.9,92,5.7,IMD-synthetic
D-AR-04,Lower Subansiri,AR,2026-08-31,5.1,19.9,14.8,63,22.3,IMD-synthetic
D-AR-04,Lower Subansiri,AR,2026-09-01,9.4,24.5,17.9,62,7.5,IMD-synthetic
D-AR-04,Lower Subansiri,AR,2026-09-02,5.3,21.4,15.0,68,7.2,IMD-synthetic
D-AR-04,Lower Subansiri,AR,2026-09-03,2.4,24.3,17.1,65,11.0,IMD-synthetic
D-AR-04,Lower Subansiri,AR,2026-09-04,12.9,23.1,16.2,67,11.6,IMD-synthetic
D-AR-04,Lower Subansiri,AR,2026-09-05,6.6,23.7,18.2,59,23.9,IMD-synthetic
D-AR-04,Lower Subansiri,AR,2026-09-06,2.1,23.4,17.8,60,16.5,IMD-synthetic
D-AR-04,Lower Subansiri,AR,2026-09-07,5.5,20.0,10.1,67,10.6,IMD-synthetic
D-AR-04,Lower Subansiri,AR,2026-09-08,1.9,21.6,16.6,64,11.6,IMD-synthetic
D-AR-04,Lower Subansiri,AR,2026-09-09,6.1,24.5,15.3,62,22.3,IMD-synthetic
D-AR-04,Lower Subansiri,AR,2026-09-10,17.3,19.1,10.9,69,13.3,IMD-synthetic
D-AR-04,Lower Subansiri,AR,2026-09-11,4.8,22.7,16.1,57,8.0,IMD-synthetic
D-AR-04,Lower Subansiri,AR,2026-09-12,2.2,19.8,11.3,64,3.5,IMD-synthetic
D-AR-04,Lower Subansiri,AR,2026-09-13,15.0,22.6,15.7,68,5.8,IMD-synthetic
D-AR-04,Lower Subansiri,AR,2026-09-14,16.2,24.4,15.7,74,6.4,IMD-synthetic
D-AR-04,Lower Subansiri,AR,2026-09-15,1.9,19.8,12.3,57,17.0,IMD-synthetic
D-AR-04,Lower Subansiri,AR,2026-09-16,4.6,20.7,11.8,59,23.3,IMD-synthetic
D-AR-05,East Siang,AR,2026-05-20,69.1,25.8,18.9,99,14.6,IMD-synthetic
D-AR-05,East Siang,AR,2026-05-21,22.9,26.4,16.9,69,25.7,IMD-synthetic
D-AR-05,East Siang,AR,2026-05-22,9.2,32.4,23.1,65,5.2,IMD-synthetic
D-AR-05,East Siang,AR,2026-05-23,12.4,28.3,21.0,73,5.1,IMD-synthetic
D-AR-05,East Siang,AR,2026-05-24,7.1,30.2,21.6,63,20.0,IMD-synthetic
D-AR-05,East Siang,AR,2026-05-25,3.8,27.9,22.3,67,7.4,IMD-synthetic
D-AR-05,East Siang,AR,2026-05-26,60.8,27.3,19.2,98,8.0,IMD-synthetic
D-AR-05,East Siang,AR,2026-05-27,35.4,27.9,19.3,83,16.2,IMD-synthetic
D-AR-05,East Siang,AR,2026-05-28,19.2,27.9,18.4,70,11.0,IMD-synthetic
D-AR-05,East Siang,AR,2026-05-29,14.3,31.5,22.8,73,17.2,IMD-synthetic
D-AR-05,East Siang,AR,2026-05-30,19.0,26.4,18.2,76,7.7,IMD-synthetic
D-AR-05,East Siang,AR,2026-05-31,0.2,29.5,20.2,54,22.9,IMD-synthetic
D-AR-05,East Siang,AR,2026-06-01,12.1,32.4,25.1,64,12.6,IMD-synthetic
D-AR-05,East Siang,AR,2026-06-02,19.5,29.4,22.7,79,6.5,IMD-synthetic
D-AR-05,East Siang,AR,2026-06-03,26.0,30.9,23.6,71,22.5,IMD-synthetic
D-AR-05,East Siang,AR,2026-06-04,7.8,31.2,24.1,57,15.0,IMD-synthetic
D-AR-05,East Siang,AR,2026-06-05,29.1,31.2,25.6,82,5.0,IMD-synthetic
D-AR-05,East Siang,AR,2026-06-06,13.5,29.8,20.1,74,25.3,IMD-synthetic
D-AR-05,East Siang,AR,2026-06-07,24.4,31.6,24.0,71,18.3,IMD-synthetic
D-AR-05,East Siang,AR,2026-06-08,5.9,31.0,23.4,67,15.5,IMD-synthetic
D-AR-05,East Siang,AR,2026-06-09,1.4,29.8,22.1,62,25.9,IMD-synthetic
D-AR-05,East Siang,AR,2026-06-10,4.7,30.7,22.5,67,7.4,IMD-synthetic
D-AR-05,East Siang,AR,2026-06-11,21.3,29.5,19.7,72,6.9,IMD-synthetic
D-AR-05,East Siang,AR,2026-06-12,65.9,31.0,21.1,99,13.2,IMD-synthetic
D-AR-05,East Siang,AR,2026-06-13,34.4,31.7,26.7,79,15.3,IMD-synthetic
D-AR-05,East Siang,AR,2026-06-14,40.3,31.5,23.4,93,3.4,IMD-synthetic
D-AR-05,East Siang,AR,2026-06-15,4.3,31.5,22.7,66,24.8,IMD-synthetic
D-AR-05,East Siang,AR,2026-06-16,23.4,30.1,23.1,71,22.0,IMD-synthetic
D-AR-05,East Siang,AR,2026-06-17,55.7,28.1,19.5,99,18.1,IMD-synthetic
D-AR-05,East Siang,AR,2026-06-18,36.7,26.9,20.5,82,17.3,IMD-synthetic
D-AR-05,East Siang,AR,2026-06-19,47.3,29.0,20.1,93,7.6,IMD-synthetic
D-AR-05,East Siang,AR,2026-06-20,24.5,29.5,21.4,71,23.1,IMD-synthetic
D-AR-05,East Siang,AR,2026-06-21,21.5,31.6,21.9,67,22.1,IMD-synthetic
D-AR-05,East Siang,AR,2026-06-22,18.7,28.9,23.1,75,22.8,IMD-synthetic
D-AR-05,East Siang,AR,2026-06-23,8.7,29.7,24.3,68,25.0,IMD-synthetic
D-AR-05,East Siang,AR,2026-06-24,7.2,31.6,24.1,66,12.4,IMD-synthetic
D-AR-05,East Siang,AR,2026-06-25,103.0,26.6,18.0,99,8.0,IMD-synthetic
D-AR-05,East Siang,AR,2026-06-26,46.8,28.4,19.2,98,4.0,IMD-synthetic
D-AR-05,East Siang,AR,2026-06-27,24.0,27.7,20.2,77,18.0,IMD-synthetic
D-AR-05,East Siang,AR,2026-06-28,23.3,30.5,22.7,80,11.0,IMD-synthetic
D-AR-05,East Siang,AR,2026-06-29,27.6,28.5,20.5,79,21.0,IMD-synthetic
D-AR-05,East Siang,AR,2026-06-30,17.2,27.1,18.3,69,18.1,IMD-synthetic
D-AR-05,East Siang,AR,2026-07-01,13.7,28.8,20.1,66,20.9,IMD-synthetic
D-AR-05,East Siang,AR,2026-07-02,18.7,29.5,19.8,76,17.1,IMD-synthetic
D-AR-05,East Siang,AR,2026-07-03,21.8,26.4,18.6,67,24.7,IMD-synthetic
D-AR-05,East Siang,AR,2026-07-04,30.0,31.0,22.4,84,8.1,IMD-synthetic
D-AR-05,East Siang,AR,2026-07-05,11.2,32.3,26.1,66,3.1,IMD-synthetic
D-AR-05,East Siang,AR,2026-07-06,32.3,27.7,18.7,77,20.5,IMD-synthetic
D-AR-05,East Siang,AR,2026-07-07,10.5,28.9,22.2,70,22.3,IMD-synthetic
D-AR-05,East Siang,AR,2026-07-08,10.9,30.2,21.5,71,7.5,IMD-synthetic
D-AR-05,East Siang,AR,2026-07-09,3.3,30.9,22.7,58,13.9,IMD-synthetic
D-AR-05,East Siang,AR,2026-07-10,12.5,28.0,19.5,65,21.3,IMD-synthetic
D-AR-05,East Siang,AR,2026-07-11,24.6,32.0,25.4,70,16.0,IMD-synthetic
D-AR-05,East Siang,AR,2026-07-12,22.8,29.6,20.8,75,11.6,IMD-synthetic
D-AR-05,East Siang,AR,2026-07-13,6.5,27.1,19.1,68,11.7,IMD-synthetic
D-AR-05,East Siang,AR,2026-07-14,23.3,29.5,22.5,81,4.5,IMD-synthetic
D-AR-05,East Siang,AR,2026-07-15,26.5,31.5,25.0,78,4.0,IMD-synthetic
D-AR-05,East Siang,AR,2026-07-16,14.4,26.7,19.0,71,8.6,IMD-synthetic
D-AR-05,East Siang,AR,2026-07-17,27.2,32.1,25.9,74,17.5,IMD-synthetic
D-AR-05,East Siang,AR,2026-07-18,0.4,28.1,23.0,60,22.1,IMD-synthetic
D-AR-05,East Siang,AR,2026-07-19,18.0,29.8,22.7,76,15.9,IMD-synthetic
D-AR-05,East Siang,AR,2026-07-20,29.0,32.0,23.3,82,25.6,IMD-synthetic
D-AR-05,East Siang,AR,2026-07-21,8.6,28.7,19.2,71,9.7,IMD-synthetic
D-AR-05,East Siang,AR,2026-07-22,31.2,26.9,17.6,87,7.9,IMD-synthetic
D-AR-05,East Siang,AR,2026-07-23,4.2,32.5,23.6,62,13.4,IMD-synthetic
D-AR-05,East Siang,AR,2026-07-24,26.3,29.8,21.2,80,17.5,IMD-synthetic
D-AR-05,East Siang,AR,2026-07-25,32.1,28.9,21.0,75,16.9,IMD-synthetic
D-AR-05,East Siang,AR,2026-07-26,14.2,32.1,26.2,69,15.4,IMD-synthetic
D-AR-05,East Siang,AR,2026-07-27,84.9,29.5,24.2,99,24.9,IMD-synthetic
D-AR-05,East Siang,AR,2026-07-28,42.7,27.5,18.0,82,16.3,IMD-synthetic
D-AR-05,East Siang,AR,2026-07-29,48.4,30.4,24.7,91,17.9,IMD-synthetic
D-AR-05,East Siang,AR,2026-07-30,22.7,28.1,21.9,79,14.2,IMD-synthetic
D-AR-05,East Siang,AR,2026-07-31,25.0,32.1,24.2,81,25.3,IMD-synthetic
D-AR-05,East Siang,AR,2026-08-01,71.1,30.1,24.7,99,11.9,IMD-synthetic
D-AR-05,East Siang,AR,2026-08-02,29.5,27.3,17.4,83,25.8,IMD-synthetic
D-AR-05,East Siang,AR,2026-08-03,48.4,26.0,16.4,96,10.0,IMD-synthetic
D-AR-05,East Siang,AR,2026-08-04,10.1,30.7,22.3,70,11.2,IMD-synthetic
D-AR-05,East Siang,AR,2026-08-05,21.1,27.4,20.8,69,12.3,IMD-synthetic
D-AR-05,East Siang,AR,2026-08-06,2.3,28.2,22.2,58,17.5,IMD-synthetic
D-AR-05,East Siang,AR,2026-08-07,80.0,28.5,23.4,99,25.6,IMD-synthetic
D-AR-05,East Siang,AR,2026-08-08,26.6,28.5,22.7,84,14.7,IMD-synthetic
D-AR-05,East Siang,AR,2026-08-09,25.1,28.5,23.4,82,15.5,IMD-synthetic
D-AR-05,East Siang,AR,2026-08-10,23.9,27.4,19.3,71,7.2,IMD-synthetic
D-AR-05,East Siang,AR,2026-08-11,21.8,31.8,23.8,75,23.4,IMD-synthetic
D-AR-05,East Siang,AR,2026-08-12,22.0,27.4,21.7,78,2.7,IMD-synthetic
D-AR-05,East Siang,AR,2026-08-13,87.5,30.0,24.4,99,24.4,IMD-synthetic
D-AR-05,East Siang,AR,2026-08-14,28.0,30.3,22.3,73,4.4,IMD-synthetic
D-AR-05,East Siang,AR,2026-08-15,30.4,27.1,19.0,78,12.9,IMD-synthetic
D-AR-05,East Siang,AR,2026-08-16,43.5,30.9,22.0,95,18.0,IMD-synthetic
D-AR-05,East Siang,AR,2026-08-17,59.0,27.1,18.0,95,11.7,IMD-synthetic
D-AR-05,East Siang,AR,2026-08-18,35.0,31.6,22.0,87,23.8,IMD-synthetic
D-AR-05,East Siang,AR,2026-08-19,20.9,26.9,19.3,75,9.7,IMD-synthetic
D-AR-05,East Siang,AR,2026-08-20,14.4,29.6,22.6,69,6.8,IMD-synthetic
D-AR-05,East Siang,AR,2026-08-21,11.2,27.7,18.0,65,12.4,IMD-synthetic
D-AR-05,East Siang,AR,2026-08-22,65.8,27.5,20.1,99,13.9,IMD-synthetic
D-AR-05,East Siang,AR,2026-08-23,47.0,27.6,19.2,85,22.0,IMD-synthetic
D-AR-05,East Siang,AR,2026-08-24,2.2,32.0,23.3,61,6.2,IMD-synthetic
D-AR-05,East Siang,AR,2026-08-25,1.2,26.8,17.0,58,10.4,IMD-synthetic
D-AR-05,East Siang,AR,2026-08-26,20.6,30.4,23.2,73,22.4,IMD-synthetic
D-AR-05,East Siang,AR,2026-08-27,17.0,26.6,20.5,70,6.5,IMD-synthetic
D-AR-05,East Siang,AR,2026-08-28,8.0,30.8,23.3,65,16.7,IMD-synthetic
D-AR-05,East Siang,AR,2026-08-29,50.2,30.0,20.4,87,7.8,IMD-synthetic
D-AR-05,East Siang,AR,2026-08-30,47.8,30.8,20.9,99,21.8,IMD-synthetic
D-AR-05,East Siang,AR,2026-08-31,35.4,31.1,25.9,78,7.9,IMD-synthetic
D-AR-05,East Siang,AR,2026-09-01,15.3,28.9,21.0,74,17.0,IMD-synthetic
D-AR-05,East Siang,AR,2026-09-02,15.2,30.8,24.4,72,12.0,IMD-synthetic
D-AR-05,East Siang,AR,2026-09-03,4.8,32.0,22.9,62,16.4,IMD-synthetic
D-AR-05,East Siang,AR,2026-09-04,6.9,30.7,23.5,66,7.4,IMD-synthetic
D-AR-05,East Siang,AR,2026-09-05,2.0,32.0,24.6,55,9.9,IMD-synthetic
D-AR-05,East Siang,AR,2026-09-06,4.4,30.7,21.0,60,14.9,IMD-synthetic
D-AR-05,East Siang,AR,2026-09-07,9.9,27.1,21.5,70,23.2,IMD-synthetic
D-AR-05,East Siang,AR,2026-09-08,9.6,29.5,23.9,72,13.3,IMD-synthetic
D-AR-05,East Siang,AR,2026-09-09,4.0,31.6,25.7,65,21.4,IMD-synthetic
D-AR-05,East Siang,AR,2026-09-10,10.7,29.1,23.4,67,3.0,IMD-synthetic
D-AR-05,East Siang,AR,2026-09-11,13.3,27.6,21.5,65,15.7,IMD-synthetic
D-AR-05,East Siang,AR,2026-09-12,5.9,32.3,22.7,61,6.8,IMD-synthetic
D-AR-05,East Siang,AR,2026-09-13,6.8,27.5,21.0,57,6.4,IMD-synthetic
D-AR-05,East Siang,AR,2026-09-14,11.4,29.1,19.7,60,7.9,IMD-synthetic
D-AR-05,East Siang,AR,2026-09-15,9.7,27.4,17.6,59,18.4,IMD-synthetic
D-AR-05,East Siang,AR,2026-09-16,9.3,30.2,24.4,71,10.9,IMD-synthetic
D-AR-06,West Siang,AR,2026-05-20,2.0,25.5,18.6,61,21.5,IMD-synthetic
D-AR-06,West Siang,AR,2026-05-21,2.3,25.4,17.3,61,3.8,IMD-synthetic
D-AR-06,West Siang,AR,2026-05-22,17.7,29.4,21.2,68,16.8,IMD-synthetic
D-AR-06,West Siang,AR,2026-05-23,14.5,27.9,19.8,66,25.7,IMD-synthetic
D-AR-06,West Siang,AR,2026-05-24,17.8,24.7,17.0,69,5.5,IMD-synthetic
D-AR-06,West Siang,AR,2026-05-25,3.4,29.8,19.8,66,10.8,IMD-synthetic
D-AR-06,West Siang,AR,2026-05-26,36.4,26.2,17.6,85,7.4,IMD-synthetic
D-AR-06,West Siang,AR,2026-05-27,28.2,28.7,21.9,84,12.1,IMD-synthetic
D-AR-06,West Siang,AR,2026-05-28,28.5,28.0,20.8,77,10.7,IMD-synthetic
D-AR-06,West Siang,AR,2026-05-29,7.7,28.3,22.3,60,6.6,IMD-synthetic
D-AR-06,West Siang,AR,2026-05-30,17.0,27.8,19.7,76,15.2,IMD-synthetic
D-AR-06,West Siang,AR,2026-05-31,7.9,27.8,21.7,59,4.6,IMD-synthetic
D-AR-06,West Siang,AR,2026-06-01,9.0,28.9,20.0,67,3.2,IMD-synthetic
D-AR-06,West Siang,AR,2026-06-02,16.4,24.8,17.9,70,6.3,IMD-synthetic
D-AR-06,West Siang,AR,2026-06-03,20.7,26.1,17.8,70,19.9,IMD-synthetic
D-AR-06,West Siang,AR,2026-06-04,4.6,26.4,17.5,57,11.9,IMD-synthetic
D-AR-06,West Siang,AR,2026-06-05,25.9,24.4,14.7,74,24.4,IMD-synthetic
D-AR-06,West Siang,AR,2026-06-06,21.9,29.0,20.6,78,4.1,IMD-synthetic
D-AR-06,West Siang,AR,2026-06-07,68.2,23.5,13.8,99,19.8,IMD-synthetic
D-AR-06,West Siang,AR,2026-06-08,61.9,24.9,19.6,99,9.6,IMD-synthetic
D-AR-06,West Siang,AR,2026-06-09,13.3,25.9,20.0,65,21.3,IMD-synthetic
D-AR-06,West Siang,AR,2026-06-10,26.3,24.6,19.0,83,11.8,IMD-synthetic
D-AR-06,West Siang,AR,2026-06-11,18.7,28.0,21.6,76,8.0,IMD-synthetic
D-AR-06,West Siang,AR,2026-06-12,28.2,29.1,23.6,72,23.1,IMD-synthetic
D-AR-06,West Siang,AR,2026-06-13,14.2,28.5,20.6,75,10.7,IMD-synthetic
D-AR-06,West Siang,AR,2026-06-14,17.1,26.5,21.4,70,18.1,IMD-synthetic
D-AR-06,West Siang,AR,2026-06-15,10.1,24.4,17.6,61,17.0,IMD-synthetic
D-AR-06,West Siang,AR,2026-06-16,27.3,24.3,14.6,84,6.7,IMD-synthetic
D-AR-06,West Siang,AR,2026-06-17,8.7,28.7,19.8,63,25.6,IMD-synthetic
D-AR-06,West Siang,AR,2026-06-18,18.5,27.3,17.3,70,8.1,IMD-synthetic
D-AR-06,West Siang,AR,2026-06-19,29.3,29.0,23.9,76,6.0,IMD-synthetic
D-AR-06,West Siang,AR,2026-06-20,20.9,25.3,15.3,71,8.5,IMD-synthetic
D-AR-06,West Siang,AR,2026-06-21,19.6,27.7,21.0,66,22.9,IMD-synthetic
D-AR-06,West Siang,AR,2026-06-22,0.3,27.5,21.0,55,13.3,IMD-synthetic
D-AR-06,West Siang,AR,2026-06-23,20.7,25.4,18.5,71,14.3,IMD-synthetic
D-AR-06,West Siang,AR,2026-06-24,12.7,28.1,22.4,65,8.3,IMD-synthetic
D-AR-06,West Siang,AR,2026-06-25,8.4,24.4,17.2,67,21.3,IMD-synthetic
D-AR-06,West Siang,AR,2026-06-26,25.7,29.0,23.9,71,20.3,IMD-synthetic
D-AR-06,West Siang,AR,2026-06-27,5.3,24.4,16.5,59,4.1,IMD-synthetic
D-AR-06,West Siang,AR,2026-06-28,47.5,28.1,18.7,93,5.7,IMD-synthetic
D-AR-06,West Siang,AR,2026-06-29,50.8,28.5,21.2,99,20.9,IMD-synthetic
D-AR-06,West Siang,AR,2026-06-30,33.4,24.3,15.8,78,19.9,IMD-synthetic
D-AR-06,West Siang,AR,2026-07-01,35.6,24.0,14.2,76,21.0,IMD-synthetic
D-AR-06,West Siang,AR,2026-07-02,1.6,24.5,17.9,60,13.4,IMD-synthetic
D-AR-06,West Siang,AR,2026-07-03,32.2,27.2,21.3,78,18.2,IMD-synthetic
D-AR-06,West Siang,AR,2026-07-04,2.0,25.2,20.2,55,6.7,IMD-synthetic
D-AR-06,West Siang,AR,2026-07-05,17.7,29.6,21.1,74,3.8,IMD-synthetic
D-AR-06,West Siang,AR,2026-07-06,10.5,29.9,24.1,68,16.2,IMD-synthetic
D-AR-06,West Siang,AR,2026-07-07,16.5,25.5,18.4,75,19.7,IMD-synthetic
D-AR-06,West Siang,AR,2026-07-08,21.3,29.5,23.2,77,3.6,IMD-synthetic
D-AR-06,West Siang,AR,2026-07-09,115.3,22.5,13.7,99,18.2,IMD-synthetic
D-AR-06,West Siang,AR,2026-07-10,65.5,25.7,15.8,99,9.6,IMD-synthetic
D-AR-06,West Siang,AR,2026-07-11,60.9,28.6,20.1,99,25.0,IMD-synthetic
D-AR-06,West Siang,AR,2026-07-12,23.7,25.6,18.8,79,10.9,IMD-synthetic
D-AR-06,West Siang,AR,2026-07-13,15.9,27.1,18.4,66,6.1,IMD-synthetic
D-AR-06,West Siang,AR,2026-07-14,13.4,29.1,22.5,72,24.7,IMD-synthetic
D-AR-06,West Siang,AR,2026-07-15,28.3,26.4,20.6,82,11.3,IMD-synthetic
D-AR-06,West Siang,AR,2026-07-16,28.5,28.3,21.4,84,5.6,IMD-synthetic
D-AR-06,West Siang,AR,2026-07-17,14.2,28.8,19.3,64,24.7,IMD-synthetic
D-AR-06,West Siang,AR,2026-07-18,0.5,26.9,20.5,55,13.9,IMD-synthetic
D-AR-06,West Siang,AR,2026-07-19,27.0,28.8,22.4,73,16.6,IMD-synthetic
D-AR-06,West Siang,AR,2026-07-20,14.2,29.0,21.6,71,10.5,IMD-synthetic
D-AR-06,West Siang,AR,2026-07-21,31.1,27.8,19.8,75,14.5,IMD-synthetic
D-AR-06,West Siang,AR,2026-07-22,7.1,26.9,17.1,65,10.1,IMD-synthetic
D-AR-06,West Siang,AR,2026-07-23,20.2,27.4,19.4,73,10.2,IMD-synthetic
D-AR-06,West Siang,AR,2026-07-24,22.4,24.5,16.7,74,2.4,IMD-synthetic
D-AR-06,West Siang,AR,2026-07-25,8.0,29.6,21.2,70,23.7,IMD-synthetic
D-AR-06,West Siang,AR,2026-07-26,29.4,26.5,20.1,77,21.1,IMD-synthetic
D-AR-06,West Siang,AR,2026-07-27,29.4,29.4,20.5,80,23.9,IMD-synthetic
D-AR-06,West Siang,AR,2026-07-28,19.9,28.6,22.4,73,23.4,IMD-synthetic
D-AR-06,West Siang,AR,2026-07-29,28.7,25.9,20.2,76,14.7,IMD-synthetic
D-AR-06,West Siang,AR,2026-07-30,29.3,29.3,20.7,73,11.3,IMD-synthetic
D-AR-06,West Siang,AR,2026-07-31,25.1,27.9,21.1,80,13.4,IMD-synthetic
D-AR-06,West Siang,AR,2026-08-01,0.1,26.2,18.1,59,20.8,IMD-synthetic
D-AR-06,West Siang,AR,2026-08-02,12.1,25.8,16.4,63,21.5,IMD-synthetic
D-AR-06,West Siang,AR,2026-08-03,23.1,27.3,20.8,69,23.2,IMD-synthetic
D-AR-06,West Siang,AR,2026-08-04,12.6,25.4,18.5,70,22.5,IMD-synthetic
D-AR-06,West Siang,AR,2026-08-05,5.1,25.8,20.7,64,12.1,IMD-synthetic
D-AR-06,West Siang,AR,2026-08-06,19.4,29.7,22.5,70,5.8,IMD-synthetic
D-AR-06,West Siang,AR,2026-08-07,7.8,29.6,22.3,60,16.6,IMD-synthetic
D-AR-06,West Siang,AR,2026-08-08,14.6,25.8,20.7,62,9.8,IMD-synthetic
D-AR-06,West Siang,AR,2026-08-09,3.5,29.0,22.1,54,12.4,IMD-synthetic
D-AR-06,West Siang,AR,2026-08-10,4.4,27.7,18.9,64,9.8,IMD-synthetic
D-AR-06,West Siang,AR,2026-08-11,1.0,27.1,18.5,62,13.9,IMD-synthetic
D-AR-06,West Siang,AR,2026-08-12,3.5,24.6,18.8,64,4.2,IMD-synthetic
D-AR-06,West Siang,AR,2026-08-13,8.9,24.4,17.7,59,11.6,IMD-synthetic
D-AR-06,West Siang,AR,2026-08-14,74.0,25.2,19.4,99,21.5,IMD-synthetic
D-AR-06,West Siang,AR,2026-08-15,37.6,24.2,14.6,81,7.7,IMD-synthetic
D-AR-06,West Siang,AR,2026-08-16,43.1,26.7,21.4,93,7.4,IMD-synthetic
D-AR-06,West Siang,AR,2026-08-17,80.4,28.4,18.6,99,9.7,IMD-synthetic
D-AR-06,West Siang,AR,2026-08-18,35.8,27.3,20.3,84,9.0,IMD-synthetic
D-AR-06,West Siang,AR,2026-08-19,77.1,26.1,20.9,99,7.0,IMD-synthetic
D-AR-06,West Siang,AR,2026-08-20,41.3,23.4,14.9,89,10.8,IMD-synthetic
D-AR-06,West Siang,AR,2026-08-21,50.2,24.2,18.1,94,24.0,IMD-synthetic
D-AR-06,West Siang,AR,2026-08-22,45.9,25.0,17.2,91,5.8,IMD-synthetic
D-AR-06,West Siang,AR,2026-08-23,15.2,25.8,19.2,66,4.9,IMD-synthetic
D-AR-06,West Siang,AR,2026-08-24,0.7,27.7,19.4,59,11.7,IMD-synthetic
D-AR-06,West Siang,AR,2026-08-25,1.0,28.9,20.2,64,6.8,IMD-synthetic
D-AR-06,West Siang,AR,2026-08-26,18.7,28.8,20.4,77,21.6,IMD-synthetic
D-AR-06,West Siang,AR,2026-08-27,1.4,27.8,20.0,65,8.1,IMD-synthetic
D-AR-06,West Siang,AR,2026-08-28,7.7,25.3,19.4,62,14.0,IMD-synthetic
D-AR-06,West Siang,AR,2026-08-29,18.0,26.5,19.5,75,24.1,IMD-synthetic
D-AR-06,West Siang,AR,2026-08-30,14.9,28.6,20.3,75,3.9,IMD-synthetic
D-AR-06,West Siang,AR,2026-08-31,0.0,24.3,19.0,52,8.6,IMD-synthetic
D-AR-06,West Siang,AR,2026-09-01,41.5,26.8,21.0,81,7.2,IMD-synthetic
D-AR-06,West Siang,AR,2026-09-02,21.1,26.3,16.9,67,12.0,IMD-synthetic
D-AR-06,West Siang,AR,2026-09-03,17.8,28.4,18.9,68,8.3,IMD-synthetic
D-AR-06,West Siang,AR,2026-09-04,15.4,28.6,22.6,75,19.9,IMD-synthetic
D-AR-06,West Siang,AR,2026-09-05,0.5,29.7,22.3,52,4.1,IMD-synthetic
D-AR-06,West Siang,AR,2026-09-06,15.1,27.3,19.5,66,18.9,IMD-synthetic
D-AR-06,West Siang,AR,2026-09-07,12.7,24.8,19.5,70,2.7,IMD-synthetic
D-AR-06,West Siang,AR,2026-09-08,14.4,26.3,16.4,70,3.1,IMD-synthetic
D-AR-06,West Siang,AR,2026-09-09,54.0,27.5,21.5,93,18.1,IMD-synthetic
D-AR-06,West Siang,AR,2026-09-10,36.1,24.6,16.2,88,25.9,IMD-synthetic
D-AR-06,West Siang,AR,2026-09-11,18.2,27.2,17.9,72,18.9,IMD-synthetic
D-AR-06,West Siang,AR,2026-09-12,12.4,28.3,21.9,61,10.8,IMD-synthetic
D-AR-06,West Siang,AR,2026-09-13,9.4,26.2,16.7,68,15.0,IMD-synthetic
D-AR-06,West Siang,AR,2026-09-14,11.1,26.3,18.4,64,25.6,IMD-synthetic
D-AR-06,West Siang,AR,2026-09-15,2.6,28.1,18.7,63,11.8,IMD-synthetic
D-AR-06,West Siang,AR,2026-09-16,1.5,25.6,19.9,65,17.5,IMD-synthetic
D-AR-07,Lohit,AR,2026-05-20,10.5,30.1,20.7,64,24.0,IMD-synthetic
D-AR-07,Lohit,AR,2026-05-21,2.8,28.2,20.0,64,22.4,IMD-synthetic
D-AR-07,Lohit,AR,2026-05-22,19.0,30.7,21.6,70,21.8,IMD-synthetic
D-AR-07,Lohit,AR,2026-05-23,19.2,29.2,21.6,73,8.1,IMD-synthetic
D-AR-07,Lohit,AR,2026-05-24,18.3,30.4,22.0,75,13.7,IMD-synthetic
D-AR-07,Lohit,AR,2026-05-25,16.2,28.2,18.5,70,21.7,IMD-synthetic
D-AR-07,Lohit,AR,2026-05-26,6.8,28.6,19.8,58,17.4,IMD-synthetic
D-AR-07,Lohit,AR,2026-05-27,16.2,31.3,25.4,63,21.0,IMD-synthetic
D-AR-07,Lohit,AR,2026-05-28,2.1,27.1,21.7,66,7.8,IMD-synthetic
D-AR-07,Lohit,AR,2026-05-29,16.0,29.2,23.7,74,2.6,IMD-synthetic
D-AR-07,Lohit,AR,2026-05-30,39.1,30.5,22.1,80,12.9,IMD-synthetic
D-AR-07,Lohit,AR,2026-05-31,22.0,31.5,23.2,67,16.3,IMD-synthetic
D-AR-07,Lohit,AR,2026-06-01,11.2,27.9,19.8,72,17.2,IMD-synthetic
D-AR-07,Lohit,AR,2026-06-02,20.2,31.8,24.3,71,8.1,IMD-synthetic
D-AR-07,Lohit,AR,2026-06-03,23.8,30.4,21.6,74,16.1,IMD-synthetic
D-AR-07,Lohit,AR,2026-06-04,28.3,29.9,19.9,77,25.1,IMD-synthetic
D-AR-07,Lohit,AR,2026-06-05,2.6,27.7,22.2,57,21.9,IMD-synthetic
D-AR-07,Lohit,AR,2026-06-06,2.8,28.5,21.8,62,13.3,IMD-synthetic
D-AR-07,Lohit,AR,2026-06-07,16.5,30.2,22.9,72,4.3,IMD-synthetic
D-AR-07,Lohit,AR,2026-06-08,17.7,30.0,24.9,71,3.7,IMD-synthetic
D-AR-07,Lohit,AR,2026-06-09,8.2,29.5,20.5,65,19.4,IMD-synthetic
D-AR-07,Lohit,AR,2026-06-10,3.5,29.3,23.4,60,22.5,IMD-synthetic
D-AR-07,Lohit,AR,2026-06-11,68.2,25.8,20.0,99,6.8,IMD-synthetic
D-AR-07,Lohit,AR,2026-06-12,46.1,25.5,16.6,95,23.7,IMD-synthetic
D-AR-07,Lohit,AR,2026-06-13,55.7,25.6,19.7,95,18.4,IMD-synthetic
D-AR-07,Lohit,AR,2026-06-14,58.2,26.6,19.4,99,23.9,IMD-synthetic
D-AR-07,Lohit,AR,2026-06-15,4.2,30.6,20.9,62,12.5,IMD-synthetic
D-AR-07,Lohit,AR,2026-06-16,20.8,26.0,18.4,76,17.2,IMD-synthetic
D-AR-07,Lohit,AR,2026-06-17,14.1,27.7,19.9,67,3.6,IMD-synthetic
D-AR-07,Lohit,AR,2026-06-18,28.3,27.9,20.9,84,23.8,IMD-synthetic
D-AR-07,Lohit,AR,2026-06-19,3.6,27.1,19.2,63,12.7,IMD-synthetic
D-AR-07,Lohit,AR,2026-06-20,11.1,27.6,22.3,70,6.5,IMD-synthetic
D-AR-07,Lohit,AR,2026-06-21,16.7,27.3,21.6,65,18.8,IMD-synthetic
D-AR-07,Lohit,AR,2026-06-22,79.9,25.0,17.4,99,14.7,IMD-synthetic
D-AR-07,Lohit,AR,2026-06-23,40.0,30.4,23.8,83,13.5,IMD-synthetic
D-AR-07,Lohit,AR,2026-06-24,19.8,28.8,22.7,68,15.3,IMD-synthetic
D-AR-07,Lohit,AR,2026-06-25,25.6,26.2,17.9,81,5.5,IMD-synthetic
D-AR-07,Lohit,AR,2026-06-26,14.2,31.9,26.5,64,17.0,IMD-synthetic
D-AR-07,Lohit,AR,2026-06-27,18.7,31.5,22.4,70,20.1,IMD-synthetic
D-AR-07,Lohit,AR,2026-06-28,97.5,24.8,16.4,99,11.4,IMD-synthetic
D-AR-07,Lohit,AR,2026-06-29,50.2,30.6,21.9,88,16.8,IMD-synthetic
D-AR-07,Lohit,AR,2026-06-30,56.3,30.6,22.4,99,5.8,IMD-synthetic
D-AR-07,Lohit,AR,2026-07-01,9.4,30.7,23.5,59,3.6,IMD-synthetic
D-AR-07,Lohit,AR,2026-07-02,106.0,24.7,18.3,99,17.6,IMD-synthetic
D-AR-07,Lohit,AR,2026-07-03,68.8,27.1,17.9,99,24.1,IMD-synthetic
D-AR-07,Lohit,AR,2026-07-04,15.3,28.9,20.1,74,16.1,IMD-synthetic
D-AR-07,Lohit,AR,2026-07-05,22.2,29.5,20.6,69,10.1,IMD-synthetic
D-AR-07,Lohit,AR,2026-07-06,31.8,28.9,20.8,75,17.1,IMD-synthetic
D-AR-07,Lohit,AR,2026-07-07,28.5,29.3,23.2,84,9.8,IMD-synthetic
D-AR-07,Lohit,AR,2026-07-08,6.2,32.0,26.0,61,18.2,IMD-synthetic
D-AR-07,Lohit,AR,2026-07-09,19.5,29.9,24.0,74,20.9,IMD-synthetic
D-AR-07,Lohit,AR,2026-07-10,22.4,27.0,18.6,77,15.3,IMD-synthetic
D-AR-07,Lohit,AR,2026-07-11,15.1,29.1,23.5,72,9.0,IMD-synthetic
D-AR-07,Lohit,AR,2026-07-12,19.5,29.7,23.0,78,21.4,IMD-synthetic
D-AR-07,Lohit,AR,2026-07-13,12.8,30.3,20.6,67,10.2,IMD-synthetic
D-AR-07,Lohit,AR,2026-07-14,2.3,26.9,20.0,61,11.4,IMD-synthetic
D-AR-07,Lohit,AR,2026-07-15,117.1,27.0,17.0,99,8.7,IMD-synthetic
D-AR-07,Lohit,AR,2026-07-16,53.4,26.5,21.2,95,25.6,IMD-synthetic
D-AR-07,Lohit,AR,2026-07-17,54.4,28.2,21.3,91,6.3,IMD-synthetic
D-AR-07,Lohit,AR,2026-07-18,26.1,26.1,16.9,74,15.2,IMD-synthetic
D-AR-07,Lohit,AR,2026-07-19,25.5,31.4,23.0,72,23.4,IMD-synthetic
D-AR-07,Lohit,AR,2026-07-20,0.3,28.3,20.2,56,12.3,IMD-synthetic
D-AR-07,Lohit,AR,2026-07-21,20.1,29.3,23.0,73,22.2,IMD-synthetic
D-AR-07,Lohit,AR,2026-07-22,18.0,27.8,21.7,75,21.8,IMD-synthetic
D-AR-07,Lohit,AR,2026-07-23,20.1,31.6,26.1,76,25.5,IMD-synthetic
D-AR-07,Lohit,AR,2026-07-24,15.8,26.5,17.3,66,13.0,IMD-synthetic
D-AR-07,Lohit,AR,2026-07-25,5.7,27.5,22.0,59,9.4,IMD-synthetic
D-AR-07,Lohit,AR,2026-07-26,19.5,28.2,22.1,67,4.0,IMD-synthetic
D-AR-07,Lohit,AR,2026-07-27,14.4,30.4,23.5,70,11.1,IMD-synthetic
D-AR-07,Lohit,AR,2026-07-28,8.9,31.4,23.9,69,14.6,IMD-synthetic
D-AR-07,Lohit,AR,2026-07-29,16.3,29.7,20.5,71,11.0,IMD-synthetic
D-AR-07,Lohit,AR,2026-07-30,19.6,30.1,23.2,76,7.0,IMD-synthetic
D-AR-07,Lohit,AR,2026-07-31,13.2,27.5,21.0,64,16.4,IMD-synthetic
D-AR-07,Lohit,AR,2026-08-01,0.6,31.8,25.6,62,12.9,IMD-synthetic
D-AR-07,Lohit,AR,2026-08-02,9.7,28.1,21.2,65,19.4,IMD-synthetic
D-AR-07,Lohit,AR,2026-08-03,2.2,27.7,21.6,58,25.9,IMD-synthetic
D-AR-07,Lohit,AR,2026-08-04,4.2,31.3,23.1,63,21.4,IMD-synthetic
D-AR-07,Lohit,AR,2026-08-05,24.4,28.0,19.2,70,24.0,IMD-synthetic
D-AR-07,Lohit,AR,2026-08-06,17.4,26.2,20.8,77,12.9,IMD-synthetic
D-AR-07,Lohit,AR,2026-08-07,21.4,27.5,17.9,70,9.5,IMD-synthetic
D-AR-07,Lohit,AR,2026-08-08,5.8,26.7,21.4,65,20.8,IMD-synthetic
D-AR-07,Lohit,AR,2026-08-09,23.5,26.9,19.2,81,23.5,IMD-synthetic
D-AR-07,Lohit,AR,2026-08-10,20.2,27.1,18.5,67,4.4,IMD-synthetic
D-AR-07,Lohit,AR,2026-08-11,4.5,26.9,19.6,65,19.4,IMD-synthetic
D-AR-07,Lohit,AR,2026-08-12,23.3,27.3,22.3,80,20.4,IMD-synthetic
D-AR-07,Lohit,AR,2026-08-13,0.5,29.2,23.9,54,3.2,IMD-synthetic
D-AR-07,Lohit,AR,2026-08-14,3.3,31.3,22.1,62,8.7,IMD-synthetic
D-AR-07,Lohit,AR,2026-08-15,4.4,26.8,20.6,64,20.1,IMD-synthetic
D-AR-07,Lohit,AR,2026-08-16,46.4,27.2,19.6,91,20.1,IMD-synthetic
D-AR-07,Lohit,AR,2026-08-17,40.4,29.9,20.5,86,17.5,IMD-synthetic
D-AR-07,Lohit,AR,2026-08-18,39.6,30.3,22.4,91,11.7,IMD-synthetic
D-AR-07,Lohit,AR,2026-08-19,23.4,26.8,17.5,70,2.9,IMD-synthetic
D-AR-07,Lohit,AR,2026-08-20,85.0,25.5,16.0,99,9.2,IMD-synthetic
D-AR-07,Lohit,AR,2026-08-21,25.6,28.7,19.9,72,20.6,IMD-synthetic
D-AR-07,Lohit,AR,2026-08-22,46.0,28.2,20.2,94,5.4,IMD-synthetic
D-AR-07,Lohit,AR,2026-08-23,9.9,26.9,17.4,71,8.1,IMD-synthetic
D-AR-07,Lohit,AR,2026-08-24,17.8,28.2,22.2,66,25.0,IMD-synthetic
D-AR-07,Lohit,AR,2026-08-25,3.6,30.0,24.5,59,10.4,IMD-synthetic
D-AR-07,Lohit,AR,2026-08-26,22.1,31.1,25.7,71,21.7,IMD-synthetic
D-AR-07,Lohit,AR,2026-08-27,1.0,32.1,22.9,53,10.0,IMD-synthetic
D-AR-07,Lohit,AR,2026-08-28,12.6,26.1,20.6,71,15.5,IMD-synthetic
D-AR-07,Lohit,AR,2026-08-29,50.9,28.5,23.4,93,21.2,IMD-synthetic
D-AR-07,Lohit,AR,2026-08-30,37.9,29.3,22.9,79,14.4,IMD-synthetic
D-AR-07,Lohit,AR,2026-08-31,28.4,28.4,21.0,82,2.9,IMD-synthetic
D-AR-07,Lohit,AR,2026-09-01,32.5,30.1,22.3,75,25.2,IMD-synthetic
D-AR-07,Lohit,AR,2026-09-02,6.6,30.1,22.9,66,8.4,IMD-synthetic
D-AR-07,Lohit,AR,2026-09-03,15.9,26.5,19.6,68,3.0,IMD-synthetic
D-AR-07,Lohit,AR,2026-09-04,16.5,27.1,19.3,69,21.8,IMD-synthetic
D-AR-07,Lohit,AR,2026-09-05,9.5,27.6,18.0,58,3.6,IMD-synthetic
D-AR-07,Lohit,AR,2026-09-06,4.6,29.0,23.7,61,25.5,IMD-synthetic
D-AR-07,Lohit,AR,2026-09-07,8.6,26.6,19.3,70,16.8,IMD-synthetic
D-AR-07,Lohit,AR,2026-09-08,14.7,31.7,25.4,70,23.3,IMD-synthetic
D-AR-07,Lohit,AR,2026-09-09,5.7,30.1,22.5,65,22.0,IMD-synthetic
D-AR-07,Lohit,AR,2026-09-10,11.8,30.9,22.0,63,21.6,IMD-synthetic
D-AR-07,Lohit,AR,2026-09-11,4.7,31.8,25.3,68,25.8,IMD-synthetic
D-AR-07,Lohit,AR,2026-09-12,38.5,30.8,25.3,81,7.4,IMD-synthetic
D-AR-07,Lohit,AR,2026-09-13,32.6,31.0,24.8,87,24.2,IMD-synthetic
D-AR-07,Lohit,AR,2026-09-14,30.9,28.7,21.6,79,15.6,IMD-synthetic
D-AR-07,Lohit,AR,2026-09-15,23.2,27.3,19.2,81,17.9,IMD-synthetic
D-AR-07,Lohit,AR,2026-09-16,16.1,26.3,19.3,69,11.9,IMD-synthetic
D-AR-08,Changlang,AR,2026-05-20,6.5,28.5,22.0,63,25.9,IMD-synthetic
D-AR-08,Changlang,AR,2026-05-21,7.7,27.6,20.4,60,7.8,IMD-synthetic
D-AR-08,Changlang,AR,2026-05-22,6.5,29.9,21.9,68,4.4,IMD-synthetic
D-AR-08,Changlang,AR,2026-05-23,30.7,29.1,21.6,74,25.3,IMD-synthetic
D-AR-08,Changlang,AR,2026-05-24,37.1,29.7,19.7,77,6.3,IMD-synthetic
D-AR-08,Changlang,AR,2026-05-25,22.3,31.9,25.1,77,21.8,IMD-synthetic
D-AR-08,Changlang,AR,2026-05-26,27.2,29.4,24.2,83,9.9,IMD-synthetic
D-AR-08,Changlang,AR,2026-05-27,33.8,26.1,21.1,88,20.9,IMD-synthetic
D-AR-08,Changlang,AR,2026-05-28,39.0,30.7,23.2,83,9.0,IMD-synthetic
D-AR-08,Changlang,AR,2026-05-29,37.7,26.2,18.1,80,13.1,IMD-synthetic
D-AR-08,Changlang,AR,2026-05-30,38.0,26.7,17.8,85,13.9,IMD-synthetic
D-AR-08,Changlang,AR,2026-05-31,5.5,28.7,22.0,58,13.3,IMD-synthetic
D-AR-08,Changlang,AR,2026-06-01,28.4,27.8,19.5,83,12.0,IMD-synthetic
D-AR-08,Changlang,AR,2026-06-02,23.7,31.1,22.8,71,13.1,IMD-synthetic
D-AR-08,Changlang,AR,2026-06-03,1.1,26.7,17.3,54,26.0,IMD-synthetic
D-AR-08,Changlang,AR,2026-06-04,21.5,27.7,21.0,71,7.7,IMD-synthetic
D-AR-08,Changlang,AR,2026-06-05,12.2,31.8,23.5,69,19.5,IMD-synthetic
D-AR-08,Changlang,AR,2026-06-06,21.1,31.4,23.1,71,11.4,IMD-synthetic
D-AR-08,Changlang,AR,2026-06-07,1.5,31.4,22.4,58,21.5,IMD-synthetic
D-AR-08,Changlang,AR,2026-06-08,28.8,30.6,21.3,78,21.6,IMD-synthetic
D-AR-08,Changlang,AR,2026-06-09,21.1,30.0,20.2,77,22.8,IMD-synthetic
D-AR-08,Changlang,AR,2026-06-10,25.9,27.0,20.7,71,23.0,IMD-synthetic
D-AR-08,Changlang,AR,2026-06-11,1.3,27.2,19.6,59,8.7,IMD-synthetic
D-AR-08,Changlang,AR,2026-06-12,5.4,26.5,21.5,60,10.2,IMD-synthetic
D-AR-08,Changlang,AR,2026-06-13,10.1,26.9,18.0,72,6.8,IMD-synthetic
D-AR-08,Changlang,AR,2026-06-14,20.3,31.2,22.5,70,11.4,IMD-synthetic
D-AR-08,Changlang,AR,2026-06-15,17.6,31.7,25.7,75,19.6,IMD-synthetic
D-AR-08,Changlang,AR,2026-06-16,85.1,26.7,16.7,99,8.8,IMD-synthetic
D-AR-08,Changlang,AR,2026-06-17,30.4,29.4,19.6,74,21.9,IMD-synthetic
D-AR-08,Changlang,AR,2026-06-18,43.8,28.5,19.1,90,24.2,IMD-synthetic
D-AR-08,Changlang,AR,2026-06-19,57.8,26.8,20.5,99,22.5,IMD-synthetic
D-AR-08,Changlang,AR,2026-06-20,19.9,29.5,22.5,65,7.5,IMD-synthetic
D-AR-08,Changlang,AR,2026-06-21,24.5,27.4,22.4,69,3.8,IMD-synthetic
D-AR-08,Changlang,AR,2026-06-22,16.0,31.5,21.8,63,22.8,IMD-synthetic
D-AR-08,Changlang,AR,2026-06-23,22.9,30.7,21.9,77,13.9,IMD-synthetic
D-AR-08,Changlang,AR,2026-06-24,15.9,29.4,20.5,75,24.2,IMD-synthetic
D-AR-08,Changlang,AR,2026-06-25,21.6,27.1,18.8,67,12.3,IMD-synthetic
D-AR-08,Changlang,AR,2026-06-26,7.3,29.2,23.7,70,19.5,IMD-synthetic
D-AR-08,Changlang,AR,2026-06-27,8.7,27.8,22.0,64,19.5,IMD-synthetic
D-AR-08,Changlang,AR,2026-06-28,22.8,27.8,17.8,77,17.3,IMD-synthetic
D-AR-08,Changlang,AR,2026-06-29,103.5,29.8,24.8,99,20.7,IMD-synthetic
D-AR-08,Changlang,AR,2026-06-30,56.5,31.1,21.3,93,12.8,IMD-synthetic
D-AR-08,Changlang,AR,2026-07-01,25.0,30.7,23.4,71,18.0,IMD-synthetic
D-AR-08,Changlang,AR,2026-07-02,2.7,31.1,24.3,59,6.5,IMD-synthetic
D-AR-08,Changlang,AR,2026-07-03,23.6,31.5,23.4,82,20.4,IMD-synthetic
D-AR-08,Changlang,AR,2026-07-04,5.3,28.4,20.8,65,6.7,IMD-synthetic
D-AR-08,Changlang,AR,2026-07-05,24.7,28.1,21.4,74,20.2,IMD-synthetic
D-AR-08,Changlang,AR,2026-07-06,16.7,31.0,24.9,66,17.3,IMD-synthetic
D-AR-08,Changlang,AR,2026-07-07,24.4,26.4,16.4,72,17.8,IMD-synthetic
D-AR-08,Changlang,AR,2026-07-08,16.1,30.8,23.9,72,6.8,IMD-synthetic
D-AR-08,Changlang,AR,2026-07-09,64.3,28.8,23.7,99,10.9,IMD-synthetic
D-AR-08,Changlang,AR,2026-07-10,45.0,30.1,25.1,87,13.1,IMD-synthetic
D-AR-08,Changlang,AR,2026-07-11,37.5,26.4,18.8,88,16.2,IMD-synthetic
D-AR-08,Changlang,AR,2026-07-12,18.0,29.4,20.6,66,21.5,IMD-synthetic
D-AR-08,Changlang,AR,2026-07-13,20.8,27.5,19.8,72,2.9,IMD-synthetic
D-AR-08,Changlang,AR,2026-07-14,30.6,29.9,19.9,83,21.6,IMD-synthetic
D-AR-08,Changlang,AR,2026-07-15,9.1,31.3,21.4,72,10.7,IMD-synthetic
D-AR-08,Changlang,AR,2026-07-16,24.1,28.4,23.3,72,6.4,IMD-synthetic
D-AR-08,Changlang,AR,2026-07-17,4.5,29.5,21.5,56,4.7,IMD-synthetic
D-AR-08,Changlang,AR,2026-07-18,25.0,27.9,22.3,77,16.0,IMD-synthetic
D-AR-08,Changlang,AR,2026-07-19,70.6,30.3,22.5,99,22.6,IMD-synthetic
D-AR-08,Changlang,AR,2026-07-20,62.3,28.7,20.8,99,9.1,IMD-synthetic
D-AR-08,Changlang,AR,2026-07-21,9.7,31.6,22.8,59,24.1,IMD-synthetic
D-AR-08,Changlang,AR,2026-07-22,21.4,27.7,22.4,67,24.8,IMD-synthetic
D-AR-08,Changlang,AR,2026-07-23,3.5,29.2,21.9,59,15.0,IMD-synthetic
D-AR-08,Changlang,AR,2026-07-24,19.3,29.4,20.4,66,6.0,IMD-synthetic
D-AR-08,Changlang,AR,2026-07-25,18.5,31.3,23.1,65,7.2,IMD-synthetic
D-AR-08,Changlang,AR,2026-07-26,5.5,32.1,22.8,62,25.8,IMD-synthetic
D-AR-08,Changlang,AR,2026-07-27,113.3,28.0,19.4,99,13.8,IMD-synthetic
D-AR-08,Changlang,AR,2026-07-28,41.3,28.3,20.2,86,21.8,IMD-synthetic
D-AR-08,Changlang,AR,2026-07-29,43.3,26.5,16.6,88,15.9,IMD-synthetic
D-AR-08,Changlang,AR,2026-07-30,42.5,29.4,20.0,91,8.1,IMD-synthetic
D-AR-08,Changlang,AR,2026-07-31,0.0,27.1,19.1,62,18.6,IMD-synthetic
D-AR-08,Changlang,AR,2026-08-01,20.3,29.5,19.7,69,19.1,IMD-synthetic
D-AR-08,Changlang,AR,2026-08-02,6.2,26.6,21.2,61,25.2,IMD-synthetic
D-AR-08,Changlang,AR,2026-08-03,2.8,26.4,20.3,55,18.7,IMD-synthetic
D-AR-08,Changlang,AR,2026-08-04,8.5,28.9,23.2,67,5.0,IMD-synthetic
D-AR-08,Changlang,AR,2026-08-05,24.4,28.3,20.7,72,17.9,IMD-synthetic
D-AR-08,Changlang,AR,2026-08-06,3.6,28.7,22.8,63,24.7,IMD-synthetic
D-AR-08,Changlang,AR,2026-08-07,12.2,27.8,22.6,60,13.1,IMD-synthetic
D-AR-08,Changlang,AR,2026-08-08,79.9,28.2,22.2,99,8.9,IMD-synthetic
D-AR-08,Changlang,AR,2026-08-09,32.9,26.9,18.1,81,20.3,IMD-synthetic
D-AR-08,Changlang,AR,2026-08-10,58.0,29.3,22.1,99,8.6,IMD-synthetic
D-AR-08,Changlang,AR,2026-08-11,38.3,28.1,22.3,81,23.7,IMD-synthetic
D-AR-08,Changlang,AR,2026-08-12,25.4,27.4,20.0,72,24.8,IMD-synthetic
D-AR-08,Changlang,AR,2026-08-13,23.3,26.7,18.1,75,18.6,IMD-synthetic
D-AR-08,Changlang,AR,2026-08-14,16.4,30.9,22.2,63,15.6,IMD-synthetic
D-AR-08,Changlang,AR,2026-08-15,6.0,28.0,19.0,66,18.0,IMD-synthetic
D-AR-08,Changlang,AR,2026-08-16,15.3,30.9,23.3,65,13.9,IMD-synthetic
D-AR-08,Changlang,AR,2026-08-17,3.7,26.5,17.7,65,12.1,IMD-synthetic
D-AR-08,Changlang,AR,2026-08-18,12.0,27.3,18.6,70,12.2,IMD-synthetic
D-AR-08,Changlang,AR,2026-08-19,6.8,27.5,20.5,68,16.4,IMD-synthetic
D-AR-08,Changlang,AR,2026-08-20,2.4,29.2,23.2,57,3.1,IMD-synthetic
D-AR-08,Changlang,AR,2026-08-21,11.8,27.7,21.0,63,25.0,IMD-synthetic
D-AR-08,Changlang,AR,2026-08-22,44.6,31.0,24.8,95,6.9,IMD-synthetic
D-AR-08,Changlang,AR,2026-08-23,36.5,31.8,26.4,87,25.4,IMD-synthetic
D-AR-08,Changlang,AR,2026-08-24,3.4,30.8,24.7,55,8.2,IMD-synthetic
D-AR-08,Changlang,AR,2026-08-25,10.2,32.2,24.0,71,23.4,IMD-synthetic
D-AR-08,Changlang,AR,2026-08-26,23.1,29.7,24.2,71,16.4,IMD-synthetic
D-AR-08,Changlang,AR,2026-08-27,23.4,27.5,20.1,72,6.0,IMD-synthetic
D-AR-08,Changlang,AR,2026-08-28,18.2,31.7,24.3,78,21.1,IMD-synthetic
D-AR-08,Changlang,AR,2026-08-29,2.5,29.4,23.3,61,2.0,IMD-synthetic
D-AR-08,Changlang,AR,2026-08-30,23.3,30.5,22.7,70,19.7,IMD-synthetic
D-AR-08,Changlang,AR,2026-08-31,14.3,30.2,24.2,73,7.6,IMD-synthetic
D-AR-08,Changlang,AR,2026-09-01,34.5,27.1,21.4,82,17.9,IMD-synthetic
D-AR-08,Changlang,AR,2026-09-02,21.7,26.8,21.2,79,6.9,IMD-synthetic
D-AR-08,Changlang,AR,2026-09-03,15.3,27.9,19.5,64,3.5,IMD-synthetic
D-AR-08,Changlang,AR,2026-09-04,8.2,26.3,19.4,65,18.4,IMD-synthetic
D-AR-08,Changlang,AR,2026-09-05,1.9,31.0,24.9,55,4.6,IMD-synthetic
D-AR-08,Changlang,AR,2026-09-06,14.1,27.8,20.2,69,18.3,IMD-synthetic
D-AR-08,Changlang,AR,2026-09-07,16.2,31.5,21.9,77,23.3,IMD-synthetic
D-AR-08,Changlang,AR,2026-09-08,17.3,29.3,21.5,77,12.2,IMD-synthetic
D-AR-08,Changlang,AR,2026-09-09,13.8,27.8,21.5,64,19.6,IMD-synthetic
D-AR-08,Changlang,AR,2026-09-10,0.3,28.8,21.9,59,24.3,IMD-synthetic
D-AR-08,Changlang,AR,2026-09-11,2.0,30.5,21.0,56,18.8,IMD-synthetic
D-AR-08,Changlang,AR,2026-09-12,2.0,29.2,19.7,61,19.7,IMD-synthetic
D-AR-08,Changlang,AR,2026-09-13,9.0,29.5,23.3,60,23.8,IMD-synthetic
D-AR-08,Changlang,AR,2026-09-14,10.5,31.5,25.3,67,10.1,IMD-synthetic
D-AR-08,Changlang,AR,2026-09-15,4.5,28.3,22.6,57,12.3,IMD-synthetic
D-AR-08,Changlang,AR,2026-09-16,3.6,31.2,25.1,63,14.4,IMD-synthetic
D-AR-09,Dibang Valley,AR,2026-05-20,1.4,21.0,13.3,63,9.7,IMD-synthetic
D-AR-09,Dibang Valley,AR,2026-05-21,5.4,21.7,16.6,66,20.7,IMD-synthetic
D-AR-09,Dibang Valley,AR,2026-05-22,13.4,21.6,13.0,62,6.0,IMD-synthetic
D-AR-09,Dibang Valley,AR,2026-05-23,12.4,17.0,8.6,67,21.3,IMD-synthetic
D-AR-09,Dibang Valley,AR,2026-05-24,17.4,20.3,15.0,73,25.2,IMD-synthetic
D-AR-09,Dibang Valley,AR,2026-05-25,72.3,17.3,8.9,99,14.1,IMD-synthetic
D-AR-09,Dibang Valley,AR,2026-05-26,25.7,18.0,12.2,77,5.6,IMD-synthetic
D-AR-09,Dibang Valley,AR,2026-05-27,10.5,18.2,10.6,70,5.6,IMD-synthetic
D-AR-09,Dibang Valley,AR,2026-05-28,5.6,20.3,15.1,61,3.0,IMD-synthetic
D-AR-09,Dibang Valley,AR,2026-05-29,0.5,20.3,15.3,56,7.9,IMD-synthetic
D-AR-09,Dibang Valley,AR,2026-05-30,6.6,18.7,11.1,64,11.7,IMD-synthetic
D-AR-09,Dibang Valley,AR,2026-05-31,4.6,17.5,11.2,58,9.7,IMD-synthetic
D-AR-09,Dibang Valley,AR,2026-06-01,10.9,21.4,12.5,64,3.0,IMD-synthetic
D-AR-09,Dibang Valley,AR,2026-06-02,18.6,16.7,10.7,70,22.5,IMD-synthetic
D-AR-09,Dibang Valley,AR,2026-06-03,18.4,21.1,16.0,73,17.3,IMD-synthetic
D-AR-09,Dibang Valley,AR,2026-06-04,27.6,17.3,12.0,75,3.1,IMD-synthetic
D-AR-09,Dibang Valley,AR,2026-06-05,11.7,21.5,15.9,67,14.7,IMD-synthetic
D-AR-09,Dibang Valley,AR,2026-06-06,94.4,20.9,12.7,99,13.4,IMD-synthetic
D-AR-09,Dibang Valley,AR,2026-06-07,59.3,17.2,11.2,99,6.5,IMD-synthetic
D-AR-09,Dibang Valley,AR,2026-06-08,51.5,18.2,12.0,97,5.4,IMD-synthetic
D-AR-09,Dibang Valley,AR,2026-06-09,43.2,20.0,11.4,89,17.5,IMD-synthetic
D-AR-09,Dibang Valley,AR,2026-06-10,9.2,18.3,13.2,70,20.2,IMD-synthetic
D-AR-09,Dibang Valley,AR,2026-06-11,21.5,21.4,14.2,68,25.1,IMD-synthetic
D-AR-09,Dibang Valley,AR,2026-06-12,13.8,16.7,9.7,74,17.2,IMD-synthetic
D-AR-09,Dibang Valley,AR,2026-06-13,28.2,18.4,11.9,83,6.5,IMD-synthetic
D-AR-09,Dibang Valley,AR,2026-06-14,21.5,18.5,10.8,69,6.6,IMD-synthetic
D-AR-09,Dibang Valley,AR,2026-06-15,21.7,20.3,13.0,71,21.0,IMD-synthetic
D-AR-09,Dibang Valley,AR,2026-06-16,15.3,22.2,14.5,75,2.5,IMD-synthetic
D-AR-09,Dibang Valley,AR,2026-06-17,3.2,18.1,9.6,61,21.9,IMD-synthetic
D-AR-09,Dibang Valley,AR,2026-06-18,21.6,17.1,9.0,76,18.2,IMD-synthetic
D-AR-09,Dibang Valley,AR,2026-06-19,8.6,20.4,10.4,62,6.9,IMD-synthetic
D-AR-09,Dibang Valley,AR,2026-06-20,28.9,21.1,15.1,79,16.1,IMD-synthetic
D-AR-09,Dibang Valley,AR,2026-06-21,3.6,21.0,12.0,65,4.2,IMD-synthetic
D-AR-09,Dibang Valley,AR,2026-06-22,13.6,19.2,9.8,63,3.2,IMD-synthetic
D-AR-09,Dibang Valley,AR,2026-06-23,7.2,17.1,8.7,63,5.2,IMD-synthetic
D-AR-09,Dibang Valley,AR,2026-06-24,29.8,16.4,9.4,73,3.8,IMD-synthetic
D-AR-09,Dibang Valley,AR,2026-06-25,96.2,18.1,8.3,99,4.3,IMD-synthetic
D-AR-09,Dibang Valley,AR,2026-06-26,62.0,20.8,11.9,99,14.6,IMD-synthetic
D-AR-09,Dibang Valley,AR,2026-06-27,30.1,21.6,15.6,73,21.5,IMD-synthetic
D-AR-09,Dibang Valley,AR,2026-06-28,49.5,17.9,10.8,94,22.1,IMD-synthetic
D-AR-09,Dibang Valley,AR,2026-06-29,0.4,20.8,14.1,61,13.9,IMD-synthetic
D-AR-09,Dibang Valley,AR,2026-06-30,24.5,19.8,10.0,81,24.0,IMD-synthetic
D-AR-09,Dibang Valley,AR,2026-07-01,22.2,18.7,10.7,72,23.3,IMD-synthetic
D-AR-09,Dibang Valley,AR,2026-07-02,56.0,16.5,8.9,99,8.9,IMD-synthetic
D-AR-09,Dibang Valley,AR,2026-07-03,52.4,17.2,10.2,95,22.1,IMD-synthetic
D-AR-09,Dibang Valley,AR,2026-07-04,54.1,20.3,13.3,92,19.4,IMD-synthetic
D-AR-09,Dibang Valley,AR,2026-07-05,67.1,19.2,11.7,99,12.8,IMD-synthetic
D-AR-09,Dibang Valley,AR,2026-07-06,13.6,17.0,7.3,71,22.6,IMD-synthetic
D-AR-09,Dibang Valley,AR,2026-07-07,16.9,18.8,10.1,75,17.1,IMD-synthetic
D-AR-09,Dibang Valley,AR,2026-07-08,11.0,19.4,12.4,65,21.0,IMD-synthetic
D-AR-09,Dibang Valley,AR,2026-07-09,57.8,20.2,13.1,99,24.5,IMD-synthetic
D-AR-09,Dibang Valley,AR,2026-07-10,67.2,20.8,15.5,99,10.7,IMD-synthetic
D-AR-09,Dibang Valley,AR,2026-07-11,47.2,19.5,10.4,95,11.3,IMD-synthetic
D-AR-09,Dibang Valley,AR,2026-07-12,57.7,16.2,6.5,95,24.9,IMD-synthetic
D-AR-09,Dibang Valley,AR,2026-07-13,8.3,18.6,13.3,63,15.2,IMD-synthetic
D-AR-09,Dibang Valley,AR,2026-07-14,3.5,20.4,13.0,65,17.5,IMD-synthetic
D-AR-09,Dibang Valley,AR,2026-07-15,6.9,19.7,13.4,67,3.0,IMD-synthetic
D-AR-09,Dibang Valley,AR,2026-07-16,29.2,16.2,8.6,78,6.7,IMD-synthetic
D-AR-09,Dibang Valley,AR,2026-07-17,15.5,20.4,12.6,75,5.3,IMD-synthetic
D-AR-09,Dibang Valley,AR,2026-07-18,96.9,18.7,13.1,99,10.9,IMD-synthetic
D-AR-09,Dibang Valley,AR,2026-07-19,57.9,15.8,6.7,99,25.8,IMD-synthetic
D-AR-09,Dibang Valley,AR,2026-07-20,2.1,18.4,10.5,66,19.2,IMD-synthetic
D-AR-09,Dibang Valley,AR,2026-07-21,8.3,21.4,14.4,66,15.7,IMD-synthetic
D-AR-09,Dibang Valley,AR,2026-07-22,13.7,20.2,11.2,73,17.8,IMD-synthetic
D-AR-09,Dibang Valley,AR,2026-07-23,20.9,20.9,12.2,76,20.3,IMD-synthetic
D-AR-09,Dibang Valley,AR,2026-07-24,2.9,19.8,14.1,64,15.9,IMD-synthetic
D-AR-09,Dibang Valley,AR,2026-07-25,18.5,17.2,9.4,69,20.5,IMD-synthetic
D-AR-09,Dibang Valley,AR,2026-07-26,18.6,21.1,11.8,78,23.4,IMD-synthetic
D-AR-09,Dibang Valley,AR,2026-07-27,27.3,21.1,15.0,82,20.6,IMD-synthetic
D-AR-09,Dibang Valley,AR,2026-07-28,18.4,22.1,16.8,73,2.6,IMD-synthetic
D-AR-09,Dibang Valley,AR,2026-07-29,5.1,20.4,13.1,61,23.4,IMD-synthetic
D-AR-09,Dibang Valley,AR,2026-07-30,5.7,17.9,10.1,69,7.5,IMD-synthetic
D-AR-09,Dibang Valley,AR,2026-07-31,10.6,20.5,11.0,68,23.6,IMD-synthetic
D-AR-09,Dibang Valley,AR,2026-08-01,16.4,19.8,14.7,74,8.8,IMD-synthetic
D-AR-09,Dibang Valley,AR,2026-08-02,91.4,20.5,14.9,99,18.7,IMD-synthetic
D-AR-09,Dibang Valley,AR,2026-08-03,42.1,18.0,10.3,93,5.5,IMD-synthetic
D-AR-09,Dibang Valley,AR,2026-08-04,41.5,18.1,9.7,87,8.4,IMD-synthetic
D-AR-09,Dibang Valley,AR,2026-08-05,9.5,18.8,11.8,59,21.9,IMD-synthetic
D-AR-09,Dibang Valley,AR,2026-08-06,83.2,15.9,6.7,99,20.4,IMD-synthetic
D-AR-09,Dibang Valley,AR,2026-08-07,47.6,17.8,11.1,98,4.9,IMD-synthetic
D-AR-09,Dibang Valley,AR,2026-08-08,48.6,20.5,13.5,88,16.1,IMD-synthetic
D-AR-09,Dibang Valley,AR,2026-08-09,21.2,18.0,8.5,78,22.0,IMD-synthetic
D-AR-09,Dibang Valley,AR,2026-08-10,18.8,16.4,8.1,72,16.4,IMD-synthetic
D-AR-09,Dibang Valley,AR,2026-08-11,9.7,22.5,16.9,72,11.3,IMD-synthetic
D-AR-09,Dibang Valley,AR,2026-08-12,2.0,17.8,9.7,64,21.8,IMD-synthetic
D-AR-09,Dibang Valley,AR,2026-08-13,59.5,16.0,7.8,94,17.1,IMD-synthetic
D-AR-09,Dibang Valley,AR,2026-08-14,27.0,20.7,15.4,76,6.3,IMD-synthetic
D-AR-09,Dibang Valley,AR,2026-08-15,4.9,20.1,12.9,61,5.4,IMD-synthetic
D-AR-09,Dibang Valley,AR,2026-08-16,5.5,18.3,13.2,62,12.6,IMD-synthetic
D-AR-09,Dibang Valley,AR,2026-08-17,4.1,20.9,13.7,56,11.7,IMD-synthetic
D-AR-09,Dibang Valley,AR,2026-08-18,16.8,20.0,13.3,71,4.2,IMD-synthetic
D-AR-09,Dibang Valley,AR,2026-08-19,18.1,21.3,11.7,77,25.6,IMD-synthetic
D-AR-09,Dibang Valley,AR,2026-08-20,23.3,16.7,7.8,68,24.5,IMD-synthetic
D-AR-09,Dibang Valley,AR,2026-08-21,6.6,22.4,16.4,62,4.1,IMD-synthetic
D-AR-09,Dibang Valley,AR,2026-08-22,23.2,18.4,8.7,71,24.0,IMD-synthetic
D-AR-09,Dibang Valley,AR,2026-08-23,11.7,22.0,14.7,63,25.9,IMD-synthetic
D-AR-09,Dibang Valley,AR,2026-08-24,16.9,16.9,11.1,69,7.3,IMD-synthetic
D-AR-09,Dibang Valley,AR,2026-08-25,20.6,22.2,15.6,72,15.1,IMD-synthetic
D-AR-09,Dibang Valley,AR,2026-08-26,9.4,17.7,10.5,71,15.1,IMD-synthetic
D-AR-09,Dibang Valley,AR,2026-08-27,14.8,20.8,15.0,70,3.1,IMD-synthetic
D-AR-09,Dibang Valley,AR,2026-08-28,7.3,16.8,7.7,63,8.8,IMD-synthetic
D-AR-09,Dibang Valley,AR,2026-08-29,50.2,17.3,11.8,93,4.6,IMD-synthetic
D-AR-09,Dibang Valley,AR,2026-08-30,28.9,19.0,10.0,81,6.1,IMD-synthetic
D-AR-09,Dibang Valley,AR,2026-08-31,30.2,16.3,10.5,74,13.8,IMD-synthetic
D-AR-09,Dibang Valley,AR,2026-09-01,9.3,17.6,9.5,62,24.3,IMD-synthetic
D-AR-09,Dibang Valley,AR,2026-09-02,9.9,18.6,9.5,69,18.5,IMD-synthetic
D-AR-09,Dibang Valley,AR,2026-09-03,13.1,21.7,15.5,72,7.8,IMD-synthetic
D-AR-09,Dibang Valley,AR,2026-09-04,8.9,19.8,9.8,63,10.1,IMD-synthetic
D-AR-09,Dibang Valley,AR,2026-09-05,7.8,21.0,13.5,67,15.1,IMD-synthetic
D-AR-09,Dibang Valley,AR,2026-09-06,7.0,22.1,16.5,63,3.5,IMD-synthetic
D-AR-09,Dibang Valley,AR,2026-09-07,8.6,21.9,14.3,69,22.6,IMD-synthetic
D-AR-09,Dibang Valley,AR,2026-09-08,41.3,16.8,8.5,83,7.4,IMD-synthetic
D-AR-09,Dibang Valley,AR,2026-09-09,24.1,20.3,14.9,74,23.0,IMD-synthetic
D-AR-09,Dibang Valley,AR,2026-09-10,13.5,19.7,12.5,62,8.4,IMD-synthetic
D-AR-09,Dibang Valley,AR,2026-09-11,12.7,19.6,10.7,63,25.6,IMD-synthetic
D-AR-09,Dibang Valley,AR,2026-09-12,9.8,22.3,13.5,72,15.4,IMD-synthetic
D-AR-09,Dibang Valley,AR,2026-09-13,11.8,17.9,9.8,67,20.8,IMD-synthetic
D-AR-09,Dibang Valley,AR,2026-09-14,16.5,17.2,7.6,75,21.2,IMD-synthetic
D-AR-09,Dibang Valley,AR,2026-09-15,12.0,17.9,8.7,66,19.3,IMD-synthetic
D-AR-09,Dibang Valley,AR,2026-09-16,4.3,22.4,14.2,59,16.5,IMD-synthetic
D-MN-01,Imphal West,MN,2026-05-20,7.3,26.4,21.1,58,10.3,IMD-synthetic
D-MN-01,Imphal West,MN,2026-05-21,6.1,28.8,20.0,56,17.7,IMD-synthetic
D-MN-01,Imphal West,MN,2026-05-22,11.0,24.4,16.7,65,13.5,IMD-synthetic
D-MN-01,Imphal West,MN,2026-05-23,11.6,24.1,14.4,66,11.1,IMD-synthetic
D-MN-01,Imphal West,MN,2026-05-24,20.3,26.6,16.7,73,14.8,IMD-synthetic
D-MN-01,Imphal West,MN,2026-05-25,17.1,23.8,15.7,76,14.1,IMD-synthetic
D-MN-01,Imphal West,MN,2026-05-26,21.6,23.7,14.5,71,15.8,IMD-synthetic
D-MN-01,Imphal West,MN,2026-05-27,18.6,27.4,18.4,72,18.4,IMD-synthetic
D-MN-01,Imphal West,MN,2026-05-28,23.5,26.5,20.3,69,8.5,IMD-synthetic
D-MN-01,Imphal West,MN,2026-05-29,12.3,28.3,21.5,74,11.1,IMD-synthetic
D-MN-01,Imphal West,MN,2026-05-30,20.3,27.0,19.2,66,5.0,IMD-synthetic
D-MN-01,Imphal West,MN,2026-05-31,15.7,26.2,17.3,67,11.0,IMD-synthetic
D-MN-01,Imphal West,MN,2026-06-01,17.1,25.3,17.3,66,10.5,IMD-synthetic
D-MN-01,Imphal West,MN,2026-06-02,5.4,26.9,18.7,57,14.8,IMD-synthetic
D-MN-01,Imphal West,MN,2026-06-03,4.9,25.4,16.1,67,6.7,IMD-synthetic
D-MN-01,Imphal West,MN,2026-06-04,16.9,28.5,21.8,66,3.9,IMD-synthetic
D-MN-01,Imphal West,MN,2026-06-05,6.0,26.3,19.6,70,13.6,IMD-synthetic
D-MN-01,Imphal West,MN,2026-06-06,6.3,24.1,16.2,62,16.1,IMD-synthetic
D-MN-01,Imphal West,MN,2026-06-07,4.1,26.3,17.4,60,7.4,IMD-synthetic
D-MN-01,Imphal West,MN,2026-06-08,9.3,26.4,19.4,63,24.8,IMD-synthetic
D-MN-01,Imphal West,MN,2026-06-09,4.8,25.4,16.1,59,16.6,IMD-synthetic
D-MN-01,Imphal West,MN,2026-06-10,14.2,24.7,18.4,62,9.4,IMD-synthetic
D-MN-01,Imphal West,MN,2026-06-11,16.1,28.3,19.2,64,22.0,IMD-synthetic
D-MN-01,Imphal West,MN,2026-06-12,11.0,24.0,18.0,71,10.0,IMD-synthetic
D-MN-01,Imphal West,MN,2026-06-13,14.6,23.4,16.6,67,4.1,IMD-synthetic
D-MN-01,Imphal West,MN,2026-06-14,2.0,28.1,22.1,56,6.2,IMD-synthetic
D-MN-01,Imphal West,MN,2026-06-15,3.9,25.6,17.0,68,4.3,IMD-synthetic
D-MN-01,Imphal West,MN,2026-06-16,8.2,24.9,19.8,66,24.9,IMD-synthetic
D-MN-01,Imphal West,MN,2026-06-17,15.9,27.7,21.3,73,4.1,IMD-synthetic
D-MN-01,Imphal West,MN,2026-06-18,3.3,25.4,17.8,68,18.7,IMD-synthetic
D-MN-01,Imphal West,MN,2026-06-19,10.3,26.6,17.4,69,2.2,IMD-synthetic
D-MN-01,Imphal West,MN,2026-06-20,4.3,26.2,18.4,65,11.7,IMD-synthetic
D-MN-01,Imphal West,MN,2026-06-21,17.2,26.2,16.6,74,12.0,IMD-synthetic
D-MN-01,Imphal West,MN,2026-06-22,15.9,26.4,19.3,73,14.9,IMD-synthetic
D-MN-01,Imphal West,MN,2026-06-23,15.8,23.7,15.2,70,25.6,IMD-synthetic
D-MN-01,Imphal West,MN,2026-06-24,5.1,26.9,18.2,61,10.7,IMD-synthetic
D-MN-01,Imphal West,MN,2026-06-25,14.4,28.0,21.6,69,9.3,IMD-synthetic
D-MN-01,Imphal West,MN,2026-06-26,2.2,23.6,15.1,67,2.6,IMD-synthetic
D-MN-01,Imphal West,MN,2026-06-27,0.1,23.4,17.6,56,17.3,IMD-synthetic
D-MN-01,Imphal West,MN,2026-06-28,16.1,23.3,17.1,72,21.8,IMD-synthetic
D-MN-01,Imphal West,MN,2026-06-29,2.1,25.1,18.5,56,9.8,IMD-synthetic
D-MN-01,Imphal West,MN,2026-06-30,9.6,26.8,19.7,69,18.4,IMD-synthetic
D-MN-01,Imphal West,MN,2026-07-01,5.7,26.2,18.1,61,16.9,IMD-synthetic
D-MN-01,Imphal West,MN,2026-07-02,2.9,28.9,20.4,67,12.2,IMD-synthetic
D-MN-01,Imphal West,MN,2026-07-03,15.8,27.2,20.7,68,19.9,IMD-synthetic
D-MN-01,Imphal West,MN,2026-07-04,17.0,28.8,20.3,76,8.9,IMD-synthetic
D-MN-01,Imphal West,MN,2026-07-05,1.4,24.5,15.4,62,21.4,IMD-synthetic
D-MN-01,Imphal West,MN,2026-07-06,2.7,28.2,22.6,62,23.1,IMD-synthetic
D-MN-01,Imphal West,MN,2026-07-07,12.6,26.7,21.4,71,23.3,IMD-synthetic
D-MN-01,Imphal West,MN,2026-07-08,8.3,26.0,20.0,65,10.3,IMD-synthetic
D-MN-01,Imphal West,MN,2026-07-09,15.4,25.3,16.8,72,6.2,IMD-synthetic
D-MN-01,Imphal West,MN,2026-07-10,7.0,25.8,19.5,70,15.5,IMD-synthetic
D-MN-01,Imphal West,MN,2026-07-11,2.7,24.1,16.2,54,5.4,IMD-synthetic
D-MN-01,Imphal West,MN,2026-07-12,16.4,28.0,19.3,68,17.8,IMD-synthetic
D-MN-01,Imphal West,MN,2026-07-13,2.1,23.5,14.2,63,25.0,IMD-synthetic
D-MN-01,Imphal West,MN,2026-07-14,3.5,25.9,19.8,60,19.2,IMD-synthetic
D-MN-01,Imphal West,MN,2026-07-15,11.3,26.5,20.6,71,2.7,IMD-synthetic
D-MN-01,Imphal West,MN,2026-07-16,3.1,28.9,19.4,57,11.9,IMD-synthetic
D-MN-01,Imphal West,MN,2026-07-17,2.0,25.7,19.1,65,3.8,IMD-synthetic
D-MN-01,Imphal West,MN,2026-07-18,11.1,23.9,14.4,64,10.7,IMD-synthetic
D-MN-01,Imphal West,MN,2026-07-19,15.8,28.0,20.3,67,24.6,IMD-synthetic
D-MN-01,Imphal West,MN,2026-07-20,2.4,27.5,20.2,64,13.8,IMD-synthetic
D-MN-01,Imphal West,MN,2026-07-21,7.9,24.5,19.4,62,22.8,IMD-synthetic
D-MN-01,Imphal West,MN,2026-07-22,19.1,25.8,17.2,67,23.4,IMD-synthetic
D-MN-01,Imphal West,MN,2026-07-23,17.0,26.4,21.4,71,12.6,IMD-synthetic
D-MN-01,Imphal West,MN,2026-07-24,6.6,27.1,19.1,67,23.9,IMD-synthetic
D-MN-01,Imphal West,MN,2026-07-25,4.3,27.4,18.3,56,24.8,IMD-synthetic
D-MN-01,Imphal West,MN,2026-07-26,10.4,23.8,18.7,68,25.3,IMD-synthetic
D-MN-01,Imphal West,MN,2026-07-27,7.3,27.4,18.8,57,6.5,IMD-synthetic
D-MN-01,Imphal West,MN,2026-07-28,43.0,25.8,17.8,95,23.2,IMD-synthetic
D-MN-01,Imphal West,MN,2026-07-29,31.8,25.7,17.9,79,7.1,IMD-synthetic
D-MN-01,Imphal West,MN,2026-07-30,14.1,25.2,17.6,64,17.3,IMD-synthetic
D-MN-01,Imphal West,MN,2026-07-31,1.2,28.2,19.4,66,20.4,IMD-synthetic
D-MN-01,Imphal West,MN,2026-08-01,4.3,24.9,15.3,64,21.6,IMD-synthetic
D-MN-01,Imphal West,MN,2026-08-02,8.8,23.7,18.4,69,5.9,IMD-synthetic
D-MN-01,Imphal West,MN,2026-08-03,11.2,28.4,19.1,60,5.6,IMD-synthetic
D-MN-01,Imphal West,MN,2026-08-04,12.0,27.4,19.5,65,2.6,IMD-synthetic
D-MN-01,Imphal West,MN,2026-08-05,7.3,27.0,18.3,59,16.7,IMD-synthetic
D-MN-01,Imphal West,MN,2026-08-06,0.1,25.7,18.3,55,16.2,IMD-synthetic
D-MN-01,Imphal West,MN,2026-08-07,14.9,23.8,18.6,64,5.6,IMD-synthetic
D-MN-01,Imphal West,MN,2026-08-08,1.8,27.3,18.8,59,13.2,IMD-synthetic
D-MN-01,Imphal West,MN,2026-08-09,0.8,26.8,18.1,53,4.7,IMD-synthetic
D-MN-01,Imphal West,MN,2026-08-10,2.0,24.2,18.6,63,12.7,IMD-synthetic
D-MN-01,Imphal West,MN,2026-08-11,10.2,28.6,19.8,72,6.8,IMD-synthetic
D-MN-01,Imphal West,MN,2026-08-12,11.2,23.2,15.3,65,10.1,IMD-synthetic
D-MN-01,Imphal West,MN,2026-08-13,10.1,25.7,16.3,70,20.6,IMD-synthetic
D-MN-01,Imphal West,MN,2026-08-14,11.7,24.7,19.2,64,21.0,IMD-synthetic
D-MN-01,Imphal West,MN,2026-08-15,9.6,23.9,17.2,58,18.0,IMD-synthetic
D-MN-01,Imphal West,MN,2026-08-16,2.3,24.9,19.3,65,16.2,IMD-synthetic
D-MN-01,Imphal West,MN,2026-08-17,5.6,28.9,20.3,67,3.6,IMD-synthetic
D-MN-01,Imphal West,MN,2026-08-18,10.1,27.8,21.7,68,16.3,IMD-synthetic
D-MN-01,Imphal West,MN,2026-08-19,10.7,26.0,20.9,60,25.3,IMD-synthetic
D-MN-01,Imphal West,MN,2026-08-20,4.2,25.7,18.9,59,10.8,IMD-synthetic
D-MN-01,Imphal West,MN,2026-08-21,14.2,24.2,19.1,75,23.3,IMD-synthetic
D-MN-01,Imphal West,MN,2026-08-22,0.4,29.1,19.4,58,10.7,IMD-synthetic
D-MN-01,Imphal West,MN,2026-08-23,3.5,26.1,20.8,62,3.5,IMD-synthetic
D-MN-01,Imphal West,MN,2026-08-24,14.8,25.5,16.2,62,7.5,IMD-synthetic
D-MN-01,Imphal West,MN,2026-08-25,4.3,27.0,17.5,59,8.3,IMD-synthetic
D-MN-01,Imphal West,MN,2026-08-26,12.7,27.1,18.9,63,19.0,IMD-synthetic
D-MN-01,Imphal West,MN,2026-08-27,3.8,23.9,15.8,67,11.7,IMD-synthetic
D-MN-01,Imphal West,MN,2026-08-28,14.0,26.8,20.0,74,9.4,IMD-synthetic
D-MN-01,Imphal West,MN,2026-08-29,43.8,27.1,20.4,86,22.2,IMD-synthetic
D-MN-01,Imphal West,MN,2026-08-30,31.7,24.2,15.0,76,21.4,IMD-synthetic
D-MN-01,Imphal West,MN,2026-08-31,23.3,22.8,17.6,69,4.8,IMD-synthetic
D-MN-01,Imphal West,MN,2026-09-01,1.3,24.4,15.4,63,11.9,IMD-synthetic
D-MN-01,Imphal West,MN,2026-09-02,4.8,24.8,15.1,62,12.2,IMD-synthetic
D-MN-01,Imphal West,MN,2026-09-03,28.7,27.6,19.2,78,5.6,IMD-synthetic
D-MN-01,Imphal West,MN,2026-09-04,11.0,27.3,17.4,69,13.1,IMD-synthetic
D-MN-01,Imphal West,MN,2026-09-05,0.5,25.9,19.7,58,7.5,IMD-synthetic
D-MN-01,Imphal West,MN,2026-09-06,35.6,24.3,14.5,90,13.8,IMD-synthetic
D-MN-01,Imphal West,MN,2026-09-07,13.1,25.4,19.8,63,2.4,IMD-synthetic
D-MN-01,Imphal West,MN,2026-09-08,3.7,28.3,19.9,60,18.9,IMD-synthetic
D-MN-01,Imphal West,MN,2026-09-09,5.3,24.3,16.5,60,26.0,IMD-synthetic
D-MN-01,Imphal West,MN,2026-09-10,8.3,26.7,20.9,69,24.5,IMD-synthetic
D-MN-01,Imphal West,MN,2026-09-11,8.9,28.4,21.2,60,10.5,IMD-synthetic
D-MN-01,Imphal West,MN,2026-09-12,36.0,26.8,19.4,77,25.5,IMD-synthetic
D-MN-01,Imphal West,MN,2026-09-13,15.5,25.5,18.9,67,16.1,IMD-synthetic
D-MN-01,Imphal West,MN,2026-09-14,8.5,23.3,15.4,67,5.0,IMD-synthetic
D-MN-01,Imphal West,MN,2026-09-15,0.2,27.1,19.2,59,24.6,IMD-synthetic
D-MN-01,Imphal West,MN,2026-09-16,29.8,26.9,18.4,82,15.8,IMD-synthetic
D-MN-02,Churachandpur,MN,2026-05-20,8.0,26.6,20.0,60,8.1,IMD-synthetic
D-MN-02,Churachandpur,MN,2026-05-21,0.5,26.0,17.8,60,13.9,IMD-synthetic
D-MN-02,Churachandpur,MN,2026-05-22,9.4,25.5,18.0,61,3.6,IMD-synthetic
D-MN-02,Churachandpur,MN,2026-05-23,5.2,23.1,16.0,64,20.0,IMD-synthetic
D-MN-02,Churachandpur,MN,2026-05-24,10.8,28.0,22.3,66,24.9,IMD-synthetic
D-MN-02,Churachandpur,MN,2026-05-25,6.8,23.8,14.6,67,12.5,IMD-synthetic
D-MN-02,Churachandpur,MN,2026-05-26,8.2,25.4,17.4,61,15.6,IMD-synthetic
D-MN-02,Churachandpur,MN,2026-05-27,7.3,27.2,21.9,68,8.3,IMD-synthetic
D-MN-02,Churachandpur,MN,2026-05-28,10.1,28.0,22.3,62,3.2,IMD-synthetic
D-MN-02,Churachandpur,MN,2026-05-29,10.8,27.4,21.9,65,22.2,IMD-synthetic
D-MN-02,Churachandpur,MN,2026-05-30,7.9,26.1,17.8,61,22.4,IMD-synthetic
D-MN-02,Churachandpur,MN,2026-05-31,6.5,28.2,22.8,61,18.8,IMD-synthetic
D-MN-02,Churachandpur,MN,2026-06-01,9.4,25.3,15.3,66,23.6,IMD-synthetic
D-MN-02,Churachandpur,MN,2026-06-02,1.5,25.1,20.0,64,14.1,IMD-synthetic
D-MN-02,Churachandpur,MN,2026-06-03,5.3,26.4,21.2,67,3.7,IMD-synthetic
D-MN-02,Churachandpur,MN,2026-06-04,7.3,23.9,16.2,59,4.9,IMD-synthetic
D-MN-02,Churachandpur,MN,2026-06-05,16.2,25.3,16.6,66,25.6,IMD-synthetic
D-MN-02,Churachandpur,MN,2026-06-06,6.9,28.0,20.3,57,2.6,IMD-synthetic
D-MN-02,Churachandpur,MN,2026-06-07,7.7,24.3,16.0,68,6.3,IMD-synthetic
D-MN-02,Churachandpur,MN,2026-06-08,10.3,24.1,17.1,69,18.0,IMD-synthetic
D-MN-02,Churachandpur,MN,2026-06-09,9.4,25.3,16.2,62,6.0,IMD-synthetic
D-MN-02,Churachandpur,MN,2026-06-10,10.3,25.3,18.0,69,15.9,IMD-synthetic
D-MN-02,Churachandpur,MN,2026-06-11,17.1,25.1,16.9,67,16.1,IMD-synthetic
D-MN-02,Churachandpur,MN,2026-06-12,2.2,27.9,22.5,61,4.7,IMD-synthetic
D-MN-02,Churachandpur,MN,2026-06-13,9.1,25.6,19.4,65,18.2,IMD-synthetic
D-MN-02,Churachandpur,MN,2026-06-14,10.1,23.6,15.0,64,20.7,IMD-synthetic
D-MN-02,Churachandpur,MN,2026-06-15,14.6,27.1,18.7,67,9.0,IMD-synthetic
D-MN-02,Churachandpur,MN,2026-06-16,65.8,25.6,19.2,99,11.2,IMD-synthetic
D-MN-02,Churachandpur,MN,2026-06-17,23.5,23.7,15.6,68,12.9,IMD-synthetic
D-MN-02,Churachandpur,MN,2026-06-18,24.8,22.4,17.3,77,4.5,IMD-synthetic
D-MN-02,Churachandpur,MN,2026-06-19,21.3,28.0,21.2,77,21.8,IMD-synthetic
D-MN-02,Churachandpur,MN,2026-06-20,10.0,23.1,15.6,67,20.9,IMD-synthetic
D-MN-02,Churachandpur,MN,2026-06-21,9.8,25.5,18.0,67,23.1,IMD-synthetic
D-MN-02,Churachandpur,MN,2026-06-22,4.7,25.3,15.3,65,12.7,IMD-synthetic
D-MN-02,Churachandpur,MN,2026-06-23,7.8,26.1,20.8,61,7.1,IMD-synthetic
D-MN-02,Churachandpur,MN,2026-06-24,10.8,26.8,18.2,64,20.1,IMD-synthetic
D-MN-02,Churachandpur,MN,2026-06-25,15.0,28.2,18.8,72,4.6,IMD-synthetic
D-MN-02,Churachandpur,MN,2026-06-26,13.2,27.6,20.9,74,3.1,IMD-synthetic
D-MN-02,Churachandpur,MN,2026-06-27,10.2,22.9,16.2,70,2.5,IMD-synthetic
D-MN-02,Churachandpur,MN,2026-06-28,16.6,23.9,17.4,65,5.0,IMD-synthetic
D-MN-02,Churachandpur,MN,2026-06-29,5.8,22.6,16.6,60,2.7,IMD-synthetic
D-MN-02,Churachandpur,MN,2026-06-30,7.4,22.7,13.9,63,23.9,IMD-synthetic
D-MN-02,Churachandpur,MN,2026-07-01,15.5,23.0,16.7,70,20.1,IMD-synthetic
D-MN-02,Churachandpur,MN,2026-07-02,11.0,28.0,19.4,71,13.1,IMD-synthetic
D-MN-02,Churachandpur,MN,2026-07-03,1.9,22.9,16.5,60,25.9,IMD-synthetic
D-MN-02,Churachandpur,MN,2026-07-04,16.8,25.9,16.3,72,24.7,IMD-synthetic
D-MN-02,Churachandpur,MN,2026-07-05,12.4,25.5,16.5,64,25.4,IMD-synthetic
D-MN-02,Churachandpur,MN,2026-07-06,12.4,24.9,15.2,66,9.5,IMD-synthetic
D-MN-02,Churachandpur,MN,2026-07-07,1.8,24.5,18.2,57,17.8,IMD-synthetic
D-MN-02,Churachandpur,MN,2026-07-08,12.3,26.6,18.2,61,18.5,IMD-synthetic
D-MN-02,Churachandpur,MN,2026-07-09,7.2,26.5,19.6,66,10.4,IMD-synthetic
D-MN-02,Churachandpur,MN,2026-07-10,49.9,26.0,19.9,95,20.1,IMD-synthetic
D-MN-02,Churachandpur,MN,2026-07-11,32.6,24.3,17.2,78,25.4,IMD-synthetic
D-MN-02,Churachandpur,MN,2026-07-12,2.0,25.9,19.3,61,11.1,IMD-synthetic
D-MN-02,Churachandpur,MN,2026-07-13,57.4,25.4,18.9,94,14.7,IMD-synthetic
D-MN-02,Churachandpur,MN,2026-07-14,33.1,23.0,16.5,80,11.0,IMD-synthetic
D-MN-02,Churachandpur,MN,2026-07-15,15.8,26.7,18.9,69,13.9,IMD-synthetic
D-MN-02,Churachandpur,MN,2026-07-16,42.8,21.8,12.8,86,12.2,IMD-synthetic
D-MN-02,Churachandpur,MN,2026-07-17,28.3,26.5,19.8,84,15.7,IMD-synthetic
D-MN-02,Churachandpur,MN,2026-07-18,37.7,23.7,17.1,81,20.8,IMD-synthetic
D-MN-02,Churachandpur,MN,2026-07-19,0.6,23.2,13.9,57,21.2,IMD-synthetic
D-MN-02,Churachandpur,MN,2026-07-20,15.7,27.3,21.4,68,18.8,IMD-synthetic
D-MN-02,Churachandpur,MN,2026-07-21,59.1,25.1,18.4,99,2.2,IMD-synthetic
D-MN-02,Churachandpur,MN,2026-07-22,41.1,24.3,15.0,82,5.7,IMD-synthetic
D-MN-02,Churachandpur,MN,2026-07-23,24.1,26.6,19.3,82,13.5,IMD-synthetic
D-MN-02,Churachandpur,MN,2026-07-24,6.2,23.2,16.6,57,2.7,IMD-synthetic
D-MN-02,Churachandpur,MN,2026-07-25,62.4,22.0,15.1,99,14.1,IMD-synthetic
D-MN-02,Churachandpur,MN,2026-07-26,41.6,25.0,17.4,86,3.4,IMD-synthetic
D-MN-02,Churachandpur,MN,2026-07-27,37.2,27.7,22.6,84,14.4,IMD-synthetic
D-MN-02,Churachandpur,MN,2026-07-28,14.3,28.2,22.6,74,6.1,IMD-synthetic
D-MN-02,Churachandpur,MN,2026-07-29,18.9,24.8,15.9,65,21.2,IMD-synthetic
D-MN-02,Churachandpur,MN,2026-07-30,19.9,24.6,18.3,68,21.5,IMD-synthetic
D-MN-02,Churachandpur,MN,2026-07-31,36.2,22.9,16.9,80,19.6,IMD-synthetic
D-MN-02,Churachandpur,MN,2026-08-01,30.6,24.0,16.8,83,19.5,IMD-synthetic
D-MN-02,Churachandpur,MN,2026-08-02,30.3,25.2,17.9,78,21.7,IMD-synthetic
D-MN-02,Churachandpur,MN,2026-08-03,18.3,28.1,18.4,67,5.1,IMD-synthetic
D-MN-02,Churachandpur,MN,2026-08-04,10.7,23.7,17.1,63,21.1,IMD-synthetic
D-MN-02,Churachandpur,MN,2026-08-05,4.1,22.6,12.9,58,17.7,IMD-synthetic
D-MN-02,Churachandpur,MN,2026-08-06,7.2,26.8,17.5,68,3.8,IMD-synthetic
D-MN-02,Churachandpur,MN,2026-08-07,3.0,28.0,18.1,58,14.9,IMD-synthetic
D-MN-02,Churachandpur,MN,2026-08-08,11.2,25.2,15.5,70,25.6,IMD-synthetic
D-MN-02,Churachandpur,MN,2026-08-09,13.8,24.6,18.6,70,17.5,IMD-synthetic
D-MN-02,Churachandpur,MN,2026-08-10,2.6,23.4,17.4,65,14.9,IMD-synthetic
D-MN-02,Churachandpur,MN,2026-08-11,12.6,27.6,20.8,60,15.0,IMD-synthetic
D-MN-02,Churachandpur,MN,2026-08-12,1.0,27.2,17.4,64,8.1,IMD-synthetic
D-MN-02,Churachandpur,MN,2026-08-13,3.0,24.7,14.7,67,9.8,IMD-synthetic
D-MN-02,Churachandpur,MN,2026-08-14,12.7,23.9,14.4,65,7.5,IMD-synthetic
D-MN-02,Churachandpur,MN,2026-08-15,0.5,28.0,19.5,61,4.5,IMD-synthetic
D-MN-02,Churachandpur,MN,2026-08-16,38.8,24.9,17.3,80,12.2,IMD-synthetic
D-MN-02,Churachandpur,MN,2026-08-17,32.4,23.6,17.3,84,10.6,IMD-synthetic
D-MN-02,Churachandpur,MN,2026-08-18,19.9,22.5,14.8,77,23.1,IMD-synthetic
D-MN-02,Churachandpur,MN,2026-08-19,7.3,26.1,18.8,68,4.6,IMD-synthetic
D-MN-02,Churachandpur,MN,2026-08-20,10.0,27.8,19.2,63,17.4,IMD-synthetic
D-MN-02,Churachandpur,MN,2026-08-21,8.2,28.1,20.5,61,14.9,IMD-synthetic
D-MN-02,Churachandpur,MN,2026-08-22,9.6,25.8,15.9,66,20.6,IMD-synthetic
D-MN-02,Churachandpur,MN,2026-08-23,11.7,25.9,19.4,73,13.5,IMD-synthetic
D-MN-02,Churachandpur,MN,2026-08-24,12.9,22.9,13.7,70,8.1,IMD-synthetic
D-MN-02,Churachandpur,MN,2026-08-25,12.4,27.4,17.5,68,25.1,IMD-synthetic
D-MN-02,Churachandpur,MN,2026-08-26,2.7,23.2,17.2,61,7.4,IMD-synthetic
D-MN-02,Churachandpur,MN,2026-08-27,8.0,23.8,14.8,59,4.7,IMD-synthetic
D-MN-02,Churachandpur,MN,2026-08-28,8.4,22.5,12.9,60,23.2,IMD-synthetic
D-MN-02,Churachandpur,MN,2026-08-29,2.6,27.6,18.0,63,15.4,IMD-synthetic
D-MN-02,Churachandpur,MN,2026-08-30,2.2,22.7,17.1,56,6.2,IMD-synthetic
D-MN-02,Churachandpur,MN,2026-08-31,47.2,24.0,16.8,86,23.8,IMD-synthetic
D-MN-02,Churachandpur,MN,2026-09-01,16.8,26.0,17.6,71,21.2,IMD-synthetic
D-MN-02,Churachandpur,MN,2026-09-02,4.1,22.5,17.1,59,10.9,IMD-synthetic
D-MN-02,Churachandpur,MN,2026-09-03,3.1,27.9,21.7,61,24.3,IMD-synthetic
D-MN-02,Churachandpur,MN,2026-09-04,6.8,22.9,15.3,57,13.6,IMD-synthetic
D-MN-02,Churachandpur,MN,2026-09-05,8.0,27.5,19.3,60,9.4,IMD-synthetic
D-MN-02,Churachandpur,MN,2026-09-06,6.3,27.4,18.4,56,6.8,IMD-synthetic
D-MN-02,Churachandpur,MN,2026-09-07,0.2,27.5,20.5,54,10.9,IMD-synthetic
D-MN-02,Churachandpur,MN,2026-09-08,10.1,28.0,20.1,65,3.8,IMD-synthetic
D-MN-02,Churachandpur,MN,2026-09-09,17.7,24.8,15.3,69,8.4,IMD-synthetic
D-MN-02,Churachandpur,MN,2026-09-10,11.6,27.7,20.7,65,22.8,IMD-synthetic
D-MN-02,Churachandpur,MN,2026-09-11,19.2,26.4,16.9,78,25.7,IMD-synthetic
D-MN-02,Churachandpur,MN,2026-09-12,10.7,25.0,18.4,65,21.6,IMD-synthetic
D-MN-02,Churachandpur,MN,2026-09-13,2.9,26.1,20.9,62,10.8,IMD-synthetic
D-MN-02,Churachandpur,MN,2026-09-14,2.1,25.0,19.0,61,11.1,IMD-synthetic
D-MN-02,Churachandpur,MN,2026-09-15,6.0,24.8,17.9,62,2.4,IMD-synthetic
D-MN-02,Churachandpur,MN,2026-09-16,4.6,25.7,16.2,63,13.3,IMD-synthetic
D-MN-03,Ukhrul,MN,2026-05-20,7.9,21.1,13.0,62,10.9,IMD-synthetic
D-MN-03,Ukhrul,MN,2026-05-21,2.2,21.0,15.6,59,11.0,IMD-synthetic
D-MN-03,Ukhrul,MN,2026-05-22,2.8,18.4,13.0,60,18.8,IMD-synthetic
D-MN-03,Ukhrul,MN,2026-05-23,5.4,24.0,16.4,63,22.9,IMD-synthetic
D-MN-03,Ukhrul,MN,2026-05-24,3.6,18.8,9.5,65,25.5,IMD-synthetic
D-MN-03,Ukhrul,MN,2026-05-25,11.2,23.8,14.9,64,14.3,IMD-synthetic
D-MN-03,Ukhrul,MN,2026-05-26,1.4,21.3,14.8,54,20.0,IMD-synthetic
D-MN-03,Ukhrul,MN,2026-05-27,4.6,19.4,14.0,62,21.1,IMD-synthetic
D-MN-03,Ukhrul,MN,2026-05-28,1.7,18.9,10.3,58,5.3,IMD-synthetic
D-MN-03,Ukhrul,MN,2026-05-29,1.9,21.9,14.5,60,3.8,IMD-synthetic
D-MN-03,Ukhrul,MN,2026-05-30,41.7,23.1,16.8,91,8.4,IMD-synthetic
D-MN-03,Ukhrul,MN,2026-05-31,13.7,23.1,16.4,65,13.7,IMD-synthetic
D-MN-03,Ukhrul,MN,2026-06-01,35.6,19.7,10.8,78,22.3,IMD-synthetic
D-MN-03,Ukhrul,MN,2026-06-02,21.3,23.1,16.3,78,19.0,IMD-synthetic
D-MN-03,Ukhrul,MN,2026-06-03,30.7,21.6,15.5,83,10.2,IMD-synthetic
D-MN-03,Ukhrul,MN,2026-06-04,24.0,18.3,12.4,80,8.7,IMD-synthetic
D-MN-03,Ukhrul,MN,2026-06-05,36.2,23.7,16.2,90,16.7,IMD-synthetic
D-MN-03,Ukhrul,MN,2026-06-06,36.7,23.1,16.7,78,13.7,IMD-synthetic
D-MN-03,Ukhrul,MN,2026-06-07,16.7,21.2,15.4,67,12.9,IMD-synthetic
D-MN-03,Ukhrul,MN,2026-06-08,18.2,18.5,8.8,72,24.3,IMD-synthetic
D-MN-03,Ukhrul,MN,2026-06-09,0.1,18.8,9.9,65,17.4,IMD-synthetic
D-MN-03,Ukhrul,MN,2026-06-10,1.1,19.0,12.1,52,6.3,IMD-synthetic
D-MN-03,Ukhrul,MN,2026-06-11,14.8,24.0,15.7,66,12.3,IMD-synthetic
D-MN-03,Ukhrul,MN,2026-06-12,0.8,20.5,10.8,64,12.6,IMD-synthetic
D-MN-03,Ukhrul,MN,2026-06-13,2.5,18.6,11.3,65,16.2,IMD-synthetic
D-MN-03,Ukhrul,MN,2026-06-14,0.1,21.3,11.8,63,17.7,IMD-synthetic
D-MN-03,Ukhrul,MN,2026-06-15,10.5,20.1,11.5,69,7.4,IMD-synthetic
D-MN-03,Ukhrul,MN,2026-06-16,14.6,21.2,14.1,69,7.1,IMD-synthetic
D-MN-03,Ukhrul,MN,2026-06-17,6.3,21.8,15.4,63,4.8,IMD-synthetic
D-MN-03,Ukhrul,MN,2026-06-18,1.6,22.1,13.5,66,25.5,IMD-synthetic
D-MN-03,Ukhrul,MN,2026-06-19,5.7,21.5,15.4,66,20.6,IMD-synthetic
D-MN-03,Ukhrul,MN,2026-06-20,30.5,20.0,12.2,81,7.3,IMD-synthetic
D-MN-03,Ukhrul,MN,2026-06-21,22.1,20.8,14.3,81,20.8,IMD-synthetic
D-MN-03,Ukhrul,MN,2026-06-22,33.4,20.4,12.8,87,7.8,IMD-synthetic
D-MN-03,Ukhrul,MN,2026-06-23,2.8,21.5,14.5,57,15.1,IMD-synthetic
D-MN-03,Ukhrul,MN,2026-06-24,46.6,21.1,15.0,94,8.0,IMD-synthetic
D-MN-03,Ukhrul,MN,2026-06-25,24.5,21.2,15.2,73,6.2,IMD-synthetic
D-MN-03,Ukhrul,MN,2026-06-26,34.9,20.1,10.2,89,25.3,IMD-synthetic
D-MN-03,Ukhrul,MN,2026-06-27,16.8,21.3,14.6,64,21.6,IMD-synthetic
D-MN-03,Ukhrul,MN,2026-06-28,12.9,20.5,13.3,65,3.9,IMD-synthetic
D-MN-03,Ukhrul,MN,2026-06-29,2.9,21.7,13.1,54,2.8,IMD-synthetic
D-MN-03,Ukhrul,MN,2026-06-30,16.6,20.0,14.8,72,9.4,IMD-synthetic
D-MN-03,Ukhrul,MN,2026-07-01,35.8,19.2,9.4,91,13.1,IMD-synthetic
D-MN-03,Ukhrul,MN,2026-07-02,31.5,20.2,12.2,83,5.4,IMD-synthetic
D-MN-03,Ukhrul,MN,2026-07-03,38.2,21.9,14.7,84,18.5,IMD-synthetic
D-MN-03,Ukhrul,MN,2026-07-04,24.0,21.8,14.8,77,24.1,IMD-synthetic
D-MN-03,Ukhrul,MN,2026-07-05,18.4,19.7,10.0,74,26.0,IMD-synthetic
D-MN-03,Ukhrul,MN,2026-07-06,13.4,19.2,9.7,72,23.6,IMD-synthetic
D-MN-03,Ukhrul,MN,2026-07-07,19.3,18.1,8.8,76,18.8,IMD-synthetic
D-MN-03,Ukhrul,MN,2026-07-08,36.2,19.0,10.4,79,23.1,IMD-synthetic
D-MN-03,Ukhrul,MN,2026-07-09,41.9,21.6,13.2,84,17.2,IMD-synthetic
D-MN-03,Ukhrul,MN,2026-07-10,34.0,18.0,11.6,89,13.8,IMD-synthetic
D-MN-03,Ukhrul,MN,2026-07-11,14.1,23.2,15.9,69,24.3,IMD-synthetic
D-MN-03,Ukhrul,MN,2026-07-12,11.8,20.4,15.3,63,20.0,IMD-synthetic
D-MN-03,Ukhrul,MN,2026-07-13,74.4,18.8,10.4,99,9.3,IMD-synthetic
D-MN-03,Ukhrul,MN,2026-07-14,36.3,19.0,9.5,79,8.7,IMD-synthetic
D-MN-03,Ukhrul,MN,2026-07-15,0.6,19.6,14.4,60,25.3,IMD-synthetic
D-MN-03,Ukhrul,MN,2026-07-16,1.4,20.1,12.0,54,7.3,IMD-synthetic
D-MN-03,Ukhrul,MN,2026-07-17,17.7,21.8,15.9,72,10.3,IMD-synthetic
D-MN-03,Ukhrul,MN,2026-07-18,18.2,22.2,15.5,65,11.3,IMD-synthetic
D-MN-03,Ukhrul,MN,2026-07-19,73.6,20.5,12.6,99,11.5,IMD-synthetic
D-MN-03,Ukhrul,MN,2026-07-20,29.7,23.3,14.2,73,15.1,IMD-synthetic
D-MN-03,Ukhrul,MN,2026-07-21,36.2,20.6,15.4,87,7.8,IMD-synthetic
D-MN-03,Ukhrul,MN,2026-07-22,5.4,22.4,13.8,69,17.9,IMD-synthetic
D-MN-03,Ukhrul,MN,2026-07-23,5.8,21.7,11.9,61,7.4,IMD-synthetic
D-MN-03,Ukhrul,MN,2026-07-24,51.4,22.1,12.9,92,2.2,IMD-synthetic
D-MN-03,Ukhrul,MN,2026-07-25,23.7,20.1,15.0,75,25.6,IMD-synthetic
D-MN-03,Ukhrul,MN,2026-07-26,27.1,18.7,11.7,74,13.0,IMD-synthetic
D-MN-03,Ukhrul,MN,2026-07-27,11.7,21.9,13.6,68,20.7,IMD-synthetic
D-MN-03,Ukhrul,MN,2026-07-28,4.4,20.3,14.8,55,20.9,IMD-synthetic
D-MN-03,Ukhrul,MN,2026-07-29,12.9,23.5,14.3,61,7.9,IMD-synthetic
D-MN-03,Ukhrul,MN,2026-07-30,19.2,21.4,14.3,68,2.3,IMD-synthetic
D-MN-03,Ukhrul,MN,2026-07-31,2.3,20.6,13.4,64,16.8,IMD-synthetic
D-MN-03,Ukhrul,MN,2026-08-01,35.2,23.6,14.0,81,23.0,IMD-synthetic
D-MN-03,Ukhrul,MN,2026-08-02,25.1,22.7,15.0,74,15.6,IMD-synthetic
D-MN-03,Ukhrul,MN,2026-08-03,18.6,19.1,10.4,75,9.5,IMD-synthetic
D-MN-03,Ukhrul,MN,2026-08-04,22.2,19.4,10.2,73,21.3,IMD-synthetic
D-MN-03,Ukhrul,MN,2026-08-05,0.1,22.5,15.2,57,6.5,IMD-synthetic
D-MN-03,Ukhrul,MN,2026-08-06,15.1,23.4,14.9,64,23.8,IMD-synthetic
D-MN-03,Ukhrul,MN,2026-08-07,12.3,23.2,17.1,71,2.1,IMD-synthetic
D-MN-03,Ukhrul,MN,2026-08-08,10.8,19.2,11.0,68,17.8,IMD-synthetic
D-MN-03,Ukhrul,MN,2026-08-09,50.4,20.7,11.2,97,18.5,IMD-synthetic
D-MN-03,Ukhrul,MN,2026-08-10,25.1,20.5,11.6,76,7.1,IMD-synthetic
D-MN-03,Ukhrul,MN,2026-08-11,21.8,21.3,15.9,75,9.5,IMD-synthetic
D-MN-03,Ukhrul,MN,2026-08-12,28.3,22.0,14.6,81,4.3,IMD-synthetic
D-MN-03,Ukhrul,MN,2026-08-13,0.7,18.6,8.6,57,7.7,IMD-synthetic
D-MN-03,Ukhrul,MN,2026-08-14,12.4,21.8,15.7,68,11.0,IMD-synthetic
D-MN-03,Ukhrul,MN,2026-08-15,7.8,21.7,12.2,68,8.6,IMD-synthetic
D-MN-03,Ukhrul,MN,2026-08-16,4.8,18.6,13.1,62,6.0,IMD-synthetic
D-MN-03,Ukhrul,MN,2026-08-17,2.5,18.6,10.8,62,14.9,IMD-synthetic
D-MN-03,Ukhrul,MN,2026-08-18,12.9,19.5,11.2,63,8.0,IMD-synthetic
D-MN-03,Ukhrul,MN,2026-08-19,7.5,19.9,13.8,59,20.0,IMD-synthetic
D-MN-03,Ukhrul,MN,2026-08-20,1.7,20.9,11.1,58,16.5,IMD-synthetic
D-MN-03,Ukhrul,MN,2026-08-21,0.2,19.1,11.0,52,2.9,IMD-synthetic
D-MN-03,Ukhrul,MN,2026-08-22,0.8,24.0,15.5,55,5.1,IMD-synthetic
D-MN-03,Ukhrul,MN,2026-08-23,7.6,23.3,17.7,69,7.8,IMD-synthetic
D-MN-03,Ukhrul,MN,2026-08-24,0.6,23.0,17.3,53,10.1,IMD-synthetic
D-MN-03,Ukhrul,MN,2026-08-25,37.3,17.8,7.9,78,19.2,IMD-synthetic
D-MN-03,Ukhrul,MN,2026-08-26,25.6,23.5,16.3,76,11.5,IMD-synthetic
D-MN-03,Ukhrul,MN,2026-08-27,25.5,21.6,15.5,80,18.4,IMD-synthetic
D-MN-03,Ukhrul,MN,2026-08-28,15.2,18.6,10.2,74,25.5,IMD-synthetic
D-MN-03,Ukhrul,MN,2026-08-29,36.7,21.4,12.1,79,20.0,IMD-synthetic
D-MN-03,Ukhrul,MN,2026-08-30,24.5,18.7,9.8,72,22.2,IMD-synthetic
D-MN-03,Ukhrul,MN,2026-08-31,28.2,22.8,17.5,77,5.9,IMD-synthetic
D-MN-03,Ukhrul,MN,2026-09-01,8.5,19.4,13.8,64,14.0,IMD-synthetic
D-MN-03,Ukhrul,MN,2026-09-02,5.9,20.5,11.3,67,23.8,IMD-synthetic
D-MN-03,Ukhrul,MN,2026-09-03,8.0,23.6,16.7,67,24.3,IMD-synthetic
D-MN-03,Ukhrul,MN,2026-09-04,35.4,19.9,14.6,84,20.7,IMD-synthetic
D-MN-03,Ukhrul,MN,2026-09-05,20.1,19.8,14.6,79,11.4,IMD-synthetic
D-MN-03,Ukhrul,MN,2026-09-06,13.0,20.0,11.1,71,15.6,IMD-synthetic
D-MN-03,Ukhrul,MN,2026-09-07,14.8,19.9,11.9,64,6.6,IMD-synthetic
D-MN-03,Ukhrul,MN,2026-09-08,4.1,20.9,11.7,56,25.2,IMD-synthetic
D-MN-03,Ukhrul,MN,2026-09-09,8.4,22.2,12.6,68,24.6,IMD-synthetic
D-MN-03,Ukhrul,MN,2026-09-10,3.4,22.3,16.8,61,14.3,IMD-synthetic
D-MN-03,Ukhrul,MN,2026-09-11,0.4,22.8,13.1,60,18.5,IMD-synthetic
D-MN-03,Ukhrul,MN,2026-09-12,6.6,20.7,12.5,66,23.8,IMD-synthetic
D-MN-03,Ukhrul,MN,2026-09-13,7.0,21.7,14.8,59,15.4,IMD-synthetic
D-MN-03,Ukhrul,MN,2026-09-14,9.5,22.5,12.7,62,13.1,IMD-synthetic
D-MN-03,Ukhrul,MN,2026-09-15,9.5,22.2,15.4,61,7.9,IMD-synthetic
D-MN-03,Ukhrul,MN,2026-09-16,10.1,18.4,10.0,60,19.0,IMD-synthetic
D-MN-04,Tamenglong,MN,2026-05-20,8.0,23.4,18.3,71,8.4,IMD-synthetic
D-MN-04,Tamenglong,MN,2026-05-21,9.3,22.8,14.4,67,14.0,IMD-synthetic
D-MN-04,Tamenglong,MN,2026-05-22,4.8,24.8,16.2,69,19.3,IMD-synthetic
D-MN-04,Tamenglong,MN,2026-05-23,10.9,22.4,16.4,73,12.5,IMD-synthetic
D-MN-04,Tamenglong,MN,2026-05-24,11.8,22.0,15.1,70,20.6,IMD-synthetic
D-MN-04,Tamenglong,MN,2026-05-25,9.6,23.0,13.5,60,6.2,IMD-synthetic
D-MN-04,Tamenglong,MN,2026-05-26,0.3,24.8,19.8,56,22.1,IMD-synthetic
D-MN-04,Tamenglong,MN,2026-05-27,11.2,23.4,14.3,62,11.6,IMD-synthetic
D-MN-04,Tamenglong,MN,2026-05-28,9.4,22.6,15.7,62,12.7,IMD-synthetic
D-MN-04,Tamenglong,MN,2026-05-29,11.0,20.5,11.1,63,7.8,IMD-synthetic
D-MN-04,Tamenglong,MN,2026-05-30,7.0,21.2,15.3,58,21.5,IMD-synthetic
D-MN-04,Tamenglong,MN,2026-05-31,43.6,23.7,15.8,85,23.5,IMD-synthetic
D-MN-04,Tamenglong,MN,2026-06-01,37.8,24.8,18.3,82,9.4,IMD-synthetic
D-MN-04,Tamenglong,MN,2026-06-02,33.2,20.4,12.6,78,20.5,IMD-synthetic
D-MN-04,Tamenglong,MN,2026-06-03,23.0,26.0,17.6,68,14.8,IMD-synthetic
D-MN-04,Tamenglong,MN,2026-06-04,2.2,26.2,17.1,66,5.4,IMD-synthetic
D-MN-04,Tamenglong,MN,2026-06-05,6.8,23.8,18.3,69,8.7,IMD-synthetic
D-MN-04,Tamenglong,MN,2026-06-06,6.7,26.3,19.9,69,12.4,IMD-synthetic
D-MN-04,Tamenglong,MN,2026-06-07,14.6,21.9,12.7,71,18.3,IMD-synthetic
D-MN-04,Tamenglong,MN,2026-06-08,36.5,25.8,16.5,90,18.2,IMD-synthetic
D-MN-04,Tamenglong,MN,2026-06-09,32.6,22.5,15.8,85,5.5,IMD-synthetic
D-MN-04,Tamenglong,MN,2026-06-10,37.0,22.7,17.0,83,18.4,IMD-synthetic
D-MN-04,Tamenglong,MN,2026-06-11,3.6,20.5,14.1,55,21.9,IMD-synthetic
D-MN-04,Tamenglong,MN,2026-06-12,11.5,22.5,16.7,66,14.9,IMD-synthetic
D-MN-04,Tamenglong,MN,2026-06-13,41.7,23.0,13.1,81,24.1,IMD-synthetic
D-MN-04,Tamenglong,MN,2026-06-14,28.3,24.2,15.6,72,6.5,IMD-synthetic
D-MN-04,Tamenglong,MN,2026-06-15,27.9,25.2,19.2,77,16.5,IMD-synthetic
D-MN-04,Tamenglong,MN,2026-06-16,10.5,25.1,16.3,62,11.6,IMD-synthetic
D-MN-04,Tamenglong,MN,2026-06-17,12.7,23.3,17.5,61,4.9,IMD-synthetic
D-MN-04,Tamenglong,MN,2026-06-18,6.3,24.7,17.1,61,23.8,IMD-synthetic
D-MN-04,Tamenglong,MN,2026-06-19,36.2,24.3,15.0,88,10.3,IMD-synthetic
D-MN-04,Tamenglong,MN,2026-06-20,33.2,25.8,19.0,87,17.8,IMD-synthetic
D-MN-04,Tamenglong,MN,2026-06-21,22.7,21.6,15.8,76,20.5,IMD-synthetic
D-MN-04,Tamenglong,MN,2026-06-22,27.5,24.3,18.3,78,16.6,IMD-synthetic
D-MN-04,Tamenglong,MN,2026-06-23,62.9,23.7,14.6,99,7.3,IMD-synthetic
D-MN-04,Tamenglong,MN,2026-06-24,25.7,20.9,13.8,71,10.4,IMD-synthetic
D-MN-04,Tamenglong,MN,2026-06-25,19.1,22.6,13.1,73,13.0,IMD-synthetic
D-MN-04,Tamenglong,MN,2026-06-26,7.1,23.4,13.6,67,21.4,IMD-synthetic
D-MN-04,Tamenglong,MN,2026-06-27,3.7,20.7,15.6,56,11.5,IMD-synthetic
D-MN-04,Tamenglong,MN,2026-06-28,15.5,25.3,17.5,75,15.4,IMD-synthetic
D-MN-04,Tamenglong,MN,2026-06-29,17.6,24.5,14.7,71,21.1,IMD-synthetic
D-MN-04,Tamenglong,MN,2026-06-30,16.9,24.9,17.2,67,11.7,IMD-synthetic
D-MN-04,Tamenglong,MN,2026-07-01,8.9,22.0,16.3,71,25.1,IMD-synthetic
D-MN-04,Tamenglong,MN,2026-07-02,19.7,21.1,15.3,75,2.4,IMD-synthetic
D-MN-04,Tamenglong,MN,2026-07-03,12.2,21.9,16.1,68,18.1,IMD-synthetic
D-MN-04,Tamenglong,MN,2026-07-04,3.1,25.4,15.4,63,6.4,IMD-synthetic
D-MN-04,Tamenglong,MN,2026-07-05,7.1,20.8,14.9,69,25.8,IMD-synthetic
D-MN-04,Tamenglong,MN,2026-07-06,7.5,20.7,13.8,68,17.3,IMD-synthetic
D-MN-04,Tamenglong,MN,2026-07-07,17.3,21.7,12.4,65,3.3,IMD-synthetic
D-MN-04,Tamenglong,MN,2026-07-08,15.9,22.0,12.9,63,18.1,IMD-synthetic
D-MN-04,Tamenglong,MN,2026-07-09,11.2,22.2,16.6,67,5.6,IMD-synthetic
D-MN-04,Tamenglong,MN,2026-07-10,1.4,25.2,19.3,62,14.2,IMD-synthetic
D-MN-04,Tamenglong,MN,2026-07-11,8.0,23.9,15.3,66,11.3,IMD-synthetic
D-MN-04,Tamenglong,MN,2026-07-12,5.6,23.3,16.5,59,3.7,IMD-synthetic
D-MN-04,Tamenglong,MN,2026-07-13,12.6,20.8,15.4,74,8.4,IMD-synthetic
D-MN-04,Tamenglong,MN,2026-07-14,46.3,22.4,17.3,97,4.2,IMD-synthetic
D-MN-04,Tamenglong,MN,2026-07-15,36.3,23.5,17.4,81,15.1,IMD-synthetic
D-MN-04,Tamenglong,MN,2026-07-16,28.1,21.2,13.8,71,5.3,IMD-synthetic
D-MN-04,Tamenglong,MN,2026-07-17,25.8,22.7,16.9,70,16.9,IMD-synthetic
D-MN-04,Tamenglong,MN,2026-07-18,1.9,24.9,19.5,57,24.6,IMD-synthetic
D-MN-04,Tamenglong,MN,2026-07-19,15.1,22.9,13.2,68,14.8,IMD-synthetic
D-MN-04,Tamenglong,MN,2026-07-20,8.1,23.8,16.2,60,6.0,IMD-synthetic
D-MN-04,Tamenglong,MN,2026-07-21,9.7,20.9,12.9,69,5.2,IMD-synthetic
D-MN-04,Tamenglong,MN,2026-07-22,13.5,20.5,10.7,71,25.1,IMD-synthetic
D-MN-04,Tamenglong,MN,2026-07-23,9.5,23.7,16.9,70,24.5,IMD-synthetic
D-MN-04,Tamenglong,MN,2026-07-24,13.7,25.7,17.2,65,4.8,IMD-synthetic
D-MN-04,Tamenglong,MN,2026-07-25,15.4,22.3,16.4,76,18.1,IMD-synthetic
D-MN-04,Tamenglong,MN,2026-07-26,12.8,21.4,15.8,61,4.9,IMD-synthetic
D-MN-04,Tamenglong,MN,2026-07-27,65.3,22.4,15.5,99,15.5,IMD-synthetic
D-MN-04,Tamenglong,MN,2026-07-28,30.3,25.6,18.2,83,2.0,IMD-synthetic
D-MN-04,Tamenglong,MN,2026-07-29,11.3,22.8,16.3,69,12.4,IMD-synthetic
D-MN-04,Tamenglong,MN,2026-07-30,11.5,23.9,14.3,72,4.1,IMD-synthetic
D-MN-04,Tamenglong,MN,2026-07-31,7.7,22.5,14.0,57,22.6,IMD-synthetic
D-MN-04,Tamenglong,MN,2026-08-01,32.2,21.9,15.8,77,16.1,IMD-synthetic
D-MN-04,Tamenglong,MN,2026-08-02,22.0,21.8,14.7,70,13.1,IMD-synthetic
D-MN-04,Tamenglong,MN,2026-08-03,16.7,25.6,17.8,68,15.7,IMD-synthetic
D-MN-04,Tamenglong,MN,2026-08-04,4.9,20.8,13.9,61,2.2,IMD-synthetic
D-MN-04,Tamenglong,MN,2026-08-05,1.7,23.7,16.4,62,12.2,IMD-synthetic
D-MN-04,Tamenglong,MN,2026-08-06,1.2,22.4,16.0,60,22.4,IMD-synthetic
D-MN-04,Tamenglong,MN,2026-08-07,11.7,24.0,17.3,64,17.8,IMD-synthetic
D-MN-04,Tamenglong,MN,2026-08-08,14.9,24.8,15.4,75,9.0,IMD-synthetic
D-MN-04,Tamenglong,MN,2026-08-09,10.9,25.1,16.1,63,4.9,IMD-synthetic
D-MN-04,Tamenglong,MN,2026-08-10,9.3,21.9,13.9,70,24.7,IMD-synthetic
D-MN-04,Tamenglong,MN,2026-08-11,8.9,22.1,14.2,62,11.8,IMD-synthetic
D-MN-04,Tamenglong,MN,2026-08-12,52.1,23.9,18.0,91,16.2,IMD-synthetic
D-MN-04,Tamenglong,MN,2026-08-13,24.0,20.9,12.3,78,7.2,IMD-synthetic
D-MN-04,Tamenglong,MN,2026-08-14,25.3,25.1,16.9,82,16.0,IMD-synthetic
D-MN-04,Tamenglong,MN,2026-08-15,31.5,20.6,14.8,87,25.9,IMD-synthetic
D-MN-04,Tamenglong,MN,2026-08-16,6.8,20.8,14.9,68,20.3,IMD-synthetic
D-MN-04,Tamenglong,MN,2026-08-17,4.6,25.6,18.9,59,19.0,IMD-synthetic
D-MN-04,Tamenglong,MN,2026-08-18,5.2,25.3,19.6,66,2.9,IMD-synthetic
D-MN-04,Tamenglong,MN,2026-08-19,33.3,22.6,16.1,88,5.6,IMD-synthetic
D-MN-04,Tamenglong,MN,2026-08-20,25.9,23.5,14.4,72,19.7,IMD-synthetic
D-MN-04,Tamenglong,MN,2026-08-21,21.5,21.0,15.4,77,13.1,IMD-synthetic
D-MN-04,Tamenglong,MN,2026-08-22,13.3,23.5,15.5,63,16.0,IMD-synthetic
D-MN-04,Tamenglong,MN,2026-08-23,12.9,26.1,18.3,67,21.3,IMD-synthetic
D-MN-04,Tamenglong,MN,2026-08-24,9.4,26.1,19.8,63,9.2,IMD-synthetic
D-MN-04,Tamenglong,MN,2026-08-25,5.0,22.8,17.4,58,15.0,IMD-synthetic
D-MN-04,Tamenglong,MN,2026-08-26,13.6,22.1,16.2,73,5.8,IMD-synthetic
D-MN-04,Tamenglong,MN,2026-08-27,2.1,25.7,19.7,59,6.4,IMD-synthetic
D-MN-04,Tamenglong,MN,2026-08-28,10.1,20.5,14.3,65,15.9,IMD-synthetic
D-MN-04,Tamenglong,MN,2026-08-29,10.6,25.2,18.2,70,21.9,IMD-synthetic
D-MN-04,Tamenglong,MN,2026-08-30,34.5,24.2,18.5,88,11.2,IMD-synthetic
D-MN-04,Tamenglong,MN,2026-08-31,25.4,20.4,11.0,78,17.5,IMD-synthetic
D-MN-04,Tamenglong,MN,2026-09-01,22.3,22.8,16.4,74,6.5,IMD-synthetic
D-MN-04,Tamenglong,MN,2026-09-02,11.1,21.6,15.0,61,14.9,IMD-synthetic
D-MN-04,Tamenglong,MN,2026-09-03,3.9,20.8,15.0,62,24.7,IMD-synthetic
D-MN-04,Tamenglong,MN,2026-09-04,3.6,23.2,16.5,66,24.1,IMD-synthetic
D-MN-04,Tamenglong,MN,2026-09-05,2.1,23.7,17.9,64,2.2,IMD-synthetic
D-MN-04,Tamenglong,MN,2026-09-06,26.0,26.1,20.0,82,7.5,IMD-synthetic
D-MN-04,Tamenglong,MN,2026-09-07,13.3,21.9,14.6,62,18.6,IMD-synthetic
D-MN-04,Tamenglong,MN,2026-09-08,18.7,22.8,15.5,78,2.3,IMD-synthetic
D-MN-04,Tamenglong,MN,2026-09-09,1.5,23.4,15.4,63,9.6,IMD-synthetic
D-MN-04,Tamenglong,MN,2026-09-10,0.6,22.2,15.3,53,24.6,IMD-synthetic
D-MN-04,Tamenglong,MN,2026-09-11,2.5,24.0,15.2,65,6.1,IMD-synthetic
D-MN-04,Tamenglong,MN,2026-09-12,33.4,25.7,20.0,77,9.1,IMD-synthetic
D-MN-04,Tamenglong,MN,2026-09-13,11.5,26.2,18.3,70,26.0,IMD-synthetic
D-MN-04,Tamenglong,MN,2026-09-14,19.9,20.8,12.2,79,17.9,IMD-synthetic
D-MN-04,Tamenglong,MN,2026-09-15,0.6,22.8,15.6,64,11.9,IMD-synthetic
D-MN-04,Tamenglong,MN,2026-09-16,7.0,23.7,15.1,70,22.0,IMD-synthetic
D-MN-05,Senapati,MN,2026-05-20,7.6,24.5,15.4,63,16.9,IMD-synthetic
D-MN-05,Senapati,MN,2026-05-21,11.2,22.6,16.3,65,17.4,IMD-synthetic
D-MN-05,Senapati,MN,2026-05-22,10.4,24.1,15.2,65,5.6,IMD-synthetic
D-MN-05,Senapati,MN,2026-05-23,11.1,22.6,16.0,60,24.9,IMD-synthetic
D-MN-05,Senapati,MN,2026-05-24,4.1,24.0,16.3,64,24.0,IMD-synthetic
D-MN-05,Senapati,MN,2026-05-25,1.8,23.1,16.9,55,15.8,IMD-synthetic
D-MN-05,Senapati,MN,2026-05-26,9.5,22.1,16.7,72,4.9,IMD-synthetic
D-MN-05,Senapati,MN,2026-05-27,6.1,23.0,16.3,65,12.0,IMD-synthetic
D-MN-05,Senapati,MN,2026-05-28,7.3,25.6,16.1,69,12.9,IMD-synthetic
D-MN-05,Senapati,MN,2026-05-29,26.3,21.4,13.3,73,5.6,IMD-synthetic
D-MN-05,Senapati,MN,2026-05-30,13.3,27.3,19.2,71,6.3,IMD-synthetic
D-MN-05,Senapati,MN,2026-05-31,16.2,26.7,17.9,70,6.1,IMD-synthetic
D-MN-05,Senapati,MN,2026-06-01,9.0,23.8,17.5,61,12.9,IMD-synthetic
D-MN-05,Senapati,MN,2026-06-02,6.6,23.3,17.6,61,11.0,IMD-synthetic
D-MN-05,Senapati,MN,2026-06-03,14.9,25.0,16.8,74,6.6,IMD-synthetic
D-MN-05,Senapati,MN,2026-06-04,13.5,25.6,16.5,64,9.0,IMD-synthetic
D-MN-05,Senapati,MN,2026-06-05,16.1,26.4,19.9,75,14.0,IMD-synthetic
D-MN-05,Senapati,MN,2026-06-06,16.9,21.5,14.2,75,2.2,IMD-synthetic
D-MN-05,Senapati,MN,2026-06-07,12.5,26.1,17.7,61,20.4,IMD-synthetic
D-MN-05,Senapati,MN,2026-06-08,14.5,24.1,17.8,71,6.4,IMD-synthetic
D-MN-05,Senapati,MN,2026-06-09,12.1,22.4,13.0,70,11.9,IMD-synthetic
D-MN-05,Senapati,MN,2026-06-10,8.3,24.5,17.9,60,23.9,IMD-synthetic
D-MN-05,Senapati,MN,2026-06-11,0.3,22.1,15.1,59,5.4,IMD-synthetic
D-MN-05,Senapati,MN,2026-06-12,0.5,23.9,15.3,54,16.2,IMD-synthetic
D-MN-05,Senapati,MN,2026-06-13,5.9,26.8,17.2,61,3.0,IMD-synthetic
D-MN-05,Senapati,MN,2026-06-14,5.8,25.6,17.7,59,7.9,IMD-synthetic
D-MN-05,Senapati,MN,2026-06-15,14.9,25.3,19.4,71,9.1,IMD-synthetic
D-MN-05,Senapati,MN,2026-06-16,3.3,24.2,18.8,63,17.0,IMD-synthetic
D-MN-05,Senapati,MN,2026-06-17,50.8,21.4,15.4,89,17.7,IMD-synthetic
D-MN-05,Senapati,MN,2026-06-18,34.0,21.3,14.9,83,22.4,IMD-synthetic
D-MN-05,Senapati,MN,2026-06-19,32.9,22.1,13.0,76,22.4,IMD-synthetic
D-MN-05,Senapati,MN,2026-06-20,20.3,26.3,17.4,71,9.1,IMD-synthetic
D-MN-05,Senapati,MN,2026-06-21,16.2,25.7,18.0,75,15.0,IMD-synthetic
D-MN-05,Senapati,MN,2026-06-22,18.2,23.1,18.1,75,4.6,IMD-synthetic
D-MN-05,Senapati,MN,2026-06-23,10.2,21.8,15.3,63,5.2,IMD-synthetic
D-MN-05,Senapati,MN,2026-06-24,0.0,26.4,20.5,64,24.0,IMD-synthetic
D-MN-05,Senapati,MN,2026-06-25,11.7,24.4,15.2,67,20.6,IMD-synthetic
D-MN-05,Senapati,MN,2026-06-26,11.7,23.2,13.8,70,20.6,IMD-synthetic
D-MN-05,Senapati,MN,2026-06-27,8.0,22.3,15.8,60,16.7,IMD-synthetic
D-MN-05,Senapati,MN,2026-06-28,8.0,22.4,17.0,60,9.3,IMD-synthetic
D-MN-05,Senapati,MN,2026-06-29,35.2,22.6,16.5,90,8.8,IMD-synthetic
D-MN-05,Senapati,MN,2026-06-30,28.4,24.3,14.9,82,18.8,IMD-synthetic
D-MN-05,Senapati,MN,2026-07-01,22.6,24.1,16.0,69,20.2,IMD-synthetic
D-MN-05,Senapati,MN,2026-07-02,11.9,25.1,17.2,67,17.6,IMD-synthetic
D-MN-05,Senapati,MN,2026-07-03,4.0,26.0,20.9,57,12.4,IMD-synthetic
D-MN-05,Senapati,MN,2026-07-04,14.8,25.9,17.4,63,10.3,IMD-synthetic
D-MN-05,Senapati,MN,2026-07-05,3.2,23.6,15.9,56,4.3,IMD-synthetic
D-MN-05,Senapati,MN,2026-07-06,0.9,26.5,20.1,65,23.6,IMD-synthetic
D-MN-05,Senapati,MN,2026-07-07,0.0,23.8,15.4,64,22.2,IMD-synthetic
D-MN-05,Senapati,MN,2026-07-08,13.2,24.8,16.7,62,11.6,IMD-synthetic
D-MN-05,Senapati,MN,2026-07-09,3.3,24.4,17.2,57,7.5,IMD-synthetic
D-MN-05,Senapati,MN,2026-07-10,19.9,22.6,13.2,74,11.2,IMD-synthetic
D-MN-05,Senapati,MN,2026-07-11,19.2,22.6,15.2,78,4.0,IMD-synthetic
D-MN-05,Senapati,MN,2026-07-12,2.3,25.4,17.7,64,21.9,IMD-synthetic
D-MN-05,Senapati,MN,2026-07-13,8.0,22.2,15.0,61,20.6,IMD-synthetic
D-MN-05,Senapati,MN,2026-07-14,39.7,25.0,16.0,82,7.4,IMD-synthetic
D-MN-05,Senapati,MN,2026-07-15,33.8,21.7,14.0,82,25.3,IMD-synthetic
D-MN-05,Senapati,MN,2026-07-16,3.7,26.0,17.4,55,13.4,IMD-synthetic
D-MN-05,Senapati,MN,2026-07-17,15.3,27.1,22.0,76,13.6,IMD-synthetic
D-MN-05,Senapati,MN,2026-07-18,13.0,24.0,15.9,66,16.0,IMD-synthetic
D-MN-05,Senapati,MN,2026-07-19,54.3,25.9,16.8,93,3.8,IMD-synthetic
D-MN-05,Senapati,MN,2026-07-20,22.9,24.9,15.1,69,24.0,IMD-synthetic
D-MN-05,Senapati,MN,2026-07-21,35.7,23.2,15.2,85,14.8,IMD-synthetic
D-MN-05,Senapati,MN,2026-07-22,25.6,25.4,18.7,76,19.6,IMD-synthetic
D-MN-05,Senapati,MN,2026-07-23,67.4,21.4,14.4,99,24.9,IMD-synthetic
D-MN-05,Senapati,MN,2026-07-24,29.1,23.5,17.6,84,15.8,IMD-synthetic
D-MN-05,Senapati,MN,2026-07-25,22.2,23.2,17.2,76,16.2,IMD-synthetic
D-MN-05,Senapati,MN,2026-07-26,40.2,22.0,15.4,88,18.1,IMD-synthetic
D-MN-05,Senapati,MN,2026-07-27,0.2,24.3,17.8,54,22.7,IMD-synthetic
D-MN-05,Senapati,MN,2026-07-28,58.9,21.5,13.4,99,25.7,IMD-synthetic
D-MN-05,Senapati,MN,2026-07-29,26.9,25.8,17.9,76,2.5,IMD-synthetic
D-MN-05,Senapati,MN,2026-07-30,20.1,26.0,18.7,75,14.0,IMD-synthetic
D-MN-05,Senapati,MN,2026-07-31,13.7,26.5,20.1,65,24.9,IMD-synthetic
D-MN-05,Senapati,MN,2026-08-01,9.3,24.5,18.0,64,7.8,IMD-synthetic
D-MN-05,Senapati,MN,2026-08-02,8.0,25.3,19.3,67,14.9,IMD-synthetic
D-MN-05,Senapati,MN,2026-08-03,15.3,23.2,15.3,63,9.0,IMD-synthetic
D-MN-05,Senapati,MN,2026-08-04,29.6,25.0,16.0,84,9.8,IMD-synthetic
D-MN-05,Senapati,MN,2026-08-05,18.3,26.4,16.5,67,5.3,IMD-synthetic
D-MN-05,Senapati,MN,2026-08-06,23.3,23.7,17.3,76,3.5,IMD-synthetic
D-MN-05,Senapati,MN,2026-08-07,29.9,22.2,14.5,76,14.5,IMD-synthetic
D-MN-05,Senapati,MN,2026-08-08,0.0,26.9,19.0,54,18.0,IMD-synthetic
D-MN-05,Senapati,MN,2026-08-09,34.3,26.0,18.2,84,19.7,IMD-synthetic
D-MN-05,Senapati,MN,2026-08-10,19.9,26.5,16.5,73,12.0,IMD-synthetic
D-MN-05,Senapati,MN,2026-08-11,30.3,21.2,11.6,79,10.9,IMD-synthetic
D-MN-05,Senapati,MN,2026-08-12,31.2,25.2,16.6,84,11.7,IMD-synthetic
D-MN-05,Senapati,MN,2026-08-13,25.6,26.5,18.5,78,2.4,IMD-synthetic
D-MN-05,Senapati,MN,2026-08-14,5.5,23.3,15.5,66,6.6,IMD-synthetic
D-MN-05,Senapati,MN,2026-08-15,8.3,26.6,16.6,63,15.7,IMD-synthetic
D-MN-05,Senapati,MN,2026-08-16,7.4,25.9,20.8,58,13.3,IMD-synthetic
D-MN-05,Senapati,MN,2026-08-17,9.9,21.7,16.1,69,12.3,IMD-synthetic
D-MN-05,Senapati,MN,2026-08-18,1.9,23.0,13.4,57,25.3,IMD-synthetic
D-MN-05,Senapati,MN,2026-08-19,9.1,21.8,14.4,67,24.9,IMD-synthetic
D-MN-05,Senapati,MN,2026-08-20,14.3,26.3,19.4,66,2.9,IMD-synthetic
D-MN-05,Senapati,MN,2026-08-21,12.0,22.2,12.6,68,12.5,IMD-synthetic
D-MN-05,Senapati,MN,2026-08-22,4.8,24.1,18.2,68,6.3,IMD-synthetic
D-MN-05,Senapati,MN,2026-08-23,5.1,22.9,14.7,64,12.5,IMD-synthetic
D-MN-05,Senapati,MN,2026-08-24,34.3,26.5,20.0,80,20.9,IMD-synthetic
D-MN-05,Senapati,MN,2026-08-25,21.8,22.6,15.4,69,22.4,IMD-synthetic
D-MN-05,Senapati,MN,2026-08-26,29.5,24.4,17.8,79,4.0,IMD-synthetic
D-MN-05,Senapati,MN,2026-08-27,5.1,23.7,18.2,65,22.7,IMD-synthetic
D-MN-05,Senapati,MN,2026-08-28,0.1,23.2,17.6,54,4.2,IMD-synthetic
D-MN-05,Senapati,MN,2026-08-29,14.3,26.1,19.9,72,5.4,IMD-synthetic
D-MN-05,Senapati,MN,2026-08-30,7.6,24.1,17.7,66,19.6,IMD-synthetic
D-MN-05,Senapati,MN,2026-08-31,8.5,25.8,19.2,62,6.3,IMD-synthetic
D-MN-05,Senapati,MN,2026-09-01,1.8,26.7,21.0,65,4.4,IMD-synthetic
D-MN-05,Senapati,MN,2026-09-02,5.4,24.5,16.4,62,3.3,IMD-synthetic
D-MN-05,Senapati,MN,2026-09-03,5.6,25.4,18.6,64,8.2,IMD-synthetic
D-MN-05,Senapati,MN,2026-09-04,2.9,23.0,16.2,57,20.5,IMD-synthetic
D-MN-05,Senapati,MN,2026-09-05,9.3,25.9,16.6,62,22.0,IMD-synthetic
D-MN-05,Senapati,MN,2026-09-06,1.3,25.1,16.6,66,13.0,IMD-synthetic
D-MN-05,Senapati,MN,2026-09-07,9.0,25.1,19.9,61,14.3,IMD-synthetic
D-MN-05,Senapati,MN,2026-09-08,19.6,22.6,17.2,76,18.5,IMD-synthetic
D-MN-05,Senapati,MN,2026-09-09,13.5,25.3,15.7,75,12.3,IMD-synthetic
D-MN-05,Senapati,MN,2026-09-10,28.5,26.5,17.4,79,10.5,IMD-synthetic
D-MN-05,Senapati,MN,2026-09-11,12.8,24.7,18.7,64,15.3,IMD-synthetic
D-MN-05,Senapati,MN,2026-09-12,12.9,25.6,19.0,62,18.6,IMD-synthetic
D-MN-05,Senapati,MN,2026-09-13,8.9,22.8,16.2,61,21.5,IMD-synthetic
D-MN-05,Senapati,MN,2026-09-14,0.5,24.7,15.4,57,18.5,IMD-synthetic
D-MN-05,Senapati,MN,2026-09-15,3.0,23.9,18.5,60,19.8,IMD-synthetic
D-MN-05,Senapati,MN,2026-09-16,6.3,23.9,14.2,70,7.4,IMD-synthetic
D-ML-01,East Khasi Hills,ML,2026-05-20,4.7,22.8,16.5,60,21.1,IMD-synthetic
D-ML-01,East Khasi Hills,ML,2026-05-21,31.1,19.1,11.2,81,2.7,IMD-synthetic
D-ML-01,East Khasi Hills,ML,2026-05-22,93.7,21.0,13.6,99,14.8,IMD-synthetic
D-ML-01,East Khasi Hills,ML,2026-05-23,43.4,24.1,15.6,84,18.9,IMD-synthetic
D-ML-01,East Khasi Hills,ML,2026-05-24,14.1,22.2,12.7,64,9.1,IMD-synthetic
D-ML-01,East Khasi Hills,ML,2026-05-25,32.2,23.4,16.9,85,23.6,IMD-synthetic
D-ML-01,East Khasi Hills,ML,2026-05-26,24.9,22.4,15.2,77,23.0,IMD-synthetic
D-ML-01,East Khasi Hills,ML,2026-05-27,30.6,20.7,12.2,78,14.5,IMD-synthetic
D-ML-01,East Khasi Hills,ML,2026-05-28,25.5,23.9,18.6,71,12.6,IMD-synthetic
D-ML-01,East Khasi Hills,ML,2026-05-29,25.1,22.5,13.0,81,22.1,IMD-synthetic
D-ML-01,East Khasi Hills,ML,2026-05-30,10.3,22.3,14.1,71,12.8,IMD-synthetic
D-ML-01,East Khasi Hills,ML,2026-05-31,123.3,21.7,14.1,99,8.3,IMD-synthetic
D-ML-01,East Khasi Hills,ML,2026-06-01,72.3,18.7,12.4,99,12.2,IMD-synthetic
D-ML-01,East Khasi Hills,ML,2026-06-02,8.4,25.1,15.2,59,6.4,IMD-synthetic
D-ML-01,East Khasi Hills,ML,2026-06-03,1.6,22.4,15.7,59,14.9,IMD-synthetic
D-ML-01,East Khasi Hills,ML,2026-06-04,30.5,22.4,12.5,85,3.9,IMD-synthetic
D-ML-01,East Khasi Hills,ML,2026-06-05,17.8,19.0,9.9,74,16.8,IMD-synthetic
D-ML-01,East Khasi Hills,ML,2026-06-06,51.0,22.7,14.5,90,4.5,IMD-synthetic
D-ML-01,East Khasi Hills,ML,2026-06-07,2.5,21.1,13.3,59,12.2,IMD-synthetic
D-ML-01,East Khasi Hills,ML,2026-06-08,43.4,20.8,12.7,91,19.9,IMD-synthetic
D-ML-01,East Khasi Hills,ML,2026-06-09,1.1,23.6,13.8,52,22.1,IMD-synthetic
D-ML-01,East Khasi Hills,ML,2026-06-10,6.7,21.5,12.8,58,15.8,IMD-synthetic
D-ML-01,East Khasi Hills,ML,2026-06-11,4.2,20.7,11.4,56,15.8,IMD-synthetic
D-ML-01,East Khasi Hills,ML,2026-06-12,7.1,24.4,17.7,60,12.2,IMD-synthetic
D-ML-01,East Khasi Hills,ML,2026-06-13,36.4,20.6,12.9,78,14.1,IMD-synthetic
D-ML-01,East Khasi Hills,ML,2026-06-14,14.9,19.4,13.7,65,13.1,IMD-synthetic
D-ML-01,East Khasi Hills,ML,2026-06-15,47.8,24.1,15.1,92,6.9,IMD-synthetic
D-ML-01,East Khasi Hills,ML,2026-06-16,7.4,21.8,15.7,62,19.3,IMD-synthetic
D-ML-01,East Khasi Hills,ML,2026-06-17,12.9,21.2,12.2,61,2.2,IMD-synthetic
D-ML-01,East Khasi Hills,ML,2026-06-18,17.0,24.2,15.4,77,4.2,IMD-synthetic
D-ML-01,East Khasi Hills,ML,2026-06-19,15.4,23.0,17.6,67,11.3,IMD-synthetic
D-ML-01,East Khasi Hills,ML,2026-06-20,30.8,22.2,15.4,84,4.8,IMD-synthetic
D-ML-01,East Khasi Hills,ML,2026-06-21,13.0,24.8,16.7,70,22.1,IMD-synthetic
D-ML-01,East Khasi Hills,ML,2026-06-22,24.9,19.9,14.8,71,16.3,IMD-synthetic
D-ML-01,East Khasi Hills,ML,2026-06-23,34.3,21.2,14.5,79,6.3,IMD-synthetic
D-ML-01,East Khasi Hills,ML,2026-06-24,112.0,22.3,13.9,99,23.4,IMD-synthetic
D-ML-01,East Khasi Hills,ML,2026-06-25,89.7,22.0,12.2,99,23.4,IMD-synthetic
D-ML-01,East Khasi Hills,ML,2026-06-26,72.6,23.3,15.1,99,21.9,IMD-synthetic
D-ML-01,East Khasi Hills,ML,2026-06-27,193.6,16.3,8.0,99,5.2,IMD-synthetic
D-ML-01,East Khasi Hills,ML,2026-06-28,110.9,17.5,11.8,99,12.1,IMD-synthetic
D-ML-01,East Khasi Hills,ML,2026-06-29,108.1,20.5,15.0,99,18.2,IMD-synthetic
D-ML-01,East Khasi Hills,ML,2026-06-30,27.9,22.3,14.3,82,24.2,IMD-synthetic
D-ML-01,East Khasi Hills,ML,2026-07-01,33.2,19.0,11.5,78,20.1,IMD-synthetic
D-ML-01,East Khasi Hills,ML,2026-07-02,49.6,22.2,13.7,86,6.2,IMD-synthetic
D-ML-01,East Khasi Hills,ML,2026-07-03,44.0,20.2,12.1,89,8.5,IMD-synthetic
D-ML-01,East Khasi Hills,ML,2026-07-04,55.4,19.0,10.5,99,20.4,IMD-synthetic
D-ML-01,East Khasi Hills,ML,2026-07-05,51.5,19.2,11.7,94,23.3,IMD-synthetic
D-ML-01,East Khasi Hills,ML,2026-07-06,191.7,21.8,11.9,99,20.2,IMD-synthetic
D-ML-01,East Khasi Hills,ML,2026-07-07,112.1,22.3,13.4,99,2.8,IMD-synthetic
D-ML-01,East Khasi Hills,ML,2026-07-08,77.4,19.2,11.7,99,3.6,IMD-synthetic
D-ML-01,East Khasi Hills,ML,2026-07-09,31.6,21.4,12.7,87,7.3,IMD-synthetic
D-ML-01,East Khasi Hills,ML,2026-07-10,23.3,23.4,16.2,79,4.3,IMD-synthetic
D-ML-01,East Khasi Hills,ML,2026-07-11,34.9,22.4,16.8,89,6.6,IMD-synthetic
D-ML-01,East Khasi Hills,ML,2026-07-12,50.4,24.2,18.3,89,5.2,IMD-synthetic
D-ML-01,East Khasi Hills,ML,2026-07-13,9.6,19.3,13.0,67,6.1,IMD-synthetic
D-ML-01,East Khasi Hills,ML,2026-07-14,51.6,22.1,13.5,93,13.1,IMD-synthetic
D-ML-01,East Khasi Hills,ML,2026-07-15,98.4,18.0,9.5,99,22.1,IMD-synthetic
D-ML-01,East Khasi Hills,ML,2026-07-16,75.3,21.4,15.6,99,20.7,IMD-synthetic
D-ML-01,East Khasi Hills,ML,2026-07-17,112.1,21.3,16.0,99,16.8,IMD-synthetic
D-ML-01,East Khasi Hills,ML,2026-07-18,36.6,19.5,10.7,85,13.2,IMD-synthetic
D-ML-01,East Khasi Hills,ML,2026-07-19,42.4,21.4,12.7,95,22.8,IMD-synthetic
D-ML-01,East Khasi Hills,ML,2026-07-20,11.8,20.1,14.7,67,9.2,IMD-synthetic
D-ML-01,East Khasi Hills,ML,2026-07-21,16.7,20.6,11.1,72,7.1,IMD-synthetic
D-ML-01,East Khasi Hills,ML,2026-07-22,6.2,24.1,18.8,59,11.2,IMD-synthetic
D-ML-01,East Khasi Hills,ML,2026-07-23,39.6,19.9,12.5,81,11.6,IMD-synthetic
D-ML-01,East Khasi Hills,ML,2026-07-24,9.8,24.7,18.9,59,16.3,IMD-synthetic
D-ML-01,East Khasi Hills,ML,2026-07-25,13.6,24.4,17.3,63,15.7,IMD-synthetic
D-ML-01,East Khasi Hills,ML,2026-07-26,55.3,21.9,16.9,97,16.5,IMD-synthetic
D-ML-01,East Khasi Hills,ML,2026-07-27,152.5,17.5,7.7,99,2.3,IMD-synthetic
D-ML-01,East Khasi Hills,ML,2026-07-28,109.4,18.7,11.4,99,20.7,IMD-synthetic
D-ML-01,East Khasi Hills,ML,2026-07-29,9.9,19.7,13.7,70,15.6,IMD-synthetic
D-ML-01,East Khasi Hills,ML,2026-07-30,27.2,19.3,12.4,73,4.9,IMD-synthetic
D-ML-01,East Khasi Hills,ML,2026-07-31,14.6,24.2,15.7,66,11.8,IMD-synthetic
D-ML-01,East Khasi Hills,ML,2026-08-01,21.9,22.3,14.6,81,3.6,IMD-synthetic
D-ML-01,East Khasi Hills,ML,2026-08-02,20.1,20.8,13.8,79,5.5,IMD-synthetic
D-ML-01,East Khasi Hills,ML,2026-08-03,13.3,24.2,14.5,63,10.7,IMD-synthetic
D-ML-01,East Khasi Hills,ML,2026-08-04,17.5,19.8,13.9,77,8.5,IMD-synthetic
D-ML-01,East Khasi Hills,ML,2026-08-05,157.3,20.6,15.5,99,19.8,IMD-synthetic
D-ML-01,East Khasi Hills,ML,2026-08-06,66.3,23.2,13.8,99,2.5,IMD-synthetic
D-ML-01,East Khasi Hills,ML,2026-08-07,77.7,20.5,12.4,99,7.4,IMD-synthetic
D-ML-01,East Khasi Hills,ML,2026-08-08,50.6,20.9,12.6,95,9.2,IMD-synthetic
D-ML-01,East Khasi Hills,ML,2026-08-09,42.9,22.6,16.2,86,18.6,IMD-synthetic
D-ML-01,East Khasi Hills,ML,2026-08-10,15.5,21.3,15.6,64,18.0,IMD-synthetic
D-ML-01,East Khasi Hills,ML,2026-08-11,41.1,22.1,12.9,83,12.3,IMD-synthetic
D-ML-01,East Khasi Hills,ML,2026-08-12,43.9,22.8,14.1,93,23.2,IMD-synthetic
D-ML-01,East Khasi Hills,ML,2026-08-13,24.6,23.6,14.1,76,12.1,IMD-synthetic
D-ML-01,East Khasi Hills,ML,2026-08-14,16.8,19.3,14.3,71,9.5,IMD-synthetic
D-ML-01,East Khasi Hills,ML,2026-08-15,22.6,20.3,11.2,75,4.1,IMD-synthetic
D-ML-01,East Khasi Hills,ML,2026-08-16,25.3,21.8,13.7,77,4.1,IMD-synthetic
D-ML-01,East Khasi Hills,ML,2026-08-17,2.2,22.7,14.1,60,21.8,IMD-synthetic
D-ML-01,East Khasi Hills,ML,2026-08-18,43.0,20.9,11.1,90,22.0,IMD-synthetic
D-ML-01,East Khasi Hills,ML,2026-08-19,43.3,20.2,13.9,88,12.8,IMD-synthetic
D-ML-01,East Khasi Hills,ML,2026-08-20,22.3,19.6,11.7,74,9.6,IMD-synthetic
D-ML-01,East Khasi Hills,ML,2026-08-21,6.5,24.3,18.5,70,6.8,IMD-synthetic
D-ML-01,East Khasi Hills,ML,2026-08-22,30.3,23.2,13.9,78,9.9,IMD-synthetic
D-ML-01,East Khasi Hills,ML,2026-08-23,33.6,18.7,13.6,83,11.0,IMD-synthetic
D-ML-01,East Khasi Hills,ML,2026-08-24,32.8,24.7,17.4,83,16.7,IMD-synthetic
D-ML-01,East Khasi Hills,ML,2026-08-25,124.2,21.9,11.9,99,4.9,IMD-synthetic
D-ML-01,East Khasi Hills,ML,2026-08-26,83.8,18.0,8.2,99,11.2,IMD-synthetic
D-ML-01,East Khasi Hills,ML,2026-08-27,81.6,21.7,12.6,99,13.9,IMD-synthetic
D-ML-01,East Khasi Hills,ML,2026-08-28,90.6,22.2,14.3,99,20.6,IMD-synthetic
D-ML-01,East Khasi Hills,ML,2026-08-29,32.7,22.4,15.5,82,19.6,IMD-synthetic
D-ML-01,East Khasi Hills,ML,2026-08-30,43.7,24.2,14.5,94,15.1,IMD-synthetic
D-ML-01,East Khasi Hills,ML,2026-08-31,11.4,20.6,15.3,72,21.6,IMD-synthetic
D-ML-01,East Khasi Hills,ML,2026-09-01,15.8,23.1,16.9,64,4.3,IMD-synthetic
D-ML-01,East Khasi Hills,ML,2026-09-02,29.2,19.3,13.8,84,9.6,IMD-synthetic
D-ML-01,East Khasi Hills,ML,2026-09-03,17.0,21.2,14.9,70,20.2,IMD-synthetic
D-ML-01,East Khasi Hills,ML,2026-09-04,9.5,25.0,19.1,62,22.3,IMD-synthetic
D-ML-01,East Khasi Hills,ML,2026-09-05,61.6,22.8,16.4,99,12.7,IMD-synthetic
D-ML-01,East Khasi Hills,ML,2026-09-06,43.6,22.0,14.0,86,23.4,IMD-synthetic
D-ML-01,East Khasi Hills,ML,2026-09-07,40.1,21.0,13.8,90,4.3,IMD-synthetic
D-ML-01,East Khasi Hills,ML,2026-09-08,8.2,23.0,17.9,59,20.5,IMD-synthetic
D-ML-01,East Khasi Hills,ML,2026-09-09,21.1,19.8,14.1,69,12.7,IMD-synthetic
D-ML-01,East Khasi Hills,ML,2026-09-10,8.9,19.1,9.3,63,2.8,IMD-synthetic
D-ML-01,East Khasi Hills,ML,2026-09-11,27.2,21.8,13.4,83,13.2,IMD-synthetic
D-ML-01,East Khasi Hills,ML,2026-09-12,11.0,24.9,17.8,61,24.3,IMD-synthetic
D-ML-01,East Khasi Hills,ML,2026-09-13,13.9,19.1,13.7,70,25.8,IMD-synthetic
D-ML-01,East Khasi Hills,ML,2026-09-14,4.3,23.4,17.9,56,12.0,IMD-synthetic
D-ML-01,East Khasi Hills,ML,2026-09-15,100.7,23.4,16.7,99,18.0,IMD-synthetic
D-ML-01,East Khasi Hills,ML,2026-09-16,61.4,18.9,13.7,99,6.1,IMD-synthetic
D-ML-02,West Jaintia Hills,ML,2026-05-20,84.4,18.8,13.2,99,5.4,IMD-synthetic
D-ML-02,West Jaintia Hills,ML,2026-05-21,37.7,19.8,10.4,91,6.8,IMD-synthetic
D-ML-02,West Jaintia Hills,ML,2026-05-22,69.3,22.2,12.2,99,3.6,IMD-synthetic
D-ML-02,West Jaintia Hills,ML,2026-05-23,102.9,19.8,12.1,99,13.9,IMD-synthetic
D-ML-02,West Jaintia Hills,ML,2026-05-24,50.9,23.6,17.5,99,23.4,IMD-synthetic
D-ML-02,West Jaintia Hills,ML,2026-05-25,25.9,21.4,12.8,83,9.3,IMD-synthetic
D-ML-02,West Jaintia Hills,ML,2026-05-26,5.0,22.5,12.6,67,9.2,IMD-synthetic
D-ML-02,West Jaintia Hills,ML,2026-05-27,0.9,23.6,16.9,52,14.0,IMD-synthetic
D-ML-02,West Jaintia Hills,ML,2026-05-28,21.5,20.8,12.1,73,5.6,IMD-synthetic
D-ML-02,West Jaintia Hills,ML,2026-05-29,19.2,22.1,14.6,71,6.1,IMD-synthetic
D-ML-02,West Jaintia Hills,ML,2026-05-30,26.0,24.0,18.4,76,24.9,IMD-synthetic
D-ML-02,West Jaintia Hills,ML,2026-05-31,33.9,22.4,13.2,85,11.3,IMD-synthetic
D-ML-02,West Jaintia Hills,ML,2026-06-01,36.9,21.7,15.9,79,25.6,IMD-synthetic
D-ML-02,West Jaintia Hills,ML,2026-06-02,32.8,22.0,12.0,86,12.6,IMD-synthetic
D-ML-02,West Jaintia Hills,ML,2026-06-03,14.2,23.4,16.0,73,17.9,IMD-synthetic
D-ML-02,West Jaintia Hills,ML,2026-06-04,33.7,21.5,16.3,89,4.6,IMD-synthetic
D-ML-02,West Jaintia Hills,ML,2026-06-05,26.4,22.4,15.9,72,7.6,IMD-synthetic
D-ML-02,West Jaintia Hills,ML,2026-06-06,42.8,21.0,14.5,87,19.7,IMD-synthetic
D-ML-02,West Jaintia Hills,ML,2026-06-07,8.0,20.4,15.0,68,12.4,IMD-synthetic
D-ML-02,West Jaintia Hills,ML,2026-06-08,38.9,21.4,14.6,87,6.1,IMD-synthetic
D-ML-02,West Jaintia Hills,ML,2026-06-09,34.8,21.0,14.6,87,20.4,IMD-synthetic
D-ML-02,West Jaintia Hills,ML,2026-06-10,37.5,22.2,16.2,85,14.7,IMD-synthetic
D-ML-02,West Jaintia Hills,ML,2026-06-11,0.1,23.9,17.7,55,18.3,IMD-synthetic
D-ML-02,West Jaintia Hills,ML,2026-06-12,26.4,24.7,15.7,80,14.7,IMD-synthetic
D-ML-02,West Jaintia Hills,ML,2026-06-13,42.3,22.4,12.4,87,22.8,IMD-synthetic
D-ML-02,West Jaintia Hills,ML,2026-06-14,176.6,22.9,17.0,99,23.1,IMD-synthetic
D-ML-02,West Jaintia Hills,ML,2026-06-15,71.2,22.7,16.3,99,6.5,IMD-synthetic
D-ML-02,West Jaintia Hills,ML,2026-06-16,6.2,22.2,15.6,66,14.7,IMD-synthetic
D-ML-02,West Jaintia Hills,ML,2026-06-17,139.7,18.2,9.6,99,11.2,IMD-synthetic
D-ML-02,West Jaintia Hills,ML,2026-06-18,111.3,19.3,14.0,99,4.5,IMD-synthetic
D-ML-02,West Jaintia Hills,ML,2026-06-19,43.7,22.9,13.3,83,4.1,IMD-synthetic
D-ML-02,West Jaintia Hills,ML,2026-06-20,49.5,20.3,10.7,93,4.8,IMD-synthetic
D-ML-02,West Jaintia Hills,ML,2026-06-21,36.4,23.8,15.9,84,17.7,IMD-synthetic
D-ML-02,West Jaintia Hills,ML,2026-06-22,41.2,19.9,11.7,86,24.3,IMD-synthetic
D-ML-02,West Jaintia Hills,ML,2026-06-23,49.6,23.2,15.1,97,3.2,IMD-synthetic
D-ML-02,West Jaintia Hills,ML,2026-06-24,5.2,23.7,14.5,64,21.7,IMD-synthetic
D-ML-02,West Jaintia Hills,ML,2026-06-25,19.2,19.6,14.0,68,12.5,IMD-synthetic
D-ML-02,West Jaintia Hills,ML,2026-06-26,28.0,23.7,18.6,84,15.4,IMD-synthetic
D-ML-02,West Jaintia Hills,ML,2026-06-27,44.2,22.3,17.3,84,13.2,IMD-synthetic
D-ML-02,West Jaintia Hills,ML,2026-06-28,37.7,22.1,12.4,79,2.7,IMD-synthetic
D-ML-02,West Jaintia Hills,ML,2026-06-29,5.9,23.5,13.6,58,23.5,IMD-synthetic
D-ML-02,West Jaintia Hills,ML,2026-06-30,46.4,22.7,12.8,87,13.8,IMD-synthetic
D-ML-02,West Jaintia Hills,ML,2026-07-01,11.4,21.8,15.7,66,12.1,IMD-synthetic
D-ML-02,West Jaintia Hills,ML,2026-07-02,51.9,19.1,10.1,95,18.2,IMD-synthetic
D-ML-02,West Jaintia Hills,ML,2026-07-03,21.1,21.7,12.4,73,2.4,IMD-synthetic
D-ML-02,West Jaintia Hills,ML,2026-07-04,38.6,21.0,12.0,80,23.0,IMD-synthetic
D-ML-02,West Jaintia Hills,ML,2026-07-05,9.4,24.7,17.7,59,25.8,IMD-synthetic
D-ML-02,West Jaintia Hills,ML,2026-07-06,44.0,22.5,13.3,86,18.0,IMD-synthetic
D-ML-02,West Jaintia Hills,ML,2026-07-07,176.1,19.1,11.9,99,7.9,IMD-synthetic
D-ML-02,West Jaintia Hills,ML,2026-07-08,112.8,23.5,16.7,99,23.1,IMD-synthetic
D-ML-02,West Jaintia Hills,ML,2026-07-09,66.9,20.7,12.0,99,23.5,IMD-synthetic
D-ML-02,West Jaintia Hills,ML,2026-07-10,22.4,19.6,10.0,70,10.7,IMD-synthetic
D-ML-02,West Jaintia Hills,ML,2026-07-11,55.1,22.9,14.1,99,5.8,IMD-synthetic
D-ML-02,West Jaintia Hills,ML,2026-07-12,40.5,23.4,15.3,92,15.9,IMD-synthetic
D-ML-02,West Jaintia Hills,ML,2026-07-13,49.3,22.1,16.0,86,23.9,IMD-synthetic
D-ML-02,West Jaintia Hills,ML,2026-07-14,34.6,24.2,15.1,80,7.5,IMD-synthetic
D-ML-02,West Jaintia Hills,ML,2026-07-15,21.2,20.0,12.6,71,21.4,IMD-synthetic
D-ML-02,West Jaintia Hills,ML,2026-07-16,22.4,21.3,12.7,71,18.0,IMD-synthetic
D-ML-02,West Jaintia Hills,ML,2026-07-17,49.7,20.5,12.8,88,9.8,IMD-synthetic
D-ML-02,West Jaintia Hills,ML,2026-07-18,50.8,20.7,13.2,91,25.8,IMD-synthetic
D-ML-02,West Jaintia Hills,ML,2026-07-19,47.3,22.6,15.5,98,9.7,IMD-synthetic
D-ML-02,West Jaintia Hills,ML,2026-07-20,19.4,24.1,14.5,67,15.1,IMD-synthetic
D-ML-02,West Jaintia Hills,ML,2026-07-21,204.5,18.5,13.0,99,10.9,IMD-synthetic
D-ML-02,West Jaintia Hills,ML,2026-07-22,94.2,21.4,14.7,99,11.0,IMD-synthetic
D-ML-02,West Jaintia Hills,ML,2026-07-23,118.5,18.2,9.8,99,5.9,IMD-synthetic
D-ML-02,West Jaintia Hills,ML,2026-07-24,1.1,21.7,15.2,63,22.2,IMD-synthetic
D-ML-02,West Jaintia Hills,ML,2026-07-25,16.2,24.3,17.0,63,3.6,IMD-synthetic
D-ML-02,West Jaintia Hills,ML,2026-07-26,26.6,19.8,12.3,72,11.2,IMD-synthetic
D-ML-02,West Jaintia Hills,ML,2026-07-27,37.6,22.5,14.3,81,17.9,IMD-synthetic
D-ML-02,West Jaintia Hills,ML,2026-07-28,151.5,19.2,13.1,99,6.5,IMD-synthetic
D-ML-02,West Jaintia Hills,ML,2026-07-29,86.3,23.4,14.2,99,9.8,IMD-synthetic
D-ML-02,West Jaintia Hills,ML,2026-07-30,10.4,20.0,12.2,63,20.5,IMD-synthetic
D-ML-02,West Jaintia Hills,ML,2026-07-31,30.4,25.3,15.8,75,14.4,IMD-synthetic
D-ML-02,West Jaintia Hills,ML,2026-08-01,2.0,22.4,16.1,53,17.7,IMD-synthetic
D-ML-02,West Jaintia Hills,ML,2026-08-02,9.1,22.6,17.3,70,7.0,IMD-synthetic
D-ML-02,West Jaintia Hills,ML,2026-08-03,32.1,25.2,18.2,80,5.3,IMD-synthetic
D-ML-02,West Jaintia Hills,ML,2026-08-04,9.6,22.9,14.3,70,16.6,IMD-synthetic
D-ML-02,West Jaintia Hills,ML,2026-08-05,29.7,19.6,13.3,85,14.6,IMD-synthetic
D-ML-02,West Jaintia Hills,ML,2026-08-06,30.0,20.5,12.0,83,20.7,IMD-synthetic
D-ML-02,West Jaintia Hills,ML,2026-08-07,15.3,19.8,12.2,74,20.5,IMD-synthetic
D-ML-02,West Jaintia Hills,ML,2026-08-08,25.5,23.9,14.1,74,22.5,IMD-synthetic
D-ML-02,West Jaintia Hills,ML,2026-08-09,11.4,19.8,13.8,69,9.7,IMD-synthetic
D-ML-02,West Jaintia Hills,ML,2026-08-10,32.5,22.4,13.0,81,10.1,IMD-synthetic
D-ML-02,West Jaintia Hills,ML,2026-08-11,19.3,20.1,11.6,65,21.9,IMD-synthetic
D-ML-02,West Jaintia Hills,ML,2026-08-12,6.5,20.9,14.8,62,22.1,IMD-synthetic
D-ML-02,West Jaintia Hills,ML,2026-08-13,9.1,20.1,14.2,71,5.5,IMD-synthetic
D-ML-02,West Jaintia Hills,ML,2026-08-14,33.6,24.4,15.2,84,13.8,IMD-synthetic
D-ML-02,West Jaintia Hills,ML,2026-08-15,42.8,19.8,14.0,92,5.8,IMD-synthetic
D-ML-02,West Jaintia Hills,ML,2026-08-16,16.4,21.4,12.2,69,15.3,IMD-synthetic
D-ML-02,West Jaintia Hills,ML,2026-08-17,159.8,22.3,12.5,99,16.0,IMD-synthetic
D-ML-02,West Jaintia Hills,ML,2026-08-18,84.2,19.6,10.1,99,25.9,IMD-synthetic
D-ML-02,West Jaintia Hills,ML,2026-08-19,35.1,19.4,9.4,89,6.4,IMD-synthetic
D-ML-02,West Jaintia Hills,ML,2026-08-20,21.9,20.0,12.9,67,3.7,IMD-synthetic
D-ML-02,West Jaintia Hills,ML,2026-08-21,39.2,19.4,13.3,93,11.6,IMD-synthetic
D-ML-02,West Jaintia Hills,ML,2026-08-22,39.2,19.5,12.8,79,2.8,IMD-synthetic
D-ML-02,West Jaintia Hills,ML,2026-08-23,9.2,22.2,14.9,61,8.7,IMD-synthetic
D-ML-02,West Jaintia Hills,ML,2026-08-24,37.7,24.5,17.3,86,20.8,IMD-synthetic
D-ML-02,West Jaintia Hills,ML,2026-08-25,10.7,23.1,15.4,72,2.8,IMD-synthetic
D-ML-02,West Jaintia Hills,ML,2026-08-26,41.1,20.8,15.0,85,19.5,IMD-synthetic
D-ML-02,West Jaintia Hills,ML,2026-08-27,24.3,20.2,12.2,79,7.4,IMD-synthetic
D-ML-02,West Jaintia Hills,ML,2026-08-28,7.0,24.3,18.4,68,5.8,IMD-synthetic
D-ML-02,West Jaintia Hills,ML,2026-08-29,36.3,20.6,12.3,81,20.5,IMD-synthetic
D-ML-02,West Jaintia Hills,ML,2026-08-30,2.6,24.8,16.2,60,17.5,IMD-synthetic
D-ML-02,West Jaintia Hills,ML,2026-08-31,20.0,20.6,12.4,70,6.9,IMD-synthetic
D-ML-02,West Jaintia Hills,ML,2026-09-01,19.1,23.4,16.5,71,2.0,IMD-synthetic
D-ML-02,West Jaintia Hills,ML,2026-09-02,13.3,24.6,17.5,68,10.7,IMD-synthetic
D-ML-02,West Jaintia Hills,ML,2026-09-03,26.7,20.5,12.8,80,24.1,IMD-synthetic
D-ML-02,West Jaintia Hills,ML,2026-09-04,25.8,20.5,15.3,72,3.9,IMD-synthetic
D-ML-02,West Jaintia Hills,ML,2026-09-05,25.3,21.3,12.2,78,8.7,IMD-synthetic
D-ML-02,West Jaintia Hills,ML,2026-09-06,28.0,23.0,17.1,73,25.0,IMD-synthetic
D-ML-02,West Jaintia Hills,ML,2026-09-07,5.3,25.6,19.4,56,5.7,IMD-synthetic
D-ML-02,West Jaintia Hills,ML,2026-09-08,20.0,21.6,12.3,66,16.8,IMD-synthetic
D-ML-02,West Jaintia Hills,ML,2026-09-09,30.3,21.1,12.1,82,2.8,IMD-synthetic
D-ML-02,West Jaintia Hills,ML,2026-09-10,17.8,24.5,15.5,68,20.8,IMD-synthetic
D-ML-02,West Jaintia Hills,ML,2026-09-11,23.2,21.0,11.6,72,7.9,IMD-synthetic
D-ML-02,West Jaintia Hills,ML,2026-09-12,18.2,20.4,11.3,65,15.5,IMD-synthetic
D-ML-02,West Jaintia Hills,ML,2026-09-13,30.7,20.8,15.2,87,8.5,IMD-synthetic
D-ML-02,West Jaintia Hills,ML,2026-09-14,5.0,23.3,16.1,60,16.4,IMD-synthetic
D-ML-02,West Jaintia Hills,ML,2026-09-15,26.8,23.1,17.4,71,5.4,IMD-synthetic
D-ML-02,West Jaintia Hills,ML,2026-09-16,12.3,20.2,12.9,68,8.7,IMD-synthetic
D-ML-03,West Garo Hills,ML,2026-05-20,82.5,28.5,19.2,99,15.6,IMD-synthetic
D-ML-03,West Garo Hills,ML,2026-05-21,69.2,27.2,17.3,99,5.2,IMD-synthetic
D-ML-03,West Garo Hills,ML,2026-05-22,2.6,27.6,20.2,57,11.6,IMD-synthetic
D-ML-03,West Garo Hills,ML,2026-05-23,29.4,27.4,20.8,81,14.2,IMD-synthetic
D-ML-03,West Garo Hills,ML,2026-05-24,8.7,26.7,17.2,67,23.4,IMD-synthetic
D-ML-03,West Garo Hills,ML,2026-05-25,15.4,30.6,25.5,70,5.8,IMD-synthetic
D-ML-03,West Garo Hills,ML,2026-05-26,18.3,27.6,18.2,68,6.6,IMD-synthetic
D-ML-03,West Garo Hills,ML,2026-05-27,2.2,30.4,21.1,58,9.6,IMD-synthetic
D-ML-03,West Garo Hills,ML,2026-05-28,24.7,26.7,18.8,70,7.7,IMD-synthetic
D-ML-03,West Garo Hills,ML,2026-05-29,17.8,28.6,19.0,70,5.4,IMD-synthetic
D-ML-03,West Garo Hills,ML,2026-05-30,33.4,28.0,19.3,87,5.7,IMD-synthetic
D-ML-03,West Garo Hills,ML,2026-05-31,18.7,30.2,23.9,76,9.7,IMD-synthetic
D-ML-03,West Garo Hills,ML,2026-06-01,41.7,29.1,20.4,94,9.3,IMD-synthetic
D-ML-03,West Garo Hills,ML,2026-06-02,26.0,28.4,20.2,81,6.8,IMD-synthetic
D-ML-03,West Garo Hills,ML,2026-06-03,12.4,27.1,19.2,68,10.5,IMD-synthetic
D-ML-03,West Garo Hills,ML,2026-06-04,32.6,26.1,19.4,84,18.0,IMD-synthetic
D-ML-03,West Garo Hills,ML,2026-06-05,14.5,31.3,24.6,69,20.8,IMD-synthetic
D-ML-03,West Garo Hills,ML,2026-06-06,28.0,30.8,23.1,85,9.7,IMD-synthetic
D-ML-03,West Garo Hills,ML,2026-06-07,41.9,26.4,17.5,81,14.2,IMD-synthetic
D-ML-03,West Garo Hills,ML,2026-06-08,6.6,29.7,23.9,60,7.2,IMD-synthetic
D-ML-03,West Garo Hills,ML,2026-06-09,46.1,29.9,24.5,92,6.1,IMD-synthetic
D-ML-03,West Garo Hills,ML,2026-06-10,9.7,28.2,19.4,66,10.5,IMD-synthetic
D-ML-03,West Garo Hills,ML,2026-06-11,49.3,27.9,19.1,99,12.7,IMD-synthetic
D-ML-03,West Garo Hills,ML,2026-06-12,10.0,30.7,21.3,68,4.2,IMD-synthetic
D-ML-03,West Garo Hills,ML,2026-06-13,41.8,27.0,20.6,85,15.8,IMD-synthetic
D-ML-03,West Garo Hills,ML,2026-06-14,41.6,29.2,20.9,86,22.0,IMD-synthetic
D-ML-03,West Garo Hills,ML,2026-06-15,7.1,28.5,22.2,68,10.2,IMD-synthetic
D-ML-03,West Garo Hills,ML,2026-06-16,50.8,27.6,21.6,88,22.1,IMD-synthetic
D-ML-03,West Garo Hills,ML,2026-06-17,1.0,27.6,22.2,63,4.0,IMD-synthetic
D-ML-03,West Garo Hills,ML,2026-06-18,19.6,27.1,19.0,67,9.1,IMD-synthetic
D-ML-03,West Garo Hills,ML,2026-06-19,4.6,29.7,22.8,55,3.1,IMD-synthetic
D-ML-03,West Garo Hills,ML,2026-06-20,49.1,26.3,18.9,86,11.6,IMD-synthetic
D-ML-03,West Garo Hills,ML,2026-06-21,48.7,29.9,20.7,86,25.4,IMD-synthetic
D-ML-03,West Garo Hills,ML,2026-06-22,20.6,27.2,19.6,79,2.2,IMD-synthetic
D-ML-03,West Garo Hills,ML,2026-06-23,12.0,27.1,20.7,61,21.8,IMD-synthetic
D-ML-03,West Garo Hills,ML,2026-06-24,45.2,29.5,23.5,95,6.8,IMD-synthetic
D-ML-03,West Garo Hills,ML,2026-06-25,0.7,31.9,23.8,56,4.2,IMD-synthetic
D-ML-03,West Garo Hills,ML,2026-06-26,7.2,27.3,21.8,61,23.6,IMD-synthetic
D-ML-03,West Garo Hills,ML,2026-06-27,48.3,26.6,20.7,92,23.5,IMD-synthetic
D-ML-03,West Garo Hills,ML,2026-06-28,25.1,28.4,18.8,70,22.6,IMD-synthetic
D-ML-03,West Garo Hills,ML,2026-06-29,13.2,27.8,19.7,61,8.7,IMD-synthetic
D-ML-03,West Garo Hills,ML,2026-06-30,3.7,28.2,21.5,61,12.6,IMD-synthetic
D-ML-03,West Garo Hills,ML,2026-07-01,48.2,28.4,20.3,88,9.2,IMD-synthetic
D-ML-03,West Garo Hills,ML,2026-07-02,50.9,27.1,21.0,91,20.5,IMD-synthetic
D-ML-03,West Garo Hills,ML,2026-07-03,111.3,26.0,18.9,99,6.7,IMD-synthetic
D-ML-03,West Garo Hills,ML,2026-07-04,111.1,27.8,20.6,99,2.3,IMD-synthetic
D-ML-03,West Garo Hills,ML,2026-07-05,80.9,26.7,19.0,99,11.1,IMD-synthetic
D-ML-03,West Garo Hills,ML,2026-07-06,24.1,29.3,22.9,75,6.7,IMD-synthetic
D-ML-03,West Garo Hills,ML,2026-07-07,40.7,26.0,20.9,93,16.3,IMD-synthetic
D-ML-03,West Garo Hills,ML,2026-07-08,50.4,29.2,22.6,97,8.4,IMD-synthetic
D-ML-03,West Garo Hills,ML,2026-07-09,41.9,27.0,18.1,89,22.0,IMD-synthetic
D-ML-03,West Garo Hills,ML,2026-07-10,150.2,24.2,15.8,99,13.7,IMD-synthetic
D-ML-03,West Garo Hills,ML,2026-07-11,99.7,27.1,21.6,99,14.1,IMD-synthetic
D-ML-03,West Garo Hills,ML,2026-07-12,15.1,27.3,22.0,72,4.0,IMD-synthetic
D-ML-03,West Garo Hills,ML,2026-07-13,48.6,31.2,24.4,91,23.5,IMD-synthetic
D-ML-03,West Garo Hills,ML,2026-07-14,7.6,31.4,22.6,62,24.2,IMD-synthetic
D-ML-03,West Garo Hills,ML,2026-07-15,45.1,27.7,21.2,93,14.5,IMD-synthetic
D-ML-03,West Garo Hills,ML,2026-07-16,43.0,29.0,19.3,84,13.4,IMD-synthetic
D-ML-03,West Garo Hills,ML,2026-07-17,33.3,26.4,17.5,79,3.0,IMD-synthetic
D-ML-03,West Garo Hills,ML,2026-07-18,48.5,28.8,23.7,99,10.7,IMD-synthetic
D-ML-03,West Garo Hills,ML,2026-07-19,24.7,27.9,22.7,79,12.7,IMD-synthetic
D-ML-03,West Garo Hills,ML,2026-07-20,34.1,27.2,22.1,82,12.6,IMD-synthetic
D-ML-03,West Garo Hills,ML,2026-07-21,47.1,28.3,19.3,97,15.2,IMD-synthetic
D-ML-03,West Garo Hills,ML,2026-07-22,42.4,28.1,18.7,88,15.8,IMD-synthetic
D-ML-03,West Garo Hills,ML,2026-07-23,4.7,26.3,18.7,62,14.2,IMD-synthetic
D-ML-03,West Garo Hills,ML,2026-07-24,29.0,27.8,19.8,83,11.3,IMD-synthetic
D-ML-03,West Garo Hills,ML,2026-07-25,33.0,26.9,18.5,77,14.4,IMD-synthetic
D-ML-03,West Garo Hills,ML,2026-07-26,48.9,30.0,20.1,86,22.3,IMD-synthetic
D-ML-03,West Garo Hills,ML,2026-07-27,36.8,30.7,21.5,86,15.7,IMD-synthetic
D-ML-03,West Garo Hills,ML,2026-07-28,6.8,28.9,22.6,68,12.1,IMD-synthetic
D-ML-03,West Garo Hills,ML,2026-07-29,4.5,31.4,23.0,61,11.8,IMD-synthetic
D-ML-03,West Garo Hills,ML,2026-07-30,48.4,30.0,23.0,88,24.3,IMD-synthetic
D-ML-03,West Garo Hills,ML,2026-07-31,50.7,28.3,18.6,95,6.3,IMD-synthetic
D-ML-03,West Garo Hills,ML,2026-08-01,37.1,26.1,16.1,89,24.3,IMD-synthetic
D-ML-03,West Garo Hills,ML,2026-08-02,24.8,28.4,21.8,81,6.9,IMD-synthetic
D-ML-03,West Garo Hills,ML,2026-08-03,20.5,28.7,19.1,66,12.1,IMD-synthetic
D-ML-03,West Garo Hills,ML,2026-08-04,27.0,26.8,18.9,73,6.9,IMD-synthetic
D-ML-03,West Garo Hills,ML,2026-08-05,23.7,31.6,25.4,80,18.2,IMD-synthetic
D-ML-03,West Garo Hills,ML,2026-08-06,14.4,30.1,21.9,71,4.7,IMD-synthetic
D-ML-03,West Garo Hills,ML,2026-08-07,25.0,31.7,24.5,83,16.4,IMD-synthetic
D-ML-03,West Garo Hills,ML,2026-08-08,148.2,26.4,21.4,99,16.6,IMD-synthetic
D-ML-03,West Garo Hills,ML,2026-08-09,52.2,31.4,25.2,99,19.8,IMD-synthetic
D-ML-03,West Garo Hills,ML,2026-08-10,58.0,30.0,20.9,99,20.8,IMD-synthetic
D-ML-03,West Garo Hills,ML,2026-08-11,36.3,26.1,17.5,78,13.3,IMD-synthetic
D-ML-03,West Garo Hills,ML,2026-08-12,0.2,30.1,20.3,55,7.3,IMD-synthetic
D-ML-03,West Garo Hills,ML,2026-08-13,39.0,28.8,19.5,89,24.1,IMD-synthetic
D-ML-03,West Garo Hills,ML,2026-08-14,28.7,27.3,18.4,84,17.8,IMD-synthetic
D-ML-03,West Garo Hills,ML,2026-08-15,28.9,26.3,21.3,85,20.6,IMD-synthetic
D-ML-03,West Garo Hills,ML,2026-08-16,2.4,29.8,24.0,62,3.0,IMD-synthetic
D-ML-03,West Garo Hills,ML,2026-08-17,9.0,29.2,21.5,65,23.6,IMD-synthetic
D-ML-03,West Garo Hills,ML,2026-08-18,2.9,27.2,21.4,56,24.7,IMD-synthetic
D-ML-03,West Garo Hills,ML,2026-08-19,28.8,30.4,21.2,83,9.8,IMD-synthetic
D-ML-03,West Garo Hills,ML,2026-08-20,29.2,25.9,20.2,79,15.9,IMD-synthetic
D-ML-03,West Garo Hills,ML,2026-08-21,24.9,29.7,22.4,73,3.8,IMD-synthetic
D-ML-03,West Garo Hills,ML,2026-08-22,18.7,29.5,23.9,73,23.5,IMD-synthetic
D-ML-03,West Garo Hills,ML,2026-08-23,7.6,29.0,22.0,57,2.8,IMD-synthetic
D-ML-03,West Garo Hills,ML,2026-08-24,0.7,30.0,22.7,61,21.3,IMD-synthetic
D-ML-03,West Garo Hills,ML,2026-08-25,18.6,30.0,20.6,68,7.2,IMD-synthetic
D-ML-03,West Garo Hills,ML,2026-08-26,16.8,29.9,21.7,68,14.5,IMD-synthetic
D-ML-03,West Garo Hills,ML,2026-08-27,21.4,25.9,20.0,77,9.1,IMD-synthetic
D-ML-03,West Garo Hills,ML,2026-08-28,29.0,27.6,19.3,77,11.8,IMD-synthetic
D-ML-03,West Garo Hills,ML,2026-08-29,159.7,24.5,18.4,99,2.2,IMD-synthetic
D-ML-03,West Garo Hills,ML,2026-08-30,71.5,26.7,19.4,99,24.2,IMD-synthetic
D-ML-03,West Garo Hills,ML,2026-08-31,105.4,29.1,24.1,99,9.0,IMD-synthetic
D-ML-03,West Garo Hills,ML,2026-09-01,43.6,26.3,17.5,92,3.0,IMD-synthetic
D-ML-03,West Garo Hills,ML,2026-09-02,42.9,29.7,22.6,89,3.9,IMD-synthetic
D-ML-03,West Garo Hills,ML,2026-09-03,49.0,28.1,21.3,99,18.3,IMD-synthetic
D-ML-03,West Garo Hills,ML,2026-09-04,26.8,30.8,24.4,83,14.2,IMD-synthetic
D-ML-03,West Garo Hills,ML,2026-09-05,10.8,30.4,23.1,66,14.4,IMD-synthetic
D-ML-03,West Garo Hills,ML,2026-09-06,21.8,28.4,18.4,80,7.5,IMD-synthetic
D-ML-03,West Garo Hills,ML,2026-09-07,102.0,28.2,20.1,99,8.8,IMD-synthetic
D-ML-03,West Garo Hills,ML,2026-09-08,33.2,27.9,21.3,86,25.2,IMD-synthetic
D-ML-03,West Garo Hills,ML,2026-09-09,60.2,29.3,23.4,99,24.8,IMD-synthetic
D-ML-03,West Garo Hills,ML,2026-09-10,16.1,27.1,17.3,71,5.1,IMD-synthetic
D-ML-03,West Garo Hills,ML,2026-09-11,12.2,31.9,22.2,68,11.8,IMD-synthetic
D-ML-03,West Garo Hills,ML,2026-09-12,10.6,29.7,21.7,71,16.4,IMD-synthetic
D-ML-03,West Garo Hills,ML,2026-09-13,18.0,30.4,21.4,74,8.0,IMD-synthetic
D-ML-03,West Garo Hills,ML,2026-09-14,17.0,28.8,18.9,71,13.1,IMD-synthetic
D-ML-03,West Garo Hills,ML,2026-09-15,18.7,28.2,19.3,65,4.9,IMD-synthetic
D-ML-03,West Garo Hills,ML,2026-09-16,5.3,29.3,20.0,59,16.6,IMD-synthetic
D-ML-04,East Garo Hills,ML,2026-05-20,11.2,28.5,19.8,73,16.4,IMD-synthetic
D-ML-04,East Garo Hills,ML,2026-05-21,4.3,25.0,20.0,55,9.1,IMD-synthetic
D-ML-04,East Garo Hills,ML,2026-05-22,22.6,27.4,20.4,79,19.4,IMD-synthetic
D-ML-04,East Garo Hills,ML,2026-05-23,32.9,26.3,18.0,78,2.8,IMD-synthetic
D-ML-04,East Garo Hills,ML,2026-05-24,32.1,24.9,18.4,74,14.4,IMD-synthetic
D-ML-04,East Garo Hills,ML,2026-05-25,11.0,30.2,21.0,66,2.8,IMD-synthetic
D-ML-04,East Garo Hills,ML,2026-05-26,14.9,26.7,18.3,66,19.8,IMD-synthetic
D-ML-04,East Garo Hills,ML,2026-05-27,23.9,26.4,21.3,77,19.0,IMD-synthetic
D-ML-04,East Garo Hills,ML,2026-05-28,17.8,26.1,16.9,64,24.4,IMD-synthetic
D-ML-04,East Garo Hills,ML,2026-05-29,14.7,30.4,24.9,75,15.4,IMD-synthetic
D-ML-04,East Garo Hills,ML,2026-05-30,4.3,30.6,20.9,66,15.1,IMD-synthetic
D-ML-04,East Garo Hills,ML,2026-05-31,28.0,28.5,19.2,77,5.2,IMD-synthetic
D-ML-04,East Garo Hills,ML,2026-06-01,158.4,23.9,14.2,99,11.8,IMD-synthetic
D-ML-04,East Garo Hills,ML,2026-06-02,58.7,27.2,19.3,99,5.7,IMD-synthetic
D-ML-04,East Garo Hills,ML,2026-06-03,98.1,28.9,20.7,99,22.4,IMD-synthetic
D-ML-04,East Garo Hills,ML,2026-06-04,174.2,24.0,17.7,99,9.6,IMD-synthetic
D-ML-04,East Garo Hills,ML,2026-06-05,110.0,27.1,19.7,99,22.4,IMD-synthetic
D-ML-04,East Garo Hills,ML,2026-06-06,2.7,27.9,21.9,56,13.9,IMD-synthetic
D-ML-04,East Garo Hills,ML,2026-06-07,3.3,27.5,18.7,64,6.3,IMD-synthetic
D-ML-04,East Garo Hills,ML,2026-06-08,120.9,26.7,17.5,99,3.7,IMD-synthetic
D-ML-04,East Garo Hills,ML,2026-06-09,64.5,26.9,20.9,97,9.2,IMD-synthetic
D-ML-04,East Garo Hills,ML,2026-06-10,63.7,25.7,15.7,99,12.8,IMD-synthetic
D-ML-04,East Garo Hills,ML,2026-06-11,85.4,23.6,17.2,99,12.7,IMD-synthetic
D-ML-04,East Garo Hills,ML,2026-06-12,21.9,25.4,19.3,81,24.2,IMD-synthetic
D-ML-04,East Garo Hills,ML,2026-06-13,36.5,27.2,20.6,88,16.6,IMD-synthetic
D-ML-04,East Garo Hills,ML,2026-06-14,33.2,30.3,21.9,87,25.4,IMD-synthetic
D-ML-04,East Garo Hills,ML,2026-06-15,110.0,27.1,17.8,99,3.9,IMD-synthetic
D-ML-04,East Garo Hills,ML,2026-06-16,73.6,25.0,18.7,99,3.8,IMD-synthetic
D-ML-04,East Garo Hills,ML,2026-06-17,99.9,26.4,19.7,99,3.9,IMD-synthetic
D-ML-04,East Garo Hills,ML,2026-06-18,96.5,24.0,14.5,99,8.5,IMD-synthetic
D-ML-04,East Garo Hills,ML,2026-06-19,20.7,26.9,18.9,68,11.6,IMD-synthetic
D-ML-04,East Garo Hills,ML,2026-06-20,43.3,24.3,17.9,90,23.4,IMD-synthetic
D-ML-04,East Garo Hills,ML,2026-06-21,37.8,26.3,19.7,86,25.6,IMD-synthetic
D-ML-04,East Garo Hills,ML,2026-06-22,13.1,30.3,21.7,63,4.0,IMD-synthetic
D-ML-04,East Garo Hills,ML,2026-06-23,35.9,28.0,21.0,79,24.6,IMD-synthetic
D-ML-04,East Garo Hills,ML,2026-06-24,12.6,27.0,17.9,68,18.4,IMD-synthetic
D-ML-04,East Garo Hills,ML,2026-06-25,51.3,28.6,20.3,95,2.3,IMD-synthetic
D-ML-04,East Garo Hills,ML,2026-06-26,8.3,29.1,23.6,70,8.8,IMD-synthetic
D-ML-04,East Garo Hills,ML,2026-06-27,31.7,29.7,21.1,78,12.0,IMD-synthetic
D-ML-04,East Garo Hills,ML,2026-06-28,49.2,27.8,20.5,90,2.5,IMD-synthetic
D-ML-04,East Garo Hills,ML,2026-06-29,47.5,28.8,19.6,92,14.1,IMD-synthetic
D-ML-04,East Garo Hills,ML,2026-06-30,29.5,30.5,25.3,75,25.5,IMD-synthetic
D-ML-04,East Garo Hills,ML,2026-07-01,34.6,28.1,20.4,86,18.6,IMD-synthetic
D-ML-04,East Garo Hills,ML,2026-07-02,16.3,26.1,20.6,72,23.9,IMD-synthetic
D-ML-04,East Garo Hills,ML,2026-07-03,21.8,25.2,17.5,75,15.5,IMD-synthetic
D-ML-04,East Garo Hills,ML,2026-07-04,46.1,25.7,17.4,85,17.7,IMD-synthetic
D-ML-04,East Garo Hills,ML,2026-07-05,190.8,25.9,20.1,99,7.4,IMD-synthetic
D-ML-04,East Garo Hills,ML,2026-07-06,116.4,27.2,19.8,99,10.7,IMD-synthetic
D-ML-04,East Garo Hills,ML,2026-07-07,75.7,26.6,18.1,99,22.7,IMD-synthetic
D-ML-04,East Garo Hills,ML,2026-07-08,39.1,25.2,17.0,82,12.7,IMD-synthetic
D-ML-04,East Garo Hills,ML,2026-07-09,184.2,26.9,19.0,99,15.8,IMD-synthetic
D-ML-04,East Garo Hills,ML,2026-07-10,85.0,28.4,19.4,99,5.2,IMD-synthetic
D-ML-04,East Garo Hills,ML,2026-07-11,84.1,25.1,16.6,99,24.1,IMD-synthetic
D-ML-04,East Garo Hills,ML,2026-07-12,56.3,24.9,18.0,99,9.2,IMD-synthetic
D-ML-04,East Garo Hills,ML,2026-07-13,28.0,27.9,20.7,74,11.3,IMD-synthetic
D-ML-04,East Garo Hills,ML,2026-07-14,19.1,29.6,22.6,65,11.5,IMD-synthetic
D-ML-04,East Garo Hills,ML,2026-07-15,0.5,25.3,16.6,64,4.1,IMD-synthetic
D-ML-04,East Garo Hills,ML,2026-07-16,15.3,24.8,17.1,64,22.6,IMD-synthetic
D-ML-04,East Garo Hills,ML,2026-07-17,34.2,30.4,25.1,86,17.3,IMD-synthetic
D-ML-04,East Garo Hills,ML,2026-07-18,7.8,28.5,21.8,67,20.4,IMD-synthetic
D-ML-04,East Garo Hills,ML,2026-07-19,21.4,27.5,19.5,70,4.7,IMD-synthetic
D-ML-04,East Garo Hills,ML,2026-07-20,10.8,27.2,22.0,69,12.3,IMD-synthetic
D-ML-04,East Garo Hills,ML,2026-07-21,55.8,26.2,17.1,97,9.1,IMD-synthetic
D-ML-04,East Garo Hills,ML,2026-07-22,46.8,30.1,22.1,86,9.7,IMD-synthetic
D-ML-04,East Garo Hills,ML,2026-07-23,55.5,25.8,19.4,95,14.3,IMD-synthetic
D-ML-04,East Garo Hills,ML,2026-07-24,0.9,28.4,19.8,60,10.3,IMD-synthetic
D-ML-04,East Garo Hills,ML,2026-07-25,12.2,30.1,20.9,71,11.6,IMD-synthetic
D-ML-04,East Garo Hills,ML,2026-07-26,50.0,27.8,19.4,89,13.8,IMD-synthetic
D-ML-04,East Garo Hills,ML,2026-07-27,18.2,27.2,22.1,78,11.8,IMD-synthetic
D-ML-04,East Garo Hills,ML,2026-07-28,48.4,26.1,19.0,92,9.1,IMD-synthetic
D-ML-04,East Garo Hills,ML,2026-07-29,8.9,27.4,17.8,58,6.7,IMD-synthetic
D-ML-04,East Garo Hills,ML,2026-07-30,3.6,28.0,22.9,59,6.8,IMD-synthetic
D-ML-04,East Garo Hills,ML,2026-07-31,119.1,27.4,17.6,99,21.4,IMD-synthetic
D-ML-04,East Garo Hills,ML,2026-08-01,59.9,24.4,16.8,99,11.0,IMD-synthetic
D-ML-04,East Garo Hills,ML,2026-08-02,53.1,26.0,20.0,97,9.4,IMD-synthetic
D-ML-04,East Garo Hills,ML,2026-08-03,2.5,27.2,20.9,64,7.1,IMD-synthetic
D-ML-04,East Garo Hills,ML,2026-08-04,14.1,30.4,20.8,70,9.7,IMD-synthetic
D-ML-04,East Garo Hills,ML,2026-08-05,25.3,29.0,20.2,82,17.3,IMD-synthetic
D-ML-04,East Garo Hills,ML,2026-08-06,19.2,29.2,22.7,75,15.9,IMD-synthetic
D-ML-04,East Garo Hills,ML,2026-08-07,17.1,25.5,19.3,76,19.1,IMD-synthetic
D-ML-04,East Garo Hills,ML,2026-08-08,27.7,27.9,20.9,84,11.0,IMD-synthetic
D-ML-04,East Garo Hills,ML,2026-08-09,34.1,30.3,20.3,85,22.3,IMD-synthetic
D-ML-04,East Garo Hills,ML,2026-08-10,3.9,26.6,17.3,66,4.4,IMD-synthetic
D-ML-04,East Garo Hills,ML,2026-08-11,1.1,27.2,19.8,55,22.4,IMD-synthetic
D-ML-04,East Garo Hills,ML,2026-08-12,31.2,28.7,22.6,83,7.0,IMD-synthetic
D-ML-04,East Garo Hills,ML,2026-08-13,17.9,26.3,20.4,72,5.2,IMD-synthetic
D-ML-04,East Garo Hills,ML,2026-08-14,7.2,27.3,18.3,70,11.0,IMD-synthetic
D-ML-04,East Garo Hills,ML,2026-08-15,28.8,26.1,18.9,85,16.9,IMD-synthetic
D-ML-04,East Garo Hills,ML,2026-08-16,9.9,28.1,21.4,60,5.3,IMD-synthetic
D-ML-04,East Garo Hills,ML,2026-08-17,1.0,25.6,17.2,52,12.2,IMD-synthetic
D-ML-04,East Garo Hills,ML,2026-08-18,33.6,25.5,19.1,77,25.1,IMD-synthetic
D-ML-04,East Garo Hills,ML,2026-08-19,3.1,28.5,22.8,62,21.2,IMD-synthetic
D-ML-04,East Garo Hills,ML,2026-08-20,36.2,29.6,23.0,81,10.2,IMD-synthetic
D-ML-04,East Garo Hills,ML,2026-08-21,2.5,30.5,23.9,61,16.6,IMD-synthetic
D-ML-04,East Garo Hills,ML,2026-08-22,161.7,23.1,18.1,99,20.9,IMD-synthetic
D-ML-04,East Garo Hills,ML,2026-08-23,93.1,24.8,19.0,99,12.4,IMD-synthetic
D-ML-04,East Garo Hills,ML,2026-08-24,75.2,28.4,18.8,99,13.2,IMD-synthetic
D-ML-04,East Garo Hills,ML,2026-08-25,55.0,29.7,22.6,99,18.8,IMD-synthetic
D-ML-04,East Garo Hills,ML,2026-08-26,107.8,25.0,17.6,99,12.6,IMD-synthetic
D-ML-04,East Garo Hills,ML,2026-08-27,54.5,26.3,20.1,99,10.0,IMD-synthetic
D-ML-04,East Garo Hills,ML,2026-08-28,59.7,27.8,18.8,95,8.9,IMD-synthetic
D-ML-04,East Garo Hills,ML,2026-08-29,1.7,27.8,19.3,63,5.2,IMD-synthetic
D-ML-04,East Garo Hills,ML,2026-08-30,0.8,28.9,21.7,63,10.8,IMD-synthetic
D-ML-04,East Garo Hills,ML,2026-08-31,20.0,25.5,17.7,66,24.2,IMD-synthetic
D-ML-04,East Garo Hills,ML,2026-09-01,0.4,25.3,16.8,54,14.2,IMD-synthetic
D-ML-04,East Garo Hills,ML,2026-09-02,19.5,29.5,19.8,78,21.1,IMD-synthetic
D-ML-04,East Garo Hills,ML,2026-09-03,22.4,26.3,19.1,72,13.7,IMD-synthetic
D-ML-04,East Garo Hills,ML,2026-09-04,3.2,30.5,20.6,64,15.7,IMD-synthetic
D-ML-04,East Garo Hills,ML,2026-09-05,17.6,28.0,21.6,78,21.0,IMD-synthetic
D-ML-04,East Garo Hills,ML,2026-09-06,28.0,27.6,22.4,81,23.3,IMD-synthetic
D-ML-04,East Garo Hills,ML,2026-09-07,0.4,26.7,18.2,61,5.4,IMD-synthetic
D-ML-04,East Garo Hills,ML,2026-09-08,26.8,26.4,20.8,81,25.4,IMD-synthetic
D-ML-04,East Garo Hills,ML,2026-09-09,11.7,25.6,19.8,67,18.9,IMD-synthetic
D-ML-04,East Garo Hills,ML,2026-09-10,24.7,25.1,15.8,70,16.8,IMD-synthetic
D-ML-04,East Garo Hills,ML,2026-09-11,10.4,26.4,21.4,60,18.4,IMD-synthetic
D-ML-04,East Garo Hills,ML,2026-09-12,21.4,30.2,24.4,79,21.6,IMD-synthetic
D-ML-04,East Garo Hills,ML,2026-09-13,21.6,26.5,19.0,69,23.3,IMD-synthetic
D-ML-04,East Garo Hills,ML,2026-09-14,10.5,29.1,20.4,69,3.5,IMD-synthetic
D-ML-04,East Garo Hills,ML,2026-09-15,15.4,25.6,15.8,65,14.6,IMD-synthetic
D-ML-04,East Garo Hills,ML,2026-09-16,14.8,26.8,19.1,74,3.6,IMD-synthetic
D-ML-05,West Khasi Hills,ML,2026-05-20,13.2,20.0,11.3,71,8.1,IMD-synthetic
D-ML-05,West Khasi Hills,ML,2026-05-21,13.8,22.4,12.5,70,25.3,IMD-synthetic
D-ML-05,West Khasi Hills,ML,2026-05-22,13.4,24.1,17.5,67,12.7,IMD-synthetic
D-ML-05,West Khasi Hills,ML,2026-05-23,26.6,21.7,12.3,78,25.3,IMD-synthetic
D-ML-05,West Khasi Hills,ML,2026-05-24,29.5,22.0,16.0,83,3.2,IMD-synthetic
D-ML-05,West Khasi Hills,ML,2026-05-25,19.7,20.3,14.9,71,2.2,IMD-synthetic
D-ML-05,West Khasi Hills,ML,2026-05-26,12.2,21.5,14.3,67,24.8,IMD-synthetic
D-ML-05,West Khasi Hills,ML,2026-05-27,22.9,22.6,15.6,72,20.2,IMD-synthetic
D-ML-05,West Khasi Hills,ML,2026-05-28,12.1,25.5,19.6,67,8.6,IMD-synthetic
D-ML-05,West Khasi Hills,ML,2026-05-29,93.0,20.3,11.4,99,14.7,IMD-synthetic
D-ML-05,West Khasi Hills,ML,2026-05-30,39.5,23.2,16.4,85,10.5,IMD-synthetic
D-ML-05,West Khasi Hills,ML,2026-05-31,46.9,19.9,10.4,96,8.2,IMD-synthetic
D-ML-05,West Khasi Hills,ML,2026-06-01,31.1,22.1,15.6,75,22.4,IMD-synthetic
D-ML-05,West Khasi Hills,ML,2026-06-02,27.9,24.8,14.8,71,20.6,IMD-synthetic
D-ML-05,West Khasi Hills,ML,2026-06-03,43.3,24.3,15.6,88,25.0,IMD-synthetic
D-ML-05,West Khasi Hills,ML,2026-06-04,2.4,23.5,14.5,57,24.0,IMD-synthetic
D-ML-05,West Khasi Hills,ML,2026-06-05,21.7,20.5,11.5,71,3.2,IMD-synthetic
D-ML-05,West Khasi Hills,ML,2026-06-06,28.2,19.5,11.5,83,19.9,IMD-synthetic
D-ML-05,West Khasi Hills,ML,2026-06-07,35.2,19.3,10.4,85,21.8,IMD-synthetic
D-ML-05,West Khasi Hills,ML,2026-06-08,25.6,24.4,15.3,77,13.7,IMD-synthetic
D-ML-05,West Khasi Hills,ML,2026-06-09,17.8,20.4,14.1,67,11.3,IMD-synthetic
D-ML-05,West Khasi Hills,ML,2026-06-10,0.7,21.7,16.5,55,20.1,IMD-synthetic
D-ML-05,West Khasi Hills,ML,2026-06-11,36.5,21.0,13.5,91,15.8,IMD-synthetic
D-ML-05,West Khasi Hills,ML,2026-06-12,33.7,20.6,14.3,75,10.1,IMD-synthetic
D-ML-05,West Khasi Hills,ML,2026-06-13,40.2,19.4,11.1,86,6.0,IMD-synthetic
D-ML-05,West Khasi Hills,ML,2026-06-14,14.3,23.5,14.5,62,7.6,IMD-synthetic
D-ML-05,West Khasi Hills,ML,2026-06-15,48.1,22.6,13.8,90,8.7,IMD-synthetic
D-ML-05,West Khasi Hills,ML,2026-06-16,0.9,20.9,14.3,53,4.3,IMD-synthetic
D-ML-05,West Khasi Hills,ML,2026-06-17,35.1,22.0,14.3,83,16.6,IMD-synthetic
D-ML-05,West Khasi Hills,ML,2026-06-18,6.0,21.6,14.0,62,8.4,IMD-synthetic
D-ML-05,West Khasi Hills,ML,2026-06-19,27.6,20.3,15.3,78,19.4,IMD-synthetic
D-ML-05,West Khasi Hills,ML,2026-06-20,16.9,23.4,14.0,73,21.3,IMD-synthetic
D-ML-05,West Khasi Hills,ML,2026-06-21,30.1,20.3,12.1,76,25.3,IMD-synthetic
D-ML-05,West Khasi Hills,ML,2026-06-22,38.9,21.3,13.6,89,20.2,IMD-synthetic
D-ML-05,West Khasi Hills,ML,2026-06-23,22.2,22.3,12.7,70,22.4,IMD-synthetic
D-ML-05,West Khasi Hills,ML,2026-06-24,36.9,21.5,15.6,86,17.8,IMD-synthetic
D-ML-05,West Khasi Hills,ML,2026-06-25,35.9,21.4,11.5,84,23.4,IMD-synthetic
D-ML-05,West Khasi Hills,ML,2026-06-26,24.7,22.4,15.9,71,11.2,IMD-synthetic
D-ML-05,West Khasi Hills,ML,2026-06-27,17.9,21.4,13.3,72,2.6,IMD-synthetic
D-ML-05,West Khasi Hills,ML,2026-06-28,8.1,20.5,11.9,60,13.4,IMD-synthetic
D-ML-05,West Khasi Hills,ML,2026-06-29,26.5,22.8,12.9,82,7.5,IMD-synthetic
D-ML-05,West Khasi Hills,ML,2026-06-30,30.2,19.5,10.4,83,12.3,IMD-synthetic
D-ML-05,West Khasi Hills,ML,2026-07-01,50.3,23.2,15.1,93,18.1,IMD-synthetic
D-ML-05,West Khasi Hills,ML,2026-07-02,46.7,24.9,17.0,94,3.7,IMD-synthetic
D-ML-05,West Khasi Hills,ML,2026-07-03,24.3,21.3,15.3,76,25.7,IMD-synthetic
D-ML-05,West Khasi Hills,ML,2026-07-04,31.4,23.0,17.8,80,7.0,IMD-synthetic
D-ML-05,West Khasi Hills,ML,2026-07-05,20.3,19.9,12.4,67,15.9,IMD-synthetic
D-ML-05,West Khasi Hills,ML,2026-07-06,56.9,23.4,15.3,94,21.8,IMD-synthetic
D-ML-05,West Khasi Hills,ML,2026-07-07,15.2,22.6,15.5,69,22.7,IMD-synthetic
D-ML-05,West Khasi Hills,ML,2026-07-08,39.5,21.5,15.7,87,18.4,IMD-synthetic
D-ML-05,West Khasi Hills,ML,2026-07-09,53.9,23.6,15.6,98,10.0,IMD-synthetic
D-ML-05,West Khasi Hills,ML,2026-07-10,102.7,23.7,15.5,99,17.4,IMD-synthetic
D-ML-05,West Khasi Hills,ML,2026-07-11,112.6,22.6,17.1,99,21.6,IMD-synthetic
D-ML-05,West Khasi Hills,ML,2026-07-12,59.4,23.8,18.8,99,19.2,IMD-synthetic
D-ML-05,West Khasi Hills,ML,2026-07-13,112.8,21.5,12.1,99,16.1,IMD-synthetic
D-ML-05,West Khasi Hills,ML,2026-07-14,44.9,22.6,16.9,91,23.4,IMD-synthetic
D-ML-05,West Khasi Hills,ML,2026-07-15,52.2,22.0,12.4,94,9.3,IMD-synthetic
D-ML-05,West Khasi Hills,ML,2026-07-16,53.1,20.4,13.8,95,9.9,IMD-synthetic
D-ML-05,West Khasi Hills,ML,2026-07-17,23.9,22.5,13.9,71,25.4,IMD-synthetic
D-ML-05,West Khasi Hills,ML,2026-07-18,39.8,19.2,11.8,83,4.4,IMD-synthetic
D-ML-05,West Khasi Hills,ML,2026-07-19,46.4,24.4,18.3,89,10.2,IMD-synthetic
D-ML-05,West Khasi Hills,ML,2026-07-20,145.6,22.8,16.0,99,14.6,IMD-synthetic
D-ML-05,West Khasi Hills,ML,2026-07-21,97.7,22.2,13.5,99,19.1,IMD-synthetic
D-ML-05,West Khasi Hills,ML,2026-07-22,75.8,18.8,12.0,99,7.0,IMD-synthetic
D-ML-05,West Khasi Hills,ML,2026-07-23,18.0,21.4,14.0,65,24.1,IMD-synthetic
D-ML-05,West Khasi Hills,ML,2026-07-24,8.8,21.0,12.8,62,3.2,IMD-synthetic
D-ML-05,West Khasi Hills,ML,2026-07-25,57.1,19.5,11.4,97,24.4,IMD-synthetic
D-ML-05,West Khasi Hills,ML,2026-07-26,4.3,20.0,11.8,67,12.8,IMD-synthetic
D-ML-05,West Khasi Hills,ML,2026-07-27,3.1,25.0,18.8,67,21.3,IMD-synthetic
D-ML-05,West Khasi Hills,ML,2026-07-28,20.6,22.5,16.2,80,15.8,IMD-synthetic
D-ML-05,West Khasi Hills,ML,2026-07-29,52.8,24.9,15.8,94,22.5,IMD-synthetic
D-ML-05,West Khasi Hills,ML,2026-07-30,47.0,19.4,13.3,86,9.7,IMD-synthetic
D-ML-05,West Khasi Hills,ML,2026-07-31,28.7,23.3,14.0,77,24.7,IMD-synthetic
D-ML-05,West Khasi Hills,ML,2026-08-01,31.2,20.2,10.6,83,17.9,IMD-synthetic
D-ML-05,West Khasi Hills,ML,2026-08-02,22.5,25.2,16.3,70,2.9,IMD-synthetic
D-ML-05,West Khasi Hills,ML,2026-08-03,3.9,23.1,13.5,63,17.4,IMD-synthetic
D-ML-05,West Khasi Hills,ML,2026-08-04,10.0,20.7,15.2,70,19.7,IMD-synthetic
D-ML-05,West Khasi Hills,ML,2026-08-05,129.6,19.2,13.0,99,11.3,IMD-synthetic
D-ML-05,West Khasi Hills,ML,2026-08-06,91.2,23.7,17.2,99,22.3,IMD-synthetic
D-ML-05,West Khasi Hills,ML,2026-08-07,79.4,20.8,12.2,99,17.2,IMD-synthetic
D-ML-05,West Khasi Hills,ML,2026-08-08,12.5,20.1,12.0,64,24.4,IMD-synthetic
D-ML-05,West Khasi Hills,ML,2026-08-09,5.1,20.1,15.1,55,5.9,IMD-synthetic
D-ML-05,West Khasi Hills,ML,2026-08-10,22.7,20.0,12.2,68,22.0,IMD-synthetic
D-ML-05,West Khasi Hills,ML,2026-08-11,44.1,20.4,11.6,94,18.0,IMD-synthetic
D-ML-05,West Khasi Hills,ML,2026-08-12,39.3,23.4,17.1,87,18.7,IMD-synthetic
D-ML-05,West Khasi Hills,ML,2026-08-13,12.7,24.0,18.4,72,22.6,IMD-synthetic
D-ML-05,West Khasi Hills,ML,2026-08-14,12.7,23.4,17.2,63,24.4,IMD-synthetic
D-ML-05,West Khasi Hills,ML,2026-08-15,18.8,24.6,17.9,78,2.7,IMD-synthetic
D-ML-05,West Khasi Hills,ML,2026-08-16,25.8,23.6,17.7,77,6.5,IMD-synthetic
D-ML-05,West Khasi Hills,ML,2026-08-17,20.3,23.1,16.2,72,12.5,IMD-synthetic
D-ML-05,West Khasi Hills,ML,2026-08-18,165.3,21.5,11.9,99,21.5,IMD-synthetic
D-ML-05,West Khasi Hills,ML,2026-08-19,90.0,19.1,9.9,99,18.3,IMD-synthetic
D-ML-05,West Khasi Hills,ML,2026-08-20,11.9,23.1,17.9,72,7.0,IMD-synthetic
D-ML-05,West Khasi Hills,ML,2026-08-21,18.7,20.8,13.7,70,19.8,IMD-synthetic
D-ML-05,West Khasi Hills,ML,2026-08-22,38.2,22.8,16.2,87,8.6,IMD-synthetic
D-ML-05,West Khasi Hills,ML,2026-08-23,12.1,19.8,14.0,63,22.6,IMD-synthetic
D-ML-05,West Khasi Hills,ML,2026-08-24,151.3,22.7,15.5,99,22.8,IMD-synthetic
D-ML-05,West Khasi Hills,ML,2026-08-25,62.9,19.1,11.4,99,20.0,IMD-synthetic
D-ML-05,West Khasi Hills,ML,2026-08-26,63.0,19.1,11.2,99,19.6,IMD-synthetic
D-ML-05,West Khasi Hills,ML,2026-08-27,39.5,22.9,16.1,90,17.3,IMD-synthetic
D-ML-05,West Khasi Hills,ML,2026-08-28,19.4,24.6,18.3,66,16.6,IMD-synthetic
D-ML-05,West Khasi Hills,ML,2026-08-29,100.2,24.0,15.3,99,3.5,IMD-synthetic
D-ML-05,West Khasi Hills,ML,2026-08-30,80.0,19.7,10.0,99,20.7,IMD-synthetic
D-ML-05,West Khasi Hills,ML,2026-08-31,90.1,19.8,12.1,99,6.3,IMD-synthetic
D-ML-05,West Khasi Hills,ML,2026-09-01,62.1,20.1,15.1,99,7.8,IMD-synthetic
D-ML-05,West Khasi Hills,ML,2026-09-02,7.7,21.8,14.9,67,4.0,IMD-synthetic
D-ML-05,West Khasi Hills,ML,2026-09-03,9.0,24.6,18.9,59,8.3,IMD-synthetic
D-ML-05,West Khasi Hills,ML,2026-09-04,14.0,22.7,14.8,66,3.5,IMD-synthetic
D-ML-05,West Khasi Hills,ML,2026-09-05,0.2,19.9,13.3,55,13.9,IMD-synthetic
D-ML-05,West Khasi Hills,ML,2026-09-06,2.9,20.9,12.4,65,14.0,IMD-synthetic
D-ML-05,West Khasi Hills,ML,2026-09-07,94.7,21.1,14.9,99,16.0,IMD-synthetic
D-ML-05,West Khasi Hills,ML,2026-09-08,41.9,24.7,18.4,87,14.8,IMD-synthetic
D-ML-05,West Khasi Hills,ML,2026-09-09,36.6,19.8,10.8,84,15.2,IMD-synthetic
D-ML-05,West Khasi Hills,ML,2026-09-10,49.6,19.6,11.5,92,14.6,IMD-synthetic
D-ML-05,West Khasi Hills,ML,2026-09-11,4.0,24.3,15.1,60,15.1,IMD-synthetic
D-ML-05,West Khasi Hills,ML,2026-09-12,4.4,22.3,14.4,57,24.2,IMD-synthetic
D-ML-05,West Khasi Hills,ML,2026-09-13,11.4,21.2,12.7,62,11.7,IMD-synthetic
D-ML-05,West Khasi Hills,ML,2026-09-14,51.6,24.7,17.5,92,17.5,IMD-synthetic
D-ML-05,West Khasi Hills,ML,2026-09-15,63.2,24.2,19.1,99,21.9,IMD-synthetic
D-ML-05,West Khasi Hills,ML,2026-09-16,22.7,20.0,11.1,68,11.8,IMD-synthetic
D-MZ-01,Aizawl,MZ,2026-05-20,24.5,22.8,14.9,71,4.3,IMD-synthetic
D-MZ-01,Aizawl,MZ,2026-05-21,27.9,23.4,17.2,83,14.5,IMD-synthetic
D-MZ-01,Aizawl,MZ,2026-05-22,16.2,26.1,19.7,63,9.7,IMD-synthetic
D-MZ-01,Aizawl,MZ,2026-05-23,8.3,22.2,16.3,63,5.4,IMD-synthetic
D-MZ-01,Aizawl,MZ,2026-05-24,45.1,25.1,15.8,85,7.0,IMD-synthetic
D-MZ-01,Aizawl,MZ,2026-05-25,22.7,22.2,14.3,70,17.4,IMD-synthetic
D-MZ-01,Aizawl,MZ,2026-05-26,20.0,24.0,14.2,67,7.2,IMD-synthetic
D-MZ-01,Aizawl,MZ,2026-05-27,18.1,24.6,17.9,76,18.3,IMD-synthetic
D-MZ-01,Aizawl,MZ,2026-05-28,3.1,22.3,15.3,64,9.2,IMD-synthetic
D-MZ-01,Aizawl,MZ,2026-05-29,11.3,22.1,14.2,65,6.6,IMD-synthetic
D-MZ-01,Aizawl,MZ,2026-05-30,0.8,26.1,16.3,56,20.0,IMD-synthetic
D-MZ-01,Aizawl,MZ,2026-05-31,6.7,26.6,17.5,60,15.7,IMD-synthetic
D-MZ-01,Aizawl,MZ,2026-06-01,7.9,24.9,15.7,62,22.0,IMD-synthetic
D-MZ-01,Aizawl,MZ,2026-06-02,15.0,27.0,17.1,68,21.5,IMD-synthetic
D-MZ-01,Aizawl,MZ,2026-06-03,1.4,24.2,14.7,66,10.9,IMD-synthetic
D-MZ-01,Aizawl,MZ,2026-06-04,13.9,21.4,11.8,67,4.5,IMD-synthetic
D-MZ-01,Aizawl,MZ,2026-06-05,21.6,22.2,15.2,75,10.9,IMD-synthetic
D-MZ-01,Aizawl,MZ,2026-06-06,9.6,27.1,20.7,69,12.4,IMD-synthetic
D-MZ-01,Aizawl,MZ,2026-06-07,5.1,22.4,14.5,65,24.2,IMD-synthetic
D-MZ-01,Aizawl,MZ,2026-06-08,13.8,25.6,17.8,66,8.0,IMD-synthetic
D-MZ-01,Aizawl,MZ,2026-06-09,19.1,25.2,15.3,72,16.2,IMD-synthetic
D-MZ-01,Aizawl,MZ,2026-06-10,7.4,21.6,13.4,69,18.7,IMD-synthetic
D-MZ-01,Aizawl,MZ,2026-06-11,4.3,25.0,15.3,59,7.1,IMD-synthetic
D-MZ-01,Aizawl,MZ,2026-06-12,9.0,23.1,14.4,61,15.9,IMD-synthetic
D-MZ-01,Aizawl,MZ,2026-06-13,2.2,25.6,19.9,61,16.2,IMD-synthetic
D-MZ-01,Aizawl,MZ,2026-06-14,13.3,26.4,18.7,70,12.0,IMD-synthetic
D-MZ-01,Aizawl,MZ,2026-06-15,4.9,26.9,21.5,60,20.8,IMD-synthetic
D-MZ-01,Aizawl,MZ,2026-06-16,15.1,21.6,15.4,69,7.0,IMD-synthetic
D-MZ-01,Aizawl,MZ,2026-06-17,1.3,25.4,16.5,63,24.6,IMD-synthetic
D-MZ-01,Aizawl,MZ,2026-06-18,13.4,25.9,16.1,74,2.5,IMD-synthetic
D-MZ-01,Aizawl,MZ,2026-06-19,8.4,22.8,16.8,59,4.9,IMD-synthetic
D-MZ-01,Aizawl,MZ,2026-06-20,17.1,24.5,18.0,74,11.5,IMD-synthetic
D-MZ-01,Aizawl,MZ,2026-06-21,6.1,22.0,14.1,67,5.9,IMD-synthetic
D-MZ-01,Aizawl,MZ,2026-06-22,6.5,25.7,19.7,67,16.3,IMD-synthetic
D-MZ-01,Aizawl,MZ,2026-06-23,16.3,24.5,15.5,72,9.2,IMD-synthetic
D-MZ-01,Aizawl,MZ,2026-06-24,17.9,22.5,13.3,65,18.0,IMD-synthetic
D-MZ-01,Aizawl,MZ,2026-06-25,9.0,26.6,18.0,66,4.1,IMD-synthetic
D-MZ-01,Aizawl,MZ,2026-06-26,21.6,21.1,12.7,74,7.2,IMD-synthetic
D-MZ-01,Aizawl,MZ,2026-06-27,2.4,21.9,15.0,56,20.8,IMD-synthetic
D-MZ-01,Aizawl,MZ,2026-06-28,2.5,25.9,19.7,62,19.6,IMD-synthetic
D-MZ-01,Aizawl,MZ,2026-06-29,43.3,21.9,12.0,85,24.0,IMD-synthetic
D-MZ-01,Aizawl,MZ,2026-06-30,32.1,23.6,14.6,87,8.6,IMD-synthetic
D-MZ-01,Aizawl,MZ,2026-07-01,6.7,26.1,18.4,66,4.1,IMD-synthetic
D-MZ-01,Aizawl,MZ,2026-07-02,82.3,22.9,16.8,99,8.0,IMD-synthetic
D-MZ-01,Aizawl,MZ,2026-07-03,38.4,21.3,16.2,82,17.7,IMD-synthetic
D-MZ-01,Aizawl,MZ,2026-07-04,15.7,25.6,20.4,67,23.6,IMD-synthetic
D-MZ-01,Aizawl,MZ,2026-07-05,21.7,21.8,14.0,79,22.5,IMD-synthetic
D-MZ-01,Aizawl,MZ,2026-07-06,9.6,24.4,19.2,72,23.0,IMD-synthetic
D-MZ-01,Aizawl,MZ,2026-07-07,5.9,22.0,12.2,66,8.2,IMD-synthetic
D-MZ-01,Aizawl,MZ,2026-07-08,22.3,22.7,16.4,69,3.4,IMD-synthetic
D-MZ-01,Aizawl,MZ,2026-07-09,1.8,21.6,14.2,67,4.3,IMD-synthetic
D-MZ-01,Aizawl,MZ,2026-07-10,22.1,21.5,11.9,72,3.9,IMD-synthetic
D-MZ-01,Aizawl,MZ,2026-07-11,2.4,25.4,20.0,60,6.9,IMD-synthetic
D-MZ-01,Aizawl,MZ,2026-07-12,16.8,24.5,18.0,75,2.4,IMD-synthetic
D-MZ-01,Aizawl,MZ,2026-07-13,21.6,24.9,19.9,80,14.5,IMD-synthetic
D-MZ-01,Aizawl,MZ,2026-07-14,2.1,21.8,16.1,60,22.4,IMD-synthetic
D-MZ-01,Aizawl,MZ,2026-07-15,3.3,24.1,15.6,65,16.6,IMD-synthetic
D-MZ-01,Aizawl,MZ,2026-07-16,11.3,24.1,16.6,64,12.3,IMD-synthetic
D-MZ-01,Aizawl,MZ,2026-07-17,5.7,25.9,20.5,68,14.0,IMD-synthetic
D-MZ-01,Aizawl,MZ,2026-07-18,2.6,27.1,21.5,61,8.9,IMD-synthetic
D-MZ-01,Aizawl,MZ,2026-07-19,3.6,23.3,13.9,55,7.7,IMD-synthetic
D-MZ-01,Aizawl,MZ,2026-07-20,5.2,21.5,13.5,61,17.9,IMD-synthetic
D-MZ-01,Aizawl,MZ,2026-07-21,9.7,22.6,15.9,61,9.8,IMD-synthetic
D-MZ-01,Aizawl,MZ,2026-07-22,11.8,22.9,17.5,62,10.7,IMD-synthetic
D-MZ-01,Aizawl,MZ,2026-07-23,19.3,26.6,19.3,73,18.9,IMD-synthetic
D-MZ-01,Aizawl,MZ,2026-07-24,12.5,26.5,19.4,69,14.2,IMD-synthetic
D-MZ-01,Aizawl,MZ,2026-07-25,14.2,26.9,21.7,63,25.8,IMD-synthetic
D-MZ-01,Aizawl,MZ,2026-07-26,8.1,23.8,14.1,70,7.0,IMD-synthetic
D-MZ-01,Aizawl,MZ,2026-07-27,12.0,26.4,17.1,62,17.3,IMD-synthetic
D-MZ-01,Aizawl,MZ,2026-07-28,57.5,21.1,12.8,97,2.6,IMD-synthetic
D-MZ-01,Aizawl,MZ,2026-07-29,34.1,20.8,15.7,76,9.1,IMD-synthetic
D-MZ-01,Aizawl,MZ,2026-07-30,21.9,21.6,15.5,81,11.1,IMD-synthetic
D-MZ-01,Aizawl,MZ,2026-07-31,22.9,26.1,19.8,79,14.3,IMD-synthetic
D-MZ-01,Aizawl,MZ,2026-08-01,1.9,21.3,11.5,67,11.9,IMD-synthetic
D-MZ-01,Aizawl,MZ,2026-08-02,1.1,22.9,13.0,63,13.7,IMD-synthetic
D-MZ-01,Aizawl,MZ,2026-08-03,0.1,23.7,17.7,62,4.9,IMD-synthetic
D-MZ-01,Aizawl,MZ,2026-08-04,12.0,21.9,16.2,62,6.2,IMD-synthetic
D-MZ-01,Aizawl,MZ,2026-08-05,0.2,22.9,16.3,54,6.6,IMD-synthetic
D-MZ-01,Aizawl,MZ,2026-08-06,10.8,22.9,17.9,60,19.4,IMD-synthetic
D-MZ-01,Aizawl,MZ,2026-08-07,8.3,26.0,19.9,70,4.4,IMD-synthetic
D-MZ-01,Aizawl,MZ,2026-08-08,4.5,25.2,16.1,68,9.5,IMD-synthetic
D-MZ-01,Aizawl,MZ,2026-08-09,14.2,23.7,18.0,72,14.7,IMD-synthetic
D-MZ-01,Aizawl,MZ,2026-08-10,15.1,25.8,18.6,64,18.8,IMD-synthetic
D-MZ-01,Aizawl,MZ,2026-08-11,17.4,24.3,19.1,74,14.6,IMD-synthetic
D-MZ-01,Aizawl,MZ,2026-08-12,29.2,21.2,11.7,73,8.9,IMD-synthetic
D-MZ-01,Aizawl,MZ,2026-08-13,36.0,26.3,20.1,78,10.0,IMD-synthetic
D-MZ-01,Aizawl,MZ,2026-08-14,33.8,25.4,17.8,88,24.3,IMD-synthetic
D-MZ-01,Aizawl,MZ,2026-08-15,23.6,23.7,16.7,74,19.6,IMD-synthetic
D-MZ-01,Aizawl,MZ,2026-08-16,10.0,22.2,14.0,68,24.2,IMD-synthetic
D-MZ-01,Aizawl,MZ,2026-08-17,7.0,25.7,18.2,69,17.4,IMD-synthetic
D-MZ-01,Aizawl,MZ,2026-08-18,12.3,22.4,14.6,71,18.0,IMD-synthetic
D-MZ-01,Aizawl,MZ,2026-08-19,15.0,24.7,15.2,68,24.3,IMD-synthetic
D-MZ-01,Aizawl,MZ,2026-08-20,15.0,23.4,15.5,66,10.0,IMD-synthetic
D-MZ-01,Aizawl,MZ,2026-08-21,6.3,24.1,17.2,64,18.7,IMD-synthetic
D-MZ-01,Aizawl,MZ,2026-08-22,35.9,26.0,21.0,82,25.2,IMD-synthetic
D-MZ-01,Aizawl,MZ,2026-08-23,29.9,21.1,14.6,85,14.5,IMD-synthetic
D-MZ-01,Aizawl,MZ,2026-08-24,34.7,23.3,16.4,86,11.3,IMD-synthetic
D-MZ-01,Aizawl,MZ,2026-08-25,4.4,23.9,17.5,61,3.0,IMD-synthetic
D-MZ-01,Aizawl,MZ,2026-08-26,2.6,23.7,14.1,59,15.4,IMD-synthetic
D-MZ-01,Aizawl,MZ,2026-08-27,16.4,21.4,14.6,72,14.3,IMD-synthetic
D-MZ-01,Aizawl,MZ,2026-08-28,13.2,24.7,18.9,69,11.5,IMD-synthetic
D-MZ-01,Aizawl,MZ,2026-08-29,8.4,26.2,16.9,60,21.3,IMD-synthetic
D-MZ-01,Aizawl,MZ,2026-08-30,9.7,25.2,19.0,60,8.0,IMD-synthetic
D-MZ-01,Aizawl,MZ,2026-08-31,9.3,25.7,19.3,64,5.0,IMD-synthetic
D-MZ-01,Aizawl,MZ,2026-09-01,4.2,22.7,13.3,63,9.9,IMD-synthetic
D-MZ-01,Aizawl,MZ,2026-09-02,5.8,26.3,18.4,56,6.2,IMD-synthetic
D-MZ-01,Aizawl,MZ,2026-09-03,10.2,21.2,14.8,64,3.5,IMD-synthetic
D-MZ-01,Aizawl,MZ,2026-09-04,2.7,25.2,17.1,58,16.4,IMD-synthetic
D-MZ-01,Aizawl,MZ,2026-09-05,11.8,26.2,19.6,67,21.5,IMD-synthetic
D-MZ-01,Aizawl,MZ,2026-09-06,2.9,22.9,13.3,55,12.4,IMD-synthetic
D-MZ-01,Aizawl,MZ,2026-09-07,11.2,24.8,19.3,62,13.6,IMD-synthetic
D-MZ-01,Aizawl,MZ,2026-09-08,7.6,26.1,21.0,58,13.1,IMD-synthetic
D-MZ-01,Aizawl,MZ,2026-09-09,2.2,22.0,13.6,61,23.6,IMD-synthetic
D-MZ-01,Aizawl,MZ,2026-09-10,2.7,26.4,17.2,59,25.7,IMD-synthetic
D-MZ-01,Aizawl,MZ,2026-09-11,9.5,26.9,21.3,61,5.8,IMD-synthetic
D-MZ-01,Aizawl,MZ,2026-09-12,41.4,25.5,20.5,83,12.0,IMD-synthetic
D-MZ-01,Aizawl,MZ,2026-09-13,22.2,21.2,13.3,76,7.1,IMD-synthetic
D-MZ-01,Aizawl,MZ,2026-09-14,21.5,23.9,16.5,75,2.0,IMD-synthetic
D-MZ-01,Aizawl,MZ,2026-09-15,21.9,22.0,14.1,72,4.4,IMD-synthetic
D-MZ-01,Aizawl,MZ,2026-09-16,10.7,23.4,14.8,63,13.8,IMD-synthetic
D-MZ-02,Lunglei,MZ,2026-05-20,5.2,28.5,22.0,65,15.9,IMD-synthetic
D-MZ-02,Lunglei,MZ,2026-05-21,12.7,23.9,17.5,71,19.4,IMD-synthetic
D-MZ-02,Lunglei,MZ,2026-05-22,1.9,24.1,14.3,62,13.2,IMD-synthetic
D-MZ-02,Lunglei,MZ,2026-05-23,7.6,23.1,16.4,61,19.6,IMD-synthetic
D-MZ-02,Lunglei,MZ,2026-05-24,6.3,27.3,21.7,60,20.2,IMD-synthetic
D-MZ-02,Lunglei,MZ,2026-05-25,8.7,28.1,18.5,67,25.4,IMD-synthetic
D-MZ-02,Lunglei,MZ,2026-05-26,6.0,25.2,19.9,58,13.3,IMD-synthetic
D-MZ-02,Lunglei,MZ,2026-05-27,5.9,23.4,14.5,58,4.1,IMD-synthetic
D-MZ-02,Lunglei,MZ,2026-05-28,4.6,25.9,18.9,56,19.3,IMD-synthetic
D-MZ-02,Lunglei,MZ,2026-05-29,29.8,26.3,19.3,81,18.3,IMD-synthetic
D-MZ-02,Lunglei,MZ,2026-05-30,21.2,24.7,15.6,75,6.9,IMD-synthetic
D-MZ-02,Lunglei,MZ,2026-05-31,2.1,26.8,21.2,58,5.7,IMD-synthetic
D-MZ-02,Lunglei,MZ,2026-06-01,8.2,26.4,17.8,66,10.8,IMD-synthetic
D-MZ-02,Lunglei,MZ,2026-06-02,10.8,23.0,13.8,68,6.6,IMD-synthetic
D-MZ-02,Lunglei,MZ,2026-06-03,45.7,26.9,18.0,87,20.1,IMD-synthetic
D-MZ-02,Lunglei,MZ,2026-06-04,35.6,26.3,16.9,86,3.8,IMD-synthetic
D-MZ-02,Lunglei,MZ,2026-06-05,25.3,24.9,16.9,78,22.4,IMD-synthetic
D-MZ-02,Lunglei,MZ,2026-06-06,31.1,23.5,13.6,84,14.8,IMD-synthetic
D-MZ-02,Lunglei,MZ,2026-06-07,10.7,25.9,16.9,66,10.2,IMD-synthetic
D-MZ-02,Lunglei,MZ,2026-06-08,76.7,27.0,21.3,99,20.7,IMD-synthetic
D-MZ-02,Lunglei,MZ,2026-06-09,38.1,22.3,15.4,83,18.8,IMD-synthetic
D-MZ-02,Lunglei,MZ,2026-06-10,31.4,23.3,16.1,85,7.3,IMD-synthetic
D-MZ-02,Lunglei,MZ,2026-06-11,1.4,23.6,17.7,56,24.6,IMD-synthetic
D-MZ-02,Lunglei,MZ,2026-06-12,17.6,23.9,14.1,69,11.4,IMD-synthetic
D-MZ-02,Lunglei,MZ,2026-06-13,8.4,25.4,18.3,65,14.3,IMD-synthetic
D-MZ-02,Lunglei,MZ,2026-06-14,3.5,24.3,15.3,58,10.8,IMD-synthetic
D-MZ-02,Lunglei,MZ,2026-06-15,6.7,26.4,19.8,70,15.9,IMD-synthetic
D-MZ-02,Lunglei,MZ,2026-06-16,9.1,24.9,15.3,70,5.4,IMD-synthetic
D-MZ-02,Lunglei,MZ,2026-06-17,18.9,27.0,18.2,77,19.1,IMD-synthetic
D-MZ-02,Lunglei,MZ,2026-06-18,20.6,26.8,18.3,75,16.0,IMD-synthetic
D-MZ-02,Lunglei,MZ,2026-06-19,14.9,24.1,18.4,64,4.6,IMD-synthetic
D-MZ-02,Lunglei,MZ,2026-06-20,17.0,24.7,19.7,65,6.7,IMD-synthetic
D-MZ-02,Lunglei,MZ,2026-06-21,10.1,28.5,20.1,71,18.0,IMD-synthetic
D-MZ-02,Lunglei,MZ,2026-06-22,6.3,24.7,17.2,64,22.6,IMD-synthetic
D-MZ-02,Lunglei,MZ,2026-06-23,2.5,25.8,17.3,54,2.6,IMD-synthetic
D-MZ-02,Lunglei,MZ,2026-06-24,13.3,23.3,16.8,69,22.2,IMD-synthetic
D-MZ-02,Lunglei,MZ,2026-06-25,20.6,27.0,21.0,75,23.1,IMD-synthetic
D-MZ-02,Lunglei,MZ,2026-06-26,20.2,26.6,20.3,67,24.1,IMD-synthetic
D-MZ-02,Lunglei,MZ,2026-06-27,16.7,25.1,18.1,69,7.3,IMD-synthetic
D-MZ-02,Lunglei,MZ,2026-06-28,18.8,28.3,20.7,67,4.7,IMD-synthetic
D-MZ-02,Lunglei,MZ,2026-06-29,19.2,27.4,22.3,78,3.2,IMD-synthetic
D-MZ-02,Lunglei,MZ,2026-06-30,14.7,24.2,14.6,64,21.6,IMD-synthetic
D-MZ-02,Lunglei,MZ,2026-07-01,20.7,23.6,13.6,69,22.4,IMD-synthetic
D-MZ-02,Lunglei,MZ,2026-07-02,9.1,28.3,20.8,71,18.6,IMD-synthetic
D-MZ-02,Lunglei,MZ,2026-07-03,11.9,27.0,21.6,63,2.2,IMD-synthetic
D-MZ-02,Lunglei,MZ,2026-07-04,16.1,26.1,19.7,69,24.0,IMD-synthetic
D-MZ-02,Lunglei,MZ,2026-07-05,13.4,24.7,17.6,69,22.0,IMD-synthetic
D-MZ-02,Lunglei,MZ,2026-07-06,4.5,24.2,17.4,67,23.8,IMD-synthetic
D-MZ-02,Lunglei,MZ,2026-07-07,8.9,27.5,17.7,70,3.9,IMD-synthetic
D-MZ-02,Lunglei,MZ,2026-07-08,6.9,23.3,16.6,69,19.2,IMD-synthetic
D-MZ-02,Lunglei,MZ,2026-07-09,15.3,25.7,20.5,76,19.6,IMD-synthetic
D-MZ-02,Lunglei,MZ,2026-07-10,18.0,26.8,20.4,73,3.5,IMD-synthetic
D-MZ-02,Lunglei,MZ,2026-07-11,40.5,24.5,15.0,85,18.5,IMD-synthetic
D-MZ-02,Lunglei,MZ,2026-07-12,46.1,23.1,14.9,85,14.4,IMD-synthetic
D-MZ-02,Lunglei,MZ,2026-07-13,7.4,24.5,17.0,59,17.0,IMD-synthetic
D-MZ-02,Lunglei,MZ,2026-07-14,64.1,23.6,17.2,98,22.2,IMD-synthetic
D-MZ-02,Lunglei,MZ,2026-07-15,35.9,23.7,18.2,90,2.9,IMD-synthetic
D-MZ-02,Lunglei,MZ,2026-07-16,47.6,26.7,18.4,90,16.6,IMD-synthetic
D-MZ-02,Lunglei,MZ,2026-07-17,15.4,23.7,15.2,68,4.6,IMD-synthetic
D-MZ-02,Lunglei,MZ,2026-07-18,9.3,28.5,20.9,64,4.0,IMD-synthetic
D-MZ-02,Lunglei,MZ,2026-07-19,19.7,24.7,17.9,76,14.5,IMD-synthetic
D-MZ-02,Lunglei,MZ,2026-07-20,3.8,23.1,13.8,64,22.8,IMD-synthetic
D-MZ-02,Lunglei,MZ,2026-07-21,23.3,23.6,17.7,73,14.9,IMD-synthetic
D-MZ-02,Lunglei,MZ,2026-07-22,10.0,25.2,19.5,64,10.8,IMD-synthetic
D-MZ-02,Lunglei,MZ,2026-07-23,5.9,26.6,17.7,63,8.8,IMD-synthetic
D-MZ-02,Lunglei,MZ,2026-07-24,15.7,23.0,13.5,72,10.0,IMD-synthetic
D-MZ-02,Lunglei,MZ,2026-07-25,54.4,26.7,17.1,96,13.6,IMD-synthetic
D-MZ-02,Lunglei,MZ,2026-07-26,47.1,22.0,12.6,87,5.6,IMD-synthetic
D-MZ-02,Lunglei,MZ,2026-07-27,37.6,23.3,13.8,84,13.5,IMD-synthetic
D-MZ-02,Lunglei,MZ,2026-07-28,34.1,25.7,16.6,78,9.6,IMD-synthetic
D-MZ-02,Lunglei,MZ,2026-07-29,19.3,26.7,20.9,67,14.4,IMD-synthetic
D-MZ-02,Lunglei,MZ,2026-07-30,10.2,28.4,23.4,66,21.6,IMD-synthetic
D-MZ-02,Lunglei,MZ,2026-07-31,0.2,28.2,18.6,53,19.3,IMD-synthetic
D-MZ-02,Lunglei,MZ,2026-08-01,59.0,23.1,13.8,99,24.8,IMD-synthetic
D-MZ-02,Lunglei,MZ,2026-08-02,34.5,25.0,15.4,89,4.8,IMD-synthetic
D-MZ-02,Lunglei,MZ,2026-08-03,36.3,25.1,19.4,79,19.6,IMD-synthetic
D-MZ-02,Lunglei,MZ,2026-08-04,16.8,23.6,14.7,64,12.6,IMD-synthetic
D-MZ-02,Lunglei,MZ,2026-08-05,30.4,23.1,13.8,75,9.1,IMD-synthetic
D-MZ-02,Lunglei,MZ,2026-08-06,24.2,23.6,15.2,69,19.7,IMD-synthetic
D-MZ-02,Lunglei,MZ,2026-08-07,15.0,26.4,16.5,63,16.9,IMD-synthetic
D-MZ-02,Lunglei,MZ,2026-08-08,13.0,25.1,19.5,69,17.1,IMD-synthetic
D-MZ-02,Lunglei,MZ,2026-08-09,6.7,26.3,19.6,62,20.5,IMD-synthetic
D-MZ-02,Lunglei,MZ,2026-08-10,0.7,26.4,18.0,59,7.6,IMD-synthetic
D-MZ-02,Lunglei,MZ,2026-08-11,4.9,22.7,14.1,57,24.5,IMD-synthetic
D-MZ-02,Lunglei,MZ,2026-08-12,17.2,28.4,21.5,74,6.7,IMD-synthetic
D-MZ-02,Lunglei,MZ,2026-08-13,3.7,26.8,21.2,55,3.8,IMD-synthetic
D-MZ-02,Lunglei,MZ,2026-08-14,17.9,26.6,19.3,69,8.8,IMD-synthetic
D-MZ-02,Lunglei,MZ,2026-08-15,7.7,27.2,20.5,68,16.1,IMD-synthetic
D-MZ-02,Lunglei,MZ,2026-08-16,30.0,26.4,21.2,78,21.9,IMD-synthetic
D-MZ-02,Lunglei,MZ,2026-08-17,21.3,22.4,14.9,68,10.4,IMD-synthetic
D-MZ-02,Lunglei,MZ,2026-08-18,30.0,23.5,17.2,79,10.1,IMD-synthetic
D-MZ-02,Lunglei,MZ,2026-08-19,10.1,27.7,21.6,63,14.0,IMD-synthetic
D-MZ-02,Lunglei,MZ,2026-08-20,9.0,23.1,17.2,62,11.7,IMD-synthetic
D-MZ-02,Lunglei,MZ,2026-08-21,14.9,24.8,14.9,72,24.2,IMD-synthetic
D-MZ-02,Lunglei,MZ,2026-08-22,7.1,24.3,15.1,68,2.6,IMD-synthetic
D-MZ-02,Lunglei,MZ,2026-08-23,17.2,28.1,19.6,75,11.8,IMD-synthetic
D-MZ-02,Lunglei,MZ,2026-08-24,14.2,23.3,16.3,66,22.6,IMD-synthetic
D-MZ-02,Lunglei,MZ,2026-08-25,3.0,27.0,18.7,58,2.9,IMD-synthetic
D-MZ-02,Lunglei,MZ,2026-08-26,55.4,22.7,15.0,99,4.1,IMD-synthetic
D-MZ-02,Lunglei,MZ,2026-08-27,31.9,24.5,19.4,75,2.6,IMD-synthetic
D-MZ-02,Lunglei,MZ,2026-08-28,34.0,23.8,14.7,82,4.7,IMD-synthetic
D-MZ-02,Lunglei,MZ,2026-08-29,37.8,23.3,18.0,87,19.4,IMD-synthetic
D-MZ-02,Lunglei,MZ,2026-08-30,5.8,25.2,16.9,59,16.4,IMD-synthetic
D-MZ-02,Lunglei,MZ,2026-08-31,16.4,27.3,21.9,64,19.3,IMD-synthetic
D-MZ-02,Lunglei,MZ,2026-09-01,6.7,26.2,20.0,64,14.5,IMD-synthetic
D-MZ-02,Lunglei,MZ,2026-09-02,10.3,24.4,15.3,72,6.2,IMD-synthetic
D-MZ-02,Lunglei,MZ,2026-09-03,12.0,24.5,14.7,61,15.1,IMD-synthetic
D-MZ-02,Lunglei,MZ,2026-09-04,9.6,26.3,21.0,69,3.2,IMD-synthetic
D-MZ-02,Lunglei,MZ,2026-09-05,2.8,25.3,18.2,57,12.0,IMD-synthetic
D-MZ-02,Lunglei,MZ,2026-09-06,11.6,22.7,13.8,61,25.6,IMD-synthetic
D-MZ-02,Lunglei,MZ,2026-09-07,5.4,23.0,13.7,67,15.7,IMD-synthetic
D-MZ-02,Lunglei,MZ,2026-09-08,11.3,28.4,19.6,71,22.9,IMD-synthetic
D-MZ-02,Lunglei,MZ,2026-09-09,2.8,28.6,19.3,55,25.5,IMD-synthetic
D-MZ-02,Lunglei,MZ,2026-09-10,12.0,26.6,17.9,60,16.7,IMD-synthetic
D-MZ-02,Lunglei,MZ,2026-09-11,2.6,25.4,17.9,67,4.3,IMD-synthetic
D-MZ-02,Lunglei,MZ,2026-09-12,1.6,24.5,16.2,61,13.4,IMD-synthetic
D-MZ-02,Lunglei,MZ,2026-09-13,10.9,26.4,17.6,61,21.5,IMD-synthetic
D-MZ-02,Lunglei,MZ,2026-09-14,8.7,23.2,15.7,63,23.6,IMD-synthetic
D-MZ-02,Lunglei,MZ,2026-09-15,6.9,28.4,21.4,60,15.1,IMD-synthetic
D-MZ-02,Lunglei,MZ,2026-09-16,8.4,22.7,14.1,63,20.6,IMD-synthetic
D-MZ-03,Champhai,MZ,2026-05-20,6.5,20.6,12.6,59,12.4,IMD-synthetic
D-MZ-03,Champhai,MZ,2026-05-21,11.8,21.2,13.4,69,12.7,IMD-synthetic
D-MZ-03,Champhai,MZ,2026-05-22,13.5,24.0,17.4,64,24.0,IMD-synthetic
D-MZ-03,Champhai,MZ,2026-05-23,12.7,21.3,13.3,67,15.9,IMD-synthetic
D-MZ-03,Champhai,MZ,2026-05-24,4.5,21.4,15.7,59,13.4,IMD-synthetic
D-MZ-03,Champhai,MZ,2026-05-25,6.2,24.0,14.8,61,2.6,IMD-synthetic
D-MZ-03,Champhai,MZ,2026-05-26,12.9,20.3,11.6,61,2.7,IMD-synthetic
D-MZ-03,Champhai,MZ,2026-05-27,51.4,19.2,10.3,89,24.7,IMD-synthetic
D-MZ-03,Champhai,MZ,2026-05-28,20.4,20.8,12.9,74,24.9,IMD-synthetic
D-MZ-03,Champhai,MZ,2026-05-29,16.4,23.7,14.4,75,10.4,IMD-synthetic
D-MZ-03,Champhai,MZ,2026-05-30,15.7,21.2,15.8,64,25.4,IMD-synthetic
D-MZ-03,Champhai,MZ,2026-05-31,0.6,23.5,16.7,53,19.2,IMD-synthetic
D-MZ-03,Champhai,MZ,2026-06-01,5.9,22.4,16.5,69,15.5,IMD-synthetic
D-MZ-03,Champhai,MZ,2026-06-02,7.6,20.9,15.7,60,2.4,IMD-synthetic
D-MZ-03,Champhai,MZ,2026-06-03,4.3,18.9,10.2,57,17.2,IMD-synthetic
D-MZ-03,Champhai,MZ,2026-06-04,52.7,21.1,13.6,91,20.1,IMD-synthetic
D-MZ-03,Champhai,MZ,2026-06-05,22.3,21.9,13.9,69,6.3,IMD-synthetic
D-MZ-03,Champhai,MZ,2026-06-06,27.4,18.9,10.9,82,17.2,IMD-synthetic
D-MZ-03,Champhai,MZ,2026-06-07,22.2,18.9,13.7,78,14.0,IMD-synthetic
D-MZ-03,Champhai,MZ,2026-06-08,20.5,22.8,13.9,79,17.6,IMD-synthetic
D-MZ-03,Champhai,MZ,2026-06-09,5.7,23.0,15.7,59,24.7,IMD-synthetic
D-MZ-03,Champhai,MZ,2026-06-10,6.3,18.3,9.3,63,20.8,IMD-synthetic
D-MZ-03,Champhai,MZ,2026-06-11,14.0,19.7,12.7,71,16.3,IMD-synthetic
D-MZ-03,Champhai,MZ,2026-06-12,14.8,23.5,17.2,72,15.0,IMD-synthetic
D-MZ-03,Champhai,MZ,2026-06-13,4.5,22.1,15.8,60,8.1,IMD-synthetic
D-MZ-03,Champhai,MZ,2026-06-14,6.1,22.1,12.6,69,17.9,IMD-synthetic
D-MZ-03,Champhai,MZ,2026-06-15,20.2,21.0,12.7,78,14.2,IMD-synthetic
D-MZ-03,Champhai,MZ,2026-06-16,12.2,23.2,14.9,73,17.7,IMD-synthetic
D-MZ-03,Champhai,MZ,2026-06-17,13.7,23.2,14.0,64,25.5,IMD-synthetic
D-MZ-03,Champhai,MZ,2026-06-18,11.3,19.5,14.4,69,13.1,IMD-synthetic
D-MZ-03,Champhai,MZ,2026-06-19,10.3,23.6,14.1,63,5.8,IMD-synthetic
D-MZ-03,Champhai,MZ,2026-06-20,8.9,22.9,15.1,67,17.6,IMD-synthetic
D-MZ-03,Champhai,MZ,2026-06-21,19.0,22.3,12.3,74,22.8,IMD-synthetic
D-MZ-03,Champhai,MZ,2026-06-22,70.4,21.8,15.2,99,25.9,IMD-synthetic
D-MZ-03,Champhai,MZ,2026-06-23,22.6,18.9,12.6,74,19.6,IMD-synthetic
D-MZ-03,Champhai,MZ,2026-06-24,43.4,18.6,8.7,90,6.7,IMD-synthetic
D-MZ-03,Champhai,MZ,2026-06-25,22.9,20.7,14.6,78,23.8,IMD-synthetic
D-MZ-03,Champhai,MZ,2026-06-26,42.5,21.1,14.8,92,10.3,IMD-synthetic
D-MZ-03,Champhai,MZ,2026-06-27,14.9,19.5,9.9,63,5.3,IMD-synthetic
D-MZ-03,Champhai,MZ,2026-06-28,7.7,20.3,11.9,67,17.3,IMD-synthetic
D-MZ-03,Champhai,MZ,2026-06-29,7.5,22.1,12.3,58,7.0,IMD-synthetic
D-MZ-03,Champhai,MZ,2026-06-30,1.4,23.7,15.7,63,18.5,IMD-synthetic
D-MZ-03,Champhai,MZ,2026-07-01,19.6,22.4,14.3,77,9.9,IMD-synthetic
D-MZ-03,Champhai,MZ,2026-07-02,75.0,17.6,11.9,99,15.8,IMD-synthetic
D-MZ-03,Champhai,MZ,2026-07-03,31.2,23.0,16.0,76,13.1,IMD-synthetic
D-MZ-03,Champhai,MZ,2026-07-04,30.9,21.1,11.9,78,6.4,IMD-synthetic
D-MZ-03,Champhai,MZ,2026-07-05,41.7,18.2,12.9,86,7.4,IMD-synthetic
D-MZ-03,Champhai,MZ,2026-07-06,17.0,20.1,13.6,77,8.2,IMD-synthetic
D-MZ-03,Champhai,MZ,2026-07-07,23.3,22.7,13.6,77,16.0,IMD-synthetic
D-MZ-03,Champhai,MZ,2026-07-08,1.9,22.2,12.6,58,10.6,IMD-synthetic
D-MZ-03,Champhai,MZ,2026-07-09,5.2,20.9,15.7,66,5.3,IMD-synthetic
D-MZ-03,Champhai,MZ,2026-07-10,20.1,20.4,14.4,72,11.2,IMD-synthetic
D-MZ-03,Champhai,MZ,2026-07-11,3.3,18.7,12.1,60,25.1,IMD-synthetic
D-MZ-03,Champhai,MZ,2026-07-12,18.2,22.5,13.7,68,4.4,IMD-synthetic
D-MZ-03,Champhai,MZ,2026-07-13,0.7,19.8,14.2,66,17.7,IMD-synthetic
D-MZ-03,Champhai,MZ,2026-07-14,0.3,22.0,16.7,60,4.0,IMD-synthetic
D-MZ-03,Champhai,MZ,2026-07-15,5.7,22.9,16.7,64,10.1,IMD-synthetic
D-MZ-03,Champhai,MZ,2026-07-16,62.9,17.6,10.9,99,19.3,IMD-synthetic
D-MZ-03,Champhai,MZ,2026-07-17,45.8,20.7,11.1,85,18.3,IMD-synthetic
D-MZ-03,Champhai,MZ,2026-07-18,43.2,20.2,11.8,83,6.2,IMD-synthetic
D-MZ-03,Champhai,MZ,2026-07-19,44.2,19.2,13.1,93,24.1,IMD-synthetic
D-MZ-03,Champhai,MZ,2026-07-20,0.9,21.3,12.0,53,9.0,IMD-synthetic
D-MZ-03,Champhai,MZ,2026-07-21,3.5,21.9,15.7,58,3.1,IMD-synthetic
D-MZ-03,Champhai,MZ,2026-07-22,13.2,22.8,16.6,64,5.2,IMD-synthetic
D-MZ-03,Champhai,MZ,2026-07-23,8.8,20.4,14.5,66,4.6,IMD-synthetic
D-MZ-03,Champhai,MZ,2026-07-24,14.1,22.5,14.4,64,4.0,IMD-synthetic
D-MZ-03,Champhai,MZ,2026-07-25,4.8,20.0,12.8,63,7.4,IMD-synthetic
D-MZ-03,Champhai,MZ,2026-07-26,21.1,22.0,12.7,76,16.0,IMD-synthetic
D-MZ-03,Champhai,MZ,2026-07-27,16.2,18.6,13.5,65,16.0,IMD-synthetic
D-MZ-03,Champhai,MZ,2026-07-28,22.3,21.5,14.6,78,10.2,IMD-synthetic
D-MZ-03,Champhai,MZ,2026-07-29,48.3,18.4,12.8,91,18.4,IMD-synthetic
D-MZ-03,Champhai,MZ,2026-07-30,26.0,18.2,10.7,73,16.8,IMD-synthetic
D-MZ-03,Champhai,MZ,2026-07-31,28.0,21.4,15.2,79,3.8,IMD-synthetic
D-MZ-03,Champhai,MZ,2026-08-01,4.0,21.0,12.1,56,2.6,IMD-synthetic
D-MZ-03,Champhai,MZ,2026-08-02,9.4,20.8,15.8,67,10.3,IMD-synthetic
D-MZ-03,Champhai,MZ,2026-08-03,11.3,22.5,15.6,62,8.1,IMD-synthetic
D-MZ-03,Champhai,MZ,2026-08-04,0.2,24.2,19.2,63,11.1,IMD-synthetic
D-MZ-03,Champhai,MZ,2026-08-05,4.5,21.2,13.1,67,19.9,IMD-synthetic
D-MZ-03,Champhai,MZ,2026-08-06,6.3,18.5,10.5,63,12.9,IMD-synthetic
D-MZ-03,Champhai,MZ,2026-08-07,4.3,22.9,16.5,63,19.3,IMD-synthetic
D-MZ-03,Champhai,MZ,2026-08-08,7.4,22.3,13.9,61,3.7,IMD-synthetic
D-MZ-03,Champhai,MZ,2026-08-09,2.7,23.0,15.3,55,3.8,IMD-synthetic
D-MZ-03,Champhai,MZ,2026-08-10,10.0,18.9,13.0,59,20.0,IMD-synthetic
D-MZ-03,Champhai,MZ,2026-08-11,4.5,20.4,14.9,59,5.6,IMD-synthetic
D-MZ-03,Champhai,MZ,2026-08-12,9.8,21.4,14.6,62,2.8,IMD-synthetic
D-MZ-03,Champhai,MZ,2026-08-13,3.6,22.6,13.2,63,14.6,IMD-synthetic
D-MZ-03,Champhai,MZ,2026-08-14,11.6,19.4,10.2,63,15.6,IMD-synthetic
D-MZ-03,Champhai,MZ,2026-08-15,1.6,23.9,16.5,56,11.1,IMD-synthetic
D-MZ-03,Champhai,MZ,2026-08-16,48.9,21.7,13.5,92,6.4,IMD-synthetic
D-MZ-03,Champhai,MZ,2026-08-17,19.1,20.1,14.7,75,4.4,IMD-synthetic
D-MZ-03,Champhai,MZ,2026-08-18,19.3,20.8,15.8,67,7.8,IMD-synthetic
D-MZ-03,Champhai,MZ,2026-08-19,29.7,23.0,17.9,81,14.8,IMD-synthetic
D-MZ-03,Champhai,MZ,2026-08-20,1.9,19.5,14.5,58,20.4,IMD-synthetic
D-MZ-03,Champhai,MZ,2026-08-21,10.7,18.6,12.3,68,10.7,IMD-synthetic
D-MZ-03,Champhai,MZ,2026-08-22,7.7,21.0,12.9,62,11.3,IMD-synthetic
D-MZ-03,Champhai,MZ,2026-08-23,3.4,20.8,15.4,60,19.6,IMD-synthetic
D-MZ-03,Champhai,MZ,2026-08-24,12.6,22.1,14.6,71,22.3,IMD-synthetic
D-MZ-03,Champhai,MZ,2026-08-25,6.5,18.8,10.1,67,11.2,IMD-synthetic
D-MZ-03,Champhai,MZ,2026-08-26,9.9,23.7,16.8,65,13.0,IMD-synthetic
D-MZ-03,Champhai,MZ,2026-08-27,15.4,21.2,12.5,74,3.1,IMD-synthetic
D-MZ-03,Champhai,MZ,2026-08-28,4.0,22.1,13.5,68,18.0,IMD-synthetic
D-MZ-03,Champhai,MZ,2026-08-29,5.5,22.9,13.5,58,12.2,IMD-synthetic
D-MZ-03,Champhai,MZ,2026-08-30,0.0,24.0,18.4,63,12.0,IMD-synthetic
D-MZ-03,Champhai,MZ,2026-08-31,5.4,21.9,16.4,58,14.3,IMD-synthetic
D-MZ-03,Champhai,MZ,2026-09-01,5.0,21.4,14.3,67,12.0,IMD-synthetic
D-MZ-03,Champhai,MZ,2026-09-02,10.7,20.4,13.5,73,11.3,IMD-synthetic
D-MZ-03,Champhai,MZ,2026-09-03,6.1,18.3,11.4,64,25.1,IMD-synthetic
D-MZ-03,Champhai,MZ,2026-09-04,34.8,20.6,12.6,85,11.6,IMD-synthetic
D-MZ-03,Champhai,MZ,2026-09-05,15.9,23.1,14.3,71,6.3,IMD-synthetic
D-MZ-03,Champhai,MZ,2026-09-06,26.2,22.5,14.0,83,4.7,IMD-synthetic
D-MZ-03,Champhai,MZ,2026-09-07,6.1,18.5,11.9,59,3.5,IMD-synthetic
D-MZ-03,Champhai,MZ,2026-09-08,0.6,22.7,14.3,60,4.0,IMD-synthetic
D-MZ-03,Champhai,MZ,2026-09-09,1.6,19.2,11.8,60,2.5,IMD-synthetic
D-MZ-03,Champhai,MZ,2026-09-10,5.7,21.7,11.8,61,3.3,IMD-synthetic
D-MZ-03,Champhai,MZ,2026-09-11,4.2,20.9,12.8,66,19.5,IMD-synthetic
D-MZ-03,Champhai,MZ,2026-09-12,10.5,21.0,14.6,67,17.0,IMD-synthetic
D-MZ-03,Champhai,MZ,2026-09-13,45.6,18.3,10.8,85,15.1,IMD-synthetic
D-MZ-03,Champhai,MZ,2026-09-14,18.5,20.0,12.9,72,4.3,IMD-synthetic
D-MZ-03,Champhai,MZ,2026-09-15,8.4,24.1,14.6,58,3.8,IMD-synthetic
D-MZ-03,Champhai,MZ,2026-09-16,10.1,23.2,13.9,63,22.7,IMD-synthetic
D-MZ-04,Kolasib,MZ,2026-05-20,5.8,28.8,23.0,62,24.9,IMD-synthetic
D-MZ-04,Kolasib,MZ,2026-05-21,6.4,24.9,15.6,62,12.0,IMD-synthetic
D-MZ-04,Kolasib,MZ,2026-05-22,5.8,26.8,19.0,57,15.8,IMD-synthetic
D-MZ-04,Kolasib,MZ,2026-05-23,7.5,27.9,20.0,65,16.0,IMD-synthetic
D-MZ-04,Kolasib,MZ,2026-05-24,13.9,24.7,19.5,72,17.4,IMD-synthetic
D-MZ-04,Kolasib,MZ,2026-05-25,35.4,26.3,20.4,86,6.1,IMD-synthetic
D-MZ-04,Kolasib,MZ,2026-05-26,20.4,28.4,19.9,72,4.9,IMD-synthetic
D-MZ-04,Kolasib,MZ,2026-05-27,1.1,27.6,20.0,56,2.9,IMD-synthetic
D-MZ-04,Kolasib,MZ,2026-05-28,4.4,27.5,22.2,61,5.9,IMD-synthetic
D-MZ-04,Kolasib,MZ,2026-05-29,4.2,27.0,20.3,58,18.7,IMD-synthetic
D-MZ-04,Kolasib,MZ,2026-05-30,11.6,25.1,17.1,68,20.2,IMD-synthetic
D-MZ-04,Kolasib,MZ,2026-05-31,6.8,25.5,16.8,65,5.7,IMD-synthetic
D-MZ-04,Kolasib,MZ,2026-06-01,16.9,29.0,23.5,75,3.7,IMD-synthetic
D-MZ-04,Kolasib,MZ,2026-06-02,16.1,25.6,16.2,64,19.7,IMD-synthetic
D-MZ-04,Kolasib,MZ,2026-06-03,20.7,25.1,17.6,72,6.3,IMD-synthetic
D-MZ-04,Kolasib,MZ,2026-06-04,17.8,29.6,21.1,70,2.9,IMD-synthetic
D-MZ-04,Kolasib,MZ,2026-06-05,8.6,27.2,20.9,61,21.8,IMD-synthetic
D-MZ-04,Kolasib,MZ,2026-06-06,12.1,25.6,20.1,65,20.6,IMD-synthetic
D-MZ-04,Kolasib,MZ,2026-06-07,0.2,28.6,21.2,57,17.9,IMD-synthetic
D-MZ-04,Kolasib,MZ,2026-06-08,20.9,23.9,16.0,76,9.3,IMD-synthetic
D-MZ-04,Kolasib,MZ,2026-06-09,12.6,26.5,18.4,73,2.8,IMD-synthetic
D-MZ-04,Kolasib,MZ,2026-06-10,13.3,28.9,20.4,67,17.3,IMD-synthetic
D-MZ-04,Kolasib,MZ,2026-06-11,7.2,29.5,19.9,62,14.2,IMD-synthetic
D-MZ-04,Kolasib,MZ,2026-06-12,44.3,26.9,20.9,89,2.7,IMD-synthetic
D-MZ-04,Kolasib,MZ,2026-06-13,38.8,24.0,15.7,89,25.4,IMD-synthetic
D-MZ-04,Kolasib,MZ,2026-06-14,3.9,24.7,18.8,57,22.4,IMD-synthetic
D-MZ-04,Kolasib,MZ,2026-06-15,15.0,26.8,17.8,72,21.5,IMD-synthetic
D-MZ-04,Kolasib,MZ,2026-06-16,77.5,23.7,17.5,99,23.6,IMD-synthetic
D-MZ-04,Kolasib,MZ,2026-06-17,24.1,26.8,18.6,73,8.4,IMD-synthetic
D-MZ-04,Kolasib,MZ,2026-06-18,29.1,29.3,19.9,76,18.1,IMD-synthetic
D-MZ-04,Kolasib,MZ,2026-06-19,38.2,24.2,17.8,90,20.1,IMD-synthetic
D-MZ-04,Kolasib,MZ,2026-06-20,48.7,25.6,17.1,99,4.8,IMD-synthetic
D-MZ-04,Kolasib,MZ,2026-06-21,39.8,25.8,20.5,84,25.8,IMD-synthetic
D-MZ-04,Kolasib,MZ,2026-06-22,22.0,28.4,22.0,71,10.4,IMD-synthetic
D-MZ-04,Kolasib,MZ,2026-06-23,37.0,27.0,21.7,80,2.9,IMD-synthetic
D-MZ-04,Kolasib,MZ,2026-06-24,13.9,25.5,18.9,63,17.2,IMD-synthetic
D-MZ-04,Kolasib,MZ,2026-06-25,52.4,23.5,14.0,99,2.7,IMD-synthetic
D-MZ-04,Kolasib,MZ,2026-06-26,26.7,25.8,17.7,73,15.9,IMD-synthetic
D-MZ-04,Kolasib,MZ,2026-06-27,0.8,29.7,23.5,57,11.2,IMD-synthetic
D-MZ-04,Kolasib,MZ,2026-06-28,20.4,26.1,20.2,68,10.3,IMD-synthetic
D-MZ-04,Kolasib,MZ,2026-06-29,8.4,27.2,21.7,58,21.7,IMD-synthetic
D-MZ-04,Kolasib,MZ,2026-06-30,4.2,27.9,18.7,66,20.8,IMD-synthetic
D-MZ-04,Kolasib,MZ,2026-07-01,6.7,27.6,21.9,56,12.2,IMD-synthetic
D-MZ-04,Kolasib,MZ,2026-07-02,17.7,25.3,19.3,75,18.2,IMD-synthetic
D-MZ-04,Kolasib,MZ,2026-07-03,5.5,25.3,19.3,61,24.5,IMD-synthetic
D-MZ-04,Kolasib,MZ,2026-07-04,9.1,29.2,22.9,58,12.4,IMD-synthetic
D-MZ-04,Kolasib,MZ,2026-07-05,19.3,24.7,18.5,73,11.2,IMD-synthetic
D-MZ-04,Kolasib,MZ,2026-07-06,3.2,25.9,20.8,58,10.2,IMD-synthetic
D-MZ-04,Kolasib,MZ,2026-07-07,13.8,25.8,15.9,73,17.2,IMD-synthetic
D-MZ-04,Kolasib,MZ,2026-07-08,19.2,29.5,21.5,77,24.1,IMD-synthetic
D-MZ-04,Kolasib,MZ,2026-07-09,20.6,25.1,18.0,79,23.0,IMD-synthetic
D-MZ-04,Kolasib,MZ,2026-07-10,7.8,25.7,20.2,69,11.7,IMD-synthetic
D-MZ-04,Kolasib,MZ,2026-07-11,43.7,26.5,20.5,83,16.2,IMD-synthetic
D-MZ-04,Kolasib,MZ,2026-07-12,39.6,24.9,17.1,93,7.1,IMD-synthetic
D-MZ-04,Kolasib,MZ,2026-07-13,31.2,25.1,16.5,82,18.0,IMD-synthetic
D-MZ-04,Kolasib,MZ,2026-07-14,10.3,26.5,18.8,67,13.0,IMD-synthetic
D-MZ-04,Kolasib,MZ,2026-07-15,2.5,28.1,18.8,54,22.7,IMD-synthetic
D-MZ-04,Kolasib,MZ,2026-07-16,13.9,24.2,17.9,67,4.0,IMD-synthetic
D-MZ-04,Kolasib,MZ,2026-07-17,78.8,24.2,14.4,99,24.7,IMD-synthetic
D-MZ-04,Kolasib,MZ,2026-07-18,26.6,25.8,16.7,76,19.5,IMD-synthetic
D-MZ-04,Kolasib,MZ,2026-07-19,41.2,27.6,20.5,81,4.3,IMD-synthetic
D-MZ-04,Kolasib,MZ,2026-07-20,37.0,25.1,17.3,88,6.3,IMD-synthetic
D-MZ-04,Kolasib,MZ,2026-07-21,31.4,24.6,14.8,82,17.4,IMD-synthetic
D-MZ-04,Kolasib,MZ,2026-07-22,12.3,23.8,13.9,73,9.8,IMD-synthetic
D-MZ-04,Kolasib,MZ,2026-07-23,15.4,28.4,21.4,72,21.0,IMD-synthetic
D-MZ-04,Kolasib,MZ,2026-07-24,8.2,24.1,15.0,68,8.3,IMD-synthetic
D-MZ-04,Kolasib,MZ,2026-07-25,13.4,24.1,14.9,68,6.0,IMD-synthetic
D-MZ-04,Kolasib,MZ,2026-07-26,10.6,25.6,20.4,61,3.3,IMD-synthetic
D-MZ-04,Kolasib,MZ,2026-07-27,20.5,26.8,17.4,80,12.3,IMD-synthetic
D-MZ-04,Kolasib,MZ,2026-07-28,9.0,28.8,21.2,69,17.1,IMD-synthetic
D-MZ-04,Kolasib,MZ,2026-07-29,5.9,27.7,19.8,66,11.8,IMD-synthetic
D-MZ-04,Kolasib,MZ,2026-07-30,1.2,26.2,19.6,57,2.5,IMD-synthetic
D-MZ-04,Kolasib,MZ,2026-07-31,0.5,24.4,15.6,58,15.9,IMD-synthetic
D-MZ-04,Kolasib,MZ,2026-08-01,1.5,28.7,20.5,53,9.1,IMD-synthetic
D-MZ-04,Kolasib,MZ,2026-08-02,15.7,24.5,15.2,72,13.0,IMD-synthetic
D-MZ-04,Kolasib,MZ,2026-08-03,13.8,24.0,17.9,66,5.5,IMD-synthetic
D-MZ-04,Kolasib,MZ,2026-08-04,13.6,25.0,18.5,65,17.1,IMD-synthetic
D-MZ-04,Kolasib,MZ,2026-08-05,9.3,27.4,18.7,68,7.6,IMD-synthetic
D-MZ-04,Kolasib,MZ,2026-08-06,12.3,24.6,18.5,66,12.1,IMD-synthetic
D-MZ-04,Kolasib,MZ,2026-08-07,15.4,29.1,21.9,65,5.0,IMD-synthetic
D-MZ-04,Kolasib,MZ,2026-08-08,5.1,26.0,18.7,61,18.2,IMD-synthetic
D-MZ-04,Kolasib,MZ,2026-08-09,7.1,29.5,22.3,61,3.0,IMD-synthetic
D-MZ-04,Kolasib,MZ,2026-08-10,16.6,29.1,21.1,75,8.4,IMD-synthetic
D-MZ-04,Kolasib,MZ,2026-08-11,14.1,25.9,19.5,65,7.7,IMD-synthetic
D-MZ-04,Kolasib,MZ,2026-08-12,9.2,25.8,17.9,70,12.7,IMD-synthetic
D-MZ-04,Kolasib,MZ,2026-08-13,4.6,28.8,23.7,65,7.8,IMD-synthetic
D-MZ-04,Kolasib,MZ,2026-08-14,7.7,26.6,21.5,69,2.5,IMD-synthetic
D-MZ-04,Kolasib,MZ,2026-08-15,7.7,25.9,19.4,63,6.8,IMD-synthetic
D-MZ-04,Kolasib,MZ,2026-08-16,58.6,27.5,19.2,95,16.9,IMD-synthetic
D-MZ-04,Kolasib,MZ,2026-08-17,19.4,23.8,15.2,73,8.7,IMD-synthetic
D-MZ-04,Kolasib,MZ,2026-08-18,18.9,26.1,19.1,75,5.6,IMD-synthetic
D-MZ-04,Kolasib,MZ,2026-08-19,13.2,25.8,18.2,74,10.0,IMD-synthetic
D-MZ-04,Kolasib,MZ,2026-08-20,6.7,25.9,20.0,59,18.2,IMD-synthetic
D-MZ-04,Kolasib,MZ,2026-08-21,7.8,24.0,15.6,70,20.3,IMD-synthetic
D-MZ-04,Kolasib,MZ,2026-08-22,0.7,26.7,17.4,60,3.9,IMD-synthetic
D-MZ-04,Kolasib,MZ,2026-08-23,61.0,26.4,17.6,99,12.1,IMD-synthetic
D-MZ-04,Kolasib,MZ,2026-08-24,19.9,27.7,19.7,73,19.7,IMD-synthetic
D-MZ-04,Kolasib,MZ,2026-08-25,18.1,24.1,18.6,77,14.1,IMD-synthetic
D-MZ-04,Kolasib,MZ,2026-08-26,8.2,29.4,22.4,58,19.5,IMD-synthetic
D-MZ-04,Kolasib,MZ,2026-08-27,7.8,24.4,16.2,66,14.3,IMD-synthetic
D-MZ-04,Kolasib,MZ,2026-08-28,5.1,26.6,18.7,61,17.6,IMD-synthetic
D-MZ-04,Kolasib,MZ,2026-08-29,7.0,29.1,20.6,57,10.9,IMD-synthetic
D-MZ-04,Kolasib,MZ,2026-08-30,7.4,29.7,21.8,57,17.4,IMD-synthetic
D-MZ-04,Kolasib,MZ,2026-08-31,35.0,24.7,18.5,86,15.8,IMD-synthetic
D-MZ-04,Kolasib,MZ,2026-09-01,15.3,26.2,19.8,62,8.7,IMD-synthetic
D-MZ-04,Kolasib,MZ,2026-09-02,19.5,25.1,17.4,68,5.7,IMD-synthetic
D-MZ-04,Kolasib,MZ,2026-09-03,16.3,25.8,19.7,64,11.3,IMD-synthetic
D-MZ-04,Kolasib,MZ,2026-09-04,28.3,28.7,22.6,80,4.2,IMD-synthetic
D-MZ-04,Kolasib,MZ,2026-09-05,19.1,28.1,21.4,69,9.2,IMD-synthetic
D-MZ-04,Kolasib,MZ,2026-09-06,17.0,24.4,18.5,72,8.8,IMD-synthetic
D-MZ-04,Kolasib,MZ,2026-09-07,44.0,24.2,15.6,93,13.5,IMD-synthetic
D-MZ-04,Kolasib,MZ,2026-09-08,15.9,25.8,20.4,75,18.4,IMD-synthetic
D-MZ-04,Kolasib,MZ,2026-09-09,23.4,26.0,19.4,80,13.9,IMD-synthetic
D-MZ-04,Kolasib,MZ,2026-09-10,17.0,24.9,15.1,76,3.8,IMD-synthetic
D-MZ-04,Kolasib,MZ,2026-09-11,0.1,26.1,19.2,55,24.7,IMD-synthetic
D-MZ-04,Kolasib,MZ,2026-09-12,4.0,28.7,22.0,68,24.5,IMD-synthetic
D-MZ-04,Kolasib,MZ,2026-09-13,4.6,24.9,19.3,62,9.9,IMD-synthetic
D-MZ-04,Kolasib,MZ,2026-09-14,10.2,24.1,16.2,63,23.3,IMD-synthetic
D-MZ-04,Kolasib,MZ,2026-09-15,1.0,24.9,14.9,66,9.9,IMD-synthetic
D-MZ-04,Kolasib,MZ,2026-09-16,10.6,29.6,24.0,65,20.2,IMD-synthetic
D-MZ-05,Serchhip,MZ,2026-05-20,7.6,25.9,20.4,60,14.8,IMD-synthetic
D-MZ-05,Serchhip,MZ,2026-05-21,1.3,25.7,16.9,63,25.8,IMD-synthetic
D-MZ-05,Serchhip,MZ,2026-05-22,0.9,21.9,15.0,56,18.9,IMD-synthetic
D-MZ-05,Serchhip,MZ,2026-05-23,2.5,25.8,20.3,62,10.9,IMD-synthetic
D-MZ-05,Serchhip,MZ,2026-05-24,11.9,26.0,16.8,72,19.7,IMD-synthetic
D-MZ-05,Serchhip,MZ,2026-05-25,0.9,22.2,14.8,55,4.2,IMD-synthetic
D-MZ-05,Serchhip,MZ,2026-05-26,34.6,21.0,15.6,88,10.6,IMD-synthetic
D-MZ-05,Serchhip,MZ,2026-05-27,17.3,20.4,15.1,67,6.6,IMD-synthetic
D-MZ-05,Serchhip,MZ,2026-05-28,27.1,21.7,14.5,78,18.1,IMD-synthetic
D-MZ-05,Serchhip,MZ,2026-05-29,15.8,20.4,10.4,73,10.7,IMD-synthetic
D-MZ-05,Serchhip,MZ,2026-05-30,9.4,22.1,14.8,68,19.0,IMD-synthetic
D-MZ-05,Serchhip,MZ,2026-05-31,11.4,22.1,12.7,61,15.4,IMD-synthetic
D-MZ-05,Serchhip,MZ,2026-06-01,13.0,20.7,13.7,69,23.7,IMD-synthetic
D-MZ-05,Serchhip,MZ,2026-06-02,3.3,22.8,14.4,67,24.0,IMD-synthetic
D-MZ-05,Serchhip,MZ,2026-06-03,0.5,26.2,16.6,62,25.6,IMD-synthetic
D-MZ-05,Serchhip,MZ,2026-06-04,13.4,20.2,10.7,73,22.4,IMD-synthetic
D-MZ-05,Serchhip,MZ,2026-06-05,13.9,21.1,14.8,72,5.0,IMD-synthetic
D-MZ-05,Serchhip,MZ,2026-06-06,9.1,23.2,17.6,67,17.2,IMD-synthetic
D-MZ-05,Serchhip,MZ,2026-06-07,20.2,22.4,14.1,71,16.8,IMD-synthetic
D-MZ-05,Serchhip,MZ,2026-06-08,20.8,20.2,14.2,70,15.8,IMD-synthetic
D-MZ-05,Serchhip,MZ,2026-06-09,1.9,20.3,13.6,56,17.9,IMD-synthetic
D-MZ-05,Serchhip,MZ,2026-06-10,20.1,25.7,18.9,67,5.2,IMD-synthetic
D-MZ-05,Serchhip,MZ,2026-06-11,1.1,21.5,15.8,53,17.5,IMD-synthetic
D-MZ-05,Serchhip,MZ,2026-06-12,18.4,23.4,15.3,75,8.1,IMD-synthetic
D-MZ-05,Serchhip,MZ,2026-06-13,10.1,20.9,12.8,60,10.0,IMD-synthetic
D-MZ-05,Serchhip,MZ,2026-06-14,17.7,22.0,12.0,76,21.3,IMD-synthetic
D-MZ-05,Serchhip,MZ,2026-06-15,77.6,24.7,17.7,99,3.1,IMD-synthetic
D-MZ-05,Serchhip,MZ,2026-06-16,35.3,20.8,11.1,79,2.3,IMD-synthetic
D-MZ-05,Serchhip,MZ,2026-06-17,18.5,25.4,19.1,78,11.6,IMD-synthetic
D-MZ-05,Serchhip,MZ,2026-06-18,21.0,20.2,12.3,70,4.0,IMD-synthetic
D-MZ-05,Serchhip,MZ,2026-06-19,15.9,23.1,15.9,76,8.2,IMD-synthetic
D-MZ-05,Serchhip,MZ,2026-06-20,49.7,24.6,17.4,88,14.4,IMD-synthetic
D-MZ-05,Serchhip,MZ,2026-06-21,33.8,22.8,15.2,85,11.1,IMD-synthetic
D-MZ-05,Serchhip,MZ,2026-06-22,32.2,25.7,15.8,83,7.7,IMD-synthetic
D-MZ-05,Serchhip,MZ,2026-06-23,14.4,20.4,12.2,74,5.3,IMD-synthetic
D-MZ-05,Serchhip,MZ,2026-06-24,19.3,26.0,17.0,77,15.3,IMD-synthetic
D-MZ-05,Serchhip,MZ,2026-06-25,57.0,22.9,14.6,98,23.2,IMD-synthetic
D-MZ-05,Serchhip,MZ,2026-06-26,40.3,23.4,17.3,80,9.9,IMD-synthetic
D-MZ-05,Serchhip,MZ,2026-06-27,40.4,24.1,14.8,87,21.1,IMD-synthetic
D-MZ-05,Serchhip,MZ,2026-06-28,15.9,23.4,13.6,71,9.4,IMD-synthetic
D-MZ-05,Serchhip,MZ,2026-06-29,16.4,21.6,12.6,73,25.0,IMD-synthetic
D-MZ-05,Serchhip,MZ,2026-06-30,9.6,23.6,15.7,71,25.0,IMD-synthetic
D-MZ-05,Serchhip,MZ,2026-07-01,5.1,20.6,12.8,65,5.0,IMD-synthetic
D-MZ-05,Serchhip,MZ,2026-07-02,11.8,25.0,18.7,67,14.4,IMD-synthetic
D-MZ-05,Serchhip,MZ,2026-07-03,12.6,24.8,15.6,65,18.5,IMD-synthetic
D-MZ-05,Serchhip,MZ,2026-07-04,21.2,22.2,13.9,76,17.9,IMD-synthetic
D-MZ-05,Serchhip,MZ,2026-07-05,3.8,25.7,17.1,67,20.2,IMD-synthetic
D-MZ-05,Serchhip,MZ,2026-07-06,5.2,21.7,15.7,61,14.2,IMD-synthetic
D-MZ-05,Serchhip,MZ,2026-07-07,12.7,21.9,12.2,66,23.8,IMD-synthetic
D-MZ-05,Serchhip,MZ,2026-07-08,12.0,23.8,16.8,64,15.2,IMD-synthetic
D-MZ-05,Serchhip,MZ,2026-07-09,6.4,21.9,15.3,64,10.0,IMD-synthetic
D-MZ-05,Serchhip,MZ,2026-07-10,70.3,19.7,12.3,99,18.4,IMD-synthetic
D-MZ-05,Serchhip,MZ,2026-07-11,42.8,23.2,17.4,89,16.9,IMD-synthetic
D-MZ-05,Serchhip,MZ,2026-07-12,31.2,24.1,14.3,75,18.5,IMD-synthetic
D-MZ-05,Serchhip,MZ,2026-07-13,6.9,23.4,15.0,70,5.8,IMD-synthetic
D-MZ-05,Serchhip,MZ,2026-07-14,18.1,25.1,16.8,75,16.9,IMD-synthetic
D-MZ-05,Serchhip,MZ,2026-07-15,8.0,21.8,14.8,68,3.7,IMD-synthetic
D-MZ-05,Serchhip,MZ,2026-07-16,15.3,22.0,16.4,68,14.7,IMD-synthetic
D-MZ-05,Serchhip,MZ,2026-07-17,22.3,20.0,11.0,75,7.0,IMD-synthetic
D-MZ-05,Serchhip,MZ,2026-07-18,19.5,20.4,14.8,76,22.1,IMD-synthetic
D-MZ-05,Serchhip,MZ,2026-07-19,54.3,22.3,14.1,92,8.7,IMD-synthetic
D-MZ-05,Serchhip,MZ,2026-07-20,27.2,21.6,13.9,81,9.3,IMD-synthetic
D-MZ-05,Serchhip,MZ,2026-07-21,41.6,20.7,13.8,88,15.6,IMD-synthetic
D-MZ-05,Serchhip,MZ,2026-07-22,37.7,21.2,12.9,79,4.0,IMD-synthetic
D-MZ-05,Serchhip,MZ,2026-07-23,12.1,20.3,15.3,63,23.8,IMD-synthetic
D-MZ-05,Serchhip,MZ,2026-07-24,1.7,25.4,16.0,59,7.8,IMD-synthetic
D-MZ-05,Serchhip,MZ,2026-07-25,12.5,22.5,13.8,62,10.3,IMD-synthetic
D-MZ-05,Serchhip,MZ,2026-07-26,9.9,20.3,14.1,61,11.4,IMD-synthetic
D-MZ-05,Serchhip,MZ,2026-07-27,10.4,25.3,15.6,70,11.7,IMD-synthetic
D-MZ-05,Serchhip,MZ,2026-07-28,11.8,20.4,13.7,63,24.2,IMD-synthetic
D-MZ-05,Serchhip,MZ,2026-07-29,7.1,23.7,18.2,66,19.1,IMD-synthetic
D-MZ-05,Serchhip,MZ,2026-07-30,8.3,22.9,14.8,67,21.3,IMD-synthetic
D-MZ-05,Serchhip,MZ,2026-07-31,1.0,26.2,16.8,65,25.3,IMD-synthetic
D-MZ-05,Serchhip,MZ,2026-08-01,15.5,24.0,15.7,70,22.7,IMD-synthetic
D-MZ-05,Serchhip,MZ,2026-08-02,8.3,25.5,17.8,59,5.8,IMD-synthetic
D-MZ-05,Serchhip,MZ,2026-08-03,4.7,25.9,19.0,61,14.3,IMD-synthetic
D-MZ-05,Serchhip,MZ,2026-08-04,7.2,22.9,14.9,68,21.9,IMD-synthetic
D-MZ-05,Serchhip,MZ,2026-08-05,1.5,25.0,17.2,61,4.4,IMD-synthetic
D-MZ-05,Serchhip,MZ,2026-08-06,8.3,22.5,17.2,65,18.5,IMD-synthetic
D-MZ-05,Serchhip,MZ,2026-08-07,14.5,23.7,17.9,65,4.4,IMD-synthetic
D-MZ-05,Serchhip,MZ,2026-08-08,11.3,21.2,12.4,70,14.4,IMD-synthetic
D-MZ-05,Serchhip,MZ,2026-08-09,12.1,23.0,15.8,66,11.1,IMD-synthetic
D-MZ-05,Serchhip,MZ,2026-08-10,16.4,23.0,16.2,67,16.7,IMD-synthetic
D-MZ-05,Serchhip,MZ,2026-08-11,12.9,24.0,17.5,74,12.4,IMD-synthetic
D-MZ-05,Serchhip,MZ,2026-08-12,9.0,22.2,15.1,66,24.8,IMD-synthetic
D-MZ-05,Serchhip,MZ,2026-08-13,15.1,21.7,13.6,75,13.7,IMD-synthetic
D-MZ-05,Serchhip,MZ,2026-08-14,12.7,21.9,16.3,63,16.2,IMD-synthetic
D-MZ-05,Serchhip,MZ,2026-08-15,18.1,24.0,18.5,77,17.4,IMD-synthetic
D-MZ-05,Serchhip,MZ,2026-08-16,15.7,24.7,16.6,66,17.9,IMD-synthetic
D-MZ-05,Serchhip,MZ,2026-08-17,12.0,24.3,16.9,62,24.6,IMD-synthetic
D-MZ-05,Serchhip,MZ,2026-08-18,9.1,22.6,17.1,63,17.6,IMD-synthetic
D-MZ-05,Serchhip,MZ,2026-08-19,8.9,20.8,13.1,70,11.0,IMD-synthetic
D-MZ-05,Serchhip,MZ,2026-08-20,12.1,21.1,11.8,67,25.2,IMD-synthetic
D-MZ-05,Serchhip,MZ,2026-08-21,0.3,25.0,16.3,63,22.1,IMD-synthetic
D-MZ-05,Serchhip,MZ,2026-08-22,10.9,25.2,18.4,66,17.7,IMD-synthetic
D-MZ-05,Serchhip,MZ,2026-08-23,2.8,25.7,18.0,66,17.1,IMD-synthetic
D-MZ-05,Serchhip,MZ,2026-08-24,3.5,21.3,15.2,64,20.9,IMD-synthetic
D-MZ-05,Serchhip,MZ,2026-08-25,8.1,22.0,14.7,61,21.4,IMD-synthetic
D-MZ-05,Serchhip,MZ,2026-08-26,8.1,24.5,18.2,71,18.1,IMD-synthetic
D-MZ-05,Serchhip,MZ,2026-08-27,14.8,25.0,18.8,66,15.3,IMD-synthetic
D-MZ-05,Serchhip,MZ,2026-08-28,10.4,26.1,18.5,62,24.5,IMD-synthetic
D-MZ-05,Serchhip,MZ,2026-08-29,14.0,20.3,13.0,64,21.8,IMD-synthetic
D-MZ-05,Serchhip,MZ,2026-08-30,1.4,22.4,14.0,62,2.9,IMD-synthetic
D-MZ-05,Serchhip,MZ,2026-08-31,13.7,25.8,18.5,72,8.5,IMD-synthetic
D-MZ-05,Serchhip,MZ,2026-09-01,31.8,23.4,13.7,78,18.3,IMD-synthetic
D-MZ-05,Serchhip,MZ,2026-09-02,18.3,24.3,18.8,75,15.9,IMD-synthetic
D-MZ-05,Serchhip,MZ,2026-09-03,23.8,23.9,15.0,81,12.2,IMD-synthetic
D-MZ-05,Serchhip,MZ,2026-09-04,18.4,21.5,11.5,75,13.7,IMD-synthetic
D-MZ-05,Serchhip,MZ,2026-09-05,11.1,24.9,16.4,68,3.1,IMD-synthetic
D-MZ-05,Serchhip,MZ,2026-09-06,23.5,23.2,16.8,69,7.1,IMD-synthetic
D-MZ-05,Serchhip,MZ,2026-09-07,24.1,24.9,16.1,77,3.8,IMD-synthetic
D-MZ-05,Serchhip,MZ,2026-09-08,7.6,25.7,19.2,64,9.4,IMD-synthetic
D-MZ-05,Serchhip,MZ,2026-09-09,5.5,25.4,15.8,60,19.1,IMD-synthetic
D-MZ-05,Serchhip,MZ,2026-09-10,5.2,24.9,15.5,68,8.4,IMD-synthetic
D-MZ-05,Serchhip,MZ,2026-09-11,2.5,24.9,15.0,63,17.9,IMD-synthetic
D-MZ-05,Serchhip,MZ,2026-09-12,8.5,21.6,14.8,66,22.2,IMD-synthetic
D-MZ-05,Serchhip,MZ,2026-09-13,1.9,25.3,17.7,66,10.2,IMD-synthetic
D-MZ-05,Serchhip,MZ,2026-09-14,8.5,21.6,13.0,69,24.7,IMD-synthetic
D-MZ-05,Serchhip,MZ,2026-09-15,10.1,21.0,13.5,69,11.4,IMD-synthetic
D-MZ-05,Serchhip,MZ,2026-09-16,1.3,25.2,16.8,66,21.1,IMD-synthetic
D-NL-01,Kohima,NL,2026-05-20,3.3,23.4,16.8,56,11.1,IMD-synthetic
D-NL-01,Kohima,NL,2026-05-21,7.4,24.2,16.5,68,5.5,IMD-synthetic
D-NL-01,Kohima,NL,2026-05-22,7.9,21.3,11.4,68,12.8,IMD-synthetic
D-NL-01,Kohima,NL,2026-05-23,8.0,21.7,14.8,60,11.0,IMD-synthetic
D-NL-01,Kohima,NL,2026-05-24,3.6,25.0,19.5,55,20.5,IMD-synthetic
D-NL-01,Kohima,NL,2026-05-25,10.8,24.8,18.1,62,24.1,IMD-synthetic
D-NL-01,Kohima,NL,2026-05-26,12.3,23.5,17.8,63,21.8,IMD-synthetic
D-NL-01,Kohima,NL,2026-05-27,1.3,23.1,15.9,66,12.3,IMD-synthetic
D-NL-01,Kohima,NL,2026-05-28,1.3,24.2,17.8,59,3.9,IMD-synthetic
D-NL-01,Kohima,NL,2026-05-29,1.7,19.7,14.3,62,7.9,IMD-synthetic
D-NL-01,Kohima,NL,2026-05-30,3.4,19.9,14.4,56,6.1,IMD-synthetic
D-NL-01,Kohima,NL,2026-05-31,4.9,20.6,13.1,67,11.5,IMD-synthetic
D-NL-01,Kohima,NL,2026-06-01,17.7,19.5,11.6,78,17.9,IMD-synthetic
D-NL-01,Kohima,NL,2026-06-02,2.1,22.8,13.9,58,19.8,IMD-synthetic
D-NL-01,Kohima,NL,2026-06-03,9.4,23.3,14.9,59,12.0,IMD-synthetic
D-NL-01,Kohima,NL,2026-06-04,9.7,19.6,11.9,70,11.5,IMD-synthetic
D-NL-01,Kohima,NL,2026-06-05,34.8,21.3,13.4,76,23.3,IMD-synthetic
D-NL-01,Kohima,NL,2026-06-06,34.2,21.3,14.8,80,11.6,IMD-synthetic
D-NL-01,Kohima,NL,2026-06-07,33.0,21.8,16.3,83,11.6,IMD-synthetic
D-NL-01,Kohima,NL,2026-06-08,17.7,23.8,15.8,64,20.8,IMD-synthetic
D-NL-01,Kohima,NL,2026-06-09,15.5,19.5,11.7,72,13.7,IMD-synthetic
D-NL-01,Kohima,NL,2026-06-10,36.0,23.8,13.8,87,16.3,IMD-synthetic
D-NL-01,Kohima,NL,2026-06-11,34.5,19.7,14.4,88,15.4,IMD-synthetic
D-NL-01,Kohima,NL,2026-06-12,21.7,21.6,13.9,75,13.1,IMD-synthetic
D-NL-01,Kohima,NL,2026-06-13,37.9,24.7,15.1,79,8.0,IMD-synthetic
D-NL-01,Kohima,NL,2026-06-14,39.3,23.3,14.4,84,6.1,IMD-synthetic
D-NL-01,Kohima,NL,2026-06-15,36.9,19.8,14.2,85,24.3,IMD-synthetic
D-NL-01,Kohima,NL,2026-06-16,52.2,20.9,14.5,88,22.8,IMD-synthetic
D-NL-01,Kohima,NL,2026-06-17,39.8,20.3,11.4,85,7.5,IMD-synthetic
D-NL-01,Kohima,NL,2026-06-18,30.5,20.8,12.4,82,4.0,IMD-synthetic
D-NL-01,Kohima,NL,2026-06-19,28.4,21.8,12.4,76,4.0,IMD-synthetic
D-NL-01,Kohima,NL,2026-06-20,17.9,21.5,15.4,74,10.3,IMD-synthetic
D-NL-01,Kohima,NL,2026-06-21,61.8,20.4,10.9,99,5.6,IMD-synthetic
D-NL-01,Kohima,NL,2026-06-22,31.4,20.2,12.3,79,24.8,IMD-synthetic
D-NL-01,Kohima,NL,2026-06-23,9.4,22.9,13.2,63,20.2,IMD-synthetic
D-NL-01,Kohima,NL,2026-06-24,1.9,25.1,19.7,60,2.6,IMD-synthetic
D-NL-01,Kohima,NL,2026-06-25,51.8,24.1,14.6,92,5.1,IMD-synthetic
D-NL-01,Kohima,NL,2026-06-26,39.5,23.1,18.1,80,11.4,IMD-synthetic
D-NL-01,Kohima,NL,2026-06-27,31.4,20.4,12.2,81,9.7,IMD-synthetic
D-NL-01,Kohima,NL,2026-06-28,7.5,21.0,12.2,63,22.0,IMD-synthetic
D-NL-01,Kohima,NL,2026-06-29,16.9,21.9,16.6,69,7.4,IMD-synthetic
D-NL-01,Kohima,NL,2026-06-30,18.6,24.3,14.6,76,12.9,IMD-synthetic
D-NL-01,Kohima,NL,2026-07-01,17.9,24.3,16.1,71,7.7,IMD-synthetic
D-NL-01,Kohima,NL,2026-07-02,3.8,23.0,15.9,66,19.4,IMD-synthetic
D-NL-01,Kohima,NL,2026-07-03,16.1,22.3,12.4,77,10.2,IMD-synthetic
D-NL-01,Kohima,NL,2026-07-04,6.4,21.1,13.4,57,9.3,IMD-synthetic
D-NL-01,Kohima,NL,2026-07-05,9.3,24.2,15.0,66,25.8,IMD-synthetic
D-NL-01,Kohima,NL,2026-07-06,18.2,24.3,18.5,65,16.3,IMD-synthetic
D-NL-01,Kohima,NL,2026-07-07,19.0,21.4,13.5,77,21.3,IMD-synthetic
D-NL-01,Kohima,NL,2026-07-08,2.5,20.2,12.8,67,13.3,IMD-synthetic
D-NL-01,Kohima,NL,2026-07-09,9.6,21.1,12.4,64,13.1,IMD-synthetic
D-NL-01,Kohima,NL,2026-07-10,16.8,20.2,13.3,71,9.1,IMD-synthetic
D-NL-01,Kohima,NL,2026-07-11,20.1,23.3,14.5,74,16.6,IMD-synthetic
D-NL-01,Kohima,NL,2026-07-12,14.6,22.5,15.8,68,22.2,IMD-synthetic
D-NL-01,Kohima,NL,2026-07-13,12.6,22.9,13.3,74,19.2,IMD-synthetic
D-NL-01,Kohima,NL,2026-07-14,4.7,20.3,13.3,62,2.8,IMD-synthetic
D-NL-01,Kohima,NL,2026-07-15,9.4,22.0,14.7,66,13.2,IMD-synthetic
D-NL-01,Kohima,NL,2026-07-16,4.4,22.9,13.8,57,7.3,IMD-synthetic
D-NL-01,Kohima,NL,2026-07-17,3.9,24.0,15.2,60,18.1,IMD-synthetic
D-NL-01,Kohima,NL,2026-07-18,68.7,24.3,18.7,99,12.1,IMD-synthetic
D-NL-01,Kohima,NL,2026-07-19,25.8,23.9,16.9,83,17.7,IMD-synthetic
D-NL-01,Kohima,NL,2026-07-20,25.3,20.3,14.1,79,20.6,IMD-synthetic
D-NL-01,Kohima,NL,2026-07-21,43.3,22.4,16.3,86,2.5,IMD-synthetic
D-NL-01,Kohima,NL,2026-07-22,30.9,23.3,18.2,85,24.7,IMD-synthetic
D-NL-01,Kohima,NL,2026-07-23,20.8,23.5,15.1,66,16.7,IMD-synthetic
D-NL-01,Kohima,NL,2026-07-24,4.1,22.1,12.7,59,5.4,IMD-synthetic
D-NL-01,Kohima,NL,2026-07-25,2.9,21.6,14.2,65,2.8,IMD-synthetic
D-NL-01,Kohima,NL,2026-07-26,20.0,20.7,11.3,73,8.9,IMD-synthetic
D-NL-01,Kohima,NL,2026-07-27,20.2,20.7,15.1,74,20.1,IMD-synthetic
D-NL-01,Kohima,NL,2026-07-28,16.7,20.8,14.0,77,23.7,IMD-synthetic
D-NL-01,Kohima,NL,2026-07-29,0.1,21.0,13.8,62,9.3,IMD-synthetic
D-NL-01,Kohima,NL,2026-07-30,7.1,19.6,11.8,70,12.2,IMD-synthetic
D-NL-01,Kohima,NL,2026-07-31,20.5,22.5,17.4,68,7.5,IMD-synthetic
D-NL-01,Kohima,NL,2026-08-01,2.1,20.3,10.9,66,2.8,IMD-synthetic
D-NL-01,Kohima,NL,2026-08-02,10.1,23.7,17.1,64,12.0,IMD-synthetic
D-NL-01,Kohima,NL,2026-08-03,9.7,22.9,17.2,70,15.6,IMD-synthetic
D-NL-01,Kohima,NL,2026-08-04,2.6,24.8,17.3,65,18.8,IMD-synthetic
D-NL-01,Kohima,NL,2026-08-05,2.6,21.4,14.6,59,15.8,IMD-synthetic
D-NL-01,Kohima,NL,2026-08-06,14.9,22.8,16.3,64,2.2,IMD-synthetic
D-NL-01,Kohima,NL,2026-08-07,3.0,22.8,17.8,54,9.8,IMD-synthetic
D-NL-01,Kohima,NL,2026-08-08,2.9,22.4,15.7,55,24.5,IMD-synthetic
D-NL-01,Kohima,NL,2026-08-09,2.6,23.7,14.9,54,23.3,IMD-synthetic
D-NL-01,Kohima,NL,2026-08-10,6.0,21.1,14.1,63,16.9,IMD-synthetic
D-NL-01,Kohima,NL,2026-08-11,11.4,19.7,10.3,65,5.2,IMD-synthetic
D-NL-01,Kohima,NL,2026-08-12,10.6,19.5,14.0,61,18.3,IMD-synthetic
D-NL-01,Kohima,NL,2026-08-13,4.1,20.5,15.2,67,11.6,IMD-synthetic
D-NL-01,Kohima,NL,2026-08-14,14.8,21.4,12.7,75,21.3,IMD-synthetic
D-NL-01,Kohima,NL,2026-08-15,9.3,21.6,11.8,60,7.7,IMD-synthetic
D-NL-01,Kohima,NL,2026-08-16,6.5,23.7,18.6,57,4.1,IMD-synthetic
D-NL-01,Kohima,NL,2026-08-17,7.3,23.0,16.9,62,3.8,IMD-synthetic
D-NL-01,Kohima,NL,2026-08-18,8.7,22.4,16.9,66,2.2,IMD-synthetic
D-NL-01,Kohima,NL,2026-08-19,11.8,22.8,15.3,73,25.4,IMD-synthetic
D-NL-01,Kohima,NL,2026-08-20,0.5,20.3,14.9,54,4.9,IMD-synthetic
D-NL-01,Kohima,NL,2026-08-21,9.0,23.7,18.1,61,5.6,IMD-synthetic
D-NL-01,Kohima,NL,2026-08-22,13.7,24.3,16.4,73,20.1,IMD-synthetic
D-NL-01,Kohima,NL,2026-08-23,8.3,23.0,17.5,65,24.5,IMD-synthetic
D-NL-01,Kohima,NL,2026-08-24,14.9,24.2,18.8,74,21.2,IMD-synthetic
D-NL-01,Kohima,NL,2026-08-25,1.4,23.1,13.2,65,13.2,IMD-synthetic
D-NL-01,Kohima,NL,2026-08-26,7.5,23.6,18.0,68,9.4,IMD-synthetic
D-NL-01,Kohima,NL,2026-08-27,9.2,22.2,16.0,64,11.3,IMD-synthetic
D-NL-01,Kohima,NL,2026-08-28,1.3,25.1,18.9,53,9.2,IMD-synthetic
D-NL-01,Kohima,NL,2026-08-29,15.9,24.0,16.7,69,20.2,IMD-synthetic
D-NL-01,Kohima,NL,2026-08-30,11.6,22.1,16.2,70,9.1,IMD-synthetic
D-NL-01,Kohima,NL,2026-08-31,3.2,24.8,15.5,62,13.1,IMD-synthetic
D-NL-01,Kohima,NL,2026-09-01,6.8,24.6,17.8,58,23.7,IMD-synthetic
D-NL-01,Kohima,NL,2026-09-02,9.6,20.7,13.1,68,3.0,IMD-synthetic
D-NL-01,Kohima,NL,2026-09-03,10.4,19.7,10.7,63,14.8,IMD-synthetic
D-NL-01,Kohima,NL,2026-09-04,20.8,22.0,12.7,80,17.0,IMD-synthetic
D-NL-01,Kohima,NL,2026-09-05,20.5,22.6,17.6,67,18.8,IMD-synthetic
D-NL-01,Kohima,NL,2026-09-06,17.5,22.1,16.5,76,11.7,IMD-synthetic
D-NL-01,Kohima,NL,2026-09-07,11.0,24.4,18.8,63,5.7,IMD-synthetic
D-NL-01,Kohima,NL,2026-09-08,37.1,20.3,12.3,79,25.0,IMD-synthetic
D-NL-01,Kohima,NL,2026-09-09,23.1,23.0,17.7,69,10.0,IMD-synthetic
D-NL-01,Kohima,NL,2026-09-10,17.3,19.9,11.3,74,6.4,IMD-synthetic
D-NL-01,Kohima,NL,2026-09-11,3.5,19.9,12.4,66,12.1,IMD-synthetic
D-NL-01,Kohima,NL,2026-09-12,0.1,19.6,14.3,55,24.0,IMD-synthetic
D-NL-01,Kohima,NL,2026-09-13,2.5,21.5,13.9,64,12.8,IMD-synthetic
D-NL-01,Kohima,NL,2026-09-14,1.8,22.8,16.6,64,20.3,IMD-synthetic
D-NL-01,Kohima,NL,2026-09-15,7.0,23.5,13.9,63,13.4,IMD-synthetic
D-NL-01,Kohima,NL,2026-09-16,11.1,20.9,12.9,70,6.0,IMD-synthetic
D-NL-02,Dimapur,NL,2026-05-20,2.1,28.5,19.9,56,9.8,IMD-synthetic
D-NL-02,Dimapur,NL,2026-05-21,23.8,29.7,21.8,78,17.3,IMD-synthetic
D-NL-02,Dimapur,NL,2026-05-22,18.9,31.4,24.4,77,17.5,IMD-synthetic
D-NL-02,Dimapur,NL,2026-05-23,5.7,29.5,20.3,65,9.6,IMD-synthetic
D-NL-02,Dimapur,NL,2026-05-24,0.7,32.2,26.3,55,11.6,IMD-synthetic
D-NL-02,Dimapur,NL,2026-05-25,1.8,30.9,25.6,59,24.8,IMD-synthetic
D-NL-02,Dimapur,NL,2026-05-26,3.4,30.1,22.0,58,7.5,IMD-synthetic
D-NL-02,Dimapur,NL,2026-05-27,7.5,28.2,18.9,67,18.1,IMD-synthetic
D-NL-02,Dimapur,NL,2026-05-28,10.0,30.7,24.8,65,18.7,IMD-synthetic
D-NL-02,Dimapur,NL,2026-05-29,2.5,31.6,22.5,55,7.3,IMD-synthetic
D-NL-02,Dimapur,NL,2026-05-30,26.3,28.3,20.2,82,7.0,IMD-synthetic
D-NL-02,Dimapur,NL,2026-05-31,15.3,27.8,21.2,74,5.7,IMD-synthetic
D-NL-02,Dimapur,NL,2026-06-01,36.1,31.7,26.6,85,11.0,IMD-synthetic
D-NL-02,Dimapur,NL,2026-06-02,8.9,26.9,20.7,58,24.0,IMD-synthetic
D-NL-02,Dimapur,NL,2026-06-03,2.4,31.6,25.0,65,13.7,IMD-synthetic
D-NL-02,Dimapur,NL,2026-06-04,44.3,31.1,25.8,91,25.2,IMD-synthetic
D-NL-02,Dimapur,NL,2026-06-05,33.4,30.3,23.9,77,17.5,IMD-synthetic
D-NL-02,Dimapur,NL,2026-06-06,34.6,27.9,21.2,80,3.9,IMD-synthetic
D-NL-02,Dimapur,NL,2026-06-07,7.2,28.8,23.4,61,14.3,IMD-synthetic
D-NL-02,Dimapur,NL,2026-06-08,18.4,31.0,25.6,66,8.0,IMD-synthetic
D-NL-02,Dimapur,NL,2026-06-09,19.0,28.5,23.4,75,7.4,IMD-synthetic
D-NL-02,Dimapur,NL,2026-06-10,11.9,28.0,19.2,61,19.1,IMD-synthetic
D-NL-02,Dimapur,NL,2026-06-11,6.5,29.6,20.8,61,24.8,IMD-synthetic
D-NL-02,Dimapur,NL,2026-06-12,7.6,31.4,25.5,64,17.6,IMD-synthetic
D-NL-02,Dimapur,NL,2026-06-13,8.0,26.7,17.8,59,11.9,IMD-synthetic
D-NL-02,Dimapur,NL,2026-06-14,1.5,30.7,23.0,58,24.8,IMD-synthetic
D-NL-02,Dimapur,NL,2026-06-15,6.2,26.7,17.8,62,24.5,IMD-synthetic
D-NL-02,Dimapur,NL,2026-06-16,5.6,26.9,18.9,65,14.0,IMD-synthetic
D-NL-02,Dimapur,NL,2026-06-17,12.7,30.1,22.8,61,6.6,IMD-synthetic
D-NL-02,Dimapur,NL,2026-06-18,18.8,26.5,16.8,65,20.4,IMD-synthetic
D-NL-02,Dimapur,NL,2026-06-19,33.8,27.8,19.0,85,22.4,IMD-synthetic
D-NL-02,Dimapur,NL,2026-06-20,35.6,29.7,22.3,84,14.0,IMD-synthetic
D-NL-02,Dimapur,NL,2026-06-21,11.6,26.7,17.7,72,17.8,IMD-synthetic
D-NL-02,Dimapur,NL,2026-06-22,4.7,29.8,22.8,62,19.0,IMD-synthetic
D-NL-02,Dimapur,NL,2026-06-23,1.7,31.6,24.8,59,16.3,IMD-synthetic
D-NL-02,Dimapur,NL,2026-06-24,12.2,30.5,23.6,74,20.2,IMD-synthetic
D-NL-02,Dimapur,NL,2026-06-25,3.1,29.5,21.9,54,24.8,IMD-synthetic
D-NL-02,Dimapur,NL,2026-06-26,3.1,26.7,18.5,61,18.2,IMD-synthetic
D-NL-02,Dimapur,NL,2026-06-27,5.7,27.5,21.5,58,12.1,IMD-synthetic
D-NL-02,Dimapur,NL,2026-06-28,40.0,30.4,21.5,93,7.3,IMD-synthetic
D-NL-02,Dimapur,NL,2026-06-29,36.3,29.7,19.9,84,16.4,IMD-synthetic
D-NL-02,Dimapur,NL,2026-06-30,33.3,29.6,24.1,78,25.4,IMD-synthetic
D-NL-02,Dimapur,NL,2026-07-01,35.9,27.3,20.0,78,11.3,IMD-synthetic
D-NL-02,Dimapur,NL,2026-07-02,0.8,29.3,21.7,62,12.8,IMD-synthetic
D-NL-02,Dimapur,NL,2026-07-03,49.0,28.8,23.3,92,10.5,IMD-synthetic
D-NL-02,Dimapur,NL,2026-07-04,22.4,30.3,21.3,79,7.0,IMD-synthetic
D-NL-02,Dimapur,NL,2026-07-05,28.6,31.8,26.4,72,17.0,IMD-synthetic
D-NL-02,Dimapur,NL,2026-07-06,31.8,29.7,24.0,84,5.2,IMD-synthetic
D-NL-02,Dimapur,NL,2026-07-07,20.5,28.9,20.1,69,20.5,IMD-synthetic
D-NL-02,Dimapur,NL,2026-07-08,10.3,28.0,19.6,60,13.9,IMD-synthetic
D-NL-02,Dimapur,NL,2026-07-09,2.3,31.4,22.2,55,8.8,IMD-synthetic
D-NL-02,Dimapur,NL,2026-07-10,3.3,31.8,26.1,63,5.3,IMD-synthetic
D-NL-02,Dimapur,NL,2026-07-11,17.4,28.4,23.3,64,10.2,IMD-synthetic
D-NL-02,Dimapur,NL,2026-07-12,0.7,32.7,24.1,61,16.1,IMD-synthetic
D-NL-02,Dimapur,NL,2026-07-13,4.4,31.7,24.7,61,14.5,IMD-synthetic
D-NL-02,Dimapur,NL,2026-07-14,6.6,27.2,21.1,59,21.0,IMD-synthetic
D-NL-02,Dimapur,NL,2026-07-15,11.2,31.2,25.9,60,3.9,IMD-synthetic
D-NL-02,Dimapur,NL,2026-07-16,3.4,28.5,18.8,68,13.8,IMD-synthetic
D-NL-02,Dimapur,NL,2026-07-17,5.9,29.2,21.4,69,11.9,IMD-synthetic
D-NL-02,Dimapur,NL,2026-07-18,8.8,28.9,21.3,65,6.7,IMD-synthetic
D-NL-02,Dimapur,NL,2026-07-19,12.9,28.8,23.1,63,20.7,IMD-synthetic
D-NL-02,Dimapur,NL,2026-07-20,1.2,27.7,21.5,54,23.5,IMD-synthetic
D-NL-02,Dimapur,NL,2026-07-21,7.9,31.0,23.7,69,24.9,IMD-synthetic
D-NL-02,Dimapur,NL,2026-07-22,1.7,28.9,21.1,53,8.3,IMD-synthetic
D-NL-02,Dimapur,NL,2026-07-23,18.1,27.4,18.1,77,2.3,IMD-synthetic
D-NL-02,Dimapur,NL,2026-07-24,53.4,30.1,21.1,99,7.2,IMD-synthetic
D-NL-02,Dimapur,NL,2026-07-25,24.4,29.5,23.0,72,17.2,IMD-synthetic
D-NL-02,Dimapur,NL,2026-07-26,22.1,29.7,20.7,73,9.8,IMD-synthetic
D-NL-02,Dimapur,NL,2026-07-27,13.0,31.5,22.4,73,8.8,IMD-synthetic
D-NL-02,Dimapur,NL,2026-07-28,0.3,27.7,17.8,61,5.6,IMD-synthetic
D-NL-02,Dimapur,NL,2026-07-29,17.8,27.6,22.2,76,7.6,IMD-synthetic
D-NL-02,Dimapur,NL,2026-07-30,35.2,31.8,22.6,88,23.9,IMD-synthetic
D-NL-02,Dimapur,NL,2026-07-31,22.1,27.2,18.8,76,21.5,IMD-synthetic
D-NL-02,Dimapur,NL,2026-08-01,33.2,30.9,22.9,78,15.8,IMD-synthetic
D-NL-02,Dimapur,NL,2026-08-02,26.4,29.0,20.1,71,14.0,IMD-synthetic
D-NL-02,Dimapur,NL,2026-08-03,31.6,26.9,21.4,82,21.2,IMD-synthetic
D-NL-02,Dimapur,NL,2026-08-04,5.1,32.3,22.5,65,5.4,IMD-synthetic
D-NL-02,Dimapur,NL,2026-08-05,7.9,29.9,21.6,60,3.5,IMD-synthetic
D-NL-02,Dimapur,NL,2026-08-06,28.3,26.8,18.0,79,4.7,IMD-synthetic
D-NL-02,Dimapur,NL,2026-08-07,32.1,31.3,23.1,78,24.8,IMD-synthetic
D-NL-02,Dimapur,NL,2026-08-08,22.6,26.8,18.3,70,17.3,IMD-synthetic
D-NL-02,Dimapur,NL,2026-08-09,9.6,26.6,20.0,59,10.7,IMD-synthetic
D-NL-02,Dimapur,NL,2026-08-10,35.3,26.4,16.4,82,4.4,IMD-synthetic
D-NL-02,Dimapur,NL,2026-08-11,28.4,29.2,21.6,72,6.8,IMD-synthetic
D-NL-02,Dimapur,NL,2026-08-12,21.1,31.2,22.4,72,9.6,IMD-synthetic
D-NL-02,Dimapur,NL,2026-08-13,18.6,31.0,23.7,74,13.3,IMD-synthetic
D-NL-02,Dimapur,NL,2026-08-14,0.9,31.0,25.9,55,25.8,IMD-synthetic
D-NL-02,Dimapur,NL,2026-08-15,4.2,30.4,22.3,68,12.8,IMD-synthetic
D-NL-02,Dimapur,NL,2026-08-16,3.7,30.3,21.8,60,25.3,IMD-synthetic
D-NL-02,Dimapur,NL,2026-08-17,1.5,31.6,24.6,57,2.1,IMD-synthetic
D-NL-02,Dimapur,NL,2026-08-18,3.7,29.2,20.2,59,24.6,IMD-synthetic
D-NL-02,Dimapur,NL,2026-08-19,9.1,28.6,19.0,63,4.1,IMD-synthetic
D-NL-02,Dimapur,NL,2026-08-20,1.3,32.7,24.7,61,9.1,IMD-synthetic
D-NL-02,Dimapur,NL,2026-08-21,2.7,28.0,22.8,66,2.5,IMD-synthetic
D-NL-02,Dimapur,NL,2026-08-22,4.7,29.8,22.5,59,15.5,IMD-synthetic
D-NL-02,Dimapur,NL,2026-08-23,10.4,31.4,23.4,66,14.4,IMD-synthetic
D-NL-02,Dimapur,NL,2026-08-24,14.7,27.9,18.9,62,3.3,IMD-synthetic
D-NL-02,Dimapur,NL,2026-08-25,13.0,26.5,21.1,67,24.9,IMD-synthetic
D-NL-02,Dimapur,NL,2026-08-26,10.7,28.4,18.9,67,21.4,IMD-synthetic
D-NL-02,Dimapur,NL,2026-08-27,15.2,29.1,23.6,75,3.8,IMD-synthetic
D-NL-02,Dimapur,NL,2026-08-28,11.5,29.0,23.7,60,16.8,IMD-synthetic
D-NL-02,Dimapur,NL,2026-08-29,1.5,28.4,23.0,66,10.6,IMD-synthetic
D-NL-02,Dimapur,NL,2026-08-30,6.9,28.3,22.1,66,14.5,IMD-synthetic
D-NL-02,Dimapur,NL,2026-08-31,11.9,32.4,22.8,65,5.9,IMD-synthetic
D-NL-02,Dimapur,NL,2026-09-01,1.2,31.3,26.2,55,7.6,IMD-synthetic
D-NL-02,Dimapur,NL,2026-09-02,0.0,32.3,27.0,60,21.1,IMD-synthetic
D-NL-02,Dimapur,NL,2026-09-03,4.4,29.1,22.4,65,19.2,IMD-synthetic
D-NL-02,Dimapur,NL,2026-09-04,7.0,30.5,23.2,58,12.9,IMD-synthetic
D-NL-02,Dimapur,NL,2026-09-05,9.8,31.1,22.6,61,14.2,IMD-synthetic
D-NL-02,Dimapur,NL,2026-09-06,1.7,32.2,23.2,64,21.7,IMD-synthetic
D-NL-02,Dimapur,NL,2026-09-07,4.3,28.6,20.3,66,5.7,IMD-synthetic
D-NL-02,Dimapur,NL,2026-09-08,9.2,29.9,21.6,62,3.9,IMD-synthetic
D-NL-02,Dimapur,NL,2026-09-09,2.7,30.1,21.1,66,13.6,IMD-synthetic
D-NL-02,Dimapur,NL,2026-09-10,5.0,26.8,21.8,60,17.4,IMD-synthetic
D-NL-02,Dimapur,NL,2026-09-11,2.6,28.6,20.6,55,19.2,IMD-synthetic
D-NL-02,Dimapur,NL,2026-09-12,3.8,29.0,19.9,62,6.5,IMD-synthetic
D-NL-02,Dimapur,NL,2026-09-13,8.5,28.9,21.9,69,14.8,IMD-synthetic
D-NL-02,Dimapur,NL,2026-09-14,0.2,32.3,24.0,60,9.9,IMD-synthetic
D-NL-02,Dimapur,NL,2026-09-15,9.6,27.9,19.3,62,5.2,IMD-synthetic
D-NL-02,Dimapur,NL,2026-09-16,11.1,30.9,21.0,65,19.9,IMD-synthetic
D-NL-03,Mokokchung,NL,2026-05-20,4.6,20.9,11.7,64,9.9,IMD-synthetic
D-NL-03,Mokokchung,NL,2026-05-21,2.2,26.1,21.1,62,20.8,IMD-synthetic
D-NL-03,Mokokchung,NL,2026-05-22,1.4,24.8,19.5,64,12.2,IMD-synthetic
D-NL-03,Mokokchung,NL,2026-05-23,10.7,22.8,15.0,70,25.2,IMD-synthetic
D-NL-03,Mokokchung,NL,2026-05-24,8.0,20.6,10.9,69,2.0,IMD-synthetic
D-NL-03,Mokokchung,NL,2026-05-25,7.1,20.9,12.1,64,9.3,IMD-synthetic
D-NL-03,Mokokchung,NL,2026-05-26,10.6,23.8,15.0,69,23.4,IMD-synthetic
D-NL-03,Mokokchung,NL,2026-05-27,7.1,22.5,16.9,66,7.2,IMD-synthetic
D-NL-03,Mokokchung,NL,2026-05-28,27.1,20.5,12.1,84,13.2,IMD-synthetic
D-NL-03,Mokokchung,NL,2026-05-29,21.7,23.6,16.5,79,10.7,IMD-synthetic
D-NL-03,Mokokchung,NL,2026-05-30,17.2,22.4,14.4,65,3.7,IMD-synthetic
D-NL-03,Mokokchung,NL,2026-05-31,26.8,23.0,13.6,71,7.1,IMD-synthetic
D-NL-03,Mokokchung,NL,2026-06-01,72.4,23.9,18.3,99,17.3,IMD-synthetic
D-NL-03,Mokokchung,NL,2026-06-02,33.3,24.0,14.9,77,11.9,IMD-synthetic
D-NL-03,Mokokchung,NL,2026-06-03,36.3,23.7,16.5,80,14.2,IMD-synthetic
D-NL-03,Mokokchung,NL,2026-06-04,26.4,23.5,15.5,76,13.1,IMD-synthetic
D-NL-03,Mokokchung,NL,2026-06-05,16.3,20.8,11.9,72,19.1,IMD-synthetic
D-NL-03,Mokokchung,NL,2026-06-06,12.8,25.9,20.2,73,5.6,IMD-synthetic
D-NL-03,Mokokchung,NL,2026-06-07,15.7,24.8,15.2,65,23.3,IMD-synthetic
D-NL-03,Mokokchung,NL,2026-06-08,11.4,23.7,15.6,64,22.6,IMD-synthetic
D-NL-03,Mokokchung,NL,2026-06-09,6.1,25.6,18.5,59,9.2,IMD-synthetic
D-NL-03,Mokokchung,NL,2026-06-10,14.8,21.5,11.9,71,20.4,IMD-synthetic
D-NL-03,Mokokchung,NL,2026-06-11,8.5,20.7,10.8,59,9.4,IMD-synthetic
D-NL-03,Mokokchung,NL,2026-06-12,4.3,22.7,17.6,64,2.6,IMD-synthetic
D-NL-03,Mokokchung,NL,2026-06-13,9.3,25.1,18.5,63,18.2,IMD-synthetic
D-NL-03,Mokokchung,NL,2026-06-14,1.1,24.0,17.1,65,20.7,IMD-synthetic
D-NL-03,Mokokchung,NL,2026-06-15,18.1,20.2,10.6,72,18.5,IMD-synthetic
D-NL-03,Mokokchung,NL,2026-06-16,41.8,21.9,15.7,83,11.9,IMD-synthetic
D-NL-03,Mokokchung,NL,2026-06-17,38.9,25.4,18.4,79,5.5,IMD-synthetic
D-NL-03,Mokokchung,NL,2026-06-18,26.6,21.6,13.9,70,16.9,IMD-synthetic
D-NL-03,Mokokchung,NL,2026-06-19,27.1,23.5,15.7,77,20.5,IMD-synthetic
D-NL-03,Mokokchung,NL,2026-06-20,18.9,24.7,18.7,76,25.4,IMD-synthetic
D-NL-03,Mokokchung,NL,2026-06-21,6.2,22.2,14.4,65,5.5,IMD-synthetic
D-NL-03,Mokokchung,NL,2026-06-22,5.3,20.6,15.3,65,25.7,IMD-synthetic
D-NL-03,Mokokchung,NL,2026-06-23,8.9,21.4,13.8,60,10.5,IMD-synthetic
D-NL-03,Mokokchung,NL,2026-06-24,9.0,22.6,17.1,63,15.3,IMD-synthetic
D-NL-03,Mokokchung,NL,2026-06-25,3.1,21.4,12.4,61,10.7,IMD-synthetic
D-NL-03,Mokokchung,NL,2026-06-26,0.6,25.9,17.4,60,6.0,IMD-synthetic
D-NL-03,Mokokchung,NL,2026-06-27,12.4,20.8,13.5,74,22.1,IMD-synthetic
D-NL-03,Mokokchung,NL,2026-06-28,2.2,25.5,17.1,60,6.9,IMD-synthetic
D-NL-03,Mokokchung,NL,2026-06-29,8.6,24.4,14.5,68,9.0,IMD-synthetic
D-NL-03,Mokokchung,NL,2026-06-30,3.6,23.0,18.0,63,22.3,IMD-synthetic
D-NL-03,Mokokchung,NL,2026-07-01,2.9,23.0,13.9,55,18.4,IMD-synthetic
D-NL-03,Mokokchung,NL,2026-07-02,13.1,22.6,13.2,69,9.8,IMD-synthetic
D-NL-03,Mokokchung,NL,2026-07-03,15.6,21.9,15.2,72,2.5,IMD-synthetic
D-NL-03,Mokokchung,NL,2026-07-04,18.9,20.1,14.5,69,14.9,IMD-synthetic
D-NL-03,Mokokchung,NL,2026-07-05,2.7,22.7,16.8,63,2.3,IMD-synthetic
D-NL-03,Mokokchung,NL,2026-07-06,21.2,20.7,14.5,67,19.9,IMD-synthetic
D-NL-03,Mokokchung,NL,2026-07-07,0.1,25.6,17.3,61,23.1,IMD-synthetic
D-NL-03,Mokokchung,NL,2026-07-08,4.2,22.9,13.9,62,25.5,IMD-synthetic
D-NL-03,Mokokchung,NL,2026-07-09,3.0,25.9,20.7,62,22.9,IMD-synthetic
D-NL-03,Mokokchung,NL,2026-07-10,4.7,22.7,13.2,61,11.3,IMD-synthetic
D-NL-03,Mokokchung,NL,2026-07-11,15.5,21.8,15.6,74,8.1,IMD-synthetic
D-NL-03,Mokokchung,NL,2026-07-12,5.4,25.8,18.9,61,8.3,IMD-synthetic
D-NL-03,Mokokchung,NL,2026-07-13,0.7,23.5,17.0,62,15.3,IMD-synthetic
D-NL-03,Mokokchung,NL,2026-07-14,15.5,20.5,13.5,64,24.7,IMD-synthetic
D-NL-03,Mokokchung,NL,2026-07-15,3.6,20.2,14.6,55,10.6,IMD-synthetic
D-NL-03,Mokokchung,NL,2026-07-16,0.4,23.9,14.9,60,25.5,IMD-synthetic
D-NL-03,Mokokchung,NL,2026-07-17,15.6,24.6,19.0,74,19.0,IMD-synthetic
D-NL-03,Mokokchung,NL,2026-07-18,14.9,24.1,18.4,73,15.3,IMD-synthetic
D-NL-03,Mokokchung,NL,2026-07-19,72.3,20.2,12.9,99,9.3,IMD-synthetic
D-NL-03,Mokokchung,NL,2026-07-20,29.7,21.3,16.0,82,19.1,IMD-synthetic
D-NL-03,Mokokchung,NL,2026-07-21,33.2,22.1,12.4,85,18.2,IMD-synthetic
D-NL-03,Mokokchung,NL,2026-07-22,35.6,19.9,14.4,78,9.9,IMD-synthetic
D-NL-03,Mokokchung,NL,2026-07-23,6.9,23.1,15.9,59,12.7,IMD-synthetic
D-NL-03,Mokokchung,NL,2026-07-24,11.5,22.4,16.3,73,8.6,IMD-synthetic
D-NL-03,Mokokchung,NL,2026-07-25,20.7,20.0,10.5,71,23.7,IMD-synthetic
D-NL-03,Mokokchung,NL,2026-07-26,10.8,24.3,16.3,61,15.0,IMD-synthetic
D-NL-03,Mokokchung,NL,2026-07-27,71.8,19.8,11.8,99,10.8,IMD-synthetic
D-NL-03,Mokokchung,NL,2026-07-28,38.1,25.3,16.5,87,10.7,IMD-synthetic
D-NL-03,Mokokchung,NL,2026-07-29,42.4,19.8,11.1,86,11.8,IMD-synthetic
D-NL-03,Mokokchung,NL,2026-07-30,10.6,23.7,14.4,60,6.5,IMD-synthetic
D-NL-03,Mokokchung,NL,2026-07-31,12.6,23.3,18.2,65,10.0,IMD-synthetic
D-NL-03,Mokokchung,NL,2026-08-01,2.3,25.4,18.8,65,4.5,IMD-synthetic
D-NL-03,Mokokchung,NL,2026-08-02,0.0,23.6,14.1,56,14.7,IMD-synthetic
D-NL-03,Mokokchung,NL,2026-08-03,15.5,24.7,19.2,67,24.3,IMD-synthetic
D-NL-03,Mokokchung,NL,2026-08-04,1.9,21.4,14.5,60,20.6,IMD-synthetic
D-NL-03,Mokokchung,NL,2026-08-05,32.5,22.4,14.0,75,18.1,IMD-synthetic
D-NL-03,Mokokchung,NL,2026-08-06,28.0,25.1,17.2,81,2.2,IMD-synthetic
D-NL-03,Mokokchung,NL,2026-08-07,34.5,22.6,15.6,77,4.8,IMD-synthetic
D-NL-03,Mokokchung,NL,2026-08-08,20.8,24.9,16.9,75,15.9,IMD-synthetic
D-NL-03,Mokokchung,NL,2026-08-09,9.7,22.9,14.7,71,18.7,IMD-synthetic
D-NL-03,Mokokchung,NL,2026-08-10,14.9,25.1,19.0,69,13.7,IMD-synthetic
D-NL-03,Mokokchung,NL,2026-08-11,8.5,22.2,13.1,65,19.6,IMD-synthetic
D-NL-03,Mokokchung,NL,2026-08-12,9.2,23.7,16.7,67,15.1,IMD-synthetic
D-NL-03,Mokokchung,NL,2026-08-13,12.7,25.8,18.5,70,3.2,IMD-synthetic
D-NL-03,Mokokchung,NL,2026-08-14,9.3,23.9,16.5,65,8.8,IMD-synthetic
D-NL-03,Mokokchung,NL,2026-08-15,10.0,24.7,16.1,70,20.8,IMD-synthetic
D-NL-03,Mokokchung,NL,2026-08-16,11.2,23.9,17.6,71,8.7,IMD-synthetic
D-NL-03,Mokokchung,NL,2026-08-17,0.7,22.6,13.1,54,12.2,IMD-synthetic
D-NL-03,Mokokchung,NL,2026-08-18,12.6,22.1,13.8,64,12.8,IMD-synthetic
D-NL-03,Mokokchung,NL,2026-08-19,9.3,24.2,19.0,69,8.2,IMD-synthetic
D-NL-03,Mokokchung,NL,2026-08-20,10.6,23.1,13.5,66,24.9,IMD-synthetic
D-NL-03,Mokokchung,NL,2026-08-21,14.1,24.4,17.1,70,20.8,IMD-synthetic
D-NL-03,Mokokchung,NL,2026-08-22,5.9,25.2,17.9,66,24.1,IMD-synthetic
D-NL-03,Mokokchung,NL,2026-08-23,6.8,26.0,18.2,62,14.6,IMD-synthetic
D-NL-03,Mokokchung,NL,2026-08-24,3.6,22.0,16.8,66,18.6,IMD-synthetic
D-NL-03,Mokokchung,NL,2026-08-25,48.8,20.0,11.6,92,25.0,IMD-synthetic
D-NL-03,Mokokchung,NL,2026-08-26,18.0,25.4,17.2,67,17.8,IMD-synthetic
D-NL-03,Mokokchung,NL,2026-08-27,28.1,19.8,12.3,74,16.0,IMD-synthetic
D-NL-03,Mokokchung,NL,2026-08-28,3.2,24.4,17.8,54,23.7,IMD-synthetic
D-NL-03,Mokokchung,NL,2026-08-29,9.6,22.1,12.3,63,20.4,IMD-synthetic
D-NL-03,Mokokchung,NL,2026-08-30,3.7,24.7,14.9,67,18.4,IMD-synthetic
D-NL-03,Mokokchung,NL,2026-08-31,3.2,22.9,16.3,63,9.9,IMD-synthetic
D-NL-03,Mokokchung,NL,2026-09-01,7.1,21.0,13.0,57,5.4,IMD-synthetic
D-NL-03,Mokokchung,NL,2026-09-02,3.0,23.1,16.6,65,9.9,IMD-synthetic
D-NL-03,Mokokchung,NL,2026-09-03,35.3,21.5,14.8,83,25.7,IMD-synthetic
D-NL-03,Mokokchung,NL,2026-09-04,23.0,20.7,15.5,69,8.0,IMD-synthetic
D-NL-03,Mokokchung,NL,2026-09-05,11.0,21.6,11.9,64,8.6,IMD-synthetic
D-NL-03,Mokokchung,NL,2026-09-06,4.4,24.7,19.2,62,24.3,IMD-synthetic
D-NL-03,Mokokchung,NL,2026-09-07,10.8,20.9,12.5,70,2.3,IMD-synthetic
D-NL-03,Mokokchung,NL,2026-09-08,0.3,24.6,19.1,54,22.9,IMD-synthetic
D-NL-03,Mokokchung,NL,2026-09-09,6.1,21.5,12.9,56,11.3,IMD-synthetic
D-NL-03,Mokokchung,NL,2026-09-10,6.3,22.2,13.8,69,10.9,IMD-synthetic
D-NL-03,Mokokchung,NL,2026-09-11,10.6,23.5,18.2,72,7.1,IMD-synthetic
D-NL-03,Mokokchung,NL,2026-09-12,0.1,23.2,14.4,60,18.1,IMD-synthetic
D-NL-03,Mokokchung,NL,2026-09-13,2.5,24.0,16.6,65,6.6,IMD-synthetic
D-NL-03,Mokokchung,NL,2026-09-14,0.7,24.3,17.2,52,6.3,IMD-synthetic
D-NL-03,Mokokchung,NL,2026-09-15,2.8,23.6,15.0,67,22.0,IMD-synthetic
D-NL-03,Mokokchung,NL,2026-09-16,4.8,25.7,20.6,68,6.4,IMD-synthetic
D-NL-04,Wokha,NL,2026-05-20,30.2,21.8,16.7,74,20.6,IMD-synthetic
D-NL-04,Wokha,NL,2026-05-21,13.2,23.9,14.3,61,19.3,IMD-synthetic
D-NL-04,Wokha,NL,2026-05-22,26.3,23.9,18.0,71,16.0,IMD-synthetic
D-NL-04,Wokha,NL,2026-05-23,3.9,20.4,13.2,61,5.9,IMD-synthetic
D-NL-04,Wokha,NL,2026-05-24,2.3,20.7,12.5,63,20.1,IMD-synthetic
D-NL-04,Wokha,NL,2026-05-25,7.5,24.0,14.8,67,5.8,IMD-synthetic
D-NL-04,Wokha,NL,2026-05-26,9.9,23.8,18.2,70,7.4,IMD-synthetic
D-NL-04,Wokha,NL,2026-05-27,2.0,25.8,20.6,54,15.4,IMD-synthetic
D-NL-04,Wokha,NL,2026-05-28,6.5,24.1,16.9,60,12.9,IMD-synthetic
D-NL-04,Wokha,NL,2026-05-29,37.1,21.6,12.9,85,12.7,IMD-synthetic
D-NL-04,Wokha,NL,2026-05-30,15.1,23.3,17.6,68,5.6,IMD-synthetic
D-NL-04,Wokha,NL,2026-05-31,22.6,23.0,14.5,78,25.0,IMD-synthetic
D-NL-04,Wokha,NL,2026-06-01,3.3,26.1,18.3,66,8.2,IMD-synthetic
D-NL-04,Wokha,NL,2026-06-02,7.1,23.6,17.9,69,13.8,IMD-synthetic
D-NL-04,Wokha,NL,2026-06-03,48.2,23.6,18.5,91,21.9,IMD-synthetic
D-NL-04,Wokha,NL,2026-06-04,25.3,20.8,12.7,82,26.0,IMD-synthetic
D-NL-04,Wokha,NL,2026-06-05,23.4,22.7,15.4,74,8.0,IMD-synthetic
D-NL-04,Wokha,NL,2026-06-06,30.3,25.2,18.9,79,21.5,IMD-synthetic
D-NL-04,Wokha,NL,2026-06-07,5.3,22.1,14.8,66,3.3,IMD-synthetic
D-NL-04,Wokha,NL,2026-06-08,2.8,23.9,16.4,60,24.1,IMD-synthetic
D-NL-04,Wokha,NL,2026-06-09,3.0,23.4,14.4,56,21.1,IMD-synthetic
D-NL-04,Wokha,NL,2026-06-10,7.8,24.5,16.0,68,8.2,IMD-synthetic
D-NL-04,Wokha,NL,2026-06-11,0.0,21.5,14.0,61,24.6,IMD-synthetic
D-NL-04,Wokha,NL,2026-06-12,61.5,21.6,14.0,99,3.8,IMD-synthetic
D-NL-04,Wokha,NL,2026-06-13,37.9,23.5,16.6,92,25.3,IMD-synthetic
D-NL-04,Wokha,NL,2026-06-14,32.2,21.9,16.6,81,14.6,IMD-synthetic
D-NL-04,Wokha,NL,2026-06-15,17.2,24.6,14.6,65,18.4,IMD-synthetic
D-NL-04,Wokha,NL,2026-06-16,7.3,24.3,18.9,62,2.4,IMD-synthetic
D-NL-04,Wokha,NL,2026-06-17,1.7,24.0,15.6,60,14.5,IMD-synthetic
D-NL-04,Wokha,NL,2026-06-18,35.5,19.7,12.1,86,11.6,IMD-synthetic
D-NL-04,Wokha,NL,2026-06-19,38.6,20.3,14.4,85,17.6,IMD-synthetic
D-NL-04,Wokha,NL,2026-06-20,35.4,20.0,10.9,77,7.4,IMD-synthetic
D-NL-04,Wokha,NL,2026-06-21,28.8,23.1,16.2,78,11.1,IMD-synthetic
D-NL-04,Wokha,NL,2026-06-22,12.6,21.8,16.4,61,25.4,IMD-synthetic
D-NL-04,Wokha,NL,2026-06-23,18.1,23.4,18.4,74,3.2,IMD-synthetic
D-NL-04,Wokha,NL,2026-06-24,10.8,22.3,13.7,59,3.2,IMD-synthetic
D-NL-04,Wokha,NL,2026-06-25,5.6,23.0,14.6,68,7.5,IMD-synthetic
D-NL-04,Wokha,NL,2026-06-26,3.4,20.7,10.8,56,23.6,IMD-synthetic
D-NL-04,Wokha,NL,2026-06-27,17.6,24.7,17.3,73,18.2,IMD-synthetic
D-NL-04,Wokha,NL,2026-06-28,16.8,22.0,15.8,72,9.7,IMD-synthetic
D-NL-04,Wokha,NL,2026-06-29,19.3,24.4,18.1,76,10.3,IMD-synthetic
D-NL-04,Wokha,NL,2026-06-30,13.2,23.8,15.1,70,6.0,IMD-synthetic
D-NL-04,Wokha,NL,2026-07-01,8.6,20.8,11.9,60,9.0,IMD-synthetic
D-NL-04,Wokha,NL,2026-07-02,16.8,25.1,19.6,76,6.5,IMD-synthetic
D-NL-04,Wokha,NL,2026-07-03,16.6,23.7,17.6,69,12.2,IMD-synthetic
D-NL-04,Wokha,NL,2026-07-04,15.8,24.6,16.2,69,14.8,IMD-synthetic
D-NL-04,Wokha,NL,2026-07-05,19.2,24.6,19.6,72,10.2,IMD-synthetic
D-NL-04,Wokha,NL,2026-07-06,17.2,22.7,14.7,64,10.7,IMD-synthetic
D-NL-04,Wokha,NL,2026-07-07,15.4,23.1,17.7,66,16.7,IMD-synthetic
D-NL-04,Wokha,NL,2026-07-08,4.5,25.1,18.4,60,8.8,IMD-synthetic
D-NL-04,Wokha,NL,2026-07-09,54.0,21.0,15.9,98,15.4,IMD-synthetic
D-NL-04,Wokha,NL,2026-07-10,26.3,21.4,12.6,74,25.4,IMD-synthetic
D-NL-04,Wokha,NL,2026-07-11,39.0,20.3,10.8,80,25.1,IMD-synthetic
D-NL-04,Wokha,NL,2026-07-12,11.0,24.9,15.6,73,8.0,IMD-synthetic
D-NL-04,Wokha,NL,2026-07-13,19.1,23.6,15.3,75,16.3,IMD-synthetic
D-NL-04,Wokha,NL,2026-07-14,1.6,22.4,14.5,54,18.0,IMD-synthetic
D-NL-04,Wokha,NL,2026-07-15,54.4,23.5,15.2,99,22.4,IMD-synthetic
D-NL-04,Wokha,NL,2026-07-16,21.5,24.5,15.1,69,22.6,IMD-synthetic
D-NL-04,Wokha,NL,2026-07-17,27.7,21.9,12.1,78,24.4,IMD-synthetic
D-NL-04,Wokha,NL,2026-07-18,21.5,25.0,18.5,78,21.7,IMD-synthetic
D-NL-04,Wokha,NL,2026-07-19,18.8,22.9,13.9,77,19.2,IMD-synthetic
D-NL-04,Wokha,NL,2026-07-20,1.4,24.8,18.4,66,8.1,IMD-synthetic
D-NL-04,Wokha,NL,2026-07-21,6.0,22.0,17.0,58,7.9,IMD-synthetic
D-NL-04,Wokha,NL,2026-07-22,2.2,24.6,15.0,63,25.7,IMD-synthetic
D-NL-04,Wokha,NL,2026-07-23,1.7,22.8,15.5,60,14.8,IMD-synthetic
D-NL-04,Wokha,NL,2026-07-24,7.3,21.0,11.8,59,12.7,IMD-synthetic
D-NL-04,Wokha,NL,2026-07-25,9.1,25.6,18.0,67,16.2,IMD-synthetic
D-NL-04,Wokha,NL,2026-07-26,9.8,22.9,16.4,63,8.2,IMD-synthetic
D-NL-04,Wokha,NL,2026-07-27,6.3,20.6,14.2,58,16.6,IMD-synthetic
D-NL-04,Wokha,NL,2026-07-28,15.4,23.5,15.0,65,25.9,IMD-synthetic
D-NL-04,Wokha,NL,2026-07-29,14.7,25.8,18.6,72,10.0,IMD-synthetic
D-NL-04,Wokha,NL,2026-07-30,21.0,23.4,17.1,79,14.4,IMD-synthetic
D-NL-04,Wokha,NL,2026-07-31,72.5,24.1,16.5,99,13.5,IMD-synthetic
D-NL-04,Wokha,NL,2026-08-01,20.8,24.2,15.9,72,24.1,IMD-synthetic
D-NL-04,Wokha,NL,2026-08-02,40.1,24.4,18.7,81,24.1,IMD-synthetic
D-NL-04,Wokha,NL,2026-08-03,32.3,20.1,10.4,81,17.8,IMD-synthetic
D-NL-04,Wokha,NL,2026-08-04,22.5,21.4,16.2,72,7.6,IMD-synthetic
D-NL-04,Wokha,NL,2026-08-05,2.1,21.0,12.8,57,8.0,IMD-synthetic
D-NL-04,Wokha,NL,2026-08-06,7.2,24.2,15.2,69,19.2,IMD-synthetic
D-NL-04,Wokha,NL,2026-08-07,1.1,22.7,14.5,56,13.0,IMD-synthetic
D-NL-04,Wokha,NL,2026-08-08,6.8,25.3,16.3,58,17.0,IMD-synthetic
D-NL-04,Wokha,NL,2026-08-09,11.4,23.0,13.8,67,13.7,IMD-synthetic
D-NL-04,Wokha,NL,2026-08-10,0.8,22.6,17.2,62,9.2,IMD-synthetic
D-NL-04,Wokha,NL,2026-08-11,8.3,23.2,16.3,62,9.8,IMD-synthetic
D-NL-04,Wokha,NL,2026-08-12,1.3,25.8,20.0,64,18.3,IMD-synthetic
D-NL-04,Wokha,NL,2026-08-13,2.3,25.9,16.3,60,15.0,IMD-synthetic
D-NL-04,Wokha,NL,2026-08-14,0.7,25.8,16.6,61,11.4,IMD-synthetic
D-NL-04,Wokha,NL,2026-08-15,9.9,24.7,18.8,65,5.8,IMD-synthetic
D-NL-04,Wokha,NL,2026-08-16,8.7,21.9,12.5,62,3.1,IMD-synthetic
D-NL-04,Wokha,NL,2026-08-17,55.5,20.4,12.3,98,23.7,IMD-synthetic
D-NL-04,Wokha,NL,2026-08-18,18.0,24.4,15.1,67,5.8,IMD-synthetic
D-NL-04,Wokha,NL,2026-08-19,59.2,22.4,12.5,95,12.6,IMD-synthetic
D-NL-04,Wokha,NL,2026-08-20,32.3,22.6,15.7,80,15.0,IMD-synthetic
D-NL-04,Wokha,NL,2026-08-21,28.5,21.8,14.4,79,19.7,IMD-synthetic
D-NL-04,Wokha,NL,2026-08-22,11.8,21.0,13.5,73,12.8,IMD-synthetic
D-NL-04,Wokha,NL,2026-08-23,4.4,26.0,16.2,55,6.4,IMD-synthetic
D-NL-04,Wokha,NL,2026-08-24,13.4,21.7,13.5,72,20.1,IMD-synthetic
D-NL-04,Wokha,NL,2026-08-25,10.4,22.3,16.1,71,6.2,IMD-synthetic
D-NL-04,Wokha,NL,2026-08-26,2.1,25.1,15.9,60,19.1,IMD-synthetic
D-NL-04,Wokha,NL,2026-08-27,37.3,21.7,14.9,86,7.2,IMD-synthetic
D-NL-04,Wokha,NL,2026-08-28,33.6,24.4,18.3,84,21.8,IMD-synthetic
D-NL-04,Wokha,NL,2026-08-29,19.4,22.0,12.4,71,23.9,IMD-synthetic
D-NL-04,Wokha,NL,2026-08-30,2.7,21.8,13.0,67,9.9,IMD-synthetic
D-NL-04,Wokha,NL,2026-08-31,14.8,23.2,14.6,72,7.4,IMD-synthetic
D-NL-04,Wokha,NL,2026-09-01,5.1,25.7,18.4,56,4.5,IMD-synthetic
D-NL-04,Wokha,NL,2026-09-02,11.0,23.3,13.5,64,16.0,IMD-synthetic
D-NL-04,Wokha,NL,2026-09-03,9.8,22.5,14.3,62,11.4,IMD-synthetic
D-NL-04,Wokha,NL,2026-09-04,9.9,22.4,17.3,72,8.7,IMD-synthetic
D-NL-04,Wokha,NL,2026-09-05,10.2,24.6,17.4,69,7.0,IMD-synthetic
D-NL-04,Wokha,NL,2026-09-06,7.1,20.6,12.2,60,16.5,IMD-synthetic
D-NL-04,Wokha,NL,2026-09-07,5.3,24.3,19.2,64,12.2,IMD-synthetic
D-NL-04,Wokha,NL,2026-09-08,7.7,21.7,15.1,69,18.3,IMD-synthetic
D-NL-04,Wokha,NL,2026-09-09,1.8,21.9,14.5,53,15.3,IMD-synthetic
D-NL-04,Wokha,NL,2026-09-10,0.7,21.0,12.4,55,24.9,IMD-synthetic
D-NL-04,Wokha,NL,2026-09-11,0.3,21.0,12.4,59,4.2,IMD-synthetic
D-NL-04,Wokha,NL,2026-09-12,1.6,21.6,14.8,60,3.3,IMD-synthetic
D-NL-04,Wokha,NL,2026-09-13,6.2,26.2,21.0,65,24.7,IMD-synthetic
D-NL-04,Wokha,NL,2026-09-14,2.5,23.0,13.8,56,11.7,IMD-synthetic
D-NL-04,Wokha,NL,2026-09-15,34.0,22.7,15.1,82,26.0,IMD-synthetic
D-NL-04,Wokha,NL,2026-09-16,23.1,22.1,14.9,76,13.1,IMD-synthetic
D-NL-05,Tuensang,NL,2026-05-20,8.5,21.6,11.8,62,10.2,IMD-synthetic
D-NL-05,Tuensang,NL,2026-05-21,12.4,19.9,13.2,73,7.8,IMD-synthetic
D-NL-05,Tuensang,NL,2026-05-22,1.7,24.2,18.8,54,14.3,IMD-synthetic
D-NL-05,Tuensang,NL,2026-05-23,12.1,21.5,16.1,63,10.3,IMD-synthetic
D-NL-05,Tuensang,NL,2026-05-24,4.0,24.3,16.0,59,21.4,IMD-synthetic
D-NL-05,Tuensang,NL,2026-05-25,44.7,23.9,15.7,90,20.6,IMD-synthetic
D-NL-05,Tuensang,NL,2026-05-26,13.8,23.6,18.1,62,17.1,IMD-synthetic
D-NL-05,Tuensang,NL,2026-05-27,15.3,21.5,12.0,69,19.1,IMD-synthetic
D-NL-05,Tuensang,NL,2026-05-28,0.8,21.2,12.3,61,13.4,IMD-synthetic
D-NL-05,Tuensang,NL,2026-05-29,7.9,21.4,15.4,64,20.6,IMD-synthetic
D-NL-05,Tuensang,NL,2026-05-30,12.1,20.9,12.3,70,7.8,IMD-synthetic
D-NL-05,Tuensang,NL,2026-05-31,1.2,21.0,11.0,65,8.9,IMD-synthetic
D-NL-05,Tuensang,NL,2026-06-01,3.4,21.1,12.2,57,17.5,IMD-synthetic
D-NL-05,Tuensang,NL,2026-06-02,0.4,21.5,15.6,62,21.7,IMD-synthetic
D-NL-05,Tuensang,NL,2026-06-03,7.1,24.8,19.0,63,9.6,IMD-synthetic
D-NL-05,Tuensang,NL,2026-06-04,13.8,21.4,12.3,70,8.1,IMD-synthetic
D-NL-05,Tuensang,NL,2026-06-05,17.8,21.1,15.3,68,2.2,IMD-synthetic
D-NL-05,Tuensang,NL,2026-06-06,11.6,25.5,16.6,62,9.3,IMD-synthetic
D-NL-05,Tuensang,NL,2026-06-07,19.1,21.2,13.7,70,3.6,IMD-synthetic
D-NL-05,Tuensang,NL,2026-06-08,15.0,23.4,14.9,74,12.3,IMD-synthetic
D-NL-05,Tuensang,NL,2026-06-09,3.6,21.3,12.2,56,4.8,IMD-synthetic
D-NL-05,Tuensang,NL,2026-06-10,56.9,24.3,15.8,98,25.9,IMD-synthetic
D-NL-05,Tuensang,NL,2026-06-11,20.4,21.4,12.1,74,5.9,IMD-synthetic
D-NL-05,Tuensang,NL,2026-06-12,11.7,23.1,14.9,70,15.9,IMD-synthetic
D-NL-05,Tuensang,NL,2026-06-13,5.9,22.0,16.1,67,4.6,IMD-synthetic
D-NL-05,Tuensang,NL,2026-06-14,11.5,22.8,17.4,63,9.7,IMD-synthetic
D-NL-05,Tuensang,NL,2026-06-15,14.2,23.9,18.4,75,7.6,IMD-synthetic
D-NL-05,Tuensang,NL,2026-06-16,16.8,22.1,16.8,67,24.2,IMD-synthetic
D-NL-05,Tuensang,NL,2026-06-17,19.3,25.1,19.7,77,7.2,IMD-synthetic
D-NL-05,Tuensang,NL,2026-06-18,11.0,23.5,14.1,70,13.5,IMD-synthetic
D-NL-05,Tuensang,NL,2026-06-19,35.2,23.7,14.8,76,23.3,IMD-synthetic
D-NL-05,Tuensang,NL,2026-06-20,25.0,25.3,19.0,74,2.7,IMD-synthetic
D-NL-05,Tuensang,NL,2026-06-21,5.0,23.0,14.2,60,21.8,IMD-synthetic
D-NL-05,Tuensang,NL,2026-06-22,6.8,24.1,17.3,68,13.0,IMD-synthetic
D-NL-05,Tuensang,NL,2026-06-23,16.1,24.2,18.2,68,22.0,IMD-synthetic
D-NL-05,Tuensang,NL,2026-06-24,18.7,22.7,17.3,74,22.5,IMD-synthetic
D-NL-05,Tuensang,NL,2026-06-25,15.0,21.6,12.2,73,25.4,IMD-synthetic
D-NL-05,Tuensang,NL,2026-06-26,18.6,24.2,16.3,70,20.5,IMD-synthetic
D-NL-05,Tuensang,NL,2026-06-27,67.5,19.0,12.3,99,11.7,IMD-synthetic
D-NL-05,Tuensang,NL,2026-06-28,32.6,24.4,17.4,84,7.9,IMD-synthetic
D-NL-05,Tuensang,NL,2026-06-29,35.2,25.3,19.1,86,3.4,IMD-synthetic
D-NL-05,Tuensang,NL,2026-06-30,14.5,21.6,12.5,73,15.9,IMD-synthetic
D-NL-05,Tuensang,NL,2026-07-01,1.4,23.9,16.1,55,6.4,IMD-synthetic
D-NL-05,Tuensang,NL,2026-07-02,18.0,24.5,17.5,77,20.7,IMD-synthetic
D-NL-05,Tuensang,NL,2026-07-03,18.8,22.9,15.3,67,23.0,IMD-synthetic
D-NL-05,Tuensang,NL,2026-07-04,10.0,23.4,18.4,67,6.5,IMD-synthetic
D-NL-05,Tuensang,NL,2026-07-05,18.9,25.1,15.9,67,11.0,IMD-synthetic
D-NL-05,Tuensang,NL,2026-07-06,15.8,21.8,11.8,64,16.9,IMD-synthetic
D-NL-05,Tuensang,NL,2026-07-07,12.3,22.3,17.2,63,9.5,IMD-synthetic
D-NL-05,Tuensang,NL,2026-07-08,16.6,21.1,13.6,71,6.9,IMD-synthetic
D-NL-05,Tuensang,NL,2026-07-09,4.2,25.2,16.0,57,24.9,IMD-synthetic
D-NL-05,Tuensang,NL,2026-07-10,0.7,24.1,17.0,58,14.5,IMD-synthetic
D-NL-05,Tuensang,NL,2026-07-11,19.1,21.3,14.1,72,19.1,IMD-synthetic
D-NL-05,Tuensang,NL,2026-07-12,4.9,24.5,18.8,61,4.5,IMD-synthetic
D-NL-05,Tuensang,NL,2026-07-13,19.0,23.1,15.7,65,8.2,IMD-synthetic
D-NL-05,Tuensang,NL,2026-07-14,0.1,20.6,11.9,55,21.2,IMD-synthetic
D-NL-05,Tuensang,NL,2026-07-15,3.8,20.6,14.0,57,11.1,IMD-synthetic
D-NL-05,Tuensang,NL,2026-07-16,58.4,19.7,13.2,99,22.6,IMD-synthetic
D-NL-05,Tuensang,NL,2026-07-17,42.3,19.7,12.1,83,20.0,IMD-synthetic
D-NL-05,Tuensang,NL,2026-07-18,21.8,21.6,14.9,76,11.1,IMD-synthetic
D-NL-05,Tuensang,NL,2026-07-19,5.5,24.3,16.8,59,14.2,IMD-synthetic
D-NL-05,Tuensang,NL,2026-07-20,18.1,24.3,15.1,67,12.8,IMD-synthetic
D-NL-05,Tuensang,NL,2026-07-21,17.2,20.9,11.5,73,17.2,IMD-synthetic
D-NL-05,Tuensang,NL,2026-07-22,21.1,24.7,17.9,72,12.2,IMD-synthetic
D-NL-05,Tuensang,NL,2026-07-23,73.0,19.3,9.5,99,5.3,IMD-synthetic
D-NL-05,Tuensang,NL,2026-07-24,33.2,20.3,14.2,82,21.2,IMD-synthetic
D-NL-05,Tuensang,NL,2026-07-25,5.7,20.6,15.1,67,25.2,IMD-synthetic
D-NL-05,Tuensang,NL,2026-07-26,18.6,20.9,11.9,68,10.8,IMD-synthetic
D-NL-05,Tuensang,NL,2026-07-27,1.2,23.4,14.2,61,2.5,IMD-synthetic
D-NL-05,Tuensang,NL,2026-07-28,4.1,20.1,11.5,62,11.8,IMD-synthetic
D-NL-05,Tuensang,NL,2026-07-29,7.7,23.1,17.8,63,18.6,IMD-synthetic
D-NL-05,Tuensang,NL,2026-07-30,19.0,24.3,19.2,69,14.7,IMD-synthetic
D-NL-05,Tuensang,NL,2026-07-31,5.8,25.1,15.3,67,2.8,IMD-synthetic
D-NL-05,Tuensang,NL,2026-08-01,2.8,22.8,14.9,63,15.8,IMD-synthetic
D-NL-05,Tuensang,NL,2026-08-02,2.0,24.8,16.8,58,8.8,IMD-synthetic
D-NL-05,Tuensang,NL,2026-08-03,7.0,21.8,16.1,58,19.8,IMD-synthetic
D-NL-05,Tuensang,NL,2026-08-04,13.8,23.9,17.1,67,13.4,IMD-synthetic
D-NL-05,Tuensang,NL,2026-08-05,0.1,20.0,12.9,65,23.3,IMD-synthetic
D-NL-05,Tuensang,NL,2026-08-06,11.7,20.2,10.2,63,9.3,IMD-synthetic
D-NL-05,Tuensang,NL,2026-08-07,12.8,23.9,17.3,63,9.5,IMD-synthetic
D-NL-05,Tuensang,NL,2026-08-08,6.7,21.1,15.0,58,8.7,IMD-synthetic
D-NL-05,Tuensang,NL,2026-08-09,9.9,24.1,15.7,68,3.1,IMD-synthetic
D-NL-05,Tuensang,NL,2026-08-10,0.2,23.3,13.6,53,19.1,IMD-synthetic
D-NL-05,Tuensang,NL,2026-08-11,10.7,22.5,12.7,69,7.7,IMD-synthetic
D-NL-05,Tuensang,NL,2026-08-12,14.3,24.4,14.7,66,8.8,IMD-synthetic
D-NL-05,Tuensang,NL,2026-08-13,13.9,20.8,12.3,70,23.3,IMD-synthetic
D-NL-05,Tuensang,NL,2026-08-14,11.6,24.4,15.5,72,23.4,IMD-synthetic
D-NL-05,Tuensang,NL,2026-08-15,3.5,20.9,13.2,61,10.6,IMD-synthetic
D-NL-05,Tuensang,NL,2026-08-16,8.0,25.8,20.2,60,24.0,IMD-synthetic
D-NL-05,Tuensang,NL,2026-08-17,5.3,21.5,14.2,65,4.3,IMD-synthetic
D-NL-05,Tuensang,NL,2026-08-18,45.5,24.5,15.9,84,14.6,IMD-synthetic
D-NL-05,Tuensang,NL,2026-08-19,34.5,22.2,17.0,88,21.0,IMD-synthetic
D-NL-05,Tuensang,NL,2026-08-20,21.4,25.2,15.5,73,15.8,IMD-synthetic
D-NL-05,Tuensang,NL,2026-08-21,18.4,22.2,16.8,77,8.2,IMD-synthetic
D-NL-05,Tuensang,NL,2026-08-22,10.6,25.6,15.6,71,7.8,IMD-synthetic
D-NL-05,Tuensang,NL,2026-08-23,7.5,24.6,18.7,67,23.0,IMD-synthetic
D-NL-05,Tuensang,NL,2026-08-24,15.7,24.6,16.2,75,22.6,IMD-synthetic
D-NL-05,Tuensang,NL,2026-08-25,15.8,20.8,13.3,73,13.6,IMD-synthetic
D-NL-05,Tuensang,NL,2026-08-26,11.0,25.6,18.1,59,13.3,IMD-synthetic
D-NL-05,Tuensang,NL,2026-08-27,2.0,20.8,14.6,58,4.3,IMD-synthetic
D-NL-05,Tuensang,NL,2026-08-28,51.5,22.4,17.2,99,20.1,IMD-synthetic
D-NL-05,Tuensang,NL,2026-08-29,23.8,23.0,15.1,77,18.0,IMD-synthetic
D-NL-05,Tuensang,NL,2026-08-30,23.9,19.7,12.0,73,19.3,IMD-synthetic
D-NL-05,Tuensang,NL,2026-08-31,20.1,25.6,16.5,75,10.7,IMD-synthetic
D-NL-05,Tuensang,NL,2026-09-01,27.7,24.4,16.8,85,20.4,IMD-synthetic
D-NL-05,Tuensang,NL,2026-09-02,11.3,19.9,11.5,70,2.2,IMD-synthetic
D-NL-05,Tuensang,NL,2026-09-03,21.0,23.2,13.3,72,21.5,IMD-synthetic
D-NL-05,Tuensang,NL,2026-09-04,8.8,23.0,15.4,68,24.1,IMD-synthetic
D-NL-05,Tuensang,NL,2026-09-05,4.9,24.7,16.8,57,14.0,IMD-synthetic
D-NL-05,Tuensang,NL,2026-09-06,8.5,20.0,10.2,70,7.6,IMD-synthetic
D-NL-05,Tuensang,NL,2026-09-07,6.7,23.9,15.4,63,9.3,IMD-synthetic
D-NL-05,Tuensang,NL,2026-09-08,4.6,24.0,15.9,60,22.5,IMD-synthetic
D-NL-05,Tuensang,NL,2026-09-09,7.6,21.4,14.7,61,5.2,IMD-synthetic
D-NL-05,Tuensang,NL,2026-09-10,4.1,21.5,12.6,62,14.1,IMD-synthetic
D-NL-05,Tuensang,NL,2026-09-11,6.6,22.8,14.9,56,24.1,IMD-synthetic
D-NL-05,Tuensang,NL,2026-09-12,26.0,20.3,14.6,72,25.4,IMD-synthetic
D-NL-05,Tuensang,NL,2026-09-13,16.4,25.6,19.5,66,22.3,IMD-synthetic
D-NL-05,Tuensang,NL,2026-09-14,16.3,25.4,19.1,65,24.2,IMD-synthetic
D-NL-05,Tuensang,NL,2026-09-15,2.5,20.0,10.4,64,26.0,IMD-synthetic
D-NL-05,Tuensang,NL,2026-09-16,8.8,21.4,12.6,68,7.5,IMD-synthetic
D-TR-01,West Tripura,TR,2026-05-20,31.1,30.8,24.4,79,13.5,IMD-synthetic
D-TR-01,West Tripura,TR,2026-05-21,15.3,29.2,21.4,69,17.2,IMD-synthetic
D-TR-01,West Tripura,TR,2026-05-22,22.4,27.2,18.6,72,22.1,IMD-synthetic
D-TR-01,West Tripura,TR,2026-05-23,16.6,31.5,22.7,72,7.0,IMD-synthetic
D-TR-01,West Tripura,TR,2026-05-24,5.8,28.6,22.3,58,24.6,IMD-synthetic
D-TR-01,West Tripura,TR,2026-05-25,2.1,33.1,25.5,59,23.5,IMD-synthetic
D-TR-01,West Tripura,TR,2026-05-26,10.9,30.2,24.3,64,15.9,IMD-synthetic
D-TR-01,West Tripura,TR,2026-05-27,3.1,28.8,21.4,64,18.8,IMD-synthetic
D-TR-01,West Tripura,TR,2026-05-28,0.1,31.6,25.0,61,8.0,IMD-synthetic
D-TR-01,West Tripura,TR,2026-05-29,2.7,30.1,23.8,56,23.3,IMD-synthetic
D-TR-01,West Tripura,TR,2026-05-30,1.7,31.2,21.8,60,14.8,IMD-synthetic
D-TR-01,West Tripura,TR,2026-05-31,8.5,33.1,27.5,66,23.4,IMD-synthetic
D-TR-01,West Tripura,TR,2026-06-01,0.3,30.2,23.0,60,21.2,IMD-synthetic
D-TR-01,West Tripura,TR,2026-06-02,7.7,32.9,24.5,64,12.1,IMD-synthetic
D-TR-01,West Tripura,TR,2026-06-03,11.2,32.6,24.3,65,10.9,IMD-synthetic
D-TR-01,West Tripura,TR,2026-06-04,6.3,31.7,23.2,57,13.7,IMD-synthetic
D-TR-01,West Tripura,TR,2026-06-05,16.3,29.9,21.6,69,2.7,IMD-synthetic
D-TR-01,West Tripura,TR,2026-06-06,3.0,32.3,26.3,67,25.2,IMD-synthetic
D-TR-01,West Tripura,TR,2026-06-07,10.9,30.9,24.6,73,14.6,IMD-synthetic
D-TR-01,West Tripura,TR,2026-06-08,13.1,30.6,24.5,67,23.8,IMD-synthetic
D-TR-01,West Tripura,TR,2026-06-09,18.9,31.1,21.8,74,3.9,IMD-synthetic
D-TR-01,West Tripura,TR,2026-06-10,4.9,27.9,20.4,66,21.8,IMD-synthetic
D-TR-01,West Tripura,TR,2026-06-11,7.1,29.5,24.1,66,2.7,IMD-synthetic
D-TR-01,West Tripura,TR,2026-06-12,8.2,29.9,20.3,66,11.7,IMD-synthetic
D-TR-01,West Tripura,TR,2026-06-13,0.8,31.3,25.2,56,12.0,IMD-synthetic
D-TR-01,West Tripura,TR,2026-06-14,6.1,30.7,22.3,62,5.4,IMD-synthetic
D-TR-01,West Tripura,TR,2026-06-15,14.9,27.7,19.0,65,10.0,IMD-synthetic
D-TR-01,West Tripura,TR,2026-06-16,17.7,29.4,23.6,68,15.6,IMD-synthetic
D-TR-01,West Tripura,TR,2026-06-17,18.7,29.8,23.8,74,12.0,IMD-synthetic
D-TR-01,West Tripura,TR,2026-06-18,5.3,29.4,21.4,55,15.4,IMD-synthetic
D-TR-01,West Tripura,TR,2026-06-19,16.3,28.9,22.1,74,17.7,IMD-synthetic
D-TR-01,West Tripura,TR,2026-06-20,9.7,30.3,24.2,59,19.7,IMD-synthetic
D-TR-01,West Tripura,TR,2026-06-21,13.7,31.6,21.9,74,11.1,IMD-synthetic
D-TR-01,West Tripura,TR,2026-06-22,14.1,33.0,26.2,67,21.1,IMD-synthetic
D-TR-01,West Tripura,TR,2026-06-23,14.5,28.3,18.6,65,24.0,IMD-synthetic
D-TR-01,West Tripura,TR,2026-06-24,11.6,30.8,25.5,69,2.1,IMD-synthetic
D-TR-01,West Tripura,TR,2026-06-25,2.6,31.0,24.5,61,11.5,IMD-synthetic
D-TR-01,West Tripura,TR,2026-06-26,0.5,30.1,20.2,62,11.9,IMD-synthetic
D-TR-01,West Tripura,TR,2026-06-27,15.6,31.8,24.0,70,18.6,IMD-synthetic
D-TR-01,West Tripura,TR,2026-06-28,10.6,30.9,22.7,63,13.6,IMD-synthetic
D-TR-01,West Tripura,TR,2026-06-29,1.2,32.3,23.9,61,13.9,IMD-synthetic
D-TR-01,West Tripura,TR,2026-06-30,6.0,33.0,24.5,65,17.3,IMD-synthetic
D-TR-01,West Tripura,TR,2026-07-01,0.3,29.5,22.0,55,8.5,IMD-synthetic
D-TR-01,West Tripura,TR,2026-07-02,13.0,29.0,19.4,72,18.5,IMD-synthetic
D-TR-01,West Tripura,TR,2026-07-03,12.2,31.8,22.4,70,20.9,IMD-synthetic
D-TR-01,West Tripura,TR,2026-07-04,7.3,30.3,22.4,66,11.3,IMD-synthetic
D-TR-01,West Tripura,TR,2026-07-05,22.3,30.4,23.2,78,9.3,IMD-synthetic
D-TR-01,West Tripura,TR,2026-07-06,2.0,30.6,21.8,60,25.4,IMD-synthetic
D-TR-01,West Tripura,TR,2026-07-07,18.4,29.3,21.3,70,9.7,IMD-synthetic
D-TR-01,West Tripura,TR,2026-07-08,0.9,28.4,21.8,54,3.1,IMD-synthetic
D-TR-01,West Tripura,TR,2026-07-09,14.5,32.2,25.3,67,16.6,IMD-synthetic
D-TR-01,West Tripura,TR,2026-07-10,6.0,28.7,19.8,59,8.0,IMD-synthetic
D-TR-01,West Tripura,TR,2026-07-11,7.4,33.3,27.4,58,10.5,IMD-synthetic
D-TR-01,West Tripura,TR,2026-07-12,60.1,26.8,19.2,94,9.9,IMD-synthetic
D-TR-01,West Tripura,TR,2026-07-13,30.4,30.7,23.8,73,9.2,IMD-synthetic
D-TR-01,West Tripura,TR,2026-07-14,4.8,29.8,22.6,61,19.6,IMD-synthetic
D-TR-01,West Tripura,TR,2026-07-15,14.8,32.5,25.4,64,4.8,IMD-synthetic
D-TR-01,West Tripura,TR,2026-07-16,22.2,28.5,20.6,77,18.8,IMD-synthetic
D-TR-01,West Tripura,TR,2026-07-17,12.4,29.7,22.2,73,3.7,IMD-synthetic
D-TR-01,West Tripura,TR,2026-07-18,14.4,27.4,18.3,63,14.5,IMD-synthetic
D-TR-01,West Tripura,TR,2026-07-19,4.9,28.1,20.4,65,17.9,IMD-synthetic
D-TR-01,West Tripura,TR,2026-07-20,60.7,28.3,23.3,99,6.0,IMD-synthetic
D-TR-01,West Tripura,TR,2026-07-21,31.2,32.0,26.0,81,4.5,IMD-synthetic
D-TR-01,West Tripura,TR,2026-07-22,0.7,28.5,22.0,57,13.2,IMD-synthetic
D-TR-01,West Tripura,TR,2026-07-23,2.1,29.6,24.3,63,17.7,IMD-synthetic
D-TR-01,West Tripura,TR,2026-07-24,6.7,30.7,22.8,59,11.6,IMD-synthetic
D-TR-01,West Tripura,TR,2026-07-25,8.4,32.6,25.9,65,18.1,IMD-synthetic
D-TR-01,West Tripura,TR,2026-07-26,13.4,32.2,24.3,68,4.0,IMD-synthetic
D-TR-01,West Tripura,TR,2026-07-27,14.9,27.6,22.6,62,9.5,IMD-synthetic
D-TR-01,West Tripura,TR,2026-07-28,13.5,28.4,22.6,73,25.0,IMD-synthetic
D-TR-01,West Tripura,TR,2026-07-29,16.1,31.8,22.1,68,13.8,IMD-synthetic
D-TR-01,West Tripura,TR,2026-07-30,2.3,29.9,24.1,61,7.0,IMD-synthetic
D-TR-01,West Tripura,TR,2026-07-31,17.2,28.8,22.0,77,3.0,IMD-synthetic
D-TR-01,West Tripura,TR,2026-08-01,14.9,32.0,26.8,63,25.8,IMD-synthetic
D-TR-01,West Tripura,TR,2026-08-02,15.1,27.6,18.0,69,14.5,IMD-synthetic
D-TR-01,West Tripura,TR,2026-08-03,2.7,30.1,22.4,59,4.5,IMD-synthetic
D-TR-01,West Tripura,TR,2026-08-04,15.5,33.1,23.6,73,19.8,IMD-synthetic
D-TR-01,West Tripura,TR,2026-08-05,11.2,32.7,22.7,68,21.9,IMD-synthetic
D-TR-01,West Tripura,TR,2026-08-06,7.4,30.2,24.7,58,15.3,IMD-synthetic
D-TR-01,West Tripura,TR,2026-08-07,29.4,27.4,21.8,82,22.7,IMD-synthetic
D-TR-01,West Tripura,TR,2026-08-08,31.1,31.6,22.2,82,16.6,IMD-synthetic
D-TR-01,West Tripura,TR,2026-08-09,21.6,27.4,20.8,75,19.9,IMD-synthetic
D-TR-01,West Tripura,TR,2026-08-10,32.2,30.4,20.8,75,20.9,IMD-synthetic
D-TR-01,West Tripura,TR,2026-08-11,13.7,32.1,25.4,67,17.8,IMD-synthetic
D-TR-01,West Tripura,TR,2026-08-12,10.5,32.3,26.8,59,16.0,IMD-synthetic
D-TR-01,West Tripura,TR,2026-08-13,1.9,32.0,22.7,54,8.9,IMD-synthetic
D-TR-01,West Tripura,TR,2026-08-14,30.4,27.8,22.6,76,12.1,IMD-synthetic
D-TR-01,West Tripura,TR,2026-08-15,27.4,29.4,23.0,72,18.5,IMD-synthetic
D-TR-01,West Tripura,TR,2026-08-16,0.2,29.0,20.0,57,3.0,IMD-synthetic
D-TR-01,West Tripura,TR,2026-08-17,1.3,31.1,21.6,56,21.3,IMD-synthetic
D-TR-01,West Tripura,TR,2026-08-18,4.1,29.9,23.3,58,23.0,IMD-synthetic
D-TR-01,West Tripura,TR,2026-08-19,27.4,31.1,21.9,75,23.8,IMD-synthetic
D-TR-01,West Tripura,TR,2026-08-20,27.0,29.5,23.8,84,8.3,IMD-synthetic
D-TR-01,West Tripura,TR,2026-08-21,25.0,30.6,24.5,78,15.1,IMD-synthetic
D-TR-01,West Tripura,TR,2026-08-22,9.9,27.5,21.2,67,8.6,IMD-synthetic
D-TR-01,West Tripura,TR,2026-08-23,11.5,31.2,24.7,65,24.3,IMD-synthetic
D-TR-01,West Tripura,TR,2026-08-24,7.7,29.9,23.3,60,20.3,IMD-synthetic
D-TR-01,West Tripura,TR,2026-08-25,7.8,31.8,23.8,69,21.4,IMD-synthetic
D-TR-01,West Tripura,TR,2026-08-26,1.7,33.0,23.2,60,14.6,IMD-synthetic
D-TR-01,West Tripura,TR,2026-08-27,2.1,33.3,24.9,58,14.5,IMD-synthetic
D-TR-01,West Tripura,TR,2026-08-28,0.2,33.2,23.4,57,16.6,IMD-synthetic
D-TR-01,West Tripura,TR,2026-08-29,6.7,28.0,21.0,58,19.3,IMD-synthetic
D-TR-01,West Tripura,TR,2026-08-30,0.1,28.6,20.6,53,21.4,IMD-synthetic
D-TR-01,West Tripura,TR,2026-08-31,9.5,32.8,22.8,68,13.6,IMD-synthetic
D-TR-01,West Tripura,TR,2026-09-01,28.5,27.9,20.4,78,18.4,IMD-synthetic
D-TR-01,West Tripura,TR,2026-09-02,12.6,27.6,20.8,73,24.8,IMD-synthetic
D-TR-01,West Tripura,TR,2026-09-03,14.8,31.5,25.8,64,6.3,IMD-synthetic
D-TR-01,West Tripura,TR,2026-09-04,1.8,32.4,25.4,53,14.5,IMD-synthetic
D-TR-01,West Tripura,TR,2026-09-05,6.3,31.0,23.0,68,12.9,IMD-synthetic
D-TR-01,West Tripura,TR,2026-09-06,11.5,27.6,18.7,60,10.6,IMD-synthetic
D-TR-01,West Tripura,TR,2026-09-07,2.7,28.6,23.2,63,14.4,IMD-synthetic
D-TR-01,West Tripura,TR,2026-09-08,5.0,29.3,19.5,64,8.9,IMD-synthetic
D-TR-01,West Tripura,TR,2026-09-09,1.8,31.8,23.2,53,4.0,IMD-synthetic
D-TR-01,West Tripura,TR,2026-09-10,10.5,28.9,22.6,69,19.4,IMD-synthetic
D-TR-01,West Tripura,TR,2026-09-11,3.3,31.6,22.6,58,2.7,IMD-synthetic
D-TR-01,West Tripura,TR,2026-09-12,11.1,30.2,24.1,69,21.2,IMD-synthetic
D-TR-01,West Tripura,TR,2026-09-13,10.1,30.1,20.9,67,15.1,IMD-synthetic
D-TR-01,West Tripura,TR,2026-09-14,3.6,31.9,26.4,56,24.3,IMD-synthetic
D-TR-01,West Tripura,TR,2026-09-15,1.1,30.4,20.7,64,23.6,IMD-synthetic
D-TR-01,West Tripura,TR,2026-09-16,6.0,31.2,21.4,67,15.6,IMD-synthetic
D-TR-02,North Tripura,TR,2026-05-20,4.2,33.0,26.3,61,20.5,IMD-synthetic
D-TR-02,North Tripura,TR,2026-05-21,5.8,28.5,21.8,63,12.8,IMD-synthetic
D-TR-02,North Tripura,TR,2026-05-22,12.7,29.1,23.5,63,18.9,IMD-synthetic
D-TR-02,North Tripura,TR,2026-05-23,12.8,27.9,19.2,74,21.8,IMD-synthetic
D-TR-02,North Tripura,TR,2026-05-24,4.2,31.7,26.1,59,9.8,IMD-synthetic
D-TR-02,North Tripura,TR,2026-05-25,49.5,30.5,21.7,94,9.9,IMD-synthetic
D-TR-02,North Tripura,TR,2026-05-26,28.3,28.3,21.5,79,14.7,IMD-synthetic
D-TR-02,North Tripura,TR,2026-05-27,21.2,29.7,24.7,70,11.5,IMD-synthetic
D-TR-02,North Tripura,TR,2026-05-28,12.3,31.3,23.6,68,25.3,IMD-synthetic
D-TR-02,North Tripura,TR,2026-05-29,9.5,32.1,24.9,68,5.1,IMD-synthetic
D-TR-02,North Tripura,TR,2026-05-30,4.2,27.6,18.4,57,23.9,IMD-synthetic
D-TR-02,North Tripura,TR,2026-05-31,8.1,27.7,18.8,67,11.5,IMD-synthetic
D-TR-02,North Tripura,TR,2026-06-01,13.5,29.9,23.4,74,4.0,IMD-synthetic
D-TR-02,North Tripura,TR,2026-06-02,5.4,27.2,18.1,55,11.3,IMD-synthetic
D-TR-02,North Tripura,TR,2026-06-03,5.9,28.0,19.1,64,24.4,IMD-synthetic
D-TR-02,North Tripura,TR,2026-06-04,9.5,28.7,22.7,59,21.1,IMD-synthetic
D-TR-02,North Tripura,TR,2026-06-05,2.0,28.0,18.7,56,21.6,IMD-synthetic
D-TR-02,North Tripura,TR,2026-06-06,16.2,32.6,26.8,69,16.8,IMD-synthetic
D-TR-02,North Tripura,TR,2026-06-07,66.1,30.6,21.6,99,9.1,IMD-synthetic
D-TR-02,North Tripura,TR,2026-06-08,34.6,29.7,21.0,83,10.5,IMD-synthetic
D-TR-02,North Tripura,TR,2026-06-09,8.5,27.5,19.8,65,22.1,IMD-synthetic
D-TR-02,North Tripura,TR,2026-06-10,8.3,32.8,22.8,69,5.1,IMD-synthetic
D-TR-02,North Tripura,TR,2026-06-11,12.2,30.0,23.7,66,25.5,IMD-synthetic
D-TR-02,North Tripura,TR,2026-06-12,2.6,32.6,24.7,54,24.1,IMD-synthetic
D-TR-02,North Tripura,TR,2026-06-13,3.3,28.3,18.9,58,15.4,IMD-synthetic
D-TR-02,North Tripura,TR,2026-06-14,9.1,28.8,22.8,60,9.5,IMD-synthetic
D-TR-02,North Tripura,TR,2026-06-15,15.2,32.4,26.3,68,13.1,IMD-synthetic
D-TR-02,North Tripura,TR,2026-06-16,14.9,30.0,25.0,62,11.7,IMD-synthetic
D-TR-02,North Tripura,TR,2026-06-17,20.6,31.5,24.5,66,25.2,IMD-synthetic
D-TR-02,North Tripura,TR,2026-06-18,14.8,28.0,18.0,74,4.9,IMD-synthetic
D-TR-02,North Tripura,TR,2026-06-19,16.3,30.9,25.3,71,24.3,IMD-synthetic
D-TR-02,North Tripura,TR,2026-06-20,10.4,32.3,24.6,66,21.0,IMD-synthetic
D-TR-02,North Tripura,TR,2026-06-21,2.8,28.8,19.8,62,6.7,IMD-synthetic
D-TR-02,North Tripura,TR,2026-06-22,64.8,28.3,20.4,99,15.7,IMD-synthetic
D-TR-02,North Tripura,TR,2026-06-23,36.0,26.9,19.9,86,11.5,IMD-synthetic
D-TR-02,North Tripura,TR,2026-06-24,41.2,29.8,19.9,82,6.9,IMD-synthetic
D-TR-02,North Tripura,TR,2026-06-25,5.5,33.2,25.6,66,15.9,IMD-synthetic
D-TR-02,North Tripura,TR,2026-06-26,1.9,33.0,24.7,67,21.2,IMD-synthetic
D-TR-02,North Tripura,TR,2026-06-27,3.2,28.8,23.2,66,20.0,IMD-synthetic
D-TR-02,North Tripura,TR,2026-06-28,14.1,29.9,21.4,66,19.0,IMD-synthetic
D-TR-02,North Tripura,TR,2026-06-29,16.3,28.5,18.8,64,18.5,IMD-synthetic
D-TR-02,North Tripura,TR,2026-06-30,12.0,32.6,23.9,71,21.4,IMD-synthetic
D-TR-02,North Tripura,TR,2026-07-01,12.9,28.6,23.2,64,15.8,IMD-synthetic
D-TR-02,North Tripura,TR,2026-07-02,2.4,31.8,24.7,66,11.5,IMD-synthetic
D-TR-02,North Tripura,TR,2026-07-03,4.0,29.6,22.5,61,13.7,IMD-synthetic
D-TR-02,North Tripura,TR,2026-07-04,8.1,30.5,25.1,69,9.4,IMD-synthetic
D-TR-02,North Tripura,TR,2026-07-05,22.5,27.3,20.6,78,25.9,IMD-synthetic
D-TR-02,North Tripura,TR,2026-07-06,67.4,30.9,25.0,99,22.5,IMD-synthetic
D-TR-02,North Tripura,TR,2026-07-07,27.4,30.4,25.3,82,22.4,IMD-synthetic
D-TR-02,North Tripura,TR,2026-07-08,25.5,32.0,26.8,70,7.4,IMD-synthetic
D-TR-02,North Tripura,TR,2026-07-09,25.3,28.7,18.9,74,6.4,IMD-synthetic
D-TR-02,North Tripura,TR,2026-07-10,21.9,29.9,24.1,68,25.8,IMD-synthetic
D-TR-02,North Tripura,TR,2026-07-11,2.0,32.4,24.8,58,21.2,IMD-synthetic
D-TR-02,North Tripura,TR,2026-07-12,18.5,31.9,22.8,74,2.4,IMD-synthetic
D-TR-02,North Tripura,TR,2026-07-13,22.1,30.8,22.9,68,25.5,IMD-synthetic
D-TR-02,North Tripura,TR,2026-07-14,12.0,32.6,25.7,68,15.7,IMD-synthetic
D-TR-02,North Tripura,TR,2026-07-15,5.2,29.9,20.0,63,11.5,IMD-synthetic
D-TR-02,North Tripura,TR,2026-07-16,72.8,28.8,21.6,99,6.2,IMD-synthetic
D-TR-02,North Tripura,TR,2026-07-17,31.8,31.5,23.7,80,5.8,IMD-synthetic
D-TR-02,North Tripura,TR,2026-07-18,8.2,33.0,27.5,69,17.5,IMD-synthetic
D-TR-02,North Tripura,TR,2026-07-19,15.4,30.7,24.9,75,13.2,IMD-synthetic
D-TR-02,North Tripura,TR,2026-07-20,15.4,28.8,20.7,74,13.2,IMD-synthetic
D-TR-02,North Tripura,TR,2026-07-21,14.1,28.1,18.9,67,21.6,IMD-synthetic
D-TR-02,North Tripura,TR,2026-07-22,11.5,29.5,21.7,67,17.4,IMD-synthetic
D-TR-02,North Tripura,TR,2026-07-23,17.0,27.2,18.4,68,16.5,IMD-synthetic
D-TR-02,North Tripura,TR,2026-07-24,7.8,29.4,19.6,69,21.6,IMD-synthetic
D-TR-02,North Tripura,TR,2026-07-25,6.6,28.4,19.9,59,22.5,IMD-synthetic
D-TR-02,North Tripura,TR,2026-07-26,19.9,27.2,20.3,68,11.5,IMD-synthetic
D-TR-02,North Tripura,TR,2026-07-27,9.6,31.9,22.5,67,21.4,IMD-synthetic
D-TR-02,North Tripura,TR,2026-07-28,16.6,30.1,21.8,69,16.9,IMD-synthetic
D-TR-02,North Tripura,TR,2026-07-29,14.3,32.8,24.1,66,22.2,IMD-synthetic
D-TR-02,North Tripura,TR,2026-07-30,5.4,32.3,22.8,67,17.5,IMD-synthetic
D-TR-02,North Tripura,TR,2026-07-31,2.9,27.3,20.5,60,6.1,IMD-synthetic
D-TR-02,North Tripura,TR,2026-08-01,9.7,28.7,19.5,66,11.6,IMD-synthetic
D-TR-02,North Tripura,TR,2026-08-02,11.1,28.6,19.2,63,21.3,IMD-synthetic
D-TR-02,North Tripura,TR,2026-08-03,9.6,32.7,23.8,65,2.2,IMD-synthetic
D-TR-02,North Tripura,TR,2026-08-04,3.7,31.6,24.7,60,6.5,IMD-synthetic
D-TR-02,North Tripura,TR,2026-08-05,2.1,29.7,22.8,67,14.6,IMD-synthetic
D-TR-02,North Tripura,TR,2026-08-06,4.8,31.9,24.5,61,3.3,IMD-synthetic
D-TR-02,North Tripura,TR,2026-08-07,4.7,29.3,20.7,60,6.2,IMD-synthetic
D-TR-02,North Tripura,TR,2026-08-08,4.5,27.4,21.9,66,23.1,IMD-synthetic
D-TR-02,North Tripura,TR,2026-08-09,8.9,32.3,25.0,66,6.9,IMD-synthetic
D-TR-02,North Tripura,TR,2026-08-10,16.0,29.8,21.6,66,25.6,IMD-synthetic
D-TR-02,North Tripura,TR,2026-08-11,15.6,32.2,23.5,66,22.4,IMD-synthetic
D-TR-02,North Tripura,TR,2026-08-12,15.6,28.2,19.3,71,8.3,IMD-synthetic
D-TR-02,North Tripura,TR,2026-08-13,2.5,27.5,17.7,61,21.6,IMD-synthetic
D-TR-02,North Tripura,TR,2026-08-14,27.8,30.6,23.4,78,14.8,IMD-synthetic
D-TR-02,North Tripura,TR,2026-08-15,30.5,30.3,24.7,77,14.4,IMD-synthetic
D-TR-02,North Tripura,TR,2026-08-16,8.0,30.5,23.2,64,25.9,IMD-synthetic
D-TR-02,North Tripura,TR,2026-08-17,0.4,27.8,21.5,64,12.7,IMD-synthetic
D-TR-02,North Tripura,TR,2026-08-18,4.7,32.9,25.3,58,10.2,IMD-synthetic
D-TR-02,North Tripura,TR,2026-08-19,15.7,31.0,22.2,72,11.8,IMD-synthetic
D-TR-02,North Tripura,TR,2026-08-20,8.1,31.5,22.2,64,12.4,IMD-synthetic
D-TR-02,North Tripura,TR,2026-08-21,8.3,30.9,21.3,65,24.6,IMD-synthetic
D-TR-02,North Tripura,TR,2026-08-22,10.4,28.5,19.9,72,22.7,IMD-synthetic
D-TR-02,North Tripura,TR,2026-08-23,2.2,30.2,23.9,61,16.1,IMD-synthetic
D-TR-02,North Tripura,TR,2026-08-24,16.6,27.6,18.9,66,23.9,IMD-synthetic
D-TR-02,North Tripura,TR,2026-08-25,16.2,29.7,23.0,73,20.7,IMD-synthetic
D-TR-02,North Tripura,TR,2026-08-26,29.5,27.0,18.0,78,17.4,IMD-synthetic
D-TR-02,North Tripura,TR,2026-08-27,19.6,27.1,20.0,66,2.9,IMD-synthetic
D-TR-02,North Tripura,TR,2026-08-28,26.1,28.0,20.3,79,12.6,IMD-synthetic
D-TR-02,North Tripura,TR,2026-08-29,31.5,29.8,23.8,74,8.1,IMD-synthetic
D-TR-02,North Tripura,TR,2026-08-30,6.1,28.4,18.8,60,8.8,IMD-synthetic
D-TR-02,North Tripura,TR,2026-08-31,15.0,32.3,24.2,69,14.3,IMD-synthetic
D-TR-02,North Tripura,TR,2026-09-01,2.3,32.4,24.6,65,7.9,IMD-synthetic
D-TR-02,North Tripura,TR,2026-09-02,4.7,33.1,26.9,68,12.3,IMD-synthetic
D-TR-02,North Tripura,TR,2026-09-03,3.9,30.9,21.8,68,25.9,IMD-synthetic
D-TR-02,North Tripura,TR,2026-09-04,6.6,31.1,21.6,70,16.1,IMD-synthetic
D-TR-02,North Tripura,TR,2026-09-05,44.3,26.7,18.6,88,2.1,IMD-synthetic
D-TR-02,North Tripura,TR,2026-09-06,21.6,28.9,21.8,75,3.3,IMD-synthetic
D-TR-02,North Tripura,TR,2026-09-07,1.9,32.2,24.0,65,16.6,IMD-synthetic
D-TR-02,North Tripura,TR,2026-09-08,7.5,29.4,23.3,70,21.7,IMD-synthetic
D-TR-02,North Tripura,TR,2026-09-09,3.0,32.3,25.3,57,2.1,IMD-synthetic
D-TR-02,North Tripura,TR,2026-09-10,5.3,31.0,25.4,60,21.3,IMD-synthetic
D-TR-02,North Tripura,TR,2026-09-11,9.7,31.2,25.2,61,4.8,IMD-synthetic
D-TR-02,North Tripura,TR,2026-09-12,7.5,29.3,23.8,70,9.8,IMD-synthetic
D-TR-02,North Tripura,TR,2026-09-13,24.0,30.8,23.1,78,20.2,IMD-synthetic
D-TR-02,North Tripura,TR,2026-09-14,21.4,29.2,21.6,78,3.3,IMD-synthetic
D-TR-02,North Tripura,TR,2026-09-15,1.5,31.4,23.6,65,3.3,IMD-synthetic
D-TR-02,North Tripura,TR,2026-09-16,3.6,28.9,21.7,67,10.6,IMD-synthetic
D-TR-03,Dhalai,TR,2026-05-20,6.5,29.7,23.7,67,24.6,IMD-synthetic
D-TR-03,Dhalai,TR,2026-05-21,11.2,29.0,20.6,63,21.9,IMD-synthetic
D-TR-03,Dhalai,TR,2026-05-22,1.1,28.1,22.4,62,20.4,IMD-synthetic
D-TR-03,Dhalai,TR,2026-05-23,5.9,28.7,23.0,61,25.0,IMD-synthetic
D-TR-03,Dhalai,TR,2026-05-24,2.5,29.3,21.1,63,20.6,IMD-synthetic
D-TR-03,Dhalai,TR,2026-05-25,8.9,27.5,18.0,66,7.8,IMD-synthetic
D-TR-03,Dhalai,TR,2026-05-26,1.7,29.7,21.1,64,9.9,IMD-synthetic
D-TR-03,Dhalai,TR,2026-05-27,10.0,29.7,24.2,70,2.4,IMD-synthetic
D-TR-03,Dhalai,TR,2026-05-28,4.0,30.4,22.5,56,19.1,IMD-synthetic
D-TR-03,Dhalai,TR,2026-05-29,0.4,30.6,22.3,56,19.1,IMD-synthetic
D-TR-03,Dhalai,TR,2026-05-30,21.8,32.4,25.3,80,10.3,IMD-synthetic
D-TR-03,Dhalai,TR,2026-05-31,18.8,31.0,22.1,68,22.7,IMD-synthetic
D-TR-03,Dhalai,TR,2026-06-01,32.4,27.1,21.8,85,5.2,IMD-synthetic
D-TR-03,Dhalai,TR,2026-06-02,9.1,29.0,21.8,70,17.1,IMD-synthetic
D-TR-03,Dhalai,TR,2026-06-03,5.6,30.5,24.6,59,19.0,IMD-synthetic
D-TR-03,Dhalai,TR,2026-06-04,10.6,27.9,21.5,67,21.5,IMD-synthetic
D-TR-03,Dhalai,TR,2026-06-05,9.7,27.2,19.7,68,23.0,IMD-synthetic
D-TR-03,Dhalai,TR,2026-06-06,12.4,28.7,19.5,68,19.7,IMD-synthetic
D-TR-03,Dhalai,TR,2026-06-07,5.5,31.4,21.9,61,5.2,IMD-synthetic
D-TR-03,Dhalai,TR,2026-06-08,7.0,29.6,20.4,58,9.9,IMD-synthetic
D-TR-03,Dhalai,TR,2026-06-09,7.1,27.2,21.4,63,12.7,IMD-synthetic
D-TR-03,Dhalai,TR,2026-06-10,16.3,29.2,23.6,65,20.6,IMD-synthetic
D-TR-03,Dhalai,TR,2026-06-11,3.0,30.0,23.2,65,24.6,IMD-synthetic
D-TR-03,Dhalai,TR,2026-06-12,19.6,31.0,25.0,67,23.8,IMD-synthetic
D-TR-03,Dhalai,TR,2026-06-13,1.0,29.2,19.4,57,7.8,IMD-synthetic
D-TR-03,Dhalai,TR,2026-06-14,7.3,32.8,23.4,62,12.4,IMD-synthetic
D-TR-03,Dhalai,TR,2026-06-15,2.5,33.1,23.3,63,6.9,IMD-synthetic
D-TR-03,Dhalai,TR,2026-06-16,19.1,29.8,19.9,76,12.0,IMD-synthetic
D-TR-03,Dhalai,TR,2026-06-17,48.3,26.4,16.5,96,4.2,IMD-synthetic
D-TR-03,Dhalai,TR,2026-06-18,32.3,31.2,25.9,77,13.4,IMD-synthetic
D-TR-03,Dhalai,TR,2026-06-19,29.2,28.7,21.3,76,5.8,IMD-synthetic
D-TR-03,Dhalai,TR,2026-06-20,35.2,30.1,22.2,79,15.3,IMD-synthetic
D-TR-03,Dhalai,TR,2026-06-21,16.1,30.6,20.8,75,18.0,IMD-synthetic
D-TR-03,Dhalai,TR,2026-06-22,10.8,32.7,23.3,73,15.1,IMD-synthetic
D-TR-03,Dhalai,TR,2026-06-23,0.5,27.7,20.9,63,15.2,IMD-synthetic
D-TR-03,Dhalai,TR,2026-06-24,1.9,29.4,23.4,53,11.7,IMD-synthetic
D-TR-03,Dhalai,TR,2026-06-25,64.2,30.2,21.5,99,24.6,IMD-synthetic
D-TR-03,Dhalai,TR,2026-06-26,30.7,29.7,24.5,86,18.0,IMD-synthetic
D-TR-03,Dhalai,TR,2026-06-27,41.3,29.7,21.5,88,24.6,IMD-synthetic
D-TR-03,Dhalai,TR,2026-06-28,43.7,26.8,19.1,85,9.1,IMD-synthetic
D-TR-03,Dhalai,TR,2026-06-29,9.3,27.6,18.8,69,12.4,IMD-synthetic
D-TR-03,Dhalai,TR,2026-06-30,18.2,32.2,23.2,75,15.0,IMD-synthetic
D-TR-03,Dhalai,TR,2026-07-01,15.8,28.0,22.1,73,12.4,IMD-synthetic
D-TR-03,Dhalai,TR,2026-07-02,3.4,32.0,25.5,66,8.2,IMD-synthetic
D-TR-03,Dhalai,TR,2026-07-03,4.4,31.2,25.4,62,21.7,IMD-synthetic
D-TR-03,Dhalai,TR,2026-07-04,10.0,31.7,25.1,60,18.6,IMD-synthetic
D-TR-03,Dhalai,TR,2026-07-05,18.6,28.7,20.7,67,11.3,IMD-synthetic
D-TR-03,Dhalai,TR,2026-07-06,2.0,32.7,26.4,64,7.2,IMD-synthetic
D-TR-03,Dhalai,TR,2026-07-07,13.9,28.9,23.4,66,21.4,IMD-synthetic
D-TR-03,Dhalai,TR,2026-07-08,14.7,28.1,21.7,75,17.0,IMD-synthetic
D-TR-03,Dhalai,TR,2026-07-09,13.2,27.0,19.2,69,11.0,IMD-synthetic
D-TR-03,Dhalai,TR,2026-07-10,13.3,29.3,21.0,72,3.5,IMD-synthetic
D-TR-03,Dhalai,TR,2026-07-11,14.9,30.1,20.9,70,21.0,IMD-synthetic
D-TR-03,Dhalai,TR,2026-07-12,17.4,30.7,21.3,66,11.2,IMD-synthetic
D-TR-03,Dhalai,TR,2026-07-13,4.2,27.4,20.1,58,19.0,IMD-synthetic
D-TR-03,Dhalai,TR,2026-07-14,1.2,29.5,20.9,55,11.9,IMD-synthetic
D-TR-03,Dhalai,TR,2026-07-15,15.9,32.8,23.0,70,7.9,IMD-synthetic
D-TR-03,Dhalai,TR,2026-07-16,17.8,28.8,21.9,75,23.3,IMD-synthetic
D-TR-03,Dhalai,TR,2026-07-17,10.1,29.4,20.3,71,25.5,IMD-synthetic
D-TR-03,Dhalai,TR,2026-07-18,10.4,29.3,20.9,60,10.5,IMD-synthetic
D-TR-03,Dhalai,TR,2026-07-19,41.8,28.8,20.1,90,8.3,IMD-synthetic
D-TR-03,Dhalai,TR,2026-07-20,29.0,30.3,24.2,78,7.4,IMD-synthetic
D-TR-03,Dhalai,TR,2026-07-21,34.4,28.8,23.3,89,10.5,IMD-synthetic
D-TR-03,Dhalai,TR,2026-07-22,45.0,31.2,25.3,84,5.6,IMD-synthetic
D-TR-03,Dhalai,TR,2026-07-23,11.5,29.6,22.3,61,10.8,IMD-synthetic
D-TR-03,Dhalai,TR,2026-07-24,39.3,30.0,22.1,86,18.1,IMD-synthetic
D-TR-03,Dhalai,TR,2026-07-25,39.2,31.3,24.3,88,7.7,IMD-synthetic
D-TR-03,Dhalai,TR,2026-07-26,30.6,31.8,25.2,81,17.0,IMD-synthetic
D-TR-03,Dhalai,TR,2026-07-27,20.6,31.8,23.3,73,24.3,IMD-synthetic
D-TR-03,Dhalai,TR,2026-07-28,9.3,33.0,27.1,65,16.2,IMD-synthetic
D-TR-03,Dhalai,TR,2026-07-29,17.6,27.6,21.6,65,11.7,IMD-synthetic
D-TR-03,Dhalai,TR,2026-07-30,16.8,29.9,20.0,74,13.8,IMD-synthetic
D-TR-03,Dhalai,TR,2026-07-31,41.5,27.0,20.7,87,22.1,IMD-synthetic
D-TR-03,Dhalai,TR,2026-08-01,32.4,32.1,24.2,85,10.7,IMD-synthetic
D-TR-03,Dhalai,TR,2026-08-02,5.8,27.9,22.8,58,16.8,IMD-synthetic
D-TR-03,Dhalai,TR,2026-08-03,16.5,31.7,25.6,76,14.1,IMD-synthetic
D-TR-03,Dhalai,TR,2026-08-04,5.4,32.3,24.2,62,23.5,IMD-synthetic
D-TR-03,Dhalai,TR,2026-08-05,2.1,27.4,22.0,61,5.7,IMD-synthetic
D-TR-03,Dhalai,TR,2026-08-06,2.4,29.5,21.6,57,21.3,IMD-synthetic
D-TR-03,Dhalai,TR,2026-08-07,7.9,28.7,21.5,71,5.7,IMD-synthetic
D-TR-03,Dhalai,TR,2026-08-08,1.4,27.9,21.5,64,6.3,IMD-synthetic
D-TR-03,Dhalai,TR,2026-08-09,6.1,32.2,26.3,59,4.1,IMD-synthetic
D-TR-03,Dhalai,TR,2026-08-10,6.1,30.1,23.0,58,12.9,IMD-synthetic
D-TR-03,Dhalai,TR,2026-08-11,2.6,29.9,24.2,54,7.8,IMD-synthetic
D-TR-03,Dhalai,TR,2026-08-12,8.2,27.4,20.1,62,2.2,IMD-synthetic
D-TR-03,Dhalai,TR,2026-08-13,6.2,31.6,22.4,65,12.5,IMD-synthetic
D-TR-03,Dhalai,TR,2026-08-14,7.4,27.1,19.8,58,3.7,IMD-synthetic
D-TR-03,Dhalai,TR,2026-08-15,12.1,27.5,20.6,72,16.4,IMD-synthetic
D-TR-03,Dhalai,TR,2026-08-16,16.8,29.1,20.1,71,7.5,IMD-synthetic
D-TR-03,Dhalai,TR,2026-08-17,4.0,30.9,24.0,62,19.6,IMD-synthetic
D-TR-03,Dhalai,TR,2026-08-18,16.7,32.1,25.0,70,3.3,IMD-synthetic
D-TR-03,Dhalai,TR,2026-08-19,5.1,28.0,22.5,62,2.8,IMD-synthetic
D-TR-03,Dhalai,TR,2026-08-20,6.8,28.6,19.9,67,17.1,IMD-synthetic
D-TR-03,Dhalai,TR,2026-08-21,12.8,30.4,24.7,61,3.7,IMD-synthetic
D-TR-03,Dhalai,TR,2026-08-22,15.7,28.8,22.3,70,20.7,IMD-synthetic
D-TR-03,Dhalai,TR,2026-08-23,10.5,28.1,21.1,64,7.9,IMD-synthetic
D-TR-03,Dhalai,TR,2026-08-24,3.5,28.5,21.9,64,10.8,IMD-synthetic
D-TR-03,Dhalai,TR,2026-08-25,8.0,32.3,27.3,69,23.6,IMD-synthetic
D-TR-03,Dhalai,TR,2026-08-26,13.3,28.5,21.2,67,17.4,IMD-synthetic
D-TR-03,Dhalai,TR,2026-08-27,13.6,27.0,17.2,65,3.5,IMD-synthetic
D-TR-03,Dhalai,TR,2026-08-28,5.9,31.3,23.2,63,18.3,IMD-synthetic
D-TR-03,Dhalai,TR,2026-08-29,14.9,32.4,24.3,70,13.3,IMD-synthetic
D-TR-03,Dhalai,TR,2026-08-30,14.5,30.2,23.3,63,11.1,IMD-synthetic
D-TR-03,Dhalai,TR,2026-08-31,0.6,30.8,23.3,62,25.2,IMD-synthetic
D-TR-03,Dhalai,TR,2026-09-01,2.9,31.7,26.4,54,10.3,IMD-synthetic
D-TR-03,Dhalai,TR,2026-09-02,9.9,27.5,20.6,69,6.5,IMD-synthetic
D-TR-03,Dhalai,TR,2026-09-03,0.9,30.7,20.7,57,17.4,IMD-synthetic
D-TR-03,Dhalai,TR,2026-09-04,37.5,28.1,21.6,83,18.9,IMD-synthetic
D-TR-03,Dhalai,TR,2026-09-05,22.8,28.6,18.6,72,5.6,IMD-synthetic
D-TR-03,Dhalai,TR,2026-09-06,22.0,30.2,20.5,72,2.5,IMD-synthetic
D-TR-03,Dhalai,TR,2026-09-07,18.7,32.5,25.6,70,15.8,IMD-synthetic
D-TR-03,Dhalai,TR,2026-09-08,10.4,29.8,20.4,63,5.5,IMD-synthetic
D-TR-03,Dhalai,TR,2026-09-09,2.2,27.8,19.5,55,2.6,IMD-synthetic
D-TR-03,Dhalai,TR,2026-09-10,11.2,30.8,23.9,70,25.0,IMD-synthetic
D-TR-03,Dhalai,TR,2026-09-11,5.2,32.2,27.1,57,25.8,IMD-synthetic
D-TR-03,Dhalai,TR,2026-09-12,9.5,29.6,24.6,67,16.1,IMD-synthetic
D-TR-03,Dhalai,TR,2026-09-13,0.0,30.5,22.2,52,22.9,IMD-synthetic
D-TR-03,Dhalai,TR,2026-09-14,6.0,29.5,23.7,56,24.3,IMD-synthetic
D-TR-03,Dhalai,TR,2026-09-15,8.0,30.2,22.9,64,13.9,IMD-synthetic
D-TR-03,Dhalai,TR,2026-09-16,36.4,29.3,20.8,84,23.1,IMD-synthetic
D-TR-04,South Tripura,TR,2026-05-20,7.6,29.8,21.5,67,23.8,IMD-synthetic
D-TR-04,South Tripura,TR,2026-05-21,0.4,30.3,24.3,56,16.3,IMD-synthetic
D-TR-04,South Tripura,TR,2026-05-22,10.7,31.3,21.3,70,5.6,IMD-synthetic
D-TR-04,South Tripura,TR,2026-05-23,11.0,32.3,22.4,64,7.8,IMD-synthetic
D-TR-04,South Tripura,TR,2026-05-24,11.2,32.8,24.5,70,19.5,IMD-synthetic
D-TR-04,South Tripura,TR,2026-05-25,8.2,29.4,24.2,62,12.2,IMD-synthetic
D-TR-04,South Tripura,TR,2026-05-26,11.8,31.5,24.4,66,10.7,IMD-synthetic
D-TR-04,South Tripura,TR,2026-05-27,1.8,28.0,19.4,56,12.8,IMD-synthetic
D-TR-04,South Tripura,TR,2026-05-28,6.7,30.9,24.0,70,24.3,IMD-synthetic
D-TR-04,South Tripura,TR,2026-05-29,12.7,31.1,24.6,68,10.9,IMD-synthetic
D-TR-04,South Tripura,TR,2026-05-30,7.9,31.8,25.9,59,2.9,IMD-synthetic
D-TR-04,South Tripura,TR,2026-05-31,22.8,29.3,23.0,76,5.0,IMD-synthetic
D-TR-04,South Tripura,TR,2026-06-01,29.5,29.8,21.9,80,25.1,IMD-synthetic
D-TR-04,South Tripura,TR,2026-06-02,4.4,28.8,23.6,63,7.9,IMD-synthetic
D-TR-04,South Tripura,TR,2026-06-03,11.5,27.4,19.2,67,14.4,IMD-synthetic
D-TR-04,South Tripura,TR,2026-06-04,16.2,29.4,23.2,75,6.3,IMD-synthetic
D-TR-04,South Tripura,TR,2026-06-05,1.1,31.0,24.6,60,13.8,IMD-synthetic
D-TR-04,South Tripura,TR,2026-06-06,2.6,28.5,22.7,62,17.9,IMD-synthetic
D-TR-04,South Tripura,TR,2026-06-07,15.4,27.9,21.7,76,21.2,IMD-synthetic
D-TR-04,South Tripura,TR,2026-06-08,4.6,30.0,22.7,61,23.7,IMD-synthetic
D-TR-04,South Tripura,TR,2026-06-09,57.9,28.1,19.5,99,11.0,IMD-synthetic
D-TR-04,South Tripura,TR,2026-06-10,38.2,30.6,24.0,92,18.6,IMD-synthetic
D-TR-04,South Tripura,TR,2026-06-11,10.0,32.3,26.9,63,3.8,IMD-synthetic
D-TR-04,South Tripura,TR,2026-06-12,6.2,29.1,22.5,61,14.1,IMD-synthetic
D-TR-04,South Tripura,TR,2026-06-13,1.4,29.3,22.5,64,5.4,IMD-synthetic
D-TR-04,South Tripura,TR,2026-06-14,3.3,31.0,23.4,64,6.5,IMD-synthetic
D-TR-04,South Tripura,TR,2026-06-15,17.6,29.8,23.0,70,23.2,IMD-synthetic
D-TR-04,South Tripura,TR,2026-06-16,4.1,27.9,20.2,67,21.0,IMD-synthetic
D-TR-04,South Tripura,TR,2026-06-17,16.6,30.3,23.7,69,20.2,IMD-synthetic
D-TR-04,South Tripura,TR,2026-06-18,19.0,30.9,24.5,76,3.5,IMD-synthetic
D-TR-04,South Tripura,TR,2026-06-19,0.3,28.3,20.9,62,13.4,IMD-synthetic
D-TR-04,South Tripura,TR,2026-06-20,7.2,32.3,26.5,69,2.0,IMD-synthetic
D-TR-04,South Tripura,TR,2026-06-21,16.5,30.1,20.7,72,16.7,IMD-synthetic
D-TR-04,South Tripura,TR,2026-06-22,13.2,28.5,22.7,73,17.1,IMD-synthetic
D-TR-04,South Tripura,TR,2026-06-23,9.3,33.0,26.9,62,14.1,IMD-synthetic
D-TR-04,South Tripura,TR,2026-06-24,2.1,29.3,21.8,65,9.2,IMD-synthetic
D-TR-04,South Tripura,TR,2026-06-25,1.1,27.9,18.0,58,22.2,IMD-synthetic
D-TR-04,South Tripura,TR,2026-06-26,3.3,28.5,19.3,58,9.8,IMD-synthetic
D-TR-04,South Tripura,TR,2026-06-27,3.4,32.8,23.0,66,10.2,IMD-synthetic
D-TR-04,South Tripura,TR,2026-06-28,8.0,31.5,25.7,66,15.7,IMD-synthetic
D-TR-04,South Tripura,TR,2026-06-29,66.1,27.8,21.3,99,11.2,IMD-synthetic
D-TR-04,South Tripura,TR,2026-06-30,22.1,32.7,24.6,72,24.2,IMD-synthetic
D-TR-04,South Tripura,TR,2026-07-01,1.1,31.3,24.2,63,8.0,IMD-synthetic
D-TR-04,South Tripura,TR,2026-07-02,19.2,27.5,20.3,79,10.6,IMD-synthetic
D-TR-04,South Tripura,TR,2026-07-03,7.6,27.7,19.5,67,19.8,IMD-synthetic
D-TR-04,South Tripura,TR,2026-07-04,43.4,30.5,23.1,87,11.2,IMD-synthetic
D-TR-04,South Tripura,TR,2026-07-05,23.6,30.6,23.4,77,4.1,IMD-synthetic
D-TR-04,South Tripura,TR,2026-07-06,20.5,28.7,22.7,75,12.4,IMD-synthetic
D-TR-04,South Tripura,TR,2026-07-07,18.1,27.9,21.2,77,21.2,IMD-synthetic
D-TR-04,South Tripura,TR,2026-07-08,69.6,31.5,23.7,99,16.7,IMD-synthetic
D-TR-04,South Tripura,TR,2026-07-09,39.5,31.1,23.4,87,18.9,IMD-synthetic
D-TR-04,South Tripura,TR,2026-07-10,27.1,31.8,23.8,73,21.5,IMD-synthetic
D-TR-04,South Tripura,TR,2026-07-11,14.5,27.8,21.4,70,23.9,IMD-synthetic
D-TR-04,South Tripura,TR,2026-07-12,2.5,28.0,23.0,54,21.6,IMD-synthetic
D-TR-04,South Tripura,TR,2026-07-13,15.6,29.5,21.6,65,4.9,IMD-synthetic
D-TR-04,South Tripura,TR,2026-07-14,9.3,28.2,18.7,70,21.7,IMD-synthetic
D-TR-04,South Tripura,TR,2026-07-15,50.2,26.8,21.5,99,17.5,IMD-synthetic
D-TR-04,South Tripura,TR,2026-07-16,40.4,29.3,19.4,87,14.5,IMD-synthetic
D-TR-04,South Tripura,TR,2026-07-17,32.8,30.6,22.9,84,5.5,IMD-synthetic
D-TR-04,South Tripura,TR,2026-07-18,18.0,27.8,19.5,70,18.0,IMD-synthetic
D-TR-04,South Tripura,TR,2026-07-19,21.5,32.5,25.9,70,17.3,IMD-synthetic
D-TR-04,South Tripura,TR,2026-07-20,20.5,28.9,19.9,76,15.4,IMD-synthetic
D-TR-04,South Tripura,TR,2026-07-21,40.1,27.1,20.5,81,4.5,IMD-synthetic
D-TR-04,South Tripura,TR,2026-07-22,32.8,32.1,23.3,87,7.7,IMD-synthetic
D-TR-04,South Tripura,TR,2026-07-23,5.7,31.6,26.5,57,23.2,IMD-synthetic
D-TR-04,South Tripura,TR,2026-07-24,20.8,29.4,19.7,73,4.0,IMD-synthetic
D-TR-04,South Tripura,TR,2026-07-25,17.6,27.2,21.5,67,22.0,IMD-synthetic
D-TR-04,South Tripura,TR,2026-07-26,5.7,28.7,21.6,67,21.5,IMD-synthetic
D-TR-04,South Tripura,TR,2026-07-27,0.7,32.0,23.9,62,17.6,IMD-synthetic
D-TR-04,South Tripura,TR,2026-07-28,14.9,30.7,23.0,71,23.8,IMD-synthetic
D-TR-04,South Tripura,TR,2026-07-29,8.9,30.1,24.8,65,23.0,IMD-synthetic
D-TR-04,South Tripura,TR,2026-07-30,11.0,28.0,22.8,68,6.3,IMD-synthetic
D-TR-04,South Tripura,TR,2026-07-31,15.5,27.3,18.1,72,23.2,IMD-synthetic
D-TR-04,South Tripura,TR,2026-08-01,1.3,31.5,22.4,63,19.2,IMD-synthetic
D-TR-04,South Tripura,TR,2026-08-02,15.8,28.8,21.5,76,10.3,IMD-synthetic
D-TR-04,South Tripura,TR,2026-08-03,6.0,32.6,25.4,67,25.7,IMD-synthetic
D-TR-04,South Tripura,TR,2026-08-04,3.6,28.4,18.4,60,19.4,IMD-synthetic
D-TR-04,South Tripura,TR,2026-08-05,12.3,30.7,24.1,63,15.3,IMD-synthetic
D-TR-04,South Tripura,TR,2026-08-06,9.5,32.0,24.4,61,11.2,IMD-synthetic
D-TR-04,South Tripura,TR,2026-08-07,11.6,28.2,19.0,67,12.2,IMD-synthetic
D-TR-04,South Tripura,TR,2026-08-08,61.7,28.0,19.7,98,23.7,IMD-synthetic
D-TR-04,South Tripura,TR,2026-08-09,26.2,30.9,25.5,78,10.8,IMD-synthetic
D-TR-04,South Tripura,TR,2026-08-10,21.9,31.9,23.3,76,16.2,IMD-synthetic
D-TR-04,South Tripura,TR,2026-08-11,30.4,30.8,24.2,77,13.2,IMD-synthetic
D-TR-04,South Tripura,TR,2026-08-12,57.8,32.3,22.3,92,13.5,IMD-synthetic
D-TR-04,South Tripura,TR,2026-08-13,17.4,30.5,20.9,76,15.6,IMD-synthetic
D-TR-04,South Tripura,TR,2026-08-14,10.5,32.0,25.0,70,12.9,IMD-synthetic
D-TR-04,South Tripura,TR,2026-08-15,12.2,29.7,20.9,63,24.4,IMD-synthetic
D-TR-04,South Tripura,TR,2026-08-16,15.8,29.3,21.2,74,15.3,IMD-synthetic
D-TR-04,South Tripura,TR,2026-08-17,4.8,28.3,18.8,63,10.1,IMD-synthetic
D-TR-04,South Tripura,TR,2026-08-18,14.6,28.3,23.1,66,3.6,IMD-synthetic
D-TR-04,South Tripura,TR,2026-08-19,10.1,28.5,20.1,60,19.9,IMD-synthetic
D-TR-04,South Tripura,TR,2026-08-20,1.7,30.9,23.4,57,18.1,IMD-synthetic
D-TR-04,South Tripura,TR,2026-08-21,13.9,29.7,22.7,66,16.5,IMD-synthetic
D-TR-04,South Tripura,TR,2026-08-22,5.8,27.5,22.2,59,23.2,IMD-synthetic
D-TR-04,South Tripura,TR,2026-08-23,2.4,28.9,21.8,63,22.2,IMD-synthetic
D-TR-04,South Tripura,TR,2026-08-24,8.1,33.0,27.8,67,23.2,IMD-synthetic
D-TR-04,South Tripura,TR,2026-08-25,3.0,31.1,23.4,56,3.9,IMD-synthetic
D-TR-04,South Tripura,TR,2026-08-26,57.8,30.3,22.4,95,24.7,IMD-synthetic
D-TR-04,South Tripura,TR,2026-08-27,23.3,29.7,21.3,78,23.1,IMD-synthetic
D-TR-04,South Tripura,TR,2026-08-28,35.8,27.5,18.0,83,9.6,IMD-synthetic
D-TR-04,South Tripura,TR,2026-08-29,28.6,28.4,19.1,84,7.2,IMD-synthetic
D-TR-04,South Tripura,TR,2026-08-30,58.8,27.6,17.6,94,2.4,IMD-synthetic
D-TR-04,South Tripura,TR,2026-08-31,27.7,29.3,19.4,72,12.4,IMD-synthetic
D-TR-04,South Tripura,TR,2026-09-01,22.4,31.7,23.8,71,21.9,IMD-synthetic
D-TR-04,South Tripura,TR,2026-09-02,12.4,32.1,24.4,67,2.4,IMD-synthetic
D-TR-04,South Tripura,TR,2026-09-03,3.6,33.0,24.4,64,24.0,IMD-synthetic
D-TR-04,South Tripura,TR,2026-09-04,6.0,29.1,20.6,56,4.1,IMD-synthetic
D-TR-04,South Tripura,TR,2026-09-05,25.6,29.5,22.4,77,14.8,IMD-synthetic
D-TR-04,South Tripura,TR,2026-09-06,20.7,30.8,24.9,67,15.6,IMD-synthetic
D-TR-04,South Tripura,TR,2026-09-07,19.7,32.2,22.9,68,5.1,IMD-synthetic
D-TR-04,South Tripura,TR,2026-09-08,12.3,28.3,21.7,67,7.1,IMD-synthetic
D-TR-04,South Tripura,TR,2026-09-09,3.7,28.0,20.9,55,3.1,IMD-synthetic
D-TR-04,South Tripura,TR,2026-09-10,18.8,27.1,20.6,67,7.6,IMD-synthetic
D-TR-04,South Tripura,TR,2026-09-11,16.9,32.9,25.6,68,3.1,IMD-synthetic
D-TR-04,South Tripura,TR,2026-09-12,18.4,32.9,27.2,74,18.3,IMD-synthetic
D-TR-04,South Tripura,TR,2026-09-13,4.3,31.8,21.8,61,17.8,IMD-synthetic
D-TR-04,South Tripura,TR,2026-09-14,9.5,27.7,20.1,69,23.4,IMD-synthetic
D-TR-04,South Tripura,TR,2026-09-15,7.0,30.3,22.5,68,12.9,IMD-synthetic
D-TR-04,South Tripura,TR,2026-09-16,8.8,32.8,23.5,61,13.5,IMD-synthetic
D-SK-01,Gangtok,SK,2026-05-20,2.0,19.7,12.0,60,15.8,IMD-synthetic
D-SK-01,Gangtok,SK,2026-05-21,10.1,23.1,17.9,66,7.4,IMD-synthetic
D-SK-01,Gangtok,SK,2026-05-22,1.8,19.9,13.2,60,24.3,IMD-synthetic
D-SK-01,Gangtok,SK,2026-05-23,1.3,22.8,15.5,63,8.7,IMD-synthetic
D-SK-01,Gangtok,SK,2026-05-24,14.1,18.4,8.6,69,11.7,IMD-synthetic
D-SK-01,Gangtok,SK,2026-05-25,10.6,19.7,11.5,60,23.0,IMD-synthetic
D-SK-01,Gangtok,SK,2026-05-26,8.0,22.0,12.5,59,25.6,IMD-synthetic
D-SK-01,Gangtok,SK,2026-05-27,3.7,20.7,15.0,59,8.7,IMD-synthetic
D-SK-01,Gangtok,SK,2026-05-28,3.0,19.8,13.9,55,15.5,IMD-synthetic
D-SK-01,Gangtok,SK,2026-05-29,14.8,19.5,12.9,68,12.9,IMD-synthetic
D-SK-01,Gangtok,SK,2026-05-30,0.9,21.2,13.0,63,6.7,IMD-synthetic
D-SK-01,Gangtok,SK,2026-05-31,4.4,18.7,9.2,60,17.6,IMD-synthetic
D-SK-01,Gangtok,SK,2026-06-01,18.2,22.2,15.9,77,22.4,IMD-synthetic
D-SK-01,Gangtok,SK,2026-06-02,22.6,21.1,13.1,73,13.2,IMD-synthetic
D-SK-01,Gangtok,SK,2026-06-03,21.1,21.3,12.3,79,6.0,IMD-synthetic
D-SK-01,Gangtok,SK,2026-06-04,17.6,24.0,15.0,74,2.8,IMD-synthetic
D-SK-01,Gangtok,SK,2026-06-05,73.4,17.3,10.9,99,16.8,IMD-synthetic
D-SK-01,Gangtok,SK,2026-06-06,37.5,23.6,13.7,89,9.1,IMD-synthetic
D-SK-01,Gangtok,SK,2026-06-07,10.7,22.3,14.6,59,24.6,IMD-synthetic
D-SK-01,Gangtok,SK,2026-06-08,21.4,23.8,13.9,74,11.8,IMD-synthetic
D-SK-01,Gangtok,SK,2026-06-09,51.2,19.2,9.4,89,9.0,IMD-synthetic
D-SK-01,Gangtok,SK,2026-06-10,46.4,23.4,18.1,88,15.2,IMD-synthetic
D-SK-01,Gangtok,SK,2026-06-11,36.8,18.5,13.4,79,13.1,IMD-synthetic
D-SK-01,Gangtok,SK,2026-06-12,5.6,19.3,12.0,56,8.8,IMD-synthetic
D-SK-01,Gangtok,SK,2026-06-13,18.9,18.3,12.1,69,11.0,IMD-synthetic
D-SK-01,Gangtok,SK,2026-06-14,12.8,24.2,14.8,70,8.2,IMD-synthetic
D-SK-01,Gangtok,SK,2026-06-15,16.4,22.7,14.5,64,21.2,IMD-synthetic
D-SK-01,Gangtok,SK,2026-06-16,23.7,22.8,15.6,76,19.8,IMD-synthetic
D-SK-01,Gangtok,SK,2026-06-17,13.8,19.8,10.6,63,13.2,IMD-synthetic
D-SK-01,Gangtok,SK,2026-06-18,12.7,18.8,9.1,63,4.2,IMD-synthetic
D-SK-01,Gangtok,SK,2026-06-19,23.5,19.5,13.3,79,24.1,IMD-synthetic
D-SK-01,Gangtok,SK,2026-06-20,19.6,18.7,9.8,68,10.8,IMD-synthetic
D-SK-01,Gangtok,SK,2026-06-21,40.6,19.2,13.0,91,8.5,IMD-synthetic
D-SK-01,Gangtok,SK,2026-06-22,43.8,18.6,9.2,93,13.3,IMD-synthetic
D-SK-01,Gangtok,SK,2026-06-23,24.8,22.9,13.1,79,7.0,IMD-synthetic
D-SK-01,Gangtok,SK,2026-06-24,2.2,22.3,16.5,55,21.7,IMD-synthetic
D-SK-01,Gangtok,SK,2026-06-25,15.3,18.9,9.7,75,17.4,IMD-synthetic
D-SK-01,Gangtok,SK,2026-06-26,63.4,18.9,11.9,99,3.3,IMD-synthetic
D-SK-01,Gangtok,SK,2026-06-27,25.0,23.2,17.3,83,9.4,IMD-synthetic
D-SK-01,Gangtok,SK,2026-06-28,20.8,22.8,15.6,80,7.9,IMD-synthetic
D-SK-01,Gangtok,SK,2026-06-29,19.7,21.5,13.2,70,12.2,IMD-synthetic
D-SK-01,Gangtok,SK,2026-06-30,9.9,24.0,17.4,69,15.7,IMD-synthetic
D-SK-01,Gangtok,SK,2026-07-01,7.1,19.2,10.2,58,8.6,IMD-synthetic
D-SK-01,Gangtok,SK,2026-07-02,8.3,20.9,12.0,70,14.8,IMD-synthetic
D-SK-01,Gangtok,SK,2026-07-03,13.9,22.5,14.4,62,4.6,IMD-synthetic
D-SK-01,Gangtok,SK,2026-07-04,15.3,23.3,16.7,63,21.2,IMD-synthetic
D-SK-01,Gangtok,SK,2026-07-05,9.1,20.5,14.4,63,3.3,IMD-synthetic
D-SK-01,Gangtok,SK,2026-07-06,17.6,23.7,17.0,73,14.2,IMD-synthetic
D-SK-01,Gangtok,SK,2026-07-07,94.4,19.8,14.6,99,18.0,IMD-synthetic
D-SK-01,Gangtok,SK,2026-07-08,28.9,22.1,12.6,83,21.4,IMD-synthetic
D-SK-01,Gangtok,SK,2026-07-09,20.7,23.0,13.4,71,8.7,IMD-synthetic
D-SK-01,Gangtok,SK,2026-07-10,13.0,21.1,14.7,73,15.6,IMD-synthetic
D-SK-01,Gangtok,SK,2026-07-11,15.5,18.4,11.3,74,3.2,IMD-synthetic
D-SK-01,Gangtok,SK,2026-07-12,71.8,20.3,14.6,99,12.4,IMD-synthetic
D-SK-01,Gangtok,SK,2026-07-13,54.8,21.5,14.7,95,7.0,IMD-synthetic
D-SK-01,Gangtok,SK,2026-07-14,40.0,19.1,9.7,93,10.4,IMD-synthetic
D-SK-01,Gangtok,SK,2026-07-15,45.6,19.4,10.4,84,4.4,IMD-synthetic
D-SK-01,Gangtok,SK,2026-07-16,23.3,19.6,12.3,80,8.1,IMD-synthetic
D-SK-01,Gangtok,SK,2026-07-17,19.2,21.7,16.5,76,3.5,IMD-synthetic
D-SK-01,Gangtok,SK,2026-07-18,16.2,24.1,18.0,75,19.8,IMD-synthetic
D-SK-01,Gangtok,SK,2026-07-19,11.6,19.1,9.3,65,24.5,IMD-synthetic
D-SK-01,Gangtok,SK,2026-07-20,18.6,19.9,14.3,70,3.4,IMD-synthetic
D-SK-01,Gangtok,SK,2026-07-21,1.5,23.4,14.7,66,20.6,IMD-synthetic
D-SK-01,Gangtok,SK,2026-07-22,17.7,21.7,12.0,68,8.4,IMD-synthetic
D-SK-01,Gangtok,SK,2026-07-23,14.7,20.3,11.9,65,4.2,IMD-synthetic
D-SK-01,Gangtok,SK,2026-07-24,15.6,19.8,12.7,66,24.2,IMD-synthetic
D-SK-01,Gangtok,SK,2026-07-25,18.4,23.5,14.9,69,13.0,IMD-synthetic
D-SK-01,Gangtok,SK,2026-07-26,3.1,21.1,15.1,55,19.0,IMD-synthetic
D-SK-01,Gangtok,SK,2026-07-27,19.2,22.1,16.4,75,14.7,IMD-synthetic
D-SK-01,Gangtok,SK,2026-07-28,3.8,22.5,13.0,56,16.4,IMD-synthetic
D-SK-01,Gangtok,SK,2026-07-29,22.7,23.5,16.1,69,11.8,IMD-synthetic
D-SK-01,Gangtok,SK,2026-07-30,18.7,22.7,16.3,65,19.5,IMD-synthetic
D-SK-01,Gangtok,SK,2026-07-31,17.5,18.7,12.9,69,14.1,IMD-synthetic
D-SK-01,Gangtok,SK,2026-08-01,19.5,20.2,10.5,75,21.3,IMD-synthetic
D-SK-01,Gangtok,SK,2026-08-02,12.2,18.4,9.5,64,17.3,IMD-synthetic
D-SK-01,Gangtok,SK,2026-08-03,3.4,24.0,16.4,64,5.2,IMD-synthetic
D-SK-01,Gangtok,SK,2026-08-04,18.1,21.1,12.1,67,17.0,IMD-synthetic
D-SK-01,Gangtok,SK,2026-08-05,5.3,23.8,17.7,64,23.1,IMD-synthetic
D-SK-01,Gangtok,SK,2026-08-06,15.9,22.5,14.9,66,12.0,IMD-synthetic
D-SK-01,Gangtok,SK,2026-08-07,3.8,23.3,16.6,55,5.3,IMD-synthetic
D-SK-01,Gangtok,SK,2026-08-08,64.9,17.7,11.7,99,8.0,IMD-synthetic
D-SK-01,Gangtok,SK,2026-08-09,42.8,20.8,11.0,89,20.9,IMD-synthetic
D-SK-01,Gangtok,SK,2026-08-10,42.2,23.3,16.6,93,3.6,IMD-synthetic
D-SK-01,Gangtok,SK,2026-08-11,9.6,18.9,13.8,61,15.4,IMD-synthetic
D-SK-01,Gangtok,SK,2026-08-12,1.3,21.1,15.9,64,25.7,IMD-synthetic
D-SK-01,Gangtok,SK,2026-08-13,40.7,19.1,11.9,92,7.5,IMD-synthetic
D-SK-01,Gangtok,SK,2026-08-14,42.4,21.4,11.5,94,8.6,IMD-synthetic
D-SK-01,Gangtok,SK,2026-08-15,22.1,19.9,13.2,79,20.4,IMD-synthetic
D-SK-01,Gangtok,SK,2026-08-16,35.7,20.6,11.0,82,17.3,IMD-synthetic
D-SK-01,Gangtok,SK,2026-08-17,0.5,19.3,11.6,52,16.6,IMD-synthetic
D-SK-01,Gangtok,SK,2026-08-18,3.5,21.7,13.6,55,5.8,IMD-synthetic
D-SK-01,Gangtok,SK,2026-08-19,10.5,23.3,13.4,64,7.9,IMD-synthetic
D-SK-01,Gangtok,SK,2026-08-20,14.1,21.6,12.7,63,7.0,IMD-synthetic
D-SK-01,Gangtok,SK,2026-08-21,16.3,23.6,14.1,70,13.1,IMD-synthetic
D-SK-01,Gangtok,SK,2026-08-22,9.3,20.9,12.8,61,6.7,IMD-synthetic
D-SK-01,Gangtok,SK,2026-08-23,11.1,21.5,12.5,71,23.3,IMD-synthetic
D-SK-01,Gangtok,SK,2026-08-24,1.4,20.4,14.6,64,8.7,IMD-synthetic
D-SK-01,Gangtok,SK,2026-08-25,18.8,18.4,10.8,72,13.8,IMD-synthetic
D-SK-01,Gangtok,SK,2026-08-26,14.1,21.1,14.4,69,24.8,IMD-synthetic
D-SK-01,Gangtok,SK,2026-08-27,56.9,18.1,11.4,95,21.9,IMD-synthetic
D-SK-01,Gangtok,SK,2026-08-28,30.1,23.3,16.3,81,18.3,IMD-synthetic
D-SK-01,Gangtok,SK,2026-08-29,23.1,19.1,12.0,72,15.0,IMD-synthetic
D-SK-01,Gangtok,SK,2026-08-30,15.5,19.0,12.5,76,7.4,IMD-synthetic
D-SK-01,Gangtok,SK,2026-08-31,15.4,20.1,14.9,76,8.2,IMD-synthetic
D-SK-01,Gangtok,SK,2026-09-01,1.5,23.7,17.4,55,9.1,IMD-synthetic
D-SK-01,Gangtok,SK,2026-09-02,12.0,23.7,18.2,71,24.1,IMD-synthetic
D-SK-01,Gangtok,SK,2026-09-03,12.4,20.9,11.1,66,23.5,IMD-synthetic
D-SK-01,Gangtok,SK,2026-09-04,12.3,20.7,13.1,72,24.5,IMD-synthetic
D-SK-01,Gangtok,SK,2026-09-05,13.3,21.4,14.2,69,25.0,IMD-synthetic
D-SK-01,Gangtok,SK,2026-09-06,41.6,23.4,16.1,83,12.3,IMD-synthetic
D-SK-01,Gangtok,SK,2026-09-07,29.0,21.0,12.9,81,12.8,IMD-synthetic
D-SK-01,Gangtok,SK,2026-09-08,23.6,19.9,12.6,69,25.2,IMD-synthetic
D-SK-01,Gangtok,SK,2026-09-09,3.0,23.4,16.2,57,18.2,IMD-synthetic
D-SK-01,Gangtok,SK,2026-09-10,14.0,23.7,17.4,65,24.5,IMD-synthetic
D-SK-01,Gangtok,SK,2026-09-11,3.8,18.4,13.2,63,6.8,IMD-synthetic
D-SK-01,Gangtok,SK,2026-09-12,11.2,23.3,16.4,70,6.3,IMD-synthetic
D-SK-01,Gangtok,SK,2026-09-13,9.8,21.8,13.0,70,20.6,IMD-synthetic
D-SK-01,Gangtok,SK,2026-09-14,3.1,24.2,15.6,60,7.0,IMD-synthetic
D-SK-01,Gangtok,SK,2026-09-15,6.9,19.2,12.3,63,6.4,IMD-synthetic
D-SK-01,Gangtok,SK,2026-09-16,22.0,21.4,14.7,76,22.7,IMD-synthetic
D-SK-02,Mangan,SK,2026-05-20,9.2,22.7,17.0,62,10.2,IMD-synthetic
D-SK-02,Mangan,SK,2026-05-21,0.3,24.1,15.2,64,23.0,IMD-synthetic
D-SK-02,Mangan,SK,2026-05-22,7.7,23.7,16.7,65,18.7,IMD-synthetic
D-SK-02,Mangan,SK,2026-05-23,3.2,26.0,20.6,66,7.9,IMD-synthetic
D-SK-02,Mangan,SK,2026-05-24,5.3,21.7,13.8,60,19.6,IMD-synthetic
D-SK-02,Mangan,SK,2026-05-25,9.7,24.5,14.5,65,19.3,IMD-synthetic
D-SK-02,Mangan,SK,2026-05-26,15.1,24.8,15.8,68,2.6,IMD-synthetic
D-SK-02,Mangan,SK,2026-05-27,5.9,25.5,16.6,59,12.7,IMD-synthetic
D-SK-02,Mangan,SK,2026-05-28,12.3,24.8,19.4,72,13.7,IMD-synthetic
D-SK-02,Mangan,SK,2026-05-29,14.9,21.6,13.8,63,19.5,IMD-synthetic
D-SK-02,Mangan,SK,2026-05-30,14.2,21.8,12.2,68,6.5,IMD-synthetic
D-SK-02,Mangan,SK,2026-05-31,55.1,24.0,15.0,99,19.7,IMD-synthetic
D-SK-02,Mangan,SK,2026-06-01,31.0,22.4,14.9,79,14.6,IMD-synthetic
D-SK-02,Mangan,SK,2026-06-02,31.9,23.3,15.8,75,6.1,IMD-synthetic
D-SK-02,Mangan,SK,2026-06-03,21.2,24.0,17.7,77,16.5,IMD-synthetic
D-SK-02,Mangan,SK,2026-06-04,4.2,21.8,15.5,62,4.0,IMD-synthetic
D-SK-02,Mangan,SK,2026-06-05,4.9,21.9,12.6,67,14.6,IMD-synthetic
D-SK-02,Mangan,SK,2026-06-06,22.1,21.0,13.2,67,13.1,IMD-synthetic
D-SK-02,Mangan,SK,2026-06-07,5.1,26.4,18.1,55,19.2,IMD-synthetic
D-SK-02,Mangan,SK,2026-06-08,6.2,25.2,18.1,69,13.6,IMD-synthetic
D-SK-02,Mangan,SK,2026-06-09,19.9,21.9,13.2,72,18.7,IMD-synthetic
D-SK-02,Mangan,SK,2026-06-10,7.1,23.0,15.1,60,4.0,IMD-synthetic
D-SK-02,Mangan,SK,2026-06-11,16.5,24.8,17.9,72,13.8,IMD-synthetic
D-SK-02,Mangan,SK,2026-06-12,16.1,23.1,14.0,76,21.6,IMD-synthetic
D-SK-02,Mangan,SK,2026-06-13,9.3,25.6,18.2,64,15.5,IMD-synthetic
D-SK-02,Mangan,SK,2026-06-14,12.0,24.8,18.1,69,16.1,IMD-synthetic
D-SK-02,Mangan,SK,2026-06-15,21.2,25.8,20.4,71,8.9,IMD-synthetic
D-SK-02,Mangan,SK,2026-06-16,12.5,23.6,15.6,67,25.9,IMD-synthetic
D-SK-02,Mangan,SK,2026-06-17,7.2,22.2,16.4,63,18.5,IMD-synthetic
D-SK-02,Mangan,SK,2026-06-18,16.7,22.8,14.8,72,14.9,IMD-synthetic
D-SK-02,Mangan,SK,2026-06-19,5.6,23.7,14.8,59,3.5,IMD-synthetic
D-SK-02,Mangan,SK,2026-06-20,3.4,23.1,13.3,57,2.9,IMD-synthetic
D-SK-02,Mangan,SK,2026-06-21,20.9,21.8,16.5,67,18.7,IMD-synthetic
D-SK-02,Mangan,SK,2026-06-22,19.8,21.7,12.6,78,4.6,IMD-synthetic
D-SK-02,Mangan,SK,2026-06-23,20.9,21.9,16.8,71,14.0,IMD-synthetic
D-SK-02,Mangan,SK,2026-06-24,12.6,22.3,16.6,64,5.7,IMD-synthetic
D-SK-02,Mangan,SK,2026-06-25,8.3,22.1,15.0,64,8.1,IMD-synthetic
D-SK-02,Mangan,SK,2026-06-26,23.0,21.5,16.1,74,15.7,IMD-synthetic
D-SK-02,Mangan,SK,2026-06-27,15.7,23.1,13.5,72,9.9,IMD-synthetic
D-SK-02,Mangan,SK,2026-06-28,23.0,25.7,18.5,80,17.8,IMD-synthetic
D-SK-02,Mangan,SK,2026-06-29,20.3,24.6,16.7,76,19.9,IMD-synthetic
D-SK-02,Mangan,SK,2026-06-30,6.0,23.3,15.6,58,24.7,IMD-synthetic
D-SK-02,Mangan,SK,2026-07-01,1.2,21.3,13.2,61,4.7,IMD-synthetic
D-SK-02,Mangan,SK,2026-07-02,19.3,21.1,11.8,78,9.4,IMD-synthetic
D-SK-02,Mangan,SK,2026-07-03,18.5,21.3,15.3,76,18.4,IMD-synthetic
D-SK-02,Mangan,SK,2026-07-04,3.6,23.7,16.9,56,25.2,IMD-synthetic
D-SK-02,Mangan,SK,2026-07-05,11.4,23.8,14.6,72,3.2,IMD-synthetic
D-SK-02,Mangan,SK,2026-07-06,0.1,24.6,14.9,63,21.5,IMD-synthetic
D-SK-02,Mangan,SK,2026-07-07,1.5,25.3,17.2,65,19.8,IMD-synthetic
D-SK-02,Mangan,SK,2026-07-08,22.0,21.4,11.6,73,4.4,IMD-synthetic
D-SK-02,Mangan,SK,2026-07-09,20.4,25.1,16.9,74,17.2,IMD-synthetic
D-SK-02,Mangan,SK,2026-07-10,19.2,22.6,13.5,76,19.4,IMD-synthetic
D-SK-02,Mangan,SK,2026-07-11,4.8,20.8,13.8,61,7.2,IMD-synthetic
D-SK-02,Mangan,SK,2026-07-12,15.8,26.3,19.5,70,8.9,IMD-synthetic
D-SK-02,Mangan,SK,2026-07-13,10.1,22.4,14.0,60,8.6,IMD-synthetic
D-SK-02,Mangan,SK,2026-07-14,16.9,22.2,12.5,72,14.6,IMD-synthetic
D-SK-02,Mangan,SK,2026-07-15,17.7,25.7,20.4,76,14.7,IMD-synthetic
D-SK-02,Mangan,SK,2026-07-16,25.0,20.5,14.1,69,24.9,IMD-synthetic
D-SK-02,Mangan,SK,2026-07-17,19.4,21.8,15.9,66,16.0,IMD-synthetic
D-SK-02,Mangan,SK,2026-07-18,14.9,25.1,20.0,66,2.1,IMD-synthetic
D-SK-02,Mangan,SK,2026-07-19,5.3,20.7,12.6,62,4.3,IMD-synthetic
D-SK-02,Mangan,SK,2026-07-20,6.2,22.5,14.1,69,5.1,IMD-synthetic
D-SK-02,Mangan,SK,2026-07-21,12.5,24.3,16.9,65,8.2,IMD-synthetic
D-SK-02,Mangan,SK,2026-07-22,11.5,23.1,15.7,63,9.7,IMD-synthetic
D-SK-02,Mangan,SK,2026-07-23,2.8,23.4,17.9,66,11.8,IMD-synthetic
D-SK-02,Mangan,SK,2026-07-24,23.5,21.7,15.6,79,19.9,IMD-synthetic
D-SK-02,Mangan,SK,2026-07-25,7.0,23.3,18.0,58,3.7,IMD-synthetic
D-SK-02,Mangan,SK,2026-07-26,46.8,25.2,16.0,87,8.0,IMD-synthetic
D-SK-02,Mangan,SK,2026-07-27,27.8,21.1,13.0,81,25.3,IMD-synthetic
D-SK-02,Mangan,SK,2026-07-28,45.4,21.9,16.0,87,12.7,IMD-synthetic
D-SK-02,Mangan,SK,2026-07-29,31.9,24.3,15.1,75,5.2,IMD-synthetic
D-SK-02,Mangan,SK,2026-07-30,22.8,21.6,12.0,77,4.6,IMD-synthetic
D-SK-02,Mangan,SK,2026-07-31,9.1,21.9,13.4,63,13.1,IMD-synthetic
D-SK-02,Mangan,SK,2026-08-01,19.1,25.1,19.7,75,12.1,IMD-synthetic
D-SK-02,Mangan,SK,2026-08-02,19.8,20.5,10.9,71,17.7,IMD-synthetic
D-SK-02,Mangan,SK,2026-08-03,12.1,20.7,12.1,72,6.6,IMD-synthetic
D-SK-02,Mangan,SK,2026-08-04,4.3,22.2,15.9,66,20.0,IMD-synthetic
D-SK-02,Mangan,SK,2026-08-05,16.0,23.9,17.6,65,20.2,IMD-synthetic
D-SK-02,Mangan,SK,2026-08-06,0.2,21.0,12.9,54,23.3,IMD-synthetic
D-SK-02,Mangan,SK,2026-08-07,14.5,21.8,16.0,69,22.3,IMD-synthetic
D-SK-02,Mangan,SK,2026-08-08,17.8,23.0,15.3,73,4.6,IMD-synthetic
D-SK-02,Mangan,SK,2026-08-09,4.4,23.8,16.9,55,3.0,IMD-synthetic
D-SK-02,Mangan,SK,2026-08-10,60.9,20.9,11.0,99,19.5,IMD-synthetic
D-SK-02,Mangan,SK,2026-08-11,29.8,25.9,16.2,85,8.8,IMD-synthetic
D-SK-02,Mangan,SK,2026-08-12,8.3,23.4,15.6,62,13.1,IMD-synthetic
D-SK-02,Mangan,SK,2026-08-13,43.6,22.4,16.3,85,8.9,IMD-synthetic
D-SK-02,Mangan,SK,2026-08-14,28.7,24.0,14.1,81,22.5,IMD-synthetic
D-SK-02,Mangan,SK,2026-08-15,32.1,25.7,16.8,79,20.0,IMD-synthetic
D-SK-02,Mangan,SK,2026-08-16,6.7,23.3,15.8,61,25.7,IMD-synthetic
D-SK-02,Mangan,SK,2026-08-17,47.7,24.6,15.4,92,15.7,IMD-synthetic
D-SK-02,Mangan,SK,2026-08-18,28.9,24.4,16.6,85,11.8,IMD-synthetic
D-SK-02,Mangan,SK,2026-08-19,38.1,20.1,11.2,87,20.5,IMD-synthetic
D-SK-02,Mangan,SK,2026-08-20,41.2,24.2,17.0,85,6.4,IMD-synthetic
D-SK-02,Mangan,SK,2026-08-21,14.9,23.5,15.3,63,15.5,IMD-synthetic
D-SK-02,Mangan,SK,2026-08-22,17.9,22.3,13.6,69,13.5,IMD-synthetic
D-SK-02,Mangan,SK,2026-08-23,7.4,24.8,17.5,59,13.6,IMD-synthetic
D-SK-02,Mangan,SK,2026-08-24,5.5,22.2,12.5,60,3.4,IMD-synthetic
D-SK-02,Mangan,SK,2026-08-25,9.5,23.7,17.6,65,6.3,IMD-synthetic
D-SK-02,Mangan,SK,2026-08-26,2.5,24.3,18.3,62,5.6,IMD-synthetic
D-SK-02,Mangan,SK,2026-08-27,13.5,24.0,18.2,70,2.8,IMD-synthetic
D-SK-02,Mangan,SK,2026-08-28,13.6,26.1,19.6,67,5.2,IMD-synthetic
D-SK-02,Mangan,SK,2026-08-29,9.3,23.1,14.9,66,9.9,IMD-synthetic
D-SK-02,Mangan,SK,2026-08-30,18.6,23.1,13.4,74,17.8,IMD-synthetic
D-SK-02,Mangan,SK,2026-08-31,8.1,24.6,19.5,70,12.5,IMD-synthetic
D-SK-02,Mangan,SK,2026-09-01,4.2,23.1,16.1,63,18.5,IMD-synthetic
D-SK-02,Mangan,SK,2026-09-02,13.0,25.3,16.9,69,9.4,IMD-synthetic
D-SK-02,Mangan,SK,2026-09-03,7.1,25.8,17.1,69,2.4,IMD-synthetic
D-SK-02,Mangan,SK,2026-09-04,8.1,22.5,14.3,59,13.4,IMD-synthetic
D-SK-02,Mangan,SK,2026-09-05,5.3,25.0,19.3,67,20.7,IMD-synthetic
D-SK-02,Mangan,SK,2026-09-06,10.3,21.4,15.2,72,19.2,IMD-synthetic
D-SK-02,Mangan,SK,2026-09-07,12.9,25.3,17.3,63,25.1,IMD-synthetic
D-SK-02,Mangan,SK,2026-09-08,3.8,21.6,12.7,64,8.1,IMD-synthetic
D-SK-02,Mangan,SK,2026-09-09,12.3,23.0,16.0,61,4.4,IMD-synthetic
D-SK-02,Mangan,SK,2026-09-10,8.4,24.9,19.5,58,11.1,IMD-synthetic
D-SK-02,Mangan,SK,2026-09-11,2.4,25.5,18.6,64,14.5,IMD-synthetic
D-SK-02,Mangan,SK,2026-09-12,6.6,26.4,16.6,60,8.0,IMD-synthetic
D-SK-02,Mangan,SK,2026-09-13,3.6,20.7,14.5,67,20.2,IMD-synthetic
D-SK-02,Mangan,SK,2026-09-14,8.7,21.0,11.2,66,9.8,IMD-synthetic
D-SK-02,Mangan,SK,2026-09-15,3.2,22.4,17.2,62,15.0,IMD-synthetic
D-SK-02,Mangan,SK,2026-09-16,3.3,21.2,15.0,54,11.5,IMD-synthetic
D-SK-03,Namchi,SK,2026-05-20,4.2,20.7,15.4,56,22.0,IMD-synthetic
D-SK-03,Namchi,SK,2026-05-21,7.7,21.1,11.3,60,25.3,IMD-synthetic
D-SK-03,Namchi,SK,2026-05-22,0.0,22.9,13.5,54,21.2,IMD-synthetic
D-SK-03,Namchi,SK,2026-05-23,27.8,22.4,16.5,71,5.7,IMD-synthetic
D-SK-03,Namchi,SK,2026-05-24,25.9,20.0,13.9,83,7.8,IMD-synthetic
D-SK-03,Namchi,SK,2026-05-25,10.0,22.2,13.8,63,2.1,IMD-synthetic
D-SK-03,Namchi,SK,2026-05-26,1.2,21.2,15.3,54,16.3,IMD-synthetic
D-SK-03,Namchi,SK,2026-05-27,2.9,23.2,17.3,58,2.4,IMD-synthetic
D-SK-03,Namchi,SK,2026-05-28,3.8,22.2,14.9,63,11.6,IMD-synthetic
D-SK-03,Namchi,SK,2026-05-29,10.8,18.2,13.2,61,16.0,IMD-synthetic
D-SK-03,Namchi,SK,2026-05-30,11.7,23.8,16.9,64,25.0,IMD-synthetic
D-SK-03,Namchi,SK,2026-05-31,11.9,23.7,14.5,67,8.2,IMD-synthetic
D-SK-03,Namchi,SK,2026-06-01,20.8,23.4,16.0,71,3.7,IMD-synthetic
D-SK-03,Namchi,SK,2026-06-02,11.9,20.7,15.1,66,17.0,IMD-synthetic
D-SK-03,Namchi,SK,2026-06-03,16.6,20.7,15.0,65,25.2,IMD-synthetic
D-SK-03,Namchi,SK,2026-06-04,20.3,18.3,10.2,75,19.6,IMD-synthetic
D-SK-03,Namchi,SK,2026-06-05,20.7,21.2,12.6,70,19.1,IMD-synthetic
D-SK-03,Namchi,SK,2026-06-06,4.3,19.4,13.8,64,2.3,IMD-synthetic
D-SK-03,Namchi,SK,2026-06-07,14.5,22.3,16.4,71,15.1,IMD-synthetic
D-SK-03,Namchi,SK,2026-06-08,17.7,20.1,11.5,69,10.7,IMD-synthetic
D-SK-03,Namchi,SK,2026-06-09,1.0,19.3,13.2,54,13.2,IMD-synthetic
D-SK-03,Namchi,SK,2026-06-10,7.0,21.3,11.8,59,23.4,IMD-synthetic
D-SK-03,Namchi,SK,2026-06-11,0.6,22.8,17.4,58,4.7,IMD-synthetic
D-SK-03,Namchi,SK,2026-06-12,23.8,20.7,11.6,76,19.7,IMD-synthetic
D-SK-03,Namchi,SK,2026-06-13,0.2,20.2,13.5,59,23.0,IMD-synthetic
D-SK-03,Namchi,SK,2026-06-14,10.4,19.5,14.4,61,16.8,IMD-synthetic
D-SK-03,Namchi,SK,2026-06-15,11.6,22.9,13.2,63,22.6,IMD-synthetic
D-SK-03,Namchi,SK,2026-06-16,16.2,20.2,14.2,71,8.7,IMD-synthetic
D-SK-03,Namchi,SK,2026-06-17,55.7,20.0,11.0,91,8.2,IMD-synthetic
D-SK-03,Namchi,SK,2026-06-18,32.7,21.0,13.9,81,3.5,IMD-synthetic
D-SK-03,Namchi,SK,2026-06-19,45.3,20.6,13.4,92,3.2,IMD-synthetic
D-SK-03,Namchi,SK,2026-06-20,24.3,21.8,15.7,69,12.8,IMD-synthetic
D-SK-03,Namchi,SK,2026-06-21,7.1,18.4,8.7,60,9.9,IMD-synthetic
D-SK-03,Namchi,SK,2026-06-22,2.0,23.7,16.5,59,16.3,IMD-synthetic
D-SK-03,Namchi,SK,2026-06-23,22.4,18.7,12.8,68,22.3,IMD-synthetic
D-SK-03,Namchi,SK,2026-06-24,5.7,18.3,12.8,66,3.5,IMD-synthetic
D-SK-03,Namchi,SK,2026-06-25,0.7,23.6,14.4,59,3.8,IMD-synthetic
D-SK-03,Namchi,SK,2026-06-26,1.0,18.4,11.9,58,3.5,IMD-synthetic
D-SK-03,Namchi,SK,2026-06-27,15.4,23.0,13.7,69,3.9,IMD-synthetic
D-SK-03,Namchi,SK,2026-06-28,72.8,18.7,11.9,99,12.6,IMD-synthetic
D-SK-03,Namchi,SK,2026-06-29,35.9,20.8,13.8,79,17.8,IMD-synthetic
D-SK-03,Namchi,SK,2026-06-30,23.0,22.7,13.6,74,17.8,IMD-synthetic
D-SK-03,Namchi,SK,2026-07-01,58.3,21.4,11.7,99,17.8,IMD-synthetic
D-SK-03,Namchi,SK,2026-07-02,29.9,18.2,12.6,86,24.8,IMD-synthetic
D-SK-03,Namchi,SK,2026-07-03,34.4,23.2,14.7,83,18.7,IMD-synthetic
D-SK-03,Namchi,SK,2026-07-04,40.1,20.1,14.7,92,5.1,IMD-synthetic
D-SK-03,Namchi,SK,2026-07-05,19.4,18.5,13.3,67,4.3,IMD-synthetic
D-SK-03,Namchi,SK,2026-07-06,8.7,23.7,16.3,71,20.2,IMD-synthetic
D-SK-03,Namchi,SK,2026-07-07,79.4,20.3,14.0,99,25.0,IMD-synthetic
D-SK-03,Namchi,SK,2026-07-08,35.4,20.7,14.9,83,5.3,IMD-synthetic
D-SK-03,Namchi,SK,2026-07-09,19.2,18.3,8.7,74,17.5,IMD-synthetic
D-SK-03,Namchi,SK,2026-07-10,7.0,21.6,14.2,60,19.0,IMD-synthetic
D-SK-03,Namchi,SK,2026-07-11,25.8,23.6,15.5,82,6.6,IMD-synthetic
D-SK-03,Namchi,SK,2026-07-12,8.9,21.0,12.6,58,18.8,IMD-synthetic
D-SK-03,Namchi,SK,2026-07-13,23.5,21.6,13.7,74,12.2,IMD-synthetic
D-SK-03,Namchi,SK,2026-07-14,21.1,19.8,12.9,74,8.4,IMD-synthetic
D-SK-03,Namchi,SK,2026-07-15,6.5,21.5,14.9,67,21.1,IMD-synthetic
D-SK-03,Namchi,SK,2026-07-16,18.7,21.6,13.8,72,17.9,IMD-synthetic
D-SK-03,Namchi,SK,2026-07-17,20.8,18.9,12.7,80,22.8,IMD-synthetic
D-SK-03,Namchi,SK,2026-07-18,22.6,23.3,13.6,76,3.4,IMD-synthetic
D-SK-03,Namchi,SK,2026-07-19,11.2,19.6,10.7,61,18.6,IMD-synthetic
D-SK-03,Namchi,SK,2026-07-20,9.9,22.3,16.0,68,10.2,IMD-synthetic
D-SK-03,Namchi,SK,2026-07-21,10.9,20.5,11.5,67,12.1,IMD-synthetic
D-SK-03,Namchi,SK,2026-07-22,5.1,21.0,14.6,59,10.7,IMD-synthetic
D-SK-03,Namchi,SK,2026-07-23,19.5,23.3,13.6,68,22.9,IMD-synthetic
D-SK-03,Namchi,SK,2026-07-24,2.2,18.9,12.2,65,8.4,IMD-synthetic
D-SK-03,Namchi,SK,2026-07-25,8.8,22.0,16.2,69,17.2,IMD-synthetic
D-SK-03,Namchi,SK,2026-07-26,7.9,23.3,14.5,62,14.1,IMD-synthetic
D-SK-03,Namchi,SK,2026-07-27,2.0,22.0,16.4,66,8.6,IMD-synthetic
D-SK-03,Namchi,SK,2026-07-28,16.1,23.4,15.1,67,16.1,IMD-synthetic
D-SK-03,Namchi,SK,2026-07-29,26.1,18.9,11.7,73,7.1,IMD-synthetic
D-SK-03,Namchi,SK,2026-07-30,16.3,23.3,16.4,72,21.5,IMD-synthetic
D-SK-03,Namchi,SK,2026-07-31,22.5,18.3,11.7,69,10.8,IMD-synthetic
D-SK-03,Namchi,SK,2026-08-01,1.5,21.4,12.1,59,15.7,IMD-synthetic
D-SK-03,Namchi,SK,2026-08-02,18.1,18.3,8.5,76,15.4,IMD-synthetic
D-SK-03,Namchi,SK,2026-08-03,14.9,24.0,18.9,69,5.4,IMD-synthetic
D-SK-03,Namchi,SK,2026-08-04,6.0,23.9,15.2,63,18.3,IMD-synthetic
D-SK-03,Namchi,SK,2026-08-05,18.9,19.8,11.1,79,17.3,IMD-synthetic
D-SK-03,Namchi,SK,2026-08-06,12.7,18.2,11.1,71,11.3,IMD-synthetic
D-SK-03,Namchi,SK,2026-08-07,7.6,23.4,15.3,60,12.7,IMD-synthetic
D-SK-03,Namchi,SK,2026-08-08,2.1,23.1,14.1,64,14.5,IMD-synthetic
D-SK-03,Namchi,SK,2026-08-09,19.3,21.7,14.8,65,3.9,IMD-synthetic
D-SK-03,Namchi,SK,2026-08-10,8.8,20.2,15.2,59,6.0,IMD-synthetic
D-SK-03,Namchi,SK,2026-08-11,75.2,17.5,12.3,99,20.3,IMD-synthetic
D-SK-03,Namchi,SK,2026-08-12,24.4,23.8,18.0,82,16.9,IMD-synthetic
D-SK-03,Namchi,SK,2026-08-13,29.6,23.8,14.5,86,17.3,IMD-synthetic
D-SK-03,Namchi,SK,2026-08-14,22.7,18.9,11.1,80,8.3,IMD-synthetic
D-SK-03,Namchi,SK,2026-08-15,11.0,19.0,13.8,66,11.5,IMD-synthetic
D-SK-03,Namchi,SK,2026-08-16,12.2,21.9,12.1,67,8.3,IMD-synthetic
D-SK-03,Namchi,SK,2026-08-17,60.0,19.0,12.6,97,8.2,IMD-synthetic
D-SK-03,Namchi,SK,2026-08-18,20.5,20.8,11.6,68,18.9,IMD-synthetic
D-SK-03,Namchi,SK,2026-08-19,8.5,22.5,15.7,63,14.5,IMD-synthetic
D-SK-03,Namchi,SK,2026-08-20,6.5,21.8,12.5,60,25.4,IMD-synthetic
D-SK-03,Namchi,SK,2026-08-21,14.1,19.3,10.5,68,20.4,IMD-synthetic
D-SK-03,Namchi,SK,2026-08-22,12.0,18.3,11.7,67,13.3,IMD-synthetic
D-SK-03,Namchi,SK,2026-08-23,12.9,23.2,17.2,67,2.4,IMD-synthetic
D-SK-03,Namchi,SK,2026-08-24,12.6,18.3,10.4,69,19.5,IMD-synthetic
D-SK-03,Namchi,SK,2026-08-25,6.4,22.8,13.7,59,3.3,IMD-synthetic
D-SK-03,Namchi,SK,2026-08-26,19.6,20.6,15.5,67,10.5,IMD-synthetic
D-SK-03,Namchi,SK,2026-08-27,8.3,21.9,15.0,67,22.5,IMD-synthetic
D-SK-03,Namchi,SK,2026-08-28,7.2,22.2,12.7,62,23.8,IMD-synthetic
D-SK-03,Namchi,SK,2026-08-29,1.7,19.3,14.0,60,5.1,IMD-synthetic
D-SK-03,Namchi,SK,2026-08-30,2.8,20.1,11.8,66,14.6,IMD-synthetic
D-SK-03,Namchi,SK,2026-08-31,2.6,19.9,12.0,54,10.4,IMD-synthetic
D-SK-03,Namchi,SK,2026-09-01,8.9,20.1,13.2,62,21.2,IMD-synthetic
D-SK-03,Namchi,SK,2026-09-02,6.6,20.9,12.3,64,2.9,IMD-synthetic
D-SK-03,Namchi,SK,2026-09-03,12.5,23.6,14.0,71,9.7,IMD-synthetic
D-SK-03,Namchi,SK,2026-09-04,6.8,23.3,15.5,67,19.4,IMD-synthetic
D-SK-03,Namchi,SK,2026-09-05,10.5,20.1,14.2,72,24.5,IMD-synthetic
D-SK-03,Namchi,SK,2026-09-06,11.6,20.6,11.6,71,3.2,IMD-synthetic
D-SK-03,Namchi,SK,2026-09-07,11.3,22.7,13.4,71,16.1,IMD-synthetic
D-SK-03,Namchi,SK,2026-09-08,2.5,19.9,11.5,65,12.3,IMD-synthetic
D-SK-03,Namchi,SK,2026-09-09,2.9,22.0,14.5,63,16.0,IMD-synthetic
D-SK-03,Namchi,SK,2026-09-10,8.6,19.0,9.9,67,10.1,IMD-synthetic
D-SK-03,Namchi,SK,2026-09-11,23.7,19.5,14.1,76,4.0,IMD-synthetic
D-SK-03,Namchi,SK,2026-09-12,16.0,18.9,11.1,67,23.3,IMD-synthetic
D-SK-03,Namchi,SK,2026-09-13,9.7,20.2,11.7,61,24.6,IMD-synthetic
D-SK-03,Namchi,SK,2026-09-14,5.3,19.7,13.9,59,3.7,IMD-synthetic
D-SK-03,Namchi,SK,2026-09-15,6.1,19.2,12.8,63,5.4,IMD-synthetic
D-SK-03,Namchi,SK,2026-09-16,3.4,19.8,12.8,55,16.4,IMD-synthetic
D-SK-04,Gyalshing,SK,2026-05-20,3.0,18.5,12.6,59,10.4,IMD-synthetic
D-SK-04,Gyalshing,SK,2026-05-21,13.0,21.4,12.9,61,4.5,IMD-synthetic
D-SK-04,Gyalshing,SK,2026-05-22,1.0,18.2,8.8,58,25.8,IMD-synthetic
D-SK-04,Gyalshing,SK,2026-05-23,13.0,22.3,16.1,68,11.0,IMD-synthetic
D-SK-04,Gyalshing,SK,2026-05-24,8.3,19.4,12.3,69,12.3,IMD-synthetic
D-SK-04,Gyalshing,SK,2026-05-25,10.6,21.3,11.7,60,13.3,IMD-synthetic
D-SK-04,Gyalshing,SK,2026-05-26,0.8,18.6,9.1,52,7.8,IMD-synthetic
D-SK-04,Gyalshing,SK,2026-05-27,11.4,21.9,14.8,73,20.8,IMD-synthetic
D-SK-04,Gyalshing,SK,2026-05-28,13.4,19.5,9.7,66,10.6,IMD-synthetic
D-SK-04,Gyalshing,SK,2026-05-29,9.7,17.9,11.6,72,4.7,IMD-synthetic
D-SK-04,Gyalshing,SK,2026-05-30,13.5,19.0,12.2,71,4.7,IMD-synthetic
D-SK-04,Gyalshing,SK,2026-05-31,2.2,21.4,13.5,58,7.6,IMD-synthetic
D-SK-04,Gyalshing,SK,2026-06-01,76.2,17.3,8.8,99,24.7,IMD-synthetic
D-SK-04,Gyalshing,SK,2026-06-02,26.3,19.5,10.8,71,25.4,IMD-synthetic
D-SK-04,Gyalshing,SK,2026-06-03,38.2,19.1,10.2,85,5.4,IMD-synthetic
D-SK-04,Gyalshing,SK,2026-06-04,30.9,19.8,10.8,79,11.3,IMD-synthetic
D-SK-04,Gyalshing,SK,2026-06-05,2.6,21.5,15.9,65,9.3,IMD-synthetic
D-SK-04,Gyalshing,SK,2026-06-06,10.5,18.2,8.5,73,25.0,IMD-synthetic
D-SK-04,Gyalshing,SK,2026-06-07,5.9,23.5,15.2,62,23.1,IMD-synthetic
D-SK-04,Gyalshing,SK,2026-06-08,10.9,17.9,10.0,60,15.6,IMD-synthetic
D-SK-04,Gyalshing,SK,2026-06-09,22.1,19.4,11.1,69,19.8,IMD-synthetic
D-SK-04,Gyalshing,SK,2026-06-10,8.7,21.3,14.0,68,5.9,IMD-synthetic
D-SK-04,Gyalshing,SK,2026-06-11,12.9,20.7,11.9,69,4.0,IMD-synthetic
D-SK-04,Gyalshing,SK,2026-06-12,19.9,20.9,11.1,77,10.6,IMD-synthetic
D-SK-04,Gyalshing,SK,2026-06-13,75.8,20.2,14.9,99,16.0,IMD-synthetic
D-SK-04,Gyalshing,SK,2026-06-14,32.6,22.1,13.8,78,9.2,IMD-synthetic
D-SK-04,Gyalshing,SK,2026-06-15,30.9,19.1,12.9,81,2.7,IMD-synthetic
D-SK-04,Gyalshing,SK,2026-06-16,26.0,19.5,13.0,72,23.0,IMD-synthetic
D-SK-04,Gyalshing,SK,2026-06-17,12.7,20.5,13.7,64,23.4,IMD-synthetic
D-SK-04,Gyalshing,SK,2026-06-18,12.1,20.3,12.9,70,20.3,IMD-synthetic
D-SK-04,Gyalshing,SK,2026-06-19,16.5,19.7,10.0,74,16.8,IMD-synthetic
D-SK-04,Gyalshing,SK,2026-06-20,10.2,18.4,10.2,63,3.1,IMD-synthetic
D-SK-04,Gyalshing,SK,2026-06-21,12.1,17.7,8.7,64,3.8,IMD-synthetic
D-SK-04,Gyalshing,SK,2026-06-22,17.1,22.4,14.9,67,22.4,IMD-synthetic
D-SK-04,Gyalshing,SK,2026-06-23,43.2,17.6,9.3,82,13.7,IMD-synthetic
D-SK-04,Gyalshing,SK,2026-06-24,40.8,21.8,13.1,85,8.4,IMD-synthetic
D-SK-04,Gyalshing,SK,2026-06-25,20.3,20.3,13.9,68,14.1,IMD-synthetic
D-SK-04,Gyalshing,SK,2026-06-26,21.0,22.6,13.8,77,13.8,IMD-synthetic
D-SK-04,Gyalshing,SK,2026-06-27,8.1,18.1,11.3,58,23.8,IMD-synthetic
D-SK-04,Gyalshing,SK,2026-06-28,22.5,17.8,11.0,74,18.6,IMD-synthetic
D-SK-04,Gyalshing,SK,2026-06-29,10.0,20.0,10.7,64,25.7,IMD-synthetic
D-SK-04,Gyalshing,SK,2026-06-30,23.6,20.7,13.6,78,11.3,IMD-synthetic
D-SK-04,Gyalshing,SK,2026-07-01,0.4,21.1,14.2,53,11.9,IMD-synthetic
D-SK-04,Gyalshing,SK,2026-07-02,1.9,18.9,12.2,67,6.5,IMD-synthetic
D-SK-04,Gyalshing,SK,2026-07-03,9.8,18.0,12.3,64,11.7,IMD-synthetic
D-SK-04,Gyalshing,SK,2026-07-04,2.1,18.5,10.0,66,12.8,IMD-synthetic
D-SK-04,Gyalshing,SK,2026-07-05,8.2,22.6,14.1,63,13.7,IMD-synthetic
D-SK-04,Gyalshing,SK,2026-07-06,12.7,22.0,14.5,69,11.8,IMD-synthetic
D-SK-04,Gyalshing,SK,2026-07-07,15.0,23.0,17.7,64,17.0,IMD-synthetic
D-SK-04,Gyalshing,SK,2026-07-08,5.4,21.0,11.8,58,20.3,IMD-synthetic
D-SK-04,Gyalshing,SK,2026-07-09,19.3,19.9,14.2,65,4.9,IMD-synthetic
D-SK-04,Gyalshing,SK,2026-07-10,10.7,23.0,14.2,61,11.4,IMD-synthetic
D-SK-04,Gyalshing,SK,2026-07-11,19.8,17.9,8.8,77,7.8,IMD-synthetic
D-SK-04,Gyalshing,SK,2026-07-12,17.1,22.4,15.6,68,21.5,IMD-synthetic
D-SK-04,Gyalshing,SK,2026-07-13,51.1,16.9,11.0,93,6.9,IMD-synthetic
D-SK-04,Gyalshing,SK,2026-07-14,48.1,19.9,13.0,94,8.9,IMD-synthetic
D-SK-04,Gyalshing,SK,2026-07-15,13.7,22.3,17.3,65,2.2,IMD-synthetic
D-SK-04,Gyalshing,SK,2026-07-16,0.9,22.8,17.0,55,7.2,IMD-synthetic
D-SK-04,Gyalshing,SK,2026-07-17,20.2,18.4,11.2,78,25.7,IMD-synthetic
D-SK-04,Gyalshing,SK,2026-07-18,20.9,18.1,9.5,77,22.1,IMD-synthetic
D-SK-04,Gyalshing,SK,2026-07-19,70.8,21.0,15.9,99,25.4,IMD-synthetic
D-SK-04,Gyalshing,SK,2026-07-20,26.4,22.3,13.0,79,19.3,IMD-synthetic
D-SK-04,Gyalshing,SK,2026-07-21,36.1,21.1,14.0,79,3.6,IMD-synthetic
D-SK-04,Gyalshing,SK,2026-07-22,36.2,22.6,12.8,89,19.0,IMD-synthetic
D-SK-04,Gyalshing,SK,2026-07-23,24.5,20.3,14.9,75,16.5,IMD-synthetic
D-SK-04,Gyalshing,SK,2026-07-24,5.5,20.0,13.1,59,17.6,IMD-synthetic
D-SK-04,Gyalshing,SK,2026-07-25,8.0,18.6,13.2,61,11.9,IMD-synthetic
D-SK-04,Gyalshing,SK,2026-07-26,15.3,19.1,14.0,65,18.4,IMD-synthetic
D-SK-04,Gyalshing,SK,2026-07-27,18.9,21.4,13.4,79,2.7,IMD-synthetic
D-SK-04,Gyalshing,SK,2026-07-28,9.5,19.6,11.2,67,4.6,IMD-synthetic
D-SK-04,Gyalshing,SK,2026-07-29,18.7,21.8,16.2,74,24.9,IMD-synthetic
D-SK-04,Gyalshing,SK,2026-07-30,11.9,18.1,9.9,60,21.3,IMD-synthetic
D-SK-04,Gyalshing,SK,2026-07-31,6.6,19.8,12.3,64,12.9,IMD-synthetic
D-SK-04,Gyalshing,SK,2026-08-01,69.3,18.9,13.1,99,16.9,IMD-synthetic
D-SK-04,Gyalshing,SK,2026-08-02,38.2,20.7,13.2,80,19.4,IMD-synthetic
D-SK-04,Gyalshing,SK,2026-08-03,41.8,18.4,10.9,83,2.1,IMD-synthetic
D-SK-04,Gyalshing,SK,2026-08-04,36.3,19.1,12.7,83,13.9,IMD-synthetic
D-SK-04,Gyalshing,SK,2026-08-05,1.8,20.1,14.7,65,12.6,IMD-synthetic
D-SK-04,Gyalshing,SK,2026-08-06,2.8,23.1,17.3,55,24.7,IMD-synthetic
D-SK-04,Gyalshing,SK,2026-08-07,2.2,21.1,14.5,57,24.3,IMD-synthetic
D-SK-04,Gyalshing,SK,2026-08-08,0.5,22.8,17.1,56,22.5,IMD-synthetic
D-SK-04,Gyalshing,SK,2026-08-09,6.0,21.6,12.9,59,22.6,IMD-synthetic
D-SK-04,Gyalshing,SK,2026-08-10,16.8,23.4,14.1,64,23.2,IMD-synthetic
D-SK-04,Gyalshing,SK,2026-08-11,10.8,20.2,12.1,59,19.7,IMD-synthetic
D-SK-04,Gyalshing,SK,2026-08-12,0.7,23.1,13.8,62,16.3,IMD-synthetic
D-SK-04,Gyalshing,SK,2026-08-13,15.0,20.6,14.9,65,18.7,IMD-synthetic
D-SK-04,Gyalshing,SK,2026-08-14,15.8,19.6,9.9,71,6.5,IMD-synthetic
D-SK-04,Gyalshing,SK,2026-08-15,18.6,20.9,14.5,67,13.0,IMD-synthetic
D-SK-04,Gyalshing,SK,2026-08-16,2.1,22.3,13.9,59,18.9,IMD-synthetic
D-SK-04,Gyalshing,SK,2026-08-17,0.8,23.3,17.6,61,2.7,IMD-synthetic
D-SK-04,Gyalshing,SK,2026-08-18,4.5,21.4,15.3,68,4.4,IMD-synthetic
D-SK-04,Gyalshing,SK,2026-08-19,64.9,20.1,13.0,99,12.3,IMD-synthetic
D-SK-04,Gyalshing,SK,2026-08-20,25.1,18.3,13.2,78,7.4,IMD-synthetic
D-SK-04,Gyalshing,SK,2026-08-21,10.1,23.5,16.6,64,2.0,IMD-synthetic
D-SK-04,Gyalshing,SK,2026-08-22,11.7,21.7,15.0,69,9.8,IMD-synthetic
D-SK-04,Gyalshing,SK,2026-08-23,16.9,22.5,14.6,70,2.8,IMD-synthetic
D-SK-04,Gyalshing,SK,2026-08-24,16.5,18.6,12.4,69,19.4,IMD-synthetic
D-SK-04,Gyalshing,SK,2026-08-25,75.4,18.1,11.0,99,14.8,IMD-synthetic
D-SK-04,Gyalshing,SK,2026-08-26,37.1,18.5,10.2,88,14.4,IMD-synthetic
D-SK-04,Gyalshing,SK,2026-08-27,31.6,20.4,15.1,76,7.1,IMD-synthetic
D-SK-04,Gyalshing,SK,2026-08-28,22.3,23.1,14.1,73,23.2,IMD-synthetic
D-SK-04,Gyalshing,SK,2026-08-29,5.5,20.6,13.1,56,2.8,IMD-synthetic
D-SK-04,Gyalshing,SK,2026-08-30,1.0,17.8,12.3,56,4.9,IMD-synthetic
D-SK-04,Gyalshing,SK,2026-08-31,15.9,22.1,17.0,63,24.0,IMD-synthetic
D-SK-04,Gyalshing,SK,2026-09-01,13.5,23.0,15.7,68,24.5,IMD-synthetic
D-SK-04,Gyalshing,SK,2026-09-02,6.2,22.2,16.0,60,13.9,IMD-synthetic
D-SK-04,Gyalshing,SK,2026-09-03,5.6,21.1,12.0,64,2.8,IMD-synthetic
D-SK-04,Gyalshing,SK,2026-09-04,1.5,18.3,10.6,66,11.1,IMD-synthetic
D-SK-04,Gyalshing,SK,2026-09-05,26.3,18.5,13.4,74,24.4,IMD-synthetic
D-SK-04,Gyalshing,SK,2026-09-06,22.5,18.9,9.9,70,17.1,IMD-synthetic
D-SK-04,Gyalshing,SK,2026-09-07,13.5,21.0,15.8,72,16.4,IMD-synthetic
D-SK-04,Gyalshing,SK,2026-09-08,0.2,19.5,11.2,56,21.8,IMD-synthetic
D-SK-04,Gyalshing,SK,2026-09-09,6.3,21.4,12.3,56,18.4,IMD-synthetic
D-SK-04,Gyalshing,SK,2026-09-10,2.0,21.0,12.5,62,25.7,IMD-synthetic
D-SK-04,Gyalshing,SK,2026-09-11,6.0,23.6,16.7,58,19.5,IMD-synthetic
D-SK-04,Gyalshing,SK,2026-09-12,4.5,23.6,18.2,57,24.8,IMD-synthetic
D-SK-04,Gyalshing,SK,2026-09-13,9.1,20.9,11.8,64,7.2,IMD-synthetic
D-SK-04,Gyalshing,SK,2026-09-14,4.1,21.8,15.8,62,14.3,IMD-synthetic
D-SK-04,Gyalshing,SK,2026-09-15,2.3,22.2,13.9,62,22.9,IMD-synthetic
D-SK-04,Gyalshing,SK,2026-09-16,9.9,18.6,9.8,62,6.0,IMD-synthetic
D-WB-01,Siliguri,WB,2026-05-20,41.7,28.0,22.6,85,7.3,IMD-synthetic
D-WB-01,Siliguri,WB,2026-05-21,34.6,26.9,17.8,83,3.4,IMD-synthetic
D-WB-01,Siliguri,WB,2026-05-22,8.0,31.7,24.2,65,25.7,IMD-synthetic
D-WB-01,Siliguri,WB,2026-05-23,14.6,29.9,21.9,72,23.0,IMD-synthetic
D-WB-01,Siliguri,WB,2026-05-24,48.8,31.9,24.7,97,8.5,IMD-synthetic
D-WB-01,Siliguri,WB,2026-05-25,25.1,30.2,20.7,72,22.1,IMD-synthetic
D-WB-01,Siliguri,WB,2026-05-26,0.2,29.5,21.9,53,22.9,IMD-synthetic
D-WB-01,Siliguri,WB,2026-05-27,13.6,29.4,19.8,66,10.2,IMD-synthetic
D-WB-01,Siliguri,WB,2026-05-28,1.1,32.4,26.0,64,13.4,IMD-synthetic
D-WB-01,Siliguri,WB,2026-05-29,6.5,30.9,24.4,59,10.6,IMD-synthetic
D-WB-01,Siliguri,WB,2026-05-30,7.9,28.5,19.5,67,24.8,IMD-synthetic
D-WB-01,Siliguri,WB,2026-05-31,2.6,31.9,26.2,59,22.2,IMD-synthetic
D-WB-01,Siliguri,WB,2026-06-01,26.6,30.6,21.5,75,4.5,IMD-synthetic
D-WB-01,Siliguri,WB,2026-06-02,22.5,28.3,21.1,80,20.9,IMD-synthetic
D-WB-01,Siliguri,WB,2026-06-03,9.5,28.6,21.5,68,13.9,IMD-synthetic
D-WB-01,Siliguri,WB,2026-06-04,46.6,28.5,19.2,98,2.2,IMD-synthetic
D-WB-01,Siliguri,WB,2026-06-05,46.4,27.3,18.6,98,22.6,IMD-synthetic
D-WB-01,Siliguri,WB,2026-06-06,34.4,28.9,20.4,78,13.6,IMD-synthetic
D-WB-01,Siliguri,WB,2026-06-07,11.8,28.1,20.0,70,23.6,IMD-synthetic
D-WB-01,Siliguri,WB,2026-06-08,18.9,31.6,22.7,73,7.9,IMD-synthetic
D-WB-01,Siliguri,WB,2026-06-09,24.4,27.3,18.5,75,10.1,IMD-synthetic
D-WB-01,Siliguri,WB,2026-06-10,24.2,28.4,21.0,76,24.9,IMD-synthetic
D-WB-01,Siliguri,WB,2026-06-11,5.3,30.0,20.9,58,6.0,IMD-synthetic
D-WB-01,Siliguri,WB,2026-06-12,18.6,31.8,26.1,66,4.6,IMD-synthetic
D-WB-01,Siliguri,WB,2026-06-13,18.5,31.2,22.6,74,23.8,IMD-synthetic
D-WB-01,Siliguri,WB,2026-06-14,25.7,32.2,25.9,75,21.3,IMD-synthetic
D-WB-01,Siliguri,WB,2026-06-15,27.5,30.2,25.1,80,10.3,IMD-synthetic
D-WB-01,Siliguri,WB,2026-06-16,12.9,31.2,22.4,70,11.9,IMD-synthetic
D-WB-01,Siliguri,WB,2026-06-17,27.3,27.5,21.9,79,6.3,IMD-synthetic
D-WB-01,Siliguri,WB,2026-06-18,7.7,31.3,22.7,59,25.1,IMD-synthetic
D-WB-01,Siliguri,WB,2026-06-19,14.0,30.8,21.5,72,22.5,IMD-synthetic
D-WB-01,Siliguri,WB,2026-06-20,6.6,30.2,20.9,57,14.0,IMD-synthetic
D-WB-01,Siliguri,WB,2026-06-21,10.1,27.0,19.3,61,14.9,IMD-synthetic
D-WB-01,Siliguri,WB,2026-06-22,25.4,27.8,21.5,69,23.4,IMD-synthetic
D-WB-01,Siliguri,WB,2026-06-23,6.2,27.9,18.3,63,12.3,IMD-synthetic
D-WB-01,Siliguri,WB,2026-06-24,18.4,31.7,26.7,78,15.9,IMD-synthetic
D-WB-01,Siliguri,WB,2026-06-25,26.2,28.6,23.1,81,14.1,IMD-synthetic
D-WB-01,Siliguri,WB,2026-06-26,18.0,27.1,21.4,74,10.8,IMD-synthetic
D-WB-01,Siliguri,WB,2026-06-27,4.8,30.0,20.5,59,9.0,IMD-synthetic
D-WB-01,Siliguri,WB,2026-06-28,8.2,29.0,20.6,65,23.0,IMD-synthetic
D-WB-01,Siliguri,WB,2026-06-29,5.8,30.2,20.9,63,6.3,IMD-synthetic
D-WB-01,Siliguri,WB,2026-06-30,17.9,28.3,21.0,76,7.1,IMD-synthetic
D-WB-01,Siliguri,WB,2026-07-01,11.9,28.1,18.8,64,3.0,IMD-synthetic
D-WB-01,Siliguri,WB,2026-07-02,22.4,32.3,26.5,78,7.7,IMD-synthetic
D-WB-01,Siliguri,WB,2026-07-03,26.8,28.3,23.1,82,8.8,IMD-synthetic
D-WB-01,Siliguri,WB,2026-07-04,15.0,30.0,21.8,68,26.0,IMD-synthetic
D-WB-01,Siliguri,WB,2026-07-05,19.6,27.8,17.8,66,24.6,IMD-synthetic
D-WB-01,Siliguri,WB,2026-07-06,53.4,28.4,19.6,95,25.6,IMD-synthetic
D-WB-01,Siliguri,WB,2026-07-07,62.9,28.9,22.1,99,3.7,IMD-synthetic
D-WB-01,Siliguri,WB,2026-07-08,55.5,29.1,22.4,99,24.2,IMD-synthetic
D-WB-01,Siliguri,WB,2026-07-09,62.3,26.7,17.2,99,20.3,IMD-synthetic
D-WB-01,Siliguri,WB,2026-07-10,0.1,28.7,21.6,52,19.5,IMD-synthetic
D-WB-01,Siliguri,WB,2026-07-11,22.5,30.9,21.9,70,11.3,IMD-synthetic
D-WB-01,Siliguri,WB,2026-07-12,85.9,29.2,22.0,99,10.1,IMD-synthetic
D-WB-01,Siliguri,WB,2026-07-13,47.4,29.8,24.3,96,11.1,IMD-synthetic
D-WB-01,Siliguri,WB,2026-07-14,57.9,31.3,24.9,99,12.0,IMD-synthetic
D-WB-01,Siliguri,WB,2026-07-15,16.4,28.3,18.4,75,7.3,IMD-synthetic
D-WB-01,Siliguri,WB,2026-07-16,27.3,29.0,23.7,73,18.4,IMD-synthetic
D-WB-01,Siliguri,WB,2026-07-17,6.4,29.9,23.9,60,8.1,IMD-synthetic
D-WB-01,Siliguri,WB,2026-07-18,13.9,31.4,23.2,61,13.1,IMD-synthetic
D-WB-01,Siliguri,WB,2026-07-19,15.5,26.7,20.5,72,25.8,IMD-synthetic
D-WB-01,Siliguri,WB,2026-07-20,22.5,31.5,24.3,69,15.0,IMD-synthetic
D-WB-01,Siliguri,WB,2026-07-21,6.7,27.9,22.3,67,8.1,IMD-synthetic
D-WB-01,Siliguri,WB,2026-07-22,9.5,28.2,19.1,61,24.1,IMD-synthetic
D-WB-01,Siliguri,WB,2026-07-23,20.9,28.2,19.4,69,2.1,IMD-synthetic
D-WB-01,Siliguri,WB,2026-07-24,15.3,30.6,22.9,67,17.7,IMD-synthetic
D-WB-01,Siliguri,WB,2026-07-25,103.6,29.2,23.5,99,23.0,IMD-synthetic
D-WB-01,Siliguri,WB,2026-07-26,48.6,26.7,17.6,91,12.3,IMD-synthetic
D-WB-01,Siliguri,WB,2026-07-27,41.4,26.4,19.8,81,19.7,IMD-synthetic
D-WB-01,Siliguri,WB,2026-07-28,63.5,26.6,17.9,99,7.6,IMD-synthetic
D-WB-01,Siliguri,WB,2026-07-29,7.2,28.2,18.4,67,10.8,IMD-synthetic
D-WB-01,Siliguri,WB,2026-07-30,5.1,28.2,21.2,57,25.4,IMD-synthetic
D-WB-01,Siliguri,WB,2026-07-31,15.2,28.3,23.1,75,24.8,IMD-synthetic
D-WB-01,Siliguri,WB,2026-08-01,19.3,29.4,22.4,69,16.3,IMD-synthetic
D-WB-01,Siliguri,WB,2026-08-02,3.6,31.2,22.4,64,2.5,IMD-synthetic
D-WB-01,Siliguri,WB,2026-08-03,0.6,29.3,23.0,53,15.4,IMD-synthetic
D-WB-01,Siliguri,WB,2026-08-04,19.1,30.1,24.9,69,2.5,IMD-synthetic
D-WB-01,Siliguri,WB,2026-08-05,17.4,28.2,19.8,76,17.9,IMD-synthetic
D-WB-01,Siliguri,WB,2026-08-06,0.6,28.7,20.9,65,13.2,IMD-synthetic
D-WB-01,Siliguri,WB,2026-08-07,1.4,27.1,20.8,56,15.7,IMD-synthetic
D-WB-01,Siliguri,WB,2026-08-08,2.5,27.2,21.6,66,22.5,IMD-synthetic
D-WB-01,Siliguri,WB,2026-08-09,71.8,27.8,20.2,99,18.5,IMD-synthetic
D-WB-01,Siliguri,WB,2026-08-10,46.8,29.2,22.6,97,20.1,IMD-synthetic
D-WB-01,Siliguri,WB,2026-08-11,18.0,30.1,23.1,77,12.6,IMD-synthetic
D-WB-01,Siliguri,WB,2026-08-12,8.7,27.0,20.5,70,13.3,IMD-synthetic
D-WB-01,Siliguri,WB,2026-08-13,0.2,27.5,22.5,58,16.3,IMD-synthetic
D-WB-01,Siliguri,WB,2026-08-14,3.5,31.8,26.1,61,24.7,IMD-synthetic
D-WB-01,Siliguri,WB,2026-08-15,0.1,28.1,21.9,57,11.7,IMD-synthetic
D-WB-01,Siliguri,WB,2026-08-16,14.0,30.8,23.4,67,5.2,IMD-synthetic
D-WB-01,Siliguri,WB,2026-08-17,9.6,28.4,20.6,59,18.0,IMD-synthetic
D-WB-01,Siliguri,WB,2026-08-18,4.5,29.6,24.3,59,8.3,IMD-synthetic
D-WB-01,Siliguri,WB,2026-08-19,1.5,28.8,21.4,65,5.8,IMD-synthetic
D-WB-01,Siliguri,WB,2026-08-20,21.8,27.8,19.7,67,25.0,IMD-synthetic
D-WB-01,Siliguri,WB,2026-08-21,8.2,30.3,24.6,67,22.4,IMD-synthetic
D-WB-01,Siliguri,WB,2026-08-22,63.1,27.9,22.0,99,22.1,IMD-synthetic
D-WB-01,Siliguri,WB,2026-08-23,45.8,27.8,18.5,85,8.1,IMD-synthetic
D-WB-01,Siliguri,WB,2026-08-24,44.0,29.0,20.4,89,9.9,IMD-synthetic
D-WB-01,Siliguri,WB,2026-08-25,41.9,27.3,18.0,87,13.1,IMD-synthetic
D-WB-01,Siliguri,WB,2026-08-26,13.6,30.3,22.4,67,14.8,IMD-synthetic
D-WB-01,Siliguri,WB,2026-08-27,8.4,31.4,21.5,62,13.5,IMD-synthetic
D-WB-01,Siliguri,WB,2026-08-28,14.0,27.2,17.6,71,20.6,IMD-synthetic
D-WB-01,Siliguri,WB,2026-08-29,7.9,27.9,18.4,65,22.4,IMD-synthetic
D-WB-01,Siliguri,WB,2026-08-30,21.3,29.6,20.9,71,4.6,IMD-synthetic
D-WB-01,Siliguri,WB,2026-08-31,22.3,28.3,20.2,71,7.1,IMD-synthetic
D-WB-01,Siliguri,WB,2026-09-01,11.4,27.6,22.1,69,17.8,IMD-synthetic
D-WB-01,Siliguri,WB,2026-09-02,10.6,31.5,23.1,65,24.2,IMD-synthetic
D-WB-01,Siliguri,WB,2026-09-03,6.2,29.8,23.9,62,9.4,IMD-synthetic
D-WB-01,Siliguri,WB,2026-09-04,34.2,31.4,24.2,83,19.1,IMD-synthetic
D-WB-01,Siliguri,WB,2026-09-05,24.1,31.9,22.2,74,21.4,IMD-synthetic
D-WB-01,Siliguri,WB,2026-09-06,8.8,27.1,17.3,69,16.1,IMD-synthetic
D-WB-01,Siliguri,WB,2026-09-07,13.6,31.2,23.1,73,14.2,IMD-synthetic
D-WB-01,Siliguri,WB,2026-09-08,2.6,30.3,21.9,54,23.1,IMD-synthetic
D-WB-01,Siliguri,WB,2026-09-09,35.2,30.6,23.9,90,20.7,IMD-synthetic
D-WB-01,Siliguri,WB,2026-09-10,31.8,27.5,18.9,75,21.1,IMD-synthetic
D-WB-01,Siliguri,WB,2026-09-11,19.9,31.9,25.9,73,10.8,IMD-synthetic
D-WB-01,Siliguri,WB,2026-09-12,23.3,29.4,21.9,70,20.0,IMD-synthetic
D-WB-01,Siliguri,WB,2026-09-13,4.1,31.0,21.8,58,9.3,IMD-synthetic
D-WB-01,Siliguri,WB,2026-09-14,50.7,26.2,19.0,93,5.6,IMD-synthetic
D-WB-01,Siliguri,WB,2026-09-15,29.9,32.3,27.0,78,25.3,IMD-synthetic
D-WB-01,Siliguri,WB,2026-09-16,16.7,31.2,23.2,65,11.9,IMD-synthetic
